time_us,x_g,y_g,z_g,time_ms,cue_time_us,x_delta_g,y_delta_g,z_delta_g,dynamic_magnitude_g,label,requested_pace,requested_force,session_id,operator_accepted
21029,0.0156,0.0273,0.9048,21.029,500000,0.0,0.0,-0.0038999999999999035,0.0038999999999999035,tap3,slow,normal,20260810_135255,False
21473,0.0156,0.0273,0.9048,21.473,500000,0.0,0.0,-0.0038999999999999035,0.0038999999999999035,tap3,slow,normal,20260810_135255,False
21879,0.0156,0.0273,0.9048,21.879,500000,0.0,0.0,-0.0038999999999999035,0.0038999999999999035,tap3,slow,normal,20260810_135255,False
22279,0.0156,0.0273,0.9048,22.279,500000,0.0,0.0,-0.0038999999999999035,0.0038999999999999035,tap3,slow,normal,20260810_135255,False
22687,0.0195,0.0273,0.9126,22.687,500000,0.0039000000000000007,0.0,0.0039000000000000146,0.005515432893255082,tap3,slow,normal,20260810_135255,False
23085,0.0195,0.0273,0.9126,23.085,500000,0.0039000000000000007,0.0,0.0039000000000000146,0.005515432893255082,tap3,slow,normal,20260810_135255,False
23484,0.0195,0.0273,0.9126,23.484,500000,0.0039000000000000007,0.0,0.0039000000000000146,0.005515432893255082,tap3,slow,normal,20260810_135255,False
23992,0.0195,0.0273,0.9126,23.992,500000,0.0039000000000000007,0.0,0.0039000000000000146,0.005515432893255082,tap3,slow,normal,20260810_135255,False
24395,0.0195,0.0273,0.9126,24.395,500000,0.0039000000000000007,0.0,0.0039000000000000146,0.005515432893255082,tap3,slow,normal,20260810_135255,False
24871,0.0195,0.0273,0.9126,24.871,500000,0.0039000000000000007,0.0,0.0039000000000000146,0.005515432893255082,tap3,slow,normal,20260810_135255,False
25275,0.0156,0.039,0.9243,25.275,500000,0.0,0.011699999999999999,0.015600000000000058,0.019500000000000045,tap3,slow,normal,20260810_135255,False
27511,0.0156,0.039,0.9243,27.511,500000,0.0,0.011699999999999999,0.015600000000000058,0.019500000000000045,tap3,slow,normal,20260810_135255,False
30002,0.0195,0.0234,0.9126,30.002,500000,0.0039000000000000007,-0.0039000000000000007,0.0039000000000000146,0.006754998149518631,tap3,slow,normal,20260810_135255,False
32521,0.0117,0.0234,0.9087,32.521,500000,-0.003899999999999999,-0.0039000000000000007,0.0,0.00551543289325507,tap3,slow,normal,20260810_135255,False
35016,0.0156,0.0351,0.9048,35.016,500000,0.0,0.007799999999999998,-0.0038999999999999035,0.008720665112249134,tap3,slow,normal,20260810_135255,False
37515,0.0117,0.0234,0.9087,37.515,500000,-0.003899999999999999,-0.0039000000000000007,0.0,0.00551543289325507,tap3,slow,normal,20260810_135255,False
40017,0.0078,0.0234,0.9126,40.017,500000,-0.0078,-0.0039000000000000007,0.0039000000000000146,0.0095530099968544,tap3,slow,normal,20260810_135255,False
42503,0.0,0.039,0.9165,42.503,500000,-0.0156,0.011699999999999999,0.007800000000000029,0.021002142747824575,tap3,slow,normal,20260810_135255,False
45027,0.0156,0.0351,0.9243,45.027,500000,0.0,0.007799999999999998,0.015600000000000058,0.01744133022449841,tap3,slow,normal,20260810_135255,False
47522,0.0156,0.0351,0.9126,47.522,500000,0.0,0.007799999999999998,0.0039000000000000146,0.008720665112249185,tap3,slow,normal,20260810_135255,False
50016,0.0273,0.0234,0.9126,50.016,500000,0.011700000000000002,-0.0039000000000000007,0.0039000000000000146,0.012934836682386066,tap3,slow,normal,20260810_135255,False
52526,0.0234,0.0234,0.8931,52.526,500000,0.007800000000000001,-0.0039000000000000007,-0.015599999999999947,0.01787204521032773,tap3,slow,normal,20260810_135255,False
55009,0.0351,0.0273,0.8619,55.009,500000,0.0195,0.0,-0.04679999999999995,0.05069999999999995,tap3,slow,normal,20260810_135255,False
57502,0.0156,0.0195,0.8697,57.502,500000,0.0,-0.007800000000000001,-0.038999999999999924,0.039772352206023646,tap3,slow,normal,20260810_135255,False
60025,0.0039,0.0273,0.975,60.025,500000,-0.011699999999999999,0.0,0.06630000000000003,0.06732443835636509,tap3,slow,normal,20260810_135255,False
62502,0.039,0.0507,0.9009,62.502,500000,0.0234,0.0234,-0.007799999999999918,0.03399941175961723,tap3,slow,normal,20260810_135255,False
65006,0.0312,0.0273,0.8853,65.006,500000,0.0156,0.0,-0.023399999999999976,0.028123299948619097,tap3,slow,normal,20260810_135255,False
67525,0.0,0.0156,0.9672,67.525,500000,-0.0156,-0.011700000000000002,0.058499999999999996,0.06166441437328339,tap3,slow,normal,20260810_135255,False
70002,0.0273,0.0468,0.9243,70.002,500000,0.011700000000000002,0.0195,0.015600000000000058,0.027577164466275388,tap3,slow,normal,20260810_135255,False
72513,0.0234,0.0312,0.9282,72.513,500000,0.007800000000000001,0.0038999999999999972,0.019500000000000073,0.021361179742701544,tap3,slow,normal,20260810_135255,False
75023,0.0195,0.0195,0.9321,75.023,500000,0.0039000000000000007,-0.007800000000000001,0.023400000000000087,0.024972184525988192,tap3,slow,normal,20260810_135255,False
77513,0.0156,0.0156,0.9204,77.513,500000,0.0,-0.011700000000000002,0.011700000000000044,0.016546298679765245,tap3,slow,normal,20260810_135255,False
80008,0.0156,0.039,0.9282,80.008,500000,0.0,0.011699999999999999,0.019500000000000073,0.022740712389896733,tap3,slow,normal,20260810_135255,False
82525,0.0117,0.0234,0.9009,82.525,500000,-0.003899999999999999,-0.0039000000000000007,-0.007799999999999918,0.009553009996854328,tap3,slow,normal,20260810_135255,False
85000,0.0117,0.0234,0.9048,85.0,500000,-0.003899999999999999,-0.0039000000000000007,-0.0038999999999999035,0.006754998149518566,tap3,slow,normal,20260810_135255,False
87519,0.0195,0.0312,0.9087,87.519,500000,0.0039000000000000007,0.0038999999999999972,0.0,0.0055154328932550695,tap3,slow,normal,20260810_135255,False
90009,0.0117,0.0273,0.9126,90.009,500000,-0.003899999999999999,0.0,0.0039000000000000146,0.00551543289325508,tap3,slow,normal,20260810_135255,False
92526,0.0078,0.0156,0.8892,92.526,500000,-0.0078,-0.011700000000000002,-0.019499999999999962,0.024041214611578977,tap3,slow,normal,20260810_135255,False
95512,0.0039,0.0234,0.9009,95.512,500000,-0.011699999999999999,-0.0039000000000000007,-0.007799999999999918,0.014592463808418327,tap3,slow,normal,20260810_135255,False
97520,0.0156,0.0351,0.9048,97.52,500000,0.0,0.007799999999999998,-0.0038999999999999035,0.008720665112249134,tap3,slow,normal,20260810_135255,False
100016,0.0078,0.0312,0.9087,100.016,500000,-0.0078,0.0038999999999999972,0.0,0.00872066511224918,tap3,slow,normal,20260810_135255,False
102523,0.0078,0.0195,0.9048,102.523,500000,-0.0078,-0.007800000000000001,-0.0038999999999999035,0.011699999999999969,tap3,slow,normal,20260810_135255,False
105006,0.0078,0.0312,0.9087,105.006,500000,-0.0078,0.0038999999999999972,0.0,0.00872066511224918,tap3,slow,normal,20260810_135255,False
107503,0.0039,0.0273,0.9009,107.503,500000,-0.011699999999999999,0.0,-0.007799999999999918,0.014061649974309512,tap3,slow,normal,20260810_135255,False
110010,0.0078,0.0351,0.9009,110.01,500000,-0.0078,0.007799999999999998,-0.007799999999999918,0.013509996299037194,tap3,slow,normal,20260810_135255,False
112506,0.0078,0.0312,0.9048,112.506,500000,-0.0078,0.0038999999999999972,-0.0038999999999999035,0.009553009996854354,tap3,slow,normal,20260810_135255,False
115007,0.0156,0.0351,0.9048,115.007,500000,0.0,0.007799999999999998,-0.0038999999999999035,0.008720665112249134,tap3,slow,normal,20260810_135255,False
117510,0.0195,0.039,0.9165,117.51,500000,0.0039000000000000007,0.011699999999999999,0.007800000000000029,0.014592463808418386,tap3,slow,normal,20260810_135255,False
120003,0.0117,0.0312,0.9126,120.003,500000,-0.003899999999999999,0.0038999999999999972,0.0039000000000000146,0.006754998149518627,tap3,slow,normal,20260810_135255,False
122517,0.0195,0.0234,0.9126,122.517,500000,0.0039000000000000007,-0.0039000000000000007,0.0039000000000000146,0.006754998149518631,tap3,slow,normal,20260810_135255,False
125018,0.0195,0.0351,0.9048,125.018,500000,0.0039000000000000007,0.007799999999999998,-0.0038999999999999035,0.009553009996854354,tap3,slow,normal,20260810_135255,False
127520,0.0234,0.0273,0.9243,127.52,500000,0.007800000000000001,0.0,0.015600000000000058,0.017441330224498414,tap3,slow,normal,20260810_135255,False
130020,0.0156,0.0273,0.9165,130.02,500000,0.0,0.0,0.007800000000000029,0.007800000000000029,tap3,slow,normal,20260810_135255,False
132527,0.0156,0.0273,0.9165,132.527,500000,0.0,0.0,0.007800000000000029,0.007800000000000029,tap3,slow,normal,20260810_135255,False
135021,0.0156,0.0273,0.9048,135.021,500000,0.0,0.0,-0.0038999999999999035,0.0038999999999999035,tap3,slow,normal,20260810_135255,False
137504,0.0195,0.0273,0.9087,137.504,500000,0.0039000000000000007,0.0,0.0,0.0039000000000000007,tap3,slow,normal,20260810_135255,False
140029,0.0234,0.0234,0.9126,140.029,500000,0.007800000000000001,-0.0039000000000000007,0.0039000000000000146,0.009553009996854402,tap3,slow,normal,20260810_135255,False
142508,0.0195,0.0273,0.9087,142.508,500000,0.0039000000000000007,0.0,0.0,0.0039000000000000007,tap3,slow,normal,20260810_135255,False
145000,0.0156,0.0273,0.9048,145.0,500000,0.0,0.0,-0.0038999999999999035,0.0038999999999999035,tap3,slow,normal,20260810_135255,False
147514,0.0117,0.0195,0.9009,147.514,500000,-0.003899999999999999,-0.007800000000000001,-0.007799999999999918,0.011699999999999945,tap3,slow,normal,20260810_135255,False
150010,0.0078,0.0351,0.9009,150.01,500000,-0.0078,0.007799999999999998,-0.007799999999999918,0.013509996299037194,tap3,slow,normal,20260810_135255,False
152504,0.0117,0.0273,0.9165,152.504,500000,-0.003899999999999999,0.0,0.007800000000000029,0.008720665112249205,tap3,slow,normal,20260810_135255,False
155014,0.0195,0.0234,0.9087,155.014,500000,0.0039000000000000007,-0.0039000000000000007,0.0,0.005515432893255071,tap3,slow,normal,20260810_135255,False
157523,0.0234,0.0312,0.9165,157.523,500000,0.007800000000000001,0.0038999999999999972,0.007800000000000029,0.01170000000000002,tap3,slow,normal,20260810_135255,False
160021,0.0156,0.0312,0.9087,160.021,500000,0.0,0.0038999999999999972,0.0,0.0038999999999999972,tap3,slow,normal,20260810_135255,False
162507,0.0117,0.0273,0.9126,162.507,500000,-0.003899999999999999,0.0,0.0039000000000000146,0.00551543289325508,tap3,slow,normal,20260810_135255,False
165015,0.0156,0.0273,0.9048,165.015,500000,0.0,0.0,-0.0038999999999999035,0.0038999999999999035,tap3,slow,normal,20260810_135255,False
167510,0.0156,0.0273,0.9087,167.51,500000,0.0,0.0,0.0,0.0,tap3,slow,normal,20260810_135255,False
170022,0.0117,0.0273,0.9048,170.022,500000,-0.003899999999999999,0.0,-0.0038999999999999035,0.005515432893255002,tap3,slow,normal,20260810_135255,False
172502,0.0156,0.0273,0.9126,172.502,500000,0.0,0.0,0.0039000000000000146,0.0039000000000000146,tap3,slow,normal,20260810_135255,False
175012,0.0156,0.0234,0.9048,175.012,500000,0.0,-0.0039000000000000007,-0.0038999999999999035,0.005515432893255003,tap3,slow,normal,20260810_135255,False
177514,0.0156,0.0273,0.9126,177.514,500000,0.0,0.0,0.0039000000000000146,0.0039000000000000146,tap3,slow,normal,20260810_135255,False
180009,0.0156,0.0273,0.9087,180.009,500000,0.0,0.0,0.0,0.0,tap3,slow,normal,20260810_135255,False
182522,0.0117,0.0195,0.9165,182.522,500000,-0.003899999999999999,-0.007800000000000001,0.007800000000000029,0.01170000000000002,tap3,slow,normal,20260810_135255,False
185012,0.0195,0.0234,0.9126,185.012,500000,0.0039000000000000007,-0.0039000000000000007,0.0039000000000000146,0.006754998149518631,tap3,slow,normal,20260810_135255,False
187507,0.0117,0.0234,0.9165,187.507,500000,-0.003899999999999999,-0.0039000000000000007,0.007800000000000029,0.009553009996854418,tap3,slow,normal,20260810_135255,False
190025,0.0234,0.0273,0.9165,190.025,500000,0.007800000000000001,0.0,0.007800000000000029,0.011030865786510163,tap3,slow,normal,20260810_135255,False
192513,0.0117,0.0273,0.9165,192.513,500000,-0.003899999999999999,0.0,0.007800000000000029,0.008720665112249205,tap3,slow,normal,20260810_135255,False
195028,0.0078,0.0351,0.9165,195.028,500000,-0.0078,0.007799999999999998,0.007800000000000029,0.013509996299037258,tap3,slow,normal,20260810_135255,False
197519,0.0117,0.0273,0.9126,197.519,500000,-0.003899999999999999,0.0,0.0039000000000000146,0.00551543289325508,tap3,slow,normal,20260810_135255,False
200008,0.0195,0.0273,0.9126,200.008,500000,0.0039000000000000007,0.0,0.0039000000000000146,0.005515432893255082,tap3,slow,normal,20260810_135255,False
202525,0.0156,0.0273,0.9087,202.525,500000,0.0,0.0,0.0,0.0,tap3,slow,normal,20260810_135255,False
205012,0.0156,0.0273,0.9165,205.012,500000,0.0,0.0,0.007800000000000029,0.007800000000000029,tap3,slow,normal,20260810_135255,False
207525,0.0195,0.0273,0.9087,207.525,500000,0.0039000000000000007,0.0,0.0,0.0039000000000000007,tap3,slow,normal,20260810_135255,False
210019,0.0078,0.0351,0.9048,210.019,500000,-0.0078,0.007799999999999998,-0.0038999999999999035,0.011699999999999966,tap3,slow,normal,20260810_135255,False
212502,0.0156,0.0273,0.9009,212.502,500000,0.0,0.0,-0.007799999999999918,0.007799999999999918,tap3,slow,normal,20260810_135255,False
215022,0.0117,0.0312,0.9009,215.022,500000,-0.003899999999999999,0.0038999999999999972,-0.007799999999999918,0.009553009996854326,tap3,slow,normal,20260810_135255,False
217501,0.0078,0.0312,0.9126,217.501,500000,-0.0078,0.0038999999999999972,0.0039000000000000146,0.0095530099968544,tap3,slow,normal,20260810_135255,False
220027,0.0117,0.0351,0.9009,220.027,500000,-0.003899999999999999,0.007799999999999998,-0.007799999999999918,0.011699999999999943,tap3,slow,normal,20260810_135255,False
222519,0.0117,0.0312,0.9048,222.519,500000,-0.003899999999999999,0.0038999999999999972,-0.0038999999999999035,0.006754998149518563,tap3,slow,normal,20260810_135255,False
225000,0.0234,0.0234,0.9087,225.0,500000,0.007800000000000001,-0.0039000000000000007,0.0,0.008720665112249181,tap3,slow,normal,20260810_135255,False
227501,0.0156,0.0273,0.9048,227.501,500000,0.0,0.0,-0.0038999999999999035,0.0038999999999999035,tap3,slow,normal,20260810_135255,False
230012,0.0156,0.0195,0.9087,230.012,500000,0.0,-0.007800000000000001,0.0,0.007800000000000001,tap3,slow,normal,20260810_135255,False
232520,0.0156,0.0312,0.9126,232.52,500000,0.0,0.0038999999999999972,0.0039000000000000146,0.005515432893255079,tap3,slow,normal,20260810_135255,False
235016,0.0117,0.0234,0.9087,235.016,500000,-0.003899999999999999,-0.0039000000000000007,0.0,0.00551543289325507,tap3,slow,normal,20260810_135255,False
237526,0.0117,0.0351,0.9126,237.526,500000,-0.003899999999999999,0.007799999999999998,0.0039000000000000146,0.009553009996854399,tap3,slow,normal,20260810_135255,False
240002,0.0117,0.0351,0.9126,240.002,500000,-0.003899999999999999,0.007799999999999998,0.0039000000000000146,0.009553009996854399,tap3,slow,normal,20260810_135255,False
242505,0.0156,0.0312,0.9126,242.505,500000,0.0,0.0038999999999999972,0.0039000000000000146,0.005515432893255079,tap3,slow,normal,20260810_135255,False
245028,0.0156,0.0273,0.9087,245.028,500000,0.0,0.0,0.0,0.0,tap3,slow,normal,20260810_135255,False
247525,0.0078,0.0273,0.9087,247.525,500000,-0.0078,0.0,0.0,0.0078,tap3,slow,normal,20260810_135255,False
250011,0.0156,0.0234,0.9087,250.011,500000,0.0,-0.0039000000000000007,0.0,0.0039000000000000007,tap3,slow,normal,20260810_135255,False
252519,0.0234,0.0234,0.9126,252.519,500000,0.007800000000000001,-0.0039000000000000007,0.0039000000000000146,0.009553009996854402,tap3,slow,normal,20260810_135255,False
255000,0.0156,0.039,0.9204,255.0,500000,0.0,0.011699999999999999,0.011700000000000044,0.01654629867976524,tap3,slow,normal,20260810_135255,False
257523,0.0234,0.0351,0.9126,257.523,500000,0.007800000000000001,0.007799999999999998,0.0039000000000000146,0.011700000000000004,tap3,slow,normal,20260810_135255,False
260017,0.0078,0.0351,0.9126,260.017,500000,-0.0078,0.007799999999999998,0.0039000000000000146,0.011700000000000004,tap3,slow,normal,20260810_135255,False
262505,0.0156,0.0234,0.9165,262.505,500000,0.0,-0.0039000000000000007,0.007800000000000029,0.008720665112249207,tap3,slow,normal,20260810_135255,False
265011,0.0156,0.0234,0.9048,265.011,500000,0.0,-0.0039000000000000007,-0.0038999999999999035,0.005515432893255003,tap3,slow,normal,20260810_135255,False
267530,0.0117,0.0312,0.9087,267.53,500000,-0.003899999999999999,0.0038999999999999972,0.0,0.005515432893255068,tap3,slow,normal,20260810_135255,False
270018,0.0195,0.0273,0.9009,270.018,500000,0.0039000000000000007,0.0,-0.007799999999999918,0.008720665112249107,tap3,slow,normal,20260810_135255,False
272506,0.0117,0.0312,0.9126,272.506,500000,-0.003899999999999999,0.0038999999999999972,0.0039000000000000146,0.006754998149518627,tap3,slow,normal,20260810_135255,False
275019,0.0156,0.0273,0.897,275.019,500000,0.0,0.0,-0.011699999999999933,0.011699999999999933,tap3,slow,normal,20260810_135255,False
277525,0.0195,0.0273,0.9048,277.525,500000,0.0039000000000000007,0.0,-0.0038999999999999035,0.005515432893255003,tap3,slow,normal,20260810_135255,False
280008,0.0273,0.0312,0.9087,280.008,500000,0.011700000000000002,0.0038999999999999972,0.0,0.01233288287465668,tap3,slow,normal,20260810_135255,False
282511,0.0117,0.0273,0.9126,282.511,500000,-0.003899999999999999,0.0,0.0039000000000000146,0.00551543289325508,tap3,slow,normal,20260810_135255,False
285025,0.0195,0.0234,0.9165,285.025,500000,0.0039000000000000007,-0.0039000000000000007,0.007800000000000029,0.00955300999685442,tap3,slow,normal,20260810_135255,False
287512,0.0117,0.0312,0.9204,287.512,500000,-0.003899999999999999,0.0038999999999999972,0.011700000000000044,0.012934836682386097,tap3,slow,normal,20260810_135255,False
290014,0.0156,0.0351,0.9087,290.014,500000,0.0,0.007799999999999998,0.0,0.007799999999999998,tap3,slow,normal,20260810_135255,False
292529,0.0117,0.0273,0.9126,292.529,500000,-0.003899999999999999,0.0,0.0039000000000000146,0.00551543289325508,tap3,slow,normal,20260810_135255,False
295024,0.0156,0.0273,0.9165,295.024,500000,0.0,0.0,0.007800000000000029,0.007800000000000029,tap3,slow,normal,20260810_135255,False
297519,0.0195,0.0234,0.9165,297.519,500000,0.0039000000000000007,-0.0039000000000000007,0.007800000000000029,0.00955300999685442,tap3,slow,normal,20260810_135255,False
300021,0.0078,0.0351,0.9126,300.021,500000,-0.0078,0.007799999999999998,0.0039000000000000146,0.011700000000000004,tap3,slow,normal,20260810_135255,False
302522,0.0234,0.0312,0.9048,302.522,500000,0.007800000000000001,0.0038999999999999972,-0.0038999999999999035,0.009553009996854355,tap3,slow,normal,20260810_135255,False
305011,0.0156,0.0351,0.9048,305.011,500000,0.0,0.007799999999999998,-0.0038999999999999035,0.008720665112249134,tap3,slow,normal,20260810_135255,False
307522,0.0117,0.0273,0.9009,307.522,500000,-0.003899999999999999,0.0,-0.007799999999999918,0.008720665112249105,tap3,slow,normal,20260810_135255,False
310015,0.0195,0.0195,0.9165,310.015,500000,0.0039000000000000007,-0.007800000000000001,0.007800000000000029,0.011700000000000021,tap3,slow,normal,20260810_135255,False
312501,0.0195,0.0273,0.897,312.501,500000,0.0039000000000000007,0.0,-0.011699999999999933,0.012332882874656616,tap3,slow,normal,20260810_135255,False
315008,0.0117,0.0234,0.9048,315.008,500000,-0.003899999999999999,-0.0039000000000000007,-0.0038999999999999035,0.006754998149518566,tap3,slow,normal,20260810_135255,False
317504,0.0117,0.0273,0.9048,317.504,500000,-0.003899999999999999,0.0,-0.0038999999999999035,0.005515432893255002,tap3,slow,normal,20260810_135255,False
320018,0.0156,0.0273,0.9087,320.018,500000,0.0,0.0,0.0,0.0,tap3,slow,normal,20260810_135255,False
322502,0.0156,0.0312,0.9048,322.502,500000,0.0,0.0038999999999999972,-0.0038999999999999035,0.005515432893255,tap3,slow,normal,20260810_135255,False
325004,0.0195,0.0273,0.9204,325.004,500000,0.0039000000000000007,0.0,0.011700000000000044,0.012332882874656722,tap3,slow,normal,20260810_135255,False
327506,0.0195,0.0273,0.9048,327.506,500000,0.0039000000000000007,0.0,-0.0038999999999999035,0.005515432893255003,tap3,slow,normal,20260810_135255,False
330027,0.0117,0.0273,0.9165,330.027,500000,-0.003899999999999999,0.0,0.007800000000000029,0.008720665112249205,tap3,slow,normal,20260810_135255,False
332508,0.0156,0.0234,0.9126,332.508,500000,0.0,-0.0039000000000000007,0.0039000000000000146,0.005515432893255082,tap3,slow,normal,20260810_135255,False
335025,0.0117,0.0234,0.9126,335.025,500000,-0.003899999999999999,-0.0039000000000000007,0.0039000000000000146,0.00675499814951863,tap3,slow,normal,20260810_135255,False
337511,0.0156,0.0273,0.9087,337.511,500000,0.0,0.0,0.0,0.0,tap3,slow,normal,20260810_135255,False
340014,0.0195,0.0234,0.9243,340.014,500000,0.0039000000000000007,-0.0039000000000000007,0.015600000000000058,0.01654629867976527,tap3,slow,normal,20260810_135255,False
342516,0.0156,0.0273,0.9048,342.516,500000,0.0,0.0,-0.0038999999999999035,0.0038999999999999035,tap3,slow,normal,20260810_135255,False
345007,0.0117,0.0234,0.9126,345.007,500000,-0.003899999999999999,-0.0039000000000000007,0.0039000000000000146,0.00675499814951863,tap3,slow,normal,20260810_135255,False
347501,0.0117,0.0234,0.9126,347.501,500000,-0.003899999999999999,-0.0039000000000000007,0.0039000000000000146,0.00675499814951863,tap3,slow,normal,20260810_135255,False
350020,0.0156,0.0234,0.9048,350.02,500000,0.0,-0.0039000000000000007,-0.0038999999999999035,0.005515432893255003,tap3,slow,normal,20260810_135255,False
352525,0.0156,0.0195,0.9126,352.525,500000,0.0,-0.007800000000000001,0.0039000000000000146,0.008720665112249188,tap3,slow,normal,20260810_135255,False
355020,0.0156,0.0273,0.9165,355.02,500000,0.0,0.0,0.007800000000000029,0.007800000000000029,tap3,slow,normal,20260810_135255,False
357513,0.0195,0.0195,0.9048,357.513,500000,0.0039000000000000007,-0.007800000000000001,-0.0038999999999999035,0.009553009996854357,tap3,slow,normal,20260810_135255,False
360009,0.0117,0.0312,0.9087,360.009,500000,-0.003899999999999999,0.0038999999999999972,0.0,0.005515432893255068,tap3,slow,normal,20260810_135255,False
362529,0.0117,0.0156,0.9126,362.529,500000,-0.003899999999999999,-0.011700000000000002,0.0039000000000000146,0.012934836682386066,tap3,slow,normal,20260810_135255,False
365013,0.0078,0.0195,0.9009,365.013,500000,-0.0078,-0.007800000000000001,-0.007799999999999918,0.013509996299037196,tap3,slow,normal,20260810_135255,False
367508,0.0195,0.0234,0.9165,367.508,500000,0.0039000000000000007,-0.0039000000000000007,0.007800000000000029,0.00955300999685442,tap3,slow,normal,20260810_135255,False
370027,0.0078,0.039,0.9048,370.027,500000,-0.0078,0.011699999999999999,-0.0038999999999999035,0.014592463808418344,tap3,slow,normal,20260810_135255,False
372507,0.0195,0.0273,0.9165,372.507,500000,0.0039000000000000007,0.0,0.007800000000000029,0.008720665112249207,tap3,slow,normal,20260810_135255,False
375028,0.0156,0.0312,0.9087,375.028,500000,0.0,0.0038999999999999972,0.0,0.0038999999999999972,tap3,slow,normal,20260810_135255,False
377525,0.0234,0.0351,0.9048,377.525,500000,0.007800000000000001,0.007799999999999998,-0.0038999999999999035,0.011699999999999967,tap3,slow,normal,20260810_135255,False
380021,0.0156,0.0312,0.9126,380.021,500000,0.0,0.0038999999999999972,0.0039000000000000146,0.005515432893255079,tap3,slow,normal,20260810_135255,False
382508,0.0156,0.0273,0.9165,382.508,500000,0.0,0.0,0.007800000000000029,0.007800000000000029,tap3,slow,normal,20260810_135255,False
385023,0.0156,0.0312,0.9126,385.023,500000,0.0,0.0038999999999999972,0.0039000000000000146,0.005515432893255079,tap3,slow,normal,20260810_135255,False
387500,0.0195,0.0234,0.9087,387.5,500000,0.0039000000000000007,-0.0039000000000000007,0.0,0.005515432893255071,tap3,slow,normal,20260810_135255,False
390014,0.0117,0.039,0.9009,390.014,500000,-0.003899999999999999,0.011699999999999999,-0.007799999999999918,0.014592463808418325,tap3,slow,normal,20260810_135255,False
392502,0.0078,0.0312,0.9087,392.502,500000,-0.0078,0.0038999999999999972,0.0,0.00872066511224918,tap3,slow,normal,20260810_135255,False
395008,0.0234,0.0234,0.9126,395.008,500000,0.007800000000000001,-0.0039000000000000007,0.0039000000000000146,0.009553009996854402,tap3,slow,normal,20260810_135255,False
397502,0.0195,0.0273,0.9048,397.502,500000,0.0039000000000000007,0.0,-0.0038999999999999035,0.005515432893255003,tap3,slow,normal,20260810_135255,False
400021,0.0156,0.0273,0.9048,400.021,500000,0.0,0.0,-0.0038999999999999035,0.0038999999999999035,tap3,slow,normal,20260810_135255,False
402508,0.0117,0.0273,0.9204,402.508,500000,-0.003899999999999999,0.0,0.011700000000000044,0.01233288287465672,tap3,slow,normal,20260810_135255,False
405021,0.0117,0.0273,0.9165,405.021,500000,-0.003899999999999999,0.0,0.007800000000000029,0.008720665112249205,tap3,slow,normal,20260810_135255,False
407514,0.0117,0.0273,0.9087,407.514,500000,-0.003899999999999999,0.0,0.0,0.003899999999999999,tap3,slow,normal,20260810_135255,False
410008,0.0117,0.0234,0.9204,410.008,500000,-0.003899999999999999,-0.0039000000000000007,0.011700000000000044,0.012934836682386099,tap3,slow,normal,20260810_135255,False
412520,0.0156,0.0273,0.9165,412.52,500000,0.0,0.0,0.007800000000000029,0.007800000000000029,tap3,slow,normal,20260810_135255,False
415024,0.0156,0.0234,0.9165,415.024,500000,0.0,-0.0039000000000000007,0.007800000000000029,0.008720665112249207,tap3,slow,normal,20260810_135255,False
417525,0.0117,0.0312,0.9048,417.525,500000,-0.003899999999999999,0.0038999999999999972,-0.0038999999999999035,0.006754998149518563,tap3,slow,normal,20260810_135255,False
420026,0.0117,0.0234,0.9204,420.026,500000,-0.003899999999999999,-0.0039000000000000007,0.011700000000000044,0.012934836682386099,tap3,slow,normal,20260810_135255,False
422511,0.0117,0.0273,0.9048,422.511,500000,-0.003899999999999999,0.0,-0.0038999999999999035,0.005515432893255002,tap3,slow,normal,20260810_135255,False
425012,0.0156,0.0234,0.9204,425.012,500000,0.0,-0.0039000000000000007,0.011700000000000044,0.012332882874656722,tap3,slow,normal,20260810_135255,False
427507,0.0117,0.0273,0.9009,427.507,500000,-0.003899999999999999,0.0,-0.007799999999999918,0.008720665112249105,tap3,slow,normal,20260810_135255,False
430026,0.0117,0.0312,0.9048,430.026,500000,-0.003899999999999999,0.0038999999999999972,-0.0038999999999999035,0.006754998149518563,tap3,slow,normal,20260810_135255,False
432502,0.0117,0.0234,0.9087,432.502,500000,-0.003899999999999999,-0.0039000000000000007,0.0,0.00551543289325507,tap3,slow,normal,20260810_135255,False
435022,0.0117,0.0195,0.9087,435.022,500000,-0.003899999999999999,-0.007800000000000001,0.0,0.00872066511224918,tap3,slow,normal,20260810_135255,False
437530,0.0156,0.0312,0.9126,437.53,500000,0.0,0.0038999999999999972,0.0039000000000000146,0.005515432893255079,tap3,slow,normal,20260810_135255,False
440013,0.0156,0.0234,0.9126,440.013,500000,0.0,-0.0039000000000000007,0.0039000000000000146,0.005515432893255082,tap3,slow,normal,20260810_135255,False
442514,0.0195,0.0234,0.9243,442.514,500000,0.0039000000000000007,-0.0039000000000000007,0.015600000000000058,0.01654629867976527,tap3,slow,normal,20260810_135255,False
445012,0.0117,0.0312,0.9048,445.012,500000,-0.003899999999999999,0.0038999999999999972,-0.0038999999999999035,0.006754998149518563,tap3,slow,normal,20260810_135255,False
447513,0.0156,0.0273,0.9165,447.513,500000,0.0,0.0,0.007800000000000029,0.007800000000000029,tap3,slow,normal,20260810_135255,False
450001,0.0156,0.0234,0.9165,450.001,500000,0.0,-0.0039000000000000007,0.007800000000000029,0.008720665112249207,tap3,slow,normal,20260810_135255,False
452511,0.0156,0.0273,0.9126,452.511,500000,0.0,0.0,0.0039000000000000146,0.0039000000000000146,tap3,slow,normal,20260810_135255,False
455023,0.0078,0.0273,0.9048,455.023,500000,-0.0078,0.0,-0.0038999999999999035,0.008720665112249136,tap3,slow,normal,20260810_135255,False
457518,0.0078,0.0273,0.9048,457.518,500000,-0.0078,0.0,-0.0038999999999999035,0.008720665112249136,tap3,slow,normal,20260810_135255,False
460013,0.0078,0.0273,0.9087,460.013,500000,-0.0078,0.0,0.0,0.0078,tap3,slow,normal,20260810_135255,False
462500,0.0117,0.0312,0.9048,462.5,500000,-0.003899999999999999,0.0038999999999999972,-0.0038999999999999035,0.006754998149518563,tap3,slow,normal,20260810_135255,False
465003,0.0117,0.0351,0.9009,465.003,500000,-0.003899999999999999,0.007799999999999998,-0.007799999999999918,0.011699999999999943,tap3,slow,normal,20260810_135255,False
467529,0.0156,0.0273,0.9165,467.529,500000,0.0,0.0,0.007800000000000029,0.007800000000000029,tap3,slow,normal,20260810_135255,False
470024,0.0117,0.0312,0.9048,470.024,500000,-0.003899999999999999,0.0038999999999999972,-0.0038999999999999035,0.006754998149518563,tap3,slow,normal,20260810_135255,False
472507,0.0234,0.0234,0.9126,472.507,500000,0.007800000000000001,-0.0039000000000000007,0.0039000000000000146,0.009553009996854402,tap3,slow,normal,20260810_135255,False
475027,0.0156,0.0195,0.9009,475.027,500000,0.0,-0.007800000000000001,-0.007799999999999918,0.011030865786510084,tap3,slow,normal,20260810_135255,False
477524,0.0273,0.0312,0.9009,477.524,500000,0.011700000000000002,0.0038999999999999972,-0.007799999999999918,0.014592463808418329,tap3,slow,normal,20260810_135255,False
480010,0.0156,0.0312,0.9165,480.01,500000,0.0,0.0038999999999999972,0.007800000000000029,0.008720665112249205,tap3,slow,normal,20260810_135255,False
482529,0.0117,0.0312,0.9048,482.529,500000,-0.003899999999999999,0.0038999999999999972,-0.0038999999999999035,0.006754998149518563,tap3,slow,normal,20260810_135255,False
485015,0.0117,0.0273,0.9126,485.015,500000,-0.003899999999999999,0.0,0.0039000000000000146,0.00551543289325508,tap3,slow,normal,20260810_135255,False
487500,0.0078,0.0312,0.9048,487.5,500000,-0.0078,0.0038999999999999972,-0.0038999999999999035,0.009553009996854354,tap3,slow,normal,20260810_135255,False
490015,0.0117,0.0273,0.9087,490.015,500000,-0.003899999999999999,0.0,0.0,0.003899999999999999,tap3,slow,normal,20260810_135255,False
492528,0.0195,0.0312,0.9009,492.528,500000,0.0039000000000000007,0.0038999999999999972,-0.007799999999999918,0.009553009996854326,tap3,slow,normal,20260810_135255,False
495021,0.0195,0.0312,0.9126,495.021,500000,0.0039000000000000007,0.0038999999999999972,0.0039000000000000146,0.006754998149518628,tap3,slow,normal,20260810_135255,False
497523,0.0117,0.0234,0.9126,497.523,500000,-0.003899999999999999,-0.0039000000000000007,0.0039000000000000146,0.00675499814951863,tap3,slow,normal,20260810_135255,False
510357,0.0195,0.0195,0.9087,510.357,500000,0.0039000000000000007,-0.007800000000000001,0.0,0.008720665112249181,tap3,slow,normal,20260810_135255,False
512805,0.0195,0.0273,0.9204,512.805,500000,0.0039000000000000007,0.0,0.011700000000000044,0.012332882874656722,tap3,slow,normal,20260810_135255,False
515322,0.0117,0.0234,0.9087,515.322,500000,-0.003899999999999999,-0.0039000000000000007,0.0,0.00551543289325507,tap3,slow,normal,20260810_135255,False
517826,0.0117,0.0234,0.9126,517.826,500000,-0.003899999999999999,-0.0039000000000000007,0.0039000000000000146,0.00675499814951863,tap3,slow,normal,20260810_135255,False
520320,0.0117,0.0273,0.9204,520.32,500000,-0.003899999999999999,0.0,0.011700000000000044,0.01233288287465672,tap3,slow,normal,20260810_135255,False
522814,0.0117,0.0156,0.9087,522.814,500000,-0.003899999999999999,-0.011700000000000002,0.0,0.01233288287465668,tap3,slow,normal,20260810_135255,False
525312,0.0117,0.0234,0.9126,525.312,500000,-0.003899999999999999,-0.0039000000000000007,0.0039000000000000146,0.00675499814951863,tap3,slow,normal,20260810_135255,False
527823,0.0117,0.0273,0.9126,527.823,500000,-0.003899999999999999,0.0,0.0039000000000000146,0.00551543289325508,tap3,slow,normal,20260810_135255,False
530300,0.0156,0.0234,0.9087,530.3,500000,0.0,-0.0039000000000000007,0.0,0.0039000000000000007,tap3,slow,normal,20260810_135255,False
532800,0.0156,0.0273,0.9087,532.8,500000,0.0,0.0,0.0,0.0,tap3,slow,normal,20260810_135255,False
535316,0.0078,0.0234,0.9126,535.316,500000,-0.0078,-0.0039000000000000007,0.0039000000000000146,0.0095530099968544,tap3,slow,normal,20260810_135255,False
537809,0.0156,0.0312,0.9087,537.809,500000,0.0,0.0038999999999999972,0.0,0.0038999999999999972,tap3,slow,normal,20260810_135255,False
540306,0.0156,0.0273,0.9087,540.306,500000,0.0,0.0,0.0,0.0,tap3,slow,normal,20260810_135255,False
542809,0.0156,0.0351,0.9165,542.809,500000,0.0,0.007799999999999998,0.007800000000000029,0.01103086578651016,tap3,slow,normal,20260810_135255,False
545300,0.0117,0.0312,0.9165,545.3,500000,-0.003899999999999999,0.0038999999999999972,0.007800000000000029,0.009553009996854416,tap3,slow,normal,20260810_135255,False
547807,0.0156,0.0312,0.9126,547.807,500000,0.0,0.0038999999999999972,0.0039000000000000146,0.005515432893255079,tap3,slow,normal,20260810_135255,False
550324,0.0156,0.0273,0.9165,550.324,500000,0.0,0.0,0.007800000000000029,0.007800000000000029,tap3,slow,normal,20260810_135255,False
552815,0.0195,0.0234,0.9009,552.815,500000,0.0039000000000000007,-0.0039000000000000007,-0.007799999999999918,0.009553009996854328,tap3,slow,normal,20260810_135255,False
555308,0.0195,0.0351,0.9087,555.308,500000,0.0039000000000000007,0.007799999999999998,0.0,0.00872066511224918,tap3,slow,normal,20260810_135255,False
557806,0.0117,0.0351,0.9126,557.806,500000,-0.003899999999999999,0.007799999999999998,0.0039000000000000146,0.009553009996854399,tap3,slow,normal,20260810_135255,False
560322,0.0234,0.0312,0.9204,560.322,500000,0.007800000000000001,0.0038999999999999972,0.011700000000000044,0.014592463808418407,tap3,slow,normal,20260810_135255,False
562805,0.0195,0.0195,0.9126,562.805,500000,0.0039000000000000007,-0.007800000000000001,0.0039000000000000146,0.009553009996854402,tap3,slow,normal,20260810_135255,False
565315,0.0156,0.0273,0.897,565.315,500000,0.0,0.0,-0.011699999999999933,0.011699999999999933,tap3,slow,normal,20260810_135255,False
567827,0.0117,0.0273,0.9204,567.827,500000,-0.003899999999999999,0.0,0.011700000000000044,0.01233288287465672,tap3,slow,normal,20260810_135255,False
570317,0.0156,0.0351,0.9009,570.317,500000,0.0,0.007799999999999998,-0.007799999999999918,0.011030865786510082,tap3,slow,normal,20260810_135255,False
572826,0.0117,0.0351,0.9126,572.826,500000,-0.003899999999999999,0.007799999999999998,0.0039000000000000146,0.009553009996854399,tap3,slow,normal,20260810_135255,False
575327,0.0117,0.0312,0.9087,575.327,500000,-0.003899999999999999,0.0038999999999999972,0.0,0.005515432893255068,tap3,slow,normal,20260810_135255,False
577803,0.0156,0.0312,0.9048,577.803,500000,0.0,0.0038999999999999972,-0.0038999999999999035,0.005515432893255,tap3,slow,normal,20260810_135255,False
580324,0.0156,0.0312,0.9048,580.324,500000,0.0,0.0038999999999999972,-0.0038999999999999035,0.005515432893255,tap3,slow,normal,20260810_135255,False
582818,0.0195,0.0312,0.9087,582.818,500000,0.0039000000000000007,0.0038999999999999972,0.0,0.0055154328932550695,tap3,slow,normal,20260810_135255,False
585323,0.0195,0.0195,0.9048,585.323,500000,0.0039000000000000007,-0.007800000000000001,-0.0038999999999999035,0.009553009996854357,tap3,slow,normal,20260810_135255,False
587824,0.0156,0.0273,0.9087,587.824,500000,0.0,0.0,0.0,0.0,tap3,slow,normal,20260810_135255,False
590328,0.0273,0.0234,0.9048,590.328,500000,0.011700000000000002,-0.0039000000000000007,-0.0038999999999999035,0.012934836682386033,tap3,slow,normal,20260810_135255,False
592816,0.0156,0.0273,0.9165,592.816,500000,0.0,0.0,0.007800000000000029,0.007800000000000029,tap3,slow,normal,20260810_135255,False
595323,0.0195,0.0234,0.9048,595.323,500000,0.0039000000000000007,-0.0039000000000000007,-0.0038999999999999035,0.006754998149518567,tap3,slow,normal,20260810_135255,False
597821,0.0156,0.0351,0.9087,597.821,500000,0.0,0.007799999999999998,0.0,0.007799999999999998,tap3,slow,normal,20260810_135255,False
600305,0.0195,0.0312,0.9087,600.305,500000,0.0039000000000000007,0.0038999999999999972,0.0,0.0055154328932550695,tap3,slow,normal,20260810_135255,False
602824,0.0234,0.039,0.9087,602.824,500000,0.007800000000000001,0.011699999999999999,0.0,0.014061649974309557,tap3,slow,normal,20260810_135255,False
605328,0.0156,0.0351,0.9009,605.328,500000,0.0,0.007799999999999998,-0.007799999999999918,0.011030865786510082,tap3,slow,normal,20260810_135255,False
607825,0.0117,0.039,0.9048,607.825,500000,-0.003899999999999999,0.011699999999999999,-0.0038999999999999035,0.01293483668238603,tap3,slow,normal,20260810_135255,False
610321,0.0156,0.0273,0.9087,610.321,500000,0.0,0.0,0.0,0.0,tap3,slow,normal,20260810_135255,False
612815,0.0234,0.0195,0.9126,612.815,500000,0.007800000000000001,-0.007800000000000001,0.0039000000000000146,0.011700000000000007,tap3,slow,normal,20260810_135255,False
615325,0.0156,0.0195,0.9087,615.325,500000,0.0,-0.007800000000000001,0.0,0.007800000000000001,tap3,slow,normal,20260810_135255,False
617824,0.0156,0.0312,0.9126,617.824,500000,0.0,0.0038999999999999972,0.0039000000000000146,0.005515432893255079,tap3,slow,normal,20260810_135255,False
620309,0.0195,0.0312,0.9009,620.309,500000,0.0039000000000000007,0.0038999999999999972,-0.007799999999999918,0.009553009996854326,tap3,slow,normal,20260810_135255,False
622800,0.0117,0.0273,0.9126,622.8,500000,-0.003899999999999999,0.0,0.0039000000000000146,0.00551543289325508,tap3,slow,normal,20260810_135255,False
625299,0.0156,0.0273,0.9087,625.299,500000,0.0,0.0,0.0,0.0,tap3,slow,normal,20260810_135255,False
627822,0.0156,0.0312,0.9087,627.822,500000,0.0,0.0038999999999999972,0.0,0.0038999999999999972,tap3,slow,normal,20260810_135255,False
630328,0.0156,0.0273,0.9126,630.328,500000,0.0,0.0,0.0039000000000000146,0.0039000000000000146,tap3,slow,normal,20260810_135255,False
632825,0.0195,0.0273,0.9204,632.825,500000,0.0039000000000000007,0.0,0.011700000000000044,0.012332882874656722,tap3,slow,normal,20260810_135255,False
635307,0.0117,0.0312,0.897,635.307,500000,-0.003899999999999999,0.0038999999999999972,-0.011699999999999933,0.012934836682385997,tap3,slow,normal,20260810_135255,False
637827,0.0195,0.0351,0.9009,637.827,500000,0.0039000000000000007,0.007799999999999998,-0.007799999999999918,0.011699999999999945,tap3,slow,normal,20260810_135255,False
640317,0.0156,0.0273,0.9204,640.317,500000,0.0,0.0,0.011700000000000044,0.011700000000000044,tap3,slow,normal,20260810_135255,False
642817,0.0117,0.0312,0.9165,642.817,500000,-0.003899999999999999,0.0038999999999999972,0.007800000000000029,0.009553009996854416,tap3,slow,normal,20260810_135255,False
645318,0.0117,0.0351,0.9048,645.318,500000,-0.003899999999999999,0.007799999999999998,-0.0038999999999999035,0.009553009996854354,tap3,slow,normal,20260810_135255,False
647820,0.0195,0.0312,0.9087,647.82,500000,0.0039000000000000007,0.0038999999999999972,0.0,0.0055154328932550695,tap3,slow,normal,20260810_135255,False
650328,0.0117,0.0273,0.9009,650.328,500000,-0.003899999999999999,0.0,-0.007799999999999918,0.008720665112249105,tap3,slow,normal,20260810_135255,False
652827,0.0078,0.0351,0.9126,652.827,500000,-0.0078,0.007799999999999998,0.0039000000000000146,0.011700000000000004,tap3,slow,normal,20260810_135255,False
655329,0.0078,0.0234,0.9087,655.329,500000,-0.0078,-0.0039000000000000007,0.0,0.00872066511224918,tap3,slow,normal,20260810_135255,False
657826,0.0117,0.0312,0.9048,657.826,500000,-0.003899999999999999,0.0038999999999999972,-0.0038999999999999035,0.006754998149518563,tap3,slow,normal,20260810_135255,False
660312,0.0195,0.0312,0.9048,660.312,500000,0.0039000000000000007,0.0038999999999999972,-0.0038999999999999035,0.006754998149518564,tap3,slow,normal,20260810_135255,False
662805,0.0117,0.0273,0.9087,662.805,500000,-0.003899999999999999,0.0,0.0,0.003899999999999999,tap3,slow,normal,20260810_135255,False
665311,0.0195,0.0312,0.9165,665.311,500000,0.0039000000000000007,0.0038999999999999972,0.007800000000000029,0.009553009996854418,tap3,slow,normal,20260810_135255,False
667809,0.0117,0.0273,0.9126,667.809,500000,-0.003899999999999999,0.0,0.0039000000000000146,0.00551543289325508,tap3,slow,normal,20260810_135255,False
670323,0.0195,0.0312,0.9087,670.323,500000,0.0039000000000000007,0.0038999999999999972,0.0,0.0055154328932550695,tap3,slow,normal,20260810_135255,False
672815,0.0117,0.0312,0.9048,672.815,500000,-0.003899999999999999,0.0038999999999999972,-0.0038999999999999035,0.006754998149518563,tap3,slow,normal,20260810_135255,False
675323,0.0156,0.0273,0.9087,675.323,500000,0.0,0.0,0.0,0.0,tap3,slow,normal,20260810_135255,False
677821,0.0117,0.0351,0.9165,677.821,500000,-0.003899999999999999,0.007799999999999998,0.007800000000000029,0.011700000000000018,tap3,slow,normal,20260810_135255,False
680305,0.0156,0.0312,0.9126,680.305,500000,0.0,0.0038999999999999972,0.0039000000000000146,0.005515432893255079,tap3,slow,normal,20260810_135255,False
682826,0.0156,0.0312,0.9087,682.826,500000,0.0,0.0038999999999999972,0.0,0.0038999999999999972,tap3,slow,normal,20260810_135255,False
685299,0.0117,0.0234,0.9048,685.299,500000,-0.003899999999999999,-0.0039000000000000007,-0.0038999999999999035,0.006754998149518566,tap3,slow,normal,20260810_135255,False
687802,0.0117,0.0234,0.9048,687.802,500000,-0.003899999999999999,-0.0039000000000000007,-0.0038999999999999035,0.006754998149518566,tap3,slow,normal,20260810_135255,False
690311,0.0234,0.0273,0.9048,690.311,500000,0.007800000000000001,0.0,-0.0038999999999999035,0.008720665112249138,tap3,slow,normal,20260810_135255,False
692828,0.0156,0.0273,0.9048,692.828,500000,0.0,0.0,-0.0038999999999999035,0.0038999999999999035,tap3,slow,normal,20260810_135255,False
695311,0.0156,0.0312,0.9048,695.311,500000,0.0,0.0038999999999999972,-0.0038999999999999035,0.005515432893255,tap3,slow,normal,20260810_135255,False
697816,0.0195,0.0351,0.9165,697.816,500000,0.0039000000000000007,0.007799999999999998,0.007800000000000029,0.011700000000000018,tap3,slow,normal,20260810_135255,False
700324,0.0078,0.0312,0.9204,700.324,500000,-0.0078,0.0038999999999999972,0.011700000000000044,0.014592463808418405,tap3,slow,normal,20260810_135255,False
702799,0.0195,0.0273,0.9165,702.799,500000,0.0039000000000000007,0.0,0.007800000000000029,0.008720665112249207,tap3,slow,normal,20260810_135255,False
705301,0.0234,0.0195,0.9126,705.301,500000,0.007800000000000001,-0.007800000000000001,0.0039000000000000146,0.011700000000000007,tap3,slow,normal,20260810_135255,False
707828,0.0156,0.0351,0.9087,707.828,500000,0.0,0.007799999999999998,0.0,0.007799999999999998,tap3,slow,normal,20260810_135255,False
710311,0.0195,0.0273,0.9204,710.311,500000,0.0039000000000000007,0.0,0.011700000000000044,0.012332882874656722,tap3,slow,normal,20260810_135255,False
712825,0.0156,0.0273,0.9243,712.825,500000,0.0,0.0,0.015600000000000058,0.015600000000000058,tap3,slow,normal,20260810_135255,False
715328,0.0156,0.0312,0.9048,715.328,500000,0.0,0.0038999999999999972,-0.0038999999999999035,0.005515432893255,tap3,slow,normal,20260810_135255,False
717815,0.0117,0.0312,0.9087,717.815,500000,-0.003899999999999999,0.0038999999999999972,0.0,0.005515432893255068,tap3,slow,normal,20260810_135255,False
720321,0.0156,0.0195,0.9126,720.321,500000,0.0,-0.007800000000000001,0.0039000000000000146,0.008720665112249188,tap3,slow,normal,20260810_135255,False
722815,0.0078,0.0312,0.9204,722.815,500000,-0.0078,0.0038999999999999972,0.011700000000000044,0.014592463808418405,tap3,slow,normal,20260810_135255,False
725303,0.0117,0.0234,0.9204,725.303,500000,-0.003899999999999999,-0.0039000000000000007,0.011700000000000044,0.012934836682386099,tap3,slow,normal,20260810_135255,False
727811,0.0117,0.0273,0.9087,727.811,500000,-0.003899999999999999,0.0,0.0,0.003899999999999999,tap3,slow,normal,20260810_135255,False
730300,0.0195,0.0351,0.9126,730.3,500000,0.0039000000000000007,0.007799999999999998,0.0039000000000000146,0.0095530099968544,tap3,slow,normal,20260810_135255,False
732828,0.0078,0.0273,0.9204,732.828,500000,-0.0078,0.0,0.011700000000000044,0.014061649974309594,tap3,slow,normal,20260810_135255,False
735308,0.0156,0.0351,0.9087,735.308,500000,0.0,0.007799999999999998,0.0,0.007799999999999998,tap3,slow,normal,20260810_135255,False
737799,0.0117,0.0234,0.9126,737.799,500000,-0.003899999999999999,-0.0039000000000000007,0.0039000000000000146,0.00675499814951863,tap3,slow,normal,20260810_135255,False
740309,0.0156,0.0273,0.9165,740.309,500000,0.0,0.0,0.007800000000000029,0.007800000000000029,tap3,slow,normal,20260810_135255,False
742825,0.0117,0.039,0.9087,742.825,500000,-0.003899999999999999,0.011699999999999999,0.0,0.012332882874656677,tap3,slow,normal,20260810_135255,False
745303,0.0117,0.0273,0.897,745.303,500000,-0.003899999999999999,0.0,-0.011699999999999933,0.012332882874656614,tap3,slow,normal,20260810_135255,False
747803,0.0273,0.0273,0.9048,747.803,500000,0.011700000000000002,0.0,-0.0038999999999999035,0.01233288287465665,tap3,slow,normal,20260810_135255,False
750319,0.0156,0.0312,0.9126,750.319,500000,0.0,0.0038999999999999972,0.0039000000000000146,0.005515432893255079,tap3,slow,normal,20260810_135255,False
752810,0.0117,0.0273,0.9048,752.81,500000,-0.003899999999999999,0.0,-0.0038999999999999035,0.005515432893255002,tap3,slow,normal,20260810_135255,False
755309,0.0117,0.0312,0.9165,755.309,500000,-0.003899999999999999,0.0038999999999999972,0.007800000000000029,0.009553009996854416,tap3,slow,normal,20260810_135255,False
757807,0.0156,0.0195,0.9048,757.807,500000,0.0,-0.007800000000000001,-0.0038999999999999035,0.008720665112249138,tap3,slow,normal,20260810_135255,False
760311,0.0156,0.0195,0.9126,760.311,500000,0.0,-0.007800000000000001,0.0039000000000000146,0.008720665112249188,tap3,slow,normal,20260810_135255,False
762826,0.0156,0.0234,0.9165,762.826,500000,0.0,-0.0039000000000000007,0.007800000000000029,0.008720665112249207,tap3,slow,normal,20260810_135255,False
765320,0.0117,0.0234,0.9126,765.32,500000,-0.003899999999999999,-0.0039000000000000007,0.0039000000000000146,0.00675499814951863,tap3,slow,normal,20260810_135255,False
767801,0.0117,0.0234,0.9087,767.801,500000,-0.003899999999999999,-0.0039000000000000007,0.0,0.00551543289325507,tap3,slow,normal,20260810_135255,False
770321,0.0117,0.0312,0.9087,770.321,500000,-0.003899999999999999,0.0038999999999999972,0.0,0.005515432893255068,tap3,slow,normal,20260810_135255,False
772805,0.0117,0.0351,0.9126,772.805,500000,-0.003899999999999999,0.007799999999999998,0.0039000000000000146,0.009553009996854399,tap3,slow,normal,20260810_135255,False
775301,0.0117,0.0234,0.9165,775.301,500000,-0.003899999999999999,-0.0039000000000000007,0.007800000000000029,0.009553009996854418,tap3,slow,normal,20260810_135255,False
777825,0.0117,0.0234,0.9087,777.825,500000,-0.003899999999999999,-0.0039000000000000007,0.0,0.00551543289325507,tap3,slow,normal,20260810_135255,False
780303,0.0117,0.0234,0.9009,780.303,500000,-0.003899999999999999,-0.0039000000000000007,-0.007799999999999918,0.009553009996854328,tap3,slow,normal,20260810_135255,False
782822,0.0117,0.0234,0.9087,782.822,500000,-0.003899999999999999,-0.0039000000000000007,0.0,0.00551543289325507,tap3,slow,normal,20260810_135255,False
785305,0.0117,0.0312,0.9126,785.305,500000,-0.003899999999999999,0.0038999999999999972,0.0039000000000000146,0.006754998149518627,tap3,slow,normal,20260810_135255,False
787803,0.0195,0.0273,0.9126,787.803,500000,0.0039000000000000007,0.0,0.0039000000000000146,0.005515432893255082,tap3,slow,normal,20260810_135255,False
790312,0.0156,0.0234,0.9126,790.312,500000,0.0,-0.0039000000000000007,0.0039000000000000146,0.005515432893255082,tap3,slow,normal,20260810_135255,False
792826,0.0195,0.0234,0.9087,792.826,500000,0.0039000000000000007,-0.0039000000000000007,0.0,0.005515432893255071,tap3,slow,normal,20260810_135255,False
795325,0.0156,0.0234,0.9087,795.325,500000,0.0,-0.0039000000000000007,0.0,0.0039000000000000007,tap3,slow,normal,20260810_135255,False
797805,0.0156,0.0234,0.9087,797.805,500000,0.0,-0.0039000000000000007,0.0,0.0039000000000000007,tap3,slow,normal,20260810_135255,False
800318,0.0195,0.0273,0.9087,800.318,500000,0.0039000000000000007,0.0,0.0,0.0039000000000000007,tap3,slow,normal,20260810_135255,False
802811,0.0195,0.0312,0.9126,802.811,500000,0.0039000000000000007,0.0038999999999999972,0.0039000000000000146,0.006754998149518628,tap3,slow,normal,20260810_135255,False
805307,0.0078,0.0312,0.9126,805.307,500000,-0.0078,0.0038999999999999972,0.0039000000000000146,0.0095530099968544,tap3,slow,normal,20260810_135255,False
807800,0.0156,0.0273,0.9087,807.8,500000,0.0,0.0,0.0,0.0,tap3,slow,normal,20260810_135255,False
810318,0.0117,0.0312,0.9087,810.318,500000,-0.003899999999999999,0.0038999999999999972,0.0,0.005515432893255068,tap3,slow,normal,20260810_135255,False
812807,0.0117,0.0312,0.897,812.807,500000,-0.003899999999999999,0.0038999999999999972,-0.011699999999999933,0.012934836682385997,tap3,slow,normal,20260810_135255,False
815313,0.0156,0.039,0.9048,815.313,500000,0.0,0.011699999999999999,-0.0038999999999999035,0.012332882874656647,tap3,slow,normal,20260810_135255,False
817811,0.0195,0.0351,0.9087,817.811,500000,0.0039000000000000007,0.007799999999999998,0.0,0.00872066511224918,tap3,slow,normal,20260810_135255,False
820325,0.0078,0.0273,0.9087,820.325,500000,-0.0078,0.0,0.0,0.0078,tap3,slow,normal,20260810_135255,False
822817,0.0117,0.0312,0.9048,822.817,500000,-0.003899999999999999,0.0038999999999999972,-0.0038999999999999035,0.006754998149518563,tap3,slow,normal,20260810_135255,False
825304,0.0117,0.0234,0.9126,825.304,500000,-0.003899999999999999,-0.0039000000000000007,0.0039000000000000146,0.00675499814951863,tap3,slow,normal,20260810_135255,False
827820,0.0234,0.0273,0.9243,827.82,500000,0.007800000000000001,0.0,0.015600000000000058,0.017441330224498414,tap3,slow,normal,20260810_135255,False
830326,0.0195,0.0234,0.9126,830.326,500000,0.0039000000000000007,-0.0039000000000000007,0.0039000000000000146,0.006754998149518631,tap3,slow,normal,20260810_135255,False
833168,0.0156,0.0234,0.9204,833.168,500000,0.0,-0.0039000000000000007,0.011700000000000044,0.012332882874656722,tap3,slow,normal,20260810_135255,False
835315,0.0078,0.0234,0.9087,835.315,500000,-0.0078,-0.0039000000000000007,0.0,0.00872066511224918,tap3,slow,normal,20260810_135255,False
837808,0.0117,0.0273,0.9126,837.808,500000,-0.003899999999999999,0.0,0.0039000000000000146,0.00551543289325508,tap3,slow,normal,20260810_135255,False
840325,0.0195,0.0234,0.9087,840.325,500000,0.0039000000000000007,-0.0039000000000000007,0.0,0.005515432893255071,tap3,slow,normal,20260810_135255,False
842811,0.0195,0.0273,0.9048,842.811,500000,0.0039000000000000007,0.0,-0.0038999999999999035,0.005515432893255003,tap3,slow,normal,20260810_135255,False
845319,0.0195,0.0351,0.9048,845.319,500000,0.0039000000000000007,0.007799999999999998,-0.0038999999999999035,0.009553009996854354,tap3,slow,normal,20260810_135255,False
847826,0.0156,0.0351,0.9009,847.826,500000,0.0,0.007799999999999998,-0.007799999999999918,0.011030865786510082,tap3,slow,normal,20260810_135255,False
850313,0.0117,0.0234,0.9087,850.313,500000,-0.003899999999999999,-0.0039000000000000007,0.0,0.00551543289325507,tap3,slow,normal,20260810_135255,False
852826,0.0156,0.0273,0.9126,852.826,500000,0.0,0.0,0.0039000000000000146,0.0039000000000000146,tap3,slow,normal,20260810_135255,False
855301,0.0156,0.0195,0.9048,855.301,500000,0.0,-0.007800000000000001,-0.0038999999999999035,0.008720665112249138,tap3,slow,normal,20260810_135255,False
857801,0.0195,0.0195,0.9126,857.801,500000,0.0039000000000000007,-0.007800000000000001,0.0039000000000000146,0.009553009996854402,tap3,slow,normal,20260810_135255,False
860316,0.0195,0.0195,0.9126,860.316,500000,0.0039000000000000007,-0.007800000000000001,0.0039000000000000146,0.009553009996854402,tap3,slow,normal,20260810_135255,False
862807,0.0195,0.0234,0.9087,862.807,500000,0.0039000000000000007,-0.0039000000000000007,0.0,0.005515432893255071,tap3,slow,normal,20260810_135255,False
865315,0.0117,0.0312,0.9165,865.315,500000,-0.003899999999999999,0.0038999999999999972,0.007800000000000029,0.009553009996854416,tap3,slow,normal,20260810_135255,False
867811,0.0195,0.0312,0.9165,867.811,500000,0.0039000000000000007,0.0038999999999999972,0.007800000000000029,0.009553009996854418,tap3,slow,normal,20260810_135255,False
870325,0.0078,0.039,0.9087,870.325,500000,-0.0078,0.011699999999999999,0.0,0.014061649974309557,tap3,slow,normal,20260810_135255,False
872807,0.0156,0.0312,0.9087,872.807,500000,0.0,0.0038999999999999972,0.0,0.0038999999999999972,tap3,slow,normal,20260810_135255,False
875312,0.0117,0.0273,0.9165,875.312,500000,-0.003899999999999999,0.0,0.007800000000000029,0.008720665112249205,tap3,slow,normal,20260810_135255,False
877809,0.0195,0.0273,0.9126,877.809,500000,0.0039000000000000007,0.0,0.0039000000000000146,0.005515432893255082,tap3,slow,normal,20260810_135255,False
880316,0.0156,0.0312,0.9126,880.316,500000,0.0,0.0038999999999999972,0.0039000000000000146,0.005515432893255079,tap3,slow,normal,20260810_135255,False
882801,0.0156,0.0273,0.9126,882.801,500000,0.0,0.0,0.0039000000000000146,0.0039000000000000146,tap3,slow,normal,20260810_135255,False
885321,0.0078,0.0273,0.9087,885.321,500000,-0.0078,0.0,0.0,0.0078,tap3,slow,normal,20260810_135255,False
887811,0.0156,0.0234,0.9048,887.811,500000,0.0,-0.0039000000000000007,-0.0038999999999999035,0.005515432893255003,tap3,slow,normal,20260810_135255,False
890324,0.0117,0.0195,0.9165,890.324,500000,-0.003899999999999999,-0.007800000000000001,0.007800000000000029,0.01170000000000002,tap3,slow,normal,20260810_135255,False
892809,0.0156,0.0273,0.9126,892.809,500000,0.0,0.0,0.0039000000000000146,0.0039000000000000146,tap3,slow,normal,20260810_135255,False
895323,0.0156,0.0312,0.9126,895.323,500000,0.0,0.0038999999999999972,0.0039000000000000146,0.005515432893255079,tap3,slow,normal,20260810_135255,False
897799,0.0117,0.0234,0.9165,897.799,500000,-0.003899999999999999,-0.0039000000000000007,0.007800000000000029,0.009553009996854418,tap3,slow,normal,20260810_135255,False
900316,0.0117,0.0273,0.9048,900.316,500000,-0.003899999999999999,0.0,-0.0038999999999999035,0.005515432893255002,tap3,slow,normal,20260810_135255,False
902800,0.0117,0.0273,0.9048,902.8,500000,-0.003899999999999999,0.0,-0.0038999999999999035,0.005515432893255002,tap3,slow,normal,20260810_135255,False
905304,0.0156,0.0312,0.9126,905.304,500000,0.0,0.0038999999999999972,0.0039000000000000146,0.005515432893255079,tap3,slow,normal,20260810_135255,False
907802,0.0195,0.0312,0.9087,907.802,500000,0.0039000000000000007,0.0038999999999999972,0.0,0.0055154328932550695,tap3,slow,normal,20260810_135255,False
910316,0.0234,0.0234,0.9165,910.316,500000,0.007800000000000001,-0.0039000000000000007,0.007800000000000029,0.011700000000000021,tap3,slow,normal,20260810_135255,False
912807,0.0195,0.0156,0.9243,912.807,500000,0.0039000000000000007,-0.011700000000000002,0.015600000000000058,0.019886176103011906,tap3,slow,normal,20260810_135255,False
915312,0.0234,0.0273,0.9165,915.312,500000,0.007800000000000001,0.0,0.007800000000000029,0.011030865786510163,tap3,slow,normal,20260810_135255,False
917816,0.0234,0.0234,0.9048,917.816,500000,0.007800000000000001,-0.0039000000000000007,-0.0038999999999999035,0.009553009996854357,tap3,slow,normal,20260810_135255,False
920305,0.0156,0.0273,0.9048,920.305,500000,0.0,0.0,-0.0038999999999999035,0.0038999999999999035,tap3,slow,normal,20260810_135255,False
922822,0.0078,0.0312,0.9321,922.822,500000,-0.0078,0.0038999999999999972,0.023400000000000087,0.024972184525988192,tap3,slow,normal,20260810_135255,False
925316,0.0156,0.0312,0.9087,925.316,500000,0.0,0.0038999999999999972,0.0,0.0038999999999999972,tap3,slow,normal,20260810_135255,False
927807,0.0156,0.039,0.9126,927.807,500000,0.0,0.011699999999999999,0.0039000000000000146,0.012332882874656684,tap3,slow,normal,20260810_135255,False
930308,0.0195,0.0234,0.9126,930.308,500000,0.0039000000000000007,-0.0039000000000000007,0.0039000000000000146,0.006754998149518631,tap3,slow,normal,20260810_135255,False
932824,0.0156,0.0273,0.9087,932.824,500000,0.0,0.0,0.0,0.0,tap3,slow,normal,20260810_135255,False
935304,0.0117,0.0234,0.9048,935.304,500000,-0.003899999999999999,-0.0039000000000000007,-0.0038999999999999035,0.006754998149518566,tap3,slow,normal,20260810_135255,False
937808,0.0117,0.0273,0.9087,937.808,500000,-0.003899999999999999,0.0,0.0,0.003899999999999999,tap3,slow,normal,20260810_135255,False
940304,0.0078,0.0234,0.9009,940.304,500000,-0.0078,-0.0039000000000000007,-0.007799999999999918,0.011699999999999945,tap3,slow,normal,20260810_135255,False
942823,0.0117,0.0273,0.9087,942.823,500000,-0.003899999999999999,0.0,0.0,0.003899999999999999,tap3,slow,normal,20260810_135255,False
945323,0.0117,0.0351,0.9087,945.323,500000,-0.003899999999999999,0.007799999999999998,0.0,0.008720665112249178,tap3,slow,normal,20260810_135255,False
947824,0.0156,0.0234,0.9126,947.824,500000,0.0,-0.0039000000000000007,0.0039000000000000146,0.005515432893255082,tap3,slow,normal,20260810_135255,False
950303,0.0156,0.0273,0.9087,950.303,500000,0.0,0.0,0.0,0.0,tap3,slow,normal,20260810_135255,False
952800,0.0156,0.0351,0.897,952.8,500000,0.0,0.007799999999999998,-0.011699999999999933,0.014061649974309502,tap3,slow,normal,20260810_135255,False
955304,0.0195,0.0234,0.9126,955.304,500000,0.0039000000000000007,-0.0039000000000000007,0.0039000000000000146,0.006754998149518631,tap3,slow,normal,20260810_135255,False
957801,0.0156,0.0195,0.9126,957.801,500000,0.0,-0.007800000000000001,0.0039000000000000146,0.008720665112249188,tap3,slow,normal,20260810_135255,False
960310,0.0195,0.0273,0.9009,960.31,500000,0.0039000000000000007,0.0,-0.007799999999999918,0.008720665112249107,tap3,slow,normal,20260810_135255,False
962803,0.0234,0.0195,0.9165,962.803,500000,0.007800000000000001,-0.007800000000000001,0.007800000000000029,0.013509996299037262,tap3,slow,normal,20260810_135255,False
965300,0.0078,0.0351,0.9048,965.3,500000,-0.0078,0.007799999999999998,-0.0038999999999999035,0.011699999999999966,tap3,slow,normal,20260810_135255,False
967819,0.0117,0.0312,0.897,967.819,500000,-0.003899999999999999,0.0038999999999999972,-0.011699999999999933,0.012934836682385997,tap3,slow,normal,20260810_135255,False
970301,0.0156,0.0273,0.9048,970.301,500000,0.0,0.0,-0.0038999999999999035,0.0038999999999999035,tap3,slow,normal,20260810_135255,False
972819,0.0156,0.0273,0.9087,972.819,500000,0.0,0.0,0.0,0.0,tap3,slow,normal,20260810_135255,False
975320,0.0078,0.0273,0.9087,975.32,500000,-0.0078,0.0,0.0,0.0078,tap3,slow,normal,20260810_135255,False
977825,0.0156,0.0273,0.9126,977.825,500000,0.0,0.0,0.0039000000000000146,0.0039000000000000146,tap3,slow,normal,20260810_135255,False
980302,0.0156,0.0234,0.9048,980.302,500000,0.0,-0.0039000000000000007,-0.0038999999999999035,0.005515432893255003,tap3,slow,normal,20260810_135255,False
982799,0.0117,0.0234,0.9009,982.799,500000,-0.003899999999999999,-0.0039000000000000007,-0.007799999999999918,0.009553009996854328,tap3,slow,normal,20260810_135255,False
985324,0.0195,0.0234,0.9048,985.324,500000,0.0039000000000000007,-0.0039000000000000007,-0.0038999999999999035,0.006754998149518567,tap3,slow,normal,20260810_135255,False
987818,0.0117,0.0273,0.9087,987.818,500000,-0.003899999999999999,0.0,0.0,0.003899999999999999,tap3,slow,normal,20260810_135255,False
990311,0.0117,0.0273,0.9126,990.311,500000,-0.003899999999999999,0.0,0.0039000000000000146,0.00551543289325508,tap3,slow,normal,20260810_135255,False
992801,0.0156,0.0273,0.9087,992.801,500000,0.0,0.0,0.0,0.0,tap3,slow,normal,20260810_135255,False
995312,0.0156,0.0312,0.9009,995.312,500000,0.0,0.0038999999999999972,-0.007799999999999918,0.008720665112249105,tap3,slow,normal,20260810_135255,False
997800,0.0156,0.0312,0.897,997.8,500000,0.0,0.0038999999999999972,-0.011699999999999933,0.012332882874656614,tap3,slow,normal,20260810_135255,False
1000311,0.0195,0.0351,0.9048,1000.311,500000,0.0039000000000000007,0.007799999999999998,-0.0038999999999999035,0.009553009996854354,tap3,slow,normal,20260810_135255,False
1002811,0.0195,0.0234,0.9087,1002.811,500000,0.0039000000000000007,-0.0039000000000000007,0.0,0.005515432893255071,tap3,slow,normal,20260810_135255,False
1005316,0.0195,0.0312,0.9087,1005.316,500000,0.0039000000000000007,0.0038999999999999972,0.0,0.0055154328932550695,tap3,slow,normal,20260810_135255,False
1007800,0.0117,0.0273,0.9048,1007.8,500000,-0.003899999999999999,0.0,-0.0038999999999999035,0.005515432893255002,tap3,slow,normal,20260810_135255,False
1010316,0.0156,0.0312,0.9126,1010.316,500000,0.0,0.0038999999999999972,0.0039000000000000146,0.005515432893255079,tap3,slow,normal,20260810_135255,False
1012809,0.0156,0.0312,0.9126,1012.809,500000,0.0,0.0038999999999999972,0.0039000000000000146,0.005515432893255079,tap3,slow,normal,20260810_135255,False
1015314,0.0117,0.039,0.9087,1015.314,500000,-0.003899999999999999,0.011699999999999999,0.0,0.012332882874656677,tap3,slow,normal,20260810_135255,False
1017818,0.0156,0.0351,0.9165,1017.818,500000,0.0,0.007799999999999998,0.007800000000000029,0.01103086578651016,tap3,slow,normal,20260810_135255,False
1020324,0.0195,0.0273,0.9204,1020.324,500000,0.0039000000000000007,0.0,0.011700000000000044,0.012332882874656722,tap3,slow,normal,20260810_135255,False
1022815,0.0195,0.0312,0.9126,1022.815,500000,0.0039000000000000007,0.0038999999999999972,0.0039000000000000146,0.006754998149518628,tap3,slow,normal,20260810_135255,False
1025327,0.0117,0.0312,0.9009,1025.327,500000,-0.003899999999999999,0.0038999999999999972,-0.007799999999999918,0.009553009996854326,tap3,slow,normal,20260810_135255,False
1027822,0.0234,0.0312,0.9009,1027.822,500000,0.007800000000000001,0.0038999999999999972,-0.007799999999999918,0.011699999999999945,tap3,slow,normal,20260810_135255,False
1030310,0.0195,0.039,0.9204,1030.31,500000,0.0039000000000000007,0.011699999999999999,0.011700000000000044,0.016999705879808657,tap3,slow,normal,20260810_135255,False
1032802,0.0195,0.0312,0.9126,1032.802,500000,0.0039000000000000007,0.0038999999999999972,0.0039000000000000146,0.006754998149518628,tap3,slow,normal,20260810_135255,False
1035305,0.0195,0.0312,0.9126,1035.305,500000,0.0039000000000000007,0.0038999999999999972,0.0039000000000000146,0.006754998149518628,tap3,slow,normal,20260810_135255,False
1037810,0.0156,0.0273,0.9087,1037.81,500000,0.0,0.0,0.0,0.0,tap3,slow,normal,20260810_135255,False
1040302,0.0195,0.0312,0.9087,1040.302,500000,0.0039000000000000007,0.0038999999999999972,0.0,0.0055154328932550695,tap3,slow,normal,20260810_135255,False
1042814,0.0117,0.0312,0.9126,1042.814,500000,-0.003899999999999999,0.0038999999999999972,0.0039000000000000146,0.006754998149518627,tap3,slow,normal,20260810_135255,False
1045315,0.0156,0.0195,0.9087,1045.315,500000,0.0,-0.007800000000000001,0.0,0.007800000000000001,tap3,slow,normal,20260810_135255,False
1047828,0.0078,0.0351,0.9009,1047.828,500000,-0.0078,0.007799999999999998,-0.007799999999999918,0.013509996299037194,tap3,slow,normal,20260810_135255,False
1050299,0.0156,0.0234,0.9165,1050.299,500000,0.0,-0.0039000000000000007,0.007800000000000029,0.008720665112249207,tap3,slow,normal,20260810_135255,False
1052828,0.0156,0.0195,0.9243,1052.828,500000,0.0,-0.007800000000000001,0.015600000000000058,0.017441330224498414,tap3,slow,normal,20260810_135255,False
1055326,0.0156,0.0234,0.9165,1055.326,500000,0.0,-0.0039000000000000007,0.007800000000000029,0.008720665112249207,tap3,slow,normal,20260810_135255,False
1057803,0.0156,0.0351,0.9048,1057.803,500000,0.0,0.007799999999999998,-0.0038999999999999035,0.008720665112249134,tap3,slow,normal,20260810_135255,False
1060320,0.0117,0.0312,0.9243,1060.32,500000,-0.003899999999999999,0.0038999999999999972,0.015600000000000058,0.016546298679765266,tap3,slow,normal,20260810_135255,False
1062804,0.0195,0.0234,0.9204,1062.804,500000,0.0039000000000000007,-0.0039000000000000007,0.011700000000000044,0.012934836682386099,tap3,slow,normal,20260810_135255,False
1065306,0.0117,0.0273,0.9048,1065.306,500000,-0.003899999999999999,0.0,-0.0038999999999999035,0.005515432893255002,tap3,slow,normal,20260810_135255,False
1067809,0.0195,0.0156,0.9126,1067.809,500000,0.0039000000000000007,-0.011700000000000002,0.0039000000000000146,0.012934836682386066,tap3,slow,normal,20260810_135255,False
1070326,0.0195,0.0234,0.9126,1070.326,500000,0.0039000000000000007,-0.0039000000000000007,0.0039000000000000146,0.006754998149518631,tap3,slow,normal,20260810_135255,False
1072827,0.0195,0.0195,0.9087,1072.827,500000,0.0039000000000000007,-0.007800000000000001,0.0,0.008720665112249181,tap3,slow,normal,20260810_135255,False
1075304,0.0117,0.0273,0.9165,1075.304,500000,-0.003899999999999999,0.0,0.007800000000000029,0.008720665112249205,tap3,slow,normal,20260810_135255,False
1077803,0.0117,0.0273,0.9087,1077.803,500000,-0.003899999999999999,0.0,0.0,0.003899999999999999,tap3,slow,normal,20260810_135255,False
1080303,0.0156,0.0234,0.9165,1080.303,500000,0.0,-0.0039000000000000007,0.007800000000000029,0.008720665112249207,tap3,slow,normal,20260810_135255,False
1082800,0.0078,0.0234,0.9126,1082.8,500000,-0.0078,-0.0039000000000000007,0.0039000000000000146,0.0095530099968544,tap3,slow,normal,20260810_135255,False
1085303,0.0117,0.0195,0.9048,1085.303,500000,-0.003899999999999999,-0.007800000000000001,-0.0038999999999999035,0.009553009996854355,tap3,slow,normal,20260810_135255,False
1088330,0.0195,0.0195,0.9126,1088.33,500000,0.0039000000000000007,-0.007800000000000001,0.0039000000000000146,0.009553009996854402,tap3,slow,normal,20260810_135255,False
1090312,0.0078,0.0234,0.9048,1090.312,500000,-0.0078,-0.0039000000000000007,-0.0038999999999999035,0.009553009996854355,tap3,slow,normal,20260810_135255,False
1092806,0.0117,0.0234,0.9087,1092.806,500000,-0.003899999999999999,-0.0039000000000000007,0.0,0.00551543289325507,tap3,slow,normal,20260810_135255,False
1095316,0.0117,0.0195,0.9165,1095.316,500000,-0.003899999999999999,-0.007800000000000001,0.007800000000000029,0.01170000000000002,tap3,slow,normal,20260810_135255,False
1097814,0.0156,0.0195,0.9087,1097.814,500000,0.0,-0.007800000000000001,0.0,0.007800000000000001,tap3,slow,normal,20260810_135255,False
1100323,0.0156,0.0234,0.897,1100.323,500000,0.0,-0.0039000000000000007,-0.011699999999999933,0.012332882874656616,tap3,slow,normal,20260810_135255,False
1102814,0.0156,0.0195,0.8931,1102.814,500000,0.0,-0.007800000000000001,-0.015599999999999947,0.017441330224498314,tap3,slow,normal,20260810_135255,False
1105311,0.0117,0.0312,0.9087,1105.311,500000,-0.003899999999999999,0.0038999999999999972,0.0,0.005515432893255068,tap3,slow,normal,20260810_135255,False
1107802,0.0156,0.0234,0.9048,1107.802,500000,0.0,-0.0039000000000000007,-0.0038999999999999035,0.005515432893255003,tap3,slow,normal,20260810_135255,False
1110318,0.0117,0.0234,0.9165,1110.318,500000,-0.003899999999999999,-0.0039000000000000007,0.007800000000000029,0.009553009996854418,tap3,slow,normal,20260810_135255,False
1112801,0.0195,0.0312,0.9204,1112.801,500000,0.0039000000000000007,0.0038999999999999972,0.011700000000000044,0.012934836682386099,tap3,slow,normal,20260810_135255,False
1115299,0.0156,0.0312,0.9321,1115.299,500000,0.0,0.0038999999999999972,0.023400000000000087,0.023722773868163145,tap3,slow,normal,20260810_135255,False
1117824,0.0117,0.0273,0.9048,1117.824,500000,-0.003899999999999999,0.0,-0.0038999999999999035,0.005515432893255002,tap3,slow,normal,20260810_135255,False
1120312,0.0117,0.0273,0.9048,1120.312,500000,-0.003899999999999999,0.0,-0.0038999999999999035,0.005515432893255002,tap3,slow,normal,20260810_135255,False
1122819,0.0234,0.0195,0.9087,1122.819,500000,0.007800000000000001,-0.007800000000000001,0.0,0.011030865786510143,tap3,slow,normal,20260810_135255,False
1125318,0.0234,0.0312,0.9048,1125.318,500000,0.007800000000000001,0.0038999999999999972,-0.0038999999999999035,0.009553009996854355,tap3,slow,normal,20260810_135255,False
1127800,0.0195,0.0234,0.9009,1127.8,500000,0.0039000000000000007,-0.0039000000000000007,-0.007799999999999918,0.009553009996854328,tap3,slow,normal,20260810_135255,False
1130311,0.0117,0.0234,0.9204,1130.311,500000,-0.003899999999999999,-0.0039000000000000007,0.011700000000000044,0.012934836682386099,tap3,slow,normal,20260810_135255,False
1132799,0.0156,0.0312,0.9126,1132.799,500000,0.0,0.0038999999999999972,0.0039000000000000146,0.005515432893255079,tap3,slow,normal,20260810_135255,False
1135299,0.0195,0.0273,0.9126,1135.299,500000,0.0039000000000000007,0.0,0.0039000000000000146,0.005515432893255082,tap3,slow,normal,20260810_135255,False
1137820,0.0117,0.0312,0.9126,1137.82,500000,-0.003899999999999999,0.0038999999999999972,0.0039000000000000146,0.006754998149518627,tap3,slow,normal,20260810_135255,False
1140309,0.0195,0.0234,0.9165,1140.309,500000,0.0039000000000000007,-0.0039000000000000007,0.007800000000000029,0.00955300999685442,tap3,slow,normal,20260810_135255,False
1142818,0.0156,0.0234,0.9204,1142.818,500000,0.0,-0.0039000000000000007,0.011700000000000044,0.012332882874656722,tap3,slow,normal,20260810_135255,False
1145326,0.0195,0.0234,0.9126,1145.326,500000,0.0039000000000000007,-0.0039000000000000007,0.0039000000000000146,0.006754998149518631,tap3,slow,normal,20260810_135255,False
1147825,0.0195,0.0351,0.9165,1147.825,500000,0.0039000000000000007,0.007799999999999998,0.007800000000000029,0.011700000000000018,tap3,slow,normal,20260810_135255,False
1150312,0.0156,0.0351,0.9087,1150.312,500000,0.0,0.007799999999999998,0.0,0.007799999999999998,tap3,slow,normal,20260810_135255,False
1152825,0.0234,0.0234,0.9048,1152.825,500000,0.007800000000000001,-0.0039000000000000007,-0.0038999999999999035,0.009553009996854357,tap3,slow,normal,20260810_135255,False
1155325,0.0117,0.0312,0.9048,1155.325,500000,-0.003899999999999999,0.0038999999999999972,-0.0038999999999999035,0.006754998149518563,tap3,slow,normal,20260810_135255,False
1157820,0.0195,0.0273,0.9048,1157.82,500000,0.0039000000000000007,0.0,-0.0038999999999999035,0.005515432893255003,tap3,slow,normal,20260810_135255,False
1160303,0.0156,0.0234,0.9087,1160.303,500000,0.0,-0.0039000000000000007,0.0,0.0039000000000000007,tap3,slow,normal,20260810_135255,False
1162825,0.0117,0.0312,0.9087,1162.825,500000,-0.003899999999999999,0.0038999999999999972,0.0,0.005515432893255068,tap3,slow,normal,20260810_135255,False
1165300,0.0195,0.0234,0.9126,1165.3,500000,0.0039000000000000007,-0.0039000000000000007,0.0039000000000000146,0.006754998149518631,tap3,slow,normal,20260810_135255,False
1167821,0.0156,0.0312,0.9243,1167.821,500000,0.0,0.0038999999999999972,0.015600000000000058,0.016080111939908933,tap3,slow,normal,20260810_135255,False
1170310,0.0195,0.0312,0.9048,1170.31,500000,0.0039000000000000007,0.0038999999999999972,-0.0038999999999999035,0.006754998149518564,tap3,slow,normal,20260810_135255,False
1172804,0.0195,0.0312,0.9048,1172.804,500000,0.0039000000000000007,0.0038999999999999972,-0.0038999999999999035,0.006754998149518564,tap3,slow,normal,20260810_135255,False
1175324,0.0156,0.0273,0.9126,1175.324,500000,0.0,0.0,0.0039000000000000146,0.0039000000000000146,tap3,slow,normal,20260810_135255,False
1177820,0.0156,0.0273,0.9048,1177.82,500000,0.0,0.0,-0.0038999999999999035,0.0038999999999999035,tap3,slow,normal,20260810_135255,False
1180302,0.0156,0.0351,0.9126,1180.302,500000,0.0,0.007799999999999998,0.0039000000000000146,0.008720665112249185,tap3,slow,normal,20260810_135255,False
1182827,0.0117,0.0312,0.9126,1182.827,500000,-0.003899999999999999,0.0038999999999999972,0.0039000000000000146,0.006754998149518627,tap3,slow,normal,20260810_135255,False
1185326,0.0195,0.0312,0.9087,1185.326,500000,0.0039000000000000007,0.0038999999999999972,0.0,0.0055154328932550695,tap3,slow,normal,20260810_135255,False
1187802,0.0156,0.039,0.9009,1187.802,500000,0.0,0.011699999999999999,-0.007799999999999918,0.014061649974309512,tap3,slow,normal,20260810_135255,False
1190737,0.0156,0.0351,0.9126,1190.737,500000,0.0,0.007799999999999998,0.0039000000000000146,0.008720665112249185,tap3,slow,normal,20260810_135255,False
1192818,0.0273,0.0273,0.9126,1192.818,500000,0.011700000000000002,0.0,0.0039000000000000146,0.012332882874656687,tap3,slow,normal,20260810_135255,False
1195324,0.0195,0.0234,0.9165,1195.324,500000,0.0039000000000000007,-0.0039000000000000007,0.007800000000000029,0.00955300999685442,tap3,slow,normal,20260810_135255,False
1197804,0.0195,0.0312,0.9126,1197.804,500000,0.0039000000000000007,0.0038999999999999972,0.0039000000000000146,0.006754998149518628,tap3,slow,normal,20260810_135255,False
1200324,0.0195,0.0312,0.9009,1200.324,500000,0.0039000000000000007,0.0038999999999999972,-0.007799999999999918,0.009553009996854326,tap3,slow,normal,20260810_135255,False
1202811,0.0195,0.039,0.9048,1202.811,500000,0.0039000000000000007,0.011699999999999999,-0.0038999999999999035,0.01293483668238603,tap3,slow,normal,20260810_135255,False
1205319,0.0195,0.0234,0.9048,1205.319,500000,0.0039000000000000007,-0.0039000000000000007,-0.0038999999999999035,0.006754998149518567,tap3,slow,normal,20260810_135255,False
1207816,0.0195,0.0234,0.9087,1207.816,500000,0.0039000000000000007,-0.0039000000000000007,0.0,0.005515432893255071,tap3,slow,normal,20260810_135255,False
1210304,0.0156,0.0312,0.9087,1210.304,500000,0.0,0.0038999999999999972,0.0,0.0038999999999999972,tap3,slow,normal,20260810_135255,False
1212803,0.0156,0.0312,0.9126,1212.803,500000,0.0,0.0038999999999999972,0.0039000000000000146,0.005515432893255079,tap3,slow,normal,20260810_135255,False
1215307,0.0117,0.0312,0.9126,1215.307,500000,-0.003899999999999999,0.0038999999999999972,0.0039000000000000146,0.006754998149518627,tap3,slow,normal,20260810_135255,False
1217807,0.0078,0.0351,0.9126,1217.807,500000,-0.0078,0.007799999999999998,0.0039000000000000146,0.011700000000000004,tap3,slow,normal,20260810_135255,False
1220303,0.0195,0.0312,0.9009,1220.303,500000,0.0039000000000000007,0.0038999999999999972,-0.007799999999999918,0.009553009996854326,tap3,slow,normal,20260810_135255,False
1222828,0.0195,0.0234,0.9126,1222.828,500000,0.0039000000000000007,-0.0039000000000000007,0.0039000000000000146,0.006754998149518631,tap3,slow,normal,20260810_135255,False
1225323,0.0156,0.0273,0.9204,1225.323,500000,0.0,0.0,0.011700000000000044,0.011700000000000044,tap3,slow,normal,20260810_135255,False
1227805,0.0117,0.0195,0.9204,1227.805,500000,-0.003899999999999999,-0.007800000000000001,0.011700000000000044,0.014592463808418407,tap3,slow,normal,20260810_135255,False
1230316,0.0117,0.0195,0.9204,1230.316,500000,-0.003899999999999999,-0.007800000000000001,0.011700000000000044,0.014592463808418407,tap3,slow,normal,20260810_135255,False
1232820,0.0117,0.0195,0.9243,1232.82,500000,-0.003899999999999999,-0.007800000000000001,0.015600000000000058,0.017872045210327828,tap3,slow,normal,20260810_135255,False
1235300,0.0156,0.0273,0.9009,1235.3,500000,0.0,0.0,-0.007799999999999918,0.007799999999999918,tap3,slow,normal,20260810_135255,False
1237819,0.0117,0.0234,0.9087,1237.819,500000,-0.003899999999999999,-0.0039000000000000007,0.0,0.00551543289325507,tap3,slow,normal,20260810_135255,False
1240301,0.0156,0.0312,0.9009,1240.301,500000,0.0,0.0038999999999999972,-0.007799999999999918,0.008720665112249105,tap3,slow,normal,20260810_135255,False
1242820,0.0195,0.0273,0.9048,1242.82,500000,0.0039000000000000007,0.0,-0.0038999999999999035,0.005515432893255003,tap3,slow,normal,20260810_135255,False
1245299,0.0195,0.0273,0.9087,1245.299,500000,0.0039000000000000007,0.0,0.0,0.0039000000000000007,tap3,slow,normal,20260810_135255,False
1247802,0.0234,0.0273,0.9048,1247.802,500000,0.007800000000000001,0.0,-0.0038999999999999035,0.008720665112249138,tap3,slow,normal,20260810_135255,False
1250312,0.0195,0.0234,0.9087,1250.312,500000,0.0039000000000000007,-0.0039000000000000007,0.0,0.005515432893255071,tap3,slow,normal,20260810_135255,False
1252805,0.0117,0.0234,0.9087,1252.805,500000,-0.003899999999999999,-0.0039000000000000007,0.0,0.00551543289325507,tap3,slow,normal,20260810_135255,False
1255312,0.0117,0.0234,0.9009,1255.312,500000,-0.003899999999999999,-0.0039000000000000007,-0.007799999999999918,0.009553009996854328,tap3,slow,normal,20260810_135255,False
1257814,0.0078,0.0312,0.9126,1257.814,500000,-0.0078,0.0038999999999999972,0.0039000000000000146,0.0095530099968544,tap3,slow,normal,20260810_135255,False
1260324,0.0117,0.0273,0.9048,1260.324,500000,-0.003899999999999999,0.0,-0.0038999999999999035,0.005515432893255002,tap3,slow,normal,20260810_135255,False
1262806,0.0156,0.0195,0.9126,1262.806,500000,0.0,-0.007800000000000001,0.0039000000000000146,0.008720665112249188,tap3,slow,normal,20260810_135255,False
1265320,0.0156,0.039,0.9204,1265.32,500000,0.0,0.011699999999999999,0.011700000000000044,0.01654629867976524,tap3,slow,normal,20260810_135255,False
1267818,0.0156,0.0234,0.9009,1267.818,500000,0.0,-0.0039000000000000007,-0.007799999999999918,0.008720665112249107,tap3,slow,normal,20260810_135255,False
1270302,0.0156,0.0273,0.9087,1270.302,500000,0.0,0.0,0.0,0.0,tap3,slow,normal,20260810_135255,False
1272801,0.0156,0.0312,0.9009,1272.801,500000,0.0,0.0038999999999999972,-0.007799999999999918,0.008720665112249105,tap3,slow,normal,20260810_135255,False
1275310,0.0195,0.0312,0.9048,1275.31,500000,0.0039000000000000007,0.0038999999999999972,-0.0038999999999999035,0.006754998149518564,tap3,slow,normal,20260810_135255,False
1277809,0.0156,0.0234,0.9165,1277.809,500000,0.0,-0.0039000000000000007,0.007800000000000029,0.008720665112249207,tap3,slow,normal,20260810_135255,False
1280314,0.0195,0.0234,0.9126,1280.314,500000,0.0039000000000000007,-0.0039000000000000007,0.0039000000000000146,0.006754998149518631,tap3,slow,normal,20260810_135255,False
1282826,0.0156,0.0195,0.9048,1282.826,500000,0.0,-0.007800000000000001,-0.0038999999999999035,0.008720665112249138,tap3,slow,normal,20260810_135255,False
1285323,0.0195,0.0273,0.9048,1285.323,500000,0.0039000000000000007,0.0,-0.0038999999999999035,0.005515432893255003,tap3,slow,normal,20260810_135255,False
1287818,0.0156,0.0273,0.9087,1287.818,500000,0.0,0.0,0.0,0.0,tap3,slow,normal,20260810_135255,False
1290327,0.0156,0.0312,0.9087,1290.327,500000,0.0,0.0038999999999999972,0.0,0.0038999999999999972,tap3,slow,normal,20260810_135255,False
1293144,0.0117,0.0273,0.9048,1293.144,500000,-0.003899999999999999,0.0,-0.0038999999999999035,0.005515432893255002,tap3,slow,normal,20260810_135255,False
1295326,0.0273,0.0234,0.9165,1295.326,500000,0.011700000000000002,-0.0039000000000000007,0.007800000000000029,0.01459246380841839,tap3,slow,normal,20260810_135255,False
1297801,0.0195,0.0273,0.9165,1297.801,500000,0.0039000000000000007,0.0,0.007800000000000029,0.008720665112249207,tap3,slow,normal,20260810_135255,False
1300311,0.0117,0.0234,0.9126,1300.311,500000,-0.003899999999999999,-0.0039000000000000007,0.0039000000000000146,0.00675499814951863,tap3,slow,normal,20260810_135255,False
1302826,0.0156,0.0273,0.9126,1302.826,500000,0.0,0.0,0.0039000000000000146,0.0039000000000000146,tap3,slow,normal,20260810_135255,False
1305320,0.0078,0.0234,0.9087,1305.32,500000,-0.0078,-0.0039000000000000007,0.0,0.00872066511224918,tap3,slow,normal,20260810_135255,False
1307828,0.0117,0.0234,0.9048,1307.828,500000,-0.003899999999999999,-0.0039000000000000007,-0.0038999999999999035,0.006754998149518566,tap3,slow,normal,20260810_135255,False
1310304,0.0156,0.0273,0.9165,1310.304,500000,0.0,0.0,0.007800000000000029,0.007800000000000029,tap3,slow,normal,20260810_135255,False
1312822,0.0156,0.0273,0.9165,1312.822,500000,0.0,0.0,0.007800000000000029,0.007800000000000029,tap3,slow,normal,20260810_135255,False
1315300,0.0195,0.0234,0.9204,1315.3,500000,0.0039000000000000007,-0.0039000000000000007,0.011700000000000044,0.012934836682386099,tap3,slow,normal,20260810_135255,False
1317828,0.0078,0.0312,0.9126,1317.828,500000,-0.0078,0.0038999999999999972,0.0039000000000000146,0.0095530099968544,tap3,slow,normal,20260810_135255,False
1320320,0.0156,0.0234,0.9048,1320.32,500000,0.0,-0.0039000000000000007,-0.0038999999999999035,0.005515432893255003,tap3,slow,normal,20260810_135255,False
1322817,0.0156,0.0195,0.9126,1322.817,500000,0.0,-0.007800000000000001,0.0039000000000000146,0.008720665112249188,tap3,slow,normal,20260810_135255,False
1325308,0.0117,0.0234,0.9048,1325.308,500000,-0.003899999999999999,-0.0039000000000000007,-0.0038999999999999035,0.006754998149518566,tap3,slow,normal,20260810_135255,False
1327826,0.0117,0.0312,0.9009,1327.826,500000,-0.003899999999999999,0.0038999999999999972,-0.007799999999999918,0.009553009996854326,tap3,slow,normal,20260810_135255,False
1330314,0.0156,0.0234,0.9165,1330.314,500000,0.0,-0.0039000000000000007,0.007800000000000029,0.008720665112249207,tap3,slow,normal,20260810_135255,False
1332814,0.0273,0.0234,0.9126,1332.814,500000,0.011700000000000002,-0.0039000000000000007,0.0039000000000000146,0.012934836682386066,tap3,slow,normal,20260810_135255,False
1335299,0.0117,0.0273,0.9126,1335.299,500000,-0.003899999999999999,0.0,0.0039000000000000146,0.00551543289325508,tap3,slow,normal,20260810_135255,False
1337816,0.0117,0.0273,0.9126,1337.816,500000,-0.003899999999999999,0.0,0.0039000000000000146,0.00551543289325508,tap3,slow,normal,20260810_135255,False
1340306,0.0156,0.0195,0.8892,1340.306,500000,0.0,-0.007800000000000001,-0.019499999999999962,0.021002142747824533,tap3,slow,normal,20260810_135255,False
1342801,0.0117,0.0273,0.9204,1342.801,500000,-0.003899999999999999,0.0,0.011700000000000044,0.01233288287465672,tap3,slow,normal,20260810_135255,False
1345305,0.0117,0.0273,0.8931,1345.305,500000,-0.003899999999999999,0.0,-0.015599999999999947,0.016080111939908825,tap3,slow,normal,20260810_135255,False
1347800,0.0156,0.0273,0.897,1347.8,500000,0.0,0.0,-0.011699999999999933,0.011699999999999933,tap3,slow,normal,20260810_135255,False
1350314,0.0117,0.0312,0.9048,1350.314,500000,-0.003899999999999999,0.0038999999999999972,-0.0038999999999999035,0.006754998149518563,tap3,slow,normal,20260810_135255,False
1352807,0.0156,0.0312,0.9048,1352.807,500000,0.0,0.0038999999999999972,-0.0038999999999999035,0.005515432893255,tap3,slow,normal,20260810_135255,False
1355314,0.0078,0.0273,0.9126,1355.314,500000,-0.0078,0.0,0.0039000000000000146,0.008720665112249186,tap3,slow,normal,20260810_135255,False
1357817,0.0078,0.0351,0.9165,1357.817,500000,-0.0078,0.007799999999999998,0.007800000000000029,0.013509996299037258,tap3,slow,normal,20260810_135255,False
1360326,0.0117,0.0312,0.9165,1360.326,500000,-0.003899999999999999,0.0038999999999999972,0.007800000000000029,0.009553009996854416,tap3,slow,normal,20260810_135255,False
1362820,0.0156,0.0273,0.9126,1362.82,500000,0.0,0.0,0.0039000000000000146,0.0039000000000000146,tap3,slow,normal,20260810_135255,False
1365317,0.0234,0.0234,0.9204,1365.317,500000,0.007800000000000001,-0.0039000000000000007,0.011700000000000044,0.014592463808418409,tap3,slow,normal,20260810_135255,False
1367825,0.0195,0.0312,0.9204,1367.825,500000,0.0039000000000000007,0.0038999999999999972,0.011700000000000044,0.012934836682386099,tap3,slow,normal,20260810_135255,False
1370305,0.0234,0.0312,0.9165,1370.305,500000,0.007800000000000001,0.0038999999999999972,0.007800000000000029,0.01170000000000002,tap3,slow,normal,20260810_135255,False
1372828,0.0195,0.0312,0.9087,1372.828,500000,0.0039000000000000007,0.0038999999999999972,0.0,0.0055154328932550695,tap3,slow,normal,20260810_135255,False
1375300,0.0195,0.0312,0.9165,1375.3,500000,0.0039000000000000007,0.0038999999999999972,0.007800000000000029,0.009553009996854418,tap3,slow,normal,20260810_135255,False
1377828,0.0195,0.039,0.9087,1377.828,500000,0.0039000000000000007,0.011699999999999999,0.0,0.012332882874656679,tap3,slow,normal,20260810_135255,False
1380305,0.0234,0.0273,0.9165,1380.305,500000,0.007800000000000001,0.0,0.007800000000000029,0.011030865786510163,tap3,slow,normal,20260810_135255,False
1382805,0.0156,0.0273,0.9165,1382.805,500000,0.0,0.0,0.007800000000000029,0.007800000000000029,tap3,slow,normal,20260810_135255,False
1385311,0.0234,0.0273,0.9126,1385.311,500000,0.007800000000000001,0.0,0.0039000000000000146,0.008720665112249188,tap3,slow,normal,20260810_135255,False
1387810,0.0117,0.0273,0.9048,1387.81,500000,-0.003899999999999999,0.0,-0.0038999999999999035,0.005515432893255002,tap3,slow,normal,20260810_135255,False
1390322,0.0156,0.0273,0.9126,1390.322,500000,0.0,0.0,0.0039000000000000146,0.0039000000000000146,tap3,slow,normal,20260810_135255,False
1392807,0.0156,0.0273,0.9126,1392.807,500000,0.0,0.0,0.0039000000000000146,0.0039000000000000146,tap3,slow,normal,20260810_135255,False
1395547,0.0195,0.039,0.9126,1395.547,500000,0.0039000000000000007,0.011699999999999999,0.0039000000000000146,0.012934836682386064,tap3,slow,normal,20260810_135255,False
1397825,0.0078,0.0351,0.9087,1397.825,500000,-0.0078,0.007799999999999998,0.0,0.011030865786510139,tap3,slow,normal,20260810_135255,False
1400313,0.0156,0.0195,0.9126,1400.313,500000,0.0,-0.007800000000000001,0.0039000000000000146,0.008720665112249188,tap3,slow,normal,20260810_135255,False
1402801,0.0117,0.0195,0.9087,1402.801,500000,-0.003899999999999999,-0.007800000000000001,0.0,0.00872066511224918,tap3,slow,normal,20260810_135255,False
1405303,0.0117,0.0312,0.9126,1405.303,500000,-0.003899999999999999,0.0038999999999999972,0.0039000000000000146,0.006754998149518627,tap3,slow,normal,20260810_135255,False
1407809,0.0117,0.0234,0.9126,1407.809,500000,-0.003899999999999999,-0.0039000000000000007,0.0039000000000000146,0.00675499814951863,tap3,slow,normal,20260810_135255,False
1410320,0.0234,0.0195,0.9126,1410.32,500000,0.007800000000000001,-0.007800000000000001,0.0039000000000000146,0.011700000000000007,tap3,slow,normal,20260810_135255,False
1412800,0.0156,0.0273,0.9165,1412.8,500000,0.0,0.0,0.007800000000000029,0.007800000000000029,tap3,slow,normal,20260810_135255,False
1415301,0.0117,0.039,0.9165,1415.301,500000,-0.003899999999999999,0.011699999999999999,0.007800000000000029,0.014592463808418386,tap3,slow,normal,20260810_135255,False
1417806,0.0078,0.0351,0.9087,1417.806,500000,-0.0078,0.007799999999999998,0.0,0.011030865786510139,tap3,slow,normal,20260810_135255,False
1420320,0.0117,0.0273,0.9126,1420.32,500000,-0.003899999999999999,0.0,0.0039000000000000146,0.00551543289325508,tap3,slow,normal,20260810_135255,False
1422814,0.0156,0.0234,0.9087,1422.814,500000,0.0,-0.0039000000000000007,0.0,0.0039000000000000007,tap3,slow,normal,20260810_135255,False
1425304,0.0078,0.0273,0.9087,1425.304,500000,-0.0078,0.0,0.0,0.0078,tap3,slow,normal,20260810_135255,False
1427819,0.0156,0.0273,0.9048,1427.819,500000,0.0,0.0,-0.0038999999999999035,0.0038999999999999035,tap3,slow,normal,20260810_135255,False
1430323,0.0117,0.0312,0.9126,1430.323,500000,-0.003899999999999999,0.0038999999999999972,0.0039000000000000146,0.006754998149518627,tap3,slow,normal,20260810_135255,False
1432806,0.0156,0.0195,0.9087,1432.806,500000,0.0,-0.007800000000000001,0.0,0.007800000000000001,tap3,slow,normal,20260810_135255,False
1435314,0.0117,0.0234,0.9048,1435.314,500000,-0.003899999999999999,-0.0039000000000000007,-0.0038999999999999035,0.006754998149518566,tap3,slow,normal,20260810_135255,False
1437803,0.0195,0.0234,0.9204,1437.803,500000,0.0039000000000000007,-0.0039000000000000007,0.011700000000000044,0.012934836682386099,tap3,slow,normal,20260810_135255,False
1440302,0.0117,0.0273,0.9165,1440.302,500000,-0.003899999999999999,0.0,0.007800000000000029,0.008720665112249205,tap3,slow,normal,20260810_135255,False
1442819,0.0156,0.0273,0.9087,1442.819,500000,0.0,0.0,0.0,0.0,tap3,slow,normal,20260810_135255,False
1445325,0.0156,0.0273,0.9087,1445.325,500000,0.0,0.0,0.0,0.0,tap3,slow,normal,20260810_135255,False
1447801,0.0156,0.0273,0.9087,1447.801,500000,0.0,0.0,0.0,0.0,tap3,slow,normal,20260810_135255,False
1450305,0.0195,0.0234,0.9048,1450.305,500000,0.0039000000000000007,-0.0039000000000000007,-0.0038999999999999035,0.006754998149518567,tap3,slow,normal,20260810_135255,False
1452828,0.0195,0.0234,0.9165,1452.828,500000,0.0039000000000000007,-0.0039000000000000007,0.007800000000000029,0.00955300999685442,tap3,slow,normal,20260810_135255,False
1455300,0.0195,0.0234,0.897,1455.3,500000,0.0039000000000000007,-0.0039000000000000007,-0.011699999999999933,0.012934836682385998,tap3,slow,normal,20260810_135255,False
1457806,0.0117,0.0312,0.9087,1457.806,500000,-0.003899999999999999,0.0038999999999999972,0.0,0.005515432893255068,tap3,slow,normal,20260810_135255,False
1460323,0.0195,0.0273,0.9126,1460.323,500000,0.0039000000000000007,0.0,0.0039000000000000146,0.005515432893255082,tap3,slow,normal,20260810_135255,False
1462825,0.0078,0.0234,0.9087,1462.825,500000,-0.0078,-0.0039000000000000007,0.0,0.00872066511224918,tap3,slow,normal,20260810_135255,False
1465305,0.0156,0.0195,0.9126,1465.305,500000,0.0,-0.007800000000000001,0.0039000000000000146,0.008720665112249188,tap3,slow,normal,20260810_135255,False
1467806,0.0117,0.0351,0.9204,1467.806,500000,-0.003899999999999999,0.007799999999999998,0.011700000000000044,0.014592463808418405,tap3,slow,normal,20260810_135255,False
1470322,0.0156,0.0234,0.9126,1470.322,500000,0.0,-0.0039000000000000007,0.0039000000000000146,0.005515432893255082,tap3,slow,normal,20260810_135255,False
1472809,0.0156,0.0195,0.9087,1472.809,500000,0.0,-0.007800000000000001,0.0,0.007800000000000001,tap3,slow,normal,20260810_135255,False
1475316,0.0117,0.0195,0.9087,1475.316,500000,-0.003899999999999999,-0.007800000000000001,0.0,0.00872066511224918,tap3,slow,normal,20260810_135255,False
1477801,0.0195,0.0273,0.9165,1477.801,500000,0.0039000000000000007,0.0,0.007800000000000029,0.008720665112249207,tap3,slow,normal,20260810_135255,False
1480316,0.0195,0.0312,0.9048,1480.316,500000,0.0039000000000000007,0.0038999999999999972,-0.0038999999999999035,0.006754998149518564,tap3,slow,normal,20260810_135255,False
1482804,0.0117,0.0312,0.9048,1482.804,500000,-0.003899999999999999,0.0038999999999999972,-0.0038999999999999035,0.006754998149518563,tap3,slow,normal,20260810_135255,False
1485312,0.0156,0.0234,0.897,1485.312,500000,0.0,-0.0039000000000000007,-0.011699999999999933,0.012332882874656616,tap3,slow,normal,20260810_135255,False
1487816,0.0195,0.0234,0.9048,1487.816,500000,0.0039000000000000007,-0.0039000000000000007,-0.0038999999999999035,0.006754998149518567,tap3,slow,normal,20260810_135255,False
1490303,0.0156,0.0273,0.9087,1490.303,500000,0.0,0.0,0.0,0.0,tap3,slow,normal,20260810_135255,False
1492801,0.0195,0.0273,0.9048,1492.801,500000,0.0039000000000000007,0.0,-0.0038999999999999035,0.005515432893255003,tap3,slow,normal,20260810_135255,False
1495311,0.0156,0.0234,0.9126,1495.311,500000,0.0,-0.0039000000000000007,0.0039000000000000146,0.005515432893255082,tap3,slow,normal,20260810_135255,False
1497948,0.0078,0.0273,0.9126,1497.948,500000,-0.0078,0.0,0.0039000000000000146,0.008720665112249186,tap3,slow,normal,20260810_135255,False
1500322,0.0195,0.0312,0.9009,1500.322,500000,0.0039000000000000007,0.0038999999999999972,-0.007799999999999918,0.009553009996854326,tap3,slow,normal,20260810_135255,False
1502815,0.0195,0.0234,0.9009,1502.815,500000,0.0039000000000000007,-0.0039000000000000007,-0.007799999999999918,0.009553009996854328,tap3,slow,normal,20260810_135255,False
1505312,0.0156,0.0312,0.9165,1505.312,500000,0.0,0.0038999999999999972,0.007800000000000029,0.008720665112249205,tap3,slow,normal,20260810_135255,False
1507806,0.0156,0.0312,0.9087,1507.806,500000,0.0,0.0038999999999999972,0.0,0.0038999999999999972,tap3,slow,normal,20260810_135255,False
1510313,0.0195,0.0195,0.9126,1510.313,500000,0.0039000000000000007,-0.007800000000000001,0.0039000000000000146,0.009553009996854402,tap3,slow,normal,20260810_135255,False
1512823,0.0156,0.0234,0.9009,1512.823,500000,0.0,-0.0039000000000000007,-0.007799999999999918,0.008720665112249107,tap3,slow,normal,20260810_135255,False
1515324,0.0195,0.0234,0.9009,1515.324,500000,0.0039000000000000007,-0.0039000000000000007,-0.007799999999999918,0.009553009996854328,tap3,slow,normal,20260810_135255,False
1517818,0.0117,0.0273,0.9048,1517.818,500000,-0.003899999999999999,0.0,-0.0038999999999999035,0.005515432893255002,tap3,slow,normal,20260810_135255,False
1520302,0.0156,0.0312,0.9087,1520.302,500000,0.0,0.0038999999999999972,0.0,0.0038999999999999972,tap3,slow,normal,20260810_135255,False
1522822,0.0117,0.0273,0.9126,1522.822,500000,-0.003899999999999999,0.0,0.0039000000000000146,0.00551543289325508,tap3,slow,normal,20260810_135255,False
1525317,0.0117,0.0234,0.9009,1525.317,500000,-0.003899999999999999,-0.0039000000000000007,-0.007799999999999918,0.009553009996854328,tap3,slow,normal,20260810_135255,False
1527814,0.0156,0.0312,0.9087,1527.814,500000,0.0,0.0038999999999999972,0.0,0.0038999999999999972,tap3,slow,normal,20260810_135255,False
1530326,0.0156,0.0312,0.9126,1530.326,500000,0.0,0.0038999999999999972,0.0039000000000000146,0.005515432893255079,tap3,slow,normal,20260810_135255,False
1532801,0.0156,0.0273,0.9165,1532.801,500000,0.0,0.0,0.007800000000000029,0.007800000000000029,tap3,slow,normal,20260810_135255,False
1535312,0.0117,0.0312,0.9009,1535.312,500000,-0.003899999999999999,0.0038999999999999972,-0.007799999999999918,0.009553009996854326,tap3,slow,normal,20260810_135255,False
1537804,0.0156,0.0312,0.9165,1537.804,500000,0.0,0.0038999999999999972,0.007800000000000029,0.008720665112249205,tap3,slow,normal,20260810_135255,False
1540325,0.0117,0.0312,0.9126,1540.325,500000,-0.003899999999999999,0.0038999999999999972,0.0039000000000000146,0.006754998149518627,tap3,slow,normal,20260810_135255,False
1542811,0.0195,0.0312,0.9165,1542.811,500000,0.0039000000000000007,0.0038999999999999972,0.007800000000000029,0.009553009996854418,tap3,slow,normal,20260810_135255,False
1545319,0.0117,0.0429,0.9165,1545.319,500000,-0.003899999999999999,0.0156,0.007800000000000029,0.01787204521032779,tap3,slow,normal,20260810_135255,False
1547825,0.0117,0.0312,0.9126,1547.825,500000,-0.003899999999999999,0.0038999999999999972,0.0039000000000000146,0.006754998149518627,tap3,slow,normal,20260810_135255,False
1550299,0.0117,0.0273,0.9087,1550.299,500000,-0.003899999999999999,0.0,0.0,0.003899999999999999,tap3,slow,normal,20260810_135255,False
1552825,0.0195,0.0273,0.9087,1552.825,500000,0.0039000000000000007,0.0,0.0,0.0039000000000000007,tap3,slow,normal,20260810_135255,False
1555300,0.0195,0.0273,0.9087,1555.3,500000,0.0039000000000000007,0.0,0.0,0.0039000000000000007,tap3,slow,normal,20260810_135255,False
1557805,0.0195,0.039,0.9204,1557.805,500000,0.0039000000000000007,0.011699999999999999,0.011700000000000044,0.016999705879808657,tap3,slow,normal,20260810_135255,False
1560314,0.0195,0.0234,0.9087,1560.314,500000,0.0039000000000000007,-0.0039000000000000007,0.0,0.005515432893255071,tap3,slow,normal,20260810_135255,False
1562806,0.0234,0.0195,0.9087,1562.806,500000,0.007800000000000001,-0.007800000000000001,0.0,0.011030865786510143,tap3,slow,normal,20260810_135255,False
1565312,0.0117,0.0234,0.9048,1565.312,500000,-0.003899999999999999,-0.0039000000000000007,-0.0038999999999999035,0.006754998149518566,tap3,slow,normal,20260810_135255,False
1567812,0.0156,0.0273,0.9165,1567.812,500000,0.0,0.0,0.007800000000000029,0.007800000000000029,tap3,slow,normal,20260810_135255,False
1570323,0.0195,0.0273,0.9126,1570.323,500000,0.0039000000000000007,0.0,0.0039000000000000146,0.005515432893255082,tap3,slow,normal,20260810_135255,False
1572816,0.0117,0.0234,0.9048,1572.816,500000,-0.003899999999999999,-0.0039000000000000007,-0.0038999999999999035,0.006754998149518566,tap3,slow,normal,20260810_135255,False
1575318,0.0117,0.0312,0.9126,1575.318,500000,-0.003899999999999999,0.0038999999999999972,0.0039000000000000146,0.006754998149518627,tap3,slow,normal,20260810_135255,False
1577800,0.0117,0.0312,0.9126,1577.8,500000,-0.003899999999999999,0.0038999999999999972,0.0039000000000000146,0.006754998149518627,tap3,slow,normal,20260810_135255,False
1580309,0.0117,0.0312,0.9165,1580.309,500000,-0.003899999999999999,0.0038999999999999972,0.007800000000000029,0.009553009996854416,tap3,slow,normal,20260810_135255,False
1582828,0.0078,0.0351,0.9204,1582.828,500000,-0.0078,0.007799999999999998,0.011700000000000044,0.016080111939908905,tap3,slow,normal,20260810_135255,False
1585300,0.0156,0.0234,0.9243,1585.3,500000,0.0,-0.0039000000000000007,0.015600000000000058,0.016080111939908933,tap3,slow,normal,20260810_135255,False
1587828,0.0195,0.039,0.9009,1587.828,500000,0.0039000000000000007,0.011699999999999999,-0.007799999999999918,0.014592463808418327,tap3,slow,normal,20260810_135255,False
1590311,0.0195,0.0312,0.9048,1590.311,500000,0.0039000000000000007,0.0038999999999999972,-0.0038999999999999035,0.006754998149518564,tap3,slow,normal,20260810_135255,False
1592818,0.0156,0.0312,0.9087,1592.818,500000,0.0,0.0038999999999999972,0.0,0.0038999999999999972,tap3,slow,normal,20260810_135255,False
1595303,0.0195,0.0273,0.9126,1595.303,500000,0.0039000000000000007,0.0,0.0039000000000000146,0.005515432893255082,tap3,slow,normal,20260810_135255,False
1597806,0.0156,0.0234,0.9165,1597.806,500000,0.0,-0.0039000000000000007,0.007800000000000029,0.008720665112249207,tap3,slow,normal,20260810_135255,False
1600349,0.0156,0.0273,0.9204,1600.349,500000,0.0,0.0,0.011700000000000044,0.011700000000000044,tap3,slow,normal,20260810_135255,False
1602818,0.0195,0.0312,0.9126,1602.818,500000,0.0039000000000000007,0.0038999999999999972,0.0039000000000000146,0.006754998149518628,tap3,slow,normal,20260810_135255,False
1605317,0.0117,0.0234,0.9126,1605.317,500000,-0.003899999999999999,-0.0039000000000000007,0.0039000000000000146,0.00675499814951863,tap3,slow,normal,20260810_135255,False
1607828,0.0117,0.0273,0.9087,1607.828,500000,-0.003899999999999999,0.0,0.0,0.003899999999999999,tap3,slow,normal,20260810_135255,False
1610311,0.0039,0.0234,0.9048,1610.311,500000,-0.011699999999999999,-0.0039000000000000007,-0.0038999999999999035,0.01293483668238603,tap3,slow,normal,20260810_135255,False
1612824,0.0117,0.0234,0.9126,1612.824,500000,-0.003899999999999999,-0.0039000000000000007,0.0039000000000000146,0.00675499814951863,tap3,slow,normal,20260810_135255,False
1615328,0.0156,0.0312,0.9165,1615.328,500000,0.0,0.0038999999999999972,0.007800000000000029,0.008720665112249205,tap3,slow,normal,20260810_135255,False
1617824,0.0195,0.0234,0.9165,1617.824,500000,0.0039000000000000007,-0.0039000000000000007,0.007800000000000029,0.00955300999685442,tap3,slow,normal,20260810_135255,False
1620320,0.0156,0.0312,0.9165,1620.32,500000,0.0,0.0038999999999999972,0.007800000000000029,0.008720665112249205,tap3,slow,normal,20260810_135255,False
1622812,0.0156,0.0234,0.9243,1622.812,500000,0.0,-0.0039000000000000007,0.015600000000000058,0.016080111939908933,tap3,slow,normal,20260810_135255,False
1625328,0.0117,0.0273,0.9126,1625.328,500000,-0.003899999999999999,0.0,0.0039000000000000146,0.00551543289325508,tap3,slow,normal,20260810_135255,False
1627814,0.0117,0.0195,0.9087,1627.814,500000,-0.003899999999999999,-0.007800000000000001,0.0,0.00872066511224918,tap3,slow,normal,20260810_135255,False
1630300,0.0117,0.0273,0.9048,1630.3,500000,-0.003899999999999999,0.0,-0.0038999999999999035,0.005515432893255002,tap3,slow,normal,20260810_135255,False
1632800,0.0117,0.0273,0.9048,1632.8,500000,-0.003899999999999999,0.0,-0.0038999999999999035,0.005515432893255002,tap3,slow,normal,20260810_135255,False
1635307,0.0117,0.0234,0.9048,1635.307,500000,-0.003899999999999999,-0.0039000000000000007,-0.0038999999999999035,0.006754998149518566,tap3,slow,normal,20260810_135255,False
1637825,0.0117,0.0234,0.9087,1637.825,500000,-0.003899999999999999,-0.0039000000000000007,0.0,0.00551543289325507,tap3,slow,normal,20260810_135255,False
1640323,0.0156,0.0234,0.9165,1640.323,500000,0.0,-0.0039000000000000007,0.007800000000000029,0.008720665112249207,tap3,slow,normal,20260810_135255,False
1642806,0.0117,0.0273,0.9087,1642.806,500000,-0.003899999999999999,0.0,0.0,0.003899999999999999,tap3,slow,normal,20260810_135255,False
1645321,0.0117,0.0234,0.9087,1645.321,500000,-0.003899999999999999,-0.0039000000000000007,0.0,0.00551543289325507,tap3,slow,normal,20260810_135255,False
1647799,0.0117,0.0273,0.9165,1647.799,500000,-0.003899999999999999,0.0,0.007800000000000029,0.008720665112249205,tap3,slow,normal,20260810_135255,False
1650306,0.0078,0.0312,0.9126,1650.306,500000,-0.0078,0.0038999999999999972,0.0039000000000000146,0.0095530099968544,tap3,slow,normal,20260810_135255,False
1652822,0.0156,0.0312,0.9048,1652.822,500000,0.0,0.0038999999999999972,-0.0038999999999999035,0.005515432893255,tap3,slow,normal,20260810_135255,False
1655322,0.0078,0.0312,0.9087,1655.322,500000,-0.0078,0.0038999999999999972,0.0,0.00872066511224918,tap3,slow,normal,20260810_135255,False
1657810,0.0156,0.0234,0.9087,1657.81,500000,0.0,-0.0039000000000000007,0.0,0.0039000000000000007,tap3,slow,normal,20260810_135255,False
1660313,0.0117,0.0273,0.9048,1660.313,500000,-0.003899999999999999,0.0,-0.0038999999999999035,0.005515432893255002,tap3,slow,normal,20260810_135255,False
1662801,0.0117,0.0273,0.9048,1662.801,500000,-0.003899999999999999,0.0,-0.0038999999999999035,0.005515432893255002,tap3,slow,normal,20260810_135255,False
1665304,0.0078,0.0312,0.9087,1665.304,500000,-0.0078,0.0038999999999999972,0.0,0.00872066511224918,tap3,slow,normal,20260810_135255,False
1667809,0.0117,0.039,0.9087,1667.809,500000,-0.003899999999999999,0.011699999999999999,0.0,0.012332882874656677,tap3,slow,normal,20260810_135255,False
1670320,0.0156,0.039,0.9048,1670.32,500000,0.0,0.011699999999999999,-0.0038999999999999035,0.012332882874656647,tap3,slow,normal,20260810_135255,False
1672814,0.0195,0.0273,0.9165,1672.814,500000,0.0039000000000000007,0.0,0.007800000000000029,0.008720665112249207,tap3,slow,normal,20260810_135255,False
1675315,0.0117,0.0312,0.9126,1675.315,500000,-0.003899999999999999,0.0038999999999999972,0.0039000000000000146,0.006754998149518627,tap3,slow,normal,20260810_135255,False
1677807,0.0117,0.0273,0.9087,1677.807,500000,-0.003899999999999999,0.0,0.0,0.003899999999999999,tap3,slow,normal,20260810_135255,False
1680321,0.0117,0.0273,0.9204,1680.321,500000,-0.003899999999999999,0.0,0.011700000000000044,0.01233288287465672,tap3,slow,normal,20260810_135255,False
1682812,0.0156,0.0273,0.9165,1682.812,500000,0.0,0.0,0.007800000000000029,0.007800000000000029,tap3,slow,normal,20260810_135255,False
1685318,0.0195,0.0234,0.9204,1685.318,500000,0.0039000000000000007,-0.0039000000000000007,0.011700000000000044,0.012934836682386099,tap3,slow,normal,20260810_135255,False
1687799,0.0117,0.0273,0.9087,1687.799,500000,-0.003899999999999999,0.0,0.0,0.003899999999999999,tap3,slow,normal,20260810_135255,False
1690308,0.0156,0.0273,0.9048,1690.308,500000,0.0,0.0,-0.0038999999999999035,0.0038999999999999035,tap3,slow,normal,20260810_135255,False
1692807,0.0195,0.0234,0.9126,1692.807,500000,0.0039000000000000007,-0.0039000000000000007,0.0039000000000000146,0.006754998149518631,tap3,slow,normal,20260810_135255,False
1695314,0.0156,0.0312,0.9009,1695.314,500000,0.0,0.0038999999999999972,-0.007799999999999918,0.008720665112249105,tap3,slow,normal,20260810_135255,False
1697814,0.0156,0.0273,0.9126,1697.814,500000,0.0,0.0,0.0039000000000000146,0.0039000000000000146,tap3,slow,normal,20260810_135255,False
1700301,0.0078,0.0273,0.9087,1700.301,500000,-0.0078,0.0,0.0,0.0078,tap3,slow,normal,20260810_135255,False
1702807,0.0117,0.0312,0.9048,1702.807,500000,-0.003899999999999999,0.0038999999999999972,-0.0038999999999999035,0.006754998149518563,tap3,slow,normal,20260810_135255,False
1705319,0.0156,0.0234,0.9048,1705.319,500000,0.0,-0.0039000000000000007,-0.0038999999999999035,0.005515432893255003,tap3,slow,normal,20260810_135255,False
1707823,0.0195,0.0312,0.897,1707.823,500000,0.0039000000000000007,0.0038999999999999972,-0.011699999999999933,0.012934836682385998,tap3,slow,normal,20260810_135255,False
1710300,0.0117,0.0351,0.9087,1710.3,500000,-0.003899999999999999,0.007799999999999998,0.0,0.008720665112249178,tap3,slow,normal,20260810_135255,False
1712799,0.0195,0.0234,0.9204,1712.799,500000,0.0039000000000000007,-0.0039000000000000007,0.011700000000000044,0.012934836682386099,tap3,slow,normal,20260810_135255,False
1715306,0.0117,0.0273,0.9087,1715.306,500000,-0.003899999999999999,0.0,0.0,0.003899999999999999,tap3,slow,normal,20260810_135255,False
1717804,0.0117,0.0234,0.9087,1717.804,500000,-0.003899999999999999,-0.0039000000000000007,0.0,0.00551543289325507,tap3,slow,normal,20260810_135255,False
1720299,0.0117,0.0312,0.9126,1720.299,500000,-0.003899999999999999,0.0038999999999999972,0.0039000000000000146,0.006754998149518627,tap3,slow,normal,20260810_135255,False
1722826,0.0195,0.0273,0.9048,1722.826,500000,0.0039000000000000007,0.0,-0.0038999999999999035,0.005515432893255003,tap3,slow,normal,20260810_135255,False
1725312,0.0234,0.0273,0.9126,1725.312,500000,0.007800000000000001,0.0,0.0039000000000000146,0.008720665112249188,tap3,slow,normal,20260810_135255,False
1727825,0.0195,0.0234,0.9087,1727.825,500000,0.0039000000000000007,-0.0039000000000000007,0.0,0.005515432893255071,tap3,slow,normal,20260810_135255,False
1730312,0.0078,0.0351,0.9165,1730.312,500000,-0.0078,0.007799999999999998,0.007800000000000029,0.013509996299037258,tap3,slow,normal,20260810_135255,False
1732804,0.0117,0.0234,0.9087,1732.804,500000,-0.003899999999999999,-0.0039000000000000007,0.0,0.00551543289325507,tap3,slow,normal,20260810_135255,False
1735308,0.0078,0.0273,0.9126,1735.308,500000,-0.0078,0.0,0.0039000000000000146,0.008720665112249186,tap3,slow,normal,20260810_135255,False
1737824,0.0117,0.0312,0.9165,1737.824,500000,-0.003899999999999999,0.0038999999999999972,0.007800000000000029,0.009553009996854416,tap3,slow,normal,20260810_135255,False
1740320,0.0195,0.0195,0.9126,1740.32,500000,0.0039000000000000007,-0.007800000000000001,0.0039000000000000146,0.009553009996854402,tap3,slow,normal,20260810_135255,False
1742806,0.0078,0.0273,0.9048,1742.806,500000,-0.0078,0.0,-0.0038999999999999035,0.008720665112249136,tap3,slow,normal,20260810_135255,False
1745314,0.0195,0.0273,0.9087,1745.314,500000,0.0039000000000000007,0.0,0.0,0.0039000000000000007,tap3,slow,normal,20260810_135255,False
1747825,0.0156,0.0273,0.9087,1747.825,500000,0.0,0.0,0.0,0.0,tap3,slow,normal,20260810_135255,False
1750304,0.0156,0.0273,0.9048,1750.304,500000,0.0,0.0,-0.0038999999999999035,0.0038999999999999035,tap3,slow,normal,20260810_135255,False
1752824,0.0078,0.0312,0.9087,1752.824,500000,-0.0078,0.0038999999999999972,0.0,0.00872066511224918,tap3,slow,normal,20260810_135255,False
1755302,0.0117,0.0234,0.9087,1755.302,500000,-0.003899999999999999,-0.0039000000000000007,0.0,0.00551543289325507,tap3,slow,normal,20260810_135255,False
1757804,0.0234,0.0273,0.9087,1757.804,500000,0.007800000000000001,0.0,0.0,0.007800000000000001,tap3,slow,normal,20260810_135255,False
1760320,0.0156,0.0273,0.9126,1760.32,500000,0.0,0.0,0.0039000000000000146,0.0039000000000000146,tap3,slow,normal,20260810_135255,False
1762814,0.0117,0.0234,0.9048,1762.814,500000,-0.003899999999999999,-0.0039000000000000007,-0.0038999999999999035,0.006754998149518566,tap3,slow,normal,20260810_135255,False
1765320,0.0156,0.0273,0.9126,1765.32,500000,0.0,0.0,0.0039000000000000146,0.0039000000000000146,tap3,slow,normal,20260810_135255,False
1767823,0.0156,0.0156,0.9126,1767.823,500000,0.0,-0.011700000000000002,0.0039000000000000146,0.012332882874656687,tap3,slow,normal,20260810_135255,False
1770300,0.0156,0.0273,0.9048,1770.3,500000,0.0,0.0,-0.0038999999999999035,0.0038999999999999035,tap3,slow,normal,20260810_135255,False
1772824,0.0156,0.0273,0.9048,1772.824,500000,0.0,0.0,-0.0038999999999999035,0.0038999999999999035,tap3,slow,normal,20260810_135255,False
1775302,0.0195,0.0234,0.9048,1775.302,500000,0.0039000000000000007,-0.0039000000000000007,-0.0038999999999999035,0.006754998149518567,tap3,slow,normal,20260810_135255,False
1777803,0.0156,0.0312,0.9087,1777.803,500000,0.0,0.0038999999999999972,0.0,0.0038999999999999972,tap3,slow,normal,20260810_135255,False
1780302,0.0234,0.0312,0.9048,1780.302,500000,0.007800000000000001,0.0038999999999999972,-0.0038999999999999035,0.009553009996854355,tap3,slow,normal,20260810_135255,False
1782799,0.0195,0.0234,0.9087,1782.799,500000,0.0039000000000000007,-0.0039000000000000007,0.0,0.005515432893255071,tap3,slow,normal,20260810_135255,False
1785299,0.0156,0.0312,0.9048,1785.299,500000,0.0,0.0038999999999999972,-0.0038999999999999035,0.005515432893255,tap3,slow,normal,20260810_135255,False
1787805,0.0117,0.0234,0.9126,1787.805,500000,-0.003899999999999999,-0.0039000000000000007,0.0039000000000000146,0.00675499814951863,tap3,slow,normal,20260810_135255,False
1790305,0.0156,0.0273,0.9048,1790.305,500000,0.0,0.0,-0.0038999999999999035,0.0038999999999999035,tap3,slow,normal,20260810_135255,False
1792804,0.0234,0.0234,0.9126,1792.804,500000,0.007800000000000001,-0.0039000000000000007,0.0039000000000000146,0.009553009996854402,tap3,slow,normal,20260810_135255,False
1795315,0.0117,0.0351,0.9087,1795.315,500000,-0.003899999999999999,0.007799999999999998,0.0,0.008720665112249178,tap3,slow,normal,20260810_135255,False
1797812,0.0234,0.0273,0.9087,1797.812,500000,0.007800000000000001,0.0,0.0,0.007800000000000001,tap3,slow,normal,20260810_135255,False
1800324,0.0117,0.0273,0.9165,1800.324,500000,-0.003899999999999999,0.0,0.007800000000000029,0.008720665112249205,tap3,slow,normal,20260810_135255,False
1802816,0.0117,0.0273,0.9087,1802.816,500000,-0.003899999999999999,0.0,0.0,0.003899999999999999,tap3,slow,normal,20260810_135255,False
1805316,0.0117,0.0312,0.9204,1805.316,500000,-0.003899999999999999,0.0038999999999999972,0.011700000000000044,0.012934836682386097,tap3,slow,normal,20260810_135255,False
1807814,0.0195,0.0195,0.9165,1807.814,500000,0.0039000000000000007,-0.007800000000000001,0.007800000000000029,0.011700000000000021,tap3,slow,normal,20260810_135255,False
1810328,0.0195,0.0234,0.9165,1810.328,500000,0.0039000000000000007,-0.0039000000000000007,0.007800000000000029,0.00955300999685442,tap3,slow,normal,20260810_135255,False
1812828,0.0117,0.0273,0.9087,1812.828,500000,-0.003899999999999999,0.0,0.0,0.003899999999999999,tap3,slow,normal,20260810_135255,False
1815304,0.0156,0.0234,0.9048,1815.304,500000,0.0,-0.0039000000000000007,-0.0038999999999999035,0.005515432893255003,tap3,slow,normal,20260810_135255,False
1817802,0.0273,0.0273,0.9204,1817.802,500000,0.011700000000000002,0.0,0.011700000000000044,0.016546298679765245,tap3,slow,normal,20260810_135255,False
1820315,0.0156,0.0312,0.9204,1820.315,500000,0.0,0.0038999999999999972,0.011700000000000044,0.01233288287465672,tap3,slow,normal,20260810_135255,False
1822808,0.0078,0.0234,0.9048,1822.808,500000,-0.0078,-0.0039000000000000007,-0.0038999999999999035,0.009553009996854355,tap3,slow,normal,20260810_135255,False
1825328,0.0195,0.0273,0.9204,1825.328,500000,0.0039000000000000007,0.0,0.011700000000000044,0.012332882874656722,tap3,slow,normal,20260810_135255,False
1827800,0.0117,0.0234,0.9126,1827.8,500000,-0.003899999999999999,-0.0039000000000000007,0.0039000000000000146,0.00675499814951863,tap3,slow,normal,20260810_135255,False
1830299,0.0156,0.0312,0.9087,1830.299,500000,0.0,0.0038999999999999972,0.0,0.0038999999999999972,tap3,slow,normal,20260810_135255,False
1832825,0.0156,0.0273,0.9009,1832.825,500000,0.0,0.0,-0.007799999999999918,0.007799999999999918,tap3,slow,normal,20260810_135255,False
1835308,0.0117,0.0234,0.9087,1835.308,500000,-0.003899999999999999,-0.0039000000000000007,0.0,0.00551543289325507,tap3,slow,normal,20260810_135255,False
1837827,0.0117,0.0273,0.9048,1837.827,500000,-0.003899999999999999,0.0,-0.0038999999999999035,0.005515432893255002,tap3,slow,normal,20260810_135255,False
1840317,0.0117,0.0234,0.9165,1840.317,500000,-0.003899999999999999,-0.0039000000000000007,0.007800000000000029,0.009553009996854418,tap3,slow,normal,20260810_135255,False
1842827,0.0156,0.0156,0.9126,1842.827,500000,0.0,-0.011700000000000002,0.0039000000000000146,0.012332882874656687,tap3,slow,normal,20260810_135255,False
1845300,0.0156,0.0234,0.9204,1845.3,500000,0.0,-0.0039000000000000007,0.011700000000000044,0.012332882874656722,tap3,slow,normal,20260810_135255,False
1847826,0.0195,0.0312,0.9048,1847.826,500000,0.0039000000000000007,0.0038999999999999972,-0.0038999999999999035,0.006754998149518564,tap3,slow,normal,20260810_135255,False
1850312,0.0117,0.0234,0.9126,1850.312,500000,-0.003899999999999999,-0.0039000000000000007,0.0039000000000000146,0.00675499814951863,tap3,slow,normal,20260810_135255,False
1852819,0.0117,0.0234,0.9126,1852.819,500000,-0.003899999999999999,-0.0039000000000000007,0.0039000000000000146,0.00675499814951863,tap3,slow,normal,20260810_135255,False
1855309,0.0117,0.0234,0.9048,1855.309,500000,-0.003899999999999999,-0.0039000000000000007,-0.0038999999999999035,0.006754998149518566,tap3,slow,normal,20260810_135255,False
1857815,0.0195,0.0234,0.9087,1857.815,500000,0.0039000000000000007,-0.0039000000000000007,0.0,0.005515432893255071,tap3,slow,normal,20260810_135255,False
1860328,0.0195,0.0195,0.9087,1860.328,500000,0.0039000000000000007,-0.007800000000000001,0.0,0.008720665112249181,tap3,slow,normal,20260810_135255,False
1862804,0.0195,0.0312,0.9126,1862.804,500000,0.0039000000000000007,0.0038999999999999972,0.0039000000000000146,0.006754998149518628,tap3,slow,normal,20260810_135255,False
1865315,0.0156,0.0234,0.9087,1865.315,500000,0.0,-0.0039000000000000007,0.0,0.0039000000000000007,tap3,slow,normal,20260810_135255,False
1867807,0.0156,0.0273,0.897,1867.807,500000,0.0,0.0,-0.011699999999999933,0.011699999999999933,tap3,slow,normal,20260810_135255,False
1870323,0.0117,0.0273,0.9087,1870.323,500000,-0.003899999999999999,0.0,0.0,0.003899999999999999,tap3,slow,normal,20260810_135255,False
1872817,0.0156,0.0273,0.9087,1872.817,500000,0.0,0.0,0.0,0.0,tap3,slow,normal,20260810_135255,False
1875319,0.0195,0.0234,0.9009,1875.319,500000,0.0039000000000000007,-0.0039000000000000007,-0.007799999999999918,0.009553009996854328,tap3,slow,normal,20260810_135255,False
1877824,0.0234,0.0273,0.9165,1877.824,500000,0.007800000000000001,0.0,0.007800000000000029,0.011030865786510163,tap3,slow,normal,20260810_135255,False
1880305,0.0234,0.0273,0.9165,1880.305,500000,0.007800000000000001,0.0,0.007800000000000029,0.011030865786510163,tap3,slow,normal,20260810_135255,False
1882799,0.0156,0.0273,0.9126,1882.799,500000,0.0,0.0,0.0039000000000000146,0.0039000000000000146,tap3,slow,normal,20260810_135255,False
1885303,0.0234,0.0273,0.9165,1885.303,500000,0.007800000000000001,0.0,0.007800000000000029,0.011030865786510163,tap3,slow,normal,20260810_135255,False
1887828,0.0234,0.0273,0.9126,1887.828,500000,0.007800000000000001,0.0,0.0039000000000000146,0.008720665112249188,tap3,slow,normal,20260810_135255,False
1890306,0.0234,0.0234,0.9165,1890.306,500000,0.007800000000000001,-0.0039000000000000007,0.007800000000000029,0.011700000000000021,tap3,slow,normal,20260810_135255,False
1892828,0.0156,0.0312,0.9204,1892.828,500000,0.0,0.0038999999999999972,0.011700000000000044,0.01233288287465672,tap3,slow,normal,20260810_135255,False
1895307,0.0195,0.0273,0.9243,1895.307,500000,0.0039000000000000007,0.0,0.015600000000000058,0.016080111939908933,tap3,slow,normal,20260810_135255,False
1897829,0.0117,0.0312,0.9204,1897.829,500000,-0.003899999999999999,0.0038999999999999972,0.011700000000000044,0.012934836682386097,tap3,slow,normal,20260810_135255,False
1900316,0.0156,0.0273,0.9204,1900.316,500000,0.0,0.0,0.011700000000000044,0.011700000000000044,tap3,slow,normal,20260810_135255,False
1902807,0.0195,0.039,0.9204,1902.807,500000,0.0039000000000000007,0.011699999999999999,0.011700000000000044,0.016999705879808657,tap3,slow,normal,20260810_135255,False
1905306,0.0156,0.0351,0.9009,1905.306,500000,0.0,0.007799999999999998,-0.007799999999999918,0.011030865786510082,tap3,slow,normal,20260810_135255,False
1907820,0.0117,0.0351,0.9048,1907.82,500000,-0.003899999999999999,0.007799999999999998,-0.0038999999999999035,0.009553009996854354,tap3,slow,normal,20260810_135255,False
1910314,0.0078,0.0273,0.9087,1910.314,500000,-0.0078,0.0,0.0,0.0078,tap3,slow,normal,20260810_135255,False
1912807,0.0078,0.039,0.9009,1912.807,500000,-0.0078,0.011699999999999999,-0.007799999999999918,0.016080111939908836,tap3,slow,normal,20260810_135255,False
1915310,0.0234,0.0273,0.9126,1915.31,500000,0.007800000000000001,0.0,0.0039000000000000146,0.008720665112249188,tap3,slow,normal,20260810_135255,False
1917808,0.0039,0.039,0.9087,1917.808,500000,-0.011699999999999999,0.011699999999999999,0.0,0.01654629867976521,tap3,slow,normal,20260810_135255,False
1920306,0.0078,0.0312,0.9048,1920.306,500000,-0.0078,0.0038999999999999972,-0.0038999999999999035,0.009553009996854354,tap3,slow,normal,20260810_135255,False
1922801,0.0078,0.0312,0.9126,1922.801,500000,-0.0078,0.0038999999999999972,0.0039000000000000146,0.0095530099968544,tap3,slow,normal,20260810_135255,False
1925306,0.0078,0.0351,0.9087,1925.306,500000,-0.0078,0.007799999999999998,0.0,0.011030865786510139,tap3,slow,normal,20260810_135255,False
1927803,0.0078,0.0351,0.9204,1927.803,500000,-0.0078,0.007799999999999998,0.011700000000000044,0.016080111939908905,tap3,slow,normal,20260810_135255,False
1930302,0.0078,0.0312,0.9165,1930.302,500000,-0.0078,0.0038999999999999972,0.007800000000000029,0.011700000000000018,tap3,slow,normal,20260810_135255,False
1932800,0.0156,0.0312,0.9048,1932.8,500000,0.0,0.0038999999999999972,-0.0038999999999999035,0.005515432893255,tap3,slow,normal,20260810_135255,False
1935316,0.0117,0.0273,0.9009,1935.316,500000,-0.003899999999999999,0.0,-0.007799999999999918,0.008720665112249105,tap3,slow,normal,20260810_135255,False
1937822,0.0156,0.0312,0.9048,1937.822,500000,0.0,0.0038999999999999972,-0.0038999999999999035,0.005515432893255,tap3,slow,normal,20260810_135255,False
1940310,0.0234,0.0351,0.9087,1940.31,500000,0.007800000000000001,0.007799999999999998,0.0,0.01103086578651014,tap3,slow,normal,20260810_135255,False
1942815,0.0117,0.0273,0.9087,1942.815,500000,-0.003899999999999999,0.0,0.0,0.003899999999999999,tap3,slow,normal,20260810_135255,False
1945322,0.0117,0.0312,0.9126,1945.322,500000,-0.003899999999999999,0.0038999999999999972,0.0039000000000000146,0.006754998149518627,tap3,slow,normal,20260810_135255,False
1947824,0.0195,0.0273,0.9087,1947.824,500000,0.0039000000000000007,0.0,0.0,0.0039000000000000007,tap3,slow,normal,20260810_135255,False
1950312,0.0273,0.0273,0.9087,1950.312,500000,0.011700000000000002,0.0,0.0,0.011700000000000002,tap3,slow,normal,20260810_135255,False
1952805,0.0195,0.0273,0.9087,1952.805,500000,0.0039000000000000007,0.0,0.0,0.0039000000000000007,tap3,slow,normal,20260810_135255,False
1955310,0.0078,0.0234,0.9009,1955.31,500000,-0.0078,-0.0039000000000000007,-0.007799999999999918,0.011699999999999945,tap3,slow,normal,20260810_135255,False
1957809,0.0195,0.0312,0.9087,1957.809,500000,0.0039000000000000007,0.0038999999999999972,0.0,0.0055154328932550695,tap3,slow,normal,20260810_135255,False
1960308,0.0195,0.0273,0.9087,1960.308,500000,0.0039000000000000007,0.0,0.0,0.0039000000000000007,tap3,slow,normal,20260810_135255,False
1962800,0.0195,0.0312,0.9087,1962.8,500000,0.0039000000000000007,0.0038999999999999972,0.0,0.0055154328932550695,tap3,slow,normal,20260810_135255,False
1965324,0.0195,0.0234,0.9165,1965.324,500000,0.0039000000000000007,-0.0039000000000000007,0.007800000000000029,0.00955300999685442,tap3,slow,normal,20260810_135255,False
1967821,0.0234,0.0312,0.9126,1967.821,500000,0.007800000000000001,0.0038999999999999972,0.0039000000000000146,0.0095530099968544,tap3,slow,normal,20260810_135255,False
1970304,0.0156,0.0234,0.9204,1970.304,500000,0.0,-0.0039000000000000007,0.011700000000000044,0.012332882874656722,tap3,slow,normal,20260810_135255,False
1972817,0.0195,0.0234,0.9087,1972.817,500000,0.0039000000000000007,-0.0039000000000000007,0.0,0.005515432893255071,tap3,slow,normal,20260810_135255,False
1975322,0.0156,0.0312,0.9087,1975.322,500000,0.0,0.0038999999999999972,0.0,0.0038999999999999972,tap3,slow,normal,20260810_135255,False
1977803,0.0195,0.0156,0.9048,1977.803,500000,0.0039000000000000007,-0.011700000000000002,-0.0038999999999999035,0.012934836682386033,tap3,slow,normal,20260810_135255,False
1980308,0.0195,0.0234,0.897,1980.308,500000,0.0039000000000000007,-0.0039000000000000007,-0.011699999999999933,0.012934836682385998,tap3,slow,normal,20260810_135255,False
1982824,0.0195,0.0234,0.897,1982.824,500000,0.0039000000000000007,-0.0039000000000000007,-0.011699999999999933,0.012934836682385998,tap3,slow,normal,20260810_135255,False
1985302,0.0195,0.0312,0.9009,1985.302,500000,0.0039000000000000007,0.0038999999999999972,-0.007799999999999918,0.009553009996854326,tap3,slow,normal,20260810_135255,False
1987811,0.0234,0.0234,0.9126,1987.811,500000,0.007800000000000001,-0.0039000000000000007,0.0039000000000000146,0.009553009996854402,tap3,slow,normal,20260810_135255,False
1990320,0.0234,0.0234,0.9126,1990.32,500000,0.007800000000000001,-0.0039000000000000007,0.0039000000000000146,0.009553009996854402,tap3,slow,normal,20260810_135255,False
1992815,0.0156,0.0273,0.9204,1992.815,500000,0.0,0.0,0.011700000000000044,0.011700000000000044,tap3,slow,normal,20260810_135255,False
1995300,0.0234,0.0273,0.9126,1995.3,500000,0.007800000000000001,0.0,0.0039000000000000146,0.008720665112249188,tap3,slow,normal,20260810_135255,False
1997800,0.0234,0.039,0.9087,1997.8,500000,0.007800000000000001,0.011699999999999999,0.0,0.014061649974309557,tap3,slow,normal,20260810_135255,False
2000307,0.0195,0.0156,0.9126,2000.307,500000,0.0039000000000000007,-0.011700000000000002,0.0039000000000000146,0.012934836682386066,tap3,slow,normal,20260810_135255,False
2002804,0.0156,0.0156,0.9087,2002.804,500000,0.0,-0.011700000000000002,0.0,0.011700000000000002,tap3,slow,normal,20260810_135255,False
2005315,0.0195,0.0156,0.9126,2005.315,500000,0.0039000000000000007,-0.011700000000000002,0.0039000000000000146,0.012934836682386066,tap3,slow,normal,20260810_135255,False
2007818,0.0156,0.0312,0.9087,2007.818,500000,0.0,0.0038999999999999972,0.0,0.0038999999999999972,tap3,slow,normal,20260810_135255,False
2010325,0.0117,0.0312,0.9243,2010.325,500000,-0.003899999999999999,0.0038999999999999972,0.015600000000000058,0.016546298679765266,tap3,slow,normal,20260810_135255,False
2012805,0.0195,0.0312,0.9126,2012.805,500000,0.0039000000000000007,0.0038999999999999972,0.0039000000000000146,0.006754998149518628,tap3,slow,normal,20260810_135255,False
2015312,0.0156,0.0234,0.9165,2015.312,500000,0.0,-0.0039000000000000007,0.007800000000000029,0.008720665112249207,tap3,slow,normal,20260810_135255,False
2017821,0.0117,0.0234,0.9126,2017.821,500000,-0.003899999999999999,-0.0039000000000000007,0.0039000000000000146,0.00675499814951863,tap3,slow,normal,20260810_135255,False
2020312,0.0117,0.0312,0.9126,2020.312,500000,-0.003899999999999999,0.0038999999999999972,0.0039000000000000146,0.006754998149518627,tap3,slow,normal,20260810_135255,False
2022824,0.0195,0.0273,0.9048,2022.824,500000,0.0039000000000000007,0.0,-0.0038999999999999035,0.005515432893255003,tap3,slow,normal,20260810_135255,False
2025319,0.0117,0.0234,0.9126,2025.319,500000,-0.003899999999999999,-0.0039000000000000007,0.0039000000000000146,0.00675499814951863,tap3,slow,normal,20260810_135255,False
2027801,0.0078,0.0234,0.9087,2027.801,500000,-0.0078,-0.0039000000000000007,0.0,0.00872066511224918,tap3,slow,normal,20260810_135255,False
2030305,0.0195,0.0234,0.9009,2030.305,500000,0.0039000000000000007,-0.0039000000000000007,-0.007799999999999918,0.009553009996854328,tap3,slow,normal,20260810_135255,False
2032801,0.0117,0.0273,0.897,2032.801,500000,-0.003899999999999999,0.0,-0.011699999999999933,0.012332882874656614,tap3,slow,normal,20260810_135255,False
2035309,0.0078,0.0312,0.9009,2035.309,500000,-0.0078,0.0038999999999999972,-0.007799999999999918,0.011699999999999945,tap3,slow,normal,20260810_135255,False
2037812,0.0195,0.0195,0.9087,2037.812,500000,0.0039000000000000007,-0.007800000000000001,0.0,0.008720665112249181,tap3,slow,normal,20260810_135255,False
2040309,0.0156,0.0234,0.9126,2040.309,500000,0.0,-0.0039000000000000007,0.0039000000000000146,0.005515432893255082,tap3,slow,normal,20260810_135255,False
2042801,0.0156,0.0195,0.9126,2042.801,500000,0.0,-0.007800000000000001,0.0039000000000000146,0.008720665112249188,tap3,slow,normal,20260810_135255,False
2045309,0.0117,0.0234,0.9048,2045.309,500000,-0.003899999999999999,-0.0039000000000000007,-0.0038999999999999035,0.006754998149518566,tap3,slow,normal,20260810_135255,False
2047815,0.0156,0.0273,0.9087,2047.815,500000,0.0,0.0,0.0,0.0,tap3,slow,normal,20260810_135255,False
2050328,0.0156,0.0312,0.9165,2050.328,500000,0.0,0.0038999999999999972,0.007800000000000029,0.008720665112249205,tap3,slow,normal,20260810_135255,False
2052810,0.0156,0.0351,0.9165,2052.81,500000,0.0,0.007799999999999998,0.007800000000000029,0.01103086578651016,tap3,slow,normal,20260810_135255,False
2055312,0.0117,0.039,0.9165,2055.312,500000,-0.003899999999999999,0.011699999999999999,0.007800000000000029,0.014592463808418386,tap3,slow,normal,20260810_135255,False
2057815,0.0156,0.0234,0.9087,2057.815,500000,0.0,-0.0039000000000000007,0.0,0.0039000000000000007,tap3,slow,normal,20260810_135255,False
2060322,0.0156,0.0234,0.9087,2060.322,500000,0.0,-0.0039000000000000007,0.0,0.0039000000000000007,tap3,slow,normal,20260810_135255,False
2062815,0.0195,0.0273,0.9087,2062.815,500000,0.0039000000000000007,0.0,0.0,0.0039000000000000007,tap3,slow,normal,20260810_135255,False
2065316,0.0195,0.0351,0.9048,2065.316,500000,0.0039000000000000007,0.007799999999999998,-0.0038999999999999035,0.009553009996854354,tap3,slow,normal,20260810_135255,False
2067827,0.0195,0.0273,0.9009,2067.827,500000,0.0039000000000000007,0.0,-0.007799999999999918,0.008720665112249107,tap3,slow,normal,20260810_135255,False
2070305,0.0195,0.0273,0.9087,2070.305,500000,0.0039000000000000007,0.0,0.0,0.0039000000000000007,tap3,slow,normal,20260810_135255,False
2072805,0.0195,0.0351,0.9009,2072.805,500000,0.0039000000000000007,0.007799999999999998,-0.007799999999999918,0.011699999999999945,tap3,slow,normal,20260810_135255,False
2075315,0.0195,0.0312,0.9087,2075.315,500000,0.0039000000000000007,0.0038999999999999972,0.0,0.0055154328932550695,tap3,slow,normal,20260810_135255,False
2077814,0.0195,0.0273,0.9048,2077.814,500000,0.0039000000000000007,0.0,-0.0038999999999999035,0.005515432893255003,tap3,slow,normal,20260810_135255,False
2080317,0.0156,0.0312,0.9126,2080.317,500000,0.0,0.0038999999999999972,0.0039000000000000146,0.005515432893255079,tap3,slow,normal,20260810_135255,False
2082817,0.0156,0.0273,0.9126,2082.817,500000,0.0,0.0,0.0039000000000000146,0.0039000000000000146,tap3,slow,normal,20260810_135255,False
2085324,0.0117,0.0273,0.9165,2085.324,500000,-0.003899999999999999,0.0,0.007800000000000029,0.008720665112249205,tap3,slow,normal,20260810_135255,False
2087803,0.0117,0.0273,0.9048,2087.803,500000,-0.003899999999999999,0.0,-0.0038999999999999035,0.005515432893255002,tap3,slow,normal,20260810_135255,False
2090316,0.0156,0.0351,0.9126,2090.316,500000,0.0,0.007799999999999998,0.0039000000000000146,0.008720665112249185,tap3,slow,normal,20260810_135255,False
2092799,0.0078,0.0273,0.9126,2092.799,500000,-0.0078,0.0,0.0039000000000000146,0.008720665112249186,tap3,slow,normal,20260810_135255,False
2095308,0.0195,0.0234,0.9204,2095.308,500000,0.0039000000000000007,-0.0039000000000000007,0.011700000000000044,0.012934836682386099,tap3,slow,normal,20260810_135255,False
2097814,0.0156,0.0234,0.9243,2097.814,500000,0.0,-0.0039000000000000007,0.015600000000000058,0.016080111939908933,tap3,slow,normal,20260810_135255,False
2100312,0.0156,0.0234,0.9243,2100.312,500000,0.0,-0.0039000000000000007,0.015600000000000058,0.016080111939908933,tap3,slow,normal,20260810_135255,False
2102800,0.0234,0.0195,0.9009,2102.8,500000,0.007800000000000001,-0.007800000000000001,-0.007799999999999918,0.013509996299037198,tap3,slow,normal,20260810_135255,False
2105323,0.0195,0.0273,0.9048,2105.323,500000,0.0039000000000000007,0.0,-0.0038999999999999035,0.005515432893255003,tap3,slow,normal,20260810_135255,False
2107800,0.0156,0.0234,0.9048,2107.8,500000,0.0,-0.0039000000000000007,-0.0038999999999999035,0.005515432893255003,tap3,slow,normal,20260810_135255,False
2110306,0.0117,0.039,0.9087,2110.306,500000,-0.003899999999999999,0.011699999999999999,0.0,0.012332882874656677,tap3,slow,normal,20260810_135255,False
2112814,0.0195,0.0273,0.9048,2112.814,500000,0.0039000000000000007,0.0,-0.0038999999999999035,0.005515432893255003,tap3,slow,normal,20260810_135255,False
2115328,0.0078,0.0351,0.9087,2115.328,500000,-0.0078,0.007799999999999998,0.0,0.011030865786510139,tap3,slow,normal,20260810_135255,False
2117818,0.0078,0.0351,0.9087,2117.818,500000,-0.0078,0.007799999999999998,0.0,0.011030865786510139,tap3,slow,normal,20260810_135255,False
2120306,0.0117,0.0351,0.9087,2120.306,500000,-0.003899999999999999,0.007799999999999998,0.0,0.008720665112249178,tap3,slow,normal,20260810_135255,False
2122824,0.0078,0.0351,0.9126,2122.824,500000,-0.0078,0.007799999999999998,0.0039000000000000146,0.011700000000000004,tap3,slow,normal,20260810_135255,False
2125325,0.0195,0.0234,0.9087,2125.325,500000,0.0039000000000000007,-0.0039000000000000007,0.0,0.005515432893255071,tap3,slow,normal,20260810_135255,False
2127801,0.0195,0.0273,0.9126,2127.801,500000,0.0039000000000000007,0.0,0.0039000000000000146,0.005515432893255082,tap3,slow,normal,20260810_135255,False
2130319,0.0078,0.0351,0.9087,2130.319,500000,-0.0078,0.007799999999999998,0.0,0.011030865786510139,tap3,slow,normal,20260810_135255,False
2132810,0.0195,0.0234,0.9165,2132.81,500000,0.0039000000000000007,-0.0039000000000000007,0.007800000000000029,0.00955300999685442,tap3,slow,normal,20260810_135255,False
2135320,0.0195,0.0312,0.9165,2135.32,500000,0.0039000000000000007,0.0038999999999999972,0.007800000000000029,0.009553009996854418,tap3,slow,normal,20260810_135255,False
2137812,0.0156,0.0312,0.9165,2137.812,500000,0.0,0.0038999999999999972,0.007800000000000029,0.008720665112249205,tap3,slow,normal,20260810_135255,False
2140307,0.0078,0.0351,0.9048,2140.307,500000,-0.0078,0.007799999999999998,-0.0038999999999999035,0.011699999999999966,tap3,slow,normal,20260810_135255,False
2142802,0.0117,0.0312,0.9009,2142.802,500000,-0.003899999999999999,0.0038999999999999972,-0.007799999999999918,0.009553009996854326,tap3,slow,normal,20260810_135255,False
2145315,0.0195,0.0234,0.9204,2145.315,500000,0.0039000000000000007,-0.0039000000000000007,0.011700000000000044,0.012934836682386099,tap3,slow,normal,20260810_135255,False
2147814,0.0195,0.0351,0.9087,2147.814,500000,0.0039000000000000007,0.007799999999999998,0.0,0.00872066511224918,tap3,slow,normal,20260810_135255,False
2150301,0.0156,0.0312,0.9048,2150.301,500000,0.0,0.0038999999999999972,-0.0038999999999999035,0.005515432893255,tap3,slow,normal,20260810_135255,False
2152818,0.0117,0.0234,0.9009,2152.818,500000,-0.003899999999999999,-0.0039000000000000007,-0.007799999999999918,0.009553009996854328,tap3,slow,normal,20260810_135255,False
2155324,0.0195,0.0195,0.9009,2155.324,500000,0.0039000000000000007,-0.007800000000000001,-0.007799999999999918,0.011699999999999947,tap3,slow,normal,20260810_135255,False
2157825,0.0156,0.0312,0.9087,2157.825,500000,0.0,0.0038999999999999972,0.0,0.0038999999999999972,tap3,slow,normal,20260810_135255,False
2160312,0.0156,0.0273,0.9009,2160.312,500000,0.0,0.0,-0.007799999999999918,0.007799999999999918,tap3,slow,normal,20260810_135255,False
2162820,0.0312,0.0273,0.9087,2162.82,500000,0.0156,0.0,0.0,0.0156,tap3,slow,normal,20260810_135255,False
2165322,0.0195,0.0234,0.9126,2165.322,500000,0.0039000000000000007,-0.0039000000000000007,0.0039000000000000146,0.006754998149518631,tap3,slow,normal,20260810_135255,False
2167821,0.0156,0.0273,0.9126,2167.821,500000,0.0,0.0,0.0039000000000000146,0.0039000000000000146,tap3,slow,normal,20260810_135255,False
2170302,0.0195,0.0273,0.9126,2170.302,500000,0.0039000000000000007,0.0,0.0039000000000000146,0.005515432893255082,tap3,slow,normal,20260810_135255,False
2172826,0.0156,0.0234,0.9126,2172.826,500000,0.0,-0.0039000000000000007,0.0039000000000000146,0.005515432893255082,tap3,slow,normal,20260810_135255,False
2175324,0.0195,0.0195,0.9204,2175.324,500000,0.0039000000000000007,-0.007800000000000001,0.011700000000000044,0.014592463808418409,tap3,slow,normal,20260810_135255,False
2177802,0.0195,0.0156,0.9048,2177.802,500000,0.0039000000000000007,-0.011700000000000002,-0.0038999999999999035,0.012934836682386033,tap3,slow,normal,20260810_135255,False
2180309,0.0117,0.0312,0.9087,2180.309,500000,-0.003899999999999999,0.0038999999999999972,0.0,0.005515432893255068,tap3,slow,normal,20260810_135255,False
2182809,0.0195,0.0273,0.9126,2182.809,500000,0.0039000000000000007,0.0,0.0039000000000000146,0.005515432893255082,tap3,slow,normal,20260810_135255,False
2185314,0.0195,0.0273,0.9009,2185.314,500000,0.0039000000000000007,0.0,-0.007799999999999918,0.008720665112249107,tap3,slow,normal,20260810_135255,False
2187812,0.0156,0.0195,0.9087,2187.812,500000,0.0,-0.007800000000000001,0.0,0.007800000000000001,tap3,slow,normal,20260810_135255,False
2190326,0.0156,0.0273,0.9126,2190.326,500000,0.0,0.0,0.0039000000000000146,0.0039000000000000146,tap3,slow,normal,20260810_135255,False
2192817,0.0156,0.0273,0.9126,2192.817,500000,0.0,0.0,0.0039000000000000146,0.0039000000000000146,tap3,slow,normal,20260810_135255,False
2195314,0.0156,0.0156,0.9048,2195.314,500000,0.0,-0.011700000000000002,-0.0038999999999999035,0.01233288287465665,tap3,slow,normal,20260810_135255,False
2197817,0.0195,0.0234,0.9087,2197.817,500000,0.0039000000000000007,-0.0039000000000000007,0.0,0.005515432893255071,tap3,slow,normal,20260810_135255,False
2200301,0.0156,0.0234,0.9165,2200.301,500000,0.0,-0.0039000000000000007,0.007800000000000029,0.008720665112249207,tap3,slow,normal,20260810_135255,False
2202819,0.0156,0.0234,0.9087,2202.819,500000,0.0,-0.0039000000000000007,0.0,0.0039000000000000007,tap3,slow,normal,20260810_135255,False
2205325,0.0156,0.0273,0.9165,2205.325,500000,0.0,0.0,0.007800000000000029,0.007800000000000029,tap3,slow,normal,20260810_135255,False
2207810,0.0156,0.0273,0.9165,2207.81,500000,0.0,0.0,0.007800000000000029,0.007800000000000029,tap3,slow,normal,20260810_135255,False
2210327,0.0117,0.0273,0.9243,2210.327,500000,-0.003899999999999999,0.0,0.015600000000000058,0.016080111939908933,tap3,slow,normal,20260810_135255,False
2212815,0.0156,0.0312,0.9126,2212.815,500000,0.0,0.0038999999999999972,0.0039000000000000146,0.005515432893255079,tap3,slow,normal,20260810_135255,False
2215314,0.0195,0.0273,0.9087,2215.314,500000,0.0039000000000000007,0.0,0.0,0.0039000000000000007,tap3,slow,normal,20260810_135255,False
2217805,0.0117,0.0273,0.9165,2217.805,500000,-0.003899999999999999,0.0,0.007800000000000029,0.008720665112249205,tap3,slow,normal,20260810_135255,False
2220309,0.0156,0.0234,0.9126,2220.309,500000,0.0,-0.0039000000000000007,0.0039000000000000146,0.005515432893255082,tap3,slow,normal,20260810_135255,False
2222805,0.0078,0.0351,0.9165,2222.805,500000,-0.0078,0.007799999999999998,0.007800000000000029,0.013509996299037258,tap3,slow,normal,20260810_135255,False
2225311,0.0117,0.0234,0.9165,2225.311,500000,-0.003899999999999999,-0.0039000000000000007,0.007800000000000029,0.009553009996854418,tap3,slow,normal,20260810_135255,False
2227821,0.0078,0.0312,0.9282,2227.821,500000,-0.0078,0.0038999999999999972,0.019500000000000073,0.021361179742701544,tap3,slow,normal,20260810_135255,False
2230327,0.0117,0.0273,0.9165,2230.327,500000,-0.003899999999999999,0.0,0.007800000000000029,0.008720665112249205,tap3,slow,normal,20260810_135255,False
2232825,0.0156,0.0312,0.9048,2232.825,500000,0.0,0.0038999999999999972,-0.0038999999999999035,0.005515432893255,tap3,slow,normal,20260810_135255,False
2235302,0.0195,0.0273,0.9165,2235.302,500000,0.0039000000000000007,0.0,0.007800000000000029,0.008720665112249207,tap3,slow,normal,20260810_135255,False
2237827,0.0078,0.0273,0.9204,2237.827,500000,-0.0078,0.0,0.011700000000000044,0.014061649974309594,tap3,slow,normal,20260810_135255,False
2240325,0.0117,0.0351,0.9087,2240.325,500000,-0.003899999999999999,0.007799999999999998,0.0,0.008720665112249178,tap3,slow,normal,20260810_135255,False
2242802,0.0156,0.0234,0.9126,2242.802,500000,0.0,-0.0039000000000000007,0.0039000000000000146,0.005515432893255082,tap3,slow,normal,20260810_135255,False
2245307,0.0117,0.0234,0.9165,2245.307,500000,-0.003899999999999999,-0.0039000000000000007,0.007800000000000029,0.009553009996854418,tap3,slow,normal,20260810_135255,False
2247826,0.0117,0.0312,0.9165,2247.826,500000,-0.003899999999999999,0.0038999999999999972,0.007800000000000029,0.009553009996854416,tap3,slow,normal,20260810_135255,False
2250306,0.0156,0.0273,0.9087,2250.306,500000,0.0,0.0,0.0,0.0,tap3,slow,normal,20260810_135255,False
2252823,0.0195,0.0351,0.9087,2252.823,500000,0.0039000000000000007,0.007799999999999998,0.0,0.00872066511224918,tap3,slow,normal,20260810_135255,False
2255299,0.0234,0.0234,0.9087,2255.299,500000,0.007800000000000001,-0.0039000000000000007,0.0,0.008720665112249181,tap3,slow,normal,20260810_135255,False
2257824,0.0156,0.0234,0.9126,2257.824,500000,0.0,-0.0039000000000000007,0.0039000000000000146,0.005515432893255082,tap3,slow,normal,20260810_135255,False
2260300,0.0078,0.0312,0.9126,2260.3,500000,-0.0078,0.0038999999999999972,0.0039000000000000146,0.0095530099968544,tap3,slow,normal,20260810_135255,False
2262817,0.0234,0.0273,0.9048,2262.817,500000,0.007800000000000001,0.0,-0.0038999999999999035,0.008720665112249138,tap3,slow,normal,20260810_135255,False
2265315,0.0156,0.0273,0.9048,2265.315,500000,0.0,0.0,-0.0038999999999999035,0.0038999999999999035,tap3,slow,normal,20260810_135255,False
2267825,0.0234,0.0312,0.9087,2267.825,500000,0.007800000000000001,0.0038999999999999972,0.0,0.00872066511224918,tap3,slow,normal,20260810_135255,False
2270306,0.0156,0.0273,0.9087,2270.306,500000,0.0,0.0,0.0,0.0,tap3,slow,normal,20260810_135255,False
2272800,0.0195,0.0312,0.9087,2272.8,500000,0.0039000000000000007,0.0038999999999999972,0.0,0.0055154328932550695,tap3,slow,normal,20260810_135255,False
2275324,0.0234,0.0273,0.9009,2275.324,500000,0.007800000000000001,0.0,-0.007799999999999918,0.011030865786510084,tap3,slow,normal,20260810_135255,False
2277828,0.0156,0.0273,0.897,2277.828,500000,0.0,0.0,-0.011699999999999933,0.011699999999999933,tap3,slow,normal,20260810_135255,False
2280308,0.0117,0.0351,0.897,2280.308,500000,-0.003899999999999999,0.007799999999999998,-0.011699999999999933,0.014592463808418317,tap3,slow,normal,20260810_135255,False
2282828,0.0195,0.0234,0.9087,2282.828,500000,0.0039000000000000007,-0.0039000000000000007,0.0,0.005515432893255071,tap3,slow,normal,20260810_135255,False
2285321,0.0156,0.0312,0.9165,2285.321,500000,0.0,0.0038999999999999972,0.007800000000000029,0.008720665112249205,tap3,slow,normal,20260810_135255,False
2287826,0.0156,0.0312,0.9165,2287.826,500000,0.0,0.0038999999999999972,0.007800000000000029,0.008720665112249205,tap3,slow,normal,20260810_135255,False
2290307,0.0195,0.0273,0.9087,2290.307,500000,0.0039000000000000007,0.0,0.0,0.0039000000000000007,tap3,slow,normal,20260810_135255,False
2292805,0.0195,0.0312,0.9087,2292.805,500000,0.0039000000000000007,0.0038999999999999972,0.0,0.0055154328932550695,tap3,slow,normal,20260810_135255,False
2295305,0.0078,0.0351,0.9126,2295.305,500000,-0.0078,0.007799999999999998,0.0039000000000000146,0.011700000000000004,tap3,slow,normal,20260810_135255,False
2297810,0.0195,0.0273,0.9048,2297.81,500000,0.0039000000000000007,0.0,-0.0038999999999999035,0.005515432893255003,tap3,slow,normal,20260810_135255,False
2300316,0.0117,0.039,0.9126,2300.316,500000,-0.003899999999999999,0.011699999999999999,0.0039000000000000146,0.012934836682386062,tap3,slow,normal,20260810_135255,False
2302808,0.0195,0.0273,0.9048,2302.808,500000,0.0039000000000000007,0.0,-0.0038999999999999035,0.005515432893255003,tap3,slow,normal,20260810_135255,False
2305302,0.0117,0.0351,0.9087,2305.302,500000,-0.003899999999999999,0.007799999999999998,0.0,0.008720665112249178,tap3,slow,normal,20260810_135255,False
2307807,0.0039,0.0273,0.9048,2307.807,500000,-0.011699999999999999,0.0,-0.0038999999999999035,0.012332882874656647,tap3,slow,normal,20260810_135255,False
2310317,0.0117,0.0195,0.9126,2310.317,500000,-0.003899999999999999,-0.007800000000000001,0.0039000000000000146,0.0095530099968544,tap3,slow,normal,20260810_135255,False
2312806,0.0156,0.0273,0.9009,2312.806,500000,0.0,0.0,-0.007799999999999918,0.007799999999999918,tap3,slow,normal,20260810_135255,False
2315314,0.0078,0.0312,0.9126,2315.314,500000,-0.0078,0.0038999999999999972,0.0039000000000000146,0.0095530099968544,tap3,slow,normal,20260810_135255,False
2317827,0.0078,0.0312,0.9126,2317.827,500000,-0.0078,0.0038999999999999972,0.0039000000000000146,0.0095530099968544,tap3,slow,normal,20260810_135255,False
2320327,0.0195,0.0195,0.9126,2320.327,500000,0.0039000000000000007,-0.007800000000000001,0.0039000000000000146,0.009553009996854402,tap3,slow,normal,20260810_135255,False
2322826,0.0117,0.0273,0.9087,2322.826,500000,-0.003899999999999999,0.0,0.0,0.003899999999999999,tap3,slow,normal,20260810_135255,False
2325316,0.0195,0.0234,0.9126,2325.316,500000,0.0039000000000000007,-0.0039000000000000007,0.0039000000000000146,0.006754998149518631,tap3,slow,normal,20260810_135255,False
2327825,0.0234,0.0195,0.9204,2327.825,500000,0.007800000000000001,-0.007800000000000001,0.011700000000000044,0.01608011193990891,tap3,slow,normal,20260810_135255,False
2330312,0.0156,0.0234,0.9126,2330.312,500000,0.0,-0.0039000000000000007,0.0039000000000000146,0.005515432893255082,tap3,slow,normal,20260810_135255,False
2332817,0.0195,0.0156,0.9087,2332.817,500000,0.0039000000000000007,-0.011700000000000002,0.0,0.012332882874656682,tap3,slow,normal,20260810_135255,False
2335326,0.3003,0.117,0.9204,2335.326,500000,0.2847,0.0897,0.011700000000000044,0.298725743785165,tap3,slow,normal,20260810_135255,False
2337813,-0.1248,0.1482,0.975,2337.813,500000,-0.1404,0.1209,0.06630000000000003,0.1967858226600687,tap3,slow,normal,20260810_135255,False
2340302,-0.0078,0.2106,0.9672,2340.302,500000,-0.023399999999999997,0.18330000000000002,0.058499999999999996,0.1938264687807112,tap3,slow,normal,20260810_135255,False
2342822,0.1209,-0.0078,0.8619,2342.822,500000,0.10529999999999999,-0.0351,-0.04679999999999995,0.12045887264954788,tap3,slow,normal,20260810_135255,False
2345306,0.078,-0.1443,0.858,2345.306,500000,0.0624,-0.1716,-0.05069999999999997,0.18950147756679891,tap3,slow,normal,20260810_135255,False
2347809,0.0039,-0.156,0.8814,2347.809,500000,-0.011699999999999999,-0.1833,-0.02729999999999999,0.18569079137103164,tap3,slow,normal,20260810_135255,False
2350316,0.0195,0.0195,0.9009,2350.316,500000,0.0039000000000000007,-0.007800000000000001,-0.007799999999999918,0.011699999999999947,tap3,slow,normal,20260810_135255,False
2352808,0.0312,0.0702,0.9204,2352.808,500000,0.0156,0.042899999999999994,0.011700000000000044,0.04712387929701884,tap3,slow,normal,20260810_135255,False
2355304,0.0195,0.0819,0.9282,2355.304,500000,0.0039000000000000007,0.054599999999999996,0.019500000000000073,0.058108691260430244,tap3,slow,normal,20260810_135255,False
2357801,0.0,0.078,0.9282,2357.801,500000,-0.0156,0.050699999999999995,0.019500000000000073,0.056516369310138835,tap3,slow,normal,20260810_135255,False
2360328,0.0039,0.0585,0.9204,2360.328,500000,-0.011699999999999999,0.031200000000000002,0.011700000000000044,0.035316002038735944,tap3,slow,normal,20260810_135255,False
2362810,0.0273,-0.0078,0.9087,2362.81,500000,0.011700000000000002,-0.0351,0.0,0.03699864862397004,tap3,slow,normal,20260810_135255,False
2365307,0.0351,-0.0117,0.9009,2365.307,500000,0.0195,-0.039,-0.007799999999999918,0.04429548509724212,tap3,slow,normal,20260810_135255,False
2367814,-0.0117,-0.0039,0.9048,2367.814,500000,-0.027299999999999998,-0.031200000000000002,-0.0038999999999999035,0.041640605182922105,tap3,slow,normal,20260810_135255,False
2370311,-0.117,0.0273,0.9087,2370.311,500000,-0.1326,0.0,0.0,0.1326,tap3,slow,normal,20260810_135255,False
2372806,-0.0234,-0.0039,0.9204,2372.806,500000,-0.039,-0.031200000000000002,0.011700000000000044,0.05129649110806704,tap3,slow,normal,20260810_135255,False
2375300,0.0858,-0.0468,0.8658,2375.3,500000,0.0702,-0.0741,-0.04289999999999994,0.11072154261931143,tap3,slow,normal,20260810_135255,False
2377826,0.0507,-0.0117,0.9126,2377.826,500000,0.035100000000000006,-0.039,0.0039000000000000146,0.05261387649660497,tap3,slow,normal,20260810_135255,False
2380319,0.0195,0.0195,0.9048,2380.319,500000,0.0039000000000000007,-0.007800000000000001,-0.0038999999999999035,0.009553009996854357,tap3,slow,normal,20260810_135255,False
2382812,0.0273,0.0741,0.9282,2382.812,500000,0.011700000000000002,0.046799999999999994,0.019500000000000073,0.05203248985009273,tap3,slow,normal,20260810_135255,False
2385312,0.0078,0.1053,0.9243,2385.312,500000,-0.0078,0.078,0.015600000000000058,0.07992621597448488,tap3,slow,normal,20260810_135255,False
2387807,0.0,0.0624,0.9048,2387.807,500000,-0.0156,0.03509999999999999,-0.0038999999999999035,0.03860803025278548,tap3,slow,normal,20260810_135255,False
2390305,-0.0078,0.039,0.9165,2390.305,500000,-0.023399999999999997,0.011699999999999999,0.007800000000000029,0.027300000000000005,tap3,slow,normal,20260810_135255,False
2392799,0.0195,0.0039,0.9243,2392.799,500000,0.0039000000000000007,-0.0234,0.015600000000000058,0.02839242856819405,tap3,slow,normal,20260810_135255,False
2395325,0.0585,-0.0156,0.8775,2395.325,500000,0.04290000000000001,-0.0429,-0.031200000000000006,0.06822213716969001,tap3,slow,normal,20260810_135255,False
2397820,0.0312,0.0,0.9048,2397.82,500000,0.0156,-0.0273,-0.0038999999999999035,0.031683749778080236,tap3,slow,normal,20260810_135255,False
2400325,0.0039,0.0507,0.9126,2400.325,500000,-0.011699999999999999,0.0234,0.0039000000000000146,0.026451086934188548,tap3,slow,normal,20260810_135255,False
2402819,0.0273,0.0156,0.9165,2402.819,500000,0.011700000000000002,-0.011700000000000002,0.007800000000000029,0.01829262146331139,tap3,slow,normal,20260810_135255,False
2405312,0.0156,0.0351,0.9087,2405.312,500000,0.0,0.007799999999999998,0.0,0.007799999999999998,tap3,slow,normal,20260810_135255,False
2407811,0.0039,0.0351,0.9204,2407.811,500000,-0.011699999999999999,0.007799999999999998,0.011700000000000044,0.0182926214633114,tap3,slow,normal,20260810_135255,False
2410325,0.0351,0.0351,0.9204,2410.325,500000,0.0195,0.007799999999999998,0.011700000000000044,0.02404121461157903,tap3,slow,normal,20260810_135255,False
2412828,0.0234,0.0273,0.9009,2412.828,500000,0.007800000000000001,0.0,-0.007799999999999918,0.011030865786510084,tap3,slow,normal,20260810_135255,False
2415314,0.0351,0.0195,0.9165,2415.314,500000,0.0195,-0.007800000000000001,0.007800000000000029,0.022403794321498322,tap3,slow,normal,20260810_135255,False
2417801,0.0273,0.0078,0.8931,2417.801,500000,0.011700000000000002,-0.019500000000000003,-0.015599999999999947,0.027577164466275325,tap3,slow,normal,20260810_135255,False
2420328,0.0234,0.0,0.9048,2420.328,500000,0.007800000000000001,-0.0273,-0.0038999999999999035,0.028659029990563172,tap3,slow,normal,20260810_135255,False
2422804,0.0234,0.0078,0.9009,2422.804,500000,0.007800000000000001,-0.019500000000000003,-0.007799999999999918,0.022403794321498288,tap3,slow,normal,20260810_135255,False
2425325,0.0117,0.0234,0.9126,2425.325,500000,-0.003899999999999999,-0.0039000000000000007,0.0039000000000000146,0.00675499814951863,tap3,slow,normal,20260810_135255,False
2427819,0.0117,0.0234,0.9126,2427.819,500000,-0.003899999999999999,-0.0039000000000000007,0.0039000000000000146,0.00675499814951863,tap3,slow,normal,20260810_135255,False
2430306,0.0117,0.0312,0.9087,2430.306,500000,-0.003899999999999999,0.0038999999999999972,0.0,0.005515432893255068,tap3,slow,normal,20260810_135255,False
2432818,0.0117,0.0546,0.9243,2432.818,500000,-0.003899999999999999,0.0273,0.015600000000000058,0.03168374977808027,tap3,slow,normal,20260810_135255,False
2435325,0.0078,0.0468,0.9165,2435.325,500000,-0.0078,0.0195,0.007800000000000029,0.022403794321498322,tap3,slow,normal,20260810_135255,False
2437826,0.0234,0.0234,0.9126,2437.826,500000,0.007800000000000001,-0.0039000000000000007,0.0039000000000000146,0.009553009996854402,tap3,slow,normal,20260810_135255,False
2440324,0.0312,0.0039,0.9126,2440.324,500000,0.0156,-0.0234,0.0039000000000000146,0.028392428568194024,tap3,slow,normal,20260810_135255,False
2442806,0.0117,0.0156,0.9165,2442.806,500000,-0.003899999999999999,-0.011700000000000002,0.007800000000000029,0.014592463808418388,tap3,slow,normal,20260810_135255,False
2445327,0.0117,0.0351,0.9282,2445.327,500000,-0.003899999999999999,0.007799999999999998,0.019500000000000073,0.021361179742701544,tap3,slow,normal,20260810_135255,False
2447800,0.0117,0.0234,0.9243,2447.8,500000,-0.003899999999999999,-0.0039000000000000007,0.015600000000000058,0.016546298679765266,tap3,slow,normal,20260810_135255,False
2450312,0.0117,0.0195,0.9126,2450.312,500000,-0.003899999999999999,-0.007800000000000001,0.0039000000000000146,0.0095530099968544,tap3,slow,normal,20260810_135255,False
2452800,0.0156,0.0312,0.9126,2452.8,500000,0.0,0.0038999999999999972,0.0039000000000000146,0.005515432893255079,tap3,slow,normal,20260810_135255,False
2455305,0.0195,0.0195,0.9165,2455.305,500000,0.0039000000000000007,-0.007800000000000001,0.007800000000000029,0.011700000000000021,tap3,slow,normal,20260810_135255,False
2457803,0.0156,0.0156,0.9126,2457.803,500000,0.0,-0.011700000000000002,0.0039000000000000146,0.012332882874656687,tap3,slow,normal,20260810_135255,False
2460302,0.0195,0.039,0.9204,2460.302,500000,0.0039000000000000007,0.011699999999999999,0.011700000000000044,0.016999705879808657,tap3,slow,normal,20260810_135255,False
2462826,0.0039,0.0663,0.9087,2462.826,500000,-0.011699999999999999,0.03899999999999999,0.0,0.04071719538475114,tap3,slow,normal,20260810_135255,False
2465318,0.0078,0.0546,0.9165,2465.318,500000,-0.0078,0.0273,0.007800000000000029,0.029444354297555934,tap3,slow,normal,20260810_135255,False
2467807,0.0156,0.0156,0.9087,2467.807,500000,0.0,-0.011700000000000002,0.0,0.011700000000000002,tap3,slow,normal,20260810_135255,False
2470311,0.0117,0.0117,0.897,2470.311,500000,-0.003899999999999999,-0.015600000000000001,-0.011699999999999933,0.01988617610301182,tap3,slow,normal,20260810_135255,False
2472805,0.0117,0.0117,0.9087,2472.805,500000,-0.003899999999999999,-0.015600000000000001,0.0,0.016080111939908878,tap3,slow,normal,20260810_135255,False
2475307,0.0195,0.0117,0.8853,2475.307,500000,0.0039000000000000007,-0.015600000000000001,-0.023399999999999976,0.028392428568194003,tap3,slow,normal,20260810_135255,False
2477828,0.0312,0.0312,0.9048,2477.828,500000,0.0156,0.0038999999999999972,-0.0038999999999999035,0.016546298679765186,tap3,slow,normal,20260810_135255,False
2480304,0.0156,0.0429,0.9165,2480.304,500000,0.0,0.0156,0.007800000000000029,0.017441330224498373,tap3,slow,normal,20260810_135255,False
2482802,0.0195,0.0234,0.9087,2482.802,500000,0.0039000000000000007,-0.0039000000000000007,0.0,0.005515432893255071,tap3,slow,normal,20260810_135255,False
2485314,0.0078,0.0312,0.9126,2485.314,500000,-0.0078,0.0038999999999999972,0.0039000000000000146,0.0095530099968544,tap3,slow,normal,20260810_135255,False
2487824,0.0234,0.0195,0.9126,2487.824,500000,0.007800000000000001,-0.007800000000000001,0.0039000000000000146,0.011700000000000007,tap3,slow,normal,20260810_135255,False
2490309,0.0234,0.0234,0.9009,2490.309,500000,0.007800000000000001,-0.0039000000000000007,-0.007799999999999918,0.011699999999999947,tap3,slow,normal,20260810_135255,False
2492802,0.0195,0.0312,0.9009,2492.802,500000,0.0039000000000000007,0.0038999999999999972,-0.007799999999999918,0.009553009996854326,tap3,slow,normal,20260810_135255,False
2495313,0.0195,0.0273,0.9087,2495.313,500000,0.0039000000000000007,0.0,0.0,0.0039000000000000007,tap3,slow,normal,20260810_135255,False
2497815,0.0117,0.0273,0.9204,2497.815,500000,-0.003899999999999999,0.0,0.011700000000000044,0.01233288287465672,tap3,slow,normal,20260810_135255,False
2500327,0.0195,0.0312,0.9204,2500.327,500000,0.0039000000000000007,0.0038999999999999972,0.011700000000000044,0.012934836682386099,tap3,slow,normal,20260810_135255,False
2502813,0.0273,0.0468,0.9204,2502.813,500000,0.011700000000000002,0.0195,0.011700000000000044,0.025574010244777824,tap3,slow,normal,20260810_135255,False
2505315,0.0234,0.0156,0.9087,2505.315,500000,0.007800000000000001,-0.011700000000000002,0.0,0.01406164997430956,tap3,slow,normal,20260810_135255,False
2507808,0.0234,0.0234,0.9126,2507.808,500000,0.007800000000000001,-0.0039000000000000007,0.0039000000000000146,0.009553009996854402,tap3,slow,normal,20260810_135255,False
2510328,0.0195,0.0156,0.9009,2510.328,500000,0.0039000000000000007,-0.011700000000000002,-0.007799999999999918,0.01459246380841833,tap3,slow,normal,20260810_135255,False
2512825,0.0234,0.0351,0.9126,2512.825,500000,0.007800000000000001,0.007799999999999998,0.0039000000000000146,0.011700000000000004,tap3,slow,normal,20260810_135255,False
2515304,0.0156,0.0117,0.9165,2515.304,500000,0.0,-0.015600000000000001,0.007800000000000029,0.017441330224498373,tap3,slow,normal,20260810_135255,False
2517809,0.0117,0.039,0.9126,2517.809,500000,-0.003899999999999999,0.011699999999999999,0.0039000000000000146,0.012934836682386062,tap3,slow,normal,20260810_135255,False
2520316,0.0156,0.0273,0.9087,2520.316,500000,0.0,0.0,0.0,0.0,tap3,slow,normal,20260810_135255,False
2522802,0.0234,0.0312,0.9165,2522.802,500000,0.007800000000000001,0.0038999999999999972,0.007800000000000029,0.01170000000000002,tap3,slow,normal,20260810_135255,False
2525318,0.0117,0.0234,0.9126,2525.318,500000,-0.003899999999999999,-0.0039000000000000007,0.0039000000000000146,0.00675499814951863,tap3,slow,normal,20260810_135255,False
2527806,0.0156,0.0156,0.9048,2527.806,500000,0.0,-0.011700000000000002,-0.0038999999999999035,0.01233288287465665,tap3,slow,normal,20260810_135255,False
2530310,0.0156,0.0195,0.9165,2530.31,500000,0.0,-0.007800000000000001,0.007800000000000029,0.011030865786510163,tap3,slow,normal,20260810_135255,False
2532821,0.0156,0.0273,0.9009,2532.821,500000,0.0,0.0,-0.007799999999999918,0.007799999999999918,tap3,slow,normal,20260810_135255,False
2535329,0.0156,0.0273,0.9009,2535.329,500000,0.0,0.0,-0.007799999999999918,0.007799999999999918,tap3,slow,normal,20260810_135255,False
2537823,0.0195,0.0234,0.9165,2537.823,500000,0.0039000000000000007,-0.0039000000000000007,0.007800000000000029,0.00955300999685442,tap3,slow,normal,20260810_135255,False
2540320,0.0156,0.0234,0.9165,2540.32,500000,0.0,-0.0039000000000000007,0.007800000000000029,0.008720665112249207,tap3,slow,normal,20260810_135255,False
2542801,0.0117,0.0078,0.9165,2542.801,500000,-0.003899999999999999,-0.019500000000000003,0.007800000000000029,0.02136117974270149,tap3,slow,normal,20260810_135255,False
2545310,0.0156,0.0273,0.9087,2545.31,500000,0.0,0.0,0.0,0.0,tap3,slow,normal,20260810_135255,False
2547809,0.0156,0.0117,0.9087,2547.809,500000,0.0,-0.015600000000000001,0.0,0.015600000000000001,tap3,slow,normal,20260810_135255,False
2550319,0.0195,0.0273,0.9126,2550.319,500000,0.0039000000000000007,0.0,0.0039000000000000146,0.005515432893255082,tap3,slow,normal,20260810_135255,False
2552812,0.0273,0.0429,0.9204,2552.812,500000,0.011700000000000002,0.0156,0.011700000000000044,0.022740712389896695,tap3,slow,normal,20260810_135255,False
2555315,0.0195,0.0312,0.8931,2555.315,500000,0.0039000000000000007,0.0038999999999999972,-0.015599999999999947,0.016546298679765162,tap3,slow,normal,20260810_135255,False
2557807,0.0117,0.0312,0.9087,2557.807,500000,-0.003899999999999999,0.0038999999999999972,0.0,0.005515432893255068,tap3,slow,normal,20260810_135255,False
2560305,0.0234,0.0156,0.9165,2560.305,500000,0.007800000000000001,-0.011700000000000002,0.007800000000000029,0.01608011193990889,tap3,slow,normal,20260810_135255,False
2562824,0.0117,0.0273,0.9048,2562.824,500000,-0.003899999999999999,0.0,-0.0038999999999999035,0.005515432893255002,tap3,slow,normal,20260810_135255,False
2565323,0.0156,0.0234,0.9087,2565.323,500000,0.0,-0.0039000000000000007,0.0,0.0039000000000000007,tap3,slow,normal,20260810_135255,False
2567824,0.0195,0.0273,0.9087,2567.824,500000,0.0039000000000000007,0.0,0.0,0.0039000000000000007,tap3,slow,normal,20260810_135255,False
2570309,0.0195,0.0273,0.9204,2570.309,500000,0.0039000000000000007,0.0,0.011700000000000044,0.012332882874656722,tap3,slow,normal,20260810_135255,False
2572828,0.0234,0.0273,0.9126,2572.828,500000,0.007800000000000001,0.0,0.0039000000000000146,0.008720665112249188,tap3,slow,normal,20260810_135255,False
2575317,0.0156,0.0273,0.9087,2575.317,500000,0.0,0.0,0.0,0.0,tap3,slow,normal,20260810_135255,False
2577820,0.0156,0.0312,0.9048,2577.82,500000,0.0,0.0038999999999999972,-0.0038999999999999035,0.005515432893255,tap3,slow,normal,20260810_135255,False
2580309,0.0156,0.0312,0.9048,2580.309,500000,0.0,0.0038999999999999972,-0.0038999999999999035,0.005515432893255,tap3,slow,normal,20260810_135255,False
2582819,0.0234,0.0234,0.9165,2582.819,500000,0.007800000000000001,-0.0039000000000000007,0.007800000000000029,0.011700000000000021,tap3,slow,normal,20260810_135255,False
2585326,0.0156,0.0273,0.9048,2585.326,500000,0.0,0.0,-0.0038999999999999035,0.0038999999999999035,tap3,slow,normal,20260810_135255,False
2587825,0.0156,0.0234,0.9165,2587.825,500000,0.0,-0.0039000000000000007,0.007800000000000029,0.008720665112249207,tap3,slow,normal,20260810_135255,False
2590310,0.0195,0.0273,0.9243,2590.31,500000,0.0039000000000000007,0.0,0.015600000000000058,0.016080111939908933,tap3,slow,normal,20260810_135255,False
2592800,0.0117,0.0273,0.9165,2592.8,500000,-0.003899999999999999,0.0,0.007800000000000029,0.008720665112249205,tap3,slow,normal,20260810_135255,False
2595326,0.0117,0.0273,0.9087,2595.326,500000,-0.003899999999999999,0.0,0.0,0.003899999999999999,tap3,slow,normal,20260810_135255,False
2597803,0.0117,0.0312,0.9087,2597.803,500000,-0.003899999999999999,0.0038999999999999972,0.0,0.005515432893255068,tap3,slow,normal,20260810_135255,False
2600316,0.0117,0.0312,0.9087,2600.316,500000,-0.003899999999999999,0.0038999999999999972,0.0,0.005515432893255068,tap3,slow,normal,20260810_135255,False
2602823,0.0117,0.0234,0.9048,2602.823,500000,-0.003899999999999999,-0.0039000000000000007,-0.0038999999999999035,0.006754998149518566,tap3,slow,normal,20260810_135255,False
2605324,0.0078,0.0351,0.9126,2605.324,500000,-0.0078,0.007799999999999998,0.0039000000000000146,0.011700000000000004,tap3,slow,normal,20260810_135255,False
2607823,0.0195,0.0273,0.9165,2607.823,500000,0.0039000000000000007,0.0,0.007800000000000029,0.008720665112249207,tap3,slow,normal,20260810_135255,False
2610303,0.0195,0.0312,0.9126,2610.303,500000,0.0039000000000000007,0.0038999999999999972,0.0039000000000000146,0.006754998149518628,tap3,slow,normal,20260810_135255,False
2612820,0.0117,0.0351,0.9126,2612.82,500000,-0.003899999999999999,0.007799999999999998,0.0039000000000000146,0.009553009996854399,tap3,slow,normal,20260810_135255,False
2615320,0.0156,0.0312,0.9126,2615.32,500000,0.0,0.0038999999999999972,0.0039000000000000146,0.005515432893255079,tap3,slow,normal,20260810_135255,False
2617808,0.0195,0.0312,0.9165,2617.808,500000,0.0039000000000000007,0.0038999999999999972,0.007800000000000029,0.009553009996854418,tap3,slow,normal,20260810_135255,False
2620322,0.0078,0.039,0.9165,2620.322,500000,-0.0078,0.011699999999999999,0.007800000000000029,0.016080111939908888,tap3,slow,normal,20260810_135255,False
2622816,0.0117,0.0273,0.9126,2622.816,500000,-0.003899999999999999,0.0,0.0039000000000000146,0.00551543289325508,tap3,slow,normal,20260810_135255,False
2625305,0.0156,0.0273,0.9048,2625.305,500000,0.0,0.0,-0.0038999999999999035,0.0038999999999999035,tap3,slow,normal,20260810_135255,False
2627810,0.0078,0.0312,0.9165,2627.81,500000,-0.0078,0.0038999999999999972,0.007800000000000029,0.011700000000000018,tap3,slow,normal,20260810_135255,False
2630317,0.0156,0.0234,0.9048,2630.317,500000,0.0,-0.0039000000000000007,-0.0038999999999999035,0.005515432893255003,tap3,slow,normal,20260810_135255,False
2632802,0.0117,0.0351,0.9048,2632.802,500000,-0.003899999999999999,0.007799999999999998,-0.0038999999999999035,0.009553009996854354,tap3,slow,normal,20260810_135255,False
2635317,0.0156,0.0312,0.9087,2635.317,500000,0.0,0.0038999999999999972,0.0,0.0038999999999999972,tap3,slow,normal,20260810_135255,False
2637809,0.0156,0.039,0.9126,2637.809,500000,0.0,0.011699999999999999,0.0039000000000000146,0.012332882874656684,tap3,slow,normal,20260810_135255,False
2640324,0.0117,0.039,0.9087,2640.324,500000,-0.003899999999999999,0.011699999999999999,0.0,0.012332882874656677,tap3,slow,normal,20260810_135255,False
2642827,0.0195,0.0273,0.9126,2642.827,500000,0.0039000000000000007,0.0,0.0039000000000000146,0.005515432893255082,tap3,slow,normal,20260810_135255,False
2645299,0.0195,0.0273,0.9126,2645.299,500000,0.0039000000000000007,0.0,0.0039000000000000146,0.005515432893255082,tap3,slow,normal,20260810_135255,False
2647826,0.0117,0.0351,0.9087,2647.826,500000,-0.003899999999999999,0.007799999999999998,0.0,0.008720665112249178,tap3,slow,normal,20260810_135255,False
2650302,0.0195,0.0273,0.9009,2650.302,500000,0.0039000000000000007,0.0,-0.007799999999999918,0.008720665112249107,tap3,slow,normal,20260810_135255,False
2652823,0.0156,0.0312,0.9126,2652.823,500000,0.0,0.0038999999999999972,0.0039000000000000146,0.005515432893255079,tap3,slow,normal,20260810_135255,False
2655326,0.0117,0.0312,0.9087,2655.326,500000,-0.003899999999999999,0.0038999999999999972,0.0,0.005515432893255068,tap3,slow,normal,20260810_135255,False
2657799,0.0156,0.0273,0.9126,2657.799,500000,0.0,0.0,0.0039000000000000146,0.0039000000000000146,tap3,slow,normal,20260810_135255,False
2660305,0.0234,0.0312,0.9204,2660.305,500000,0.007800000000000001,0.0038999999999999972,0.011700000000000044,0.014592463808418407,tap3,slow,normal,20260810_135255,False
2662800,0.0195,0.0273,0.9126,2662.8,500000,0.0039000000000000007,0.0,0.0039000000000000146,0.005515432893255082,tap3,slow,normal,20260810_135255,False
2665306,0.0117,0.0273,0.8931,2665.306,500000,-0.003899999999999999,0.0,-0.015599999999999947,0.016080111939908825,tap3,slow,normal,20260810_135255,False
2667803,0.0117,0.0273,0.9048,2667.803,500000,-0.003899999999999999,0.0,-0.0038999999999999035,0.005515432893255002,tap3,slow,normal,20260810_135255,False
2670317,0.0156,0.0273,0.9126,2670.317,500000,0.0,0.0,0.0039000000000000146,0.0039000000000000146,tap3,slow,normal,20260810_135255,False
2672810,0.0156,0.0273,0.9126,2672.81,500000,0.0,0.0,0.0039000000000000146,0.0039000000000000146,tap3,slow,normal,20260810_135255,False
2675306,0.0234,0.0234,0.9009,2675.306,500000,0.007800000000000001,-0.0039000000000000007,-0.007799999999999918,0.011699999999999947,tap3,slow,normal,20260810_135255,False
2677805,0.0156,0.0273,0.9009,2677.805,500000,0.0,0.0,-0.007799999999999918,0.007799999999999918,tap3,slow,normal,20260810_135255,False
2680318,0.0117,0.0273,0.9126,2680.318,500000,-0.003899999999999999,0.0,0.0039000000000000146,0.00551543289325508,tap3,slow,normal,20260810_135255,False
2682811,0.0195,0.0312,0.9048,2682.811,500000,0.0039000000000000007,0.0038999999999999972,-0.0038999999999999035,0.006754998149518564,tap3,slow,normal,20260810_135255,False
2685316,0.0195,0.0312,0.9009,2685.316,500000,0.0039000000000000007,0.0038999999999999972,-0.007799999999999918,0.009553009996854326,tap3,slow,normal,20260810_135255,False
2687826,0.0156,0.0234,0.9126,2687.826,500000,0.0,-0.0039000000000000007,0.0039000000000000146,0.005515432893255082,tap3,slow,normal,20260810_135255,False
2690305,0.0234,0.0195,0.9126,2690.305,500000,0.007800000000000001,-0.007800000000000001,0.0039000000000000146,0.011700000000000007,tap3,slow,normal,20260810_135255,False
2692804,0.0117,0.0234,0.9048,2692.804,500000,-0.003899999999999999,-0.0039000000000000007,-0.0038999999999999035,0.006754998149518566,tap3,slow,normal,20260810_135255,False
2695310,0.0195,0.0156,0.9165,2695.31,500000,0.0039000000000000007,-0.011700000000000002,0.007800000000000029,0.01459246380841839,tap3,slow,normal,20260810_135255,False
2697809,0.0195,0.0234,0.9165,2697.809,500000,0.0039000000000000007,-0.0039000000000000007,0.007800000000000029,0.00955300999685442,tap3,slow,normal,20260810_135255,False
2700319,0.0234,0.0156,0.9126,2700.319,500000,0.007800000000000001,-0.011700000000000002,0.0039000000000000146,0.014592463808418377,tap3,slow,normal,20260810_135255,False
2702814,0.0156,0.0156,0.9126,2702.814,500000,0.0,-0.011700000000000002,0.0039000000000000146,0.012332882874656687,tap3,slow,normal,20260810_135255,False
2705308,0.0195,0.0195,0.9087,2705.308,500000,0.0039000000000000007,-0.007800000000000001,0.0,0.008720665112249181,tap3,slow,normal,20260810_135255,False
2707821,0.0156,0.0234,0.9087,2707.821,500000,0.0,-0.0039000000000000007,0.0,0.0039000000000000007,tap3,slow,normal,20260810_135255,False
2710310,0.0195,0.0195,0.9048,2710.31,500000,0.0039000000000000007,-0.007800000000000001,-0.0038999999999999035,0.009553009996854357,tap3,slow,normal,20260810_135255,False
2713169,0.0195,0.0234,0.9087,2713.169,500000,0.0039000000000000007,-0.0039000000000000007,0.0,0.005515432893255071,tap3,slow,normal,20260810_135255,False
2715325,0.0156,0.0156,0.9126,2715.325,500000,0.0,-0.011700000000000002,0.0039000000000000146,0.012332882874656687,tap3,slow,normal,20260810_135255,False
2717802,0.0195,0.0273,0.9165,2717.802,500000,0.0039000000000000007,0.0,0.007800000000000029,0.008720665112249207,tap3,slow,normal,20260810_135255,False
2720326,0.0234,0.0234,0.9087,2720.326,500000,0.007800000000000001,-0.0039000000000000007,0.0,0.008720665112249181,tap3,slow,normal,20260810_135255,False
2722826,0.0234,0.0156,0.9048,2722.826,500000,0.007800000000000001,-0.011700000000000002,-0.0038999999999999035,0.014592463808418348,tap3,slow,normal,20260810_135255,False
2725319,0.0156,0.0234,0.9048,2725.319,500000,0.0,-0.0039000000000000007,-0.0038999999999999035,0.005515432893255003,tap3,slow,normal,20260810_135255,False
2727814,0.0156,0.0195,0.9165,2727.814,500000,0.0,-0.007800000000000001,0.007800000000000029,0.011030865786510163,tap3,slow,normal,20260810_135255,False
2730302,0.0156,0.0234,0.9204,2730.302,500000,0.0,-0.0039000000000000007,0.011700000000000044,0.012332882874656722,tap3,slow,normal,20260810_135255,False
2732820,0.0117,0.0195,0.9087,2732.82,500000,-0.003899999999999999,-0.007800000000000001,0.0,0.00872066511224918,tap3,slow,normal,20260810_135255,False
2735300,0.0156,0.0195,0.9204,2735.3,500000,0.0,-0.007800000000000001,0.011700000000000044,0.014061649974309596,tap3,slow,normal,20260810_135255,False
2737825,0.0078,0.0273,0.9009,2737.825,500000,-0.0078,0.0,-0.007799999999999918,0.011030865786510084,tap3,slow,normal,20260810_135255,False
2740320,0.0117,0.0195,0.897,2740.32,500000,-0.003899999999999999,-0.007800000000000001,-0.011699999999999933,0.014592463808418318,tap3,slow,normal,20260810_135255,False
2742826,0.0156,0.0195,0.9126,2742.826,500000,0.0,-0.007800000000000001,0.0039000000000000146,0.008720665112249188,tap3,slow,normal,20260810_135255,False
2745302,0.0156,0.0234,0.9282,2745.302,500000,0.0,-0.0039000000000000007,0.019500000000000073,0.01988617610301193,tap3,slow,normal,20260810_135255,False
2747809,0.0156,0.0273,0.9321,2747.809,500000,0.0,0.0,0.023400000000000087,0.023400000000000087,tap3,slow,normal,20260810_135255,False
2750327,0.0078,0.0273,0.9204,2750.327,500000,-0.0078,0.0,0.011700000000000044,0.014061649974309594,tap3,slow,normal,20260810_135255,False
2752813,0.0078,0.0273,0.9204,2752.813,500000,-0.0078,0.0,0.011700000000000044,0.014061649974309594,tap3,slow,normal,20260810_135255,False
2755308,0.0117,0.0273,0.9048,2755.308,500000,-0.003899999999999999,0.0,-0.0038999999999999035,0.005515432893255002,tap3,slow,normal,20260810_135255,False
2757803,0.0195,0.0273,0.9087,2757.803,500000,0.0039000000000000007,0.0,0.0,0.0039000000000000007,tap3,slow,normal,20260810_135255,False
2760304,0.0234,0.0195,0.9009,2760.304,500000,0.007800000000000001,-0.007800000000000001,-0.007799999999999918,0.013509996299037198,tap3,slow,normal,20260810_135255,False
2762824,0.0078,0.0312,0.9282,2762.824,500000,-0.0078,0.0038999999999999972,0.019500000000000073,0.021361179742701544,tap3,slow,normal,20260810_135255,False
2765328,0.0195,0.0234,0.9009,2765.328,500000,0.0039000000000000007,-0.0039000000000000007,-0.007799999999999918,0.009553009996854328,tap3,slow,normal,20260810_135255,False
2767802,0.0117,0.0234,0.9126,2767.802,500000,-0.003899999999999999,-0.0039000000000000007,0.0039000000000000146,0.00675499814951863,tap3,slow,normal,20260810_135255,False
2770323,0.0117,0.0351,0.9282,2770.323,500000,-0.003899999999999999,0.007799999999999998,0.019500000000000073,0.021361179742701544,tap3,slow,normal,20260810_135255,False
2772800,0.0156,0.039,0.9126,2772.8,500000,0.0,0.011699999999999999,0.0039000000000000146,0.012332882874656684,tap3,slow,normal,20260810_135255,False
2775314,0.0078,0.0273,0.9126,2775.314,500000,-0.0078,0.0,0.0039000000000000146,0.008720665112249186,tap3,slow,normal,20260810_135255,False
2777814,0.0078,0.0195,0.9087,2777.814,500000,-0.0078,-0.007800000000000001,0.0,0.011030865786510143,tap3,slow,normal,20260810_135255,False
2780324,0.0156,0.0273,0.9009,2780.324,500000,0.0,0.0,-0.007799999999999918,0.007799999999999918,tap3,slow,normal,20260810_135255,False
2782815,0.0156,0.0351,0.9009,2782.815,500000,0.0,0.007799999999999998,-0.007799999999999918,0.011030865786510082,tap3,slow,normal,20260810_135255,False
2785320,0.0117,0.039,0.897,2785.32,500000,-0.003899999999999999,0.011699999999999999,-0.011699999999999933,0.01699970587980858,tap3,slow,normal,20260810_135255,False
2787802,0.0117,0.0351,0.897,2787.802,500000,-0.003899999999999999,0.007799999999999998,-0.011699999999999933,0.014592463808418317,tap3,slow,normal,20260810_135255,False
2790319,0.0117,0.0312,0.9087,2790.319,500000,-0.003899999999999999,0.0038999999999999972,0.0,0.005515432893255068,tap3,slow,normal,20260810_135255,False
2792799,0.0195,0.0351,0.9048,2792.799,500000,0.0039000000000000007,0.007799999999999998,-0.0038999999999999035,0.009553009996854354,tap3,slow,normal,20260810_135255,False
2795302,0.0195,0.0312,0.9126,2795.302,500000,0.0039000000000000007,0.0038999999999999972,0.0039000000000000146,0.006754998149518628,tap3,slow,normal,20260810_135255,False
2797806,0.0234,0.0312,0.9126,2797.806,500000,0.007800000000000001,0.0038999999999999972,0.0039000000000000146,0.0095530099968544,tap3,slow,normal,20260810_135255,False
2800318,0.0195,0.0429,0.9087,2800.318,500000,0.0039000000000000007,0.0156,0.0,0.016080111939908874,tap3,slow,normal,20260810_135255,False
2802801,0.0156,0.0312,0.9126,2802.801,500000,0.0,0.0038999999999999972,0.0039000000000000146,0.005515432893255079,tap3,slow,normal,20260810_135255,False
2805306,0.0117,0.0351,0.9204,2805.306,500000,-0.003899999999999999,0.007799999999999998,0.011700000000000044,0.014592463808418405,tap3,slow,normal,20260810_135255,False
2807825,0.0156,0.0351,0.9126,2807.825,500000,0.0,0.007799999999999998,0.0039000000000000146,0.008720665112249185,tap3,slow,normal,20260810_135255,False
2810301,0.0156,0.0273,0.9165,2810.301,500000,0.0,0.0,0.007800000000000029,0.007800000000000029,tap3,slow,normal,20260810_135255,False
2812825,0.0156,0.0351,0.897,2812.825,500000,0.0,0.007799999999999998,-0.011699999999999933,0.014061649974309502,tap3,slow,normal,20260810_135255,False
2815301,0.0195,0.0234,0.9048,2815.301,500000,0.0039000000000000007,-0.0039000000000000007,-0.0038999999999999035,0.006754998149518567,tap3,slow,normal,20260810_135255,False
2817802,0.0234,0.0195,0.9009,2817.802,500000,0.007800000000000001,-0.007800000000000001,-0.007799999999999918,0.013509996299037198,tap3,slow,normal,20260810_135255,False
2820323,0.0156,0.0234,0.9048,2820.323,500000,0.0,-0.0039000000000000007,-0.0038999999999999035,0.005515432893255003,tap3,slow,normal,20260810_135255,False
2822808,0.0195,0.0234,0.9087,2822.808,500000,0.0039000000000000007,-0.0039000000000000007,0.0,0.005515432893255071,tap3,slow,normal,20260810_135255,False
2825308,0.0195,0.0273,0.9165,2825.308,500000,0.0039000000000000007,0.0,0.007800000000000029,0.008720665112249207,tap3,slow,normal,20260810_135255,False
2827814,0.0078,0.0351,0.9126,2827.814,500000,-0.0078,0.007799999999999998,0.0039000000000000146,0.011700000000000004,tap3,slow,normal,20260810_135255,False
2830314,0.0234,0.0234,0.9087,2830.314,500000,0.007800000000000001,-0.0039000000000000007,0.0,0.008720665112249181,tap3,slow,normal,20260810_135255,False
2832812,0.0156,0.0273,0.9126,2832.812,500000,0.0,0.0,0.0039000000000000146,0.0039000000000000146,tap3,slow,normal,20260810_135255,False
2835312,0.0195,0.0273,0.9048,2835.312,500000,0.0039000000000000007,0.0,-0.0038999999999999035,0.005515432893255003,tap3,slow,normal,20260810_135255,False
2837802,0.0078,0.0273,0.9165,2837.802,500000,-0.0078,0.0,0.007800000000000029,0.011030865786510162,tap3,slow,normal,20260810_135255,False
2840301,0.0234,0.0234,0.9048,2840.301,500000,0.007800000000000001,-0.0039000000000000007,-0.0038999999999999035,0.009553009996854357,tap3,slow,normal,20260810_135255,False
2842823,0.0195,0.0234,0.9087,2842.823,500000,0.0039000000000000007,-0.0039000000000000007,0.0,0.005515432893255071,tap3,slow,normal,20260810_135255,False
2845325,0.0078,0.0312,0.9126,2845.325,500000,-0.0078,0.0038999999999999972,0.0039000000000000146,0.0095530099968544,tap3,slow,normal,20260810_135255,False
2847809,0.0156,0.0195,0.9126,2847.809,500000,0.0,-0.007800000000000001,0.0039000000000000146,0.008720665112249188,tap3,slow,normal,20260810_135255,False
2850319,0.0117,0.0234,0.9048,2850.319,500000,-0.003899999999999999,-0.0039000000000000007,-0.0038999999999999035,0.006754998149518566,tap3,slow,normal,20260810_135255,False
2852810,0.0156,0.0273,0.9165,2852.81,500000,0.0,0.0,0.007800000000000029,0.007800000000000029,tap3,slow,normal,20260810_135255,False
2855306,0.0195,0.0273,0.9087,2855.306,500000,0.0039000000000000007,0.0,0.0,0.0039000000000000007,tap3,slow,normal,20260810_135255,False
2857810,0.0195,0.0234,0.9048,2857.81,500000,0.0039000000000000007,-0.0039000000000000007,-0.0038999999999999035,0.006754998149518567,tap3,slow,normal,20260810_135255,False
2860318,0.0195,0.0234,0.9048,2860.318,500000,0.0039000000000000007,-0.0039000000000000007,-0.0038999999999999035,0.006754998149518567,tap3,slow,normal,20260810_135255,False
2862810,0.0195,0.0117,0.9126,2862.81,500000,0.0039000000000000007,-0.015600000000000001,0.0039000000000000146,0.016546298679765214,tap3,slow,normal,20260810_135255,False
2865304,0.0195,0.0273,0.9009,2865.304,500000,0.0039000000000000007,0.0,-0.007799999999999918,0.008720665112249107,tap3,slow,normal,20260810_135255,False
2867806,0.0195,0.0234,0.9126,2867.806,500000,0.0039000000000000007,-0.0039000000000000007,0.0039000000000000146,0.006754998149518631,tap3,slow,normal,20260810_135255,False
2870324,0.0195,0.0273,0.9126,2870.324,500000,0.0039000000000000007,0.0,0.0039000000000000146,0.005515432893255082,tap3,slow,normal,20260810_135255,False
2872808,0.0156,0.0273,0.9087,2872.808,500000,0.0,0.0,0.0,0.0,tap3,slow,normal,20260810_135255,False
2875316,0.0156,0.0273,0.9048,2875.316,500000,0.0,0.0,-0.0038999999999999035,0.0038999999999999035,tap3,slow,normal,20260810_135255,False
2877825,0.0156,0.0156,0.9048,2877.825,500000,0.0,-0.011700000000000002,-0.0038999999999999035,0.01233288287465665,tap3,slow,normal,20260810_135255,False
2880313,0.0195,0.0273,0.9126,2880.313,500000,0.0039000000000000007,0.0,0.0039000000000000146,0.005515432893255082,tap3,slow,normal,20260810_135255,False
2882807,0.0234,0.0273,0.9048,2882.807,500000,0.007800000000000001,0.0,-0.0038999999999999035,0.008720665112249138,tap3,slow,normal,20260810_135255,False
2885312,0.0156,0.0234,0.9243,2885.312,500000,0.0,-0.0039000000000000007,0.015600000000000058,0.016080111939908933,tap3,slow,normal,20260810_135255,False
2887825,0.0156,0.0234,0.9165,2887.825,500000,0.0,-0.0039000000000000007,0.007800000000000029,0.008720665112249207,tap3,slow,normal,20260810_135255,False
2890312,0.0234,0.0234,0.9165,2890.312,500000,0.007800000000000001,-0.0039000000000000007,0.007800000000000029,0.011700000000000021,tap3,slow,normal,20260810_135255,False
2892800,0.0195,0.0273,0.9126,2892.8,500000,0.0039000000000000007,0.0,0.0039000000000000146,0.005515432893255082,tap3,slow,normal,20260810_135255,False
2895307,0.0156,0.0273,0.9087,2895.307,500000,0.0,0.0,0.0,0.0,tap3,slow,normal,20260810_135255,False
2897810,0.0156,0.0312,0.9126,2897.81,500000,0.0,0.0038999999999999972,0.0039000000000000146,0.005515432893255079,tap3,slow,normal,20260810_135255,False
2900320,0.0117,0.0351,0.9048,2900.32,500000,-0.003899999999999999,0.007799999999999998,-0.0038999999999999035,0.009553009996854354,tap3,slow,normal,20260810_135255,False
2902812,0.0117,0.0312,0.9087,2902.812,500000,-0.003899999999999999,0.0038999999999999972,0.0,0.005515432893255068,tap3,slow,normal,20260810_135255,False
2905323,0.0078,0.0273,0.9087,2905.323,500000,-0.0078,0.0,0.0,0.0078,tap3,slow,normal,20260810_135255,False
2907820,0.0195,0.0234,0.9087,2907.82,500000,0.0039000000000000007,-0.0039000000000000007,0.0,0.005515432893255071,tap3,slow,normal,20260810_135255,False
2910306,0.0156,0.0273,0.9048,2910.306,500000,0.0,0.0,-0.0038999999999999035,0.0038999999999999035,tap3,slow,normal,20260810_135255,False
2912804,0.0156,0.0273,0.9165,2912.804,500000,0.0,0.0,0.007800000000000029,0.007800000000000029,tap3,slow,normal,20260810_135255,False
2915303,0.0117,0.0312,0.9009,2915.303,500000,-0.003899999999999999,0.0038999999999999972,-0.007799999999999918,0.009553009996854326,tap3,slow,normal,20260810_135255,False
2917806,0.0117,0.0195,0.9165,2917.806,500000,-0.003899999999999999,-0.007800000000000001,0.007800000000000029,0.01170000000000002,tap3,slow,normal,20260810_135255,False
2920310,0.0195,0.0156,0.9165,2920.31,500000,0.0039000000000000007,-0.011700000000000002,0.007800000000000029,0.01459246380841839,tap3,slow,normal,20260810_135255,False
2922803,0.0195,0.0156,0.9048,2922.803,500000,0.0039000000000000007,-0.011700000000000002,-0.0038999999999999035,0.012934836682386033,tap3,slow,normal,20260810_135255,False
2925325,0.0156,0.0234,0.9048,2925.325,500000,0.0,-0.0039000000000000007,-0.0038999999999999035,0.005515432893255003,tap3,slow,normal,20260810_135255,False
2927829,0.0078,0.0351,0.9048,2927.829,500000,-0.0078,0.007799999999999998,-0.0038999999999999035,0.011699999999999966,tap3,slow,normal,20260810_135255,False
2930325,0.0156,0.0234,0.9126,2930.325,500000,0.0,-0.0039000000000000007,0.0039000000000000146,0.005515432893255082,tap3,slow,normal,20260810_135255,False
2932799,0.0117,0.0312,0.9087,2932.799,500000,-0.003899999999999999,0.0038999999999999972,0.0,0.005515432893255068,tap3,slow,normal,20260810_135255,False
2935309,0.0078,0.0351,0.9087,2935.309,500000,-0.0078,0.007799999999999998,0.0,0.011030865786510139,tap3,slow,normal,20260810_135255,False
2937799,0.0078,0.0234,0.9087,2937.799,500000,-0.0078,-0.0039000000000000007,0.0,0.00872066511224918,tap3,slow,normal,20260810_135255,False
2940318,0.0117,0.0312,0.9204,2940.318,500000,-0.003899999999999999,0.0038999999999999972,0.011700000000000044,0.012934836682386097,tap3,slow,normal,20260810_135255,False
2942803,0.0234,0.0234,0.9087,2942.803,500000,0.007800000000000001,-0.0039000000000000007,0.0,0.008720665112249181,tap3,slow,normal,20260810_135255,False
2945306,0.0078,0.0351,0.9087,2945.306,500000,-0.0078,0.007799999999999998,0.0,0.011030865786510139,tap3,slow,normal,20260810_135255,False
2947809,0.0195,0.0234,0.9087,2947.809,500000,0.0039000000000000007,-0.0039000000000000007,0.0,0.005515432893255071,tap3,slow,normal,20260810_135255,False
2950327,0.0195,0.0117,0.9087,2950.327,500000,0.0039000000000000007,-0.015600000000000001,0.0,0.016080111939908878,tap3,slow,normal,20260810_135255,False
2952822,0.0156,0.0234,0.9048,2952.822,500000,0.0,-0.0039000000000000007,-0.0038999999999999035,0.005515432893255003,tap3,slow,normal,20260810_135255,False
2955301,0.0156,0.0234,0.9009,2955.301,500000,0.0,-0.0039000000000000007,-0.007799999999999918,0.008720665112249107,tap3,slow,normal,20260810_135255,False
2957801,0.0117,0.0312,0.9126,2957.801,500000,-0.003899999999999999,0.0038999999999999972,0.0039000000000000146,0.006754998149518627,tap3,slow,normal,20260810_135255,False
2960317,0.0117,0.0234,0.9048,2960.317,500000,-0.003899999999999999,-0.0039000000000000007,-0.0038999999999999035,0.006754998149518566,tap3,slow,normal,20260810_135255,False
2962810,0.0195,0.0234,0.9126,2962.81,500000,0.0039000000000000007,-0.0039000000000000007,0.0039000000000000146,0.006754998149518631,tap3,slow,normal,20260810_135255,False
2965307,0.0195,0.0156,0.9048,2965.307,500000,0.0039000000000000007,-0.011700000000000002,-0.0038999999999999035,0.012934836682386033,tap3,slow,normal,20260810_135255,False
2967826,0.0195,0.0195,0.9165,2967.826,500000,0.0039000000000000007,-0.007800000000000001,0.007800000000000029,0.011700000000000021,tap3,slow,normal,20260810_135255,False
2970299,0.0195,0.0195,0.9165,2970.299,500000,0.0039000000000000007,-0.007800000000000001,0.007800000000000029,0.011700000000000021,tap3,slow,normal,20260810_135255,False
2972826,0.0156,0.0273,0.9126,2972.826,500000,0.0,0.0,0.0039000000000000146,0.0039000000000000146,tap3,slow,normal,20260810_135255,False
2975305,0.0195,0.039,0.9204,2975.305,500000,0.0039000000000000007,0.011699999999999999,0.011700000000000044,0.016999705879808657,tap3,slow,normal,20260810_135255,False
2977817,0.0195,0.0351,0.9087,2977.817,500000,0.0039000000000000007,0.007799999999999998,0.0,0.00872066511224918,tap3,slow,normal,20260810_135255,False
2980321,0.0195,0.0312,0.9243,2980.321,500000,0.0039000000000000007,0.0038999999999999972,0.015600000000000058,0.016546298679765266,tap3,slow,normal,20260810_135255,False
2982802,0.0234,0.0312,0.9165,2982.802,500000,0.007800000000000001,0.0038999999999999972,0.007800000000000029,0.01170000000000002,tap3,slow,normal,20260810_135255,False
2985303,0.0078,0.0312,0.9165,2985.303,500000,-0.0078,0.0038999999999999972,0.007800000000000029,0.011700000000000018,tap3,slow,normal,20260810_135255,False
2987824,0.0195,0.0273,0.9126,2987.824,500000,0.0039000000000000007,0.0,0.0039000000000000146,0.005515432893255082,tap3,slow,normal,20260810_135255,False
2990311,0.0195,0.0234,0.9126,2990.311,500000,0.0039000000000000007,-0.0039000000000000007,0.0039000000000000146,0.006754998149518631,tap3,slow,normal,20260810_135255,False
2992828,0.0156,0.0273,0.9282,2992.828,500000,0.0,0.0,0.019500000000000073,0.019500000000000073,tap3,slow,normal,20260810_135255,False
2995308,0.0156,0.0273,0.9165,2995.308,500000,0.0,0.0,0.007800000000000029,0.007800000000000029,tap3,slow,normal,20260810_135255,False
2997803,0.0117,0.0273,0.9009,2997.803,500000,-0.003899999999999999,0.0,-0.007799999999999918,0.008720665112249105,tap3,slow,normal,20260810_135255,False
3000313,0.0156,0.0195,0.9126,3000.313,500000,0.0,-0.007800000000000001,0.0039000000000000146,0.008720665112249188,tap3,slow,normal,20260810_135255,False
3002817,0.0195,0.0234,0.9126,3002.817,500000,0.0039000000000000007,-0.0039000000000000007,0.0039000000000000146,0.006754998149518631,tap3,slow,normal,20260810_135255,False
3005320,0.0156,0.0312,0.9048,3005.32,500000,0.0,0.0038999999999999972,-0.0038999999999999035,0.005515432893255,tap3,slow,normal,20260810_135255,False
3007822,0.0156,0.0273,0.9165,3007.822,500000,0.0,0.0,0.007800000000000029,0.007800000000000029,tap3,slow,normal,20260810_135255,False
3010309,0.0156,0.0273,0.9204,3010.309,500000,0.0,0.0,0.011700000000000044,0.011700000000000044,tap3,slow,normal,20260810_135255,False
3012826,0.0078,0.039,0.9087,3012.826,500000,-0.0078,0.011699999999999999,0.0,0.014061649974309557,tap3,slow,normal,20260810_135255,False
3015303,0.0117,0.0273,0.9087,3015.303,500000,-0.003899999999999999,0.0,0.0,0.003899999999999999,tap3,slow,normal,20260810_135255,False
3017800,0.0117,0.0273,0.9204,3017.8,500000,-0.003899999999999999,0.0,0.011700000000000044,0.01233288287465672,tap3,slow,normal,20260810_135255,False
3020309,0.0156,0.0312,0.9009,3020.309,500000,0.0,0.0038999999999999972,-0.007799999999999918,0.008720665112249105,tap3,slow,normal,20260810_135255,False
3022800,0.0156,0.0273,0.9009,3022.8,500000,0.0,0.0,-0.007799999999999918,0.007799999999999918,tap3,slow,normal,20260810_135255,False
3025317,0.0078,0.0273,0.9087,3025.317,500000,-0.0078,0.0,0.0,0.0078,tap3,slow,normal,20260810_135255,False
3027821,0.0156,0.0351,0.9126,3027.821,500000,0.0,0.007799999999999998,0.0039000000000000146,0.008720665112249185,tap3,slow,normal,20260810_135255,False
3030303,0.0156,0.0312,0.9048,3030.303,500000,0.0,0.0038999999999999972,-0.0038999999999999035,0.005515432893255,tap3,slow,normal,20260810_135255,False
3032822,0.0195,0.0234,0.9126,3032.822,500000,0.0039000000000000007,-0.0039000000000000007,0.0039000000000000146,0.006754998149518631,tap3,slow,normal,20260810_135255,False
3035328,0.0195,0.0273,0.9087,3035.328,500000,0.0039000000000000007,0.0,0.0,0.0039000000000000007,tap3,slow,normal,20260810_135255,False
3037818,0.0156,0.0312,0.897,3037.818,500000,0.0,0.0038999999999999972,-0.011699999999999933,0.012332882874656614,tap3,slow,normal,20260810_135255,False
3040317,0.0117,0.0234,0.9126,3040.317,500000,-0.003899999999999999,-0.0039000000000000007,0.0039000000000000146,0.00675499814951863,tap3,slow,normal,20260810_135255,False
3042799,0.0078,0.0312,0.9126,3042.799,500000,-0.0078,0.0038999999999999972,0.0039000000000000146,0.0095530099968544,tap3,slow,normal,20260810_135255,False
3045324,0.0117,0.0234,0.9204,3045.324,500000,-0.003899999999999999,-0.0039000000000000007,0.011700000000000044,0.012934836682386099,tap3,slow,normal,20260810_135255,False
3047827,0.0156,0.0234,0.9204,3047.827,500000,0.0,-0.0039000000000000007,0.011700000000000044,0.012332882874656722,tap3,slow,normal,20260810_135255,False
3050307,0.0273,0.0156,0.9165,3050.307,500000,0.011700000000000002,-0.011700000000000002,0.007800000000000029,0.01829262146331139,tap3,slow,normal,20260810_135255,False
3052828,0.0078,0.0273,0.9126,3052.828,500000,-0.0078,0.0,0.0039000000000000146,0.008720665112249186,tap3,slow,normal,20260810_135255,False
3055326,0.0195,0.0273,0.9126,3055.326,500000,0.0039000000000000007,0.0,0.0039000000000000146,0.005515432893255082,tap3,slow,normal,20260810_135255,False
3057801,0.0156,0.0273,0.9048,3057.801,500000,0.0,0.0,-0.0038999999999999035,0.0038999999999999035,tap3,slow,normal,20260810_135255,False
3060313,0.0117,0.0195,0.9126,3060.313,500000,-0.003899999999999999,-0.007800000000000001,0.0039000000000000146,0.0095530099968544,tap3,slow,normal,20260810_135255,False
3062804,0.0117,0.0234,0.9204,3062.804,500000,-0.003899999999999999,-0.0039000000000000007,0.011700000000000044,0.012934836682386099,tap3,slow,normal,20260810_135255,False
3065304,0.0195,0.0195,0.9009,3065.304,500000,0.0039000000000000007,-0.007800000000000001,-0.007799999999999918,0.011699999999999947,tap3,slow,normal,20260810_135255,False
3067802,0.0195,0.0195,0.9048,3067.802,500000,0.0039000000000000007,-0.007800000000000001,-0.0038999999999999035,0.009553009996854357,tap3,slow,normal,20260810_135255,False
3070312,0.0195,0.0234,0.9087,3070.312,500000,0.0039000000000000007,-0.0039000000000000007,0.0,0.005515432893255071,tap3,slow,normal,20260810_135255,False
3072806,0.0156,0.0312,0.9126,3072.806,500000,0.0,0.0038999999999999972,0.0039000000000000146,0.005515432893255079,tap3,slow,normal,20260810_135255,False
3075312,0.0195,0.0312,0.9048,3075.312,500000,0.0039000000000000007,0.0038999999999999972,-0.0038999999999999035,0.006754998149518564,tap3,slow,normal,20260810_135255,False
3077812,0.0156,0.0273,0.9087,3077.812,500000,0.0,0.0,0.0,0.0,tap3,slow,normal,20260810_135255,False
3080324,0.0156,0.0273,0.9087,3080.324,500000,0.0,0.0,0.0,0.0,tap3,slow,normal,20260810_135255,False
3082815,0.0156,0.0156,0.9126,3082.815,500000,0.0,-0.011700000000000002,0.0039000000000000146,0.012332882874656687,tap3,slow,normal,20260810_135255,False
3085311,0.0156,0.0273,0.9087,3085.311,500000,0.0,0.0,0.0,0.0,tap3,slow,normal,20260810_135255,False
3087826,0.0156,0.0195,0.9126,3087.826,500000,0.0,-0.007800000000000001,0.0039000000000000146,0.008720665112249188,tap3,slow,normal,20260810_135255,False
3090305,0.0195,0.0273,0.9165,3090.305,500000,0.0039000000000000007,0.0,0.007800000000000029,0.008720665112249207,tap3,slow,normal,20260810_135255,False
3092800,0.0078,0.0234,0.9165,3092.8,500000,-0.0078,-0.0039000000000000007,0.007800000000000029,0.01170000000000002,tap3,slow,normal,20260810_135255,False
3095314,0.0117,0.0351,0.9087,3095.314,500000,-0.003899999999999999,0.007799999999999998,0.0,0.008720665112249178,tap3,slow,normal,20260810_135255,False
3097806,0.0195,0.0273,0.9048,3097.806,500000,0.0039000000000000007,0.0,-0.0038999999999999035,0.005515432893255003,tap3,slow,normal,20260810_135255,False
3100310,0.0117,0.0429,0.9243,3100.31,500000,-0.003899999999999999,0.0156,0.015600000000000058,0.02240379432149835,tap3,slow,normal,20260810_135255,False
3102826,0.0156,0.0312,0.9165,3102.826,500000,0.0,0.0038999999999999972,0.007800000000000029,0.008720665112249205,tap3,slow,normal,20260810_135255,False
3105303,0.0234,0.0273,0.9048,3105.303,500000,0.007800000000000001,0.0,-0.0038999999999999035,0.008720665112249138,tap3,slow,normal,20260810_135255,False
3107800,0.0195,0.0195,0.9048,3107.8,500000,0.0039000000000000007,-0.007800000000000001,-0.0038999999999999035,0.009553009996854357,tap3,slow,normal,20260810_135255,False
3110309,0.0156,0.0234,0.9126,3110.309,500000,0.0,-0.0039000000000000007,0.0039000000000000146,0.005515432893255082,tap3,slow,normal,20260810_135255,False
3112824,0.0156,0.0234,0.9087,3112.824,500000,0.0,-0.0039000000000000007,0.0,0.0039000000000000007,tap3,slow,normal,20260810_135255,False
3115299,0.0117,0.0273,0.9087,3115.299,500000,-0.003899999999999999,0.0,0.0,0.003899999999999999,tap3,slow,normal,20260810_135255,False
3117827,0.0117,0.0195,0.9165,3117.827,500000,-0.003899999999999999,-0.007800000000000001,0.007800000000000029,0.01170000000000002,tap3,slow,normal,20260810_135255,False
3120316,0.0156,0.0234,0.9204,3120.316,500000,0.0,-0.0039000000000000007,0.011700000000000044,0.012332882874656722,tap3,slow,normal,20260810_135255,False
3122801,0.0156,0.0273,0.9165,3122.801,500000,0.0,0.0,0.007800000000000029,0.007800000000000029,tap3,slow,normal,20260810_135255,False
3125319,0.0156,0.0234,0.9087,3125.319,500000,0.0,-0.0039000000000000007,0.0,0.0039000000000000007,tap3,slow,normal,20260810_135255,False
3127823,0.0273,0.0234,0.9165,3127.823,500000,0.011700000000000002,-0.0039000000000000007,0.007800000000000029,0.01459246380841839,tap3,slow,normal,20260810_135255,False
3130326,0.0117,0.0234,0.9126,3130.326,500000,-0.003899999999999999,-0.0039000000000000007,0.0039000000000000146,0.00675499814951863,tap3,slow,normal,20260810_135255,False
3132812,0.0156,0.0234,0.9009,3132.812,500000,0.0,-0.0039000000000000007,-0.007799999999999918,0.008720665112249107,tap3,slow,normal,20260810_135255,False
3135320,0.0195,0.0273,0.9165,3135.32,500000,0.0039000000000000007,0.0,0.007800000000000029,0.008720665112249207,tap3,slow,normal,20260810_135255,False
3137821,0.0156,0.0273,0.9087,3137.821,500000,0.0,0.0,0.0,0.0,tap3,slow,normal,20260810_135255,False
3140308,0.0156,0.0273,0.9126,3140.308,500000,0.0,0.0,0.0039000000000000146,0.0039000000000000146,tap3,slow,normal,20260810_135255,False
3142824,0.0156,0.0351,0.9087,3142.824,500000,0.0,0.007799999999999998,0.0,0.007799999999999998,tap3,slow,normal,20260810_135255,False
3145309,0.0117,0.0273,0.9126,3145.309,500000,-0.003899999999999999,0.0,0.0039000000000000146,0.00551543289325508,tap3,slow,normal,20260810_135255,False
3147801,0.0234,0.0234,0.9048,3147.801,500000,0.007800000000000001,-0.0039000000000000007,-0.0038999999999999035,0.009553009996854357,tap3,slow,normal,20260810_135255,False
3150312,0.0156,0.0273,0.9048,3150.312,500000,0.0,0.0,-0.0038999999999999035,0.0038999999999999035,tap3,slow,normal,20260810_135255,False
3152826,0.0078,0.0312,0.9087,3152.826,500000,-0.0078,0.0038999999999999972,0.0,0.00872066511224918,tap3,slow,normal,20260810_135255,False
3155322,0.0117,0.0273,0.9126,3155.322,500000,-0.003899999999999999,0.0,0.0039000000000000146,0.00551543289325508,tap3,slow,normal,20260810_135255,False
3157817,0.0078,0.0273,0.9087,3157.817,500000,-0.0078,0.0,0.0,0.0078,tap3,slow,normal,20260810_135255,False
3160327,0.0195,0.0312,0.9204,3160.327,500000,0.0039000000000000007,0.0038999999999999972,0.011700000000000044,0.012934836682386099,tap3,slow,normal,20260810_135255,False
3162820,0.0195,0.0234,0.9126,3162.82,500000,0.0039000000000000007,-0.0039000000000000007,0.0039000000000000146,0.006754998149518631,tap3,slow,normal,20260810_135255,False
3165312,0.0156,0.0273,0.9087,3165.312,500000,0.0,0.0,0.0,0.0,tap3,slow,normal,20260810_135255,False
3167800,0.0156,0.0312,0.9165,3167.8,500000,0.0,0.0038999999999999972,0.007800000000000029,0.008720665112249205,tap3,slow,normal,20260810_135255,False
3170306,0.0117,0.0273,0.897,3170.306,500000,-0.003899999999999999,0.0,-0.011699999999999933,0.012332882874656614,tap3,slow,normal,20260810_135255,False
3172823,0.0156,0.0273,0.9048,3172.823,500000,0.0,0.0,-0.0038999999999999035,0.0038999999999999035,tap3,slow,normal,20260810_135255,False
3175319,0.0195,0.0195,0.9087,3175.319,500000,0.0039000000000000007,-0.007800000000000001,0.0,0.008720665112249181,tap3,slow,normal,20260810_135255,False
3177815,0.0117,0.0312,0.9087,3177.815,500000,-0.003899999999999999,0.0038999999999999972,0.0,0.005515432893255068,tap3,slow,normal,20260810_135255,False
3180300,0.0195,0.0273,0.9126,3180.3,500000,0.0039000000000000007,0.0,0.0039000000000000146,0.005515432893255082,tap3,slow,normal,20260810_135255,False
3182825,0.0234,0.0195,0.9048,3182.825,500000,0.007800000000000001,-0.007800000000000001,-0.0038999999999999035,0.011699999999999969,tap3,slow,normal,20260810_135255,False
3185321,0.0117,0.0312,0.9165,3185.321,500000,-0.003899999999999999,0.0038999999999999972,0.007800000000000029,0.009553009996854416,tap3,slow,normal,20260810_135255,False
3187826,0.0117,0.0312,0.9165,3187.826,500000,-0.003899999999999999,0.0038999999999999972,0.007800000000000029,0.009553009996854416,tap3,slow,normal,20260810_135255,False
3190299,0.0156,0.0273,0.9126,3190.299,500000,0.0,0.0,0.0039000000000000146,0.0039000000000000146,tap3,slow,normal,20260810_135255,False
3192823,0.0195,0.0234,0.9126,3192.823,500000,0.0039000000000000007,-0.0039000000000000007,0.0039000000000000146,0.006754998149518631,tap3,slow,normal,20260810_135255,False
3195304,0.0078,0.0273,0.9048,3195.304,500000,-0.0078,0.0,-0.0038999999999999035,0.008720665112249136,tap3,slow,normal,20260810_135255,False
3197801,0.0117,0.0195,0.9165,3197.801,500000,-0.003899999999999999,-0.007800000000000001,0.007800000000000029,0.01170000000000002,tap3,slow,normal,20260810_135255,False
3200313,0.0234,0.0234,0.9048,3200.313,500000,0.007800000000000001,-0.0039000000000000007,-0.0038999999999999035,0.009553009996854357,tap3,slow,normal,20260810_135255,False
3202806,0.0195,0.0195,0.9087,3202.806,500000,0.0039000000000000007,-0.007800000000000001,0.0,0.008720665112249181,tap3,slow,normal,20260810_135255,False
3205309,0.0195,0.0234,0.9126,3205.309,500000,0.0039000000000000007,-0.0039000000000000007,0.0039000000000000146,0.006754998149518631,tap3,slow,normal,20260810_135255,False
3207808,0.0078,0.0312,0.9204,3207.808,500000,-0.0078,0.0038999999999999972,0.011700000000000044,0.014592463808418405,tap3,slow,normal,20260810_135255,False
3210299,0.0195,0.0312,0.9087,3210.299,500000,0.0039000000000000007,0.0038999999999999972,0.0,0.0055154328932550695,tap3,slow,normal,20260810_135255,False
3212826,0.0156,0.0273,0.9087,3212.826,500000,0.0,0.0,0.0,0.0,tap3,slow,normal,20260810_135255,False
3215306,0.0156,0.0234,0.9087,3215.306,500000,0.0,-0.0039000000000000007,0.0,0.0039000000000000007,tap3,slow,normal,20260810_135255,False
3217821,0.0078,0.0312,0.9165,3217.821,500000,-0.0078,0.0038999999999999972,0.007800000000000029,0.011700000000000018,tap3,slow,normal,20260810_135255,False
3220326,0.0156,0.0273,0.9165,3220.326,500000,0.0,0.0,0.007800000000000029,0.007800000000000029,tap3,slow,normal,20260810_135255,False
3222823,0.0156,0.0195,0.9087,3222.823,500000,0.0,-0.007800000000000001,0.0,0.007800000000000001,tap3,slow,normal,20260810_135255,False
3225315,0.0156,0.0234,0.9048,3225.315,500000,0.0,-0.0039000000000000007,-0.0038999999999999035,0.005515432893255003,tap3,slow,normal,20260810_135255,False
3227813,0.0117,0.0156,0.9165,3227.813,500000,-0.003899999999999999,-0.011700000000000002,0.007800000000000029,0.014592463808418388,tap3,slow,normal,20260810_135255,False
3230325,0.0117,0.0156,0.9204,3230.325,500000,-0.003899999999999999,-0.011700000000000002,0.011700000000000044,0.016999705879808657,tap3,slow,normal,20260810_135255,False
3232813,0.0117,0.0234,0.9048,3232.813,500000,-0.003899999999999999,-0.0039000000000000007,-0.0038999999999999035,0.006754998149518566,tap3,slow,normal,20260810_135255,False
3235326,0.0156,0.0234,0.9048,3235.326,500000,0.0,-0.0039000000000000007,-0.0038999999999999035,0.005515432893255003,tap3,slow,normal,20260810_135255,False
3237809,0.0156,0.0273,0.9048,3237.809,500000,0.0,0.0,-0.0038999999999999035,0.0038999999999999035,tap3,slow,normal,20260810_135255,False
3240319,0.0156,0.0273,0.9165,3240.319,500000,0.0,0.0,0.007800000000000029,0.007800000000000029,tap3,slow,normal,20260810_135255,False
3242808,0.0156,0.0273,0.9165,3242.808,500000,0.0,0.0,0.007800000000000029,0.007800000000000029,tap3,slow,normal,20260810_135255,False
3245325,0.0117,0.0351,0.9087,3245.325,500000,-0.003899999999999999,0.007799999999999998,0.0,0.008720665112249178,tap3,slow,normal,20260810_135255,False
3247800,0.0156,0.0312,0.9009,3247.8,500000,0.0,0.0038999999999999972,-0.007799999999999918,0.008720665112249105,tap3,slow,normal,20260810_135255,False
3250317,0.0117,0.0234,0.9087,3250.317,500000,-0.003899999999999999,-0.0039000000000000007,0.0,0.00551543289325507,tap3,slow,normal,20260810_135255,False
3252807,0.0156,0.0195,0.9087,3252.807,500000,0.0,-0.007800000000000001,0.0,0.007800000000000001,tap3,slow,normal,20260810_135255,False
3255312,0.0156,0.0234,0.9087,3255.312,500000,0.0,-0.0039000000000000007,0.0,0.0039000000000000007,tap3,slow,normal,20260810_135255,False
3257814,0.0156,0.0195,0.9126,3257.814,500000,0.0,-0.007800000000000001,0.0039000000000000146,0.008720665112249188,tap3,slow,normal,20260810_135255,False
3260323,0.0117,0.0234,0.9126,3260.323,500000,-0.003899999999999999,-0.0039000000000000007,0.0039000000000000146,0.00675499814951863,tap3,slow,normal,20260810_135255,False
3262807,0.0156,0.0234,0.9126,3262.807,500000,0.0,-0.0039000000000000007,0.0039000000000000146,0.005515432893255082,tap3,slow,normal,20260810_135255,False
3265304,0.0117,0.0273,0.9126,3265.304,500000,-0.003899999999999999,0.0,0.0039000000000000146,0.00551543289325508,tap3,slow,normal,20260810_135255,False
3267804,0.0234,0.0234,0.897,3267.804,500000,0.007800000000000001,-0.0039000000000000007,-0.011699999999999933,0.014592463808418318,tap3,slow,normal,20260810_135255,False
3270310,0.0156,0.0234,0.9087,3270.31,500000,0.0,-0.0039000000000000007,0.0,0.0039000000000000007,tap3,slow,normal,20260810_135255,False
3272828,0.0156,0.0312,0.9126,3272.828,500000,0.0,0.0038999999999999972,0.0039000000000000146,0.005515432893255079,tap3,slow,normal,20260810_135255,False
3275301,0.0117,0.0234,0.9126,3275.301,500000,-0.003899999999999999,-0.0039000000000000007,0.0039000000000000146,0.00675499814951863,tap3,slow,normal,20260810_135255,False
3277806,0.0234,0.0234,0.9087,3277.806,500000,0.007800000000000001,-0.0039000000000000007,0.0,0.008720665112249181,tap3,slow,normal,20260810_135255,False
3280324,0.0117,0.0273,0.9165,3280.324,500000,-0.003899999999999999,0.0,0.007800000000000029,0.008720665112249205,tap3,slow,normal,20260810_135255,False
3282812,0.0117,0.0195,0.9048,3282.812,500000,-0.003899999999999999,-0.007800000000000001,-0.0038999999999999035,0.009553009996854355,tap3,slow,normal,20260810_135255,False
3285312,0.0234,0.0273,0.9048,3285.312,500000,0.007800000000000001,0.0,-0.0038999999999999035,0.008720665112249138,tap3,slow,normal,20260810_135255,False
3287805,0.0195,0.0195,0.9009,3287.805,500000,0.0039000000000000007,-0.007800000000000001,-0.007799999999999918,0.011699999999999947,tap3,slow,normal,20260810_135255,False
3290312,0.0195,0.0195,0.9048,3290.312,500000,0.0039000000000000007,-0.007800000000000001,-0.0038999999999999035,0.009553009996854357,tap3,slow,normal,20260810_135255,False
3292802,0.0117,0.0273,0.897,3292.802,500000,-0.003899999999999999,0.0,-0.011699999999999933,0.012332882874656614,tap3,slow,normal,20260810_135255,False
3295314,0.0195,0.0273,0.9165,3295.314,500000,0.0039000000000000007,0.0,0.007800000000000029,0.008720665112249207,tap3,slow,normal,20260810_135255,False
3297825,0.0195,0.0273,0.9165,3297.825,500000,0.0039000000000000007,0.0,0.007800000000000029,0.008720665112249207,tap3,slow,normal,20260810_135255,False
3300312,0.0195,0.0273,0.9126,3300.312,500000,0.0039000000000000007,0.0,0.0039000000000000146,0.005515432893255082,tap3,slow,normal,20260810_135255,False
3302804,0.0234,0.0234,0.9126,3302.804,500000,0.007800000000000001,-0.0039000000000000007,0.0039000000000000146,0.009553009996854402,tap3,slow,normal,20260810_135255,False
3305302,0.0195,0.0312,0.9048,3305.302,500000,0.0039000000000000007,0.0038999999999999972,-0.0038999999999999035,0.006754998149518564,tap3,slow,normal,20260810_135255,False
3307802,0.0156,0.0234,0.9087,3307.802,500000,0.0,-0.0039000000000000007,0.0,0.0039000000000000007,tap3,slow,normal,20260810_135255,False
3310309,0.0156,0.0312,0.9048,3310.309,500000,0.0,0.0038999999999999972,-0.0038999999999999035,0.005515432893255,tap3,slow,normal,20260810_135255,False
3312820,0.0156,0.0312,0.9165,3312.82,500000,0.0,0.0038999999999999972,0.007800000000000029,0.008720665112249205,tap3,slow,normal,20260810_135255,False
3315315,0.0195,0.0351,0.9126,3315.315,500000,0.0039000000000000007,0.007799999999999998,0.0039000000000000146,0.0095530099968544,tap3,slow,normal,20260810_135255,False
3317817,0.0117,0.0273,0.9243,3317.817,500000,-0.003899999999999999,0.0,0.015600000000000058,0.016080111939908933,tap3,slow,normal,20260810_135255,False
3320304,0.0234,0.0234,0.9048,3320.304,500000,0.007800000000000001,-0.0039000000000000007,-0.0038999999999999035,0.009553009996854357,tap3,slow,normal,20260810_135255,False
3322820,0.0195,0.0156,0.9165,3322.82,500000,0.0039000000000000007,-0.011700000000000002,0.007800000000000029,0.01459246380841839,tap3,slow,normal,20260810_135255,False
3325315,0.0234,0.0195,0.9087,3325.315,500000,0.007800000000000001,-0.007800000000000001,0.0,0.011030865786510143,tap3,slow,normal,20260810_135255,False
3327825,0.0195,0.0351,0.9048,3327.825,500000,0.0039000000000000007,0.007799999999999998,-0.0038999999999999035,0.009553009996854354,tap3,slow,normal,20260810_135255,False
3330304,0.0117,0.0312,0.9126,3330.304,500000,-0.003899999999999999,0.0038999999999999972,0.0039000000000000146,0.006754998149518627,tap3,slow,normal,20260810_135255,False
3332824,0.0195,0.0273,0.9204,3332.824,500000,0.0039000000000000007,0.0,0.011700000000000044,0.012332882874656722,tap3,slow,normal,20260810_135255,False
3335302,0.0117,0.0234,0.9243,3335.302,500000,-0.003899999999999999,-0.0039000000000000007,0.015600000000000058,0.016546298679765266,tap3,slow,normal,20260810_135255,False
3337826,0.0156,0.0351,0.9165,3337.826,500000,0.0,0.007799999999999998,0.007800000000000029,0.01103086578651016,tap3,slow,normal,20260810_135255,False
3340318,0.0195,0.0312,0.9126,3340.318,500000,0.0039000000000000007,0.0038999999999999972,0.0039000000000000146,0.006754998149518628,tap3,slow,normal,20260810_135255,False
3342801,0.0156,0.0312,0.9087,3342.801,500000,0.0,0.0038999999999999972,0.0,0.0038999999999999972,tap3,slow,normal,20260810_135255,False
3345326,0.0117,0.0312,0.9048,3345.326,500000,-0.003899999999999999,0.0038999999999999972,-0.0038999999999999035,0.006754998149518563,tap3,slow,normal,20260810_135255,False
3347807,0.0117,0.0312,0.9009,3347.807,500000,-0.003899999999999999,0.0038999999999999972,-0.007799999999999918,0.009553009996854326,tap3,slow,normal,20260810_135255,False
3350315,0.0195,0.0273,0.9087,3350.315,500000,0.0039000000000000007,0.0,0.0,0.0039000000000000007,tap3,slow,normal,20260810_135255,False
3352807,0.0117,0.0312,0.9087,3352.807,500000,-0.003899999999999999,0.0038999999999999972,0.0,0.005515432893255068,tap3,slow,normal,20260810_135255,False
3355309,0.0156,0.0234,0.9087,3355.309,500000,0.0,-0.0039000000000000007,0.0,0.0039000000000000007,tap3,slow,normal,20260810_135255,False
3357817,0.0195,0.0312,0.9165,3357.817,500000,0.0039000000000000007,0.0038999999999999972,0.007800000000000029,0.009553009996854418,tap3,slow,normal,20260810_135255,False
3360322,0.0156,0.0195,0.9165,3360.322,500000,0.0,-0.007800000000000001,0.007800000000000029,0.011030865786510163,tap3,slow,normal,20260810_135255,False
3362827,0.0117,0.0312,0.9087,3362.827,500000,-0.003899999999999999,0.0038999999999999972,0.0,0.005515432893255068,tap3,slow,normal,20260810_135255,False
3365312,0.0156,0.0195,0.9087,3365.312,500000,0.0,-0.007800000000000001,0.0,0.007800000000000001,tap3,slow,normal,20260810_135255,False
3367819,0.0117,0.0234,0.9165,3367.819,500000,-0.003899999999999999,-0.0039000000000000007,0.007800000000000029,0.009553009996854418,tap3,slow,normal,20260810_135255,False
3370308,0.0195,0.0273,0.9126,3370.308,500000,0.0039000000000000007,0.0,0.0039000000000000146,0.005515432893255082,tap3,slow,normal,20260810_135255,False
3372804,0.0234,0.0195,0.9126,3372.804,500000,0.007800000000000001,-0.007800000000000001,0.0039000000000000146,0.011700000000000007,tap3,slow,normal,20260810_135255,False
3375311,0.0195,0.0273,0.9048,3375.311,500000,0.0039000000000000007,0.0,-0.0038999999999999035,0.005515432893255003,tap3,slow,normal,20260810_135255,False
3377807,0.0195,0.0273,0.9126,3377.807,500000,0.0039000000000000007,0.0,0.0039000000000000146,0.005515432893255082,tap3,slow,normal,20260810_135255,False
3380310,0.0195,0.0195,0.9009,3380.31,500000,0.0039000000000000007,-0.007800000000000001,-0.007799999999999918,0.011699999999999947,tap3,slow,normal,20260810_135255,False
3382805,0.0195,0.0273,0.9048,3382.805,500000,0.0039000000000000007,0.0,-0.0038999999999999035,0.005515432893255003,tap3,slow,normal,20260810_135255,False
3385304,0.0195,0.0234,0.9126,3385.304,500000,0.0039000000000000007,-0.0039000000000000007,0.0039000000000000146,0.006754998149518631,tap3,slow,normal,20260810_135255,False
3387804,0.0156,0.0234,0.9126,3387.804,500000,0.0,-0.0039000000000000007,0.0039000000000000146,0.005515432893255082,tap3,slow,normal,20260810_135255,False
3390317,0.0156,0.0273,0.9087,3390.317,500000,0.0,0.0,0.0,0.0,tap3,slow,normal,20260810_135255,False
3392810,0.0117,0.0273,0.9126,3392.81,500000,-0.003899999999999999,0.0,0.0039000000000000146,0.00551543289325508,tap3,slow,normal,20260810_135255,False
3395311,0.0156,0.0312,0.9126,3395.311,500000,0.0,0.0038999999999999972,0.0039000000000000146,0.005515432893255079,tap3,slow,normal,20260810_135255,False
3397810,0.0195,0.0234,0.9126,3397.81,500000,0.0039000000000000007,-0.0039000000000000007,0.0039000000000000146,0.006754998149518631,tap3,slow,normal,20260810_135255,False
3400321,0.0156,0.0273,0.9048,3400.321,500000,0.0,0.0,-0.0038999999999999035,0.0038999999999999035,tap3,slow,normal,20260810_135255,False
3402806,0.0156,0.0312,0.897,3402.806,500000,0.0,0.0038999999999999972,-0.011699999999999933,0.012332882874656614,tap3,slow,normal,20260810_135255,False
3405300,0.0156,0.0312,0.897,3405.3,500000,0.0,0.0038999999999999972,-0.011699999999999933,0.012332882874656614,tap3,slow,normal,20260810_135255,False
3407822,0.0117,0.0273,0.9087,3407.822,500000,-0.003899999999999999,0.0,0.0,0.003899999999999999,tap3,slow,normal,20260810_135255,False
3410303,0.0156,0.0273,0.9087,3410.303,500000,0.0,0.0,0.0,0.0,tap3,slow,normal,20260810_135255,False
3412828,0.0078,0.0351,0.9126,3412.828,500000,-0.0078,0.007799999999999998,0.0039000000000000146,0.011700000000000004,tap3,slow,normal,20260810_135255,False
3415300,0.0273,0.0273,0.9126,3415.3,500000,0.011700000000000002,0.0,0.0039000000000000146,0.012332882874656687,tap3,slow,normal,20260810_135255,False
3417803,0.0117,0.0234,0.9126,3417.803,500000,-0.003899999999999999,-0.0039000000000000007,0.0039000000000000146,0.00675499814951863,tap3,slow,normal,20260810_135255,False
3420312,0.0156,0.0156,0.9126,3420.312,500000,0.0,-0.011700000000000002,0.0039000000000000146,0.012332882874656687,tap3,slow,normal,20260810_135255,False
3422826,0.0156,0.0234,0.9126,3422.826,500000,0.0,-0.0039000000000000007,0.0039000000000000146,0.005515432893255082,tap3,slow,normal,20260810_135255,False
3425318,0.0117,0.0312,0.9126,3425.318,500000,-0.003899999999999999,0.0038999999999999972,0.0039000000000000146,0.006754998149518627,tap3,slow,normal,20260810_135255,False
3427810,0.0234,0.0234,0.9048,3427.81,500000,0.007800000000000001,-0.0039000000000000007,-0.0038999999999999035,0.009553009996854357,tap3,slow,normal,20260810_135255,False
3430322,0.0195,0.0195,0.9087,3430.322,500000,0.0039000000000000007,-0.007800000000000001,0.0,0.008720665112249181,tap3,slow,normal,20260810_135255,False
3432824,0.0195,0.0234,0.9126,3432.824,500000,0.0039000000000000007,-0.0039000000000000007,0.0039000000000000146,0.006754998149518631,tap3,slow,normal,20260810_135255,False
3435300,0.0117,0.0273,0.9126,3435.3,500000,-0.003899999999999999,0.0,0.0039000000000000146,0.00551543289325508,tap3,slow,normal,20260810_135255,False
3437814,0.0195,0.0234,0.9126,3437.814,500000,0.0039000000000000007,-0.0039000000000000007,0.0039000000000000146,0.006754998149518631,tap3,slow,normal,20260810_135255,False
3440308,0.0117,0.0156,0.9204,3440.308,500000,-0.003899999999999999,-0.011700000000000002,0.011700000000000044,0.016999705879808657,tap3,slow,normal,20260810_135255,False
3442820,0.0351,0.0195,0.9204,3442.82,500000,0.0195,-0.007800000000000001,0.011700000000000044,0.02404121461157903,tap3,slow,normal,20260810_135255,False
3445315,0.0195,0.0312,0.9204,3445.315,500000,0.0039000000000000007,0.0038999999999999972,0.011700000000000044,0.012934836682386099,tap3,slow,normal,20260810_135255,False
3447825,0.0234,0.0234,0.9165,3447.825,500000,0.007800000000000001,-0.0039000000000000007,0.007800000000000029,0.011700000000000021,tap3,slow,normal,20260810_135255,False
3450301,0.0117,0.0312,0.9087,3450.301,500000,-0.003899999999999999,0.0038999999999999972,0.0,0.005515432893255068,tap3,slow,normal,20260810_135255,False
3452820,0.0195,0.0156,0.9126,3452.82,500000,0.0039000000000000007,-0.011700000000000002,0.0039000000000000146,0.012934836682386066,tap3,slow,normal,20260810_135255,False
3455323,0.0156,0.0273,0.9126,3455.323,500000,0.0,0.0,0.0039000000000000146,0.0039000000000000146,tap3,slow,normal,20260810_135255,False
3457829,0.0156,0.0273,0.9126,3457.829,500000,0.0,0.0,0.0039000000000000146,0.0039000000000000146,tap3,slow,normal,20260810_135255,False
3460310,0.0234,0.0234,0.9126,3460.31,500000,0.007800000000000001,-0.0039000000000000007,0.0039000000000000146,0.009553009996854402,tap3,slow,normal,20260810_135255,False
3462824,0.0195,0.0234,0.9048,3462.824,500000,0.0039000000000000007,-0.0039000000000000007,-0.0038999999999999035,0.006754998149518567,tap3,slow,normal,20260810_135255,False
3465317,0.0273,0.0195,0.9087,3465.317,500000,0.011700000000000002,-0.007800000000000001,0.0,0.01406164997430956,tap3,slow,normal,20260810_135255,False
3467828,0.0234,0.0312,0.9048,3467.828,500000,0.007800000000000001,0.0038999999999999972,-0.0038999999999999035,0.009553009996854355,tap3,slow,normal,20260810_135255,False
3470320,0.0195,0.0312,0.9126,3470.32,500000,0.0039000000000000007,0.0038999999999999972,0.0039000000000000146,0.006754998149518628,tap3,slow,normal,20260810_135255,False
3472807,0.0195,0.0273,0.9126,3472.807,500000,0.0039000000000000007,0.0,0.0039000000000000146,0.005515432893255082,tap3,slow,normal,20260810_135255,False
3475314,0.0234,0.0273,0.9087,3475.314,500000,0.007800000000000001,0.0,0.0,0.007800000000000001,tap3,slow,normal,20260810_135255,False
3477826,0.0234,0.0234,0.9048,3477.826,500000,0.007800000000000001,-0.0039000000000000007,-0.0038999999999999035,0.009553009996854357,tap3,slow,normal,20260810_135255,False
3480328,0.0195,0.0351,0.9087,3480.328,500000,0.0039000000000000007,0.007799999999999998,0.0,0.00872066511224918,tap3,slow,normal,20260810_135255,False
3482825,0.0156,0.0195,0.9087,3482.825,500000,0.0,-0.007800000000000001,0.0,0.007800000000000001,tap3,slow,normal,20260810_135255,False
3485300,0.0234,0.0312,0.9009,3485.3,500000,0.007800000000000001,0.0038999999999999972,-0.007799999999999918,0.011699999999999945,tap3,slow,normal,20260810_135255,False
3487826,0.0156,0.0351,0.9009,3487.826,500000,0.0,0.007799999999999998,-0.007799999999999918,0.011030865786510082,tap3,slow,normal,20260810_135255,False
3490305,0.0195,0.0312,0.9048,3490.305,500000,0.0039000000000000007,0.0038999999999999972,-0.0038999999999999035,0.006754998149518564,tap3,slow,normal,20260810_135255,False
3492815,0.0117,0.0234,0.9126,3492.815,500000,-0.003899999999999999,-0.0039000000000000007,0.0039000000000000146,0.00675499814951863,tap3,slow,normal,20260810_135255,False
3495324,0.0234,0.0312,0.9087,3495.324,500000,0.007800000000000001,0.0038999999999999972,0.0,0.00872066511224918,tap3,slow,normal,20260810_135255,False
3497800,0.0234,0.0273,0.9126,3497.8,500000,0.007800000000000001,0.0,0.0039000000000000146,0.008720665112249188,tap3,slow,normal,20260810_135255,False
3500308,0.0195,0.0273,0.9165,3500.308,500000,0.0039000000000000007,0.0,0.007800000000000029,0.008720665112249207,tap3,slow,normal,20260810_135255,False
3502800,0.0195,0.0234,0.9048,3502.8,500000,0.0039000000000000007,-0.0039000000000000007,-0.0038999999999999035,0.006754998149518567,tap3,slow,normal,20260810_135255,False
3505303,0.0273,0.0234,0.9165,3505.303,500000,0.011700000000000002,-0.0039000000000000007,0.007800000000000029,0.01459246380841839,tap3,slow,normal,20260810_135255,False
3507824,0.0156,0.0312,0.9165,3507.824,500000,0.0,0.0038999999999999972,0.007800000000000029,0.008720665112249205,tap3,slow,normal,20260810_135255,False
3510304,0.0156,0.0312,0.9048,3510.304,500000,0.0,0.0038999999999999972,-0.0038999999999999035,0.005515432893255,tap3,slow,normal,20260810_135255,False
3512823,0.0156,0.0234,0.897,3512.823,500000,0.0,-0.0039000000000000007,-0.011699999999999933,0.012332882874656616,tap3,slow,normal,20260810_135255,False
3515326,0.0156,0.0234,0.897,3515.326,500000,0.0,-0.0039000000000000007,-0.011699999999999933,0.012332882874656616,tap3,slow,normal,20260810_135255,False
3517800,0.0156,0.0351,0.9048,3517.8,500000,0.0,0.007799999999999998,-0.0038999999999999035,0.008720665112249134,tap3,slow,normal,20260810_135255,False
3520320,0.0234,0.0234,0.9087,3520.32,500000,0.007800000000000001,-0.0039000000000000007,0.0,0.008720665112249181,tap3,slow,normal,20260810_135255,False
3522804,0.0195,0.0312,0.9009,3522.804,500000,0.0039000000000000007,0.0038999999999999972,-0.007799999999999918,0.009553009996854326,tap3,slow,normal,20260810_135255,False
3525299,0.0195,0.0312,0.9048,3525.299,500000,0.0039000000000000007,0.0038999999999999972,-0.0038999999999999035,0.006754998149518564,tap3,slow,normal,20260810_135255,False
3527810,0.0234,0.0234,0.9165,3527.81,500000,0.007800000000000001,-0.0039000000000000007,0.007800000000000029,0.011700000000000021,tap3,slow,normal,20260810_135255,False
3530319,0.0117,0.0273,0.9165,3530.319,500000,-0.003899999999999999,0.0,0.007800000000000029,0.008720665112249205,tap3,slow,normal,20260810_135255,False
3532810,0.0117,0.0312,0.9009,3532.81,500000,-0.003899999999999999,0.0038999999999999972,-0.007799999999999918,0.009553009996854326,tap3,slow,normal,20260810_135255,False
3535326,0.0156,0.0273,0.9087,3535.326,500000,0.0,0.0,0.0,0.0,tap3,slow,normal,20260810_135255,False
3537812,0.0195,0.0351,0.9165,3537.812,500000,0.0039000000000000007,0.007799999999999998,0.007800000000000029,0.011700000000000018,tap3,slow,normal,20260810_135255,False
3540300,0.0117,0.0351,0.9126,3540.3,500000,-0.003899999999999999,0.007799999999999998,0.0039000000000000146,0.009553009996854399,tap3,slow,normal,20260810_135255,False
3542824,0.0156,0.0234,0.9126,3542.824,500000,0.0,-0.0039000000000000007,0.0039000000000000146,0.005515432893255082,tap3,slow,normal,20260810_135255,False
3545305,0.0195,0.0234,0.9204,3545.305,500000,0.0039000000000000007,-0.0039000000000000007,0.011700000000000044,0.012934836682386099,tap3,slow,normal,20260810_135255,False
3547814,0.0117,0.0312,0.9126,3547.814,500000,-0.003899999999999999,0.0038999999999999972,0.0039000000000000146,0.006754998149518627,tap3,slow,normal,20260810_135255,False
3550312,0.0117,0.0312,0.9009,3550.312,500000,-0.003899999999999999,0.0038999999999999972,-0.007799999999999918,0.009553009996854326,tap3,slow,normal,20260810_135255,False
3552828,0.0195,0.0273,0.9126,3552.828,500000,0.0039000000000000007,0.0,0.0039000000000000146,0.005515432893255082,tap3,slow,normal,20260810_135255,False
3555325,0.0117,0.0234,0.9087,3555.325,500000,-0.003899999999999999,-0.0039000000000000007,0.0,0.00551543289325507,tap3,slow,normal,20260810_135255,False
3557820,0.0195,0.0195,0.9048,3557.82,500000,0.0039000000000000007,-0.007800000000000001,-0.0038999999999999035,0.009553009996854357,tap3,slow,normal,20260810_135255,False
3560323,0.0078,0.0195,0.9087,3560.323,500000,-0.0078,-0.007800000000000001,0.0,0.011030865786510143,tap3,slow,normal,20260810_135255,False
3562809,0.0117,0.0273,0.897,3562.809,500000,-0.003899999999999999,0.0,-0.011699999999999933,0.012332882874656614,tap3,slow,normal,20260810_135255,False
3565314,0.0156,0.0234,0.9126,3565.314,500000,0.0,-0.0039000000000000007,0.0039000000000000146,0.005515432893255082,tap3,slow,normal,20260810_135255,False
3567816,0.0117,0.0273,0.9126,3567.816,500000,-0.003899999999999999,0.0,0.0039000000000000146,0.00551543289325508,tap3,slow,normal,20260810_135255,False
3570304,0.0195,0.0195,0.9126,3570.304,500000,0.0039000000000000007,-0.007800000000000001,0.0039000000000000146,0.009553009996854402,tap3,slow,normal,20260810_135255,False
3572825,0.0195,0.0234,0.9126,3572.825,500000,0.0039000000000000007,-0.0039000000000000007,0.0039000000000000146,0.006754998149518631,tap3,slow,normal,20260810_135255,False
3575324,0.0078,0.0234,0.9126,3575.324,500000,-0.0078,-0.0039000000000000007,0.0039000000000000146,0.0095530099968544,tap3,slow,normal,20260810_135255,False
3577816,0.0156,0.0234,0.897,3577.816,500000,0.0,-0.0039000000000000007,-0.011699999999999933,0.012332882874656616,tap3,slow,normal,20260810_135255,False
3580302,0.0234,0.0312,0.9087,3580.302,500000,0.007800000000000001,0.0038999999999999972,0.0,0.00872066511224918,tap3,slow,normal,20260810_135255,False
3582821,0.0156,0.0234,0.9126,3582.821,500000,0.0,-0.0039000000000000007,0.0039000000000000146,0.005515432893255082,tap3,slow,normal,20260810_135255,False
3585325,0.0156,0.0351,0.9126,3585.325,500000,0.0,0.007799999999999998,0.0039000000000000146,0.008720665112249185,tap3,slow,normal,20260810_135255,False
3587823,0.0156,0.0234,0.9087,3587.823,500000,0.0,-0.0039000000000000007,0.0,0.0039000000000000007,tap3,slow,normal,20260810_135255,False
3590310,0.0156,0.0234,0.9048,3590.31,500000,0.0,-0.0039000000000000007,-0.0038999999999999035,0.005515432893255003,tap3,slow,normal,20260810_135255,False
3592824,0.0156,0.0312,0.9009,3592.824,500000,0.0,0.0038999999999999972,-0.007799999999999918,0.008720665112249105,tap3,slow,normal,20260810_135255,False
3595329,0.0156,0.0234,0.9048,3595.329,500000,0.0,-0.0039000000000000007,-0.0038999999999999035,0.005515432893255003,tap3,slow,normal,20260810_135255,False
3597802,0.0195,0.0195,0.9087,3597.802,500000,0.0039000000000000007,-0.007800000000000001,0.0,0.008720665112249181,tap3,slow,normal,20260810_135255,False
3600320,0.0156,0.0195,0.9165,3600.32,500000,0.0,-0.007800000000000001,0.007800000000000029,0.011030865786510163,tap3,slow,normal,20260810_135255,False
3602814,0.0156,0.0273,0.9048,3602.814,500000,0.0,0.0,-0.0038999999999999035,0.0038999999999999035,tap3,slow,normal,20260810_135255,False
3605314,0.0195,0.0273,0.9048,3605.314,500000,0.0039000000000000007,0.0,-0.0038999999999999035,0.005515432893255003,tap3,slow,normal,20260810_135255,False
3607801,0.0195,0.0273,0.9048,3607.801,500000,0.0039000000000000007,0.0,-0.0038999999999999035,0.005515432893255003,tap3,slow,normal,20260810_135255,False
3610304,0.0195,0.0234,0.9087,3610.304,500000,0.0039000000000000007,-0.0039000000000000007,0.0,0.005515432893255071,tap3,slow,normal,20260810_135255,False
3612803,0.0156,0.0234,0.897,3612.803,500000,0.0,-0.0039000000000000007,-0.011699999999999933,0.012332882874656616,tap3,slow,normal,20260810_135255,False
3615305,0.0117,0.0312,0.9087,3615.305,500000,-0.003899999999999999,0.0038999999999999972,0.0,0.005515432893255068,tap3,slow,normal,20260810_135255,False
3617828,0.0195,0.0273,0.9087,3617.828,500000,0.0039000000000000007,0.0,0.0,0.0039000000000000007,tap3,slow,normal,20260810_135255,False
3620316,0.0195,0.0234,0.9165,3620.316,500000,0.0039000000000000007,-0.0039000000000000007,0.007800000000000029,0.00955300999685442,tap3,slow,normal,20260810_135255,False
3622808,0.0195,0.0234,0.9165,3622.808,500000,0.0039000000000000007,-0.0039000000000000007,0.007800000000000029,0.00955300999685442,tap3,slow,normal,20260810_135255,False
3625313,0.0195,0.0195,0.9087,3625.313,500000,0.0039000000000000007,-0.007800000000000001,0.0,0.008720665112249181,tap3,slow,normal,20260810_135255,False
3627827,0.0117,0.0273,0.9087,3627.827,500000,-0.003899999999999999,0.0,0.0,0.003899999999999999,tap3,slow,normal,20260810_135255,False
3630323,0.0117,0.0273,0.9048,3630.323,500000,-0.003899999999999999,0.0,-0.0038999999999999035,0.005515432893255002,tap3,slow,normal,20260810_135255,False
3632815,0.0078,0.0273,0.9087,3632.815,500000,-0.0078,0.0,0.0,0.0078,tap3,slow,normal,20260810_135255,False
3635329,0.0195,0.0234,0.9048,3635.329,500000,0.0039000000000000007,-0.0039000000000000007,-0.0038999999999999035,0.006754998149518567,tap3,slow,normal,20260810_135255,False
3637821,0.0195,0.0195,0.9048,3637.821,500000,0.0039000000000000007,-0.007800000000000001,-0.0038999999999999035,0.009553009996854357,tap3,slow,normal,20260810_135255,False
3640309,0.0117,0.0312,0.9009,3640.309,500000,-0.003899999999999999,0.0038999999999999972,-0.007799999999999918,0.009553009996854326,tap3,slow,normal,20260810_135255,False
3642827,0.0195,0.0156,0.9126,3642.827,500000,0.0039000000000000007,-0.011700000000000002,0.0039000000000000146,0.012934836682386066,tap3,slow,normal,20260810_135255,False
3645323,0.0234,0.0234,0.9165,3645.323,500000,0.007800000000000001,-0.0039000000000000007,0.007800000000000029,0.011700000000000021,tap3,slow,normal,20260810_135255,False
3648310,0.0156,0.0312,0.9204,3648.31,500000,0.0,0.0038999999999999972,0.011700000000000044,0.01233288287465672,tap3,slow,normal,20260810_135255,False
3650316,0.0117,0.0234,0.9087,3650.316,500000,-0.003899999999999999,-0.0039000000000000007,0.0,0.00551543289325507,tap3,slow,normal,20260810_135255,False
3652806,0.0195,0.0312,0.9165,3652.806,500000,0.0039000000000000007,0.0038999999999999972,0.007800000000000029,0.009553009996854418,tap3,slow,normal,20260810_135255,False
3655322,0.0156,0.0273,0.9165,3655.322,500000,0.0,0.0,0.007800000000000029,0.007800000000000029,tap3,slow,normal,20260810_135255,False
3657805,0.0195,0.0273,0.9048,3657.805,500000,0.0039000000000000007,0.0,-0.0038999999999999035,0.005515432893255003,tap3,slow,normal,20260810_135255,False
3660313,0.0156,0.0234,0.9048,3660.313,500000,0.0,-0.0039000000000000007,-0.0038999999999999035,0.005515432893255003,tap3,slow,normal,20260810_135255,False
3662801,0.0156,0.0234,0.9126,3662.801,500000,0.0,-0.0039000000000000007,0.0039000000000000146,0.005515432893255082,tap3,slow,normal,20260810_135255,False
3665300,0.0312,0.0195,0.9126,3665.3,500000,0.0156,-0.007800000000000001,0.0039000000000000146,0.01787204521032778,tap3,slow,normal,20260810_135255,False
3667823,0.0156,0.0195,0.9165,3667.823,500000,0.0,-0.007800000000000001,0.007800000000000029,0.011030865786510163,tap3,slow,normal,20260810_135255,False
3670304,0.0195,0.0273,0.9165,3670.304,500000,0.0039000000000000007,0.0,0.007800000000000029,0.008720665112249207,tap3,slow,normal,20260810_135255,False
3672803,0.0156,0.0273,0.9009,3672.803,500000,0.0,0.0,-0.007799999999999918,0.007799999999999918,tap3,slow,normal,20260810_135255,False
3675325,0.0234,0.0234,0.9087,3675.325,500000,0.007800000000000001,-0.0039000000000000007,0.0,0.008720665112249181,tap3,slow,normal,20260810_135255,False
3677825,0.0156,0.0195,0.9126,3677.825,500000,0.0,-0.007800000000000001,0.0039000000000000146,0.008720665112249188,tap3,slow,normal,20260810_135255,False
3680306,0.0117,0.0195,0.9087,3680.306,500000,-0.003899999999999999,-0.007800000000000001,0.0,0.00872066511224918,tap3,slow,normal,20260810_135255,False
3682826,0.0117,0.0312,0.9087,3682.826,500000,-0.003899999999999999,0.0038999999999999972,0.0,0.005515432893255068,tap3,slow,normal,20260810_135255,False
3685317,0.0156,0.0312,0.9048,3685.317,500000,0.0,0.0038999999999999972,-0.0038999999999999035,0.005515432893255,tap3,slow,normal,20260810_135255,False
3687799,0.0156,0.0195,0.9087,3687.799,500000,0.0,-0.007800000000000001,0.0,0.007800000000000001,tap3,slow,normal,20260810_135255,False
3690322,0.0117,0.0312,0.9087,3690.322,500000,-0.003899999999999999,0.0038999999999999972,0.0,0.005515432893255068,tap3,slow,normal,20260810_135255,False
3692817,0.0156,0.0234,0.9087,3692.817,500000,0.0,-0.0039000000000000007,0.0,0.0039000000000000007,tap3,slow,normal,20260810_135255,False
3695316,0.0117,0.0273,0.9048,3695.316,500000,-0.003899999999999999,0.0,-0.0038999999999999035,0.005515432893255002,tap3,slow,normal,20260810_135255,False
3697817,0.0117,0.0195,0.9087,3697.817,500000,-0.003899999999999999,-0.007800000000000001,0.0,0.00872066511224918,tap3,slow,normal,20260810_135255,False
3700309,0.0156,0.0234,0.9087,3700.309,500000,0.0,-0.0039000000000000007,0.0,0.0039000000000000007,tap3,slow,normal,20260810_135255,False
3702801,0.0117,0.0234,0.9087,3702.801,500000,-0.003899999999999999,-0.0039000000000000007,0.0,0.00551543289325507,tap3,slow,normal,20260810_135255,False
3705326,0.0156,0.0312,0.9087,3705.326,500000,0.0,0.0038999999999999972,0.0,0.0038999999999999972,tap3,slow,normal,20260810_135255,False
3707827,0.0078,0.0273,0.9126,3707.827,500000,-0.0078,0.0,0.0039000000000000146,0.008720665112249186,tap3,slow,normal,20260810_135255,False
3710305,0.0156,0.0273,0.9165,3710.305,500000,0.0,0.0,0.007800000000000029,0.007800000000000029,tap3,slow,normal,20260810_135255,False
3712800,0.0156,0.0312,0.9087,3712.8,500000,0.0,0.0038999999999999972,0.0,0.0038999999999999972,tap3,slow,normal,20260810_135255,False
3715324,0.0156,0.0273,0.9087,3715.324,500000,0.0,0.0,0.0,0.0,tap3,slow,normal,20260810_135255,False
3717819,0.0195,0.0234,0.9126,3717.819,500000,0.0039000000000000007,-0.0039000000000000007,0.0039000000000000146,0.006754998149518631,tap3,slow,normal,20260810_135255,False
3720325,0.0156,0.0273,0.9087,3720.325,500000,0.0,0.0,0.0,0.0,tap3,slow,normal,20260810_135255,False
3722811,0.0117,0.0312,0.9048,3722.811,500000,-0.003899999999999999,0.0038999999999999972,-0.0038999999999999035,0.006754998149518563,tap3,slow,normal,20260810_135255,False
3725302,0.0156,0.0273,0.9048,3725.302,500000,0.0,0.0,-0.0038999999999999035,0.0038999999999999035,tap3,slow,normal,20260810_135255,False
3727814,0.0078,0.0312,0.9126,3727.814,500000,-0.0078,0.0038999999999999972,0.0039000000000000146,0.0095530099968544,tap3,slow,normal,20260810_135255,False
3730300,0.0156,0.0312,0.9087,3730.3,500000,0.0,0.0038999999999999972,0.0,0.0038999999999999972,tap3,slow,normal,20260810_135255,False
3732828,0.0156,0.0312,0.9087,3732.828,500000,0.0,0.0038999999999999972,0.0,0.0038999999999999972,tap3,slow,normal,20260810_135255,False
3735299,0.0156,0.0273,0.9048,3735.299,500000,0.0,0.0,-0.0038999999999999035,0.0038999999999999035,tap3,slow,normal,20260810_135255,False
3737819,0.0195,0.0273,0.9126,3737.819,500000,0.0039000000000000007,0.0,0.0039000000000000146,0.005515432893255082,tap3,slow,normal,20260810_135255,False
3740302,0.0195,0.0312,0.9048,3740.302,500000,0.0039000000000000007,0.0038999999999999972,-0.0038999999999999035,0.006754998149518564,tap3,slow,normal,20260810_135255,False
3742824,0.0195,0.0234,0.9126,3742.824,500000,0.0039000000000000007,-0.0039000000000000007,0.0039000000000000146,0.006754998149518631,tap3,slow,normal,20260810_135255,False
3745309,0.0195,0.0273,0.9048,3745.309,500000,0.0039000000000000007,0.0,-0.0038999999999999035,0.005515432893255003,tap3,slow,normal,20260810_135255,False
3747805,0.0117,0.0273,0.9204,3747.805,500000,-0.003899999999999999,0.0,0.011700000000000044,0.01233288287465672,tap3,slow,normal,20260810_135255,False
3750727,0.0195,0.0234,0.9243,3750.727,500000,0.0039000000000000007,-0.0039000000000000007,0.015600000000000058,0.01654629867976527,tap3,slow,normal,20260810_135255,False
3752800,0.0156,0.0312,0.9126,3752.8,500000,0.0,0.0038999999999999972,0.0039000000000000146,0.005515432893255079,tap3,slow,normal,20260810_135255,False
3755308,0.0195,0.0273,0.9204,3755.308,500000,0.0039000000000000007,0.0,0.011700000000000044,0.012332882874656722,tap3,slow,normal,20260810_135255,False
3757817,0.0273,0.0273,0.9126,3757.817,500000,0.011700000000000002,0.0,0.0039000000000000146,0.012332882874656687,tap3,slow,normal,20260810_135255,False
3760321,0.0234,0.0273,0.9204,3760.321,500000,0.007800000000000001,0.0,0.011700000000000044,0.014061649974309596,tap3,slow,normal,20260810_135255,False
3762810,0.0156,0.0234,0.9165,3762.81,500000,0.0,-0.0039000000000000007,0.007800000000000029,0.008720665112249207,tap3,slow,normal,20260810_135255,False
3765316,0.0195,0.0312,0.9165,3765.316,500000,0.0039000000000000007,0.0038999999999999972,0.007800000000000029,0.009553009996854418,tap3,slow,normal,20260810_135255,False
3767824,0.0117,0.0234,0.9126,3767.824,500000,-0.003899999999999999,-0.0039000000000000007,0.0039000000000000146,0.00675499814951863,tap3,slow,normal,20260810_135255,False
3770319,0.0195,0.0273,0.9165,3770.319,500000,0.0039000000000000007,0.0,0.007800000000000029,0.008720665112249207,tap3,slow,normal,20260810_135255,False
3772825,0.0156,0.0351,0.9204,3772.825,500000,0.0,0.007799999999999998,0.011700000000000044,0.014061649974309594,tap3,slow,normal,20260810_135255,False
3775322,0.0195,0.0273,0.9126,3775.322,500000,0.0039000000000000007,0.0,0.0039000000000000146,0.005515432893255082,tap3,slow,normal,20260810_135255,False
3777826,0.0156,0.0273,0.9009,3777.826,500000,0.0,0.0,-0.007799999999999918,0.007799999999999918,tap3,slow,normal,20260810_135255,False
3780304,0.0156,0.039,0.9087,3780.304,500000,0.0,0.011699999999999999,0.0,0.011699999999999999,tap3,slow,normal,20260810_135255,False
3782804,0.0117,0.0273,0.9087,3782.804,500000,-0.003899999999999999,0.0,0.0,0.003899999999999999,tap3,slow,normal,20260810_135255,False
3785304,0.0195,0.0312,0.9048,3785.304,500000,0.0039000000000000007,0.0038999999999999972,-0.0038999999999999035,0.006754998149518564,tap3,slow,normal,20260810_135255,False
3787806,0.0156,0.0312,0.9126,3787.806,500000,0.0,0.0038999999999999972,0.0039000000000000146,0.005515432893255079,tap3,slow,normal,20260810_135255,False
3790316,0.0156,0.0195,0.9087,3790.316,500000,0.0,-0.007800000000000001,0.0,0.007800000000000001,tap3,slow,normal,20260810_135255,False
3792800,0.0156,0.0234,0.9126,3792.8,500000,0.0,-0.0039000000000000007,0.0039000000000000146,0.005515432893255082,tap3,slow,normal,20260810_135255,False
3795308,0.0156,0.0312,0.9087,3795.308,500000,0.0,0.0038999999999999972,0.0,0.0038999999999999972,tap3,slow,normal,20260810_135255,False
3797809,0.0156,0.0273,0.9048,3797.809,500000,0.0,0.0,-0.0038999999999999035,0.0038999999999999035,tap3,slow,normal,20260810_135255,False
3800306,0.0156,0.0273,0.9204,3800.306,500000,0.0,0.0,0.011700000000000044,0.011700000000000044,tap3,slow,normal,20260810_135255,False
3802828,0.0117,0.0195,0.9165,3802.828,500000,-0.003899999999999999,-0.007800000000000001,0.007800000000000029,0.01170000000000002,tap3,slow,normal,20260810_135255,False
3805328,0.0117,0.0273,0.9087,3805.328,500000,-0.003899999999999999,0.0,0.0,0.003899999999999999,tap3,slow,normal,20260810_135255,False
3807819,0.0156,0.0234,0.9009,3807.819,500000,0.0,-0.0039000000000000007,-0.007799999999999918,0.008720665112249107,tap3,slow,normal,20260810_135255,False
3810324,0.0117,0.0273,0.9126,3810.324,500000,-0.003899999999999999,0.0,0.0039000000000000146,0.00551543289325508,tap3,slow,normal,20260810_135255,False
3812813,0.0195,0.0234,0.9087,3812.813,500000,0.0039000000000000007,-0.0039000000000000007,0.0,0.005515432893255071,tap3,slow,normal,20260810_135255,False
3815316,0.0078,0.0234,0.9126,3815.316,500000,-0.0078,-0.0039000000000000007,0.0039000000000000146,0.0095530099968544,tap3,slow,normal,20260810_135255,False
3817819,0.0156,0.0273,0.9126,3817.819,500000,0.0,0.0,0.0039000000000000146,0.0039000000000000146,tap3,slow,normal,20260810_135255,False
3820306,0.0195,0.0234,0.9165,3820.306,500000,0.0039000000000000007,-0.0039000000000000007,0.007800000000000029,0.00955300999685442,tap3,slow,normal,20260810_135255,False
3822805,0.0195,0.0234,0.9087,3822.805,500000,0.0039000000000000007,-0.0039000000000000007,0.0,0.005515432893255071,tap3,slow,normal,20260810_135255,False
3825300,0.0117,0.0195,0.9009,3825.3,500000,-0.003899999999999999,-0.007800000000000001,-0.007799999999999918,0.011699999999999945,tap3,slow,normal,20260810_135255,False
3827828,0.0078,0.0273,0.9126,3827.828,500000,-0.0078,0.0,0.0039000000000000146,0.008720665112249186,tap3,slow,normal,20260810_135255,False
3830313,0.0156,0.0312,0.9087,3830.313,500000,0.0,0.0038999999999999972,0.0,0.0038999999999999972,tap3,slow,normal,20260810_135255,False
3832808,0.0195,0.0234,0.9048,3832.808,500000,0.0039000000000000007,-0.0039000000000000007,-0.0038999999999999035,0.006754998149518567,tap3,slow,normal,20260810_135255,False
3835320,0.0195,0.0195,0.9087,3835.32,500000,0.0039000000000000007,-0.007800000000000001,0.0,0.008720665112249181,tap3,slow,normal,20260810_135255,False
3837815,0.0156,0.0195,0.9165,3837.815,500000,0.0,-0.007800000000000001,0.007800000000000029,0.011030865786510163,tap3,slow,normal,20260810_135255,False
3840301,0.0156,0.0195,0.9165,3840.301,500000,0.0,-0.007800000000000001,0.007800000000000029,0.011030865786510163,tap3,slow,normal,20260810_135255,False
3842821,0.0195,0.0273,0.9126,3842.821,500000,0.0039000000000000007,0.0,0.0039000000000000146,0.005515432893255082,tap3,slow,normal,20260810_135255,False
3845321,0.0156,0.0312,0.9087,3845.321,500000,0.0,0.0038999999999999972,0.0,0.0038999999999999972,tap3,slow,normal,20260810_135255,False
3847819,0.0156,0.0273,0.9087,3847.819,500000,0.0,0.0,0.0,0.0,tap3,slow,normal,20260810_135255,False
3850305,0.0117,0.0351,0.9126,3850.305,500000,-0.003899999999999999,0.007799999999999998,0.0039000000000000146,0.009553009996854399,tap3,slow,normal,20260810_135255,False
3853134,0.0156,0.0273,0.9009,3853.134,500000,0.0,0.0,-0.007799999999999918,0.007799999999999918,tap3,slow,normal,20260810_135255,False
3855316,0.0156,0.0273,0.9009,3855.316,500000,0.0,0.0,-0.007799999999999918,0.007799999999999918,tap3,slow,normal,20260810_135255,False
3857821,0.0195,0.0234,0.9009,3857.821,500000,0.0039000000000000007,-0.0039000000000000007,-0.007799999999999918,0.009553009996854328,tap3,slow,normal,20260810_135255,False
3860309,0.0156,0.0312,0.9087,3860.309,500000,0.0,0.0038999999999999972,0.0,0.0038999999999999972,tap3,slow,normal,20260810_135255,False
3862822,0.0195,0.0195,0.9087,3862.822,500000,0.0039000000000000007,-0.007800000000000001,0.0,0.008720665112249181,tap3,slow,normal,20260810_135255,False
3865319,0.0195,0.0234,0.9126,3865.319,500000,0.0039000000000000007,-0.0039000000000000007,0.0039000000000000146,0.006754998149518631,tap3,slow,normal,20260810_135255,False
3867822,0.0078,0.0351,0.9087,3867.822,500000,-0.0078,0.007799999999999998,0.0,0.011030865786510139,tap3,slow,normal,20260810_135255,False
3870306,0.0117,0.0312,0.9048,3870.306,500000,-0.003899999999999999,0.0038999999999999972,-0.0038999999999999035,0.006754998149518563,tap3,slow,normal,20260810_135255,False
3872802,0.0234,0.0312,0.9087,3872.802,500000,0.007800000000000001,0.0038999999999999972,0.0,0.00872066511224918,tap3,slow,normal,20260810_135255,False
3875311,0.0234,0.0273,0.9126,3875.311,500000,0.007800000000000001,0.0,0.0039000000000000146,0.008720665112249188,tap3,slow,normal,20260810_135255,False
3877814,0.0156,0.0234,0.9048,3877.814,500000,0.0,-0.0039000000000000007,-0.0038999999999999035,0.005515432893255003,tap3,slow,normal,20260810_135255,False
3880299,0.0195,0.0234,0.9009,3880.299,500000,0.0039000000000000007,-0.0039000000000000007,-0.007799999999999918,0.009553009996854328,tap3,slow,normal,20260810_135255,False
3882818,0.0078,0.0312,0.897,3882.818,500000,-0.0078,0.0038999999999999972,-0.011699999999999933,0.014592463808418317,tap3,slow,normal,20260810_135255,False
3885314,0.0117,0.0312,0.9087,3885.314,500000,-0.003899999999999999,0.0038999999999999972,0.0,0.005515432893255068,tap3,slow,normal,20260810_135255,False
3887806,0.0156,0.0273,0.9165,3887.806,500000,0.0,0.0,0.007800000000000029,0.007800000000000029,tap3,slow,normal,20260810_135255,False
3890323,0.0117,0.0234,0.9048,3890.323,500000,-0.003899999999999999,-0.0039000000000000007,-0.0038999999999999035,0.006754998149518566,tap3,slow,normal,20260810_135255,False
3892811,0.0117,0.0273,0.9048,3892.811,500000,-0.003899999999999999,0.0,-0.0038999999999999035,0.005515432893255002,tap3,slow,normal,20260810_135255,False
3895317,0.0078,0.0234,0.9087,3895.317,500000,-0.0078,-0.0039000000000000007,0.0,0.00872066511224918,tap3,slow,normal,20260810_135255,False
3897799,0.0117,0.0273,0.9126,3897.799,500000,-0.003899999999999999,0.0,0.0039000000000000146,0.00551543289325508,tap3,slow,normal,20260810_135255,False
3900307,0.0156,0.0234,0.9126,3900.307,500000,0.0,-0.0039000000000000007,0.0039000000000000146,0.005515432893255082,tap3,slow,normal,20260810_135255,False
3902800,0.0234,0.0195,0.9048,3902.8,500000,0.007800000000000001,-0.007800000000000001,-0.0038999999999999035,0.011699999999999969,tap3,slow,normal,20260810_135255,False
3905306,0.0078,0.0273,0.9087,3905.306,500000,-0.0078,0.0,0.0,0.0078,tap3,slow,normal,20260810_135255,False
3907826,0.0156,0.0312,0.9165,3907.826,500000,0.0,0.0038999999999999972,0.007800000000000029,0.008720665112249205,tap3,slow,normal,20260810_135255,False
3910309,0.0195,0.0234,0.9126,3910.309,500000,0.0039000000000000007,-0.0039000000000000007,0.0039000000000000146,0.006754998149518631,tap3,slow,normal,20260810_135255,False
3912799,0.0117,0.0273,0.9204,3912.799,500000,-0.003899999999999999,0.0,0.011700000000000044,0.01233288287465672,tap3,slow,normal,20260810_135255,False
3915323,0.0117,0.0273,0.9048,3915.323,500000,-0.003899999999999999,0.0,-0.0038999999999999035,0.005515432893255002,tap3,slow,normal,20260810_135255,False
3917826,0.0078,0.0273,0.9126,3917.826,500000,-0.0078,0.0,0.0039000000000000146,0.008720665112249186,tap3,slow,normal,20260810_135255,False
3920312,0.0117,0.0234,0.9087,3920.312,500000,-0.003899999999999999,-0.0039000000000000007,0.0,0.00551543289325507,tap3,slow,normal,20260810_135255,False
3922828,0.0117,0.0312,0.8931,3922.828,500000,-0.003899999999999999,0.0038999999999999972,-0.015599999999999947,0.016546298679765162,tap3,slow,normal,20260810_135255,False
3925320,0.0117,0.0312,0.9126,3925.32,500000,-0.003899999999999999,0.0038999999999999972,0.0039000000000000146,0.006754998149518627,tap3,slow,normal,20260810_135255,False
3927803,0.0195,0.0234,0.9009,3927.803,500000,0.0039000000000000007,-0.0039000000000000007,-0.007799999999999918,0.009553009996854328,tap3,slow,normal,20260810_135255,False
3930317,0.0117,0.0273,0.9048,3930.317,500000,-0.003899999999999999,0.0,-0.0038999999999999035,0.005515432893255002,tap3,slow,normal,20260810_135255,False
3932826,0.0117,0.0273,0.9126,3932.826,500000,-0.003899999999999999,0.0,0.0039000000000000146,0.00551543289325508,tap3,slow,normal,20260810_135255,False
3935303,0.0195,0.0351,0.9126,3935.303,500000,0.0039000000000000007,0.007799999999999998,0.0039000000000000146,0.0095530099968544,tap3,slow,normal,20260810_135255,False
3937815,0.0234,0.0312,0.9087,3937.815,500000,0.007800000000000001,0.0038999999999999972,0.0,0.00872066511224918,tap3,slow,normal,20260810_135255,False
3940312,0.0195,0.0312,0.9126,3940.312,500000,0.0039000000000000007,0.0038999999999999972,0.0039000000000000146,0.006754998149518628,tap3,slow,normal,20260810_135255,False
3942828,0.0156,0.0312,0.9126,3942.828,500000,0.0,0.0038999999999999972,0.0039000000000000146,0.005515432893255079,tap3,slow,normal,20260810_135255,False
3945304,0.0156,0.0312,0.9087,3945.304,500000,0.0,0.0038999999999999972,0.0,0.0038999999999999972,tap3,slow,normal,20260810_135255,False
3947807,0.0156,0.0273,0.9204,3947.807,500000,0.0,0.0,0.011700000000000044,0.011700000000000044,tap3,slow,normal,20260810_135255,False
3950318,0.0156,0.0273,0.9204,3950.318,500000,0.0,0.0,0.011700000000000044,0.011700000000000044,tap3,slow,normal,20260810_135255,False
3952823,0.0273,0.0273,0.9087,3952.823,500000,0.011700000000000002,0.0,0.0,0.011700000000000002,tap3,slow,normal,20260810_135255,False
3955499,0.0195,0.0312,0.9048,3955.499,500000,0.0039000000000000007,0.0038999999999999972,-0.0038999999999999035,0.006754998149518564,tap3,slow,normal,20260810_135255,False
3957807,0.0195,0.0312,0.9048,3957.807,500000,0.0039000000000000007,0.0038999999999999972,-0.0038999999999999035,0.006754998149518564,tap3,slow,normal,20260810_135255,False
3960319,0.0195,0.0312,0.9087,3960.319,500000,0.0039000000000000007,0.0038999999999999972,0.0,0.0055154328932550695,tap3,slow,normal,20260810_135255,False
3962809,0.0195,0.0234,0.9126,3962.809,500000,0.0039000000000000007,-0.0039000000000000007,0.0039000000000000146,0.006754998149518631,tap3,slow,normal,20260810_135255,False
3965308,0.0156,0.0234,0.9048,3965.308,500000,0.0,-0.0039000000000000007,-0.0038999999999999035,0.005515432893255003,tap3,slow,normal,20260810_135255,False
3967808,0.0195,0.0273,0.9204,3967.808,500000,0.0039000000000000007,0.0,0.011700000000000044,0.012332882874656722,tap3,slow,normal,20260810_135255,False
3970317,0.0117,0.039,0.9243,3970.317,500000,-0.003899999999999999,0.011699999999999999,0.015600000000000058,0.019886176103011906,tap3,slow,normal,20260810_135255,False
3972814,0.0195,0.0234,0.9204,3972.814,500000,0.0039000000000000007,-0.0039000000000000007,0.011700000000000044,0.012934836682386099,tap3,slow,normal,20260810_135255,False
3975310,0.0156,0.0312,0.9126,3975.31,500000,0.0,0.0038999999999999972,0.0039000000000000146,0.005515432893255079,tap3,slow,normal,20260810_135255,False
3977806,0.0156,0.0234,0.9165,3977.806,500000,0.0,-0.0039000000000000007,0.007800000000000029,0.008720665112249207,tap3,slow,normal,20260810_135255,False
3980318,0.0195,0.0234,0.9243,3980.318,500000,0.0039000000000000007,-0.0039000000000000007,0.015600000000000058,0.01654629867976527,tap3,slow,normal,20260810_135255,False
3982807,0.0195,0.0273,0.9204,3982.807,500000,0.0039000000000000007,0.0,0.011700000000000044,0.012332882874656722,tap3,slow,normal,20260810_135255,False
3985312,0.0195,0.0312,0.9087,3985.312,500000,0.0039000000000000007,0.0038999999999999972,0.0,0.0055154328932550695,tap3,slow,normal,20260810_135255,False
3987803,0.0156,0.0351,0.9048,3987.803,500000,0.0,0.007799999999999998,-0.0038999999999999035,0.008720665112249134,tap3,slow,normal,20260810_135255,False
3990319,0.0156,0.0312,0.9165,3990.319,500000,0.0,0.0038999999999999972,0.007800000000000029,0.008720665112249205,tap3,slow,normal,20260810_135255,False
3992806,0.0156,0.0234,0.9048,3992.806,500000,0.0,-0.0039000000000000007,-0.0038999999999999035,0.005515432893255003,tap3,slow,normal,20260810_135255,False
3995301,0.0156,0.0273,0.9126,3995.301,500000,0.0,0.0,0.0039000000000000146,0.0039000000000000146,tap3,slow,normal,20260810_135255,False
3997805,0.0117,0.0234,0.9165,3997.805,500000,-0.003899999999999999,-0.0039000000000000007,0.007800000000000029,0.009553009996854418,tap3,slow,normal,20260810_135255,False
4000321,0.0078,0.039,0.9126,4000.321,500000,-0.0078,0.011699999999999999,0.0039000000000000146,0.014592463808418374,tap3,slow,normal,20260810_135255,False
4002806,0.0156,0.0195,0.9087,4002.806,500000,0.0,-0.007800000000000001,0.0,0.007800000000000001,tap3,slow,normal,20260810_135255,False
4005311,0.0078,0.0273,0.9126,4005.311,500000,-0.0078,0.0,0.0039000000000000146,0.008720665112249186,tap3,slow,normal,20260810_135255,False
4007813,0.0312,0.0195,0.9048,4007.813,500000,0.0156,-0.007800000000000001,-0.0038999999999999035,0.017872045210327755,tap3,slow,normal,20260810_135255,False
