time_us,x_g,y_g,z_g,time_ms,cue_time_us,x_delta_g,y_delta_g,z_delta_g,dynamic_magnitude_g,label,requested_pace,requested_force,session_id,operator_accepted
20975,0.0117,0.0195,0.9165,20.975,500000,-0.003899999999999999,-0.007800000000000001,0.0039000000000000146,0.0095530099968544,tap2,natural,normal,20260810_140234,True
21424,0.0117,0.0195,0.9165,21.424,500000,-0.003899999999999999,-0.007800000000000001,0.0039000000000000146,0.0095530099968544,tap2,natural,normal,20260810_140234,True
21830,0.0117,0.0195,0.9165,21.83,500000,-0.003899999999999999,-0.007800000000000001,0.0039000000000000146,0.0095530099968544,tap2,natural,normal,20260810_140234,True
22229,0.0117,0.0195,0.9165,22.229,500000,-0.003899999999999999,-0.007800000000000001,0.0039000000000000146,0.0095530099968544,tap2,natural,normal,20260810_140234,True
22643,0.0117,0.0234,0.9165,22.643,500000,-0.003899999999999999,-0.0039000000000000007,0.0039000000000000146,0.00675499814951863,tap2,natural,normal,20260810_140234,True
23043,0.0117,0.0234,0.9165,23.043,500000,-0.003899999999999999,-0.0039000000000000007,0.0039000000000000146,0.00675499814951863,tap2,natural,normal,20260810_140234,True
23443,0.0117,0.0234,0.9165,23.443,500000,-0.003899999999999999,-0.0039000000000000007,0.0039000000000000146,0.00675499814951863,tap2,natural,normal,20260810_140234,True
23851,0.0117,0.0234,0.9165,23.851,500000,-0.003899999999999999,-0.0039000000000000007,0.0039000000000000146,0.00675499814951863,tap2,natural,normal,20260810_140234,True
24250,0.0117,0.0234,0.9165,24.25,500000,-0.003899999999999999,-0.0039000000000000007,0.0039000000000000146,0.00675499814951863,tap2,natural,normal,20260810_140234,True
24789,0.0117,0.0234,0.9165,24.789,500000,-0.003899999999999999,-0.0039000000000000007,0.0039000000000000146,0.00675499814951863,tap2,natural,normal,20260810_140234,True
25197,0.0156,0.0273,0.9048,25.197,500000,0.0,0.0,-0.007799999999999918,0.007799999999999918,tap2,natural,normal,20260810_140234,True
27514,0.0156,0.0273,0.9048,27.514,500000,0.0,0.0,-0.007799999999999918,0.007799999999999918,tap2,natural,normal,20260810_140234,True
30022,0.0078,0.0351,0.9048,30.022,500000,-0.0078,0.007799999999999998,-0.007799999999999918,0.013509996299037194,tap2,natural,normal,20260810_140234,True
32519,0.0117,0.0312,0.9048,32.519,500000,-0.003899999999999999,0.0038999999999999972,-0.007799999999999918,0.009553009996854326,tap2,natural,normal,20260810_140234,True
35018,0.0195,0.0312,0.9165,35.018,500000,0.0039000000000000007,0.0038999999999999972,0.0039000000000000146,0.006754998149518628,tap2,natural,normal,20260810_140234,True
37529,0.0117,0.0273,0.9087,37.529,500000,-0.003899999999999999,0.0,-0.0039000000000000146,0.00551543289325508,tap2,natural,normal,20260810_140234,True
40003,0.0195,0.0273,0.9087,40.003,500000,0.0039000000000000007,0.0,-0.0039000000000000146,0.005515432893255082,tap2,natural,normal,20260810_140234,True
42500,0.0156,0.0273,0.9009,42.5,500000,0.0,0.0,-0.011699999999999933,0.011699999999999933,tap2,natural,normal,20260810_140234,True
45030,0.0273,0.0195,0.9165,45.03,500000,0.011700000000000002,-0.007800000000000001,0.0039000000000000146,0.014592463808418377,tap2,natural,normal,20260810_140234,True
47513,0.0156,0.0273,0.9243,47.513,500000,0.0,0.0,0.011700000000000044,0.011700000000000044,tap2,natural,normal,20260810_140234,True
50018,0.0234,0.0312,0.9087,50.018,500000,0.007800000000000001,0.0038999999999999972,-0.0039000000000000146,0.0095530099968544,tap2,natural,normal,20260810_140234,True
52516,0.0117,0.0351,0.9048,52.516,500000,-0.003899999999999999,0.007799999999999998,-0.007799999999999918,0.011699999999999943,tap2,natural,normal,20260810_140234,True
55004,0.0117,0.0312,0.9126,55.004,500000,-0.003899999999999999,0.0038999999999999972,0.0,0.005515432893255068,tap2,natural,normal,20260810_140234,True
57511,0.0117,0.0351,0.9048,57.511,500000,-0.003899999999999999,0.007799999999999998,-0.007799999999999918,0.011699999999999943,tap2,natural,normal,20260810_140234,True
60013,0.0078,0.0273,0.9204,60.013,500000,-0.0078,0.0,0.007800000000000029,0.011030865786510162,tap2,natural,normal,20260810_140234,True
62511,0.0117,0.0351,0.9165,62.511,500000,-0.003899999999999999,0.007799999999999998,0.0039000000000000146,0.009553009996854399,tap2,natural,normal,20260810_140234,True
65000,0.0195,0.0234,0.9087,65.0,500000,0.0039000000000000007,-0.0039000000000000007,-0.0039000000000000146,0.006754998149518631,tap2,natural,normal,20260810_140234,True
67511,0.0195,0.0273,0.897,67.511,500000,0.0039000000000000007,0.0,-0.015599999999999947,0.016080111939908825,tap2,natural,normal,20260810_140234,True
70012,0.0156,0.0273,0.9165,70.012,500000,0.0,0.0,0.0039000000000000146,0.0039000000000000146,tap2,natural,normal,20260810_140234,True
72795,0.0156,0.0234,0.9165,72.795,500000,0.0,-0.0039000000000000007,0.0039000000000000146,0.005515432893255082,tap2,natural,normal,20260810_140234,True
75019,0.0156,0.0234,0.9087,75.019,500000,0.0,-0.0039000000000000007,-0.0039000000000000146,0.005515432893255082,tap2,natural,normal,20260810_140234,True
77502,0.0195,0.0273,0.9087,77.502,500000,0.0039000000000000007,0.0,-0.0039000000000000146,0.005515432893255082,tap2,natural,normal,20260810_140234,True
80019,0.0195,0.0234,0.9087,80.019,500000,0.0039000000000000007,-0.0039000000000000007,-0.0039000000000000146,0.006754998149518631,tap2,natural,normal,20260810_140234,True
82520,0.0117,0.0234,0.9009,82.52,500000,-0.003899999999999999,-0.0039000000000000007,-0.011699999999999933,0.012934836682385998,tap2,natural,normal,20260810_140234,True
85014,0.0117,0.0234,0.9204,85.014,500000,-0.003899999999999999,-0.0039000000000000007,0.007800000000000029,0.009553009996854418,tap2,natural,normal,20260810_140234,True
87526,0.0078,0.0273,0.9204,87.526,500000,-0.0078,0.0,0.007800000000000029,0.011030865786510162,tap2,natural,normal,20260810_140234,True
90029,0.0156,0.0234,0.9087,90.029,500000,0.0,-0.0039000000000000007,-0.0039000000000000146,0.005515432893255082,tap2,natural,normal,20260810_140234,True
92820,0.0195,0.0273,0.9126,92.82,500000,0.0039000000000000007,0.0,0.0,0.0039000000000000007,tap2,natural,normal,20260810_140234,True
95018,0.0117,0.0195,0.9087,95.018,500000,-0.003899999999999999,-0.007800000000000001,-0.0039000000000000146,0.0095530099968544,tap2,natural,normal,20260810_140234,True
97509,0.0156,0.0273,0.9204,97.509,500000,0.0,0.0,0.007800000000000029,0.007800000000000029,tap2,natural,normal,20260810_140234,True
100004,0.0195,0.0234,0.9087,100.004,500000,0.0039000000000000007,-0.0039000000000000007,-0.0039000000000000146,0.006754998149518631,tap2,natural,normal,20260810_140234,True
102508,0.0195,0.0273,0.9048,102.508,500000,0.0039000000000000007,0.0,-0.007799999999999918,0.008720665112249107,tap2,natural,normal,20260810_140234,True
105014,0.0195,0.0312,0.9204,105.014,500000,0.0039000000000000007,0.0038999999999999972,0.007800000000000029,0.009553009996854418,tap2,natural,normal,20260810_140234,True
107527,0.0117,0.0234,0.9087,107.527,500000,-0.003899999999999999,-0.0039000000000000007,-0.0039000000000000146,0.00675499814951863,tap2,natural,normal,20260810_140234,True
110008,0.0078,0.0273,0.9009,110.008,500000,-0.0078,0.0,-0.011699999999999933,0.014061649974309502,tap2,natural,normal,20260810_140234,True
112508,0.0117,0.0234,0.9165,112.508,500000,-0.003899999999999999,-0.0039000000000000007,0.0039000000000000146,0.00675499814951863,tap2,natural,normal,20260810_140234,True
115029,0.0156,0.0234,0.9204,115.029,500000,0.0,-0.0039000000000000007,0.007800000000000029,0.008720665112249207,tap2,natural,normal,20260810_140234,True
117515,0.0117,0.0273,0.9165,117.515,500000,-0.003899999999999999,0.0,0.0039000000000000146,0.00551543289325508,tap2,natural,normal,20260810_140234,True
120015,0.0156,0.0234,0.9087,120.015,500000,0.0,-0.0039000000000000007,-0.0039000000000000146,0.005515432893255082,tap2,natural,normal,20260810_140234,True
122526,0.0117,0.0234,0.9048,122.526,500000,-0.003899999999999999,-0.0039000000000000007,-0.007799999999999918,0.009553009996854328,tap2,natural,normal,20260810_140234,True
125020,0.0195,0.0195,0.9126,125.02,500000,0.0039000000000000007,-0.007800000000000001,0.0,0.008720665112249181,tap2,natural,normal,20260810_140234,True
127530,0.0117,0.0234,0.9126,127.53,500000,-0.003899999999999999,-0.0039000000000000007,0.0,0.00551543289325507,tap2,natural,normal,20260810_140234,True
130020,0.0117,0.0273,0.9087,130.02,500000,-0.003899999999999999,0.0,-0.0039000000000000146,0.00551543289325508,tap2,natural,normal,20260810_140234,True
132518,0.0117,0.0273,0.9087,132.518,500000,-0.003899999999999999,0.0,-0.0039000000000000146,0.00551543289325508,tap2,natural,normal,20260810_140234,True
135012,0.0078,0.0273,0.9087,135.012,500000,-0.0078,0.0,-0.0039000000000000146,0.008720665112249186,tap2,natural,normal,20260810_140234,True
137525,0.0078,0.0234,0.9087,137.525,500000,-0.0078,-0.0039000000000000007,-0.0039000000000000146,0.0095530099968544,tap2,natural,normal,20260810_140234,True
140029,0.0234,0.0312,0.9165,140.029,500000,0.007800000000000001,0.0038999999999999972,0.0039000000000000146,0.0095530099968544,tap2,natural,normal,20260810_140234,True
142527,0.0156,0.0312,0.9048,142.527,500000,0.0,0.0038999999999999972,-0.007799999999999918,0.008720665112249105,tap2,natural,normal,20260810_140234,True
145023,0.0234,0.0234,0.9087,145.023,500000,0.007800000000000001,-0.0039000000000000007,-0.0039000000000000146,0.009553009996854402,tap2,natural,normal,20260810_140234,True
147516,0.0156,0.0234,0.9048,147.516,500000,0.0,-0.0039000000000000007,-0.007799999999999918,0.008720665112249107,tap2,natural,normal,20260810_140234,True
150024,0.0117,0.0312,0.9048,150.024,500000,-0.003899999999999999,0.0038999999999999972,-0.007799999999999918,0.009553009996854326,tap2,natural,normal,20260810_140234,True
152520,0.0078,0.0312,0.9048,152.52,500000,-0.0078,0.0038999999999999972,-0.007799999999999918,0.011699999999999945,tap2,natural,normal,20260810_140234,True
155013,0.0195,0.0234,0.9165,155.013,500000,0.0039000000000000007,-0.0039000000000000007,0.0039000000000000146,0.006754998149518631,tap2,natural,normal,20260810_140234,True
157520,0.0156,0.0234,0.9204,157.52,500000,0.0,-0.0039000000000000007,0.007800000000000029,0.008720665112249207,tap2,natural,normal,20260810_140234,True
160026,0.0195,0.0234,0.9009,160.026,500000,0.0039000000000000007,-0.0039000000000000007,-0.011699999999999933,0.012934836682385998,tap2,natural,normal,20260810_140234,True
162525,0.0117,0.0312,0.9204,162.525,500000,-0.003899999999999999,0.0038999999999999972,0.007800000000000029,0.009553009996854416,tap2,natural,normal,20260810_140234,True
165013,0.0117,0.0312,0.9204,165.013,500000,-0.003899999999999999,0.0038999999999999972,0.007800000000000029,0.009553009996854416,tap2,natural,normal,20260810_140234,True
167522,0.0273,0.0312,0.9165,167.522,500000,0.011700000000000002,0.0038999999999999972,0.0039000000000000146,0.012934836682386066,tap2,natural,normal,20260810_140234,True
170014,0.0156,0.0156,0.9165,170.014,500000,0.0,-0.011700000000000002,0.0039000000000000146,0.012332882874656687,tap2,natural,normal,20260810_140234,True
172521,0.0156,0.0234,0.9204,172.521,500000,0.0,-0.0039000000000000007,0.007800000000000029,0.008720665112249207,tap2,natural,normal,20260810_140234,True
175188,0.0117,0.0273,0.9087,175.188,500000,-0.003899999999999999,0.0,-0.0039000000000000146,0.00551543289325508,tap2,natural,normal,20260810_140234,True
177528,0.0273,0.0195,0.9087,177.528,500000,0.011700000000000002,-0.007800000000000001,-0.0039000000000000146,0.014592463808418377,tap2,natural,normal,20260810_140234,True
180002,0.0156,0.0156,0.9204,180.002,500000,0.0,-0.011700000000000002,0.007800000000000029,0.014061649974309576,tap2,natural,normal,20260810_140234,True
182525,0.0156,0.0273,0.9048,182.525,500000,0.0,0.0,-0.007799999999999918,0.007799999999999918,tap2,natural,normal,20260810_140234,True
185012,0.0156,0.0273,0.9126,185.012,500000,0.0,0.0,0.0,0.0,tap2,natural,normal,20260810_140234,True
187500,0.0156,0.0156,0.9048,187.5,500000,0.0,-0.011700000000000002,-0.007799999999999918,0.014061649974309514,tap2,natural,normal,20260810_140234,True
190004,0.0117,0.0273,0.9087,190.004,500000,-0.003899999999999999,0.0,-0.0039000000000000146,0.00551543289325508,tap2,natural,normal,20260810_140234,True
192505,0.0156,0.0234,0.9087,192.505,500000,0.0,-0.0039000000000000007,-0.0039000000000000146,0.005515432893255082,tap2,natural,normal,20260810_140234,True
195000,0.0195,0.0273,0.9126,195.0,500000,0.0039000000000000007,0.0,0.0,0.0039000000000000007,tap2,natural,normal,20260810_140234,True
197502,0.0156,0.0273,0.9087,197.502,500000,0.0,0.0,-0.0039000000000000146,0.0039000000000000146,tap2,natural,normal,20260810_140234,True
200007,0.0195,0.0273,0.9165,200.007,500000,0.0039000000000000007,0.0,0.0039000000000000146,0.005515432893255082,tap2,natural,normal,20260810_140234,True
202511,0.0117,0.0273,0.9126,202.511,500000,-0.003899999999999999,0.0,0.0,0.003899999999999999,tap2,natural,normal,20260810_140234,True
205012,0.0117,0.0234,0.9126,205.012,500000,-0.003899999999999999,-0.0039000000000000007,0.0,0.00551543289325507,tap2,natural,normal,20260810_140234,True
207524,0.0156,0.0273,0.9165,207.524,500000,0.0,0.0,0.0039000000000000146,0.0039000000000000146,tap2,natural,normal,20260810_140234,True
210028,0.0117,0.0234,0.9087,210.028,500000,-0.003899999999999999,-0.0039000000000000007,-0.0039000000000000146,0.00675499814951863,tap2,natural,normal,20260810_140234,True
212513,0.0117,0.0273,0.9126,212.513,500000,-0.003899999999999999,0.0,0.0,0.003899999999999999,tap2,natural,normal,20260810_140234,True
215003,0.0156,0.0156,0.9204,215.003,500000,0.0,-0.011700000000000002,0.007800000000000029,0.014061649974309576,tap2,natural,normal,20260810_140234,True
217516,0.0078,0.0273,0.9165,217.516,500000,-0.0078,0.0,0.0039000000000000146,0.008720665112249186,tap2,natural,normal,20260810_140234,True
220027,0.0117,0.0234,0.9087,220.027,500000,-0.003899999999999999,-0.0039000000000000007,-0.0039000000000000146,0.00675499814951863,tap2,natural,normal,20260810_140234,True
222528,0.0156,0.0156,0.9165,222.528,500000,0.0,-0.011700000000000002,0.0039000000000000146,0.012332882874656687,tap2,natural,normal,20260810_140234,True
225015,0.0117,0.0273,0.9165,225.015,500000,-0.003899999999999999,0.0,0.0039000000000000146,0.00551543289325508,tap2,natural,normal,20260810_140234,True
227527,0.0156,0.0312,0.9126,227.527,500000,0.0,0.0038999999999999972,0.0,0.0038999999999999972,tap2,natural,normal,20260810_140234,True
230016,0.0117,0.0351,0.9204,230.016,500000,-0.003899999999999999,0.007799999999999998,0.007800000000000029,0.011700000000000018,tap2,natural,normal,20260810_140234,True
232516,0.0156,0.0234,0.9087,232.516,500000,0.0,-0.0039000000000000007,-0.0039000000000000146,0.005515432893255082,tap2,natural,normal,20260810_140234,True
235013,0.0234,0.0273,0.9126,235.013,500000,0.007800000000000001,0.0,0.0,0.007800000000000001,tap2,natural,normal,20260810_140234,True
237519,0.0117,0.0234,0.9048,237.519,500000,-0.003899999999999999,-0.0039000000000000007,-0.007799999999999918,0.009553009996854328,tap2,natural,normal,20260810_140234,True
240023,0.0117,0.0234,0.9048,240.023,500000,-0.003899999999999999,-0.0039000000000000007,-0.007799999999999918,0.009553009996854328,tap2,natural,normal,20260810_140234,True
242520,0.0195,0.0273,0.9126,242.52,500000,0.0039000000000000007,0.0,0.0,0.0039000000000000007,tap2,natural,normal,20260810_140234,True
245013,0.0156,0.0312,0.9009,245.013,500000,0.0,0.0038999999999999972,-0.011699999999999933,0.012332882874656614,tap2,natural,normal,20260810_140234,True
247525,0.0117,0.0195,0.9048,247.525,500000,-0.003899999999999999,-0.007800000000000001,-0.007799999999999918,0.011699999999999945,tap2,natural,normal,20260810_140234,True
250029,0.0195,0.0312,0.9165,250.029,500000,0.0039000000000000007,0.0038999999999999972,0.0039000000000000146,0.006754998149518628,tap2,natural,normal,20260810_140234,True
252528,0.0156,0.0273,0.9204,252.528,500000,0.0,0.0,0.007800000000000029,0.007800000000000029,tap2,natural,normal,20260810_140234,True
255018,0.0117,0.0312,0.8931,255.018,500000,-0.003899999999999999,0.0038999999999999972,-0.019499999999999962,0.020264994448555826,tap2,natural,normal,20260810_140234,True
257529,0.0156,0.0234,0.9126,257.529,500000,0.0,-0.0039000000000000007,0.0,0.0039000000000000007,tap2,natural,normal,20260810_140234,True
260004,0.0156,0.0273,0.9165,260.004,500000,0.0,0.0,0.0039000000000000146,0.0039000000000000146,tap2,natural,normal,20260810_140234,True
262503,0.0156,0.0273,0.9009,262.503,500000,0.0,0.0,-0.011699999999999933,0.011699999999999933,tap2,natural,normal,20260810_140234,True
265024,0.0117,0.0273,0.9087,265.024,500000,-0.003899999999999999,0.0,-0.0039000000000000146,0.00551543289325508,tap2,natural,normal,20260810_140234,True
267507,0.0117,0.0312,0.9048,267.507,500000,-0.003899999999999999,0.0038999999999999972,-0.007799999999999918,0.009553009996854326,tap2,natural,normal,20260810_140234,True
270024,0.0195,0.0234,0.9087,270.024,500000,0.0039000000000000007,-0.0039000000000000007,-0.0039000000000000146,0.006754998149518631,tap2,natural,normal,20260810_140234,True
272503,0.0156,0.0273,0.9243,272.503,500000,0.0,0.0,0.011700000000000044,0.011700000000000044,tap2,natural,normal,20260810_140234,True
275001,0.0117,0.0312,0.9048,275.001,500000,-0.003899999999999999,0.0038999999999999972,-0.007799999999999918,0.009553009996854326,tap2,natural,normal,20260810_140234,True
277502,0.0156,0.0234,0.9126,277.502,500000,0.0,-0.0039000000000000007,0.0,0.0039000000000000007,tap2,natural,normal,20260810_140234,True
280024,0.0156,0.0234,0.9048,280.024,500000,0.0,-0.0039000000000000007,-0.007799999999999918,0.008720665112249107,tap2,natural,normal,20260810_140234,True
282522,0.0195,0.0234,0.9126,282.522,500000,0.0039000000000000007,-0.0039000000000000007,0.0,0.005515432893255071,tap2,natural,normal,20260810_140234,True
285015,0.0156,0.0273,0.9204,285.015,500000,0.0,0.0,0.007800000000000029,0.007800000000000029,tap2,natural,normal,20260810_140234,True
287530,0.0195,0.0273,0.9126,287.53,500000,0.0039000000000000007,0.0,0.0,0.0039000000000000007,tap2,natural,normal,20260810_140234,True
290005,0.0156,0.0234,0.9243,290.005,500000,0.0,-0.0039000000000000007,0.011700000000000044,0.012332882874656722,tap2,natural,normal,20260810_140234,True
292505,0.0156,0.0273,0.9165,292.505,500000,0.0,0.0,0.0039000000000000146,0.0039000000000000146,tap2,natural,normal,20260810_140234,True
295000,0.0156,0.0117,0.9126,295.0,500000,0.0,-0.015600000000000001,0.0,0.015600000000000001,tap2,natural,normal,20260810_140234,True
297512,0.0117,0.0312,0.9165,297.512,500000,-0.003899999999999999,0.0038999999999999972,0.0039000000000000146,0.006754998149518627,tap2,natural,normal,20260810_140234,True
300006,0.0156,0.0273,0.9126,300.006,500000,0.0,0.0,0.0,0.0,tap2,natural,normal,20260810_140234,True
302511,0.0117,0.0351,0.9165,302.511,500000,-0.003899999999999999,0.007799999999999998,0.0039000000000000146,0.009553009996854399,tap2,natural,normal,20260810_140234,True
305020,0.0117,0.0312,0.9126,305.02,500000,-0.003899999999999999,0.0038999999999999972,0.0,0.005515432893255068,tap2,natural,normal,20260810_140234,True
307527,0.0195,0.0234,0.9087,307.527,500000,0.0039000000000000007,-0.0039000000000000007,-0.0039000000000000146,0.006754998149518631,tap2,natural,normal,20260810_140234,True
310001,0.0156,0.0273,0.9126,310.001,500000,0.0,0.0,0.0,0.0,tap2,natural,normal,20260810_140234,True
312528,0.0117,0.0195,0.9048,312.528,500000,-0.003899999999999999,-0.007800000000000001,-0.007799999999999918,0.011699999999999945,tap2,natural,normal,20260810_140234,True
315013,0.0117,0.0312,0.9048,315.013,500000,-0.003899999999999999,0.0038999999999999972,-0.007799999999999918,0.009553009996854326,tap2,natural,normal,20260810_140234,True
317527,0.0195,0.0273,0.9087,317.527,500000,0.0039000000000000007,0.0,-0.0039000000000000146,0.005515432893255082,tap2,natural,normal,20260810_140234,True
320010,0.0156,0.0234,0.9048,320.01,500000,0.0,-0.0039000000000000007,-0.007799999999999918,0.008720665112249107,tap2,natural,normal,20260810_140234,True
322511,0.0312,0.0195,0.9009,322.511,500000,0.0156,-0.007800000000000001,-0.011699999999999933,0.02100214274782453,tap2,natural,normal,20260810_140234,True
325030,0.0156,0.0195,0.9087,325.03,500000,0.0,-0.007800000000000001,-0.0039000000000000146,0.008720665112249188,tap2,natural,normal,20260810_140234,True
327508,0.0156,0.0234,0.9126,327.508,500000,0.0,-0.0039000000000000007,0.0,0.0039000000000000007,tap2,natural,normal,20260810_140234,True
330022,0.0078,0.0273,0.9087,330.022,500000,-0.0078,0.0,-0.0039000000000000146,0.008720665112249186,tap2,natural,normal,20260810_140234,True
332520,0.0156,0.0195,0.9165,332.52,500000,0.0,-0.007800000000000001,0.0039000000000000146,0.008720665112249188,tap2,natural,normal,20260810_140234,True
335015,0.0156,0.0273,0.9165,335.015,500000,0.0,0.0,0.0039000000000000146,0.0039000000000000146,tap2,natural,normal,20260810_140234,True
337501,0.0195,0.0195,0.9087,337.501,500000,0.0039000000000000007,-0.007800000000000001,-0.0039000000000000146,0.009553009996854402,tap2,natural,normal,20260810_140234,True
340004,0.0195,0.0234,0.9126,340.004,500000,0.0039000000000000007,-0.0039000000000000007,0.0,0.005515432893255071,tap2,natural,normal,20260810_140234,True
342515,0.0273,0.0195,0.9126,342.515,500000,0.011700000000000002,-0.007800000000000001,0.0,0.01406164997430956,tap2,natural,normal,20260810_140234,True
345014,0.0156,0.0195,0.9165,345.014,500000,0.0,-0.007800000000000001,0.0039000000000000146,0.008720665112249188,tap2,natural,normal,20260810_140234,True
347529,0.0156,0.0195,0.9165,347.529,500000,0.0,-0.007800000000000001,0.0039000000000000146,0.008720665112249188,tap2,natural,normal,20260810_140234,True
350004,0.0156,0.0195,0.9048,350.004,500000,0.0,-0.007800000000000001,-0.007799999999999918,0.011030865786510084,tap2,natural,normal,20260810_140234,True
352501,0.0195,0.0234,0.9048,352.501,500000,0.0039000000000000007,-0.0039000000000000007,-0.007799999999999918,0.009553009996854328,tap2,natural,normal,20260810_140234,True
355019,0.0117,0.0234,0.9048,355.019,500000,-0.003899999999999999,-0.0039000000000000007,-0.007799999999999918,0.009553009996854328,tap2,natural,normal,20260810_140234,True
357503,0.0117,0.0234,0.9126,357.503,500000,-0.003899999999999999,-0.0039000000000000007,0.0,0.00551543289325507,tap2,natural,normal,20260810_140234,True
360008,0.0156,0.0312,0.9087,360.008,500000,0.0,0.0038999999999999972,-0.0039000000000000146,0.005515432893255079,tap2,natural,normal,20260810_140234,True
362505,0.0156,0.0234,0.9165,362.505,500000,0.0,-0.0039000000000000007,0.0039000000000000146,0.005515432893255082,tap2,natural,normal,20260810_140234,True
365025,0.0117,0.039,0.9048,365.025,500000,-0.003899999999999999,0.011699999999999999,-0.007799999999999918,0.014592463808418325,tap2,natural,normal,20260810_140234,True
367508,0.0195,0.0312,0.9087,367.508,500000,0.0039000000000000007,0.0038999999999999972,-0.0039000000000000146,0.006754998149518628,tap2,natural,normal,20260810_140234,True
370026,0.0117,0.0273,0.9165,370.026,500000,-0.003899999999999999,0.0,0.0039000000000000146,0.00551543289325508,tap2,natural,normal,20260810_140234,True
372505,0.0156,0.0273,0.9204,372.505,500000,0.0,0.0,0.007800000000000029,0.007800000000000029,tap2,natural,normal,20260810_140234,True
375000,0.0195,0.039,0.9087,375.0,500000,0.0039000000000000007,0.011699999999999999,-0.0039000000000000146,0.012934836682386064,tap2,natural,normal,20260810_140234,True
377515,0.0156,0.0273,0.9009,377.515,500000,0.0,0.0,-0.011699999999999933,0.011699999999999933,tap2,natural,normal,20260810_140234,True
380025,0.0039,0.0273,0.9165,380.025,500000,-0.011699999999999999,0.0,0.0039000000000000146,0.012332882874656684,tap2,natural,normal,20260810_140234,True
382506,0.0156,0.0234,0.9126,382.506,500000,0.0,-0.0039000000000000007,0.0,0.0039000000000000007,tap2,natural,normal,20260810_140234,True
385030,0.0156,0.0273,0.9204,385.03,500000,0.0,0.0,0.007800000000000029,0.007800000000000029,tap2,natural,normal,20260810_140234,True
387515,0.0156,0.0273,0.9126,387.515,500000,0.0,0.0,0.0,0.0,tap2,natural,normal,20260810_140234,True
390018,0.0117,0.0234,0.9165,390.018,500000,-0.003899999999999999,-0.0039000000000000007,0.0039000000000000146,0.00675499814951863,tap2,natural,normal,20260810_140234,True
392517,0.0078,0.0273,0.9126,392.517,500000,-0.0078,0.0,0.0,0.0078,tap2,natural,normal,20260810_140234,True
395016,0.0234,0.0234,0.9126,395.016,500000,0.007800000000000001,-0.0039000000000000007,0.0,0.008720665112249181,tap2,natural,normal,20260810_140234,True
397523,0.0078,0.0273,0.9048,397.523,500000,-0.0078,0.0,-0.007799999999999918,0.011030865786510084,tap2,natural,normal,20260810_140234,True
400023,0.0156,0.0312,0.9087,400.023,500000,0.0,0.0038999999999999972,-0.0039000000000000146,0.005515432893255079,tap2,natural,normal,20260810_140234,True
402527,0.0156,0.0234,0.9165,402.527,500000,0.0,-0.0039000000000000007,0.0039000000000000146,0.005515432893255082,tap2,natural,normal,20260810_140234,True
405004,0.0156,0.0195,0.9204,405.004,500000,0.0,-0.007800000000000001,0.007800000000000029,0.011030865786510163,tap2,natural,normal,20260810_140234,True
407515,0.0117,0.0273,0.9126,407.515,500000,-0.003899999999999999,0.0,0.0,0.003899999999999999,tap2,natural,normal,20260810_140234,True
410028,0.0195,0.0273,0.9087,410.028,500000,0.0039000000000000007,0.0,-0.0039000000000000146,0.005515432893255082,tap2,natural,normal,20260810_140234,True
412526,0.0078,0.0234,0.9048,412.526,500000,-0.0078,-0.0039000000000000007,-0.007799999999999918,0.011699999999999945,tap2,natural,normal,20260810_140234,True
415018,0.0078,0.0312,0.9165,415.018,500000,-0.0078,0.0038999999999999972,0.0039000000000000146,0.0095530099968544,tap2,natural,normal,20260810_140234,True
417528,0.0195,0.0234,0.9009,417.528,500000,0.0039000000000000007,-0.0039000000000000007,-0.011699999999999933,0.012934836682385998,tap2,natural,normal,20260810_140234,True
420009,0.0156,0.0273,0.9048,420.009,500000,0.0,0.0,-0.007799999999999918,0.007799999999999918,tap2,natural,normal,20260810_140234,True
422507,0.0156,0.0234,0.9126,422.507,500000,0.0,-0.0039000000000000007,0.0,0.0039000000000000007,tap2,natural,normal,20260810_140234,True
425027,0.0156,0.0195,0.9126,425.027,500000,0.0,-0.007800000000000001,0.0,0.007800000000000001,tap2,natural,normal,20260810_140234,True
427506,0.0156,0.0273,0.9048,427.506,500000,0.0,0.0,-0.007799999999999918,0.007799999999999918,tap2,natural,normal,20260810_140234,True
430020,0.0117,0.0234,0.9126,430.02,500000,-0.003899999999999999,-0.0039000000000000007,0.0,0.00551543289325507,tap2,natural,normal,20260810_140234,True
432519,0.0195,0.0273,0.9126,432.519,500000,0.0039000000000000007,0.0,0.0,0.0039000000000000007,tap2,natural,normal,20260810_140234,True
435017,0.0078,0.0273,0.9165,435.017,500000,-0.0078,0.0,0.0039000000000000146,0.008720665112249186,tap2,natural,normal,20260810_140234,True
437530,0.0078,0.0273,0.9165,437.53,500000,-0.0078,0.0,0.0039000000000000146,0.008720665112249186,tap2,natural,normal,20260810_140234,True
440002,0.0195,0.0273,0.9087,440.002,500000,0.0039000000000000007,0.0,-0.0039000000000000146,0.005515432893255082,tap2,natural,normal,20260810_140234,True
442500,0.0195,0.0273,0.9126,442.5,500000,0.0039000000000000007,0.0,0.0,0.0039000000000000007,tap2,natural,normal,20260810_140234,True
445023,0.0156,0.0312,0.9165,445.023,500000,0.0,0.0038999999999999972,0.0039000000000000146,0.005515432893255079,tap2,natural,normal,20260810_140234,True
447508,0.0195,0.0195,0.9087,447.508,500000,0.0039000000000000007,-0.007800000000000001,-0.0039000000000000146,0.009553009996854402,tap2,natural,normal,20260810_140234,True
450013,0.0195,0.0273,0.9165,450.013,500000,0.0039000000000000007,0.0,0.0039000000000000146,0.005515432893255082,tap2,natural,normal,20260810_140234,True
452511,0.0195,0.0273,0.9165,452.511,500000,0.0039000000000000007,0.0,0.0039000000000000146,0.005515432893255082,tap2,natural,normal,20260810_140234,True
455000,0.0195,0.0156,0.9048,455.0,500000,0.0039000000000000007,-0.011700000000000002,-0.007799999999999918,0.01459246380841833,tap2,natural,normal,20260810_140234,True
457516,0.0117,0.0234,0.9126,457.516,500000,-0.003899999999999999,-0.0039000000000000007,0.0,0.00551543289325507,tap2,natural,normal,20260810_140234,True
460020,0.0156,0.0273,0.9126,460.02,500000,0.0,0.0,0.0,0.0,tap2,natural,normal,20260810_140234,True
462517,0.0234,0.0234,0.9087,462.517,500000,0.007800000000000001,-0.0039000000000000007,-0.0039000000000000146,0.009553009996854402,tap2,natural,normal,20260810_140234,True
465004,0.0234,0.0234,0.9126,465.004,500000,0.007800000000000001,-0.0039000000000000007,0.0,0.008720665112249181,tap2,natural,normal,20260810_140234,True
467506,0.0195,0.0273,0.9126,467.506,500000,0.0039000000000000007,0.0,0.0,0.0039000000000000007,tap2,natural,normal,20260810_140234,True
470020,0.0195,0.0234,0.9126,470.02,500000,0.0039000000000000007,-0.0039000000000000007,0.0,0.005515432893255071,tap2,natural,normal,20260810_140234,True
472529,0.0195,0.0234,0.9087,472.529,500000,0.0039000000000000007,-0.0039000000000000007,-0.0039000000000000146,0.006754998149518631,tap2,natural,normal,20260810_140234,True
475026,0.0078,0.0312,0.9087,475.026,500000,-0.0078,0.0038999999999999972,-0.0039000000000000146,0.0095530099968544,tap2,natural,normal,20260810_140234,True
477512,0.0156,0.0273,0.9087,477.512,500000,0.0,0.0,-0.0039000000000000146,0.0039000000000000146,tap2,natural,normal,20260810_140234,True
480016,0.0117,0.0117,0.9126,480.016,500000,-0.003899999999999999,-0.015600000000000001,0.0,0.016080111939908878,tap2,natural,normal,20260810_140234,True
482510,0.0078,0.0312,0.9126,482.51,500000,-0.0078,0.0038999999999999972,0.0,0.00872066511224918,tap2,natural,normal,20260810_140234,True
485017,0.0195,0.0312,0.9165,485.017,500000,0.0039000000000000007,0.0038999999999999972,0.0039000000000000146,0.006754998149518628,tap2,natural,normal,20260810_140234,True
487502,0.0117,0.0234,0.9165,487.502,500000,-0.003899999999999999,-0.0039000000000000007,0.0039000000000000146,0.00675499814951863,tap2,natural,normal,20260810_140234,True
490007,0.0156,0.0234,0.9204,490.007,500000,0.0,-0.0039000000000000007,0.007800000000000029,0.008720665112249207,tap2,natural,normal,20260810_140234,True
492505,0.0156,0.0312,0.9204,492.505,500000,0.0,0.0038999999999999972,0.007800000000000029,0.008720665112249205,tap2,natural,normal,20260810_140234,True
495003,0.0117,0.0351,0.9009,495.003,500000,-0.003899999999999999,0.007799999999999998,-0.011699999999999933,0.014592463808418317,tap2,natural,normal,20260810_140234,True
497508,0.0195,0.0273,0.9204,497.508,500000,0.0039000000000000007,0.0,0.007800000000000029,0.008720665112249207,tap2,natural,normal,20260810_140234,True
510294,0.0156,0.0273,0.9048,510.294,500000,0.0,0.0,-0.007799999999999918,0.007799999999999918,tap2,natural,normal,20260810_140234,True
512750,0.0156,0.0234,0.9087,512.75,500000,0.0,-0.0039000000000000007,-0.0039000000000000146,0.005515432893255082,tap2,natural,normal,20260810_140234,True
515261,0.0156,0.0195,0.9048,515.261,500000,0.0,-0.007800000000000001,-0.007799999999999918,0.011030865786510084,tap2,natural,normal,20260810_140234,True
517750,0.0195,0.0156,0.9126,517.75,500000,0.0039000000000000007,-0.011700000000000002,0.0,0.012332882874656682,tap2,natural,normal,20260810_140234,True
520256,0.0195,0.0195,0.9048,520.256,500000,0.0039000000000000007,-0.007800000000000001,-0.007799999999999918,0.011699999999999947,tap2,natural,normal,20260810_140234,True
522736,0.0195,0.0195,0.9048,522.736,500000,0.0039000000000000007,-0.007800000000000001,-0.007799999999999918,0.011699999999999947,tap2,natural,normal,20260810_140234,True
525251,0.0156,0.0351,0.9048,525.251,500000,0.0,0.007799999999999998,-0.007799999999999918,0.011030865786510082,tap2,natural,normal,20260810_140234,True
527750,0.0195,0.0273,0.9087,527.75,500000,0.0039000000000000007,0.0,-0.0039000000000000146,0.005515432893255082,tap2,natural,normal,20260810_140234,True
530253,0.0117,0.0195,0.9126,530.253,500000,-0.003899999999999999,-0.007800000000000001,0.0,0.00872066511224918,tap2,natural,normal,20260810_140234,True
532762,0.0078,0.0273,0.9126,532.762,500000,-0.0078,0.0,0.0,0.0078,tap2,natural,normal,20260810_140234,True
535252,0.0234,0.0195,0.9048,535.252,500000,0.007800000000000001,-0.007800000000000001,-0.007799999999999918,0.013509996299037198,tap2,natural,normal,20260810_140234,True
537741,0.0156,0.0234,0.9048,537.741,500000,0.0,-0.0039000000000000007,-0.007799999999999918,0.008720665112249107,tap2,natural,normal,20260810_140234,True
540253,0.0195,0.0234,0.9087,540.253,500000,0.0039000000000000007,-0.0039000000000000007,-0.0039000000000000146,0.006754998149518631,tap2,natural,normal,20260810_140234,True
542735,0.0117,0.0195,0.9087,542.735,500000,-0.003899999999999999,-0.007800000000000001,-0.0039000000000000146,0.0095530099968544,tap2,natural,normal,20260810_140234,True
545258,0.0195,0.0156,0.9126,545.258,500000,0.0039000000000000007,-0.011700000000000002,0.0,0.012332882874656682,tap2,natural,normal,20260810_140234,True
547748,0.0117,0.0351,0.9087,547.748,500000,-0.003899999999999999,0.007799999999999998,-0.0039000000000000146,0.009553009996854399,tap2,natural,normal,20260810_140234,True
550245,0.0195,0.0195,0.9126,550.245,500000,0.0039000000000000007,-0.007800000000000001,0.0,0.008720665112249181,tap2,natural,normal,20260810_140234,True
552757,0.0117,0.0234,0.9048,552.757,500000,-0.003899999999999999,-0.0039000000000000007,-0.007799999999999918,0.009553009996854328,tap2,natural,normal,20260810_140234,True
555242,0.0117,0.0234,0.9087,555.242,500000,-0.003899999999999999,-0.0039000000000000007,-0.0039000000000000146,0.00675499814951863,tap2,natural,normal,20260810_140234,True
557737,0.0195,0.0195,0.9087,557.737,500000,0.0039000000000000007,-0.007800000000000001,-0.0039000000000000146,0.009553009996854402,tap2,natural,normal,20260810_140234,True
560235,0.0195,0.0234,0.9204,560.235,500000,0.0039000000000000007,-0.0039000000000000007,0.007800000000000029,0.00955300999685442,tap2,natural,normal,20260810_140234,True
562745,0.0156,0.0195,0.9165,562.745,500000,0.0,-0.007800000000000001,0.0039000000000000146,0.008720665112249188,tap2,natural,normal,20260810_140234,True
565260,0.0078,0.0312,0.9048,565.26,500000,-0.0078,0.0038999999999999972,-0.007799999999999918,0.011699999999999945,tap2,natural,normal,20260810_140234,True
567750,0.0117,0.0273,0.9087,567.75,500000,-0.003899999999999999,0.0,-0.0039000000000000146,0.00551543289325508,tap2,natural,normal,20260810_140234,True
570237,0.0117,0.0273,0.9087,570.237,500000,-0.003899999999999999,0.0,-0.0039000000000000146,0.00551543289325508,tap2,natural,normal,20260810_140234,True
572761,0.0156,0.0273,0.9048,572.761,500000,0.0,0.0,-0.007799999999999918,0.007799999999999918,tap2,natural,normal,20260810_140234,True
575255,0.0156,0.0234,0.9087,575.255,500000,0.0,-0.0039000000000000007,-0.0039000000000000146,0.005515432893255082,tap2,natural,normal,20260810_140234,True
577751,0.0156,0.0273,0.9126,577.751,500000,0.0,0.0,0.0,0.0,tap2,natural,normal,20260810_140234,True
580248,0.0117,0.0312,0.9126,580.248,500000,-0.003899999999999999,0.0038999999999999972,0.0,0.005515432893255068,tap2,natural,normal,20260810_140234,True
582757,0.0078,0.0312,0.9087,582.757,500000,-0.0078,0.0038999999999999972,-0.0039000000000000146,0.0095530099968544,tap2,natural,normal,20260810_140234,True
585256,0.0078,0.0273,0.9048,585.256,500000,-0.0078,0.0,-0.007799999999999918,0.011030865786510084,tap2,natural,normal,20260810_140234,True
587755,0.0117,0.0273,0.9009,587.755,500000,-0.003899999999999999,0.0,-0.011699999999999933,0.012332882874656614,tap2,natural,normal,20260810_140234,True
590251,0.0156,0.0273,0.9165,590.251,500000,0.0,0.0,0.0039000000000000146,0.0039000000000000146,tap2,natural,normal,20260810_140234,True
592760,0.0078,0.0351,0.9126,592.76,500000,-0.0078,0.007799999999999998,0.0,0.011030865786510139,tap2,natural,normal,20260810_140234,True
595247,0.0156,0.0234,0.9009,595.247,500000,0.0,-0.0039000000000000007,-0.011699999999999933,0.012332882874656616,tap2,natural,normal,20260810_140234,True
597853,0.0078,0.0234,0.9204,597.853,500000,-0.0078,-0.0039000000000000007,0.007800000000000029,0.01170000000000002,tap2,natural,normal,20260810_140234,True
600248,0.0117,0.0234,0.9048,600.248,500000,-0.003899999999999999,-0.0039000000000000007,-0.007799999999999918,0.009553009996854328,tap2,natural,normal,20260810_140234,True
602759,0.0195,0.0273,0.9204,602.759,500000,0.0039000000000000007,0.0,0.007800000000000029,0.008720665112249207,tap2,natural,normal,20260810_140234,True
605249,0.0156,0.0312,0.9165,605.249,500000,0.0,0.0038999999999999972,0.0039000000000000146,0.005515432893255079,tap2,natural,normal,20260810_140234,True
607744,0.0156,0.0273,0.9165,607.744,500000,0.0,0.0,0.0039000000000000146,0.0039000000000000146,tap2,natural,normal,20260810_140234,True
610241,0.0117,0.0312,0.9048,610.241,500000,-0.003899999999999999,0.0038999999999999972,-0.007799999999999918,0.009553009996854326,tap2,natural,normal,20260810_140234,True
612753,0.0156,0.0234,0.9087,612.753,500000,0.0,-0.0039000000000000007,-0.0039000000000000146,0.005515432893255082,tap2,natural,normal,20260810_140234,True
615235,0.0195,0.0156,0.9165,615.235,500000,0.0039000000000000007,-0.011700000000000002,0.0039000000000000146,0.012934836682386066,tap2,natural,normal,20260810_140234,True
617756,0.0117,0.0234,0.9126,617.756,500000,-0.003899999999999999,-0.0039000000000000007,0.0,0.00551543289325507,tap2,natural,normal,20260810_140234,True
620260,0.0117,0.0273,0.9087,620.26,500000,-0.003899999999999999,0.0,-0.0039000000000000146,0.00551543289325508,tap2,natural,normal,20260810_140234,True
622740,0.0156,0.0195,0.9087,622.74,500000,0.0,-0.007800000000000001,-0.0039000000000000146,0.008720665112249188,tap2,natural,normal,20260810_140234,True
625255,0.0156,0.0273,0.9126,625.255,500000,0.0,0.0,0.0,0.0,tap2,natural,normal,20260810_140234,True
627748,0.0156,0.0273,0.9087,627.748,500000,0.0,0.0,-0.0039000000000000146,0.0039000000000000146,tap2,natural,normal,20260810_140234,True
630250,0.0156,0.0273,0.9048,630.25,500000,0.0,0.0,-0.007799999999999918,0.007799999999999918,tap2,natural,normal,20260810_140234,True
632756,0.0117,0.0273,0.9165,632.756,500000,-0.003899999999999999,0.0,0.0039000000000000146,0.00551543289325508,tap2,natural,normal,20260810_140234,True
635244,0.0078,0.0273,0.9165,635.244,500000,-0.0078,0.0,0.0039000000000000146,0.008720665112249186,tap2,natural,normal,20260810_140234,True
637763,0.0117,0.0195,0.9165,637.763,500000,-0.003899999999999999,-0.007800000000000001,0.0039000000000000146,0.0095530099968544,tap2,natural,normal,20260810_140234,True
640262,0.0117,0.0312,0.9126,640.262,500000,-0.003899999999999999,0.0038999999999999972,0.0,0.005515432893255068,tap2,natural,normal,20260810_140234,True
642742,0.0156,0.0195,0.9087,642.742,500000,0.0,-0.007800000000000001,-0.0039000000000000146,0.008720665112249188,tap2,natural,normal,20260810_140234,True
645257,0.0195,0.0273,0.9126,645.257,500000,0.0039000000000000007,0.0,0.0,0.0039000000000000007,tap2,natural,normal,20260810_140234,True
647745,0.0195,0.0273,0.9126,647.745,500000,0.0039000000000000007,0.0,0.0,0.0039000000000000007,tap2,natural,normal,20260810_140234,True
650242,0.0156,0.0156,0.9048,650.242,500000,0.0,-0.011700000000000002,-0.007799999999999918,0.014061649974309514,tap2,natural,normal,20260810_140234,True
652754,0.0117,0.0234,0.9126,652.754,500000,-0.003899999999999999,-0.0039000000000000007,0.0,0.00551543289325507,tap2,natural,normal,20260810_140234,True
655238,0.0234,0.0195,0.9165,655.238,500000,0.007800000000000001,-0.007800000000000001,0.0039000000000000146,0.011700000000000007,tap2,natural,normal,20260810_140234,True
657762,0.0078,0.0351,0.9048,657.762,500000,-0.0078,0.007799999999999998,-0.007799999999999918,0.013509996299037194,tap2,natural,normal,20260810_140234,True
660261,0.0156,0.0234,0.9126,660.261,500000,0.0,-0.0039000000000000007,0.0,0.0039000000000000007,tap2,natural,normal,20260810_140234,True
662741,0.0156,0.0234,0.9165,662.741,500000,0.0,-0.0039000000000000007,0.0039000000000000146,0.005515432893255082,tap2,natural,normal,20260810_140234,True
665254,0.0156,0.0195,0.9087,665.254,500000,0.0,-0.007800000000000001,-0.0039000000000000146,0.008720665112249188,tap2,natural,normal,20260810_140234,True
667744,0.0195,0.0234,0.9087,667.744,500000,0.0039000000000000007,-0.0039000000000000007,-0.0039000000000000146,0.006754998149518631,tap2,natural,normal,20260810_140234,True
670242,0.0117,0.0234,0.9009,670.242,500000,-0.003899999999999999,-0.0039000000000000007,-0.011699999999999933,0.012934836682385998,tap2,natural,normal,20260810_140234,True
672763,0.0078,0.0273,0.9087,672.763,500000,-0.0078,0.0,-0.0039000000000000146,0.008720665112249186,tap2,natural,normal,20260810_140234,True
675257,0.0117,0.0195,0.9087,675.257,500000,-0.003899999999999999,-0.007800000000000001,-0.0039000000000000146,0.0095530099968544,tap2,natural,normal,20260810_140234,True
677747,0.0117,0.0195,0.9087,677.747,500000,-0.003899999999999999,-0.007800000000000001,-0.0039000000000000146,0.0095530099968544,tap2,natural,normal,20260810_140234,True
680244,0.0117,0.0234,0.9165,680.244,500000,-0.003899999999999999,-0.0039000000000000007,0.0039000000000000146,0.00675499814951863,tap2,natural,normal,20260810_140234,True
682755,0.0156,0.0312,0.9165,682.755,500000,0.0,0.0038999999999999972,0.0039000000000000146,0.005515432893255079,tap2,natural,normal,20260810_140234,True
685237,0.0117,0.0312,0.9126,685.237,500000,-0.003899999999999999,0.0038999999999999972,0.0,0.005515432893255068,tap2,natural,normal,20260810_140234,True
687746,0.0117,0.0351,0.9048,687.746,500000,-0.003899999999999999,0.007799999999999998,-0.007799999999999918,0.011699999999999943,tap2,natural,normal,20260810_140234,True
690247,0.0078,0.0312,0.9087,690.247,500000,-0.0078,0.0038999999999999972,-0.0039000000000000146,0.0095530099968544,tap2,natural,normal,20260810_140234,True
692760,0.0117,0.0234,0.9087,692.76,500000,-0.003899999999999999,-0.0039000000000000007,-0.0039000000000000146,0.00675499814951863,tap2,natural,normal,20260810_140234,True
695251,0.0195,0.0234,0.9009,695.251,500000,0.0039000000000000007,-0.0039000000000000007,-0.011699999999999933,0.012934836682385998,tap2,natural,normal,20260810_140234,True
697854,0.0234,0.0351,0.9087,697.854,500000,0.007800000000000001,0.007799999999999998,-0.0039000000000000146,0.011700000000000004,tap2,natural,normal,20260810_140234,True
700246,0.0117,0.0273,0.9087,700.246,500000,-0.003899999999999999,0.0,-0.0039000000000000146,0.00551543289325508,tap2,natural,normal,20260810_140234,True
702756,0.0117,0.0234,0.9126,702.756,500000,-0.003899999999999999,-0.0039000000000000007,0.0,0.00551543289325507,tap2,natural,normal,20260810_140234,True
705259,0.0156,0.0273,0.9087,705.259,500000,0.0,0.0,-0.0039000000000000146,0.0039000000000000146,tap2,natural,normal,20260810_140234,True
707748,0.0195,0.0351,0.9165,707.748,500000,0.0039000000000000007,0.007799999999999998,0.0039000000000000146,0.0095530099968544,tap2,natural,normal,20260810_140234,True
710245,0.0117,0.0312,0.9126,710.245,500000,-0.003899999999999999,0.0038999999999999972,0.0,0.005515432893255068,tap2,natural,normal,20260810_140234,True
712756,0.0156,0.0234,0.9165,712.756,500000,0.0,-0.0039000000000000007,0.0039000000000000146,0.005515432893255082,tap2,natural,normal,20260810_140234,True
715238,0.0156,0.0234,0.9165,715.238,500000,0.0,-0.0039000000000000007,0.0039000000000000146,0.005515432893255082,tap2,natural,normal,20260810_140234,True
717762,0.0195,0.0234,0.9087,717.762,500000,0.0039000000000000007,-0.0039000000000000007,-0.0039000000000000146,0.006754998149518631,tap2,natural,normal,20260810_140234,True
720236,0.0156,0.0195,0.9165,720.236,500000,0.0,-0.007800000000000001,0.0039000000000000146,0.008720665112249188,tap2,natural,normal,20260810_140234,True
722747,0.0195,0.0234,0.9048,722.747,500000,0.0039000000000000007,-0.0039000000000000007,-0.007799999999999918,0.009553009996854328,tap2,natural,normal,20260810_140234,True
725261,0.0078,0.0273,0.9048,725.261,500000,-0.0078,0.0,-0.007799999999999918,0.011030865786510084,tap2,natural,normal,20260810_140234,True
727753,0.0195,0.0312,0.9009,727.753,500000,0.0039000000000000007,0.0038999999999999972,-0.011699999999999933,0.012934836682385998,tap2,natural,normal,20260810_140234,True
730256,0.0156,0.0273,0.9087,730.256,500000,0.0,0.0,-0.0039000000000000146,0.0039000000000000146,tap2,natural,normal,20260810_140234,True
732761,0.0195,0.0273,0.9087,732.761,500000,0.0039000000000000007,0.0,-0.0039000000000000146,0.005515432893255082,tap2,natural,normal,20260810_140234,True
735251,0.0195,0.0234,0.9087,735.251,500000,0.0039000000000000007,-0.0039000000000000007,-0.0039000000000000146,0.006754998149518631,tap2,natural,normal,20260810_140234,True
737748,0.0117,0.0312,0.9126,737.748,500000,-0.003899999999999999,0.0038999999999999972,0.0,0.005515432893255068,tap2,natural,normal,20260810_140234,True
740249,0.0156,0.0312,0.9126,740.249,500000,0.0,0.0038999999999999972,0.0,0.0038999999999999972,tap2,natural,normal,20260810_140234,True
742757,0.0234,0.0234,0.9126,742.757,500000,0.007800000000000001,-0.0039000000000000007,0.0,0.008720665112249181,tap2,natural,normal,20260810_140234,True
745247,0.0234,0.0273,0.9165,745.247,500000,0.007800000000000001,0.0,0.0039000000000000146,0.008720665112249188,tap2,natural,normal,20260810_140234,True
747743,0.0156,0.0234,0.9126,747.743,500000,0.0,-0.0039000000000000007,0.0,0.0039000000000000007,tap2,natural,normal,20260810_140234,True
750242,0.0117,0.0273,0.9126,750.242,500000,-0.003899999999999999,0.0,0.0,0.003899999999999999,tap2,natural,normal,20260810_140234,True
752754,0.0234,0.0195,0.9165,752.754,500000,0.007800000000000001,-0.007800000000000001,0.0039000000000000146,0.011700000000000007,tap2,natural,normal,20260810_140234,True
755239,0.0195,0.0234,0.9087,755.239,500000,0.0039000000000000007,-0.0039000000000000007,-0.0039000000000000146,0.006754998149518631,tap2,natural,normal,20260810_140234,True
757760,0.0156,0.0273,0.9126,757.76,500000,0.0,0.0,0.0,0.0,tap2,natural,normal,20260810_140234,True
760258,0.0117,0.0195,0.9165,760.258,500000,-0.003899999999999999,-0.007800000000000001,0.0039000000000000146,0.0095530099968544,tap2,natural,normal,20260810_140234,True
762737,0.0195,0.0234,0.9126,762.737,500000,0.0039000000000000007,-0.0039000000000000007,0.0,0.005515432893255071,tap2,natural,normal,20260810_140234,True
765252,0.0195,0.0234,0.9126,765.252,500000,0.0039000000000000007,-0.0039000000000000007,0.0,0.005515432893255071,tap2,natural,normal,20260810_140234,True
767742,0.0156,0.0195,0.9087,767.742,500000,0.0,-0.007800000000000001,-0.0039000000000000146,0.008720665112249188,tap2,natural,normal,20260810_140234,True
770244,0.0156,0.0273,0.9009,770.244,500000,0.0,0.0,-0.011699999999999933,0.011699999999999933,tap2,natural,normal,20260810_140234,True
772742,0.0078,0.0234,0.9087,772.742,500000,-0.0078,-0.0039000000000000007,-0.0039000000000000146,0.0095530099968544,tap2,natural,normal,20260810_140234,True
775262,0.0117,0.0195,0.9087,775.262,500000,-0.003899999999999999,-0.007800000000000001,-0.0039000000000000146,0.0095530099968544,tap2,natural,normal,20260810_140234,True
777749,0.0156,0.0312,0.9009,777.749,500000,0.0,0.0038999999999999972,-0.011699999999999933,0.012332882874656614,tap2,natural,normal,20260810_140234,True
780247,0.0195,0.0234,0.9048,780.247,500000,0.0039000000000000007,-0.0039000000000000007,-0.007799999999999918,0.009553009996854328,tap2,natural,normal,20260810_140234,True
782756,0.0195,0.0234,0.9048,782.756,500000,0.0039000000000000007,-0.0039000000000000007,-0.007799999999999918,0.009553009996854328,tap2,natural,normal,20260810_140234,True
785238,0.0156,0.0195,0.9165,785.238,500000,0.0,-0.007800000000000001,0.0039000000000000146,0.008720665112249188,tap2,natural,normal,20260810_140234,True
787763,0.0156,0.0273,0.9282,787.763,500000,0.0,0.0,0.015600000000000058,0.015600000000000058,tap2,natural,normal,20260810_140234,True
790251,0.0195,0.0195,0.9126,790.251,500000,0.0039000000000000007,-0.007800000000000001,0.0,0.008720665112249181,tap2,natural,normal,20260810_140234,True
792761,0.0156,0.0195,0.9087,792.761,500000,0.0,-0.007800000000000001,-0.0039000000000000146,0.008720665112249188,tap2,natural,normal,20260810_140234,True
795254,0.0156,0.0312,0.9126,795.254,500000,0.0,0.0038999999999999972,0.0,0.0038999999999999972,tap2,natural,normal,20260810_140234,True
797849,0.0195,0.0312,0.9009,797.849,500000,0.0039000000000000007,0.0038999999999999972,-0.011699999999999933,0.012934836682385998,tap2,natural,normal,20260810_140234,True
800241,0.0234,0.0234,0.9126,800.241,500000,0.007800000000000001,-0.0039000000000000007,0.0,0.008720665112249181,tap2,natural,normal,20260810_140234,True
802737,0.0117,0.0273,0.9204,802.737,500000,-0.003899999999999999,0.0,0.007800000000000029,0.008720665112249205,tap2,natural,normal,20260810_140234,True
805244,0.0156,0.0312,0.9087,805.244,500000,0.0,0.0038999999999999972,-0.0039000000000000146,0.005515432893255079,tap2,natural,normal,20260810_140234,True
807736,0.0078,0.0273,0.9165,807.736,500000,-0.0078,0.0,0.0039000000000000146,0.008720665112249186,tap2,natural,normal,20260810_140234,True
810263,0.0156,0.0195,0.9126,810.263,500000,0.0,-0.007800000000000001,0.0,0.007800000000000001,tap2,natural,normal,20260810_140234,True
812742,0.0195,0.0234,0.9126,812.742,500000,0.0039000000000000007,-0.0039000000000000007,0.0,0.005515432893255071,tap2,natural,normal,20260810_140234,True
815256,0.0078,0.0234,0.9204,815.256,500000,-0.0078,-0.0039000000000000007,0.007800000000000029,0.01170000000000002,tap2,natural,normal,20260810_140234,True
817750,0.0117,0.0312,0.9165,817.75,500000,-0.003899999999999999,0.0038999999999999972,0.0039000000000000146,0.006754998149518627,tap2,natural,normal,20260810_140234,True
820253,0.0273,0.0195,0.9126,820.253,500000,0.011700000000000002,-0.007800000000000001,0.0,0.01406164997430956,tap2,natural,normal,20260810_140234,True
822762,0.0117,0.0195,0.9126,822.762,500000,-0.003899999999999999,-0.007800000000000001,0.0,0.00872066511224918,tap2,natural,normal,20260810_140234,True
825247,0.0117,0.0234,0.9126,825.247,500000,-0.003899999999999999,-0.0039000000000000007,0.0,0.00551543289325507,tap2,natural,normal,20260810_140234,True
827743,0.0195,0.0234,0.9087,827.743,500000,0.0039000000000000007,-0.0039000000000000007,-0.0039000000000000146,0.006754998149518631,tap2,natural,normal,20260810_140234,True
830245,0.0117,0.0312,0.9087,830.245,500000,-0.003899999999999999,0.0038999999999999972,-0.0039000000000000146,0.006754998149518627,tap2,natural,normal,20260810_140234,True
832753,0.0117,0.0234,0.9126,832.753,500000,-0.003899999999999999,-0.0039000000000000007,0.0,0.00551543289325507,tap2,natural,normal,20260810_140234,True
835244,0.0117,0.0234,0.9165,835.244,500000,-0.003899999999999999,-0.0039000000000000007,0.0039000000000000146,0.00675499814951863,tap2,natural,normal,20260810_140234,True
837740,0.0156,0.0273,0.9165,837.74,500000,0.0,0.0,0.0039000000000000146,0.0039000000000000146,tap2,natural,normal,20260810_140234,True
840235,0.0117,0.0273,0.9165,840.235,500000,-0.003899999999999999,0.0,0.0039000000000000146,0.00551543289325508,tap2,natural,normal,20260810_140234,True
842748,0.0117,0.0273,0.9087,842.748,500000,-0.003899999999999999,0.0,-0.0039000000000000146,0.00551543289325508,tap2,natural,normal,20260810_140234,True
845238,0.0195,0.0195,0.9009,845.238,500000,0.0039000000000000007,-0.007800000000000001,-0.011699999999999933,0.014592463808418318,tap2,natural,normal,20260810_140234,True
847763,0.0156,0.0195,0.9087,847.763,500000,0.0,-0.007800000000000001,-0.0039000000000000146,0.008720665112249188,tap2,natural,normal,20260810_140234,True
850261,0.0117,0.0234,0.9087,850.261,500000,-0.003899999999999999,-0.0039000000000000007,-0.0039000000000000146,0.00675499814951863,tap2,natural,normal,20260810_140234,True
852741,0.0078,0.0312,0.9165,852.741,500000,-0.0078,0.0038999999999999972,0.0039000000000000146,0.0095530099968544,tap2,natural,normal,20260810_140234,True
855255,0.0117,0.0234,0.9165,855.255,500000,-0.003899999999999999,-0.0039000000000000007,0.0039000000000000146,0.00675499814951863,tap2,natural,normal,20260810_140234,True
857745,0.0234,0.0273,0.9087,857.745,500000,0.007800000000000001,0.0,-0.0039000000000000146,0.008720665112249188,tap2,natural,normal,20260810_140234,True
860242,0.0117,0.0273,0.9126,860.242,500000,-0.003899999999999999,0.0,0.0,0.003899999999999999,tap2,natural,normal,20260810_140234,True
862753,0.0156,0.0273,0.9243,862.753,500000,0.0,0.0,0.011700000000000044,0.011700000000000044,tap2,natural,normal,20260810_140234,True
865239,0.0156,0.0312,0.9126,865.239,500000,0.0,0.0038999999999999972,0.0,0.0038999999999999972,tap2,natural,normal,20260810_140234,True
867747,0.0117,0.0312,0.9048,867.747,500000,-0.003899999999999999,0.0038999999999999972,-0.007799999999999918,0.009553009996854326,tap2,natural,normal,20260810_140234,True
870253,0.0234,0.0195,0.9087,870.253,500000,0.007800000000000001,-0.007800000000000001,-0.0039000000000000146,0.011700000000000007,tap2,natural,normal,20260810_140234,True
872743,0.0117,0.0273,0.9087,872.743,500000,-0.003899999999999999,0.0,-0.0039000000000000146,0.00551543289325508,tap2,natural,normal,20260810_140234,True
875237,0.0117,0.0195,0.9126,875.237,500000,-0.003899999999999999,-0.007800000000000001,0.0,0.00872066511224918,tap2,natural,normal,20260810_140234,True
877762,0.0195,0.0234,0.9165,877.762,500000,0.0039000000000000007,-0.0039000000000000007,0.0039000000000000146,0.006754998149518631,tap2,natural,normal,20260810_140234,True
880259,0.0195,0.0234,0.9087,880.259,500000,0.0039000000000000007,-0.0039000000000000007,-0.0039000000000000146,0.006754998149518631,tap2,natural,normal,20260810_140234,True
882737,0.0078,0.0234,0.9048,882.737,500000,-0.0078,-0.0039000000000000007,-0.007799999999999918,0.011699999999999945,tap2,natural,normal,20260810_140234,True
885250,0.0117,0.0273,0.9126,885.25,500000,-0.003899999999999999,0.0,0.0,0.003899999999999999,tap2,natural,normal,20260810_140234,True
887748,0.0117,0.0234,0.9087,887.748,500000,-0.003899999999999999,-0.0039000000000000007,-0.0039000000000000146,0.00675499814951863,tap2,natural,normal,20260810_140234,True
890245,0.0117,0.0234,0.9087,890.245,500000,-0.003899999999999999,-0.0039000000000000007,-0.0039000000000000146,0.00675499814951863,tap2,natural,normal,20260810_140234,True
892742,0.0156,0.0195,0.9048,892.742,500000,0.0,-0.007800000000000001,-0.007799999999999918,0.011030865786510084,tap2,natural,normal,20260810_140234,True
895241,0.0078,0.0312,0.9204,895.241,500000,-0.0078,0.0038999999999999972,0.007800000000000029,0.011700000000000018,tap2,natural,normal,20260810_140234,True
897826,0.0195,0.0195,0.9126,897.826,500000,0.0039000000000000007,-0.007800000000000001,0.0,0.008720665112249181,tap2,natural,normal,20260810_140234,True
900258,0.0078,0.0273,0.9126,900.258,500000,-0.0078,0.0,0.0,0.0078,tap2,natural,normal,20260810_140234,True
902740,0.0156,0.0195,0.9087,902.74,500000,0.0,-0.007800000000000001,-0.0039000000000000146,0.008720665112249188,tap2,natural,normal,20260810_140234,True
905243,0.0234,0.0273,0.9087,905.243,500000,0.007800000000000001,0.0,-0.0039000000000000146,0.008720665112249188,tap2,natural,normal,20260810_140234,True
907762,0.0156,0.0273,0.9087,907.762,500000,0.0,0.0,-0.0039000000000000146,0.0039000000000000146,tap2,natural,normal,20260810_140234,True
910259,0.0,0.0351,0.9087,910.259,500000,-0.0156,0.007799999999999998,-0.0039000000000000146,0.017872045210327776,tap2,natural,normal,20260810_140234,True
912736,0.0078,0.0195,0.9243,912.736,500000,-0.0078,-0.007800000000000001,0.011700000000000044,0.01608011193990891,tap2,natural,normal,20260810_140234,True
915249,0.0156,0.0195,0.9126,915.249,500000,0.0,-0.007800000000000001,0.0,0.007800000000000001,tap2,natural,normal,20260810_140234,True
917738,0.0156,0.0273,0.9165,917.738,500000,0.0,0.0,0.0039000000000000146,0.0039000000000000146,tap2,natural,normal,20260810_140234,True
920240,0.0195,0.0273,0.9126,920.24,500000,0.0039000000000000007,0.0,0.0,0.0039000000000000007,tap2,natural,normal,20260810_140234,True
922753,0.0117,0.0273,0.8892,922.753,500000,-0.003899999999999999,0.0,-0.023399999999999976,0.023722773868163034,tap2,natural,normal,20260810_140234,True
925236,0.0156,0.0234,0.9126,925.236,500000,0.0,-0.0039000000000000007,0.0,0.0039000000000000007,tap2,natural,normal,20260810_140234,True
927760,0.0234,0.0273,0.9009,927.76,500000,0.007800000000000001,0.0,-0.011699999999999933,0.014061649974309504,tap2,natural,normal,20260810_140234,True
930235,0.0078,0.0234,0.9165,930.235,500000,-0.0078,-0.0039000000000000007,0.0039000000000000146,0.0095530099968544,tap2,natural,normal,20260810_140234,True
932758,0.0156,0.0234,0.9087,932.758,500000,0.0,-0.0039000000000000007,-0.0039000000000000146,0.005515432893255082,tap2,natural,normal,20260810_140234,True
935255,0.0117,0.0234,0.9126,935.255,500000,-0.003899999999999999,-0.0039000000000000007,0.0,0.00551543289325507,tap2,natural,normal,20260810_140234,True
937744,0.0156,0.0312,0.9048,937.744,500000,0.0,0.0038999999999999972,-0.007799999999999918,0.008720665112249105,tap2,natural,normal,20260810_140234,True
940242,0.0195,0.0156,0.9048,940.242,500000,0.0039000000000000007,-0.011700000000000002,-0.007799999999999918,0.01459246380841833,tap2,natural,normal,20260810_140234,True
942753,0.0234,0.0273,0.9087,942.753,500000,0.007800000000000001,0.0,-0.0039000000000000146,0.008720665112249188,tap2,natural,normal,20260810_140234,True
945239,0.0156,0.0195,0.9087,945.239,500000,0.0,-0.007800000000000001,-0.0039000000000000146,0.008720665112249188,tap2,natural,normal,20260810_140234,True
947736,0.0156,0.0234,0.9009,947.736,500000,0.0,-0.0039000000000000007,-0.011699999999999933,0.012332882874656616,tap2,natural,normal,20260810_140234,True
950264,0.0117,0.0273,0.9087,950.264,500000,-0.003899999999999999,0.0,-0.0039000000000000146,0.00551543289325508,tap2,natural,normal,20260810_140234,True
952743,0.0195,0.0234,0.9048,952.743,500000,0.0039000000000000007,-0.0039000000000000007,-0.007799999999999918,0.009553009996854328,tap2,natural,normal,20260810_140234,True
955253,0.0156,0.0273,0.9126,955.253,500000,0.0,0.0,0.0,0.0,tap2,natural,normal,20260810_140234,True
957747,0.0117,0.0195,0.9087,957.747,500000,-0.003899999999999999,-0.007800000000000001,-0.0039000000000000146,0.0095530099968544,tap2,natural,normal,20260810_140234,True
960243,0.0156,0.0234,0.9087,960.243,500000,0.0,-0.0039000000000000007,-0.0039000000000000146,0.005515432893255082,tap2,natural,normal,20260810_140234,True
962754,0.0117,0.0273,0.9087,962.754,500000,-0.003899999999999999,0.0,-0.0039000000000000146,0.00551543289325508,tap2,natural,normal,20260810_140234,True
965238,0.0078,0.0312,0.9087,965.238,500000,-0.0078,0.0038999999999999972,-0.0039000000000000146,0.0095530099968544,tap2,natural,normal,20260810_140234,True
967765,0.0195,0.0195,0.9009,967.765,500000,0.0039000000000000007,-0.007800000000000001,-0.011699999999999933,0.014592463808418318,tap2,natural,normal,20260810_140234,True
970249,0.0117,0.0273,0.9126,970.249,500000,-0.003899999999999999,0.0,0.0,0.003899999999999999,tap2,natural,normal,20260810_140234,True
972739,0.0117,0.0273,0.9087,972.739,500000,-0.003899999999999999,0.0,-0.0039000000000000146,0.00551543289325508,tap2,natural,normal,20260810_140234,True
975262,0.0195,0.0195,0.9048,975.262,500000,0.0039000000000000007,-0.007800000000000001,-0.007799999999999918,0.011699999999999947,tap2,natural,normal,20260810_140234,True
977747,0.0195,0.0234,0.9126,977.747,500000,0.0039000000000000007,-0.0039000000000000007,0.0,0.005515432893255071,tap2,natural,normal,20260810_140234,True
980246,0.0195,0.0273,0.9087,980.246,500000,0.0039000000000000007,0.0,-0.0039000000000000146,0.005515432893255082,tap2,natural,normal,20260810_140234,True
982757,0.0156,0.0195,0.9087,982.757,500000,0.0,-0.007800000000000001,-0.0039000000000000146,0.008720665112249188,tap2,natural,normal,20260810_140234,True
985241,0.0078,0.0273,0.9087,985.241,500000,-0.0078,0.0,-0.0039000000000000146,0.008720665112249186,tap2,natural,normal,20260810_140234,True
987736,0.0117,0.0312,0.9048,987.736,500000,-0.003899999999999999,0.0038999999999999972,-0.007799999999999918,0.009553009996854326,tap2,natural,normal,20260810_140234,True
990263,0.0156,0.0273,0.9165,990.263,500000,0.0,0.0,0.0039000000000000146,0.0039000000000000146,tap2,natural,normal,20260810_140234,True
992742,0.0195,0.0273,0.9165,992.742,500000,0.0039000000000000007,0.0,0.0039000000000000146,0.005515432893255082,tap2,natural,normal,20260810_140234,True
995252,0.0234,0.0156,0.9087,995.252,500000,0.007800000000000001,-0.011700000000000002,-0.0039000000000000146,0.014592463808418377,tap2,natural,normal,20260810_140234,True
997845,0.0117,0.0312,0.9048,997.845,500000,-0.003899999999999999,0.0038999999999999972,-0.007799999999999918,0.009553009996854326,tap2,natural,normal,20260810_140234,True
1000251,0.0117,0.0312,0.9048,1000.251,500000,-0.003899999999999999,0.0038999999999999972,-0.007799999999999918,0.009553009996854326,tap2,natural,normal,20260810_140234,True
1002759,0.0156,0.0273,0.9204,1002.759,500000,0.0,0.0,0.007800000000000029,0.007800000000000029,tap2,natural,normal,20260810_140234,True
1005240,0.0156,0.0234,0.9243,1005.24,500000,0.0,-0.0039000000000000007,0.011700000000000044,0.012332882874656722,tap2,natural,normal,20260810_140234,True
1007739,0.0195,0.0273,0.9087,1007.739,500000,0.0039000000000000007,0.0,-0.0039000000000000146,0.005515432893255082,tap2,natural,normal,20260810_140234,True
1010235,0.0117,0.0156,0.9087,1010.235,500000,-0.003899999999999999,-0.011700000000000002,-0.0039000000000000146,0.012934836682386066,tap2,natural,normal,20260810_140234,True
1012747,0.0156,0.0273,0.9126,1012.747,500000,0.0,0.0,0.0,0.0,tap2,natural,normal,20260810_140234,True
1015256,0.0234,0.0351,0.9165,1015.256,500000,0.007800000000000001,0.007799999999999998,0.0039000000000000146,0.011700000000000004,tap2,natural,normal,20260810_140234,True
1017753,0.0156,0.0312,0.9126,1017.753,500000,0.0,0.0038999999999999972,0.0,0.0038999999999999972,tap2,natural,normal,20260810_140234,True
1020259,0.0234,0.0273,0.9126,1020.259,500000,0.007800000000000001,0.0,0.0,0.007800000000000001,tap2,natural,normal,20260810_140234,True
1022742,0.0156,0.0234,0.9126,1022.742,500000,0.0,-0.0039000000000000007,0.0,0.0039000000000000007,tap2,natural,normal,20260810_140234,True
1025249,0.0195,0.0234,0.9048,1025.249,500000,0.0039000000000000007,-0.0039000000000000007,-0.007799999999999918,0.009553009996854328,tap2,natural,normal,20260810_140234,True
1027746,0.0156,0.0195,0.9048,1027.746,500000,0.0,-0.007800000000000001,-0.007799999999999918,0.011030865786510084,tap2,natural,normal,20260810_140234,True
1030249,0.0156,0.0273,0.897,1030.249,500000,0.0,0.0,-0.015599999999999947,0.015599999999999947,tap2,natural,normal,20260810_140234,True
1032759,0.0117,0.0312,0.9126,1032.759,500000,-0.003899999999999999,0.0038999999999999972,0.0,0.005515432893255068,tap2,natural,normal,20260810_140234,True
1035248,0.0117,0.0234,0.9126,1035.248,500000,-0.003899999999999999,-0.0039000000000000007,0.0,0.00551543289325507,tap2,natural,normal,20260810_140234,True
1037748,0.0117,0.0234,0.9048,1037.748,500000,-0.003899999999999999,-0.0039000000000000007,-0.007799999999999918,0.009553009996854328,tap2,natural,normal,20260810_140234,True
1040245,0.0156,0.0273,0.9087,1040.245,500000,0.0,0.0,-0.0039000000000000146,0.0039000000000000146,tap2,natural,normal,20260810_140234,True
1042754,0.0117,0.0234,0.9048,1042.754,500000,-0.003899999999999999,-0.0039000000000000007,-0.007799999999999918,0.009553009996854328,tap2,natural,normal,20260810_140234,True
1045241,0.0156,0.0273,0.9048,1045.241,500000,0.0,0.0,-0.007799999999999918,0.007799999999999918,tap2,natural,normal,20260810_140234,True
1047739,0.0195,0.0195,0.897,1047.739,500000,0.0039000000000000007,-0.007800000000000001,-0.015599999999999947,0.01787204521032773,tap2,natural,normal,20260810_140234,True
1050236,0.0156,0.0195,0.9087,1050.236,500000,0.0,-0.007800000000000001,-0.0039000000000000146,0.008720665112249188,tap2,natural,normal,20260810_140234,True
1052747,0.0117,0.0234,0.9126,1052.747,500000,-0.003899999999999999,-0.0039000000000000007,0.0,0.00551543289325507,tap2,natural,normal,20260810_140234,True
1055261,0.0195,0.0273,0.9126,1055.261,500000,0.0039000000000000007,0.0,0.0,0.0039000000000000007,tap2,natural,normal,20260810_140234,True
1057753,0.0117,0.0312,0.9126,1057.753,500000,-0.003899999999999999,0.0038999999999999972,0.0,0.005515432893255068,tap2,natural,normal,20260810_140234,True
1060252,0.0273,0.0195,0.9087,1060.252,500000,0.011700000000000002,-0.007800000000000001,-0.0039000000000000146,0.014592463808418377,tap2,natural,normal,20260810_140234,True
1062762,0.0117,0.0234,0.9126,1062.762,500000,-0.003899999999999999,-0.0039000000000000007,0.0,0.00551543289325507,tap2,natural,normal,20260810_140234,True
1065262,0.0117,0.0273,0.9165,1065.262,500000,-0.003899999999999999,0.0,0.0039000000000000146,0.00551543289325508,tap2,natural,normal,20260810_140234,True
1067753,0.0195,0.0234,0.9126,1067.753,500000,0.0039000000000000007,-0.0039000000000000007,0.0,0.005515432893255071,tap2,natural,normal,20260810_140234,True
1070240,0.0156,0.0273,0.9165,1070.24,500000,0.0,0.0,0.0039000000000000146,0.0039000000000000146,tap2,natural,normal,20260810_140234,True
1072761,0.0117,0.0234,0.9048,1072.761,500000,-0.003899999999999999,-0.0039000000000000007,-0.007799999999999918,0.009553009996854328,tap2,natural,normal,20260810_140234,True
1075250,0.0156,0.0273,0.9087,1075.25,500000,0.0,0.0,-0.0039000000000000146,0.0039000000000000146,tap2,natural,normal,20260810_140234,True
1077749,0.0156,0.0195,0.9165,1077.749,500000,0.0,-0.007800000000000001,0.0039000000000000146,0.008720665112249188,tap2,natural,normal,20260810_140234,True
1080247,0.0156,0.0234,0.9126,1080.247,500000,0.0,-0.0039000000000000007,0.0,0.0039000000000000007,tap2,natural,normal,20260810_140234,True
1082757,0.0117,0.0234,0.9087,1082.757,500000,-0.003899999999999999,-0.0039000000000000007,-0.0039000000000000146,0.00675499814951863,tap2,natural,normal,20260810_140234,True
1085235,0.0156,0.0234,0.9165,1085.235,500000,0.0,-0.0039000000000000007,0.0039000000000000146,0.005515432893255082,tap2,natural,normal,20260810_140234,True
1087736,0.0195,0.0234,0.9126,1087.736,500000,0.0039000000000000007,-0.0039000000000000007,0.0,0.005515432893255071,tap2,natural,normal,20260810_140234,True
1090235,0.0117,0.0195,0.9126,1090.235,500000,-0.003899999999999999,-0.007800000000000001,0.0,0.00872066511224918,tap2,natural,normal,20260810_140234,True
1092748,0.0156,0.0234,0.897,1092.748,500000,0.0,-0.0039000000000000007,-0.015599999999999947,0.016080111939908825,tap2,natural,normal,20260810_140234,True
1095262,0.0078,0.0195,0.9126,1095.262,500000,-0.0078,-0.007800000000000001,0.0,0.011030865786510143,tap2,natural,normal,20260810_140234,True
1097861,0.0195,0.0234,0.9126,1097.861,500000,0.0039000000000000007,-0.0039000000000000007,0.0,0.005515432893255071,tap2,natural,normal,20260810_140234,True
1100254,0.0156,0.0273,0.9126,1100.254,500000,0.0,0.0,0.0,0.0,tap2,natural,normal,20260810_140234,True
1102763,0.0156,0.0273,0.9126,1102.763,500000,0.0,0.0,0.0,0.0,tap2,natural,normal,20260810_140234,True
1105247,0.0117,0.0195,0.9126,1105.247,500000,-0.003899999999999999,-0.007800000000000001,0.0,0.00872066511224918,tap2,natural,normal,20260810_140234,True
1107736,0.0195,0.0234,0.9243,1107.736,500000,0.0039000000000000007,-0.0039000000000000007,0.011700000000000044,0.012934836682386099,tap2,natural,normal,20260810_140234,True
1110236,0.0156,0.0234,0.9126,1110.236,500000,0.0,-0.0039000000000000007,0.0,0.0039000000000000007,tap2,natural,normal,20260810_140234,True
1112747,0.0117,0.0312,0.9165,1112.747,500000,-0.003899999999999999,0.0038999999999999972,0.0039000000000000146,0.006754998149518627,tap2,natural,normal,20260810_140234,True
1115263,0.0078,0.0234,0.9009,1115.263,500000,-0.0078,-0.0039000000000000007,-0.011699999999999933,0.014592463808418318,tap2,natural,normal,20260810_140234,True
1117754,0.0156,0.0156,0.9165,1117.754,500000,0.0,-0.011700000000000002,0.0039000000000000146,0.012332882874656687,tap2,natural,normal,20260810_140234,True
1120259,0.0117,0.0156,0.9087,1120.259,500000,-0.003899999999999999,-0.011700000000000002,-0.0039000000000000146,0.012934836682386066,tap2,natural,normal,20260810_140234,True
1122742,0.0234,0.0273,0.9126,1122.742,500000,0.007800000000000001,0.0,0.0,0.007800000000000001,tap2,natural,normal,20260810_140234,True
1125262,0.0195,0.0234,0.9165,1125.262,500000,0.0039000000000000007,-0.0039000000000000007,0.0039000000000000146,0.006754998149518631,tap2,natural,normal,20260810_140234,True
1127751,0.0234,0.0312,0.9048,1127.751,500000,0.007800000000000001,0.0038999999999999972,-0.007799999999999918,0.011699999999999945,tap2,natural,normal,20260810_140234,True
1130238,0.0234,0.0234,0.9126,1130.238,500000,0.007800000000000001,-0.0039000000000000007,0.0,0.008720665112249181,tap2,natural,normal,20260810_140234,True
1132753,0.0156,0.0351,0.9087,1132.753,500000,0.0,0.007799999999999998,-0.0039000000000000146,0.008720665112249185,tap2,natural,normal,20260810_140234,True
1135249,0.0156,0.0273,0.9126,1135.249,500000,0.0,0.0,0.0,0.0,tap2,natural,normal,20260810_140234,True
1137744,0.0117,0.0195,0.9165,1137.744,500000,-0.003899999999999999,-0.007800000000000001,0.0039000000000000146,0.0095530099968544,tap2,natural,normal,20260810_140234,True
1140242,0.0195,0.0234,0.9126,1140.242,500000,0.0039000000000000007,-0.0039000000000000007,0.0,0.005515432893255071,tap2,natural,normal,20260810_140234,True
1142754,0.0195,0.0234,0.9126,1142.754,500000,0.0039000000000000007,-0.0039000000000000007,0.0,0.005515432893255071,tap2,natural,normal,20260810_140234,True
1145240,0.0117,0.0312,0.9204,1145.24,500000,-0.003899999999999999,0.0038999999999999972,0.007800000000000029,0.009553009996854416,tap2,natural,normal,20260810_140234,True
1147761,0.0156,0.0234,0.9165,1147.761,500000,0.0,-0.0039000000000000007,0.0039000000000000146,0.005515432893255082,tap2,natural,normal,20260810_140234,True
1150260,0.0156,0.0273,0.9243,1150.26,500000,0.0,0.0,0.011700000000000044,0.011700000000000044,tap2,natural,normal,20260810_140234,True
1152738,0.0117,0.0312,0.9165,1152.738,500000,-0.003899999999999999,0.0038999999999999972,0.0039000000000000146,0.006754998149518627,tap2,natural,normal,20260810_140234,True
1155249,0.0117,0.0273,0.9087,1155.249,500000,-0.003899999999999999,0.0,-0.0039000000000000146,0.00551543289325508,tap2,natural,normal,20260810_140234,True
1157740,0.0156,0.0273,0.9048,1157.74,500000,0.0,0.0,-0.007799999999999918,0.007799999999999918,tap2,natural,normal,20260810_140234,True
1160237,0.0156,0.0234,0.9126,1160.237,500000,0.0,-0.0039000000000000007,0.0,0.0039000000000000007,tap2,natural,normal,20260810_140234,True
1162747,0.0117,0.0351,0.9126,1162.747,500000,-0.003899999999999999,0.007799999999999998,0.0,0.008720665112249178,tap2,natural,normal,20260810_140234,True
1165263,0.0156,0.0273,0.9048,1165.263,500000,0.0,0.0,-0.007799999999999918,0.007799999999999918,tap2,natural,normal,20260810_140234,True
1167748,0.0156,0.0234,0.9126,1167.748,500000,0.0,-0.0039000000000000007,0.0,0.0039000000000000007,tap2,natural,normal,20260810_140234,True
1170260,0.0195,0.0273,0.9087,1170.26,500000,0.0039000000000000007,0.0,-0.0039000000000000146,0.005515432893255082,tap2,natural,normal,20260810_140234,True
1172744,0.0156,0.0312,0.9165,1172.744,500000,0.0,0.0038999999999999972,0.0039000000000000146,0.005515432893255079,tap2,natural,normal,20260810_140234,True
1175265,0.0234,0.0195,0.9126,1175.265,500000,0.007800000000000001,-0.007800000000000001,0.0,0.011030865786510143,tap2,natural,normal,20260810_140234,True
1177752,0.0156,0.0273,0.9009,1177.752,500000,0.0,0.0,-0.011699999999999933,0.011699999999999933,tap2,natural,normal,20260810_140234,True
1180248,0.0234,0.0234,0.9087,1180.248,500000,0.007800000000000001,-0.0039000000000000007,-0.0039000000000000146,0.009553009996854402,tap2,natural,normal,20260810_140234,True
1182757,0.0195,0.0234,0.9087,1182.757,500000,0.0039000000000000007,-0.0039000000000000007,-0.0039000000000000146,0.006754998149518631,tap2,natural,normal,20260810_140234,True
1185239,0.0156,0.0234,0.9126,1185.239,500000,0.0,-0.0039000000000000007,0.0,0.0039000000000000007,tap2,natural,normal,20260810_140234,True
1187761,0.0156,0.0273,0.9009,1187.761,500000,0.0,0.0,-0.011699999999999933,0.011699999999999933,tap2,natural,normal,20260810_140234,True
1190261,0.0156,0.0234,0.9087,1190.261,500000,0.0,-0.0039000000000000007,-0.0039000000000000146,0.005515432893255082,tap2,natural,normal,20260810_140234,True
1192742,0.0078,0.0273,0.9009,1192.742,500000,-0.0078,0.0,-0.011699999999999933,0.014061649974309502,tap2,natural,normal,20260810_140234,True
1195247,0.0078,0.0273,0.9126,1195.247,500000,-0.0078,0.0,0.0,0.0078,tap2,natural,normal,20260810_140234,True
1197798,0.0156,0.0234,0.9126,1197.798,500000,0.0,-0.0039000000000000007,0.0,0.0039000000000000007,tap2,natural,normal,20260810_140234,True
1200255,0.0117,0.0273,0.9126,1200.255,500000,-0.003899999999999999,0.0,0.0,0.003899999999999999,tap2,natural,normal,20260810_140234,True
1202762,0.0156,0.0234,0.9087,1202.762,500000,0.0,-0.0039000000000000007,-0.0039000000000000146,0.005515432893255082,tap2,natural,normal,20260810_140234,True
1205251,0.0117,0.0273,0.9126,1205.251,500000,-0.003899999999999999,0.0,0.0,0.003899999999999999,tap2,natural,normal,20260810_140234,True
1207749,0.0156,0.0195,0.9087,1207.749,500000,0.0,-0.007800000000000001,-0.0039000000000000146,0.008720665112249188,tap2,natural,normal,20260810_140234,True
1210247,0.0156,0.0195,0.9087,1210.247,500000,0.0,-0.007800000000000001,-0.0039000000000000146,0.008720665112249188,tap2,natural,normal,20260810_140234,True
1212757,0.0195,0.0273,0.9009,1212.757,500000,0.0039000000000000007,0.0,-0.011699999999999933,0.012332882874656616,tap2,natural,normal,20260810_140234,True
1215239,0.0156,0.0273,0.9126,1215.239,500000,0.0,0.0,0.0,0.0,tap2,natural,normal,20260810_140234,True
1217760,0.0117,0.0273,0.9048,1217.76,500000,-0.003899999999999999,0.0,-0.007799999999999918,0.008720665112249105,tap2,natural,normal,20260810_140234,True
1220237,0.0117,0.0351,0.9165,1220.237,500000,-0.003899999999999999,0.007799999999999998,0.0039000000000000146,0.009553009996854399,tap2,natural,normal,20260810_140234,True
1222749,0.0195,0.0234,0.9087,1222.749,500000,0.0039000000000000007,-0.0039000000000000007,-0.0039000000000000146,0.006754998149518631,tap2,natural,normal,20260810_140234,True
1225264,0.0195,0.0234,0.9165,1225.264,500000,0.0039000000000000007,-0.0039000000000000007,0.0039000000000000146,0.006754998149518631,tap2,natural,normal,20260810_140234,True
1227746,0.0156,0.0351,0.9126,1227.746,500000,0.0,0.007799999999999998,0.0,0.007799999999999998,tap2,natural,normal,20260810_140234,True
1230249,0.0156,0.0273,0.9126,1230.249,500000,0.0,0.0,0.0,0.0,tap2,natural,normal,20260810_140234,True
1232755,0.0195,0.0234,0.9048,1232.755,500000,0.0039000000000000007,-0.0039000000000000007,-0.007799999999999918,0.009553009996854328,tap2,natural,normal,20260810_140234,True
1235245,0.0117,0.0195,0.9048,1235.245,500000,-0.003899999999999999,-0.007800000000000001,-0.007799999999999918,0.011699999999999945,tap2,natural,normal,20260810_140234,True
1237742,0.0156,0.0273,0.9048,1237.742,500000,0.0,0.0,-0.007799999999999918,0.007799999999999918,tap2,natural,normal,20260810_140234,True
1240238,0.0234,0.0156,0.9204,1240.238,500000,0.007800000000000001,-0.011700000000000002,0.007800000000000029,0.01608011193990889,tap2,natural,normal,20260810_140234,True
1242750,0.0234,0.0234,0.9048,1242.75,500000,0.007800000000000001,-0.0039000000000000007,-0.007799999999999918,0.011699999999999947,tap2,natural,normal,20260810_140234,True
1245237,0.0234,0.0234,0.9165,1245.237,500000,0.007800000000000001,-0.0039000000000000007,0.0039000000000000146,0.009553009996854402,tap2,natural,normal,20260810_140234,True
1247762,0.0156,0.0312,0.9126,1247.762,500000,0.0,0.0038999999999999972,0.0,0.0038999999999999972,tap2,natural,normal,20260810_140234,True
1250260,0.0195,0.0234,0.9048,1250.26,500000,0.0039000000000000007,-0.0039000000000000007,-0.007799999999999918,0.009553009996854328,tap2,natural,normal,20260810_140234,True
1252740,0.0195,0.0234,0.9048,1252.74,500000,0.0039000000000000007,-0.0039000000000000007,-0.007799999999999918,0.009553009996854328,tap2,natural,normal,20260810_140234,True
1255251,0.0195,0.0234,0.9126,1255.251,500000,0.0039000000000000007,-0.0039000000000000007,0.0,0.005515432893255071,tap2,natural,normal,20260810_140234,True
1257748,0.0117,0.0234,0.9048,1257.748,500000,-0.003899999999999999,-0.0039000000000000007,-0.007799999999999918,0.009553009996854328,tap2,natural,normal,20260810_140234,True
1260260,0.0156,0.0195,0.9126,1260.26,500000,0.0,-0.007800000000000001,0.0,0.007800000000000001,tap2,natural,normal,20260810_140234,True
1262744,0.0117,0.0273,0.9087,1262.744,500000,-0.003899999999999999,0.0,-0.0039000000000000146,0.00551543289325508,tap2,natural,normal,20260810_140234,True
1265263,0.0117,0.0312,0.9087,1265.263,500000,-0.003899999999999999,0.0038999999999999972,-0.0039000000000000146,0.006754998149518627,tap2,natural,normal,20260810_140234,True
1267749,0.0156,0.0273,0.9087,1267.749,500000,0.0,0.0,-0.0039000000000000146,0.0039000000000000146,tap2,natural,normal,20260810_140234,True
1270251,0.0117,0.0312,0.9048,1270.251,500000,-0.003899999999999999,0.0038999999999999972,-0.007799999999999918,0.009553009996854326,tap2,natural,normal,20260810_140234,True
1272742,0.0195,0.0273,0.9009,1272.742,500000,0.0039000000000000007,0.0,-0.011699999999999933,0.012332882874656616,tap2,natural,normal,20260810_140234,True
1275265,0.0156,0.0234,0.9087,1275.265,500000,0.0,-0.0039000000000000007,-0.0039000000000000146,0.005515432893255082,tap2,natural,normal,20260810_140234,True
1277746,0.0195,0.0234,0.9204,1277.746,500000,0.0039000000000000007,-0.0039000000000000007,0.007800000000000029,0.00955300999685442,tap2,natural,normal,20260810_140234,True
1280244,0.0195,0.0195,0.9165,1280.244,500000,0.0039000000000000007,-0.007800000000000001,0.0039000000000000146,0.009553009996854402,tap2,natural,normal,20260810_140234,True
1282754,0.0156,0.0195,0.9126,1282.754,500000,0.0,-0.007800000000000001,0.0,0.007800000000000001,tap2,natural,normal,20260810_140234,True
1285236,0.0156,0.0195,0.9165,1285.236,500000,0.0,-0.007800000000000001,0.0039000000000000146,0.008720665112249188,tap2,natural,normal,20260810_140234,True
1287763,0.0195,0.0273,0.9048,1287.763,500000,0.0039000000000000007,0.0,-0.007799999999999918,0.008720665112249107,tap2,natural,normal,20260810_140234,True
1290261,0.0078,0.0273,0.9087,1290.261,500000,-0.0078,0.0,-0.0039000000000000146,0.008720665112249186,tap2,natural,normal,20260810_140234,True
1292741,0.0078,0.0273,0.9009,1292.741,500000,-0.0078,0.0,-0.011699999999999933,0.014061649974309502,tap2,natural,normal,20260810_140234,True
1295255,0.0195,0.0195,0.9087,1295.255,500000,0.0039000000000000007,-0.007800000000000001,-0.0039000000000000146,0.009553009996854402,tap2,natural,normal,20260810_140234,True
1297848,0.0156,0.0195,0.9126,1297.848,500000,0.0,-0.007800000000000001,0.0,0.007800000000000001,tap2,natural,normal,20260810_140234,True
1300240,0.0156,0.0195,0.9126,1300.24,500000,0.0,-0.007800000000000001,0.0,0.007800000000000001,tap2,natural,normal,20260810_140234,True
1302736,0.0117,0.0195,0.9165,1302.736,500000,-0.003899999999999999,-0.007800000000000001,0.0039000000000000146,0.0095530099968544,tap2,natural,normal,20260810_140234,True
1305260,0.0156,0.0234,0.9165,1305.26,500000,0.0,-0.0039000000000000007,0.0039000000000000146,0.005515432893255082,tap2,natural,normal,20260810_140234,True
1307749,0.0117,0.0234,0.9204,1307.749,500000,-0.003899999999999999,-0.0039000000000000007,0.007800000000000029,0.009553009996854418,tap2,natural,normal,20260810_140234,True
1310247,0.0156,0.0273,0.9165,1310.247,500000,0.0,0.0,0.0039000000000000146,0.0039000000000000146,tap2,natural,normal,20260810_140234,True
1312755,0.0156,0.0234,0.9087,1312.755,500000,0.0,-0.0039000000000000007,-0.0039000000000000146,0.005515432893255082,tap2,natural,normal,20260810_140234,True
1315237,0.0156,0.0234,0.9087,1315.237,500000,0.0,-0.0039000000000000007,-0.0039000000000000146,0.005515432893255082,tap2,natural,normal,20260810_140234,True
1317764,0.0195,0.0195,0.9165,1317.764,500000,0.0039000000000000007,-0.007800000000000001,0.0039000000000000146,0.009553009996854402,tap2,natural,normal,20260810_140234,True
1320241,0.0117,0.0234,0.9126,1320.241,500000,-0.003899999999999999,-0.0039000000000000007,0.0,0.00551543289325507,tap2,natural,normal,20260810_140234,True
1322752,0.0156,0.0312,0.9087,1322.752,500000,0.0,0.0038999999999999972,-0.0039000000000000146,0.005515432893255079,tap2,natural,normal,20260810_140234,True
1325248,0.0117,0.0273,0.9048,1325.248,500000,-0.003899999999999999,0.0,-0.007799999999999918,0.008720665112249105,tap2,natural,normal,20260810_140234,True
1327743,0.0156,0.0273,0.9087,1327.743,500000,0.0,0.0,-0.0039000000000000146,0.0039000000000000146,tap2,natural,normal,20260810_140234,True
1330245,0.0156,0.0195,0.9126,1330.245,500000,0.0,-0.007800000000000001,0.0,0.007800000000000001,tap2,natural,normal,20260810_140234,True
1332751,0.0117,0.0351,0.9165,1332.751,500000,-0.003899999999999999,0.007799999999999998,0.0039000000000000146,0.009553009996854399,tap2,natural,normal,20260810_140234,True
1335247,0.0273,0.0234,0.9165,1335.247,500000,0.011700000000000002,-0.0039000000000000007,0.0039000000000000146,0.012934836682386066,tap2,natural,normal,20260810_140234,True
1337736,0.0156,0.0312,0.9048,1337.736,500000,0.0,0.0038999999999999972,-0.007799999999999918,0.008720665112249105,tap2,natural,normal,20260810_140234,True
1340263,0.0117,0.0273,0.9126,1340.263,500000,-0.003899999999999999,0.0,0.0,0.003899999999999999,tap2,natural,normal,20260810_140234,True
1342742,0.0195,0.0273,0.9048,1342.742,500000,0.0039000000000000007,0.0,-0.007799999999999918,0.008720665112249107,tap2,natural,normal,20260810_140234,True
1345262,0.0195,0.0234,0.9126,1345.262,500000,0.0039000000000000007,-0.0039000000000000007,0.0,0.005515432893255071,tap2,natural,normal,20260810_140234,True
1347752,0.0117,0.0234,0.9126,1347.752,500000,-0.003899999999999999,-0.0039000000000000007,0.0,0.00551543289325507,tap2,natural,normal,20260810_140234,True
1350250,0.0156,0.0312,0.9048,1350.25,500000,0.0,0.0038999999999999972,-0.007799999999999918,0.008720665112249105,tap2,natural,normal,20260810_140234,True
1352757,0.0156,0.0273,0.9087,1352.757,500000,0.0,0.0,-0.0039000000000000146,0.0039000000000000146,tap2,natural,normal,20260810_140234,True
1355238,0.0078,0.0273,0.9126,1355.238,500000,-0.0078,0.0,0.0,0.0078,tap2,natural,normal,20260810_140234,True
1357757,0.0117,0.0312,0.9126,1357.757,500000,-0.003899999999999999,0.0038999999999999972,0.0,0.005515432893255068,tap2,natural,normal,20260810_140234,True
1360256,0.0156,0.0312,0.9087,1360.256,500000,0.0,0.0038999999999999972,-0.0039000000000000146,0.005515432893255079,tap2,natural,normal,20260810_140234,True
1362764,0.0117,0.0273,0.9087,1362.764,500000,-0.003899999999999999,0.0,-0.0039000000000000146,0.00551543289325508,tap2,natural,normal,20260810_140234,True
1365246,0.0117,0.0234,0.9126,1365.246,500000,-0.003899999999999999,-0.0039000000000000007,0.0,0.00551543289325507,tap2,natural,normal,20260810_140234,True
1367742,0.0156,0.0234,0.9048,1367.742,500000,0.0,-0.0039000000000000007,-0.007799999999999918,0.008720665112249107,tap2,natural,normal,20260810_140234,True
1370255,0.0195,0.0312,0.9087,1370.255,500000,0.0039000000000000007,0.0038999999999999972,-0.0039000000000000146,0.006754998149518628,tap2,natural,normal,20260810_140234,True
1372744,0.0195,0.0234,0.9126,1372.744,500000,0.0039000000000000007,-0.0039000000000000007,0.0,0.005515432893255071,tap2,natural,normal,20260810_140234,True
1375263,0.0117,0.0273,0.9009,1375.263,500000,-0.003899999999999999,0.0,-0.011699999999999933,0.012332882874656614,tap2,natural,normal,20260810_140234,True
1377748,0.0156,0.0234,0.9165,1377.748,500000,0.0,-0.0039000000000000007,0.0039000000000000146,0.005515432893255082,tap2,natural,normal,20260810_140234,True
1380245,0.0195,0.0234,0.9165,1380.245,500000,0.0039000000000000007,-0.0039000000000000007,0.0039000000000000146,0.006754998149518631,tap2,natural,normal,20260810_140234,True
1382756,0.0195,0.0195,0.9048,1382.756,500000,0.0039000000000000007,-0.007800000000000001,-0.007799999999999918,0.011699999999999947,tap2,natural,normal,20260810_140234,True
1385238,0.0117,0.0273,0.9087,1385.238,500000,-0.003899999999999999,0.0,-0.0039000000000000146,0.00551543289325508,tap2,natural,normal,20260810_140234,True
1387760,0.0195,0.0234,0.9087,1387.76,500000,0.0039000000000000007,-0.0039000000000000007,-0.0039000000000000146,0.006754998149518631,tap2,natural,normal,20260810_140234,True
1390260,0.0156,0.0195,0.9087,1390.26,500000,0.0,-0.007800000000000001,-0.0039000000000000146,0.008720665112249188,tap2,natural,normal,20260810_140234,True
1392754,0.0117,0.0273,0.9048,1392.754,500000,-0.003899999999999999,0.0,-0.007799999999999918,0.008720665112249105,tap2,natural,normal,20260810_140234,True
1395245,0.0195,0.0234,0.9048,1395.245,500000,0.0039000000000000007,-0.0039000000000000007,-0.007799999999999918,0.009553009996854328,tap2,natural,normal,20260810_140234,True
1397832,0.0117,0.0273,0.9204,1397.832,500000,-0.003899999999999999,0.0,0.007800000000000029,0.008720665112249205,tap2,natural,normal,20260810_140234,True
1400257,0.0195,0.0234,0.9204,1400.257,500000,0.0039000000000000007,-0.0039000000000000007,0.007800000000000029,0.00955300999685442,tap2,natural,normal,20260810_140234,True
1402737,0.0156,0.0273,0.9243,1402.737,500000,0.0,0.0,0.011700000000000044,0.011700000000000044,tap2,natural,normal,20260810_140234,True
1405238,0.0117,0.0195,0.9087,1405.238,500000,-0.003899999999999999,-0.007800000000000001,-0.0039000000000000146,0.0095530099968544,tap2,natural,normal,20260810_140234,True
1407759,0.0156,0.0234,0.9087,1407.759,500000,0.0,-0.0039000000000000007,-0.0039000000000000146,0.005515432893255082,tap2,natural,normal,20260810_140234,True
1410257,0.0156,0.0234,0.9165,1410.257,500000,0.0,-0.0039000000000000007,0.0039000000000000146,0.005515432893255082,tap2,natural,normal,20260810_140234,True
1412764,0.0195,0.0234,0.9087,1412.764,500000,0.0039000000000000007,-0.0039000000000000007,-0.0039000000000000146,0.006754998149518631,tap2,natural,normal,20260810_140234,True
1415246,0.0234,0.0234,0.9009,1415.246,500000,0.007800000000000001,-0.0039000000000000007,-0.011699999999999933,0.014592463808418318,tap2,natural,normal,20260810_140234,True
1417738,0.0078,0.0312,0.9087,1417.738,500000,-0.0078,0.0038999999999999972,-0.0039000000000000146,0.0095530099968544,tap2,natural,normal,20260810_140234,True
1420239,0.0117,0.0234,0.9009,1420.239,500000,-0.003899999999999999,-0.0039000000000000007,-0.011699999999999933,0.012934836682385998,tap2,natural,normal,20260810_140234,True
1422750,0.0117,0.0234,0.9009,1422.75,500000,-0.003899999999999999,-0.0039000000000000007,-0.011699999999999933,0.012934836682385998,tap2,natural,normal,20260810_140234,True
1425255,0.0195,0.0195,0.9126,1425.255,500000,0.0039000000000000007,-0.007800000000000001,0.0,0.008720665112249181,tap2,natural,normal,20260810_140234,True
1427747,0.0156,0.0312,0.8931,1427.747,500000,0.0,0.0038999999999999972,-0.019499999999999962,0.019886176103011823,tap2,natural,normal,20260810_140234,True
1430253,0.0156,0.0234,0.9126,1430.253,500000,0.0,-0.0039000000000000007,0.0,0.0039000000000000007,tap2,natural,normal,20260810_140234,True
1432761,0.0156,0.0312,0.9087,1432.761,500000,0.0,0.0038999999999999972,-0.0039000000000000146,0.005515432893255079,tap2,natural,normal,20260810_140234,True
1435247,0.0156,0.0234,0.897,1435.247,500000,0.0,-0.0039000000000000007,-0.015599999999999947,0.016080111939908825,tap2,natural,normal,20260810_140234,True
1437742,0.0117,0.0195,0.9165,1437.742,500000,-0.003899999999999999,-0.007800000000000001,0.0039000000000000146,0.0095530099968544,tap2,natural,normal,20260810_140234,True
1440240,0.0156,0.0234,0.9165,1440.24,500000,0.0,-0.0039000000000000007,0.0039000000000000146,0.005515432893255082,tap2,natural,normal,20260810_140234,True
1442752,0.0156,0.0273,0.897,1442.752,500000,0.0,0.0,-0.015599999999999947,0.015599999999999947,tap2,natural,normal,20260810_140234,True
1445235,0.0039,0.0351,0.9087,1445.235,500000,-0.011699999999999999,0.007799999999999998,-0.0039000000000000146,0.014592463808418374,tap2,natural,normal,20260810_140234,True
1447736,0.0234,0.0273,0.9048,1447.736,500000,0.007800000000000001,0.0,-0.007799999999999918,0.011030865786510084,tap2,natural,normal,20260810_140234,True
1450263,0.0117,0.0195,0.9126,1450.263,500000,-0.003899999999999999,-0.007800000000000001,0.0,0.00872066511224918,tap2,natural,normal,20260810_140234,True
1452741,0.0078,0.0234,0.9126,1452.741,500000,-0.0078,-0.0039000000000000007,0.0,0.00872066511224918,tap2,natural,normal,20260810_140234,True
1455251,0.0117,0.0156,0.9087,1455.251,500000,-0.003899999999999999,-0.011700000000000002,-0.0039000000000000146,0.012934836682386066,tap2,natural,normal,20260810_140234,True
1457760,0.0117,0.0273,0.9009,1457.76,500000,-0.003899999999999999,0.0,-0.011699999999999933,0.012332882874656614,tap2,natural,normal,20260810_140234,True
1460263,0.0117,0.0351,0.9126,1460.263,500000,-0.003899999999999999,0.007799999999999998,0.0,0.008720665112249178,tap2,natural,normal,20260810_140234,True
1462741,0.0195,0.0312,0.9126,1462.741,500000,0.0039000000000000007,0.0038999999999999972,0.0,0.0055154328932550695,tap2,natural,normal,20260810_140234,True
1465255,0.0078,0.0273,0.9087,1465.255,500000,-0.0078,0.0,-0.0039000000000000146,0.008720665112249186,tap2,natural,normal,20260810_140234,True
1467746,0.0117,0.0273,0.9048,1467.746,500000,-0.003899999999999999,0.0,-0.007799999999999918,0.008720665112249105,tap2,natural,normal,20260810_140234,True
1470255,0.0234,0.0273,0.9087,1470.255,500000,0.007800000000000001,0.0,-0.0039000000000000146,0.008720665112249188,tap2,natural,normal,20260810_140234,True
1472744,0.0234,0.0273,0.9009,1472.744,500000,0.007800000000000001,0.0,-0.011699999999999933,0.014061649974309504,tap2,natural,normal,20260810_140234,True
1475262,0.0117,0.0312,0.9126,1475.262,500000,-0.003899999999999999,0.0038999999999999972,0.0,0.005515432893255068,tap2,natural,normal,20260810_140234,True
1477751,0.0156,0.0312,0.9009,1477.751,500000,0.0,0.0038999999999999972,-0.011699999999999933,0.012332882874656614,tap2,natural,normal,20260810_140234,True
1480249,0.0156,0.0273,0.9165,1480.249,500000,0.0,0.0,0.0039000000000000146,0.0039000000000000146,tap2,natural,normal,20260810_140234,True
1482757,0.0156,0.0195,0.9048,1482.757,500000,0.0,-0.007800000000000001,-0.007799999999999918,0.011030865786510084,tap2,natural,normal,20260810_140234,True
1485237,0.0156,0.0195,0.9126,1485.237,500000,0.0,-0.007800000000000001,0.0,0.007800000000000001,tap2,natural,normal,20260810_140234,True
1487762,0.0156,0.0273,0.9087,1487.762,500000,0.0,0.0,-0.0039000000000000146,0.0039000000000000146,tap2,natural,normal,20260810_140234,True
1490260,0.0195,0.0273,0.9087,1490.26,500000,0.0039000000000000007,0.0,-0.0039000000000000146,0.005515432893255082,tap2,natural,normal,20260810_140234,True
1492740,0.0234,0.0234,0.9048,1492.74,500000,0.007800000000000001,-0.0039000000000000007,-0.007799999999999918,0.011699999999999947,tap2,natural,normal,20260810_140234,True
1495255,0.0195,0.0234,0.9087,1495.255,500000,0.0039000000000000007,-0.0039000000000000007,-0.0039000000000000146,0.006754998149518631,tap2,natural,normal,20260810_140234,True
1497784,0.0117,0.0312,0.9087,1497.784,500000,-0.003899999999999999,0.0038999999999999972,-0.0039000000000000146,0.006754998149518627,tap2,natural,normal,20260810_140234,True
1500264,0.0156,0.0273,0.9087,1500.264,500000,0.0,0.0,-0.0039000000000000146,0.0039000000000000146,tap2,natural,normal,20260810_140234,True
1502744,0.0195,0.0273,0.9126,1502.744,500000,0.0039000000000000007,0.0,0.0,0.0039000000000000007,tap2,natural,normal,20260810_140234,True
1505242,0.0117,0.0273,0.897,1505.242,500000,-0.003899999999999999,0.0,-0.015599999999999947,0.016080111939908825,tap2,natural,normal,20260810_140234,True
1507755,0.0117,0.0234,0.9048,1507.755,500000,-0.003899999999999999,-0.0039000000000000007,-0.007799999999999918,0.009553009996854328,tap2,natural,normal,20260810_140234,True
1510255,0.0156,0.0195,0.9126,1510.255,500000,0.0,-0.007800000000000001,0.0,0.007800000000000001,tap2,natural,normal,20260810_140234,True
1512764,0.0156,0.0195,0.9009,1512.764,500000,0.0,-0.007800000000000001,-0.011699999999999933,0.014061649974309504,tap2,natural,normal,20260810_140234,True
1515243,0.0117,0.0234,0.9165,1515.243,500000,-0.003899999999999999,-0.0039000000000000007,0.0039000000000000146,0.00675499814951863,tap2,natural,normal,20260810_140234,True
1517740,0.0117,0.0195,0.9087,1517.74,500000,-0.003899999999999999,-0.007800000000000001,-0.0039000000000000146,0.0095530099968544,tap2,natural,normal,20260810_140234,True
1520246,0.0156,0.0195,0.9048,1520.246,500000,0.0,-0.007800000000000001,-0.007799999999999918,0.011030865786510084,tap2,natural,normal,20260810_140234,True
1522745,0.0156,0.0156,0.9165,1522.745,500000,0.0,-0.011700000000000002,0.0039000000000000146,0.012332882874656687,tap2,natural,normal,20260810_140234,True
1525235,0.0117,0.0234,0.9165,1525.235,500000,-0.003899999999999999,-0.0039000000000000007,0.0039000000000000146,0.00675499814951863,tap2,natural,normal,20260810_140234,True
1527762,0.0195,0.0234,0.9126,1527.762,500000,0.0039000000000000007,-0.0039000000000000007,0.0,0.005515432893255071,tap2,natural,normal,20260810_140234,True
1530235,0.0195,0.0234,0.9126,1530.235,500000,0.0039000000000000007,-0.0039000000000000007,0.0,0.005515432893255071,tap2,natural,normal,20260810_140234,True
1532764,0.0156,0.0234,0.9126,1532.764,500000,0.0,-0.0039000000000000007,0.0,0.0039000000000000007,tap2,natural,normal,20260810_140234,True
1535238,0.0195,0.0234,0.9087,1535.238,500000,0.0039000000000000007,-0.0039000000000000007,-0.0039000000000000146,0.006754998149518631,tap2,natural,normal,20260810_140234,True
1537764,0.0156,0.0234,0.9165,1537.764,500000,0.0,-0.0039000000000000007,0.0039000000000000146,0.005515432893255082,tap2,natural,normal,20260810_140234,True
1540262,0.0234,0.0156,0.9126,1540.262,500000,0.007800000000000001,-0.011700000000000002,0.0,0.01406164997430956,tap2,natural,normal,20260810_140234,True
1542743,0.0156,0.0234,0.9204,1542.743,500000,0.0,-0.0039000000000000007,0.007800000000000029,0.008720665112249207,tap2,natural,normal,20260810_140234,True
1545261,0.0117,0.0234,0.9126,1545.261,500000,-0.003899999999999999,-0.0039000000000000007,0.0,0.00551543289325507,tap2,natural,normal,20260810_140234,True
1547749,0.0117,0.0273,0.9243,1547.749,500000,-0.003899999999999999,0.0,0.011700000000000044,0.01233288287465672,tap2,natural,normal,20260810_140234,True
1550247,0.0195,0.0273,0.9165,1550.247,500000,0.0039000000000000007,0.0,0.0039000000000000146,0.005515432893255082,tap2,natural,normal,20260810_140234,True
1552757,0.0195,0.0234,0.9087,1552.757,500000,0.0039000000000000007,-0.0039000000000000007,-0.0039000000000000146,0.006754998149518631,tap2,natural,normal,20260810_140234,True
1555239,0.0117,0.0273,0.9126,1555.239,500000,-0.003899999999999999,0.0,0.0,0.003899999999999999,tap2,natural,normal,20260810_140234,True
1557765,0.0156,0.0234,0.9165,1557.765,500000,0.0,-0.0039000000000000007,0.0039000000000000146,0.005515432893255082,tap2,natural,normal,20260810_140234,True
1560264,0.0117,0.0273,0.9126,1560.264,500000,-0.003899999999999999,0.0,0.0,0.003899999999999999,tap2,natural,normal,20260810_140234,True
1562742,0.0156,0.0312,0.9126,1562.742,500000,0.0,0.0038999999999999972,0.0,0.0038999999999999972,tap2,natural,normal,20260810_140234,True
1565255,0.0156,0.0234,0.9087,1565.255,500000,0.0,-0.0039000000000000007,-0.0039000000000000146,0.005515432893255082,tap2,natural,normal,20260810_140234,True
1567746,0.0156,0.0117,0.9126,1567.746,500000,0.0,-0.015600000000000001,0.0,0.015600000000000001,tap2,natural,normal,20260810_140234,True
1570259,0.0156,0.0195,0.9009,1570.259,500000,0.0,-0.007800000000000001,-0.011699999999999933,0.014061649974309504,tap2,natural,normal,20260810_140234,True
1572743,0.0156,0.0234,0.9243,1572.743,500000,0.0,-0.0039000000000000007,0.011700000000000044,0.012332882874656722,tap2,natural,normal,20260810_140234,True
1575235,0.0234,0.0234,0.9126,1575.235,500000,0.007800000000000001,-0.0039000000000000007,0.0,0.008720665112249181,tap2,natural,normal,20260810_140234,True
1577761,0.0078,0.0312,0.9126,1577.761,500000,-0.0078,0.0038999999999999972,0.0,0.00872066511224918,tap2,natural,normal,20260810_140234,True
1580260,0.0156,0.0234,0.9048,1580.26,500000,0.0,-0.0039000000000000007,-0.007799999999999918,0.008720665112249107,tap2,natural,normal,20260810_140234,True
1582741,0.0156,0.0273,0.9204,1582.741,500000,0.0,0.0,0.007800000000000029,0.007800000000000029,tap2,natural,normal,20260810_140234,True
1585253,0.0156,0.0234,0.9126,1585.253,500000,0.0,-0.0039000000000000007,0.0,0.0039000000000000007,tap2,natural,normal,20260810_140234,True
1587760,0.0039,0.0273,0.9165,1587.76,500000,-0.011699999999999999,0.0,0.0039000000000000146,0.012332882874656684,tap2,natural,normal,20260810_140234,True
1590262,0.0117,0.0312,0.9048,1590.262,500000,-0.003899999999999999,0.0038999999999999972,-0.007799999999999918,0.009553009996854326,tap2,natural,normal,20260810_140234,True
1592742,0.0078,0.0312,0.9048,1592.742,500000,-0.0078,0.0038999999999999972,-0.007799999999999918,0.011699999999999945,tap2,natural,normal,20260810_140234,True
1595263,0.0156,0.0273,0.9126,1595.263,500000,0.0,0.0,0.0,0.0,tap2,natural,normal,20260810_140234,True
1597798,0.0156,0.0312,0.9126,1597.798,500000,0.0,0.0038999999999999972,0.0,0.0038999999999999972,tap2,natural,normal,20260810_140234,True
1600249,0.0156,0.0312,0.9165,1600.249,500000,0.0,0.0038999999999999972,0.0039000000000000146,0.005515432893255079,tap2,natural,normal,20260810_140234,True
1602760,0.0156,0.0234,0.9204,1602.76,500000,0.0,-0.0039000000000000007,0.007800000000000029,0.008720665112249207,tap2,natural,normal,20260810_140234,True
1605259,0.0195,0.0312,0.9126,1605.259,500000,0.0039000000000000007,0.0038999999999999972,0.0,0.0055154328932550695,tap2,natural,normal,20260810_140234,True
1607747,0.0156,0.0234,0.9126,1607.747,500000,0.0,-0.0039000000000000007,0.0,0.0039000000000000007,tap2,natural,normal,20260810_140234,True
1610245,0.0156,0.0273,0.9087,1610.245,500000,0.0,0.0,-0.0039000000000000146,0.0039000000000000146,tap2,natural,normal,20260810_140234,True
1612755,0.0117,0.0234,0.9165,1612.755,500000,-0.003899999999999999,-0.0039000000000000007,0.0039000000000000146,0.00675499814951863,tap2,natural,normal,20260810_140234,True
1615236,0.0234,0.0234,0.9126,1615.236,500000,0.007800000000000001,-0.0039000000000000007,0.0,0.008720665112249181,tap2,natural,normal,20260810_140234,True
1617764,0.0195,0.0273,0.9087,1617.764,500000,0.0039000000000000007,0.0,-0.0039000000000000146,0.005515432893255082,tap2,natural,normal,20260810_140234,True
1620237,0.0156,0.0234,0.9048,1620.237,500000,0.0,-0.0039000000000000007,-0.007799999999999918,0.008720665112249107,tap2,natural,normal,20260810_140234,True
1622750,0.0156,0.0156,0.9204,1622.75,500000,0.0,-0.011700000000000002,0.007800000000000029,0.014061649974309576,tap2,natural,normal,20260810_140234,True
1625262,0.0195,0.0273,0.9087,1625.262,500000,0.0039000000000000007,0.0,-0.0039000000000000146,0.005515432893255082,tap2,natural,normal,20260810_140234,True
1627749,0.0117,0.0312,0.9165,1627.749,500000,-0.003899999999999999,0.0038999999999999972,0.0039000000000000146,0.006754998149518627,tap2,natural,normal,20260810_140234,True
1630251,0.0156,0.0195,0.9126,1630.251,500000,0.0,-0.007800000000000001,0.0,0.007800000000000001,tap2,natural,normal,20260810_140234,True
1632760,0.0117,0.0273,0.9087,1632.76,500000,-0.003899999999999999,0.0,-0.0039000000000000146,0.00551543289325508,tap2,natural,normal,20260810_140234,True
1635251,0.0117,0.0273,0.9087,1635.251,500000,-0.003899999999999999,0.0,-0.0039000000000000146,0.00551543289325508,tap2,natural,normal,20260810_140234,True
1637742,0.0156,0.0234,0.9126,1637.742,500000,0.0,-0.0039000000000000007,0.0,0.0039000000000000007,tap2,natural,normal,20260810_140234,True
1640242,0.0156,0.0273,0.9126,1640.242,500000,0.0,0.0,0.0,0.0,tap2,natural,normal,20260810_140234,True
1642753,0.0156,0.0195,0.9243,1642.753,500000,0.0,-0.007800000000000001,0.011700000000000044,0.014061649974309596,tap2,natural,normal,20260810_140234,True
1645241,0.0117,0.0273,0.9165,1645.241,500000,-0.003899999999999999,0.0,0.0039000000000000146,0.00551543289325508,tap2,natural,normal,20260810_140234,True
1647763,0.0273,0.0195,0.9048,1647.763,500000,0.011700000000000002,-0.007800000000000001,-0.007799999999999918,0.01608011193990884,tap2,natural,normal,20260810_140234,True
1650261,0.0117,0.0234,0.9126,1650.261,500000,-0.003899999999999999,-0.0039000000000000007,0.0,0.00551543289325507,tap2,natural,normal,20260810_140234,True
1652740,0.0117,0.0234,0.9204,1652.74,500000,-0.003899999999999999,-0.0039000000000000007,0.007800000000000029,0.009553009996854418,tap2,natural,normal,20260810_140234,True
1655248,0.0117,0.0234,0.9126,1655.248,500000,-0.003899999999999999,-0.0039000000000000007,0.0,0.00551543289325507,tap2,natural,normal,20260810_140234,True
1657742,0.0195,0.0234,0.9126,1657.742,500000,0.0039000000000000007,-0.0039000000000000007,0.0,0.005515432893255071,tap2,natural,normal,20260810_140234,True
1660240,0.0117,0.0234,0.9048,1660.24,500000,-0.003899999999999999,-0.0039000000000000007,-0.007799999999999918,0.009553009996854328,tap2,natural,normal,20260810_140234,True
1662752,0.0156,0.0273,0.9048,1662.752,500000,0.0,0.0,-0.007799999999999918,0.007799999999999918,tap2,natural,normal,20260810_140234,True
1665265,0.0156,0.0312,0.9126,1665.265,500000,0.0,0.0038999999999999972,0.0,0.0038999999999999972,tap2,natural,normal,20260810_140234,True
1667755,0.0156,0.0312,0.9048,1667.755,500000,0.0,0.0038999999999999972,-0.007799999999999918,0.008720665112249105,tap2,natural,normal,20260810_140234,True
1670235,0.0156,0.0234,0.9048,1670.235,500000,0.0,-0.0039000000000000007,-0.007799999999999918,0.008720665112249107,tap2,natural,normal,20260810_140234,True
1672757,0.0195,0.0195,0.9087,1672.757,500000,0.0039000000000000007,-0.007800000000000001,-0.0039000000000000146,0.009553009996854402,tap2,natural,normal,20260810_140234,True
1675247,0.0117,0.0195,0.9243,1675.247,500000,-0.003899999999999999,-0.007800000000000001,0.011700000000000044,0.014592463808418407,tap2,natural,normal,20260810_140234,True
1677746,0.0117,0.0273,0.9126,1677.746,500000,-0.003899999999999999,0.0,0.0,0.003899999999999999,tap2,natural,normal,20260810_140234,True
1680242,0.0156,0.0234,0.9048,1680.242,500000,0.0,-0.0039000000000000007,-0.007799999999999918,0.008720665112249107,tap2,natural,normal,20260810_140234,True
1682753,0.0195,0.0195,0.9087,1682.753,500000,0.0039000000000000007,-0.007800000000000001,-0.0039000000000000146,0.009553009996854402,tap2,natural,normal,20260810_140234,True
1685264,0.0156,0.0195,0.9087,1685.264,500000,0.0,-0.007800000000000001,-0.0039000000000000146,0.008720665112249188,tap2,natural,normal,20260810_140234,True
1687757,0.0156,0.0234,0.9048,1687.757,500000,0.0,-0.0039000000000000007,-0.007799999999999918,0.008720665112249107,tap2,natural,normal,20260810_140234,True
1690253,0.0195,0.0273,0.9087,1690.253,500000,0.0039000000000000007,0.0,-0.0039000000000000146,0.005515432893255082,tap2,natural,normal,20260810_140234,True
1692762,0.0156,0.0195,0.9165,1692.762,500000,0.0,-0.007800000000000001,0.0039000000000000146,0.008720665112249188,tap2,natural,normal,20260810_140234,True
1695248,0.0156,0.0234,0.9204,1695.248,500000,0.0,-0.0039000000000000007,0.007800000000000029,0.008720665112249207,tap2,natural,normal,20260810_140234,True
1697846,0.0156,0.0195,0.9165,1697.846,500000,0.0,-0.007800000000000001,0.0039000000000000146,0.008720665112249188,tap2,natural,normal,20260810_140234,True
1700242,0.0156,0.0195,0.9204,1700.242,500000,0.0,-0.007800000000000001,0.007800000000000029,0.011030865786510163,tap2,natural,normal,20260810_140234,True
1702754,0.0078,0.0273,0.9165,1702.754,500000,-0.0078,0.0,0.0039000000000000146,0.008720665112249186,tap2,natural,normal,20260810_140234,True
1705253,0.0117,0.0312,0.9126,1705.253,500000,-0.003899999999999999,0.0038999999999999972,0.0,0.005515432893255068,tap2,natural,normal,20260810_140234,True
1707747,0.0117,0.0234,0.9009,1707.747,500000,-0.003899999999999999,-0.0039000000000000007,-0.011699999999999933,0.012934836682385998,tap2,natural,normal,20260810_140234,True
1710242,0.0156,0.0312,0.9126,1710.242,500000,0.0,0.0038999999999999972,0.0,0.0038999999999999972,tap2,natural,normal,20260810_140234,True
1712748,0.0117,0.0195,0.9165,1712.748,500000,-0.003899999999999999,-0.007800000000000001,0.0039000000000000146,0.0095530099968544,tap2,natural,normal,20260810_140234,True
1715249,0.0078,0.0273,0.9087,1715.249,500000,-0.0078,0.0,-0.0039000000000000146,0.008720665112249186,tap2,natural,normal,20260810_140234,True
1717748,0.0156,0.0273,0.9048,1717.748,500000,0.0,0.0,-0.007799999999999918,0.007799999999999918,tap2,natural,normal,20260810_140234,True
1720239,0.0156,0.0195,0.9009,1720.239,500000,0.0,-0.007800000000000001,-0.011699999999999933,0.014061649974309504,tap2,natural,normal,20260810_140234,True
1722753,0.0156,0.0273,0.9087,1722.753,500000,0.0,0.0,-0.0039000000000000146,0.0039000000000000146,tap2,natural,normal,20260810_140234,True
1725236,4.914,-2.7768,-11.4738,1725.236,500000,4.8984,-2.8041,-12.3864,13.611767127379164,tap2,natural,normal,20260810_140234,True
1727759,-1.1973,-9.8319,13.5096,1727.759,500000,-1.2129,-9.8592,12.597000000000001,16.04242375858461,tap2,natural,normal,20260810_140234,True
1730263,2.2854,1.7082,-0.6825,1730.263,500000,2.2698,1.6808999999999998,-1.5951,3.243726384885137,tap2,natural,normal,20260810_140234,True
1732743,1.3377,1.3494,-1.6965,1732.743,500000,1.3220999999999998,1.3220999999999998,-2.6090999999999998,3.2098753293547087,tap2,natural,normal,20260810_140234,True
1735262,-0.5967,0.624,0.5148,1735.262,500000,-0.6123,0.5967,-0.39779999999999993,0.9429777409886194,tap2,natural,normal,20260810_140234,True
1737749,-0.4368,-0.9243,1.8213,1737.749,500000,-0.4524,-0.9516,0.9087,1.391382050337002,tap2,natural,normal,20260810_140234,True
1740249,0.1755,-0.3627,1.0101,1740.249,500000,0.1599,-0.39,0.09750000000000003,0.43263640623507404,tap2,natural,normal,20260810_140234,True
1742757,0.1755,-0.3627,1.0101,1742.757,500000,0.1599,-0.39,0.09750000000000003,0.43263640623507404,tap2,natural,normal,20260810_140234,True
1745241,0.2067,-0.2067,0.7059,1745.241,500000,0.1911,-0.23399999999999999,-0.2067,0.3660602409440282,tap2,natural,normal,20260810_140234,True
1747735,-0.0039,0.1014,1.0335,1747.735,500000,-0.0195,0.0741,0.12090000000000012,0.14313584456732015,tap2,natural,normal,20260810_140234,True
1750264,0.0195,0.4173,1.0452,1750.264,500000,0.0039000000000000007,0.39,0.13259999999999994,0.4119441345619573,tap2,natural,normal,20260810_140234,True
1752742,0.0273,0.5967,1.0491,1752.742,500000,0.011700000000000002,0.5694,0.13649999999999995,0.5856496392895671,tap2,natural,normal,20260810_140234,True
1755252,-0.0468,0.2262,1.0725,1755.252,500000,-0.0624,0.19890000000000002,0.15990000000000004,0.26272224877234895,tap2,natural,normal,20260810_140234,True
1757745,-0.1248,-0.1989,1.0998,1757.745,500000,-0.1404,-0.22619999999999998,0.18720000000000014,0.3254572783023911,tap2,natural,normal,20260810_140234,True
1760242,0.0468,-0.1716,1.0101,1760.242,500000,0.031200000000000002,-0.1989,0.09750000000000003,0.22369823423531981,tap2,natural,normal,20260810_140234,True
1762754,0.1599,0.0156,0.9984,1762.754,500000,0.14429999999999998,-0.011700000000000002,0.08579999999999999,0.16828850228105305,tap2,natural,normal,20260810_140234,True
1765237,-0.0039,0.0702,1.0491,1765.237,500000,-0.0195,0.042899999999999994,0.13649999999999995,0.14440536693627418,tap2,natural,normal,20260810_140234,True
1767761,-0.1131,0.1638,1.1037,1767.761,500000,-0.1287,0.1365,0.19109999999999994,0.2677968446416051,tap2,natural,normal,20260810_140234,True
1770239,-0.0234,0.1014,1.1037,1770.239,500000,-0.039,0.0741,0.19109999999999994,0.20864088765148595,tap2,natural,normal,20260810_140234,True
1772762,0.0273,-0.0546,1.053,1772.762,500000,0.011700000000000002,-0.0819,0.14039999999999997,0.1629621428430542,tap2,natural,normal,20260810_140234,True
1775235,0.0429,-0.0663,1.014,1775.235,500000,0.0273,-0.0936,0.10140000000000005,0.14067057261559723,tap2,natural,normal,20260810_140234,True
1777763,0.0039,0.0351,1.0803,1777.763,500000,-0.011699999999999999,0.007799999999999998,0.16770000000000007,0.16828850228105313,tap2,natural,normal,20260810_140234,True
1780254,-0.0156,0.0741,1.0881,1780.254,500000,-0.0312,0.046799999999999994,0.1755000000000001,0.1842930546710864,tap2,natural,normal,20260810_140234,True
1782763,0.0585,0.0897,1.1622,1782.763,500000,0.04290000000000001,0.0624,0.24959999999999993,0.26083391267241296,tap2,natural,normal,20260810_140234,True
1785262,0.0078,0.0195,1.0803,1785.262,500000,-0.0078,-0.007800000000000001,0.16770000000000007,0.16806239912603896,tap2,natural,normal,20260810_140234,True
1787752,-0.0312,0.0975,1.0998,1787.752,500000,-0.046799999999999994,0.0702,0.18720000000000014,0.20533416666497578,tap2,natural,normal,20260810_140234,True
1790245,-0.0117,-0.0897,1.0647,1790.245,500000,-0.027299999999999998,-0.117,0.1521,0.19382646878071116,tap2,natural,normal,20260810_140234,True
1792756,0.0156,0.0039,1.0647,1792.756,500000,0.0,-0.0234,0.1521,0.1538894733242011,tap2,natural,normal,20260810_140234,True
1795243,0.0468,-0.0117,1.0959,1795.243,500000,0.031200000000000002,-0.039,0.18330000000000013,0.1899824465575703,tap2,natural,normal,20260810_140234,True
1797834,0.0351,-0.039,1.0959,1797.834,500000,0.0195,-0.0663,0.18330000000000013,0.19589494633604015,tap2,natural,normal,20260810_140234,True
1800241,-0.0195,-0.2808,0.9633,1800.241,500000,-0.0351,-0.3081,0.05070000000000008,0.3142102958211268,tap2,natural,normal,20260810_140234,True
1802753,0.1209,0.0312,1.1856,1802.753,500000,0.10529999999999999,0.0038999999999999972,0.273,0.2926299711239435,tap2,natural,normal,20260810_140234,True
1805250,0.0936,0.2184,1.014,1805.25,500000,0.078,0.19110000000000002,0.10140000000000005,0.2299677586097669,tap2,natural,normal,20260810_140234,True
1807744,0.0039,0.0624,1.1583,1807.744,500000,-0.011699999999999999,0.03509999999999999,0.24570000000000014,0.24847009880466517,tap2,natural,normal,20260810_140234,True
1810241,-0.0195,0.0975,1.1271,1810.241,500000,-0.0351,0.0702,0.21450000000000002,0.22840818724380266,tap2,natural,normal,20260810_140234,True
1812752,0.0,0.0975,1.1388,1812.752,500000,-0.0156,0.0702,0.22620000000000007,0.2373559352533659,tap2,natural,normal,20260810_140234,True
1815261,0.0234,0.0273,1.0881,1815.261,500000,0.007800000000000001,0.0,0.1755000000000001,0.17567324782106133,tap2,natural,normal,20260810_140234,True
1817765,0.0351,-0.0156,1.0764,1817.765,500000,0.0195,-0.0429,0.16380000000000006,0.1704438323906149,tap2,natural,normal,20260810_140234,True
1820239,0.039,0.0078,1.0803,1820.239,500000,0.0234,-0.019500000000000003,0.16770000000000007,0.1704438323906149,tap2,natural,normal,20260810_140234,True
1822753,0.0468,0.0936,1.0803,1822.753,500000,0.031200000000000002,0.0663,0.16770000000000007,0.1830093440237411,tap2,natural,normal,20260810_140234,True
1825264,0.0702,0.0156,1.0764,1825.264,500000,0.054599999999999996,-0.011700000000000002,0.16380000000000006,0.1730563203122036,tap2,natural,normal,20260810_140234,True
1827757,0.0156,0.0702,1.1037,1827.757,500000,0.0,0.042899999999999994,0.19109999999999994,0.19585612066003957,tap2,natural,normal,20260810_140234,True
1830259,0.0039,0.0,1.0647,1830.259,500000,-0.011699999999999999,-0.0273,0.1521,0.15497286859318313,tap2,natural,normal,20260810_140234,True
1832763,0.0429,0.0429,1.0842,1832.763,500000,0.0273,0.0156,0.17160000000000009,0.1744569001214914,tap2,natural,normal,20260810_140234,True
1835252,0.0078,0.0078,1.0569,1835.252,500000,-0.0078,-0.019500000000000003,0.14429999999999998,0.14582036894755135,tap2,natural,normal,20260810_140234,True
1837751,0.0195,0.0546,1.0764,1837.751,500000,0.0039000000000000007,0.0273,0.16380000000000006,0.16610520762456552,tap2,natural,normal,20260810_140234,True
1840248,0.0039,0.0351,1.0608,1840.248,500000,-0.011699999999999999,0.007799999999999998,0.1482,0.14886561053514005,tap2,natural,normal,20260810_140234,True
1842760,0.0234,0.0351,1.0608,1842.76,500000,0.007800000000000001,0.007799999999999998,0.1482,0.14860995928940968,tap2,natural,normal,20260810_140234,True
1845244,0.0195,-0.0039,1.0413,1845.244,500000,0.0039000000000000007,-0.031200000000000002,0.12869999999999993,0.13248524446141155,tap2,natural,normal,20260810_140234,True
1847742,0.0195,-0.0039,1.0413,1847.742,500000,0.0039000000000000007,-0.031200000000000002,0.12869999999999993,0.13248524446141155,tap2,natural,normal,20260810_140234,True
1850254,0.0312,0.0039,1.0413,1850.254,500000,0.0156,-0.0234,0.12869999999999993,0.13173689688162532,tap2,natural,normal,20260810_140234,True
1852737,0.0156,0.0195,1.0335,1852.737,500000,0.0,-0.007800000000000001,0.12090000000000012,0.12115135162267084,tap2,natural,normal,20260810_140234,True
1855250,0.0156,0.0351,1.0452,1855.25,500000,0.0,0.007799999999999998,0.13259999999999994,0.13282921365422587,tap2,natural,normal,20260810_140234,True
1857744,0.0039,0.0429,1.0491,1857.744,500000,-0.011699999999999999,0.0156,0.13649999999999995,0.13788582233137672,tap2,natural,normal,20260810_140234,True
1860241,0.0195,0.0312,1.0374,1860.241,500000,0.0039000000000000007,0.0038999999999999972,0.12480000000000013,0.12492181554876647,tap2,natural,normal,20260810_140234,True
1862753,0.0195,0.0078,1.0101,1862.753,500000,0.0039000000000000007,-0.019500000000000003,0.09750000000000003,0.09950733641295001,tap2,natural,normal,20260810_140234,True
1865263,0.0117,0.0117,1.014,1865.263,500000,-0.003899999999999999,-0.015600000000000001,0.10140000000000005,0.10266708333248788,tap2,natural,normal,20260810_140234,True
1867753,0.0078,0.0117,1.0218,1867.753,500000,-0.0078,-0.015600000000000001,0.10920000000000007,0.1105840856543111,tap2,natural,normal,20260810_140234,True
1870257,0.0156,0.0156,1.0296,1870.257,500000,0.0,-0.011700000000000002,0.1170000000000001,0.11758354476711452,tap2,natural,normal,20260810_140234,True
1872747,0.0039,0.0312,1.0179,1872.747,500000,-0.011699999999999999,0.0038999999999999972,0.10530000000000006,0.10601976230873192,tap2,natural,normal,20260810_140234,True
1875264,0.0039,0.039,1.0179,1875.264,500000,-0.011699999999999999,0.011699999999999999,0.10530000000000006,0.10659207287598835,tap2,natural,normal,20260810_140234,True
1877759,0.0156,0.0273,1.0062,1877.759,500000,0.0,0.0,0.09360000000000002,0.09360000000000002,tap2,natural,normal,20260810_140234,True
1880258,0.0117,0.0195,1.0101,1880.258,500000,-0.003899999999999999,-0.007800000000000001,0.09750000000000003,0.09788922310448686,tap2,natural,normal,20260810_140234,True
1882736,0.0156,0.0195,1.0101,1882.736,500000,0.0,-0.007800000000000001,0.09750000000000003,0.09781150239107876,tap2,natural,normal,20260810_140234,True
1885245,0.0117,0.0351,1.0062,1885.245,500000,-0.003899999999999999,0.007799999999999998,0.09360000000000002,0.09400537218691282,tap2,natural,normal,20260810_140234,True
1887739,0.0117,0.0273,1.0023,1887.739,500000,-0.003899999999999999,0.0,0.0897,0.08978474257912644,tap2,natural,normal,20260810_140234,True
1890237,0.0117,0.0234,0.9984,1890.237,500000,-0.003899999999999999,-0.0039000000000000007,0.08579999999999999,0.08597708997168954,tap2,natural,normal,20260810_140234,True
1892747,0.0117,0.0234,0.9906,1892.747,500000,-0.003899999999999999,-0.0039000000000000007,0.07800000000000007,0.07819475685747741,tap2,natural,normal,20260810_140234,True
1895260,0.0156,0.0156,1.0062,1895.26,500000,0.0,-0.011700000000000002,0.09360000000000002,0.09432841565509305,tap2,natural,normal,20260810_140234,True
1897799,0.0078,0.0195,0.9984,1897.799,500000,-0.0078,-0.007800000000000001,0.08579999999999999,0.08650618474999344,tap2,natural,normal,20260810_140234,True
1900247,0.0156,0.0351,0.9867,1900.247,500000,0.0,0.007799999999999998,0.07410000000000005,0.07450939538071698,tap2,natural,normal,20260810_140234,True
1902757,0.0078,0.0351,0.9906,1902.757,500000,-0.0078,0.007799999999999998,0.07800000000000007,0.07877613851922427,tap2,natural,normal,20260810_140234,True
1905256,0.0078,0.0312,0.9828,1905.256,500000,-0.0078,0.0038999999999999972,0.07020000000000004,0.07073959287414655,tap2,natural,normal,20260810_140234,True
1907752,0.0195,0.0156,0.9906,1907.752,500000,0.0039000000000000007,-0.011700000000000002,0.07800000000000007,0.07896898125213475,tap2,natural,normal,20260810_140234,True
1910249,0.0156,0.0234,0.975,1910.249,500000,0.0,-0.0039000000000000007,0.06240000000000001,0.06252175621333746,tap2,natural,normal,20260810_140234,True
1912759,0.0156,0.0273,0.9789,1912.759,500000,0.0,0.0,0.06630000000000003,0.06630000000000003,tap2,natural,normal,20260810_140234,True
1915255,0.0117,0.039,0.9906,1915.255,500000,-0.003899999999999999,0.011699999999999999,0.07800000000000007,0.07896898125213475,tap2,natural,normal,20260810_140234,True
1917737,0.0117,0.039,0.9867,1917.737,500000,-0.003899999999999999,0.011699999999999999,0.07410000000000005,0.07511930510860712,tap2,natural,normal,20260810_140234,True
1920259,0.0195,0.0195,0.9828,1920.259,500000,0.0039000000000000007,-0.007800000000000001,0.07020000000000004,0.07073959287414655,tap2,natural,normal,20260810_140234,True
1922738,0.0117,0.0156,0.975,1922.738,500000,-0.003899999999999999,-0.011700000000000002,0.06240000000000001,0.06360707507817036,tap2,natural,normal,20260810_140234,True
1925251,0.0117,0.0234,0.9672,1925.251,500000,-0.003899999999999999,-0.0039000000000000007,0.05459999999999998,0.05487786438993411,tap2,natural,normal,20260810_140234,True
1927747,0.0156,0.0234,0.9711,1927.747,500000,0.0,-0.0039000000000000007,0.058499999999999996,0.058629855875654335,tap2,natural,normal,20260810_140234,True
1930251,0.0117,0.0312,0.975,1930.251,500000,-0.003899999999999999,0.0038999999999999972,0.06240000000000001,0.06264327577641515,tap2,natural,normal,20260810_140234,True
1932757,0.0078,0.0312,0.9711,1932.757,500000,-0.0078,0.0038999999999999972,0.058499999999999996,0.05914642846360209,tap2,natural,normal,20260810_140234,True
1935243,0.0117,0.0312,0.975,1935.243,500000,-0.003899999999999999,0.0038999999999999972,0.06240000000000001,0.06264327577641515,tap2,natural,normal,20260810_140234,True
1937743,0.0117,0.0273,0.9633,1937.743,500000,-0.003899999999999999,0.0,0.05070000000000008,0.050849778760580736,tap2,natural,normal,20260810_140234,True
1940240,0.0156,0.0273,0.9789,1940.24,500000,0.0,0.0,0.06630000000000003,0.06630000000000003,tap2,natural,normal,20260810_140234,True
1942750,0.0117,0.0234,0.9672,1942.75,500000,-0.003899999999999999,-0.0039000000000000007,0.05459999999999998,0.05487786438993411,tap2,natural,normal,20260810_140234,True
1945235,0.0078,0.0273,0.9828,1945.235,500000,-0.0078,0.0,0.07020000000000004,0.07063200407747189,tap2,natural,normal,20260810_140234,True
1947760,0.0195,0.0273,0.9711,1947.76,500000,0.0039000000000000007,0.0,0.058499999999999996,0.058629855875654335,tap2,natural,normal,20260810_140234,True
1950256,0.0117,0.0273,0.975,1950.256,500000,-0.003899999999999999,0.0,0.06240000000000001,0.06252175621333746,tap2,natural,normal,20260810_140234,True
1952764,0.0156,0.0234,0.9711,1952.764,500000,0.0,-0.0039000000000000007,0.058499999999999996,0.058629855875654335,tap2,natural,normal,20260810_140234,True
1955245,0.0156,0.0234,0.9711,1955.245,500000,0.0,-0.0039000000000000007,0.058499999999999996,0.058629855875654335,tap2,natural,normal,20260810_140234,True
1957737,0.0156,0.0273,0.9633,1957.737,500000,0.0,0.0,0.05070000000000008,0.05070000000000008,tap2,natural,normal,20260810_140234,True
1960263,0.0117,0.0312,0.9555,1960.263,500000,-0.003899999999999999,0.0038999999999999972,0.04290000000000005,0.04325309237499678,tap2,natural,normal,20260810_140234,True
1962741,0.0195,0.0234,0.9672,1962.741,500000,0.0039000000000000007,-0.0039000000000000007,0.05459999999999998,0.05487786438993411,tap2,natural,normal,20260810_140234,True
1965254,0.0117,0.0195,0.9711,1965.254,500000,-0.003899999999999999,-0.007800000000000001,0.058499999999999996,0.05914642846360209,tap2,natural,normal,20260810_140234,True
1967752,0.0117,0.0312,0.9438,1967.752,500000,-0.003899999999999999,0.0038999999999999972,0.031200000000000006,0.03168374977808025,tap2,natural,normal,20260810_140234,True
1970236,0.0156,0.0312,0.9516,1970.236,500000,0.0,0.0038999999999999972,0.039000000000000035,0.039194514922371505,tap2,natural,normal,20260810_140234,True
1972759,0.0117,0.0312,0.9633,1972.759,500000,-0.003899999999999999,0.0038999999999999972,0.05070000000000008,0.05099911763942595,tap2,natural,normal,20260810_140234,True
1975251,0.0117,0.0312,0.9477,1975.251,500000,-0.003899999999999999,0.0038999999999999972,0.03510000000000002,0.035530690958662785,tap2,natural,normal,20260810_140234,True
1977746,0.0234,0.0273,0.9477,1977.746,500000,0.007800000000000001,0.0,0.03510000000000002,0.03595622338344228,tap2,natural,normal,20260810_140234,True
1980242,0.0117,0.0273,0.9594,1980.242,500000,-0.003899999999999999,0.0,0.046800000000000064,0.04696221885729002,tap2,natural,normal,20260810_140234,True
1982760,0.0234,0.0195,0.9555,1982.76,500000,0.007800000000000001,-0.007800000000000001,0.04290000000000005,0.04429548509724218,tap2,natural,normal,20260810_140234,True
1985246,0.0156,0.0273,0.9555,1985.246,500000,0.0,0.0,0.04290000000000005,0.04290000000000005,tap2,natural,normal,20260810_140234,True
1987741,0.0117,0.0234,0.9633,1987.741,500000,-0.003899999999999999,-0.0039000000000000007,0.05070000000000008,0.05099911763942596,tap2,natural,normal,20260810_140234,True
1990237,0.0156,0.0234,0.9477,1990.237,500000,0.0,-0.0039000000000000007,0.03510000000000002,0.035316002038735944,tap2,natural,normal,20260810_140234,True
1992748,0.0117,0.0234,0.9555,1992.748,500000,-0.003899999999999999,-0.0039000000000000007,0.04290000000000005,0.04325309237499678,tap2,natural,normal,20260810_140234,True
1995262,0.0078,0.0273,0.9516,1995.262,500000,-0.0078,0.0,0.039000000000000035,0.03977235220602375,tap2,natural,normal,20260810_140234,True
1997809,0.0117,0.0273,0.9438,1997.809,500000,-0.003899999999999999,0.0,0.031200000000000006,0.03144280521836435,tap2,natural,normal,20260810_140234,True
2000244,0.0117,0.0312,0.9516,2000.244,500000,-0.003899999999999999,0.0038999999999999972,0.039000000000000035,0.039388069259612135,tap2,natural,normal,20260810_140234,True
2002755,-2.3712,2.0904,-3.0264,2002.755,500000,-2.3868,2.0631,-3.939,5.046673840263505,tap2,natural,normal,20260810_140234,True
2005252,6.2673,-3.627,7.6596,2005.252,500000,6.2517,-3.6542999999999997,6.747,9.897457773590144,tap2,natural,normal,20260810_140234,True
2007746,0.7293,2.5272,5.6472,2007.746,500000,0.7137,2.4999000000000002,4.7345999999999995,5.401416930769185,tap2,natural,normal,20260810_140234,True
2010242,-0.5226,1.4235,-3.7128,2010.242,500000,-0.5381999999999999,1.3961999999999999,-4.6254,4.861415312437315,tap2,natural,normal,20260810_140234,True
2012753,-2.2698,0.3861,1.1154,2012.753,500000,-2.2854,0.3588,0.20279999999999998,2.3222657987405317,tap2,natural,normal,20260810_140234,True
2015262,0.078,-1.3221,1.2363,2015.262,500000,0.0624,-1.3494000000000002,0.3237,1.389084522266374,tap2,natural,normal,20260810_140234,True
2017750,0.6435,-0.1326,1.5132,2017.75,500000,0.6279,-0.1599,0.6006000000000001,0.883485585620954,tap2,natural,normal,20260810_140234,True
2020265,0.2067,-0.2145,0.8112,2020.265,500000,0.1911,-0.2418,-0.10139999999999993,0.3244509361983719,tap2,natural,normal,20260810_140234,True
2022748,-0.1911,-0.5577,0.9165,2022.748,500000,-0.2067,-0.585,0.0039000000000000146,0.6204555584407315,tap2,natural,normal,20260810_140234,True
2025255,-0.0975,0.2418,1.1466,2025.255,500000,-0.1131,0.2145,0.2340000000000001,0.33698347140475604,tap2,natural,normal,20260810_140234,True
2027754,-0.0273,0.7722,1.0725,2027.754,500000,-0.0429,0.7449,0.15990000000000004,0.7630756384527028,tap2,natural,normal,20260810_140234,True
2030256,-0.0468,0.2925,1.1505,2030.256,500000,-0.0624,0.2652,0.2379000000000001,0.36169214810388134,tap2,natural,normal,20260810_140234,True
2032735,0.0507,-0.2106,1.0335,2032.735,500000,0.035100000000000006,-0.2379,0.12090000000000012,0.2691565158044665,tap2,natural,normal,20260810_140234,True
2035252,0.078,-0.078,1.0257,2035.252,500000,0.0624,-0.1053,0.11310000000000009,0.16665371282992775,tap2,natural,normal,20260810_140234,True
2037747,0.0936,0.0351,1.014,2037.747,500000,0.078,0.007799999999999998,0.10140000000000005,0.12816707845620892,tap2,natural,normal,20260810_140234,True
2040243,-0.0039,0.0312,1.0725,2040.243,500000,-0.0195,0.0038999999999999972,0.15990000000000004,0.1611318404288861,tap2,natural,normal,20260810_140234,True
2042754,-0.0663,0.1053,1.053,2042.754,500000,-0.0819,0.078,0.14039999999999997,0.180288019568689,tap2,natural,normal,20260810_140234,True
2045237,0.0312,0.1053,1.0413,2045.237,500000,0.0156,0.078,0.12869999999999993,0.15129788498191235,tap2,natural,normal,20260810_140234,True
2047746,0.0195,0.0156,1.0725,2047.746,500000,0.0039000000000000007,-0.011700000000000002,0.15990000000000004,0.16037490452062633,tap2,natural,normal,20260810_140234,True
2050249,0.0039,0.0078,1.0452,2050.249,500000,-0.011699999999999999,-0.019500000000000003,0.13259999999999994,0.1345358688231506,tap2,natural,normal,20260810_140234,True
2052759,0.0117,0.0507,1.0413,2052.759,500000,-0.003899999999999999,0.0234,0.12869999999999993,0.13086810153738757,tap2,natural,normal,20260810_140234,True
2055243,0.0156,0.0468,1.0257,2055.243,500000,0.0,0.0195,0.11310000000000009,0.11476872396258495,tap2,natural,normal,20260810_140234,True
2057737,0.0156,0.0468,1.0257,2057.737,500000,0.0,0.0195,0.11310000000000009,0.11476872396258495,tap2,natural,normal,20260810_140234,True
2060235,-0.0039,0.0078,1.0569,2060.235,500000,-0.0195,-0.019500000000000003,0.14429999999999998,0.14691150397433142,tap2,natural,normal,20260810_140234,True
2062748,0.0078,-0.0195,1.0647,2062.748,500000,-0.0078,-0.0468,0.1521,0.15932824608336088,tap2,natural,normal,20260810_140234,True
2065258,0.0078,0.0,1.0686,2065.258,500000,-0.0078,-0.0273,0.15600000000000003,0.15856270053199778,tap2,natural,normal,20260810_140234,True
2067752,-0.0702,0.0195,1.1193,2067.752,500000,-0.0858,-0.007800000000000001,0.2067,0.22393608463130724,tap2,natural,normal,20260810_140234,True
2070264,-0.0234,0.0156,1.0803,2070.264,500000,-0.039,-0.011700000000000002,0.16770000000000007,0.17257224574073324,tap2,natural,normal,20260810_140234,True
2072750,0.0234,-0.0936,1.0374,2072.75,500000,0.007800000000000001,-0.12090000000000001,0.12480000000000013,0.1739330043436266,tap2,natural,normal,20260810_140234,True
2075235,0.0,-0.1794,1.0023,2075.235,500000,-0.0156,-0.2067,0.0897,0.22586354287489602,tap2,natural,normal,20260810_140234,True
2077737,0.0741,0.195,1.0647,2077.737,500000,0.058499999999999996,0.16770000000000002,0.1521,0.23383744353717179,tap2,natural,normal,20260810_140234,True
2080236,0.0663,-0.1755,1.0296,2080.236,500000,0.050699999999999995,-0.20279999999999998,0.1170000000000001,0.23955652777580497,tap2,natural,normal,20260810_140234,True
2082745,-0.1989,0.0078,1.0998,2082.745,500000,-0.2145,-0.019500000000000003,0.18720000000000014,0.2853670268268569,tap2,natural,normal,20260810_140234,True
2085253,0.0702,0.4017,1.1661,2085.253,500000,0.054599999999999996,0.3744,0.25349999999999995,0.45543250872110563,tap2,natural,normal,20260810_140234,True
2087748,0.234,-0.0468,1.0296,2087.748,500000,0.2184,-0.0741,0.1170000000000001,0.25860852654156635,tap2,natural,normal,20260810_140234,True
2090245,0.0507,0.2223,1.0608,2090.245,500000,0.035100000000000006,0.195,0.1482,0.24742726203876567,tap2,natural,normal,20260810_140234,True
2093009,-0.0975,0.0078,1.0842,2093.009,500000,-0.1131,-0.019500000000000003,0.17160000000000009,0.2064422921787104,tap2,natural,normal,20260810_140234,True
2095264,-0.0273,0.0195,1.0998,2095.264,500000,-0.0429,-0.007800000000000001,0.18720000000000014,0.19221105587348522,tap2,natural,normal,20260810_140234,True
2097827,0.0663,0.0156,1.0569,2097.827,500000,0.050699999999999995,-0.011700000000000002,0.14429999999999998,0.15339449142651765,tap2,natural,normal,20260810_140234,True
2100264,0.039,0.0663,1.0842,2100.264,500000,0.0234,0.03899999999999999,0.17160000000000009,0.17752498415716034,tap2,natural,normal,20260810_140234,True
2102743,-0.0039,0.0195,1.0647,2102.743,500000,-0.0195,-0.007800000000000001,0.1521,0.15354315354323034,tap2,natural,normal,20260810_140234,True
2105243,0.0429,0.0195,1.1037,2105.243,500000,0.0273,-0.007800000000000001,0.19109999999999994,0.193197670793413,tap2,natural,normal,20260810_140234,True
2107759,0.0078,0.0,1.0725,2107.759,500000,-0.0078,-0.0273,0.15990000000000004,0.16240116994652473,tap2,natural,normal,20260810_140234,True
2110263,0.0858,0.0468,1.0686,2110.263,500000,0.0702,0.0195,0.15600000000000003,0.17217517242622413,tap2,natural,normal,20260810_140234,True
2112758,0.0273,0.0156,1.0647,2112.758,500000,0.011700000000000002,-0.011700000000000002,0.1521,0.15299735291827765,tap2,natural,normal,20260810_140234,True
2115253,0.0195,0.0273,1.0725,2115.253,500000,0.0039000000000000007,0.0,0.15990000000000004,0.1599475539043971,tap2,natural,normal,20260810_140234,True
2117746,0.0156,0.0468,1.0647,2117.746,500000,0.0,0.0195,0.1521,0.15334490536043252,tap2,natural,normal,20260810_140234,True
2120760,0.0351,0.0429,1.0647,2120.76,500000,0.0195,0.0156,0.1521,0.15413636819388216,tap2,natural,normal,20260810_140234,True
2122754,0.0273,0.0156,1.0569,2122.754,500000,0.011700000000000002,-0.011700000000000002,0.14429999999999998,0.14524555070638134,tap2,natural,normal,20260810_140234,True
2125238,0.039,0.0039,1.0374,2125.238,500000,0.0234,-0.0234,0.12480000000000013,0.12911297378652556,tap2,natural,normal,20260810_140234,True
2127760,0.0234,0.0078,1.0413,2127.76,500000,0.007800000000000001,-0.019500000000000003,0.12869999999999993,0.13040237727894374,tap2,natural,normal,20260810_140234,True
2130236,0.0117,0.0195,1.0413,2130.236,500000,-0.003899999999999999,-0.007800000000000001,0.12869999999999993,0.12899511618662152,tap2,natural,normal,20260810_140234,True
2132744,0.0156,0.0312,1.0413,2132.744,500000,0.0,0.0038999999999999972,0.12869999999999993,0.12875907734990952,tap2,natural,normal,20260810_140234,True
2135265,0.0195,0.0312,1.0413,2135.265,500000,0.0039000000000000007,0.0038999999999999972,0.12869999999999993,0.12881812760632713,tap2,natural,normal,20260810_140234,True
2137749,0.0234,0.0273,1.0374,2137.749,500000,0.007800000000000001,0.0,0.12480000000000013,0.12504351242667502,tap2,natural,normal,20260810_140234,True
2140247,0.0156,0.0195,1.0296,2140.247,500000,0.0,-0.007800000000000001,0.1170000000000001,0.11725971175130878,tap2,natural,normal,20260810_140234,True
2142755,0.0117,0.0195,1.0374,2142.755,500000,-0.003899999999999999,-0.007800000000000001,0.12480000000000013,0.12510431647229456,tap2,natural,normal,20260810_140234,True
2145246,0.0078,0.0156,1.0257,2145.246,500000,-0.0078,-0.011700000000000002,0.11310000000000009,0.11397078573037926,tap2,natural,normal,20260810_140234,True
2147743,0.0078,0.0234,1.0296,2147.743,500000,-0.0078,-0.0039000000000000007,0.1170000000000001,0.11732454986063243,tap2,natural,normal,20260810_140234,True
2150241,0.0156,0.0195,1.0296,2150.241,500000,0.0,-0.007800000000000001,0.1170000000000001,0.11725971175130878,tap2,natural,normal,20260810_140234,True
2152750,0.0117,0.0156,1.0179,2152.75,500000,-0.003899999999999999,-0.011700000000000002,0.10530000000000006,0.10601976230873192,tap2,natural,normal,20260810_140234,True
2155235,0.0156,0.0234,1.0218,2155.235,500000,0.0,-0.0039000000000000007,0.10920000000000007,0.10926962066375089,tap2,natural,normal,20260810_140234,True
2157760,0.0156,0.0195,1.014,2157.76,500000,0.0,-0.007800000000000001,0.10140000000000005,0.10169955752116137,tap2,natural,normal,20260810_140234,True
2160259,0.0117,0.0234,1.0296,2160.259,500000,-0.003899999999999999,-0.0039000000000000007,0.1170000000000001,0.11712992785791351,tap2,natural,normal,20260810_140234,True
2162738,0.0117,0.0234,1.0296,2162.738,500000,-0.003899999999999999,-0.0039000000000000007,0.1170000000000001,0.11712992785791351,tap2,natural,normal,20260810_140234,True
2165250,0.0078,0.0234,1.0218,2165.25,500000,-0.0078,-0.0039000000000000007,0.10920000000000007,0.10954766086046755,tap2,natural,normal,20260810_140234,True
2167745,0.0117,0.0312,1.0062,2167.745,500000,-0.003899999999999999,0.0038999999999999972,0.09360000000000002,0.09376235918533622,tap2,natural,normal,20260810_140234,True
2170259,0.0117,0.0234,1.0062,2170.259,500000,-0.003899999999999999,-0.0039000000000000007,0.09360000000000002,0.09376235918533622,tap2,natural,normal,20260810_140234,True
2172744,0.0195,0.0234,1.014,2172.744,500000,0.0039000000000000007,-0.0039000000000000007,0.10140000000000005,0.10154988921707404,tap2,natural,normal,20260810_140234,True
2175235,0.0117,0.0234,1.0101,2175.235,500000,-0.003899999999999999,-0.0039000000000000007,0.09750000000000003,0.09765587539928156,tap2,natural,normal,20260810_140234,True
2177748,0.0117,0.0273,0.9984,2177.748,500000,-0.003899999999999999,0.0,0.08579999999999999,0.08588859062762642,tap2,natural,normal,20260810_140234,True
2180251,0.0195,0.0312,1.0023,2180.251,500000,0.0039000000000000007,0.0038999999999999972,0.0897,0.08986940525006272,tap2,natural,normal,20260810_140234,True
2182760,0.0117,0.039,0.9984,2182.76,500000,-0.003899999999999999,0.011699999999999999,0.08579999999999999,0.08668183200648218,tap2,natural,normal,20260810_140234,True
2185246,0.0195,0.0273,0.9906,2185.246,500000,0.0039000000000000007,0.0,0.07800000000000007,0.07809743913855313,tap2,natural,normal,20260810_140234,True
2187746,0.0117,0.0351,0.9945,2187.746,500000,-0.003899999999999999,0.007799999999999998,0.08190000000000008,0.0823629771195773,tap2,natural,normal,20260810_140234,True
2190243,0.0156,0.0156,0.9984,2190.243,500000,0.0,-0.011700000000000002,0.08579999999999999,0.0865940529135806,tap2,natural,normal,20260810_140234,True
2192754,0.0117,0.0351,0.9906,2192.754,500000,-0.003899999999999999,0.007799999999999998,0.07800000000000007,0.07848598601024269,tap2,natural,normal,20260810_140234,True
2195240,0.0234,0.0273,0.9906,2195.24,500000,0.007800000000000001,0.0,0.07800000000000007,0.07838902984474301,tap2,natural,normal,20260810_140234,True
2197840,0.0195,0.0312,0.9906,2197.84,500000,0.0039000000000000007,0.0038999999999999972,0.07800000000000007,0.07819475685747741,tap2,natural,normal,20260810_140234,True
2200237,0.0156,0.0273,0.9906,2200.237,500000,0.0,0.0,0.07800000000000007,0.07800000000000007,tap2,natural,normal,20260810_140234,True
2202747,0.0195,0.0234,0.9828,2202.747,500000,0.0039000000000000007,-0.0039000000000000007,0.07020000000000004,0.07041633333254442,tap2,natural,normal,20260810_140234,True
2205246,0.0117,0.0351,0.9906,2205.246,500000,-0.003899999999999999,0.007799999999999998,0.07800000000000007,0.07848598601024269,tap2,natural,normal,20260810_140234,True
2207740,0.0195,0.0234,0.9945,2207.74,500000,0.0039000000000000007,-0.0039000000000000007,0.08190000000000008,0.08208550420141192,tap2,natural,normal,20260810_140234,True
2210237,0.0156,0.0312,0.9867,2210.237,500000,0.0,0.0038999999999999972,0.07410000000000005,0.07420256060271781,tap2,natural,normal,20260810_140234,True
2212749,0.0195,0.0273,0.9828,2212.749,500000,0.0039000000000000007,0.0,0.07020000000000004,0.07030824987154784,tap2,natural,normal,20260810_140234,True
2215262,0.0195,0.0195,0.9828,2215.262,500000,0.0039000000000000007,-0.007800000000000001,0.07020000000000004,0.07073959287414655,tap2,natural,normal,20260810_140234,True
2217748,0.0195,0.0195,0.975,2217.748,500000,0.0039000000000000007,-0.007800000000000001,0.06240000000000001,0.0630064282434737,tap2,natural,normal,20260810_140234,True
2220250,0.0117,0.0234,0.9828,2220.25,500000,-0.003899999999999999,-0.0039000000000000007,0.07020000000000004,0.07041633333254442,tap2,natural,normal,20260810_140234,True
2223114,0.0234,0.0234,0.9828,2223.114,500000,0.007800000000000001,-0.0039000000000000007,0.07020000000000004,0.07073959287414655,tap2,natural,normal,20260810_140234,True
2225258,0.0234,0.0273,0.975,2225.258,500000,0.007800000000000001,0.0,0.06240000000000001,0.0628856104367287,tap2,natural,normal,20260810_140234,True
2227749,0.0156,0.0273,0.9711,2227.749,500000,0.0,0.0,0.058499999999999996,0.058499999999999996,tap2,natural,normal,20260810_140234,True
2230253,0.0156,0.0234,0.9711,2230.253,500000,0.0,-0.0039000000000000007,0.058499999999999996,0.058629855875654335,tap2,natural,normal,20260810_140234,True
2232757,0.0234,0.0195,0.9789,2232.757,500000,0.007800000000000001,-0.007800000000000001,0.06630000000000003,0.06721138296449496,tap2,natural,normal,20260810_140234,True
2235245,0.0234,0.0273,0.975,2235.245,500000,0.007800000000000001,0.0,0.06240000000000001,0.0628856104367287,tap2,natural,normal,20260810_140234,True
2237736,0.0195,0.0273,0.975,2237.736,500000,0.0039000000000000007,0.0,0.06240000000000001,0.06252175621333746,tap2,natural,normal,20260810_140234,True
2240264,0.0195,0.0312,0.9672,2240.264,500000,0.0039000000000000007,0.0038999999999999972,0.05459999999999998,0.05487786438993411,tap2,natural,normal,20260810_140234,True
2242757,0.0156,0.0234,0.9711,2242.757,500000,0.0,-0.0039000000000000007,0.058499999999999996,0.058629855875654335,tap2,natural,normal,20260810_140234,True
2245257,0.0195,0.0273,0.9633,2245.257,500000,0.0039000000000000007,0.0,0.05070000000000008,0.050849778760580736,tap2,natural,normal,20260810_140234,True
2247750,0.0195,0.0234,0.9672,2247.75,500000,0.0039000000000000007,-0.0039000000000000007,0.05459999999999998,0.05487786438993411,tap2,natural,normal,20260810_140234,True
2250247,0.0273,0.0273,0.9789,2250.247,500000,0.011700000000000002,0.0,0.06630000000000003,0.06732443835636509,tap2,natural,normal,20260810_140234,True
2252756,0.0156,0.0312,0.9633,2252.756,500000,0.0,0.0038999999999999972,0.05070000000000008,0.050849778760580736,tap2,natural,normal,20260810_140234,True
2255236,0.0273,0.0273,0.975,2255.236,500000,0.011700000000000002,0.0,0.06240000000000001,0.06348740032478886,tap2,natural,normal,20260810_140234,True
2257764,0.0195,0.0273,0.9672,2257.764,500000,0.0039000000000000007,0.0,0.05459999999999998,0.05473910850571096,tap2,natural,normal,20260810_140234,True
2260261,0.0273,0.0273,0.9594,2260.261,500000,0.011700000000000002,0.0,0.046800000000000064,0.04824033581972669,tap2,natural,normal,20260810_140234,True
2262741,0.0234,0.0234,0.9555,2262.741,500000,0.007800000000000001,-0.0039000000000000007,0.04290000000000005,0.04377739142525516,tap2,natural,normal,20260810_140234,True
2265250,0.0195,0.0312,0.9633,2265.25,500000,0.0039000000000000007,0.0038999999999999972,0.05070000000000008,0.05099911763942596,tap2,natural,normal,20260810_140234,True
2267749,0.0195,0.0312,0.9633,2267.749,500000,0.0039000000000000007,0.0038999999999999972,0.05070000000000008,0.05099911763942596,tap2,natural,normal,20260810_140234,True
2270250,0.0234,0.0195,0.9555,2270.25,500000,0.007800000000000001,-0.007800000000000001,0.04290000000000005,0.04429548509724218,tap2,natural,normal,20260810_140234,True
2272861,0.0234,0.0312,0.9594,2272.861,500000,0.007800000000000001,0.0038999999999999972,0.046800000000000064,0.0476055669013615,tap2,natural,normal,20260810_140234,True
2275263,0.0234,0.0312,0.9594,2275.263,500000,0.007800000000000001,0.0038999999999999972,0.046800000000000064,0.0476055669013615,tap2,natural,normal,20260810_140234,True
2277754,0.0195,0.0312,0.9516,2277.754,500000,0.0039000000000000007,0.0038999999999999972,0.039000000000000035,0.039388069259612135,tap2,natural,normal,20260810_140234,True
2280254,0.0234,0.0273,0.9516,2280.254,500000,0.007800000000000001,0.0,0.039000000000000035,0.03977235220602375,tap2,natural,normal,20260810_140234,True
2282761,0.0273,0.0234,0.9594,2282.761,500000,0.011700000000000002,-0.0039000000000000007,0.046800000000000064,0.0483977272193644,tap2,natural,normal,20260810_140234,True
2285239,0.0156,0.039,0.9711,2285.239,500000,0.0,0.011699999999999999,0.058499999999999996,0.05965852830903558,tap2,natural,normal,20260810_140234,True
2287735,0.0234,0.0351,0.9633,2287.735,500000,0.007800000000000001,0.007799999999999998,0.05070000000000008,0.051886125313035346,tap2,natural,normal,20260810_140234,True
2290262,0.0195,0.0312,0.9555,2290.262,500000,0.0039000000000000007,0.0038999999999999972,0.04290000000000005,0.04325309237499678,tap2,natural,normal,20260810_140234,True
2292741,0.0234,0.0312,0.9633,2292.741,500000,0.007800000000000001,0.0038999999999999972,0.05070000000000008,0.05144453323726446,tap2,natural,normal,20260810_140234,True
2295261,0.0156,0.0273,0.9672,2295.261,500000,0.0,0.0,0.05459999999999998,0.05459999999999998,tap2,natural,normal,20260810_140234,True
2297788,0.0234,0.039,0.9633,2297.788,500000,0.007800000000000001,0.011699999999999999,0.05070000000000008,0.05261387649660504,tap2,natural,normal,20260810_140234,True
2300237,0.0234,0.0312,0.9594,2300.237,500000,0.007800000000000001,0.0038999999999999972,0.046800000000000064,0.0476055669013615,tap2,natural,normal,20260810_140234,True
2302749,0.0156,0.0234,0.9555,2302.749,500000,0.0,-0.0039000000000000007,0.04290000000000005,0.04307690796703036,tap2,natural,normal,20260810_140234,True
2305249,0.0234,0.0351,0.9555,2305.249,500000,0.007800000000000001,0.007799999999999998,0.04290000000000005,0.04429548509724218,tap2,natural,normal,20260810_140234,True
2307743,0.0195,0.0234,0.9672,2307.743,500000,0.0039000000000000007,-0.0039000000000000007,0.05459999999999998,0.05487786438993411,tap2,natural,normal,20260810_140234,True
2310255,0.0156,0.0273,0.9672,2310.255,500000,0.0,0.0,0.05459999999999998,0.05459999999999998,tap2,natural,normal,20260810_140234,True
2312735,0.0078,0.0312,0.9594,2312.735,500000,-0.0078,0.0038999999999999972,0.046800000000000064,0.0476055669013615,tap2,natural,normal,20260810_140234,True
2315248,0.0117,0.0273,0.9633,2315.248,500000,-0.003899999999999999,0.0,0.05070000000000008,0.050849778760580736,tap2,natural,normal,20260810_140234,True
2317742,0.0117,0.0234,0.9594,2317.742,500000,-0.003899999999999999,-0.0039000000000000007,0.046800000000000064,0.047123879297018896,tap2,natural,normal,20260810_140234,True
2320245,0.0117,0.0234,0.9555,2320.245,500000,-0.003899999999999999,-0.0039000000000000007,0.04290000000000005,0.04325309237499678,tap2,natural,normal,20260810_140234,True
2322759,0.0195,0.0234,0.9633,2322.759,500000,0.0039000000000000007,-0.0039000000000000007,0.05070000000000008,0.05099911763942596,tap2,natural,normal,20260810_140234,True
2325489,0.0156,0.0195,0.9594,2325.489,500000,0.0,-0.007800000000000001,0.046800000000000064,0.04744554773632618,tap2,natural,normal,20260810_140234,True
2327764,0.0195,0.0156,0.9594,2327.764,500000,0.0039000000000000007,-0.011700000000000002,0.046800000000000064,0.0483977272193644,tap2,natural,normal,20260810_140234,True
2330235,0.0117,0.0273,0.9633,2330.235,500000,-0.003899999999999999,0.0,0.05070000000000008,0.050849778760580736,tap2,natural,normal,20260810_140234,True
2332748,0.0195,0.0273,0.9555,2332.748,500000,0.0039000000000000007,0.0,0.04290000000000005,0.04307690796703036,tap2,natural,normal,20260810_140234,True
2335255,0.0156,0.0195,0.9633,2335.255,500000,0.0,-0.007800000000000001,0.05070000000000008,0.051296491108067103,tap2,natural,normal,20260810_140234,True
2337753,0.0156,0.0234,0.9555,2337.753,500000,0.0,-0.0039000000000000007,0.04290000000000005,0.04307690796703036,tap2,natural,normal,20260810_140234,True
2340250,0.0117,0.0234,0.9516,2340.25,500000,-0.003899999999999999,-0.0039000000000000007,0.039000000000000035,0.039388069259612135,tap2,natural,normal,20260810_140234,True
2342759,0.0117,0.0234,0.9555,2342.759,500000,-0.003899999999999999,-0.0039000000000000007,0.04290000000000005,0.04325309237499678,tap2,natural,normal,20260810_140234,True
2345246,0.0078,0.0273,0.9555,2345.246,500000,-0.0078,0.0,0.04290000000000005,0.043603325561245944,tap2,natural,normal,20260810_140234,True
2347742,0.0156,0.0234,0.9594,2347.742,500000,0.0,-0.0039000000000000007,0.046800000000000064,0.04696221885729002,tap2,natural,normal,20260810_140234,True
2350240,0.0195,0.0156,0.9516,2350.24,500000,0.0039000000000000007,-0.011700000000000002,0.039000000000000035,0.040903545078635944,tap2,natural,normal,20260810_140234,True
2352753,0.0117,0.0273,0.9516,2352.753,500000,-0.003899999999999999,0.0,0.039000000000000035,0.039194514922371505,tap2,natural,normal,20260810_140234,True
2355263,0.0156,0.0234,0.9399,2355.263,500000,0.0,-0.0039000000000000007,0.02729999999999999,0.027577164466275342,tap2,natural,normal,20260810_140234,True
2357753,0.0156,0.0156,0.9516,2357.753,500000,0.0,-0.011700000000000002,0.039000000000000035,0.04071719538475118,tap2,natural,normal,20260810_140234,True
2360250,0.0156,0.0234,0.9477,2360.25,500000,0.0,-0.0039000000000000007,0.03510000000000002,0.035316002038735944,tap2,natural,normal,20260810_140234,True
2362759,0.0156,0.0195,0.9477,2362.759,500000,0.0,-0.007800000000000001,0.03510000000000002,0.03595622338344228,tap2,natural,normal,20260810_140234,True
2365241,0.0195,0.0234,0.9477,2365.241,500000,0.0039000000000000007,-0.0039000000000000007,0.03510000000000002,0.035530690958662785,tap2,natural,normal,20260810_140234,True
2367736,0.0156,0.0273,0.9477,2367.736,500000,0.0,0.0,0.03510000000000002,0.03510000000000002,tap2,natural,normal,20260810_140234,True
2370252,0.0234,0.0195,0.9516,2370.252,500000,0.007800000000000001,-0.007800000000000001,0.039000000000000035,0.04052998889711176,tap2,natural,normal,20260810_140234,True
2372745,0.0234,0.0195,0.9516,2372.745,500000,0.007800000000000001,-0.007800000000000001,0.039000000000000035,0.04052998889711176,tap2,natural,normal,20260810_140234,True
2375252,0.0195,0.0078,0.9438,2375.252,500000,0.0039000000000000007,-0.019500000000000003,0.031200000000000006,0.036998648623970044,tap2,natural,normal,20260810_140234,True
2377750,0.0273,0.0156,0.9438,2377.75,500000,0.011700000000000002,-0.011700000000000002,0.031200000000000006,0.03531600203873593,tap2,natural,normal,20260810_140234,True
2380248,0.0156,0.0234,0.9438,2380.248,500000,0.0,-0.0039000000000000007,0.031200000000000006,0.03144280521836435,tap2,natural,normal,20260810_140234,True
2382756,0.0195,0.0234,0.9399,2382.756,500000,0.0039000000000000007,-0.0039000000000000007,0.02729999999999999,0.027851570871317104,tap2,natural,normal,20260810_140234,True
2385264,0.0195,0.0273,0.9477,2385.264,500000,0.0039000000000000007,0.0,0.03510000000000002,0.035316002038735944,tap2,natural,normal,20260810_140234,True
2387755,0.0156,0.0234,0.9321,2387.755,500000,0.0,-0.0039000000000000007,0.019500000000000073,0.01988617610301193,tap2,natural,normal,20260810_140234,True
2390251,0.0156,0.0234,0.9477,2390.251,500000,0.0,-0.0039000000000000007,0.03510000000000002,0.035316002038735944,tap2,natural,normal,20260810_140234,True
2392760,0.0195,0.0234,0.9438,2392.76,500000,0.0039000000000000007,-0.0039000000000000007,0.031200000000000006,0.03168374977808025,tap2,natural,normal,20260810_140234,True
2395242,0.0273,0.0429,0.9438,2395.242,500000,0.011700000000000002,0.0156,0.031200000000000006,0.03679252641502076,tap2,natural,normal,20260810_140234,True
2397831,0.0273,0.0195,0.9399,2397.831,500000,0.011700000000000002,-0.007800000000000001,0.02729999999999999,0.030708630708646056,tap2,natural,normal,20260810_140234,True
2400236,0.0273,0.0273,0.9243,2400.236,500000,0.011700000000000002,0.0,0.011700000000000044,0.016546298679765245,tap2,natural,normal,20260810_140234,True
2402748,0.0312,0.0195,0.936,2402.748,500000,0.0156,-0.007800000000000001,0.023400000000000087,0.029184927616836814,tap2,natural,normal,20260810_140234,True
2405247,0.0234,0.0234,0.9438,2405.247,500000,0.007800000000000001,-0.0039000000000000007,0.031200000000000006,0.0323958330653805,tap2,natural,normal,20260810_140234,True
2407743,0.0156,0.0312,0.9399,2407.743,500000,0.0,0.0038999999999999972,0.02729999999999999,0.027577164466275342,tap2,natural,normal,20260810_140234,True
2410241,0.0234,0.0234,0.936,2410.241,500000,0.007800000000000001,-0.0039000000000000007,0.023400000000000087,0.024972184525988192,tap2,natural,normal,20260810_140234,True
2412753,0.0234,0.0273,0.9438,2412.753,500000,0.007800000000000001,0.0,0.031200000000000006,0.032160223879817755,tap2,natural,normal,20260810_140234,True
2415262,0.0156,0.0273,0.9321,2415.262,500000,0.0,0.0,0.019500000000000073,0.019500000000000073,tap2,natural,normal,20260810_140234,True
2417752,0.0156,0.0273,0.9438,2417.752,500000,0.0,0.0,0.031200000000000006,0.031200000000000006,tap2,natural,normal,20260810_140234,True
2420255,0.0234,0.0273,0.936,2420.255,500000,0.007800000000000001,0.0,0.023400000000000087,0.024665765749313444,tap2,natural,normal,20260810_140234,True
2422764,0.0195,0.0234,0.9477,2422.764,500000,0.0039000000000000007,-0.0039000000000000007,0.03510000000000002,0.035530690958662785,tap2,natural,normal,20260810_140234,True
2425244,0.0195,0.0312,0.9438,2425.244,500000,0.0039000000000000007,0.0038999999999999972,0.031200000000000006,0.03168374977808025,tap2,natural,normal,20260810_140234,True
2427959,0.0234,0.0273,0.9438,2427.959,500000,0.007800000000000001,0.0,0.031200000000000006,0.032160223879817755,tap2,natural,normal,20260810_140234,True
2430258,0.0195,0.0234,0.936,2430.258,500000,0.0039000000000000007,-0.0039000000000000007,0.023400000000000087,0.024041214611579095,tap2,natural,normal,20260810_140234,True
2432736,0.0195,0.0195,0.9399,2432.736,500000,0.0039000000000000007,-0.007800000000000001,0.02729999999999999,0.028659029990563176,tap2,natural,normal,20260810_140234,True
2435249,0.0156,0.0312,0.9399,2435.249,500000,0.0,0.0038999999999999972,0.02729999999999999,0.027577164466275342,tap2,natural,normal,20260810_140234,True
2437748,0.0117,0.0234,0.9477,2437.748,500000,-0.003899999999999999,-0.0039000000000000007,0.03510000000000002,0.035530690958662785,tap2,natural,normal,20260810_140234,True
2440264,0.0195,0.0234,0.9438,2440.264,500000,0.0039000000000000007,-0.0039000000000000007,0.031200000000000006,0.03168374977808025,tap2,natural,normal,20260810_140234,True
2442747,0.0156,0.0273,0.936,2442.747,500000,0.0,0.0,0.023400000000000087,0.023400000000000087,tap2,natural,normal,20260810_140234,True
2445242,0.0117,0.0351,0.9438,2445.242,500000,-0.003899999999999999,0.007799999999999998,0.031200000000000006,0.0323958330653805,tap2,natural,normal,20260810_140234,True
2447742,0.0195,0.0312,0.9399,2447.742,500000,0.0039000000000000007,0.0038999999999999972,0.02729999999999999,0.027851570871317104,tap2,natural,normal,20260810_140234,True
2450241,0.0078,0.0273,0.9477,2450.241,500000,-0.0078,0.0,0.03510000000000002,0.03595622338344228,tap2,natural,normal,20260810_140234,True
2452752,0.0156,0.0312,0.9438,2452.752,500000,0.0,0.0038999999999999972,0.031200000000000006,0.031442805218364345,tap2,natural,normal,20260810_140234,True
2455235,0.0195,0.0273,0.9399,2455.235,500000,0.0039000000000000007,0.0,0.02729999999999999,0.027577164466275342,tap2,natural,normal,20260810_140234,True
2457759,0.0156,0.0273,0.9438,2457.759,500000,0.0,0.0,0.031200000000000006,0.031200000000000006,tap2,natural,normal,20260810_140234,True
2460256,0.0078,0.0273,0.936,2460.256,500000,-0.0078,0.0,0.023400000000000087,0.024665765749313444,tap2,natural,normal,20260810_140234,True
2462764,0.0156,0.0273,0.9516,2462.764,500000,0.0,0.0,0.039000000000000035,0.039000000000000035,tap2,natural,normal,20260810_140234,True
2465247,0.0117,0.0273,0.9477,2465.247,500000,-0.003899999999999999,0.0,0.03510000000000002,0.035316002038735944,tap2,natural,normal,20260810_140234,True
2467737,0.0195,0.0273,0.9438,2467.737,500000,0.0039000000000000007,0.0,0.031200000000000006,0.03144280521836435,tap2,natural,normal,20260810_140234,True
2470251,0.0156,0.0234,0.9399,2470.251,500000,0.0,-0.0039000000000000007,0.02729999999999999,0.027577164466275342,tap2,natural,normal,20260810_140234,True
2472742,0.0195,0.0234,0.9282,2472.742,500000,0.0039000000000000007,-0.0039000000000000007,0.015600000000000058,0.01654629867976527,tap2,natural,normal,20260810_140234,True
2475264,0.0156,0.0273,0.9399,2475.264,500000,0.0,0.0,0.02729999999999999,0.02729999999999999,tap2,natural,normal,20260810_140234,True
2477754,0.0156,0.0273,0.9399,2477.754,500000,0.0,0.0,0.02729999999999999,0.02729999999999999,tap2,natural,normal,20260810_140234,True
2480251,0.0156,0.0273,0.9399,2480.251,500000,0.0,0.0,0.02729999999999999,0.02729999999999999,tap2,natural,normal,20260810_140234,True
2482761,0.0156,0.0234,0.9399,2482.761,500000,0.0,-0.0039000000000000007,0.02729999999999999,0.027577164466275342,tap2,natural,normal,20260810_140234,True
2485245,0.0117,0.0273,0.9477,2485.245,500000,-0.003899999999999999,0.0,0.03510000000000002,0.035316002038735944,tap2,natural,normal,20260810_140234,True
2487740,0.0195,0.0312,0.9438,2487.74,500000,0.0039000000000000007,0.0038999999999999972,0.031200000000000006,0.03168374977808025,tap2,natural,normal,20260810_140234,True
2490237,0.0156,0.0234,0.9438,2490.237,500000,0.0,-0.0039000000000000007,0.031200000000000006,0.03144280521836435,tap2,natural,normal,20260810_140234,True
2492750,0.0117,0.0234,0.9438,2492.75,500000,-0.003899999999999999,-0.0039000000000000007,0.031200000000000006,0.03168374977808025,tap2,natural,normal,20260810_140234,True
2495236,0.0234,0.0234,0.936,2495.236,500000,0.007800000000000001,-0.0039000000000000007,0.023400000000000087,0.024972184525988192,tap2,natural,normal,20260810_140234,True
2497821,0.0234,0.0273,0.9282,2497.821,500000,0.007800000000000001,0.0,0.015600000000000058,0.017441330224498414,tap2,natural,normal,20260810_140234,True
2500257,0.0195,0.0351,0.9399,2500.257,500000,0.0039000000000000007,0.007799999999999998,0.02729999999999999,0.028659029990563172,tap2,natural,normal,20260810_140234,True
2502736,0.0195,0.0156,0.936,2502.736,500000,0.0039000000000000007,-0.011700000000000002,0.023400000000000087,0.026451086934188624,tap2,natural,normal,20260810_140234,True
2505248,0.0156,0.0273,0.9399,2505.248,500000,0.0,0.0,0.02729999999999999,0.02729999999999999,tap2,natural,normal,20260810_140234,True
2507743,0.0312,0.0273,0.9321,2507.743,500000,0.0156,0.0,0.019500000000000073,0.024972184525988164,tap2,natural,normal,20260810_140234,True
2510241,0.0117,0.0312,0.9321,2510.241,500000,-0.003899999999999999,0.0038999999999999972,0.019500000000000073,0.020264994448555933,tap2,natural,normal,20260810_140234,True
2512753,0.0234,0.0234,0.9399,2512.753,500000,0.007800000000000001,-0.0039000000000000007,0.02729999999999999,0.028659029990563176,tap2,natural,normal,20260810_140234,True
2515237,0.0195,0.0195,0.9243,2515.237,500000,0.0039000000000000007,-0.007800000000000001,0.011700000000000044,0.014592463808418409,tap2,natural,normal,20260810_140234,True
2517760,0.0234,0.0156,0.9282,2517.76,500000,0.007800000000000001,-0.011700000000000002,0.015600000000000058,0.02100214274782461,tap2,natural,normal,20260810_140234,True
2520264,0.0273,0.0195,0.9399,2520.264,500000,0.011700000000000002,-0.007800000000000001,0.02729999999999999,0.030708630708646056,tap2,natural,normal,20260810_140234,True
2522743,0.0195,0.0273,0.9399,2522.743,500000,0.0039000000000000007,0.0,0.02729999999999999,0.027577164466275342,tap2,natural,normal,20260810_140234,True
2525256,0.0117,0.0273,0.9399,2525.256,500000,-0.003899999999999999,0.0,0.02729999999999999,0.027577164466275342,tap2,natural,normal,20260810_140234,True
2527749,0.0273,0.0273,0.9321,2527.749,500000,0.011700000000000002,0.0,0.019500000000000073,0.022740712389896733,tap2,natural,normal,20260810_140234,True
2530282,0.0156,0.0234,0.9321,2530.282,500000,0.0,-0.0039000000000000007,0.019500000000000073,0.01988617610301193,tap2,natural,normal,20260810_140234,True
2532735,0.0078,0.0195,0.9321,2532.735,500000,-0.0078,-0.007800000000000001,0.019500000000000073,0.022403794321498374,tap2,natural,normal,20260810_140234,True
2535246,0.0195,0.0234,0.936,2535.246,500000,0.0039000000000000007,-0.0039000000000000007,0.023400000000000087,0.024041214611579095,tap2,natural,normal,20260810_140234,True
2537744,0.0117,0.0234,0.936,2537.744,500000,-0.003899999999999999,-0.0039000000000000007,0.023400000000000087,0.024041214611579095,tap2,natural,normal,20260810_140234,True
2540243,0.0195,0.0234,0.936,2540.243,500000,0.0039000000000000007,-0.0039000000000000007,0.023400000000000087,0.024041214611579095,tap2,natural,normal,20260810_140234,True
2542754,0.0156,0.0195,0.936,2542.754,500000,0.0,-0.007800000000000001,0.023400000000000087,0.024665765749313444,tap2,natural,normal,20260810_140234,True
2545240,0.0234,0.0195,0.9399,2545.24,500000,0.007800000000000001,-0.007800000000000001,0.02729999999999999,0.029444354297555916,tap2,natural,normal,20260810_140234,True
2547741,0.0156,0.0195,0.9399,2547.741,500000,0.0,-0.007800000000000001,0.02729999999999999,0.028392428568194013,tap2,natural,normal,20260810_140234,True
2550237,0.0312,0.0195,0.936,2550.237,500000,0.0156,-0.007800000000000001,0.023400000000000087,0.029184927616836814,tap2,natural,normal,20260810_140234,True
2552747,0.0273,0.0234,0.9321,2552.747,500000,0.011700000000000002,-0.0039000000000000007,0.019500000000000073,0.023072711154088564,tap2,natural,normal,20260810_140234,True
2555257,0.0195,0.0234,0.9282,2555.257,500000,0.0039000000000000007,-0.0039000000000000007,0.015600000000000058,0.01654629867976527,tap2,natural,normal,20260810_140234,True
2557753,0.0195,0.0195,0.9282,2557.753,500000,0.0039000000000000007,-0.007800000000000001,0.015600000000000058,0.017872045210327828,tap2,natural,normal,20260810_140234,True
2560250,0.0156,0.0195,0.936,2560.25,500000,0.0,-0.007800000000000001,0.023400000000000087,0.024665765749313444,tap2,natural,normal,20260810_140234,True
2562759,0.0195,0.0234,0.9321,2562.759,500000,0.0039000000000000007,-0.0039000000000000007,0.019500000000000073,0.020264994448555933,tap2,natural,normal,20260810_140234,True
2565238,0.0195,0.0312,0.9438,2565.238,500000,0.0039000000000000007,0.0038999999999999972,0.031200000000000006,0.03168374977808025,tap2,natural,normal,20260810_140234,True
2567762,0.0234,0.0234,0.9321,2567.762,500000,0.007800000000000001,-0.0039000000000000007,0.019500000000000073,0.021361179742701544,tap2,natural,normal,20260810_140234,True
2570246,0.0156,0.0312,0.936,2570.246,500000,0.0,0.0038999999999999972,0.023400000000000087,0.023722773868163145,tap2,natural,normal,20260810_140234,True
2572744,0.0195,0.0312,0.9321,2572.744,500000,0.0039000000000000007,0.0038999999999999972,0.019500000000000073,0.020264994448555933,tap2,natural,normal,20260810_140234,True
2575236,0.0195,0.0234,0.9438,2575.236,500000,0.0039000000000000007,-0.0039000000000000007,0.031200000000000006,0.03168374977808025,tap2,natural,normal,20260810_140234,True
2577735,0.0273,0.0234,0.9282,2577.735,500000,0.011700000000000002,-0.0039000000000000007,0.015600000000000058,0.019886176103011906,tap2,natural,normal,20260810_140234,True
2580265,0.0195,0.0234,0.936,2580.265,500000,0.0039000000000000007,-0.0039000000000000007,0.023400000000000087,0.024041214611579095,tap2,natural,normal,20260810_140234,True
2582743,0.0195,0.0234,0.936,2582.743,500000,0.0039000000000000007,-0.0039000000000000007,0.023400000000000087,0.024041214611579095,tap2,natural,normal,20260810_140234,True
2585254,0.0156,0.0312,0.9399,2585.254,500000,0.0,0.0038999999999999972,0.02729999999999999,0.027577164466275342,tap2,natural,normal,20260810_140234,True
2587749,0.0156,0.0273,0.9243,2587.749,500000,0.0,0.0,0.011700000000000044,0.011700000000000044,tap2,natural,normal,20260810_140234,True
2590248,0.0195,0.0351,0.9282,2590.248,500000,0.0039000000000000007,0.007799999999999998,0.015600000000000058,0.017872045210327828,tap2,natural,normal,20260810_140234,True
2592759,0.0117,0.0234,0.9399,2592.759,500000,-0.003899999999999999,-0.0039000000000000007,0.02729999999999999,0.027851570871317104,tap2,natural,normal,20260810_140234,True
2595244,0.0156,0.0312,0.9438,2595.244,500000,0.0,0.0038999999999999972,0.031200000000000006,0.031442805218364345,tap2,natural,normal,20260810_140234,True
2597840,0.0156,0.0312,0.9321,2597.84,500000,0.0,0.0038999999999999972,0.019500000000000073,0.01988617610301193,tap2,natural,normal,20260810_140234,True
2600237,0.0117,0.0312,0.9438,2600.237,500000,-0.003899999999999999,0.0038999999999999972,0.031200000000000006,0.03168374977808025,tap2,natural,normal,20260810_140234,True
2602750,0.0234,0.0351,0.9282,2602.75,500000,0.007800000000000001,0.007799999999999998,0.015600000000000058,0.019106019993708836,tap2,natural,normal,20260810_140234,True
2605250,0.0234,0.0351,0.9321,2605.25,500000,0.007800000000000001,0.007799999999999998,0.019500000000000073,0.022403794321498374,tap2,natural,normal,20260810_140234,True
2607744,0.0234,0.0312,0.9399,2607.744,500000,0.007800000000000001,0.0038999999999999972,0.02729999999999999,0.028659029990563176,tap2,natural,normal,20260810_140234,True
2610241,0.0195,0.0234,0.9321,2610.241,500000,0.0039000000000000007,-0.0039000000000000007,0.019500000000000073,0.020264994448555933,tap2,natural,normal,20260810_140234,True
2612752,0.0156,0.0234,0.9321,2612.752,500000,0.0,-0.0039000000000000007,0.019500000000000073,0.01988617610301193,tap2,natural,normal,20260810_140234,True
2615263,0.0117,0.039,0.9243,2615.263,500000,-0.003899999999999999,0.011699999999999999,0.011700000000000044,0.016999705879808657,tap2,natural,normal,20260810_140234,True
2617752,0.0156,0.0312,0.936,2617.752,500000,0.0,0.0038999999999999972,0.023400000000000087,0.023722773868163145,tap2,natural,normal,20260810_140234,True
2620257,0.0117,0.0312,0.936,2620.257,500000,-0.003899999999999999,0.0038999999999999972,0.023400000000000087,0.024041214611579095,tap2,natural,normal,20260810_140234,True
2622736,0.0156,0.0234,0.9438,2622.736,500000,0.0,-0.0039000000000000007,0.031200000000000006,0.03144280521836435,tap2,natural,normal,20260810_140234,True
2625247,0.0117,0.0273,0.9399,2625.247,500000,-0.003899999999999999,0.0,0.02729999999999999,0.027577164466275342,tap2,natural,normal,20260810_140234,True
2627737,0.0195,0.0234,0.936,2627.737,500000,0.0039000000000000007,-0.0039000000000000007,0.023400000000000087,0.024041214611579095,tap2,natural,normal,20260810_140234,True
2630242,0.0156,0.0273,0.9282,2630.242,500000,0.0,0.0,0.015600000000000058,0.015600000000000058,tap2,natural,normal,20260810_140234,True
2632762,0.0195,0.0156,0.9282,2632.762,500000,0.0039000000000000007,-0.011700000000000002,0.015600000000000058,0.019886176103011906,tap2,natural,normal,20260810_140234,True
2635252,0.0234,0.0195,0.9321,2635.252,500000,0.007800000000000001,-0.007800000000000001,0.019500000000000073,0.022403794321498374,tap2,natural,normal,20260810_140234,True
2637765,0.0117,0.0273,0.9282,2637.765,500000,-0.003899999999999999,0.0,0.015600000000000058,0.016080111939908933,tap2,natural,normal,20260810_140234,True
2640236,0.0156,0.0195,0.9399,2640.236,500000,0.0,-0.007800000000000001,0.02729999999999999,0.028392428568194013,tap2,natural,normal,20260810_140234,True
2642747,0.0195,0.0273,0.936,2642.747,500000,0.0039000000000000007,0.0,0.023400000000000087,0.023722773868163145,tap2,natural,normal,20260810_140234,True
2645238,0.0234,0.0195,0.9321,2645.238,500000,0.007800000000000001,-0.007800000000000001,0.019500000000000073,0.022403794321498374,tap2,natural,normal,20260810_140234,True
2647760,0.0195,0.0273,0.9243,2647.76,500000,0.0039000000000000007,0.0,0.011700000000000044,0.012332882874656722,tap2,natural,normal,20260810_140234,True
2650260,0.0195,0.0234,0.9321,2650.26,500000,0.0039000000000000007,-0.0039000000000000007,0.019500000000000073,0.020264994448555933,tap2,natural,normal,20260810_140234,True
2652740,0.0234,0.0234,0.936,2652.74,500000,0.007800000000000001,-0.0039000000000000007,0.023400000000000087,0.024972184525988192,tap2,natural,normal,20260810_140234,True
2655254,0.0195,0.0234,0.936,2655.254,500000,0.0039000000000000007,-0.0039000000000000007,0.023400000000000087,0.024041214611579095,tap2,natural,normal,20260810_140234,True
2657745,0.0234,0.0234,0.9243,2657.745,500000,0.007800000000000001,-0.0039000000000000007,0.011700000000000044,0.014592463808418409,tap2,natural,normal,20260810_140234,True
2660241,0.0234,0.0234,0.9243,2660.241,500000,0.007800000000000001,-0.0039000000000000007,0.011700000000000044,0.014592463808418409,tap2,natural,normal,20260810_140234,True
2662752,0.0234,0.0234,0.9321,2662.752,500000,0.007800000000000001,-0.0039000000000000007,0.019500000000000073,0.021361179742701544,tap2,natural,normal,20260810_140234,True
2665235,0.0234,0.0195,0.9282,2665.235,500000,0.007800000000000001,-0.007800000000000001,0.015600000000000058,0.01910601999370884,tap2,natural,normal,20260810_140234,True
2667757,0.0195,0.0195,0.9282,2667.757,500000,0.0039000000000000007,-0.007800000000000001,0.015600000000000058,0.017872045210327828,tap2,natural,normal,20260810_140234,True
2670241,0.0195,0.0234,0.9282,2670.241,500000,0.0039000000000000007,-0.0039000000000000007,0.015600000000000058,0.01654629867976527,tap2,natural,normal,20260810_140234,True
2672761,0.0195,0.0351,0.9321,2672.761,500000,0.0039000000000000007,0.007799999999999998,0.019500000000000073,0.021361179742701544,tap2,natural,normal,20260810_140234,True
2675253,0.0234,0.0234,0.9243,2675.253,500000,0.007800000000000001,-0.0039000000000000007,0.011700000000000044,0.014592463808418409,tap2,natural,normal,20260810_140234,True
2677750,0.0195,0.0195,0.9282,2677.75,500000,0.0039000000000000007,-0.007800000000000001,0.015600000000000058,0.017872045210327828,tap2,natural,normal,20260810_140234,True
2680248,0.0312,0.0273,0.9282,2680.248,500000,0.0156,0.0,0.015600000000000058,0.022061731573020323,tap2,natural,normal,20260810_140234,True
2682757,0.0234,0.0195,0.9243,2682.757,500000,0.007800000000000001,-0.007800000000000001,0.011700000000000044,0.01608011193990891,tap2,natural,normal,20260810_140234,True
2685238,0.0195,0.0273,0.9282,2685.238,500000,0.0039000000000000007,0.0,0.015600000000000058,0.016080111939908933,tap2,natural,normal,20260810_140234,True
2687736,0.0195,0.0273,0.9282,2687.736,500000,0.0039000000000000007,0.0,0.015600000000000058,0.016080111939908933,tap2,natural,normal,20260810_140234,True
2690264,0.0156,0.0234,0.9243,2690.264,500000,0.0,-0.0039000000000000007,0.011700000000000044,0.012332882874656722,tap2,natural,normal,20260810_140234,True
2692743,0.0195,0.0195,0.9321,2692.743,500000,0.0039000000000000007,-0.007800000000000001,0.019500000000000073,0.021361179742701544,tap2,natural,normal,20260810_140234,True
2695261,0.0156,0.0312,0.9321,2695.261,500000,0.0,0.0038999999999999972,0.019500000000000073,0.01988617610301193,tap2,natural,normal,20260810_140234,True
2697800,0.0156,0.0312,0.9282,2697.8,500000,0.0,0.0038999999999999972,0.015600000000000058,0.016080111939908933,tap2,natural,normal,20260810_140234,True
2700243,0.0156,0.0351,0.9282,2700.243,500000,0.0,0.007799999999999998,0.015600000000000058,0.01744133022449841,tap2,natural,normal,20260810_140234,True
2702742,0.0156,0.0312,0.9165,2702.742,500000,0.0,0.0038999999999999972,0.0039000000000000146,0.005515432893255079,tap2,natural,normal,20260810_140234,True
2705242,0.0234,0.0234,0.9282,2705.242,500000,0.007800000000000001,-0.0039000000000000007,0.015600000000000058,0.017872045210327828,tap2,natural,normal,20260810_140234,True
2707736,0.0234,0.0312,0.9282,2707.736,500000,0.007800000000000001,0.0038999999999999972,0.015600000000000058,0.017872045210327828,tap2,natural,normal,20260810_140234,True
2710264,0.0195,0.0234,0.9243,2710.264,500000,0.0039000000000000007,-0.0039000000000000007,0.011700000000000044,0.012934836682386099,tap2,natural,normal,20260810_140234,True
2712742,0.0156,0.0195,0.9321,2712.742,500000,0.0,-0.007800000000000001,0.019500000000000073,0.021002142747824634,tap2,natural,normal,20260810_140234,True
2715254,0.0156,0.0234,0.9321,2715.254,500000,0.0,-0.0039000000000000007,0.019500000000000073,0.01988617610301193,tap2,natural,normal,20260810_140234,True
2717752,0.0234,0.0234,0.936,2717.752,500000,0.007800000000000001,-0.0039000000000000007,0.023400000000000087,0.024972184525988192,tap2,natural,normal,20260810_140234,True
2720256,0.0,0.0312,0.9243,2720.256,500000,-0.0156,0.0038999999999999972,0.011700000000000044,0.019886176103011886,tap2,natural,normal,20260810_140234,True
2722735,0.0117,0.0273,0.9282,2722.735,500000,-0.003899999999999999,0.0,0.015600000000000058,0.016080111939908933,tap2,natural,normal,20260810_140234,True
2725247,0.0078,0.0351,0.9282,2725.247,500000,-0.0078,0.007799999999999998,0.015600000000000058,0.019106019993708836,tap2,natural,normal,20260810_140234,True
2727746,0.0117,0.0273,0.936,2727.746,500000,-0.003899999999999999,0.0,0.023400000000000087,0.023722773868163145,tap2,natural,normal,20260810_140234,True
2730250,0.0156,0.0312,0.9243,2730.25,500000,0.0,0.0038999999999999972,0.011700000000000044,0.01233288287465672,tap2,natural,normal,20260810_140234,True
2732759,0.0234,0.0273,0.9399,2732.759,500000,0.007800000000000001,0.0,0.02729999999999999,0.028392428568194013,tap2,natural,normal,20260810_140234,True
2735267,0.0117,0.0234,0.9243,2735.267,500000,-0.003899999999999999,-0.0039000000000000007,0.011700000000000044,0.012934836682386099,tap2,natural,normal,20260810_140234,True
2737753,0.0156,0.0312,0.9321,2737.753,500000,0.0,0.0038999999999999972,0.019500000000000073,0.01988617610301193,tap2,natural,normal,20260810_140234,True
2740250,0.0156,0.0273,0.9282,2740.25,500000,0.0,0.0,0.015600000000000058,0.015600000000000058,tap2,natural,normal,20260810_140234,True
2742759,0.0156,0.0273,0.9243,2742.759,500000,0.0,0.0,0.011700000000000044,0.011700000000000044,tap2,natural,normal,20260810_140234,True
2745245,0.0195,0.0312,0.9321,2745.245,500000,0.0039000000000000007,0.0038999999999999972,0.019500000000000073,0.020264994448555933,tap2,natural,normal,20260810_140234,True
2747740,0.0195,0.0273,0.9282,2747.74,500000,0.0039000000000000007,0.0,0.015600000000000058,0.016080111939908933,tap2,natural,normal,20260810_140234,True
2750237,0.0195,0.0234,0.9321,2750.237,500000,0.0039000000000000007,-0.0039000000000000007,0.019500000000000073,0.020264994448555933,tap2,natural,normal,20260810_140234,True
2752749,0.0195,0.0234,0.9321,2752.749,500000,0.0039000000000000007,-0.0039000000000000007,0.019500000000000073,0.020264994448555933,tap2,natural,normal,20260810_140234,True
2755263,0.0195,0.0234,0.9243,2755.263,500000,0.0039000000000000007,-0.0039000000000000007,0.011700000000000044,0.012934836682386099,tap2,natural,normal,20260810_140234,True
2757749,0.0195,0.0195,0.9282,2757.749,500000,0.0039000000000000007,-0.007800000000000001,0.015600000000000058,0.017872045210327828,tap2,natural,normal,20260810_140234,True
2760247,0.0273,0.0273,0.9282,2760.247,500000,0.011700000000000002,0.0,0.015600000000000058,0.01950000000000005,tap2,natural,normal,20260810_140234,True
2762757,0.0039,0.0273,0.9282,2762.757,500000,-0.011699999999999999,0.0,0.015600000000000058,0.019500000000000045,tap2,natural,normal,20260810_140234,True
2765239,0.0156,0.0351,0.9282,2765.239,500000,0.0,0.007799999999999998,0.015600000000000058,0.01744133022449841,tap2,natural,normal,20260810_140234,True
2767750,0.0156,0.0156,0.9282,2767.75,500000,0.0,-0.011700000000000002,0.015600000000000058,0.01950000000000005,tap2,natural,normal,20260810_140234,True
2770259,0.0195,0.0273,0.9282,2770.259,500000,0.0039000000000000007,0.0,0.015600000000000058,0.016080111939908933,tap2,natural,normal,20260810_140234,True
2772753,0.0117,0.0312,0.9204,2772.753,500000,-0.003899999999999999,0.0038999999999999972,0.007800000000000029,0.009553009996854416,tap2,natural,normal,20260810_140234,True
2775248,0.0156,0.0273,0.9243,2775.248,500000,0.0,0.0,0.011700000000000044,0.011700000000000044,tap2,natural,normal,20260810_140234,True
2777744,0.0195,0.0156,0.9243,2777.744,500000,0.0039000000000000007,-0.011700000000000002,0.011700000000000044,0.01699970587980866,tap2,natural,normal,20260810_140234,True
2780241,0.0195,0.0312,0.9282,2780.241,500000,0.0039000000000000007,0.0038999999999999972,0.015600000000000058,0.016546298679765266,tap2,natural,normal,20260810_140234,True
2782754,0.0117,0.0273,0.9282,2782.754,500000,-0.003899999999999999,0.0,0.015600000000000058,0.016080111939908933,tap2,natural,normal,20260810_140234,True
2785236,0.0195,0.0234,0.9243,2785.236,500000,0.0039000000000000007,-0.0039000000000000007,0.011700000000000044,0.012934836682386099,tap2,natural,normal,20260810_140234,True
2787763,0.0117,0.0234,0.9282,2787.763,500000,-0.003899999999999999,-0.0039000000000000007,0.015600000000000058,0.016546298679765266,tap2,natural,normal,20260810_140234,True
2790261,0.0195,0.0273,0.9282,2790.261,500000,0.0039000000000000007,0.0,0.015600000000000058,0.016080111939908933,tap2,natural,normal,20260810_140234,True
2792742,0.0195,0.0273,0.9282,2792.742,500000,0.0039000000000000007,0.0,0.015600000000000058,0.016080111939908933,tap2,natural,normal,20260810_140234,True
2795255,0.0234,0.0234,0.9243,2795.255,500000,0.007800000000000001,-0.0039000000000000007,0.011700000000000044,0.014592463808418409,tap2,natural,normal,20260810_140234,True
2797850,0.0312,0.0273,0.936,2797.85,500000,0.0156,0.0,0.023400000000000087,0.028123299948619188,tap2,natural,normal,20260810_140234,True
2800241,0.0195,0.0234,0.9204,2800.241,500000,0.0039000000000000007,-0.0039000000000000007,0.007800000000000029,0.00955300999685442,tap2,natural,normal,20260810_140234,True
2802755,0.0234,0.0234,0.9204,2802.755,500000,0.007800000000000001,-0.0039000000000000007,0.007800000000000029,0.011700000000000021,tap2,natural,normal,20260810_140234,True
2805255,0.0195,0.0273,0.9204,2805.255,500000,0.0039000000000000007,0.0,0.007800000000000029,0.008720665112249207,tap2,natural,normal,20260810_140234,True
2807748,0.0156,0.0312,0.9243,2807.748,500000,0.0,0.0038999999999999972,0.011700000000000044,0.01233288287465672,tap2,natural,normal,20260810_140234,True
2810244,0.0156,0.0312,0.9204,2810.244,500000,0.0,0.0038999999999999972,0.007800000000000029,0.008720665112249205,tap2,natural,normal,20260810_140234,True
2812754,0.0156,0.0312,0.9282,2812.754,500000,0.0,0.0038999999999999972,0.015600000000000058,0.016080111939908933,tap2,natural,normal,20260810_140234,True
2815236,0.0273,0.0273,0.9126,2815.236,500000,0.011700000000000002,0.0,0.0,0.011700000000000002,tap2,natural,normal,20260810_140234,True
2817756,0.0273,0.0195,0.9243,2817.756,500000,0.011700000000000002,-0.007800000000000001,0.011700000000000044,0.018292621463311405,tap2,natural,normal,20260810_140234,True
2820260,0.0273,0.0195,0.9204,2820.26,500000,0.011700000000000002,-0.007800000000000001,0.007800000000000029,0.01608011193990889,tap2,natural,normal,20260810_140234,True
2822740,0.0234,0.0234,0.9243,2822.74,500000,0.007800000000000001,-0.0039000000000000007,0.011700000000000044,0.014592463808418409,tap2,natural,normal,20260810_140234,True
2825251,0.0234,0.0234,0.9243,2825.251,500000,0.007800000000000001,-0.0039000000000000007,0.011700000000000044,0.014592463808418409,tap2,natural,normal,20260810_140234,True
2827751,0.0195,0.0312,0.9321,2827.751,500000,0.0039000000000000007,0.0038999999999999972,0.019500000000000073,0.020264994448555933,tap2,natural,normal,20260810_140234,True
2830253,0.0195,0.0234,0.9282,2830.253,500000,0.0039000000000000007,-0.0039000000000000007,0.015600000000000058,0.01654629867976527,tap2,natural,normal,20260810_140234,True
2832744,0.0195,0.0273,0.9243,2832.744,500000,0.0039000000000000007,0.0,0.011700000000000044,0.012332882874656722,tap2,natural,normal,20260810_140234,True
2835243,0.0234,0.0195,0.9321,2835.243,500000,0.007800000000000001,-0.007800000000000001,0.019500000000000073,0.022403794321498374,tap2,natural,normal,20260810_140234,True
2837738,0.0195,0.0234,0.9204,2837.738,500000,0.0039000000000000007,-0.0039000000000000007,0.007800000000000029,0.00955300999685442,tap2,natural,normal,20260810_140234,True
2840238,0.0156,0.0312,0.9321,2840.238,500000,0.0,0.0038999999999999972,0.019500000000000073,0.01988617610301193,tap2,natural,normal,20260810_140234,True
2842752,0.0156,0.0234,0.9282,2842.752,500000,0.0,-0.0039000000000000007,0.015600000000000058,0.016080111939908933,tap2,natural,normal,20260810_140234,True
2845240,0.0234,0.0195,0.9204,2845.24,500000,0.007800000000000001,-0.007800000000000001,0.007800000000000029,0.013509996299037262,tap2,natural,normal,20260810_140234,True
2847735,0.0117,0.0234,0.9204,2847.735,500000,-0.003899999999999999,-0.0039000000000000007,0.007800000000000029,0.009553009996854418,tap2,natural,normal,20260810_140234,True
2850262,0.0195,0.0273,0.9204,2850.262,500000,0.0039000000000000007,0.0,0.007800000000000029,0.008720665112249207,tap2,natural,normal,20260810_140234,True
2852742,0.0156,0.0273,0.9165,2852.742,500000,0.0,0.0,0.0039000000000000146,0.0039000000000000146,tap2,natural,normal,20260810_140234,True
2855252,0.0234,0.0195,0.9243,2855.252,500000,0.007800000000000001,-0.007800000000000001,0.011700000000000044,0.01608011193990891,tap2,natural,normal,20260810_140234,True
2857747,0.0195,0.0234,0.9321,2857.747,500000,0.0039000000000000007,-0.0039000000000000007,0.019500000000000073,0.020264994448555933,tap2,natural,normal,20260810_140234,True
2860244,0.0234,0.0195,0.9282,2860.244,500000,0.007800000000000001,-0.007800000000000001,0.015600000000000058,0.01910601999370884,tap2,natural,normal,20260810_140234,True
2862756,0.0195,0.0273,0.9204,2862.756,500000,0.0039000000000000007,0.0,0.007800000000000029,0.008720665112249207,tap2,natural,normal,20260810_140234,True
2865237,0.0234,0.0195,0.9243,2865.237,500000,0.007800000000000001,-0.007800000000000001,0.011700000000000044,0.01608011193990891,tap2,natural,normal,20260810_140234,True
2867762,0.0156,0.0312,0.9321,2867.762,500000,0.0,0.0038999999999999972,0.019500000000000073,0.01988617610301193,tap2,natural,normal,20260810_140234,True
2870265,0.0156,0.0273,0.9204,2870.265,500000,0.0,0.0,0.007800000000000029,0.007800000000000029,tap2,natural,normal,20260810_140234,True
2872750,0.0195,0.0273,0.9204,2872.75,500000,0.0039000000000000007,0.0,0.007800000000000029,0.008720665112249207,tap2,natural,normal,20260810_140234,True
2875241,0.0195,0.0195,0.9204,2875.241,500000,0.0039000000000000007,-0.007800000000000001,0.007800000000000029,0.011700000000000021,tap2,natural,normal,20260810_140234,True
2877762,0.0195,0.0195,0.9204,2877.762,500000,0.0039000000000000007,-0.007800000000000001,0.007800000000000029,0.011700000000000021,tap2,natural,normal,20260810_140234,True
2880261,0.0156,0.0273,0.9204,2880.261,500000,0.0,0.0,0.007800000000000029,0.007800000000000029,tap2,natural,normal,20260810_140234,True
2882742,0.0156,0.0156,0.9126,2882.742,500000,0.0,-0.011700000000000002,0.0,0.011700000000000002,tap2,natural,normal,20260810_140234,True
2885255,0.0156,0.0234,0.9165,2885.255,500000,0.0,-0.0039000000000000007,0.0039000000000000146,0.005515432893255082,tap2,natural,normal,20260810_140234,True
2887752,0.0234,0.0156,0.9243,2887.752,500000,0.007800000000000001,-0.011700000000000002,0.011700000000000044,0.018292621463311405,tap2,natural,normal,20260810_140234,True
2890249,0.0234,0.0273,0.9243,2890.249,500000,0.007800000000000001,0.0,0.011700000000000044,0.014061649974309596,tap2,natural,normal,20260810_140234,True
2892756,0.0195,0.0234,0.9243,2892.756,500000,0.0039000000000000007,-0.0039000000000000007,0.011700000000000044,0.012934836682386099,tap2,natural,normal,20260810_140234,True
2895243,0.0195,0.0234,0.9243,2895.243,500000,0.0039000000000000007,-0.0039000000000000007,0.011700000000000044,0.012934836682386099,tap2,natural,normal,20260810_140234,True
2897832,0.0195,0.0234,0.9282,2897.832,500000,0.0039000000000000007,-0.0039000000000000007,0.015600000000000058,0.01654629867976527,tap2,natural,normal,20260810_140234,True
2900253,0.0195,0.0234,0.9282,2900.253,500000,0.0039000000000000007,-0.0039000000000000007,0.015600000000000058,0.01654629867976527,tap2,natural,normal,20260810_140234,True
2902763,0.0156,0.0234,0.9204,2902.763,500000,0.0,-0.0039000000000000007,0.007800000000000029,0.008720665112249207,tap2,natural,normal,20260810_140234,True
2905265,0.0234,0.0273,0.9165,2905.265,500000,0.007800000000000001,0.0,0.0039000000000000146,0.008720665112249188,tap2,natural,normal,20260810_140234,True
2907750,0.0156,0.0156,0.9204,2907.75,500000,0.0,-0.011700000000000002,0.007800000000000029,0.014061649974309576,tap2,natural,normal,20260810_140234,True
2910250,0.0039,0.0273,0.9321,2910.25,500000,-0.011699999999999999,0.0,0.019500000000000073,0.022740712389896733,tap2,natural,normal,20260810_140234,True
2912757,0.0156,0.0273,0.9243,2912.757,500000,0.0,0.0,0.011700000000000044,0.011700000000000044,tap2,natural,normal,20260810_140234,True
2915236,0.0195,0.0234,0.9282,2915.236,500000,0.0039000000000000007,-0.0039000000000000007,0.015600000000000058,0.01654629867976527,tap2,natural,normal,20260810_140234,True
2917762,0.0195,0.0195,0.9204,2917.762,500000,0.0039000000000000007,-0.007800000000000001,0.007800000000000029,0.011700000000000021,tap2,natural,normal,20260810_140234,True
2920237,0.0117,0.0312,0.9165,2920.237,500000,-0.003899999999999999,0.0038999999999999972,0.0039000000000000146,0.006754998149518627,tap2,natural,normal,20260810_140234,True
2922748,0.0117,0.0273,0.9165,2922.748,500000,-0.003899999999999999,0.0,0.0039000000000000146,0.00551543289325508,tap2,natural,normal,20260810_140234,True
2925261,0.0156,0.0312,0.9399,2925.261,500000,0.0,0.0038999999999999972,0.02729999999999999,0.027577164466275342,tap2,natural,normal,20260810_140234,True
2927751,0.0156,0.0273,0.9126,2927.751,500000,0.0,0.0,0.0,0.0,tap2,natural,normal,20260810_140234,True
2930254,0.0195,0.0156,0.9282,2930.254,500000,0.0039000000000000007,-0.011700000000000002,0.015600000000000058,0.019886176103011906,tap2,natural,normal,20260810_140234,True
2932757,0.0312,0.0234,0.9282,2932.757,500000,0.0156,-0.0039000000000000007,0.015600000000000058,0.02240379432149835,tap2,natural,normal,20260810_140234,True
2935248,0.0195,0.0312,0.9165,2935.248,500000,0.0039000000000000007,0.0038999999999999972,0.0039000000000000146,0.006754998149518628,tap2,natural,normal,20260810_140234,True
2937738,0.0195,0.0195,0.9204,2937.738,500000,0.0039000000000000007,-0.007800000000000001,0.007800000000000029,0.011700000000000021,tap2,natural,normal,20260810_140234,True
2940247,0.0156,0.0273,0.9204,2940.247,500000,0.0,0.0,0.007800000000000029,0.007800000000000029,tap2,natural,normal,20260810_140234,True
2942756,0.0234,0.0351,0.9204,2942.756,500000,0.007800000000000001,0.007799999999999998,0.007800000000000029,0.01350999629903726,tap2,natural,normal,20260810_140234,True
2945245,0.0195,0.0273,0.9165,2945.245,500000,0.0039000000000000007,0.0,0.0039000000000000146,0.005515432893255082,tap2,natural,normal,20260810_140234,True
2947741,0.0312,0.0234,0.9243,2947.741,500000,0.0156,-0.0039000000000000007,0.011700000000000044,0.019886176103011886,tap2,natural,normal,20260810_140234,True
2950236,0.0195,0.0234,0.9204,2950.236,500000,0.0039000000000000007,-0.0039000000000000007,0.007800000000000029,0.00955300999685442,tap2,natural,normal,20260810_140234,True
2952747,0.0234,0.0156,0.9165,2952.747,500000,0.007800000000000001,-0.011700000000000002,0.0039000000000000146,0.014592463808418377,tap2,natural,normal,20260810_140234,True
2955259,0.0195,0.0312,0.9282,2955.259,500000,0.0039000000000000007,0.0038999999999999972,0.015600000000000058,0.016546298679765266,tap2,natural,normal,20260810_140234,True
2957751,0.0195,0.0195,0.9204,2957.751,500000,0.0039000000000000007,-0.007800000000000001,0.007800000000000029,0.011700000000000021,tap2,natural,normal,20260810_140234,True
2960249,0.0195,0.0273,0.9243,2960.249,500000,0.0039000000000000007,0.0,0.011700000000000044,0.012332882874656722,tap2,natural,normal,20260810_140234,True
2962759,0.0195,0.0234,0.9165,2962.759,500000,0.0039000000000000007,-0.0039000000000000007,0.0039000000000000146,0.006754998149518631,tap2,natural,normal,20260810_140234,True
2965259,0.0195,0.0273,0.9243,2965.259,500000,0.0039000000000000007,0.0,0.011700000000000044,0.012332882874656722,tap2,natural,normal,20260810_140234,True
2967747,0.0234,0.0273,0.9282,2967.747,500000,0.007800000000000001,0.0,0.015600000000000058,0.017441330224498414,tap2,natural,normal,20260810_140234,True
2970260,0.0234,0.0195,0.9126,2970.26,500000,0.007800000000000001,-0.007800000000000001,0.0,0.011030865786510143,tap2,natural,normal,20260810_140234,True
2972745,0.0195,0.0351,0.9165,2972.745,500000,0.0039000000000000007,0.007799999999999998,0.0039000000000000146,0.0095530099968544,tap2,natural,normal,20260810_140234,True
2975238,0.0195,0.0234,0.936,2975.238,500000,0.0039000000000000007,-0.0039000000000000007,0.023400000000000087,0.024041214611579095,tap2,natural,normal,20260810_140234,True
2977759,0.0195,0.0195,0.9165,2977.759,500000,0.0039000000000000007,-0.007800000000000001,0.0039000000000000146,0.009553009996854402,tap2,natural,normal,20260810_140234,True
2980256,0.0234,0.0234,0.9204,2980.256,500000,0.007800000000000001,-0.0039000000000000007,0.007800000000000029,0.011700000000000021,tap2,natural,normal,20260810_140234,True
2982764,0.0156,0.0234,0.9165,2982.764,500000,0.0,-0.0039000000000000007,0.0039000000000000146,0.005515432893255082,tap2,natural,normal,20260810_140234,True
2985246,0.0195,0.0351,0.9243,2985.246,500000,0.0039000000000000007,0.007799999999999998,0.011700000000000044,0.014592463808418405,tap2,natural,normal,20260810_140234,True
2987736,0.0156,0.0273,0.9243,2987.736,500000,0.0,0.0,0.011700000000000044,0.011700000000000044,tap2,natural,normal,20260810_140234,True
2990263,0.0234,0.0195,0.9204,2990.263,500000,0.007800000000000001,-0.007800000000000001,0.007800000000000029,0.013509996299037262,tap2,natural,normal,20260810_140234,True
2992743,0.0156,0.0273,0.9321,2992.743,500000,0.0,0.0,0.019500000000000073,0.019500000000000073,tap2,natural,normal,20260810_140234,True
2995261,0.0195,0.0273,0.9243,2995.261,500000,0.0039000000000000007,0.0,0.011700000000000044,0.012332882874656722,tap2,natural,normal,20260810_140234,True
2997880,0.0195,0.0195,0.9282,2997.88,500000,0.0039000000000000007,-0.007800000000000001,0.015600000000000058,0.017872045210327828,tap2,natural,normal,20260810_140234,True
3000249,0.0195,0.0195,0.9282,3000.249,500000,0.0039000000000000007,-0.007800000000000001,0.015600000000000058,0.017872045210327828,tap2,natural,normal,20260810_140234,True
3002756,0.0156,0.0351,0.9165,3002.756,500000,0.0,0.007799999999999998,0.0039000000000000146,0.008720665112249185,tap2,natural,normal,20260810_140234,True
3005239,0.0156,0.0312,0.9243,3005.239,500000,0.0,0.0038999999999999972,0.011700000000000044,0.01233288287465672,tap2,natural,normal,20260810_140234,True
3007762,0.0117,0.0234,0.9282,3007.762,500000,-0.003899999999999999,-0.0039000000000000007,0.015600000000000058,0.016546298679765266,tap2,natural,normal,20260810_140234,True
3010262,0.0195,0.0312,0.9204,3010.262,500000,0.0039000000000000007,0.0038999999999999972,0.007800000000000029,0.009553009996854418,tap2,natural,normal,20260810_140234,True
3012740,0.0117,0.0312,0.9204,3012.74,500000,-0.003899999999999999,0.0038999999999999972,0.007800000000000029,0.009553009996854416,tap2,natural,normal,20260810_140234,True
3015250,0.0195,0.0234,0.9204,3015.25,500000,0.0039000000000000007,-0.0039000000000000007,0.007800000000000029,0.00955300999685442,tap2,natural,normal,20260810_140234,True
3017749,0.0156,0.0273,0.9087,3017.749,500000,0.0,0.0,-0.0039000000000000146,0.0039000000000000146,tap2,natural,normal,20260810_140234,True
3020253,0.0234,0.0195,0.9243,3020.253,500000,0.007800000000000001,-0.007800000000000001,0.011700000000000044,0.01608011193990891,tap2,natural,normal,20260810_140234,True
3022764,0.0195,0.0312,0.9321,3022.764,500000,0.0039000000000000007,0.0038999999999999972,0.019500000000000073,0.020264994448555933,tap2,natural,normal,20260810_140234,True
3025244,0.0273,0.0234,0.9243,3025.244,500000,0.011700000000000002,-0.0039000000000000007,0.011700000000000044,0.01699970587980866,tap2,natural,normal,20260810_140234,True
3027747,0.0234,0.0156,0.9282,3027.747,500000,0.007800000000000001,-0.011700000000000002,0.015600000000000058,0.02100214274782461,tap2,natural,normal,20260810_140234,True
3030238,0.0078,0.0234,0.9165,3030.238,500000,-0.0078,-0.0039000000000000007,0.0039000000000000146,0.0095530099968544,tap2,natural,normal,20260810_140234,True
3032753,0.0195,0.0312,0.9165,3032.753,500000,0.0039000000000000007,0.0038999999999999972,0.0039000000000000146,0.006754998149518628,tap2,natural,normal,20260810_140234,True
3035248,0.0156,0.0273,0.9204,3035.248,500000,0.0,0.0,0.007800000000000029,0.007800000000000029,tap2,natural,normal,20260810_140234,True
3037740,0.0156,0.0273,0.9243,3037.74,500000,0.0,0.0,0.011700000000000044,0.011700000000000044,tap2,natural,normal,20260810_140234,True
3040236,0.0156,0.0312,0.936,3040.236,500000,0.0,0.0038999999999999972,0.023400000000000087,0.023722773868163145,tap2,natural,normal,20260810_140234,True
3042753,0.0156,0.0195,0.9282,3042.753,500000,0.0,-0.007800000000000001,0.015600000000000058,0.017441330224498414,tap2,natural,normal,20260810_140234,True
3045249,0.0273,0.0234,0.9282,3045.249,500000,0.011700000000000002,-0.0039000000000000007,0.015600000000000058,0.019886176103011906,tap2,natural,normal,20260810_140234,True
3047744,0.0234,0.0195,0.9204,3047.744,500000,0.007800000000000001,-0.007800000000000001,0.007800000000000029,0.013509996299037262,tap2,natural,normal,20260810_140234,True
3050241,0.0234,0.0234,0.9165,3050.241,500000,0.007800000000000001,-0.0039000000000000007,0.0039000000000000146,0.009553009996854402,tap2,natural,normal,20260810_140234,True
3052754,0.0156,0.0195,0.9204,3052.754,500000,0.0,-0.007800000000000001,0.007800000000000029,0.011030865786510163,tap2,natural,normal,20260810_140234,True
3055238,0.0156,0.0195,0.9204,3055.238,500000,0.0,-0.007800000000000001,0.007800000000000029,0.011030865786510163,tap2,natural,normal,20260810_140234,True
3057764,0.0234,0.0195,0.9243,3057.764,500000,0.007800000000000001,-0.007800000000000001,0.011700000000000044,0.01608011193990891,tap2,natural,normal,20260810_140234,True
3060260,0.0195,0.0234,0.9243,3060.26,500000,0.0039000000000000007,-0.0039000000000000007,0.011700000000000044,0.012934836682386099,tap2,natural,normal,20260810_140234,True
3062740,0.0156,0.0312,0.9204,3062.74,500000,0.0,0.0038999999999999972,0.007800000000000029,0.008720665112249205,tap2,natural,normal,20260810_140234,True
3065253,0.0195,0.0273,0.9165,3065.253,500000,0.0039000000000000007,0.0,0.0039000000000000146,0.005515432893255082,tap2,natural,normal,20260810_140234,True
3067744,0.0234,0.0195,0.9243,3067.744,500000,0.007800000000000001,-0.007800000000000001,0.011700000000000044,0.01608011193990891,tap2,natural,normal,20260810_140234,True
3070237,0.0195,0.0273,0.9165,3070.237,500000,0.0039000000000000007,0.0,0.0039000000000000146,0.005515432893255082,tap2,natural,normal,20260810_140234,True
3072759,0.0234,0.0195,0.9243,3072.759,500000,0.007800000000000001,-0.007800000000000001,0.011700000000000044,0.01608011193990891,tap2,natural,normal,20260810_140234,True
3075250,0.0156,0.0273,0.9204,3075.25,500000,0.0,0.0,0.007800000000000029,0.007800000000000029,tap2,natural,normal,20260810_140234,True
3077747,0.0195,0.0234,0.9165,3077.747,500000,0.0039000000000000007,-0.0039000000000000007,0.0039000000000000146,0.006754998149518631,tap2,natural,normal,20260810_140234,True
3080244,0.0156,0.0273,0.9165,3080.244,500000,0.0,0.0,0.0039000000000000146,0.0039000000000000146,tap2,natural,normal,20260810_140234,True
3082755,0.0234,0.0234,0.9126,3082.755,500000,0.007800000000000001,-0.0039000000000000007,0.0,0.008720665112249181,tap2,natural,normal,20260810_140234,True
3085236,0.0117,0.0234,0.9204,3085.236,500000,-0.003899999999999999,-0.0039000000000000007,0.007800000000000029,0.009553009996854418,tap2,natural,normal,20260810_140234,True
3087756,0.0234,0.0195,0.9282,3087.756,500000,0.007800000000000001,-0.007800000000000001,0.015600000000000058,0.01910601999370884,tap2,natural,normal,20260810_140234,True
3090254,0.0195,0.0234,0.9243,3090.254,500000,0.0039000000000000007,-0.0039000000000000007,0.011700000000000044,0.012934836682386099,tap2,natural,normal,20260810_140234,True
3092762,0.0195,0.0234,0.9204,3092.762,500000,0.0039000000000000007,-0.0039000000000000007,0.007800000000000029,0.00955300999685442,tap2,natural,normal,20260810_140234,True
3095236,0.0312,0.0195,0.9087,3095.236,500000,0.0156,-0.007800000000000001,-0.0039000000000000146,0.01787204521032778,tap2,natural,normal,20260810_140234,True
3097821,0.0156,0.0234,0.9165,3097.821,500000,0.0,-0.0039000000000000007,0.0039000000000000146,0.005515432893255082,tap2,natural,normal,20260810_140234,True
3100261,0.0117,0.0273,0.9165,3100.261,500000,-0.003899999999999999,0.0,0.0039000000000000146,0.00551543289325508,tap2,natural,normal,20260810_140234,True
3102742,0.0156,0.0312,0.9126,3102.742,500000,0.0,0.0038999999999999972,0.0,0.0038999999999999972,tap2,natural,normal,20260810_140234,True
3105245,0.0234,0.0234,0.9243,3105.245,500000,0.007800000000000001,-0.0039000000000000007,0.011700000000000044,0.014592463808418409,tap2,natural,normal,20260810_140234,True
3107760,0.0234,0.0234,0.9243,3107.76,500000,0.007800000000000001,-0.0039000000000000007,0.011700000000000044,0.014592463808418409,tap2,natural,normal,20260810_140234,True
3110261,0.0156,0.0273,0.9243,3110.261,500000,0.0,0.0,0.011700000000000044,0.011700000000000044,tap2,natural,normal,20260810_140234,True
3112742,0.0195,0.0234,0.936,3112.742,500000,0.0039000000000000007,-0.0039000000000000007,0.023400000000000087,0.024041214611579095,tap2,natural,normal,20260810_140234,True
3115258,0.0273,0.0234,0.9204,3115.258,500000,0.011700000000000002,-0.0039000000000000007,0.007800000000000029,0.01459246380841839,tap2,natural,normal,20260810_140234,True
3117748,0.0234,0.0234,0.9165,3117.748,500000,0.007800000000000001,-0.0039000000000000007,0.0039000000000000146,0.009553009996854402,tap2,natural,normal,20260810_140234,True
3120250,0.0156,0.0234,0.9126,3120.25,500000,0.0,-0.0039000000000000007,0.0,0.0039000000000000007,tap2,natural,normal,20260810_140234,True
3122738,0.0156,0.0273,0.9321,3122.738,500000,0.0,0.0,0.019500000000000073,0.019500000000000073,tap2,natural,normal,20260810_140234,True
3125255,0.0273,0.0234,0.9282,3125.255,500000,0.011700000000000002,-0.0039000000000000007,0.015600000000000058,0.019886176103011906,tap2,natural,normal,20260810_140234,True
3127747,0.0195,0.0312,0.9282,3127.747,500000,0.0039000000000000007,0.0038999999999999972,0.015600000000000058,0.016546298679765266,tap2,natural,normal,20260810_140234,True
3130252,0.0195,0.0273,0.9165,3130.252,500000,0.0039000000000000007,0.0,0.0039000000000000146,0.005515432893255082,tap2,natural,normal,20260810_140234,True
3132759,0.0234,0.0195,0.9282,3132.759,500000,0.007800000000000001,-0.007800000000000001,0.015600000000000058,0.01910601999370884,tap2,natural,normal,20260810_140234,True
3135247,0.0156,0.0195,0.9165,3135.247,500000,0.0,-0.007800000000000001,0.0039000000000000146,0.008720665112249188,tap2,natural,normal,20260810_140234,True
3137742,0.0195,0.0273,0.9165,3137.742,500000,0.0039000000000000007,0.0,0.0039000000000000146,0.005515432893255082,tap2,natural,normal,20260810_140234,True
3140240,0.0234,0.0312,0.9204,3140.24,500000,0.007800000000000001,0.0038999999999999972,0.007800000000000029,0.01170000000000002,tap2,natural,normal,20260810_140234,True
3142748,0.0156,0.0273,0.9282,3142.748,500000,0.0,0.0,0.015600000000000058,0.015600000000000058,tap2,natural,normal,20260810_140234,True
3145244,0.0195,0.0234,0.9243,3145.244,500000,0.0039000000000000007,-0.0039000000000000007,0.011700000000000044,0.012934836682386099,tap2,natural,normal,20260810_140234,True
3147754,0.0195,0.0195,0.9126,3147.754,500000,0.0039000000000000007,-0.007800000000000001,0.0,0.008720665112249181,tap2,natural,normal,20260810_140234,True
3150252,0.0234,0.0234,0.9243,3150.252,500000,0.007800000000000001,-0.0039000000000000007,0.011700000000000044,0.014592463808418409,tap2,natural,normal,20260810_140234,True
3152761,0.0234,0.0234,0.9243,3152.761,500000,0.007800000000000001,-0.0039000000000000007,0.011700000000000044,0.014592463808418409,tap2,natural,normal,20260810_140234,True
3155235,0.0234,0.0156,0.9243,3155.235,500000,0.007800000000000001,-0.011700000000000002,0.011700000000000044,0.018292621463311405,tap2,natural,normal,20260810_140234,True
3157756,0.0234,0.0273,0.9243,3157.756,500000,0.007800000000000001,0.0,0.011700000000000044,0.014061649974309596,tap2,natural,normal,20260810_140234,True
3160239,0.0195,0.0234,0.9243,3160.239,500000,0.0039000000000000007,-0.0039000000000000007,0.011700000000000044,0.012934836682386099,tap2,natural,normal,20260810_140234,True
3162754,0.0156,0.0234,0.9204,3162.754,500000,0.0,-0.0039000000000000007,0.007800000000000029,0.008720665112249207,tap2,natural,normal,20260810_140234,True
3165242,0.0156,0.0195,0.9204,3165.242,500000,0.0,-0.007800000000000001,0.007800000000000029,0.011030865786510163,tap2,natural,normal,20260810_140234,True
3167736,0.0195,0.0195,0.9243,3167.736,500000,0.0039000000000000007,-0.007800000000000001,0.011700000000000044,0.014592463808418409,tap2,natural,normal,20260810_140234,True
3170248,0.0117,0.0351,0.9282,3170.248,500000,-0.003899999999999999,0.007799999999999998,0.015600000000000058,0.017872045210327824,tap2,natural,normal,20260810_140234,True
3172737,0.0273,0.0195,0.9165,3172.737,500000,0.011700000000000002,-0.007800000000000001,0.0039000000000000146,0.014592463808418377,tap2,natural,normal,20260810_140234,True
3175259,0.0234,0.0234,0.9282,3175.259,500000,0.007800000000000001,-0.0039000000000000007,0.015600000000000058,0.017872045210327828,tap2,natural,normal,20260810_140234,True
3177749,0.0156,0.0273,0.9243,3177.749,500000,0.0,0.0,0.011700000000000044,0.011700000000000044,tap2,natural,normal,20260810_140234,True
3180247,0.0195,0.0273,0.9243,3180.247,500000,0.0039000000000000007,0.0,0.011700000000000044,0.012332882874656722,tap2,natural,normal,20260810_140234,True
3182756,0.0156,0.0234,0.9243,3182.756,500000,0.0,-0.0039000000000000007,0.011700000000000044,0.012332882874656722,tap2,natural,normal,20260810_140234,True
3185238,0.0156,0.0234,0.9282,3185.238,500000,0.0,-0.0039000000000000007,0.015600000000000058,0.016080111939908933,tap2,natural,normal,20260810_140234,True
3187763,0.0195,0.0273,0.9204,3187.763,500000,0.0039000000000000007,0.0,0.007800000000000029,0.008720665112249207,tap2,natural,normal,20260810_140234,True
3190261,0.0195,0.0234,0.9126,3190.261,500000,0.0039000000000000007,-0.0039000000000000007,0.0,0.005515432893255071,tap2,natural,normal,20260810_140234,True
3192742,0.0156,0.0273,0.9243,3192.742,500000,0.0,0.0,0.011700000000000044,0.011700000000000044,tap2,natural,normal,20260810_140234,True
3195256,0.0234,0.0273,0.9126,3195.256,500000,0.007800000000000001,0.0,0.0,0.007800000000000001,tap2,natural,normal,20260810_140234,True
3197851,0.0117,0.0312,0.9126,3197.851,500000,-0.003899999999999999,0.0038999999999999972,0.0,0.005515432893255068,tap2,natural,normal,20260810_140234,True
3200247,0.0156,0.0234,0.9243,3200.247,500000,0.0,-0.0039000000000000007,0.011700000000000044,0.012332882874656722,tap2,natural,normal,20260810_140234,True
3202756,0.0195,0.0234,0.9243,3202.756,500000,0.0039000000000000007,-0.0039000000000000007,0.011700000000000044,0.012934836682386099,tap2,natural,normal,20260810_140234,True
3205254,0.0234,0.0195,0.9204,3205.254,500000,0.007800000000000001,-0.007800000000000001,0.007800000000000029,0.013509996299037262,tap2,natural,normal,20260810_140234,True
3207746,0.0195,0.0312,0.9321,3207.746,500000,0.0039000000000000007,0.0038999999999999972,0.019500000000000073,0.020264994448555933,tap2,natural,normal,20260810_140234,True
3210242,0.0234,0.0273,0.9204,3210.242,500000,0.007800000000000001,0.0,0.007800000000000029,0.011030865786510163,tap2,natural,normal,20260810_140234,True
3212753,0.0234,0.0273,0.9204,3212.753,500000,0.007800000000000001,0.0,0.007800000000000029,0.011030865786510163,tap2,natural,normal,20260810_140234,True
3215235,0.0156,0.0234,0.9204,3215.235,500000,0.0,-0.0039000000000000007,0.007800000000000029,0.008720665112249207,tap2,natural,normal,20260810_140234,True
3217762,0.0117,0.0273,0.9243,3217.762,500000,-0.003899999999999999,0.0,0.011700000000000044,0.01233288287465672,tap2,natural,normal,20260810_140234,True
3220236,0.0234,0.0234,0.9126,3220.236,500000,0.007800000000000001,-0.0039000000000000007,0.0,0.008720665112249181,tap2,natural,normal,20260810_140234,True
3222749,0.0195,0.0273,0.9282,3222.749,500000,0.0039000000000000007,0.0,0.015600000000000058,0.016080111939908933,tap2,natural,normal,20260810_140234,True
3225259,0.0195,0.0351,0.9165,3225.259,500000,0.0039000000000000007,0.007799999999999998,0.0039000000000000146,0.0095530099968544,tap2,natural,normal,20260810_140234,True
3227760,0.0234,0.0234,0.9087,3227.76,500000,0.007800000000000001,-0.0039000000000000007,-0.0039000000000000146,0.009553009996854402,tap2,natural,normal,20260810_140234,True
3230237,0.0195,0.0273,0.9048,3230.237,500000,0.0039000000000000007,0.0,-0.007799999999999918,0.008720665112249107,tap2,natural,normal,20260810_140234,True
3232749,0.0195,0.0234,0.9204,3232.749,500000,0.0039000000000000007,-0.0039000000000000007,0.007800000000000029,0.00955300999685442,tap2,natural,normal,20260810_140234,True
3235244,0.0273,0.0273,0.9165,3235.244,500000,0.011700000000000002,0.0,0.0039000000000000146,0.012332882874656687,tap2,natural,normal,20260810_140234,True
3237763,0.0195,0.0273,0.9126,3237.763,500000,0.0039000000000000007,0.0,0.0,0.0039000000000000007,tap2,natural,normal,20260810_140234,True
3240261,0.0195,0.0234,0.9165,3240.261,500000,0.0039000000000000007,-0.0039000000000000007,0.0039000000000000146,0.006754998149518631,tap2,natural,normal,20260810_140234,True
3242740,0.0156,0.0195,0.9243,3242.74,500000,0.0,-0.007800000000000001,0.011700000000000044,0.014061649974309596,tap2,natural,normal,20260810_140234,True
3245255,0.0195,0.0195,0.9243,3245.255,500000,0.0039000000000000007,-0.007800000000000001,0.011700000000000044,0.014592463808418409,tap2,natural,normal,20260810_140234,True
3247761,0.0273,0.0273,0.9282,3247.761,500000,0.011700000000000002,0.0,0.015600000000000058,0.01950000000000005,tap2,natural,normal,20260810_140234,True
3250261,0.0234,0.0273,0.9243,3250.261,500000,0.007800000000000001,0.0,0.011700000000000044,0.014061649974309596,tap2,natural,normal,20260810_140234,True
3252741,0.0117,0.0234,0.9204,3252.741,500000,-0.003899999999999999,-0.0039000000000000007,0.007800000000000029,0.009553009996854418,tap2,natural,normal,20260810_140234,True
3255254,0.0117,0.0273,0.9243,3255.254,500000,-0.003899999999999999,0.0,0.011700000000000044,0.01233288287465672,tap2,natural,normal,20260810_140234,True
3257749,0.0195,0.0195,0.9204,3257.749,500000,0.0039000000000000007,-0.007800000000000001,0.007800000000000029,0.011700000000000021,tap2,natural,normal,20260810_140234,True
3260245,0.0156,0.0273,0.9165,3260.245,500000,0.0,0.0,0.0039000000000000146,0.0039000000000000146,tap2,natural,normal,20260810_140234,True
3262756,0.0117,0.0273,0.9165,3262.756,500000,-0.003899999999999999,0.0,0.0039000000000000146,0.00551543289325508,tap2,natural,normal,20260810_140234,True
3265237,0.0117,0.0273,0.9165,3265.237,500000,-0.003899999999999999,0.0,0.0039000000000000146,0.00551543289325508,tap2,natural,normal,20260810_140234,True
3267763,0.0156,0.0156,0.9165,3267.763,500000,0.0,-0.011700000000000002,0.0039000000000000146,0.012332882874656687,tap2,natural,normal,20260810_140234,True
3270240,0.0195,0.0234,0.9321,3270.24,500000,0.0039000000000000007,-0.0039000000000000007,0.019500000000000073,0.020264994448555933,tap2,natural,normal,20260810_140234,True
3272761,0.0273,0.0234,0.9243,3272.761,500000,0.011700000000000002,-0.0039000000000000007,0.011700000000000044,0.01699970587980866,tap2,natural,normal,20260810_140234,True
3275253,0.0195,0.0273,0.9243,3275.253,500000,0.0039000000000000007,0.0,0.011700000000000044,0.012332882874656722,tap2,natural,normal,20260810_140234,True
3277744,0.0234,0.0312,0.9282,3277.744,500000,0.007800000000000001,0.0038999999999999972,0.015600000000000058,0.017872045210327828,tap2,natural,normal,20260810_140234,True
3280242,0.0195,0.0195,0.9243,3280.242,500000,0.0039000000000000007,-0.007800000000000001,0.011700000000000044,0.014592463808418409,tap2,natural,normal,20260810_140234,True
3282754,0.0156,0.0195,0.9204,3282.754,500000,0.0,-0.007800000000000001,0.007800000000000029,0.011030865786510163,tap2,natural,normal,20260810_140234,True
3285237,0.0156,0.0273,0.9165,3285.237,500000,0.0,0.0,0.0039000000000000146,0.0039000000000000146,tap2,natural,normal,20260810_140234,True
3287759,0.0195,0.0234,0.9204,3287.759,500000,0.0039000000000000007,-0.0039000000000000007,0.007800000000000029,0.00955300999685442,tap2,natural,normal,20260810_140234,True
3290257,0.0156,0.0234,0.9204,3290.257,500000,0.0,-0.0039000000000000007,0.007800000000000029,0.008720665112249207,tap2,natural,normal,20260810_140234,True
3292753,0.0156,0.0156,0.9321,3292.753,500000,0.0,-0.011700000000000002,0.019500000000000073,0.022740712389896733,tap2,natural,normal,20260810_140234,True
3295246,0.0156,0.0312,0.9243,3295.246,500000,0.0,0.0038999999999999972,0.011700000000000044,0.01233288287465672,tap2,natural,normal,20260810_140234,True
3297844,0.0234,0.0312,0.9087,3297.844,500000,0.007800000000000001,0.0038999999999999972,-0.0039000000000000146,0.0095530099968544,tap2,natural,normal,20260810_140234,True
3300243,0.0156,0.0234,0.9204,3300.243,500000,0.0,-0.0039000000000000007,0.007800000000000029,0.008720665112249207,tap2,natural,normal,20260810_140234,True
3302753,0.0156,0.0234,0.9204,3302.753,500000,0.0,-0.0039000000000000007,0.007800000000000029,0.008720665112249207,tap2,natural,normal,20260810_140234,True
3305254,0.0117,0.0195,0.9243,3305.254,500000,-0.003899999999999999,-0.007800000000000001,0.011700000000000044,0.014592463808418407,tap2,natural,normal,20260810_140234,True
3307747,0.0195,0.0234,0.9204,3307.747,500000,0.0039000000000000007,-0.0039000000000000007,0.007800000000000029,0.00955300999685442,tap2,natural,normal,20260810_140234,True
3310243,0.0156,0.0273,0.9243,3310.243,500000,0.0,0.0,0.011700000000000044,0.011700000000000044,tap2,natural,normal,20260810_140234,True
3312754,0.0234,0.0312,0.9204,3312.754,500000,0.007800000000000001,0.0038999999999999972,0.007800000000000029,0.01170000000000002,tap2,natural,normal,20260810_140234,True
3315235,0.0195,0.0195,0.9165,3315.235,500000,0.0039000000000000007,-0.007800000000000001,0.0039000000000000146,0.009553009996854402,tap2,natural,normal,20260810_140234,True
3317761,0.0195,0.0195,0.9165,3317.761,500000,0.0039000000000000007,-0.007800000000000001,0.0039000000000000146,0.009553009996854402,tap2,natural,normal,20260810_140234,True
3320236,0.0156,0.0156,0.9165,3320.236,500000,0.0,-0.011700000000000002,0.0039000000000000146,0.012332882874656687,tap2,natural,normal,20260810_140234,True
3322749,0.0273,0.0234,0.9243,3322.749,500000,0.011700000000000002,-0.0039000000000000007,0.011700000000000044,0.01699970587980866,tap2,natural,normal,20260810_140234,True
3325264,0.0195,0.0273,0.9243,3325.264,500000,0.0039000000000000007,0.0,0.011700000000000044,0.012332882874656722,tap2,natural,normal,20260810_140234,True
3327749,0.0195,0.0312,0.9243,3327.749,500000,0.0039000000000000007,0.0038999999999999972,0.011700000000000044,0.012934836682386099,tap2,natural,normal,20260810_140234,True
3330251,0.0234,0.0273,0.9087,3330.251,500000,0.007800000000000001,0.0,-0.0039000000000000146,0.008720665112249188,tap2,natural,normal,20260810_140234,True
3332756,0.0195,0.0273,0.9204,3332.756,500000,0.0039000000000000007,0.0,0.007800000000000029,0.008720665112249207,tap2,natural,normal,20260810_140234,True
3335248,0.0156,0.0312,0.9009,3335.248,500000,0.0,0.0038999999999999972,-0.011699999999999933,0.012332882874656614,tap2,natural,normal,20260810_140234,True
3337743,0.0195,0.0195,0.9321,3337.743,500000,0.0039000000000000007,-0.007800000000000001,0.019500000000000073,0.021361179742701544,tap2,natural,normal,20260810_140234,True
3340241,0.0195,0.0234,0.9165,3340.241,500000,0.0039000000000000007,-0.0039000000000000007,0.0039000000000000146,0.006754998149518631,tap2,natural,normal,20260810_140234,True
3342753,0.0156,0.0312,0.9204,3342.753,500000,0.0,0.0038999999999999972,0.007800000000000029,0.008720665112249205,tap2,natural,normal,20260810_140234,True
3345240,0.0156,0.0234,0.9087,3345.24,500000,0.0,-0.0039000000000000007,-0.0039000000000000146,0.005515432893255082,tap2,natural,normal,20260810_140234,True
3347761,0.0195,0.0273,0.9204,3347.761,500000,0.0039000000000000007,0.0,0.007800000000000029,0.008720665112249207,tap2,natural,normal,20260810_140234,True
3350254,0.0117,0.0273,0.9126,3350.254,500000,-0.003899999999999999,0.0,0.0,0.003899999999999999,tap2,natural,normal,20260810_140234,True
3352762,0.0195,0.0351,0.9243,3352.762,500000,0.0039000000000000007,0.007799999999999998,0.011700000000000044,0.014592463808418405,tap2,natural,normal,20260810_140234,True
3355247,0.0273,0.0273,0.9165,3355.247,500000,0.011700000000000002,0.0,0.0039000000000000146,0.012332882874656687,tap2,natural,normal,20260810_140234,True
3357757,0.0195,0.0273,0.9048,3357.757,500000,0.0039000000000000007,0.0,-0.007799999999999918,0.008720665112249107,tap2,natural,normal,20260810_140234,True
3360256,0.0195,0.0273,0.9165,3360.256,500000,0.0039000000000000007,0.0,0.0039000000000000146,0.005515432893255082,tap2,natural,normal,20260810_140234,True
3362765,0.0273,0.0234,0.9282,3362.765,500000,0.011700000000000002,-0.0039000000000000007,0.015600000000000058,0.019886176103011906,tap2,natural,normal,20260810_140234,True
3365252,0.0156,0.0273,0.9282,3365.252,500000,0.0,0.0,0.015600000000000058,0.015600000000000058,tap2,natural,normal,20260810_140234,True
3367742,0.0156,0.0234,0.9204,3367.742,500000,0.0,-0.0039000000000000007,0.007800000000000029,0.008720665112249207,tap2,natural,normal,20260810_140234,True
3370256,0.0156,0.0273,0.9282,3370.256,500000,0.0,0.0,0.015600000000000058,0.015600000000000058,tap2,natural,normal,20260810_140234,True
3372743,0.0156,0.0351,0.9282,3372.743,500000,0.0,0.007799999999999998,0.015600000000000058,0.01744133022449841,tap2,natural,normal,20260810_140234,True
3375235,0.0234,0.0273,0.9126,3375.235,500000,0.007800000000000001,0.0,0.0,0.007800000000000001,tap2,natural,normal,20260810_140234,True
3377760,0.0234,0.0273,0.9126,3377.76,500000,0.007800000000000001,0.0,0.0,0.007800000000000001,tap2,natural,normal,20260810_140234,True
3380261,0.0195,0.0234,0.9126,3380.261,500000,0.0039000000000000007,-0.0039000000000000007,0.0,0.005515432893255071,tap2,natural,normal,20260810_140234,True
3382742,0.0234,0.0195,0.9165,3382.742,500000,0.007800000000000001,-0.007800000000000001,0.0039000000000000146,0.011700000000000007,tap2,natural,normal,20260810_140234,True
3385256,0.0156,0.0195,0.9204,3385.256,500000,0.0,-0.007800000000000001,0.007800000000000029,0.011030865786510163,tap2,natural,normal,20260810_140234,True
3387745,0.0156,0.0195,0.9204,3387.745,500000,0.0,-0.007800000000000001,0.007800000000000029,0.011030865786510163,tap2,natural,normal,20260810_140234,True
3390243,0.0156,0.0273,0.9243,3390.243,500000,0.0,0.0,0.011700000000000044,0.011700000000000044,tap2,natural,normal,20260810_140234,True
3392753,0.0156,0.0312,0.9165,3392.753,500000,0.0,0.0038999999999999972,0.0039000000000000146,0.005515432893255079,tap2,natural,normal,20260810_140234,True
3395240,0.0156,0.0273,0.9243,3395.24,500000,0.0,0.0,0.011700000000000044,0.011700000000000044,tap2,natural,normal,20260810_140234,True
3397822,0.0156,0.0234,0.9243,3397.822,500000,0.0,-0.0039000000000000007,0.011700000000000044,0.012332882874656722,tap2,natural,normal,20260810_140234,True
3400260,0.0156,0.0273,0.9087,3400.26,500000,0.0,0.0,-0.0039000000000000146,0.0039000000000000146,tap2,natural,normal,20260810_140234,True
3402741,0.0195,0.0234,0.9126,3402.741,500000,0.0039000000000000007,-0.0039000000000000007,0.0,0.005515432893255071,tap2,natural,normal,20260810_140234,True
3405242,0.0234,0.0234,0.9165,3405.242,500000,0.007800000000000001,-0.0039000000000000007,0.0039000000000000146,0.009553009996854402,tap2,natural,normal,20260810_140234,True
3407763,0.0234,0.0273,0.9126,3407.763,500000,0.007800000000000001,0.0,0.0,0.007800000000000001,tap2,natural,normal,20260810_140234,True
3410262,0.0156,0.0273,0.9165,3410.262,500000,0.0,0.0,0.0039000000000000146,0.0039000000000000146,tap2,natural,normal,20260810_140234,True
3412742,0.0234,0.0234,0.9165,3412.742,500000,0.007800000000000001,-0.0039000000000000007,0.0039000000000000146,0.009553009996854402,tap2,natural,normal,20260810_140234,True
3415253,0.0117,0.0234,0.9204,3415.253,500000,-0.003899999999999999,-0.0039000000000000007,0.007800000000000029,0.009553009996854418,tap2,natural,normal,20260810_140234,True
3417742,0.0195,0.0273,0.9282,3417.742,500000,0.0039000000000000007,0.0,0.015600000000000058,0.016080111939908933,tap2,natural,normal,20260810_140234,True
3420252,0.0078,0.0312,0.9204,3420.252,500000,-0.0078,0.0038999999999999972,0.007800000000000029,0.011700000000000018,tap2,natural,normal,20260810_140234,True
3422750,0.0078,0.0312,0.9204,3422.75,500000,-0.0078,0.0038999999999999972,0.007800000000000029,0.011700000000000018,tap2,natural,normal,20260810_140234,True
3425238,0.0156,0.0234,0.9165,3425.238,500000,0.0,-0.0039000000000000007,0.0039000000000000146,0.005515432893255082,tap2,natural,normal,20260810_140234,True
3427764,0.0156,0.0312,0.9204,3427.764,500000,0.0,0.0038999999999999972,0.007800000000000029,0.008720665112249205,tap2,natural,normal,20260810_140234,True
3430241,0.0156,0.0273,0.9126,3430.241,500000,0.0,0.0,0.0,0.0,tap2,natural,normal,20260810_140234,True
3432753,0.0195,0.0351,0.9087,3432.753,500000,0.0039000000000000007,0.007799999999999998,-0.0039000000000000146,0.0095530099968544,tap2,natural,normal,20260810_140234,True
3435241,0.0195,0.0273,0.9165,3435.241,500000,0.0039000000000000007,0.0,0.0039000000000000146,0.005515432893255082,tap2,natural,normal,20260810_140234,True
3437764,0.0156,0.0234,0.9126,3437.764,500000,0.0,-0.0039000000000000007,0.0,0.0039000000000000007,tap2,natural,normal,20260810_140234,True
3440263,0.0078,0.0273,0.9165,3440.263,500000,-0.0078,0.0,0.0039000000000000146,0.008720665112249186,tap2,natural,normal,20260810_140234,True
3442743,0.0117,0.0273,0.9165,3442.743,500000,-0.003899999999999999,0.0,0.0039000000000000146,0.00551543289325508,tap2,natural,normal,20260810_140234,True
3445235,0.0234,0.0312,0.9282,3445.235,500000,0.007800000000000001,0.0038999999999999972,0.015600000000000058,0.017872045210327828,tap2,natural,normal,20260810_140234,True
3447761,0.0195,0.0312,0.9126,3447.761,500000,0.0039000000000000007,0.0038999999999999972,0.0,0.0055154328932550695,tap2,natural,normal,20260810_140234,True
3450259,0.0234,0.0234,0.9087,3450.259,500000,0.007800000000000001,-0.0039000000000000007,-0.0039000000000000146,0.009553009996854402,tap2,natural,normal,20260810_140234,True
3452735,0.0195,0.0234,0.9243,3452.735,500000,0.0039000000000000007,-0.0039000000000000007,0.011700000000000044,0.012934836682386099,tap2,natural,normal,20260810_140234,True
3455250,0.0234,0.0273,0.9126,3455.25,500000,0.007800000000000001,0.0,0.0,0.007800000000000001,tap2,natural,normal,20260810_140234,True
3457747,0.0234,0.0312,0.936,3457.747,500000,0.007800000000000001,0.0038999999999999972,0.023400000000000087,0.024972184525988192,tap2,natural,normal,20260810_140234,True
3460244,0.0156,0.0273,0.9087,3460.244,500000,0.0,0.0,-0.0039000000000000146,0.0039000000000000146,tap2,natural,normal,20260810_140234,True
3462756,0.0234,0.0273,0.9126,3462.756,500000,0.007800000000000001,0.0,0.0,0.007800000000000001,tap2,natural,normal,20260810_140234,True
3465240,0.0195,0.0234,0.9243,3465.24,500000,0.0039000000000000007,-0.0039000000000000007,0.011700000000000044,0.012934836682386099,tap2,natural,normal,20260810_140234,True
3467738,0.0234,0.0312,0.9165,3467.738,500000,0.007800000000000001,0.0038999999999999972,0.0039000000000000146,0.0095530099968544,tap2,natural,normal,20260810_140234,True
3470254,0.0273,0.0273,0.9126,3470.254,500000,0.011700000000000002,0.0,0.0,0.011700000000000002,tap2,natural,normal,20260810_140234,True
3472744,0.0234,0.0234,0.9087,3472.744,500000,0.007800000000000001,-0.0039000000000000007,-0.0039000000000000146,0.009553009996854402,tap2,natural,normal,20260810_140234,True
3475265,0.0234,0.0195,0.9165,3475.265,500000,0.007800000000000001,-0.007800000000000001,0.0039000000000000146,0.011700000000000007,tap2,natural,normal,20260810_140234,True
3477753,0.0195,0.0156,0.9126,3477.753,500000,0.0039000000000000007,-0.011700000000000002,0.0,0.012332882874656682,tap2,natural,normal,20260810_140234,True
3480250,0.0195,0.0312,0.9165,3480.25,500000,0.0039000000000000007,0.0038999999999999972,0.0039000000000000146,0.006754998149518628,tap2,natural,normal,20260810_140234,True
3482759,0.0273,0.0234,0.9204,3482.759,500000,0.011700000000000002,-0.0039000000000000007,0.007800000000000029,0.01459246380841839,tap2,natural,normal,20260810_140234,True
3485241,0.0195,0.0234,0.9204,3485.241,500000,0.0039000000000000007,-0.0039000000000000007,0.007800000000000029,0.00955300999685442,tap2,natural,normal,20260810_140234,True
3487736,0.0117,0.0234,0.9165,3487.736,500000,-0.003899999999999999,-0.0039000000000000007,0.0039000000000000146,0.00675499814951863,tap2,natural,normal,20260810_140234,True
3490253,0.0156,0.0273,0.9204,3490.253,500000,0.0,0.0,0.007800000000000029,0.007800000000000029,tap2,natural,normal,20260810_140234,True
3492764,0.0156,0.0234,0.9126,3492.764,500000,0.0,-0.0039000000000000007,0.0,0.0039000000000000007,tap2,natural,normal,20260810_140234,True
3495251,0.0234,0.0195,0.9165,3495.251,500000,0.007800000000000001,-0.007800000000000001,0.0039000000000000146,0.011700000000000007,tap2,natural,normal,20260810_140234,True
3497858,0.0195,0.0273,0.9204,3497.858,500000,0.0039000000000000007,0.0,0.007800000000000029,0.008720665112249207,tap2,natural,normal,20260810_140234,True
3500253,0.0156,0.0234,0.9243,3500.253,500000,0.0,-0.0039000000000000007,0.011700000000000044,0.012332882874656722,tap2,natural,normal,20260810_140234,True
3502761,0.0117,0.0312,0.9165,3502.761,500000,-0.003899999999999999,0.0038999999999999972,0.0039000000000000146,0.006754998149518627,tap2,natural,normal,20260810_140234,True
3505261,0.0195,0.0234,0.9165,3505.261,500000,0.0039000000000000007,-0.0039000000000000007,0.0039000000000000146,0.006754998149518631,tap2,natural,normal,20260810_140234,True
3507752,0.0156,0.0234,0.9165,3507.752,500000,0.0,-0.0039000000000000007,0.0039000000000000146,0.005515432893255082,tap2,natural,normal,20260810_140234,True
3510249,0.0195,0.0195,0.9243,3510.249,500000,0.0039000000000000007,-0.007800000000000001,0.011700000000000044,0.014592463808418409,tap2,natural,normal,20260810_140234,True
3512759,0.0195,0.0273,0.9243,3512.759,500000,0.0039000000000000007,0.0,0.011700000000000044,0.012332882874656722,tap2,natural,normal,20260810_140234,True
3515240,0.0195,0.0234,0.9243,3515.24,500000,0.0039000000000000007,-0.0039000000000000007,0.011700000000000044,0.012934836682386099,tap2,natural,normal,20260810_140234,True
3517764,0.0195,0.0273,0.9204,3517.764,500000,0.0039000000000000007,0.0,0.007800000000000029,0.008720665112249207,tap2,natural,normal,20260810_140234,True
3520238,0.0156,0.0351,0.9204,3520.238,500000,0.0,0.007799999999999998,0.007800000000000029,0.01103086578651016,tap2,natural,normal,20260810_140234,True
3522752,0.0195,0.0273,0.9165,3522.752,500000,0.0039000000000000007,0.0,0.0039000000000000146,0.005515432893255082,tap2,natural,normal,20260810_140234,True
3525237,0.0195,0.0273,0.9165,3525.237,500000,0.0039000000000000007,0.0,0.0039000000000000146,0.005515432893255082,tap2,natural,normal,20260810_140234,True
3527759,0.0156,0.0273,0.9282,3527.759,500000,0.0,0.0,0.015600000000000058,0.015600000000000058,tap2,natural,normal,20260810_140234,True
3530265,0.0156,0.0273,0.9282,3530.265,500000,0.0,0.0,0.015600000000000058,0.015600000000000058,tap2,natural,normal,20260810_140234,True
3532748,0.0195,0.0273,0.9243,3532.748,500000,0.0039000000000000007,0.0,0.011700000000000044,0.012332882874656722,tap2,natural,normal,20260810_140234,True
3535255,0.0234,0.0195,0.9204,3535.255,500000,0.007800000000000001,-0.007800000000000001,0.007800000000000029,0.013509996299037262,tap2,natural,normal,20260810_140234,True
3537745,0.0234,0.0234,0.9087,3537.745,500000,0.007800000000000001,-0.0039000000000000007,-0.0039000000000000146,0.009553009996854402,tap2,natural,normal,20260810_140234,True
3540242,0.0195,0.0156,0.9243,3540.242,500000,0.0039000000000000007,-0.011700000000000002,0.011700000000000044,0.01699970587980866,tap2,natural,normal,20260810_140234,True
3542753,0.0156,0.0273,0.9165,3542.753,500000,0.0,0.0,0.0039000000000000146,0.0039000000000000146,tap2,natural,normal,20260810_140234,True
3545243,0.0117,0.0312,0.9126,3545.243,500000,-0.003899999999999999,0.0038999999999999972,0.0,0.005515432893255068,tap2,natural,normal,20260810_140234,True
3547743,0.0195,0.0312,0.9204,3547.743,500000,0.0039000000000000007,0.0038999999999999972,0.007800000000000029,0.009553009996854418,tap2,natural,normal,20260810_140234,True
3550240,0.0234,0.0351,0.9165,3550.24,500000,0.007800000000000001,0.007799999999999998,0.0039000000000000146,0.011700000000000004,tap2,natural,normal,20260810_140234,True
3552752,0.0195,0.0195,0.9243,3552.752,500000,0.0039000000000000007,-0.007800000000000001,0.011700000000000044,0.014592463808418409,tap2,natural,normal,20260810_140234,True
3555254,0.0195,0.0273,0.9204,3555.254,500000,0.0039000000000000007,0.0,0.007800000000000029,0.008720665112249207,tap2,natural,normal,20260810_140234,True
3557741,0.0273,0.0234,0.9087,3557.741,500000,0.011700000000000002,-0.0039000000000000007,-0.0039000000000000146,0.012934836682386066,tap2,natural,normal,20260810_140234,True
3560240,0.0156,0.0273,0.9126,3560.24,500000,0.0,0.0,0.0,0.0,tap2,natural,normal,20260810_140234,True
3562750,0.0195,0.0234,0.9282,3562.75,500000,0.0039000000000000007,-0.0039000000000000007,0.015600000000000058,0.01654629867976527,tap2,natural,normal,20260810_140234,True
3565236,0.0195,0.0234,0.9204,3565.236,500000,0.0039000000000000007,-0.0039000000000000007,0.007800000000000029,0.00955300999685442,tap2,natural,normal,20260810_140234,True
3567738,0.0195,0.0195,0.9165,3567.738,500000,0.0039000000000000007,-0.007800000000000001,0.0039000000000000146,0.009553009996854402,tap2,natural,normal,20260810_140234,True
3570252,0.0156,0.0312,0.9243,3570.252,500000,0.0,0.0038999999999999972,0.011700000000000044,0.01233288287465672,tap2,natural,normal,20260810_140234,True
3572742,0.0156,0.0195,0.9165,3572.742,500000,0.0,-0.007800000000000001,0.0039000000000000146,0.008720665112249188,tap2,natural,normal,20260810_140234,True
3575263,0.0156,0.0195,0.9165,3575.263,500000,0.0,-0.007800000000000001,0.0039000000000000146,0.008720665112249188,tap2,natural,normal,20260810_140234,True
3577755,0.0156,0.0273,0.9204,3577.755,500000,0.0,0.0,0.007800000000000029,0.007800000000000029,tap2,natural,normal,20260810_140234,True
3580247,0.0156,0.0312,0.9087,3580.247,500000,0.0,0.0038999999999999972,-0.0039000000000000146,0.005515432893255079,tap2,natural,normal,20260810_140234,True
3582758,0.0117,0.0273,0.9126,3582.758,500000,-0.003899999999999999,0.0,0.0,0.003899999999999999,tap2,natural,normal,20260810_140234,True
3585236,0.0156,0.0195,0.9204,3585.236,500000,0.0,-0.007800000000000001,0.007800000000000029,0.011030865786510163,tap2,natural,normal,20260810_140234,True
3587761,0.0234,0.0156,0.9165,3587.761,500000,0.007800000000000001,-0.011700000000000002,0.0039000000000000146,0.014592463808418377,tap2,natural,normal,20260810_140234,True
3590252,0.0156,0.0273,0.9165,3590.252,500000,0.0,0.0,0.0039000000000000146,0.0039000000000000146,tap2,natural,normal,20260810_140234,True
3592760,0.0195,0.0195,0.9165,3592.76,500000,0.0039000000000000007,-0.007800000000000001,0.0039000000000000146,0.009553009996854402,tap2,natural,normal,20260810_140234,True
3595241,0.0156,0.0234,0.9204,3595.241,500000,0.0,-0.0039000000000000007,0.007800000000000029,0.008720665112249207,tap2,natural,normal,20260810_140234,True
3597844,0.0156,0.0273,0.9126,3597.844,500000,0.0,0.0,0.0,0.0,tap2,natural,normal,20260810_140234,True
3600251,0.0195,0.0234,0.9087,3600.251,500000,0.0039000000000000007,-0.0039000000000000007,-0.0039000000000000146,0.006754998149518631,tap2,natural,normal,20260810_140234,True
3602759,0.0156,0.0273,0.9087,3602.759,500000,0.0,0.0,-0.0039000000000000146,0.0039000000000000146,tap2,natural,normal,20260810_140234,True
3605258,0.0117,0.0273,0.9048,3605.258,500000,-0.003899999999999999,0.0,-0.007799999999999918,0.008720665112249105,tap2,natural,normal,20260810_140234,True
3607750,0.0195,0.0195,0.9282,3607.75,500000,0.0039000000000000007,-0.007800000000000001,0.015600000000000058,0.017872045210327828,tap2,natural,normal,20260810_140234,True
3610242,0.0234,0.0312,0.9126,3610.242,500000,0.007800000000000001,0.0038999999999999972,0.0,0.00872066511224918,tap2,natural,normal,20260810_140234,True
3612754,0.0156,0.0234,0.9165,3612.754,500000,0.0,-0.0039000000000000007,0.0039000000000000146,0.005515432893255082,tap2,natural,normal,20260810_140234,True
3615261,0.0234,0.0273,0.9165,3615.261,500000,0.007800000000000001,0.0,0.0039000000000000146,0.008720665112249188,tap2,natural,normal,20260810_140234,True
3617750,0.0156,0.0273,0.9165,3617.75,500000,0.0,0.0,0.0039000000000000146,0.0039000000000000146,tap2,natural,normal,20260810_140234,True
3620239,0.0195,0.0273,0.9243,3620.239,500000,0.0039000000000000007,0.0,0.011700000000000044,0.012332882874656722,tap2,natural,normal,20260810_140234,True
3622753,0.0195,0.0273,0.9204,3622.753,500000,0.0039000000000000007,0.0,0.007800000000000029,0.008720665112249207,tap2,natural,normal,20260810_140234,True
3625237,0.0156,0.0234,0.9048,3625.237,500000,0.0,-0.0039000000000000007,-0.007799999999999918,0.008720665112249107,tap2,natural,normal,20260810_140234,True
3627764,0.0117,0.0273,0.9087,3627.764,500000,-0.003899999999999999,0.0,-0.0039000000000000146,0.00551543289325508,tap2,natural,normal,20260810_140234,True
3630239,0.0156,0.0234,0.9165,3630.239,500000,0.0,-0.0039000000000000007,0.0039000000000000146,0.005515432893255082,tap2,natural,normal,20260810_140234,True
3632752,0.0156,0.0273,0.9165,3632.752,500000,0.0,0.0,0.0039000000000000146,0.0039000000000000146,tap2,natural,normal,20260810_140234,True
3635240,0.0156,0.0273,0.9165,3635.24,500000,0.0,0.0,0.0039000000000000146,0.0039000000000000146,tap2,natural,normal,20260810_140234,True
3637740,0.0156,0.0156,0.9204,3637.74,500000,0.0,-0.011700000000000002,0.007800000000000029,0.014061649974309576,tap2,natural,normal,20260810_140234,True
3640236,0.0156,0.0312,0.9243,3640.236,500000,0.0,0.0038999999999999972,0.011700000000000044,0.01233288287465672,tap2,natural,normal,20260810_140234,True
3642747,0.0273,0.0195,0.9126,3642.747,500000,0.011700000000000002,-0.007800000000000001,0.0,0.01406164997430956,tap2,natural,normal,20260810_140234,True
3645261,0.0234,0.0234,0.9165,3645.261,500000,0.007800000000000001,-0.0039000000000000007,0.0039000000000000146,0.009553009996854402,tap2,natural,normal,20260810_140234,True
3647756,0.0117,0.0234,0.9165,3647.756,500000,-0.003899999999999999,-0.0039000000000000007,0.0039000000000000146,0.00675499814951863,tap2,natural,normal,20260810_140234,True
3650252,0.0195,0.0234,0.9165,3650.252,500000,0.0039000000000000007,-0.0039000000000000007,0.0039000000000000146,0.006754998149518631,tap2,natural,normal,20260810_140234,True
3652761,0.0273,0.0312,0.9243,3652.761,500000,0.011700000000000002,0.0038999999999999972,0.011700000000000044,0.016999705879808657,tap2,natural,normal,20260810_140234,True
3655240,0.0195,0.0195,0.9126,3655.24,500000,0.0039000000000000007,-0.007800000000000001,0.0,0.008720665112249181,tap2,natural,normal,20260810_140234,True
3657750,0.0234,0.0234,0.9126,3657.75,500000,0.007800000000000001,-0.0039000000000000007,0.0,0.008720665112249181,tap2,natural,normal,20260810_140234,True
3660253,0.0234,0.0273,0.9204,3660.253,500000,0.007800000000000001,0.0,0.007800000000000029,0.011030865786510163,tap2,natural,normal,20260810_140234,True
3662763,0.0156,0.0234,0.9165,3662.763,500000,0.0,-0.0039000000000000007,0.0039000000000000146,0.005515432893255082,tap2,natural,normal,20260810_140234,True
3665246,0.0195,0.0234,0.9126,3665.246,500000,0.0039000000000000007,-0.0039000000000000007,0.0,0.005515432893255071,tap2,natural,normal,20260810_140234,True
3667741,0.0273,0.0234,0.9165,3667.741,500000,0.011700000000000002,-0.0039000000000000007,0.0039000000000000146,0.012934836682386066,tap2,natural,normal,20260810_140234,True
3670259,0.0195,0.0312,0.9126,3670.259,500000,0.0039000000000000007,0.0038999999999999972,0.0,0.0055154328932550695,tap2,natural,normal,20260810_140234,True
3672745,0.0234,0.0195,0.9165,3672.745,500000,0.007800000000000001,-0.007800000000000001,0.0039000000000000146,0.011700000000000007,tap2,natural,normal,20260810_140234,True
3675236,0.0195,0.0234,0.9204,3675.236,500000,0.0039000000000000007,-0.0039000000000000007,0.007800000000000029,0.00955300999685442,tap2,natural,normal,20260810_140234,True
3677763,0.0156,0.0273,0.9243,3677.763,500000,0.0,0.0,0.011700000000000044,0.011700000000000044,tap2,natural,normal,20260810_140234,True
3680262,0.0195,0.0234,0.9165,3680.262,500000,0.0039000000000000007,-0.0039000000000000007,0.0039000000000000146,0.006754998149518631,tap2,natural,normal,20260810_140234,True
3682742,0.0156,0.0273,0.9243,3682.742,500000,0.0,0.0,0.011700000000000044,0.011700000000000044,tap2,natural,normal,20260810_140234,True
3685244,0.0195,0.0273,0.9204,3685.244,500000,0.0039000000000000007,0.0,0.007800000000000029,0.008720665112249207,tap2,natural,normal,20260810_140234,True
3687740,0.0234,0.0156,0.9204,3687.74,500000,0.007800000000000001,-0.011700000000000002,0.007800000000000029,0.01608011193990889,tap2,natural,normal,20260810_140234,True
3690236,0.0195,0.0312,0.9204,3690.236,500000,0.0039000000000000007,0.0038999999999999972,0.007800000000000029,0.009553009996854418,tap2,natural,normal,20260810_140234,True
3692747,0.0195,0.0273,0.9165,3692.747,500000,0.0039000000000000007,0.0,0.0039000000000000146,0.005515432893255082,tap2,natural,normal,20260810_140234,True
3695263,0.0156,0.0234,0.9243,3695.263,500000,0.0,-0.0039000000000000007,0.011700000000000044,0.012332882874656722,tap2,natural,normal,20260810_140234,True
3697791,0.0195,0.0273,0.9165,3697.791,500000,0.0039000000000000007,0.0,0.0039000000000000146,0.005515432893255082,tap2,natural,normal,20260810_140234,True
3700247,0.0195,0.0195,0.9204,3700.247,500000,0.0039000000000000007,-0.007800000000000001,0.007800000000000029,0.011700000000000021,tap2,natural,normal,20260810_140234,True
3702759,0.0117,0.0312,0.9204,3702.759,500000,-0.003899999999999999,0.0038999999999999972,0.007800000000000029,0.009553009996854416,tap2,natural,normal,20260810_140234,True
3705257,0.0156,0.0234,0.9126,3705.257,500000,0.0,-0.0039000000000000007,0.0,0.0039000000000000007,tap2,natural,normal,20260810_140234,True
3707750,0.0195,0.0273,0.9204,3707.75,500000,0.0039000000000000007,0.0,0.007800000000000029,0.008720665112249207,tap2,natural,normal,20260810_140234,True
3710247,0.0117,0.0195,0.9126,3710.247,500000,-0.003899999999999999,-0.007800000000000001,0.0,0.00872066511224918,tap2,natural,normal,20260810_140234,True
3712756,0.0156,0.0195,0.9126,3712.756,500000,0.0,-0.007800000000000001,0.0,0.007800000000000001,tap2,natural,normal,20260810_140234,True
3715236,0.0156,0.0273,0.9165,3715.236,500000,0.0,0.0,0.0039000000000000146,0.0039000000000000146,tap2,natural,normal,20260810_140234,True
3717735,0.0234,0.0273,0.9126,3717.735,500000,0.007800000000000001,0.0,0.0,0.007800000000000001,tap2,natural,normal,20260810_140234,True
3720240,0.0156,0.0273,0.9126,3720.24,500000,0.0,0.0,0.0,0.0,tap2,natural,normal,20260810_140234,True
3722753,0.0234,0.0273,0.9204,3722.753,500000,0.007800000000000001,0.0,0.007800000000000029,0.011030865786510163,tap2,natural,normal,20260810_140234,True
3725235,0.0117,0.0273,0.9126,3725.235,500000,-0.003899999999999999,0.0,0.0,0.003899999999999999,tap2,natural,normal,20260810_140234,True
3727764,0.0117,0.0312,0.9165,3727.764,500000,-0.003899999999999999,0.0038999999999999972,0.0039000000000000146,0.006754998149518627,tap2,natural,normal,20260810_140234,True
3730239,0.0156,0.0195,0.9165,3730.239,500000,0.0,-0.007800000000000001,0.0039000000000000146,0.008720665112249188,tap2,natural,normal,20260810_140234,True
3732750,0.0234,0.0234,0.9126,3732.75,500000,0.007800000000000001,-0.0039000000000000007,0.0,0.008720665112249181,tap2,natural,normal,20260810_140234,True
3735239,0.0234,0.0351,0.9048,3735.239,500000,0.007800000000000001,0.007799999999999998,-0.007799999999999918,0.013509996299037196,tap2,natural,normal,20260810_140234,True
3737737,0.0234,0.0351,0.9048,3737.737,500000,0.007800000000000001,0.007799999999999998,-0.007799999999999918,0.013509996299037196,tap2,natural,normal,20260810_140234,True
3740235,0.0195,0.0273,0.9165,3740.235,500000,0.0039000000000000007,0.0,0.0039000000000000146,0.005515432893255082,tap2,natural,normal,20260810_140234,True
3742747,0.0273,0.0234,0.9204,3742.747,500000,0.011700000000000002,-0.0039000000000000007,0.007800000000000029,0.01459246380841839,tap2,natural,normal,20260810_140234,True
3745261,0.0195,0.0273,0.9087,3745.261,500000,0.0039000000000000007,0.0,-0.0039000000000000146,0.005515432893255082,tap2,natural,normal,20260810_140234,True
3747749,0.0234,0.0273,0.9126,3747.749,500000,0.007800000000000001,0.0,0.0,0.007800000000000001,tap2,natural,normal,20260810_140234,True
3750260,0.0195,0.0234,0.9126,3750.26,500000,0.0039000000000000007,-0.0039000000000000007,0.0,0.005515432893255071,tap2,natural,normal,20260810_140234,True
3752743,0.0234,0.0156,0.9165,3752.743,500000,0.007800000000000001,-0.011700000000000002,0.0039000000000000146,0.014592463808418377,tap2,natural,normal,20260810_140234,True
3755260,0.0234,0.0234,0.9204,3755.26,500000,0.007800000000000001,-0.0039000000000000007,0.007800000000000029,0.011700000000000021,tap2,natural,normal,20260810_140234,True
3757752,0.0195,0.0234,0.9126,3757.752,500000,0.0039000000000000007,-0.0039000000000000007,0.0,0.005515432893255071,tap2,natural,normal,20260810_140234,True
3760257,0.0156,0.0312,0.9204,3760.257,500000,0.0,0.0038999999999999972,0.007800000000000029,0.008720665112249205,tap2,natural,normal,20260810_140234,True
3762763,0.0195,0.0273,0.9204,3762.763,500000,0.0039000000000000007,0.0,0.007800000000000029,0.008720665112249207,tap2,natural,normal,20260810_140234,True
3765248,0.0234,0.0312,0.9165,3765.248,500000,0.007800000000000001,0.0038999999999999972,0.0039000000000000146,0.0095530099968544,tap2,natural,normal,20260810_140234,True
3767742,0.0156,0.0351,0.9243,3767.742,500000,0.0,0.007799999999999998,0.011700000000000044,0.014061649974309594,tap2,natural,normal,20260810_140234,True
3770257,0.0234,0.0195,0.9204,3770.257,500000,0.007800000000000001,-0.007800000000000001,0.007800000000000029,0.013509996299037262,tap2,natural,normal,20260810_140234,True
3772752,0.0273,0.0156,0.9087,3772.752,500000,0.011700000000000002,-0.011700000000000002,-0.0039000000000000146,0.016999705879808633,tap2,natural,normal,20260810_140234,True
3775246,0.0156,0.0234,0.9165,3775.246,500000,0.0,-0.0039000000000000007,0.0039000000000000146,0.005515432893255082,tap2,natural,normal,20260810_140234,True
3777742,0.0156,0.0273,0.9126,3777.742,500000,0.0,0.0,0.0,0.0,tap2,natural,normal,20260810_140234,True
3780242,0.0195,0.0195,0.9126,3780.242,500000,0.0039000000000000007,-0.007800000000000001,0.0,0.008720665112249181,tap2,natural,normal,20260810_140234,True
3782753,0.0234,0.0234,0.9204,3782.753,500000,0.007800000000000001,-0.0039000000000000007,0.007800000000000029,0.011700000000000021,tap2,natural,normal,20260810_140234,True
3785264,0.0156,0.0234,0.9204,3785.264,500000,0.0,-0.0039000000000000007,0.007800000000000029,0.008720665112249207,tap2,natural,normal,20260810_140234,True
3787754,0.0156,0.0156,0.9204,3787.754,500000,0.0,-0.011700000000000002,0.007800000000000029,0.014061649974309576,tap2,natural,normal,20260810_140234,True
3790250,0.0195,0.0312,0.9165,3790.25,500000,0.0039000000000000007,0.0038999999999999972,0.0039000000000000146,0.006754998149518628,tap2,natural,normal,20260810_140234,True
3792760,0.0195,0.0195,0.9204,3792.76,500000,0.0039000000000000007,-0.007800000000000001,0.007800000000000029,0.011700000000000021,tap2,natural,normal,20260810_140234,True
3795246,0.0195,0.0234,0.9204,3795.246,500000,0.0039000000000000007,-0.0039000000000000007,0.007800000000000029,0.00955300999685442,tap2,natural,normal,20260810_140234,True
3797848,0.0234,0.0234,0.9165,3797.848,500000,0.007800000000000001,-0.0039000000000000007,0.0039000000000000146,0.009553009996854402,tap2,natural,normal,20260810_140234,True
3800242,0.0312,0.0273,0.9204,3800.242,500000,0.0156,0.0,0.007800000000000029,0.017441330224498373,tap2,natural,normal,20260810_140234,True
3802754,0.0156,0.0351,0.9165,3802.754,500000,0.0,0.007799999999999998,0.0039000000000000146,0.008720665112249185,tap2,natural,normal,20260810_140234,True
3805254,0.0195,0.0273,0.9165,3805.254,500000,0.0039000000000000007,0.0,0.0039000000000000146,0.005515432893255082,tap2,natural,normal,20260810_140234,True
3807746,0.0195,0.0234,0.9243,3807.746,500000,0.0039000000000000007,-0.0039000000000000007,0.011700000000000044,0.012934836682386099,tap2,natural,normal,20260810_140234,True
3810242,0.0117,0.0273,0.9165,3810.242,500000,-0.003899999999999999,0.0,0.0039000000000000146,0.00551543289325508,tap2,natural,normal,20260810_140234,True
3812752,0.0195,0.0234,0.9204,3812.752,500000,0.0039000000000000007,-0.0039000000000000007,0.007800000000000029,0.00955300999685442,tap2,natural,normal,20260810_140234,True
3815262,0.0195,0.0234,0.9204,3815.262,500000,0.0039000000000000007,-0.0039000000000000007,0.007800000000000029,0.00955300999685442,tap2,natural,normal,20260810_140234,True
3817736,0.0234,0.0234,0.9204,3817.736,500000,0.007800000000000001,-0.0039000000000000007,0.007800000000000029,0.011700000000000021,tap2,natural,normal,20260810_140234,True
3820242,0.0195,0.0234,0.9204,3820.242,500000,0.0039000000000000007,-0.0039000000000000007,0.007800000000000029,0.00955300999685442,tap2,natural,normal,20260810_140234,True
3822754,0.0117,0.0273,0.9165,3822.754,500000,-0.003899999999999999,0.0,0.0039000000000000146,0.00551543289325508,tap2,natural,normal,20260810_140234,True
3825240,0.0117,0.0234,0.9087,3825.24,500000,-0.003899999999999999,-0.0039000000000000007,-0.0039000000000000146,0.00675499814951863,tap2,natural,normal,20260810_140234,True
3827737,0.0195,0.0195,0.9204,3827.737,500000,0.0039000000000000007,-0.007800000000000001,0.007800000000000029,0.011700000000000021,tap2,natural,normal,20260810_140234,True
3830242,0.0195,0.0195,0.9126,3830.242,500000,0.0039000000000000007,-0.007800000000000001,0.0,0.008720665112249181,tap2,natural,normal,20260810_140234,True
3832753,0.0117,0.0273,0.9165,3832.753,500000,-0.003899999999999999,0.0,0.0039000000000000146,0.00551543289325508,tap2,natural,normal,20260810_140234,True
3835242,0.0117,0.0273,0.9204,3835.242,500000,-0.003899999999999999,0.0,0.007800000000000029,0.008720665112249205,tap2,natural,normal,20260810_140234,True
3837741,0.0195,0.0273,0.9165,3837.741,500000,0.0039000000000000007,0.0,0.0039000000000000146,0.005515432893255082,tap2,natural,normal,20260810_140234,True
3840238,0.0156,0.0312,0.9165,3840.238,500000,0.0,0.0038999999999999972,0.0039000000000000146,0.005515432893255079,tap2,natural,normal,20260810_140234,True
3842749,0.0195,0.0312,0.9243,3842.749,500000,0.0039000000000000007,0.0038999999999999972,0.011700000000000044,0.012934836682386099,tap2,natural,normal,20260810_140234,True
3845236,0.0195,0.0312,0.9243,3845.236,500000,0.0039000000000000007,0.0038999999999999972,0.011700000000000044,0.012934836682386099,tap2,natural,normal,20260810_140234,True
3847763,0.0195,0.0312,0.9126,3847.763,500000,0.0039000000000000007,0.0038999999999999972,0.0,0.0055154328932550695,tap2,natural,normal,20260810_140234,True
3850261,0.0117,0.0312,0.9165,3850.261,500000,-0.003899999999999999,0.0038999999999999972,0.0039000000000000146,0.006754998149518627,tap2,natural,normal,20260810_140234,True
3852742,0.0195,0.0234,0.9204,3852.742,500000,0.0039000000000000007,-0.0039000000000000007,0.007800000000000029,0.00955300999685442,tap2,natural,normal,20260810_140234,True
3855254,0.0156,0.0234,0.9165,3855.254,500000,0.0,-0.0039000000000000007,0.0039000000000000146,0.005515432893255082,tap2,natural,normal,20260810_140234,True
3857753,0.0195,0.0273,0.9165,3857.753,500000,0.0039000000000000007,0.0,0.0039000000000000146,0.005515432893255082,tap2,natural,normal,20260810_140234,True
3860249,0.0195,0.0156,0.9009,3860.249,500000,0.0039000000000000007,-0.011700000000000002,-0.011699999999999933,0.016999705879808584,tap2,natural,normal,20260810_140234,True
3862737,0.0117,0.0195,0.9321,3862.737,500000,-0.003899999999999999,-0.007800000000000001,0.019500000000000073,0.021361179742701544,tap2,natural,normal,20260810_140234,True
3865259,0.0117,0.039,0.9009,3865.259,500000,-0.003899999999999999,0.011699999999999999,-0.011699999999999933,0.01699970587980858,tap2,natural,normal,20260810_140234,True
3867747,0.0195,0.0195,0.9204,3867.747,500000,0.0039000000000000007,-0.007800000000000001,0.007800000000000029,0.011700000000000021,tap2,natural,normal,20260810_140234,True
3870251,0.0234,0.0195,0.9126,3870.251,500000,0.007800000000000001,-0.007800000000000001,0.0,0.011030865786510143,tap2,natural,normal,20260810_140234,True
3872743,0.0117,0.0351,0.9126,3872.743,500000,-0.003899999999999999,0.007799999999999998,0.0,0.008720665112249178,tap2,natural,normal,20260810_140234,True
3875264,0.0195,0.0312,0.9243,3875.264,500000,0.0039000000000000007,0.0038999999999999972,0.011700000000000044,0.012934836682386099,tap2,natural,normal,20260810_140234,True
3877751,0.0195,0.0195,0.9204,3877.751,500000,0.0039000000000000007,-0.007800000000000001,0.007800000000000029,0.011700000000000021,tap2,natural,normal,20260810_140234,True
3880248,0.0195,0.0273,0.9087,3880.248,500000,0.0039000000000000007,0.0,-0.0039000000000000146,0.005515432893255082,tap2,natural,normal,20260810_140234,True
3882745,0.0156,0.0273,0.9126,3882.745,500000,0.0,0.0,0.0,0.0,tap2,natural,normal,20260810_140234,True
3885265,0.0195,0.0195,0.9087,3885.265,500000,0.0039000000000000007,-0.007800000000000001,-0.0039000000000000146,0.009553009996854402,tap2,natural,normal,20260810_140234,True
3887757,0.0156,0.0312,0.9126,3887.757,500000,0.0,0.0038999999999999972,0.0,0.0038999999999999972,tap2,natural,normal,20260810_140234,True
3890254,0.0156,0.0234,0.9204,3890.254,500000,0.0,-0.0039000000000000007,0.007800000000000029,0.008720665112249207,tap2,natural,normal,20260810_140234,True
3892762,0.0195,0.0273,0.9126,3892.762,500000,0.0039000000000000007,0.0,0.0,0.0039000000000000007,tap2,natural,normal,20260810_140234,True
3895250,0.0234,0.0273,0.9165,3895.25,500000,0.007800000000000001,0.0,0.0039000000000000146,0.008720665112249188,tap2,natural,normal,20260810_140234,True
3897791,0.0234,0.0234,0.9126,3897.791,500000,0.007800000000000001,-0.0039000000000000007,0.0,0.008720665112249181,tap2,natural,normal,20260810_140234,True
3900249,0.0195,0.0273,0.9165,3900.249,500000,0.0039000000000000007,0.0,0.0039000000000000146,0.005515432893255082,tap2,natural,normal,20260810_140234,True
3902759,0.0156,0.0273,0.9087,3902.759,500000,0.0,0.0,-0.0039000000000000146,0.0039000000000000146,tap2,natural,normal,20260810_140234,True
3905257,0.0156,0.0312,0.9126,3905.257,500000,0.0,0.0038999999999999972,0.0,0.0038999999999999972,tap2,natural,normal,20260810_140234,True
3907749,0.0234,0.0312,0.9165,3907.749,500000,0.007800000000000001,0.0038999999999999972,0.0039000000000000146,0.0095530099968544,tap2,natural,normal,20260810_140234,True
3910247,0.0234,0.0234,0.9126,3910.247,500000,0.007800000000000001,-0.0039000000000000007,0.0,0.008720665112249181,tap2,natural,normal,20260810_140234,True
3912759,0.0195,0.0234,0.9126,3912.759,500000,0.0039000000000000007,-0.0039000000000000007,0.0,0.005515432893255071,tap2,natural,normal,20260810_140234,True
3915238,0.0195,0.0273,0.9009,3915.238,500000,0.0039000000000000007,0.0,-0.011699999999999933,0.012332882874656616,tap2,natural,normal,20260810_140234,True
3917736,0.0156,0.0312,0.9126,3917.736,500000,0.0,0.0038999999999999972,0.0,0.0038999999999999972,tap2,natural,normal,20260810_140234,True
3920242,0.0156,0.0234,0.9126,3920.242,500000,0.0,-0.0039000000000000007,0.0,0.0039000000000000007,tap2,natural,normal,20260810_140234,True
3922755,0.0156,0.0195,0.9165,3922.755,500000,0.0,-0.007800000000000001,0.0039000000000000146,0.008720665112249188,tap2,natural,normal,20260810_140234,True
3925264,0.0117,0.0195,0.9087,3925.264,500000,-0.003899999999999999,-0.007800000000000001,-0.0039000000000000146,0.0095530099968544,tap2,natural,normal,20260810_140234,True
3927755,0.0234,0.0234,0.9126,3927.755,500000,0.007800000000000001,-0.0039000000000000007,0.0,0.008720665112249181,tap2,natural,normal,20260810_140234,True
3930259,0.0195,0.0195,0.9204,3930.259,500000,0.0039000000000000007,-0.007800000000000001,0.007800000000000029,0.011700000000000021,tap2,natural,normal,20260810_140234,True
3932737,0.0195,0.0156,0.9165,3932.737,500000,0.0039000000000000007,-0.011700000000000002,0.0039000000000000146,0.012934836682386066,tap2,natural,normal,20260810_140234,True
3935256,0.0195,0.0273,0.9087,3935.256,500000,0.0039000000000000007,0.0,-0.0039000000000000146,0.005515432893255082,tap2,natural,normal,20260810_140234,True
3937748,0.0117,0.0273,0.9204,3937.748,500000,-0.003899999999999999,0.0,0.007800000000000029,0.008720665112249205,tap2,natural,normal,20260810_140234,True
3940245,0.0234,0.0234,0.9126,3940.245,500000,0.007800000000000001,-0.0039000000000000007,0.0,0.008720665112249181,tap2,natural,normal,20260810_140234,True
3942760,0.0156,0.0234,0.9204,3942.76,500000,0.0,-0.0039000000000000007,0.007800000000000029,0.008720665112249207,tap2,natural,normal,20260810_140234,True
3945243,0.0195,0.0195,0.9087,3945.243,500000,0.0039000000000000007,-0.007800000000000001,-0.0039000000000000146,0.009553009996854402,tap2,natural,normal,20260810_140234,True
3947756,0.0117,0.0234,0.9087,3947.756,500000,-0.003899999999999999,-0.0039000000000000007,-0.0039000000000000146,0.00675499814951863,tap2,natural,normal,20260810_140234,True
3950260,0.0117,0.0234,0.9087,3950.26,500000,-0.003899999999999999,-0.0039000000000000007,-0.0039000000000000146,0.00675499814951863,tap2,natural,normal,20260810_140234,True
3952740,0.0195,0.0195,0.9048,3952.74,500000,0.0039000000000000007,-0.007800000000000001,-0.007799999999999918,0.011699999999999947,tap2,natural,normal,20260810_140234,True
3955254,0.0117,0.0273,0.9087,3955.254,500000,-0.003899999999999999,0.0,-0.0039000000000000146,0.00551543289325508,tap2,natural,normal,20260810_140234,True
3957747,0.0195,0.0273,0.9165,3957.747,500000,0.0039000000000000007,0.0,0.0039000000000000146,0.005515432893255082,tap2,natural,normal,20260810_140234,True
3960244,0.0195,0.0273,0.9087,3960.244,500000,0.0039000000000000007,0.0,-0.0039000000000000146,0.005515432893255082,tap2,natural,normal,20260810_140234,True
3962755,0.0156,0.0273,0.9204,3962.755,500000,0.0,0.0,0.007800000000000029,0.007800000000000029,tap2,natural,normal,20260810_140234,True
3965247,0.0273,0.0234,0.9243,3965.247,500000,0.011700000000000002,-0.0039000000000000007,0.011700000000000044,0.01699970587980866,tap2,natural,normal,20260810_140234,True
3967763,0.0156,0.0273,0.9126,3967.763,500000,0.0,0.0,0.0,0.0,tap2,natural,normal,20260810_140234,True
3970249,0.0156,0.0312,0.9048,3970.249,500000,0.0,0.0038999999999999972,-0.007799999999999918,0.008720665112249105,tap2,natural,normal,20260810_140234,True
3972742,0.0234,0.0273,0.9204,3972.742,500000,0.007800000000000001,0.0,0.007800000000000029,0.011030865786510163,tap2,natural,normal,20260810_140234,True
3975238,0.0195,0.0312,0.9165,3975.238,500000,0.0039000000000000007,0.0038999999999999972,0.0039000000000000146,0.006754998149518628,tap2,natural,normal,20260810_140234,True
3977762,0.0234,0.0312,0.9165,3977.762,500000,0.007800000000000001,0.0038999999999999972,0.0039000000000000146,0.0095530099968544,tap2,natural,normal,20260810_140234,True
3980259,0.0234,0.0312,0.9087,3980.259,500000,0.007800000000000001,0.0038999999999999972,-0.0039000000000000146,0.0095530099968544,tap2,natural,normal,20260810_140234,True
3982738,0.0117,0.0273,0.9165,3982.738,500000,-0.003899999999999999,0.0,0.0039000000000000146,0.00551543289325508,tap2,natural,normal,20260810_140234,True
3985249,0.0234,0.0234,0.9048,3985.249,500000,0.007800000000000001,-0.0039000000000000007,-0.007799999999999918,0.011699999999999947,tap2,natural,normal,20260810_140234,True
3987746,0.0234,0.0195,0.9165,3987.746,500000,0.007800000000000001,-0.007800000000000001,0.0039000000000000146,0.011700000000000007,tap2,natural,normal,20260810_140234,True
3990242,0.0273,0.0273,0.9087,3990.242,500000,0.011700000000000002,0.0,-0.0039000000000000146,0.012332882874656687,tap2,natural,normal,20260810_140234,True
3992754,0.0195,0.0312,0.9126,3992.754,500000,0.0039000000000000007,0.0038999999999999972,0.0,0.0055154328932550695,tap2,natural,normal,20260810_140234,True
3995239,0.0234,0.0234,0.9204,3995.239,500000,0.007800000000000001,-0.0039000000000000007,0.007800000000000029,0.011700000000000021,tap2,natural,normal,20260810_140234,True
3997827,0.0195,0.0273,0.9087,3997.827,500000,0.0039000000000000007,0.0,-0.0039000000000000146,0.005515432893255082,tap2,natural,normal,20260810_140234,True
4000261,0.0156,0.0273,0.9048,4000.261,500000,0.0,0.0,-0.007799999999999918,0.007799999999999918,tap2,natural,normal,20260810_140234,True
4002742,0.0156,0.0273,0.9165,4002.742,500000,0.0,0.0,0.0039000000000000146,0.0039000000000000146,tap2,natural,normal,20260810_140234,True
4005243,0.0117,0.0273,0.9204,4005.243,500000,-0.003899999999999999,0.0,0.007800000000000029,0.008720665112249205,tap2,natural,normal,20260810_140234,True
4007735,0.0156,0.0234,0.9126,4007.735,500000,0.0,-0.0039000000000000007,0.0,0.0039000000000000007,tap2,natural,normal,20260810_140234,True
