time_us,x_g,y_g,z_g,time_ms,cue_time_us,x_delta_g,y_delta_g,z_delta_g,dynamic_magnitude_g,label,requested_pace,requested_force,session_id,operator_accepted
21245,0.0156,0.0273,0.9204,21.245,500000,0.0,0.0039000000000000007,0.011700000000000044,0.012332882874656722,tap3,natural,light,20260810_140234,True
21701,0.0156,0.0273,0.9204,21.701,500000,0.0,0.0039000000000000007,0.011700000000000044,0.012332882874656722,tap3,natural,light,20260810_140234,True
22100,0.0156,0.0273,0.9204,22.1,500000,0.0,0.0039000000000000007,0.011700000000000044,0.012332882874656722,tap3,natural,light,20260810_140234,True
22499,0.0156,0.0273,0.9204,22.499,500000,0.0,0.0039000000000000007,0.011700000000000044,0.012332882874656722,tap3,natural,light,20260810_140234,True
22901,0.0234,0.039,0.897,22.901,500000,0.007800000000000001,0.0156,-0.011699999999999933,0.02100214274782453,tap3,natural,light,20260810_140234,True
23301,0.0234,0.039,0.897,23.301,500000,0.007800000000000001,0.0156,-0.011699999999999933,0.02100214274782453,tap3,natural,light,20260810_140234,True
23709,0.0234,0.039,0.897,23.709,500000,0.007800000000000001,0.0156,-0.011699999999999933,0.02100214274782453,tap3,natural,light,20260810_140234,True
24109,0.0234,0.039,0.897,24.109,500000,0.007800000000000001,0.0156,-0.011699999999999933,0.02100214274782453,tap3,natural,light,20260810_140234,True
24508,0.0234,0.039,0.897,24.508,500000,0.007800000000000001,0.0156,-0.011699999999999933,0.02100214274782453,tap3,natural,light,20260810_140234,True
25016,0.0234,0.039,0.897,25.016,500000,0.007800000000000001,0.0156,-0.011699999999999933,0.02100214274782453,tap3,natural,light,20260810_140234,True
25422,0.0117,0.0312,0.9087,25.422,500000,-0.003899999999999999,0.007799999999999998,0.0,0.008720665112249178,tap3,natural,light,20260810_140234,True
27511,0.0117,0.0312,0.9087,27.511,500000,-0.003899999999999999,0.007799999999999998,0.0,0.008720665112249178,tap3,natural,light,20260810_140234,True
30021,0.0078,0.0312,0.9048,30.021,500000,-0.0078,0.007799999999999998,-0.0038999999999999035,0.011699999999999966,tap3,natural,light,20260810_140234,True
32509,0.0195,0.0234,0.9204,32.509,500000,0.0039000000000000007,0.0,0.011700000000000044,0.012332882874656722,tap3,natural,light,20260810_140234,True
35020,0.0117,0.0234,0.9048,35.02,500000,-0.003899999999999999,0.0,-0.0038999999999999035,0.005515432893255002,tap3,natural,light,20260810_140234,True
37519,0.0156,0.0195,0.9009,37.519,500000,0.0,-0.0039000000000000007,-0.007799999999999918,0.008720665112249107,tap3,natural,light,20260810_140234,True
40028,0.0195,0.0234,0.9165,40.028,500000,0.0039000000000000007,0.0,0.007800000000000029,0.008720665112249207,tap3,natural,light,20260810_140234,True
42514,0.0195,0.0273,0.9165,42.514,500000,0.0039000000000000007,0.0039000000000000007,0.007800000000000029,0.00955300999685442,tap3,natural,light,20260810_140234,True
45030,0.0195,0.0351,0.9204,45.03,500000,0.0039000000000000007,0.011699999999999999,0.011700000000000044,0.016999705879808657,tap3,natural,light,20260810_140234,True
47520,0.0078,0.0273,0.9165,47.52,500000,-0.0078,0.0039000000000000007,0.007800000000000029,0.01170000000000002,tap3,natural,light,20260810_140234,True
50013,0.0156,0.0234,0.9048,50.013,500000,0.0,0.0,-0.0038999999999999035,0.0038999999999999035,tap3,natural,light,20260810_140234,True
52525,0.0156,0.0234,0.9009,52.525,500000,0.0,0.0,-0.007799999999999918,0.007799999999999918,tap3,natural,light,20260810_140234,True
55005,0.0117,0.0234,0.9243,55.005,500000,-0.003899999999999999,0.0,0.015600000000000058,0.016080111939908933,tap3,natural,light,20260810_140234,True
57528,0.0195,0.0273,0.9009,57.528,500000,0.0039000000000000007,0.0039000000000000007,-0.007799999999999918,0.009553009996854328,tap3,natural,light,20260810_140234,True
60027,0.0234,0.0273,0.9126,60.027,500000,0.007800000000000001,0.0039000000000000007,0.0039000000000000146,0.009553009996854402,tap3,natural,light,20260810_140234,True
62528,0.0156,0.0234,0.9126,62.528,500000,0.0,0.0,0.0039000000000000146,0.0039000000000000146,tap3,natural,light,20260810_140234,True
65005,0.0156,0.0273,0.9126,65.005,500000,0.0,0.0039000000000000007,0.0039000000000000146,0.005515432893255082,tap3,natural,light,20260810_140234,True
67510,0.0117,0.0195,0.9087,67.51,500000,-0.003899999999999999,-0.0039000000000000007,0.0,0.00551543289325507,tap3,natural,light,20260810_140234,True
70000,0.0156,0.0234,0.9048,70.0,500000,0.0,0.0,-0.0038999999999999035,0.0038999999999999035,tap3,natural,light,20260810_140234,True
72513,0.0234,0.0195,0.9048,72.513,500000,0.007800000000000001,-0.0039000000000000007,-0.0038999999999999035,0.009553009996854357,tap3,natural,light,20260810_140234,True
75023,0.0195,0.0234,0.9165,75.023,500000,0.0039000000000000007,0.0,0.007800000000000029,0.008720665112249207,tap3,natural,light,20260810_140234,True
77519,0.0156,0.0195,0.9126,77.519,500000,0.0,-0.0039000000000000007,0.0039000000000000146,0.005515432893255082,tap3,natural,light,20260810_140234,True
80019,0.0117,0.0195,0.9087,80.019,500000,-0.003899999999999999,-0.0039000000000000007,0.0,0.00551543289325507,tap3,natural,light,20260810_140234,True
82524,0.0117,0.0195,0.9126,82.524,500000,-0.003899999999999999,-0.0039000000000000007,0.0039000000000000146,0.00675499814951863,tap3,natural,light,20260810_140234,True
85009,0.0117,0.0273,0.9087,85.009,500000,-0.003899999999999999,0.0039000000000000007,0.0,0.00551543289325507,tap3,natural,light,20260810_140234,True
87505,0.0078,0.0195,0.9165,87.505,500000,-0.0078,-0.0039000000000000007,0.007800000000000029,0.01170000000000002,tap3,natural,light,20260810_140234,True
90029,0.0117,0.0156,0.9048,90.029,500000,-0.003899999999999999,-0.007800000000000001,-0.0038999999999999035,0.009553009996854355,tap3,natural,light,20260810_140234,True
92517,0.0195,0.0234,0.9087,92.517,500000,0.0039000000000000007,0.0,0.0,0.0039000000000000007,tap3,natural,light,20260810_140234,True
95023,0.0195,0.0195,0.9126,95.023,500000,0.0039000000000000007,-0.0039000000000000007,0.0039000000000000146,0.006754998149518631,tap3,natural,light,20260810_140234,True
97526,0.0156,0.0195,0.9126,97.526,500000,0.0,-0.0039000000000000007,0.0039000000000000146,0.005515432893255082,tap3,natural,light,20260810_140234,True
100016,0.0156,0.0156,0.9165,100.016,500000,0.0,-0.007800000000000001,0.007800000000000029,0.011030865786510163,tap3,natural,light,20260810_140234,True
102517,0.0195,0.0234,0.9087,102.517,500000,0.0039000000000000007,0.0,0.0,0.0039000000000000007,tap3,natural,light,20260810_140234,True
105018,0.0156,0.0234,0.897,105.018,500000,0.0,0.0,-0.011699999999999933,0.011699999999999933,tap3,natural,light,20260810_140234,True
107519,0.0117,0.0312,0.9048,107.519,500000,-0.003899999999999999,0.007799999999999998,-0.0038999999999999035,0.009553009996854354,tap3,natural,light,20260810_140234,True
110003,0.0156,0.0234,0.9165,110.003,500000,0.0,0.0,0.007800000000000029,0.007800000000000029,tap3,natural,light,20260810_140234,True
112520,0.0078,0.0312,0.9087,112.52,500000,-0.0078,0.007799999999999998,0.0,0.011030865786510139,tap3,natural,light,20260810_140234,True
115001,0.0156,0.0234,0.9087,115.001,500000,0.0,0.0,0.0,0.0,tap3,natural,light,20260810_140234,True
117525,0.0078,0.0273,0.9048,117.525,500000,-0.0078,0.0039000000000000007,-0.0038999999999999035,0.009553009996854355,tap3,natural,light,20260810_140234,True
120012,0.0117,0.0351,0.9126,120.012,500000,-0.003899999999999999,0.011699999999999999,0.0039000000000000146,0.012934836682386062,tap3,natural,light,20260810_140234,True
122502,0.0156,0.0273,0.9087,122.502,500000,0.0,0.0039000000000000007,0.0,0.0039000000000000007,tap3,natural,light,20260810_140234,True
125019,0.0195,0.0195,0.9126,125.019,500000,0.0039000000000000007,-0.0039000000000000007,0.0039000000000000146,0.006754998149518631,tap3,natural,light,20260810_140234,True
127518,0.0156,0.0234,0.9087,127.518,500000,0.0,0.0,0.0,0.0,tap3,natural,light,20260810_140234,True
130008,0.0156,0.0234,0.9087,130.008,500000,0.0,0.0,0.0,0.0,tap3,natural,light,20260810_140234,True
132525,0.0117,0.0234,0.9126,132.525,500000,-0.003899999999999999,0.0,0.0039000000000000146,0.00551543289325508,tap3,natural,light,20260810_140234,True
135003,0.0156,0.0234,0.9048,135.003,500000,0.0,0.0,-0.0038999999999999035,0.0038999999999999035,tap3,natural,light,20260810_140234,True
137524,0.0156,0.0234,0.9165,137.524,500000,0.0,0.0,0.007800000000000029,0.007800000000000029,tap3,natural,light,20260810_140234,True
140020,0.0195,0.0195,0.9087,140.02,500000,0.0039000000000000007,-0.0039000000000000007,0.0,0.005515432893255071,tap3,natural,light,20260810_140234,True
142516,0.0117,0.0273,0.9087,142.516,500000,-0.003899999999999999,0.0039000000000000007,0.0,0.00551543289325507,tap3,natural,light,20260810_140234,True
145022,0.0156,0.0195,0.9009,145.022,500000,0.0,-0.0039000000000000007,-0.007799999999999918,0.008720665112249107,tap3,natural,light,20260810_140234,True
147520,0.0117,0.0195,0.9126,147.52,500000,-0.003899999999999999,-0.0039000000000000007,0.0039000000000000146,0.00675499814951863,tap3,natural,light,20260810_140234,True
150012,0.0078,0.0429,0.9165,150.012,500000,-0.0078,0.0195,0.007800000000000029,0.022403794321498322,tap3,natural,light,20260810_140234,True
152523,0.0195,0.0234,0.9243,152.523,500000,0.0039000000000000007,0.0,0.015600000000000058,0.016080111939908933,tap3,natural,light,20260810_140234,True
155023,0.0195,0.0273,0.9204,155.023,500000,0.0039000000000000007,0.0039000000000000007,0.011700000000000044,0.012934836682386099,tap3,natural,light,20260810_140234,True
157520,0.0195,0.0195,0.9165,157.52,500000,0.0039000000000000007,-0.0039000000000000007,0.007800000000000029,0.00955300999685442,tap3,natural,light,20260810_140234,True
160010,0.0156,0.0312,0.9126,160.01,500000,0.0,0.007799999999999998,0.0039000000000000146,0.008720665112249185,tap3,natural,light,20260810_140234,True
162522,0.0273,0.0312,0.9087,162.522,500000,0.011700000000000002,0.007799999999999998,0.0,0.014061649974309559,tap3,natural,light,20260810_140234,True
165006,0.0195,0.0195,0.9165,165.006,500000,0.0039000000000000007,-0.0039000000000000007,0.007800000000000029,0.00955300999685442,tap3,natural,light,20260810_140234,True
167506,0.0195,0.0273,0.9009,167.506,500000,0.0039000000000000007,0.0039000000000000007,-0.007799999999999918,0.009553009996854328,tap3,natural,light,20260810_140234,True
170002,0.0078,0.0234,0.9087,170.002,500000,-0.0078,0.0,0.0,0.0078,tap3,natural,light,20260810_140234,True
172519,0.0156,0.0273,0.9204,172.519,500000,0.0,0.0039000000000000007,0.011700000000000044,0.012332882874656722,tap3,natural,light,20260810_140234,True
175026,0.0078,0.0195,0.9204,175.026,500000,-0.0078,-0.0039000000000000007,0.011700000000000044,0.014592463808418407,tap3,natural,light,20260810_140234,True
177530,0.0117,0.0195,0.9087,177.53,500000,-0.003899999999999999,-0.0039000000000000007,0.0,0.00551543289325507,tap3,natural,light,20260810_140234,True
180006,0.0156,0.0234,0.9048,180.006,500000,0.0,0.0,-0.0038999999999999035,0.0038999999999999035,tap3,natural,light,20260810_140234,True
182506,0.0156,0.0234,0.9048,182.506,500000,0.0,0.0,-0.0038999999999999035,0.0038999999999999035,tap3,natural,light,20260810_140234,True
185030,0.0195,0.0195,0.9204,185.03,500000,0.0039000000000000007,-0.0039000000000000007,0.011700000000000044,0.012934836682386099,tap3,natural,light,20260810_140234,True
187505,0.0117,0.0234,0.9204,187.505,500000,-0.003899999999999999,0.0,0.011700000000000044,0.01233288287465672,tap3,natural,light,20260810_140234,True
190013,0.0156,0.0234,0.9126,190.013,500000,0.0,0.0,0.0039000000000000146,0.0039000000000000146,tap3,natural,light,20260810_140234,True
192523,0.0117,0.0312,0.9126,192.523,500000,-0.003899999999999999,0.007799999999999998,0.0039000000000000146,0.009553009996854399,tap3,natural,light,20260810_140234,True
195027,0.0078,0.0234,0.9048,195.027,500000,-0.0078,0.0,-0.0038999999999999035,0.008720665112249136,tap3,natural,light,20260810_140234,True
197521,0.0078,0.0273,0.9048,197.521,500000,-0.0078,0.0039000000000000007,-0.0038999999999999035,0.009553009996854355,tap3,natural,light,20260810_140234,True
200010,0.0195,0.0195,0.9048,200.01,500000,0.0039000000000000007,-0.0039000000000000007,-0.0038999999999999035,0.006754998149518567,tap3,natural,light,20260810_140234,True
202516,0.0195,0.0195,0.9048,202.516,500000,0.0039000000000000007,-0.0039000000000000007,-0.0038999999999999035,0.006754998149518567,tap3,natural,light,20260810_140234,True
205022,0.0078,0.0234,0.9048,205.022,500000,-0.0078,0.0,-0.0038999999999999035,0.008720665112249136,tap3,natural,light,20260810_140234,True
207520,0.0117,0.0312,0.9009,207.52,500000,-0.003899999999999999,0.007799999999999998,-0.007799999999999918,0.011699999999999943,tap3,natural,light,20260810_140234,True
210014,0.0195,0.0195,0.9204,210.014,500000,0.0039000000000000007,-0.0039000000000000007,0.011700000000000044,0.012934836682386099,tap3,natural,light,20260810_140234,True
212501,0.0195,0.0273,0.9126,212.501,500000,0.0039000000000000007,0.0039000000000000007,0.0039000000000000146,0.006754998149518631,tap3,natural,light,20260810_140234,True
215010,0.0156,0.0273,0.9087,215.01,500000,0.0,0.0039000000000000007,0.0,0.0039000000000000007,tap3,natural,light,20260810_140234,True
217522,0.0117,0.0234,0.9087,217.522,500000,-0.003899999999999999,0.0,0.0,0.003899999999999999,tap3,natural,light,20260810_140234,True
220029,0.0117,0.0312,0.9009,220.029,500000,-0.003899999999999999,0.007799999999999998,-0.007799999999999918,0.011699999999999943,tap3,natural,light,20260810_140234,True
222519,0.0117,0.0273,0.9087,222.519,500000,-0.003899999999999999,0.0039000000000000007,0.0,0.00551543289325507,tap3,natural,light,20260810_140234,True
225006,0.0156,0.0273,0.9126,225.006,500000,0.0,0.0039000000000000007,0.0039000000000000146,0.005515432893255082,tap3,natural,light,20260810_140234,True
227508,0.0156,0.0234,0.9126,227.508,500000,0.0,0.0,0.0039000000000000146,0.0039000000000000146,tap3,natural,light,20260810_140234,True
230026,0.0117,0.0234,0.9087,230.026,500000,-0.003899999999999999,0.0,0.0,0.003899999999999999,tap3,natural,light,20260810_140234,True
232508,0.0078,0.0195,0.9087,232.508,500000,-0.0078,-0.0039000000000000007,0.0,0.00872066511224918,tap3,natural,light,20260810_140234,True
235006,0.0156,0.0312,0.9087,235.006,500000,0.0,0.007799999999999998,0.0,0.007799999999999998,tap3,natural,light,20260810_140234,True
237519,0.0156,0.0312,0.9087,237.519,500000,0.0,0.007799999999999998,0.0,0.007799999999999998,tap3,natural,light,20260810_140234,True
240013,0.0117,0.0351,0.9087,240.013,500000,-0.003899999999999999,0.011699999999999999,0.0,0.012332882874656677,tap3,natural,light,20260810_140234,True
242520,0.0117,0.0312,0.9165,242.52,500000,-0.003899999999999999,0.007799999999999998,0.007800000000000029,0.011700000000000018,tap3,natural,light,20260810_140234,True
245012,0.0156,0.0156,0.9126,245.012,500000,0.0,-0.007800000000000001,0.0039000000000000146,0.008720665112249188,tap3,natural,light,20260810_140234,True
247521,0.0156,0.0156,0.9165,247.521,500000,0.0,-0.007800000000000001,0.007800000000000029,0.011030865786510163,tap3,natural,light,20260810_140234,True
250025,0.0156,0.0273,0.9087,250.025,500000,0.0,0.0039000000000000007,0.0,0.0039000000000000007,tap3,natural,light,20260810_140234,True
252505,0.0117,0.0234,0.9126,252.505,500000,-0.003899999999999999,0.0,0.0039000000000000146,0.00551543289325508,tap3,natural,light,20260810_140234,True
255026,0.0117,0.0195,0.9126,255.026,500000,-0.003899999999999999,-0.0039000000000000007,0.0039000000000000146,0.00675499814951863,tap3,natural,light,20260810_140234,True
257526,0.0195,0.0234,0.9204,257.526,500000,0.0039000000000000007,0.0,0.011700000000000044,0.012332882874656722,tap3,natural,light,20260810_140234,True
260014,0.0078,0.039,0.9165,260.014,500000,-0.0078,0.0156,0.007800000000000029,0.0191060199937088,tap3,natural,light,20260810_140234,True
262500,0.0117,0.0312,0.9087,262.5,500000,-0.003899999999999999,0.007799999999999998,0.0,0.008720665112249178,tap3,natural,light,20260810_140234,True
265011,0.0117,0.0234,0.9087,265.011,500000,-0.003899999999999999,0.0,0.0,0.003899999999999999,tap3,natural,light,20260810_140234,True
267516,0.0195,0.0273,0.9126,267.516,500000,0.0039000000000000007,0.0039000000000000007,0.0039000000000000146,0.006754998149518631,tap3,natural,light,20260810_140234,True
270006,0.0195,0.0273,0.9204,270.006,500000,0.0039000000000000007,0.0039000000000000007,0.011700000000000044,0.012934836682386099,tap3,natural,light,20260810_140234,True
272518,0.0117,0.0312,0.9087,272.518,500000,-0.003899999999999999,0.007799999999999998,0.0,0.008720665112249178,tap3,natural,light,20260810_140234,True
275023,0.0156,0.0234,0.9009,275.023,500000,0.0,0.0,-0.007799999999999918,0.007799999999999918,tap3,natural,light,20260810_140234,True
277523,0.0117,0.0234,0.9165,277.523,500000,-0.003899999999999999,0.0,0.007800000000000029,0.008720665112249205,tap3,natural,light,20260810_140234,True
280021,0.0117,0.0273,0.9126,280.021,500000,-0.003899999999999999,0.0039000000000000007,0.0039000000000000146,0.00675499814951863,tap3,natural,light,20260810_140234,True
282528,0.0117,0.0312,0.9087,282.528,500000,-0.003899999999999999,0.007799999999999998,0.0,0.008720665112249178,tap3,natural,light,20260810_140234,True
285012,0.0156,0.0312,0.9087,285.012,500000,0.0,0.007799999999999998,0.0,0.007799999999999998,tap3,natural,light,20260810_140234,True
287506,0.0234,0.0273,0.9126,287.506,500000,0.007800000000000001,0.0039000000000000007,0.0039000000000000146,0.009553009996854402,tap3,natural,light,20260810_140234,True
290021,0.0156,0.0273,0.9048,290.021,500000,0.0,0.0039000000000000007,-0.0038999999999999035,0.005515432893255003,tap3,natural,light,20260810_140234,True
292507,0.0156,0.0234,0.9048,292.507,500000,0.0,0.0,-0.0038999999999999035,0.0038999999999999035,tap3,natural,light,20260810_140234,True
295014,0.0156,0.0195,0.9048,295.014,500000,0.0,-0.0039000000000000007,-0.0038999999999999035,0.005515432893255003,tap3,natural,light,20260810_140234,True
297518,0.0078,0.0351,0.9126,297.518,500000,-0.0078,0.011699999999999999,0.0039000000000000146,0.014592463808418374,tap3,natural,light,20260810_140234,True
300012,0.0117,0.0234,0.9048,300.012,500000,-0.003899999999999999,0.0,-0.0038999999999999035,0.005515432893255002,tap3,natural,light,20260810_140234,True
302529,0.0195,0.0273,0.9087,302.529,500000,0.0039000000000000007,0.0039000000000000007,0.0,0.005515432893255071,tap3,natural,light,20260810_140234,True
305028,0.0117,0.0312,0.9087,305.028,500000,-0.003899999999999999,0.007799999999999998,0.0,0.008720665112249178,tap3,natural,light,20260810_140234,True
307522,0.0156,0.0273,0.9126,307.522,500000,0.0,0.0039000000000000007,0.0039000000000000146,0.005515432893255082,tap3,natural,light,20260810_140234,True
310011,0.0234,0.0273,0.9204,310.011,500000,0.007800000000000001,0.0039000000000000007,0.011700000000000044,0.014592463808418409,tap3,natural,light,20260810_140234,True
312512,0.0195,0.0234,0.9048,312.512,500000,0.0039000000000000007,0.0,-0.0038999999999999035,0.005515432893255003,tap3,natural,light,20260810_140234,True
315028,0.0156,0.0234,0.9048,315.028,500000,0.0,0.0,-0.0038999999999999035,0.0038999999999999035,tap3,natural,light,20260810_140234,True
317525,0.0117,0.0234,0.9087,317.525,500000,-0.003899999999999999,0.0,0.0,0.003899999999999999,tap3,natural,light,20260810_140234,True
320006,0.0234,0.0273,0.9165,320.006,500000,0.007800000000000001,0.0039000000000000007,0.007800000000000029,0.011700000000000021,tap3,natural,light,20260810_140234,True
322526,0.0156,0.0234,0.9126,322.526,500000,0.0,0.0,0.0039000000000000146,0.0039000000000000146,tap3,natural,light,20260810_140234,True
325019,0.0195,0.0234,0.9126,325.019,500000,0.0039000000000000007,0.0,0.0039000000000000146,0.005515432893255082,tap3,natural,light,20260810_140234,True
327512,0.0195,0.0195,0.9126,327.512,500000,0.0039000000000000007,-0.0039000000000000007,0.0039000000000000146,0.006754998149518631,tap3,natural,light,20260810_140234,True
330024,0.0195,0.0195,0.9165,330.024,500000,0.0039000000000000007,-0.0039000000000000007,0.007800000000000029,0.00955300999685442,tap3,natural,light,20260810_140234,True
332511,0.0117,0.0234,0.9048,332.511,500000,-0.003899999999999999,0.0,-0.0038999999999999035,0.005515432893255002,tap3,natural,light,20260810_140234,True
335014,0.0156,0.0234,0.9087,335.014,500000,0.0,0.0,0.0,0.0,tap3,natural,light,20260810_140234,True
337513,0.0156,0.0312,0.9165,337.513,500000,0.0,0.007799999999999998,0.007800000000000029,0.01103086578651016,tap3,natural,light,20260810_140234,True
340025,0.0234,0.0234,0.9126,340.025,500000,0.007800000000000001,0.0,0.0039000000000000146,0.008720665112249188,tap3,natural,light,20260810_140234,True
342513,0.0195,0.0195,0.9126,342.513,500000,0.0039000000000000007,-0.0039000000000000007,0.0039000000000000146,0.006754998149518631,tap3,natural,light,20260810_140234,True
345028,0.0195,0.0156,0.9204,345.028,500000,0.0039000000000000007,-0.007800000000000001,0.011700000000000044,0.014592463808418409,tap3,natural,light,20260810_140234,True
347528,0.0195,0.0156,0.9204,347.528,500000,0.0039000000000000007,-0.007800000000000001,0.011700000000000044,0.014592463808418409,tap3,natural,light,20260810_140234,True
350020,0.0156,0.0312,0.9009,350.02,500000,0.0,0.007799999999999998,-0.007799999999999918,0.011030865786510082,tap3,natural,light,20260810_140234,True
352508,0.0117,0.0234,0.9087,352.508,500000,-0.003899999999999999,0.0,0.0,0.003899999999999999,tap3,natural,light,20260810_140234,True
355010,0.0195,0.0234,0.9126,355.01,500000,0.0039000000000000007,0.0,0.0039000000000000146,0.005515432893255082,tap3,natural,light,20260810_140234,True
357511,0.0156,0.0273,0.9048,357.511,500000,0.0,0.0039000000000000007,-0.0038999999999999035,0.005515432893255003,tap3,natural,light,20260810_140234,True
360005,0.0195,0.0312,0.9087,360.005,500000,0.0039000000000000007,0.007799999999999998,0.0,0.00872066511224918,tap3,natural,light,20260810_140234,True
362524,0.0156,0.0234,0.9009,362.524,500000,0.0,0.0,-0.007799999999999918,0.007799999999999918,tap3,natural,light,20260810_140234,True
365435,0.0156,0.0234,0.9087,365.435,500000,0.0,0.0,0.0,0.0,tap3,natural,light,20260810_140234,True
367510,0.0078,0.0234,0.9087,367.51,500000,-0.0078,0.0,0.0,0.0078,tap3,natural,light,20260810_140234,True
370027,0.0117,0.0273,0.9126,370.027,500000,-0.003899999999999999,0.0039000000000000007,0.0039000000000000146,0.00675499814951863,tap3,natural,light,20260810_140234,True
372513,0.0117,0.0312,0.9048,372.513,500000,-0.003899999999999999,0.007799999999999998,-0.0038999999999999035,0.009553009996854354,tap3,natural,light,20260810_140234,True
375027,0.0156,0.0273,0.9126,375.027,500000,0.0,0.0039000000000000007,0.0039000000000000146,0.005515432893255082,tap3,natural,light,20260810_140234,True
377502,0.0117,0.0273,0.9087,377.502,500000,-0.003899999999999999,0.0039000000000000007,0.0,0.00551543289325507,tap3,natural,light,20260810_140234,True
380010,0.0117,0.0195,0.9087,380.01,500000,-0.003899999999999999,-0.0039000000000000007,0.0,0.00551543289325507,tap3,natural,light,20260810_140234,True
382517,0.0156,0.0273,0.9165,382.517,500000,0.0,0.0039000000000000007,0.007800000000000029,0.008720665112249207,tap3,natural,light,20260810_140234,True
385007,0.0117,0.0273,0.9087,385.007,500000,-0.003899999999999999,0.0039000000000000007,0.0,0.00551543289325507,tap3,natural,light,20260810_140234,True
387503,0.0195,0.0156,0.9165,387.503,500000,0.0039000000000000007,-0.007800000000000001,0.007800000000000029,0.011700000000000021,tap3,natural,light,20260810_140234,True
390023,0.0117,0.0195,0.9087,390.023,500000,-0.003899999999999999,-0.0039000000000000007,0.0,0.00551543289325507,tap3,natural,light,20260810_140234,True
392510,0.0117,0.0234,0.9126,392.51,500000,-0.003899999999999999,0.0,0.0039000000000000146,0.00551543289325508,tap3,natural,light,20260810_140234,True
395017,0.0117,0.0234,0.9126,395.017,500000,-0.003899999999999999,0.0,0.0039000000000000146,0.00551543289325508,tap3,natural,light,20260810_140234,True
397509,0.0156,0.0234,0.9126,397.509,500000,0.0,0.0,0.0039000000000000146,0.0039000000000000146,tap3,natural,light,20260810_140234,True
400020,0.0156,0.0156,0.9126,400.02,500000,0.0,-0.007800000000000001,0.0039000000000000146,0.008720665112249188,tap3,natural,light,20260810_140234,True
402509,0.0117,0.0312,0.9126,402.509,500000,-0.003899999999999999,0.007799999999999998,0.0039000000000000146,0.009553009996854399,tap3,natural,light,20260810_140234,True
405019,0.0117,0.0273,0.9087,405.019,500000,-0.003899999999999999,0.0039000000000000007,0.0,0.00551543289325507,tap3,natural,light,20260810_140234,True
407505,0.0156,0.0195,0.9126,407.505,500000,0.0,-0.0039000000000000007,0.0039000000000000146,0.005515432893255082,tap3,natural,light,20260810_140234,True
410027,0.0195,0.0234,0.9126,410.027,500000,0.0039000000000000007,0.0,0.0039000000000000146,0.005515432893255082,tap3,natural,light,20260810_140234,True
412511,0.0156,0.0234,0.9048,412.511,500000,0.0,0.0,-0.0038999999999999035,0.0038999999999999035,tap3,natural,light,20260810_140234,True
415022,0.0117,0.0234,0.9087,415.022,500000,-0.003899999999999999,0.0,0.0,0.003899999999999999,tap3,natural,light,20260810_140234,True
417517,0.0117,0.0234,0.9087,417.517,500000,-0.003899999999999999,0.0,0.0,0.003899999999999999,tap3,natural,light,20260810_140234,True
420022,0.0156,0.0234,0.9165,420.022,500000,0.0,0.0,0.007800000000000029,0.007800000000000029,tap3,natural,light,20260810_140234,True
422509,0.0156,0.0234,0.9048,422.509,500000,0.0,0.0,-0.0038999999999999035,0.0038999999999999035,tap3,natural,light,20260810_140234,True
425027,0.0195,0.0234,0.9087,425.027,500000,0.0039000000000000007,0.0,0.0,0.0039000000000000007,tap3,natural,light,20260810_140234,True
427520,0.0195,0.0156,0.9048,427.52,500000,0.0039000000000000007,-0.007800000000000001,-0.0038999999999999035,0.009553009996854357,tap3,natural,light,20260810_140234,True
430013,0.0117,0.0234,0.9048,430.013,500000,-0.003899999999999999,0.0,-0.0038999999999999035,0.005515432893255002,tap3,natural,light,20260810_140234,True
432519,0.0078,0.0195,0.9126,432.519,500000,-0.0078,-0.0039000000000000007,0.0039000000000000146,0.0095530099968544,tap3,natural,light,20260810_140234,True
435015,0.0117,0.0234,0.9087,435.015,500000,-0.003899999999999999,0.0,0.0,0.003899999999999999,tap3,natural,light,20260810_140234,True
437517,0.0156,0.0234,0.9087,437.517,500000,0.0,0.0,0.0,0.0,tap3,natural,light,20260810_140234,True
440024,0.0195,0.0195,0.9126,440.024,500000,0.0039000000000000007,-0.0039000000000000007,0.0039000000000000146,0.006754998149518631,tap3,natural,light,20260810_140234,True
442509,0.0078,0.0195,0.9087,442.509,500000,-0.0078,-0.0039000000000000007,0.0,0.00872066511224918,tap3,natural,light,20260810_140234,True
445010,0.0078,0.0234,0.9165,445.01,500000,-0.0078,0.0,0.007800000000000029,0.011030865786510162,tap3,natural,light,20260810_140234,True
447510,0.0156,0.0195,0.9009,447.51,500000,0.0,-0.0039000000000000007,-0.007799999999999918,0.008720665112249107,tap3,natural,light,20260810_140234,True
450022,0.0117,0.0195,0.9087,450.022,500000,-0.003899999999999999,-0.0039000000000000007,0.0,0.00551543289325507,tap3,natural,light,20260810_140234,True
452511,0.0117,0.0195,0.9087,452.511,500000,-0.003899999999999999,-0.0039000000000000007,0.0,0.00551543289325507,tap3,natural,light,20260810_140234,True
455003,0.0156,0.0234,0.9087,455.003,500000,0.0,0.0,0.0,0.0,tap3,natural,light,20260810_140234,True
457526,0.0117,0.0234,0.9165,457.526,500000,-0.003899999999999999,0.0,0.007800000000000029,0.008720665112249205,tap3,natural,light,20260810_140234,True
460020,0.0117,0.0195,0.9087,460.02,500000,-0.003899999999999999,-0.0039000000000000007,0.0,0.00551543289325507,tap3,natural,light,20260810_140234,True
462505,0.0156,0.0312,0.9165,462.505,500000,0.0,0.007799999999999998,0.007800000000000029,0.01103086578651016,tap3,natural,light,20260810_140234,True
465008,0.0117,0.0234,0.9087,465.008,500000,-0.003899999999999999,0.0,0.0,0.003899999999999999,tap3,natural,light,20260810_140234,True
467902,0.0195,0.0195,0.9048,467.902,500000,0.0039000000000000007,-0.0039000000000000007,-0.0038999999999999035,0.006754998149518567,tap3,natural,light,20260810_140234,True
470024,0.0195,0.0195,0.9048,470.024,500000,0.0039000000000000007,-0.0039000000000000007,-0.0038999999999999035,0.006754998149518567,tap3,natural,light,20260810_140234,True
472506,0.0234,0.0195,0.9087,472.506,500000,0.007800000000000001,-0.0039000000000000007,0.0,0.008720665112249181,tap3,natural,light,20260810_140234,True
475008,0.0273,0.0312,0.9087,475.008,500000,0.011700000000000002,0.007799999999999998,0.0,0.014061649974309559,tap3,natural,light,20260810_140234,True
477511,0.0234,0.0273,0.9126,477.511,500000,0.007800000000000001,0.0039000000000000007,0.0039000000000000146,0.009553009996854402,tap3,natural,light,20260810_140234,True
480004,0.0156,0.0156,0.9048,480.004,500000,0.0,-0.007800000000000001,-0.0038999999999999035,0.008720665112249138,tap3,natural,light,20260810_140234,True
482516,0.0195,0.0195,0.9087,482.516,500000,0.0039000000000000007,-0.0039000000000000007,0.0,0.005515432893255071,tap3,natural,light,20260810_140234,True
485001,0.0195,0.0273,0.9126,485.001,500000,0.0039000000000000007,0.0039000000000000007,0.0039000000000000146,0.006754998149518631,tap3,natural,light,20260810_140234,True
487522,0.0273,0.0156,0.9087,487.522,500000,0.011700000000000002,-0.007800000000000001,0.0,0.01406164997430956,tap3,natural,light,20260810_140234,True
490009,0.0195,0.0234,0.9126,490.009,500000,0.0039000000000000007,0.0,0.0039000000000000146,0.005515432893255082,tap3,natural,light,20260810_140234,True
492528,0.0117,0.0312,0.9087,492.528,500000,-0.003899999999999999,0.007799999999999998,0.0,0.008720665112249178,tap3,natural,light,20260810_140234,True
495009,0.0195,0.0195,0.9126,495.009,500000,0.0039000000000000007,-0.0039000000000000007,0.0039000000000000146,0.006754998149518631,tap3,natural,light,20260810_140234,True
497510,0.0195,0.0234,0.9165,497.51,500000,0.0039000000000000007,0.0,0.007800000000000029,0.008720665112249207,tap3,natural,light,20260810_140234,True
510261,0.0117,0.0195,0.9048,510.261,500000,-0.003899999999999999,-0.0039000000000000007,-0.0038999999999999035,0.006754998149518566,tap3,natural,light,20260810_140234,True
512729,0.0156,0.0234,0.9165,512.729,500000,0.0,0.0,0.007800000000000029,0.007800000000000029,tap3,natural,light,20260810_140234,True
515222,0.0156,0.0273,0.9126,515.222,500000,0.0,0.0039000000000000007,0.0039000000000000146,0.005515432893255082,tap3,natural,light,20260810_140234,True
517734,0.0117,0.0234,0.9087,517.734,500000,-0.003899999999999999,0.0,0.0,0.003899999999999999,tap3,natural,light,20260810_140234,True
520228,0.0156,0.0234,0.9126,520.228,500000,0.0,0.0,0.0039000000000000146,0.0039000000000000146,tap3,natural,light,20260810_140234,True
522732,0.0117,0.0273,0.9126,522.732,500000,-0.003899999999999999,0.0039000000000000007,0.0039000000000000146,0.00675499814951863,tap3,natural,light,20260810_140234,True
525221,0.0117,0.0234,0.9048,525.221,500000,-0.003899999999999999,0.0,-0.0038999999999999035,0.005515432893255002,tap3,natural,light,20260810_140234,True
527732,0.0078,0.0234,0.9126,527.732,500000,-0.0078,0.0,0.0039000000000000146,0.008720665112249186,tap3,natural,light,20260810_140234,True
530215,0.0156,0.0234,0.9126,530.215,500000,0.0,0.0,0.0039000000000000146,0.0039000000000000146,tap3,natural,light,20260810_140234,True
532705,0.0117,0.0312,0.9009,532.705,500000,-0.003899999999999999,0.007799999999999998,-0.007799999999999918,0.011699999999999943,tap3,natural,light,20260810_140234,True
535228,0.0156,0.0273,0.9165,535.228,500000,0.0,0.0039000000000000007,0.007800000000000029,0.008720665112249207,tap3,natural,light,20260810_140234,True
537708,0.0156,0.0273,0.9087,537.708,500000,0.0,0.0039000000000000007,0.0,0.0039000000000000007,tap3,natural,light,20260810_140234,True
540229,0.0195,0.0234,0.9126,540.229,500000,0.0039000000000000007,0.0,0.0039000000000000146,0.005515432893255082,tap3,natural,light,20260810_140234,True
542708,0.0156,0.0234,0.9087,542.708,500000,0.0,0.0,0.0,0.0,tap3,natural,light,20260810_140234,True
545209,0.0156,0.0273,0.9126,545.209,500000,0.0,0.0039000000000000007,0.0039000000000000146,0.005515432893255082,tap3,natural,light,20260810_140234,True
547728,0.0117,0.0234,0.9009,547.728,500000,-0.003899999999999999,0.0,-0.007799999999999918,0.008720665112249105,tap3,natural,light,20260810_140234,True
550214,0.0156,0.0234,0.9087,550.214,500000,0.0,0.0,0.0,0.0,tap3,natural,light,20260810_140234,True
552733,0.0156,0.0234,0.9087,552.733,500000,0.0,0.0,0.0,0.0,tap3,natural,light,20260810_140234,True
555205,0.0117,0.0273,0.9126,555.205,500000,-0.003899999999999999,0.0039000000000000007,0.0039000000000000146,0.00675499814951863,tap3,natural,light,20260810_140234,True
557708,0.0117,0.0195,0.9165,557.708,500000,-0.003899999999999999,-0.0039000000000000007,0.007800000000000029,0.009553009996854418,tap3,natural,light,20260810_140234,True
560226,0.0117,0.0234,0.8931,560.226,500000,-0.003899999999999999,0.0,-0.015599999999999947,0.016080111939908825,tap3,natural,light,20260810_140234,True
562726,0.0156,0.0234,0.9126,562.726,500000,0.0,0.0,0.0039000000000000146,0.0039000000000000146,tap3,natural,light,20260810_140234,True
565228,0.0195,0.0117,0.9048,565.228,500000,0.0039000000000000007,-0.0117,-0.0038999999999999035,0.012934836682386031,tap3,natural,light,20260810_140234,True
567734,0.0117,0.0195,0.9126,567.734,500000,-0.003899999999999999,-0.0039000000000000007,0.0039000000000000146,0.00675499814951863,tap3,natural,light,20260810_140234,True
570356,0.0195,0.0234,0.9087,570.356,500000,0.0039000000000000007,0.0,0.0,0.0039000000000000007,tap3,natural,light,20260810_140234,True
572707,0.0195,0.0234,0.9087,572.707,500000,0.0039000000000000007,0.0,0.0,0.0039000000000000007,tap3,natural,light,20260810_140234,True
575229,0.0078,0.0273,0.9204,575.229,500000,-0.0078,0.0039000000000000007,0.011700000000000044,0.014592463808418407,tap3,natural,light,20260810_140234,True
577715,0.0234,0.0273,0.9126,577.715,500000,0.007800000000000001,0.0039000000000000007,0.0039000000000000146,0.009553009996854402,tap3,natural,light,20260810_140234,True
580209,0.0195,0.0273,0.9126,580.209,500000,0.0039000000000000007,0.0039000000000000007,0.0039000000000000146,0.006754998149518631,tap3,natural,light,20260810_140234,True
582730,0.0156,0.0195,0.9087,582.73,500000,0.0,-0.0039000000000000007,0.0,0.0039000000000000007,tap3,natural,light,20260810_140234,True
585209,0.0156,0.0273,0.9126,585.209,500000,0.0,0.0039000000000000007,0.0039000000000000146,0.005515432893255082,tap3,natural,light,20260810_140234,True
587711,0.0117,0.0273,0.9243,587.711,500000,-0.003899999999999999,0.0039000000000000007,0.015600000000000058,0.016546298679765266,tap3,natural,light,20260810_140234,True
590224,0.0156,0.0312,0.9087,590.224,500000,0.0,0.007799999999999998,0.0,0.007799999999999998,tap3,natural,light,20260810_140234,True
592722,0.0117,0.0312,0.9048,592.722,500000,-0.003899999999999999,0.007799999999999998,-0.0038999999999999035,0.009553009996854354,tap3,natural,light,20260810_140234,True
595207,0.0117,0.0273,0.9126,595.207,500000,-0.003899999999999999,0.0039000000000000007,0.0039000000000000146,0.00675499814951863,tap3,natural,light,20260810_140234,True
597715,0.0156,0.0234,0.9165,597.715,500000,0.0,0.0,0.007800000000000029,0.007800000000000029,tap3,natural,light,20260810_140234,True
600227,0.0156,0.0312,0.9243,600.227,500000,0.0,0.007799999999999998,0.015600000000000058,0.01744133022449841,tap3,natural,light,20260810_140234,True
602727,0.0117,0.0234,0.9087,602.727,500000,-0.003899999999999999,0.0,0.0,0.003899999999999999,tap3,natural,light,20260810_140234,True
605231,0.0156,0.0312,0.9048,605.231,500000,0.0,0.007799999999999998,-0.0038999999999999035,0.008720665112249134,tap3,natural,light,20260810_140234,True
607716,0.0156,0.0273,0.9321,607.716,500000,0.0,0.0039000000000000007,0.023400000000000087,0.023722773868163145,tap3,natural,light,20260810_140234,True
610220,0.0234,0.0273,0.9087,610.22,500000,0.007800000000000001,0.0039000000000000007,0.0,0.008720665112249181,tap3,natural,light,20260810_140234,True
612708,0.0117,0.0195,0.9048,612.708,500000,-0.003899999999999999,-0.0039000000000000007,-0.0038999999999999035,0.006754998149518566,tap3,natural,light,20260810_140234,True
615209,0.0117,0.0195,0.9126,615.209,500000,-0.003899999999999999,-0.0039000000000000007,0.0039000000000000146,0.00675499814951863,tap3,natural,light,20260810_140234,True
617733,0.0117,0.0234,0.9126,617.733,500000,-0.003899999999999999,0.0,0.0039000000000000146,0.00551543289325508,tap3,natural,light,20260810_140234,True
620205,0.0078,0.0234,0.9009,620.205,500000,-0.0078,0.0,-0.007799999999999918,0.011030865786510084,tap3,natural,light,20260810_140234,True
622727,0.0195,0.0195,0.9048,622.727,500000,0.0039000000000000007,-0.0039000000000000007,-0.0038999999999999035,0.006754998149518567,tap3,natural,light,20260810_140234,True
625218,0.0156,0.0156,0.9009,625.218,500000,0.0,-0.007800000000000001,-0.007799999999999918,0.011030865786510084,tap3,natural,light,20260810_140234,True
627722,0.0117,0.0234,0.9087,627.722,500000,-0.003899999999999999,0.0,0.0,0.003899999999999999,tap3,natural,light,20260810_140234,True
630210,0.0156,0.0273,0.9048,630.21,500000,0.0,0.0039000000000000007,-0.0038999999999999035,0.005515432893255003,tap3,natural,light,20260810_140234,True
632734,0.0156,0.0273,0.9087,632.734,500000,0.0,0.0039000000000000007,0.0,0.0039000000000000007,tap3,natural,light,20260810_140234,True
635228,0.0117,0.0273,0.9087,635.228,500000,-0.003899999999999999,0.0039000000000000007,0.0,0.00551543289325507,tap3,natural,light,20260810_140234,True
637733,0.0234,0.0195,0.9204,637.733,500000,0.007800000000000001,-0.0039000000000000007,0.011700000000000044,0.014592463808418409,tap3,natural,light,20260810_140234,True
640222,0.0117,0.0234,0.9126,640.222,500000,-0.003899999999999999,0.0,0.0039000000000000146,0.00551543289325508,tap3,natural,light,20260810_140234,True
642713,0.0156,0.0195,0.9087,642.713,500000,0.0,-0.0039000000000000007,0.0,0.0039000000000000007,tap3,natural,light,20260810_140234,True
645230,0.0156,0.0234,0.9126,645.23,500000,0.0,0.0,0.0039000000000000146,0.0039000000000000146,tap3,natural,light,20260810_140234,True
647712,0.0156,0.0312,0.9087,647.712,500000,0.0,0.007799999999999998,0.0,0.007799999999999998,tap3,natural,light,20260810_140234,True
650224,0.0195,0.0117,0.9009,650.224,500000,0.0039000000000000007,-0.0117,-0.007799999999999918,0.014592463808418327,tap3,natural,light,20260810_140234,True
652720,0.0156,0.0195,0.9126,652.72,500000,0.0,-0.0039000000000000007,0.0039000000000000146,0.005515432893255082,tap3,natural,light,20260810_140234,True
655218,0.0117,0.0234,0.9165,655.218,500000,-0.003899999999999999,0.0,0.007800000000000029,0.008720665112249205,tap3,natural,light,20260810_140234,True
657727,0.0117,0.0234,0.9087,657.727,500000,-0.003899999999999999,0.0,0.0,0.003899999999999999,tap3,natural,light,20260810_140234,True
660233,0.0117,0.0195,0.9087,660.233,500000,-0.003899999999999999,-0.0039000000000000007,0.0,0.00551543289325507,tap3,natural,light,20260810_140234,True
662726,0.0156,0.0234,0.9009,662.726,500000,0.0,0.0,-0.007799999999999918,0.007799999999999918,tap3,natural,light,20260810_140234,True
665228,0.0195,0.0234,0.9048,665.228,500000,0.0039000000000000007,0.0,-0.0038999999999999035,0.005515432893255003,tap3,natural,light,20260810_140234,True
667731,0.0156,0.0234,0.9126,667.731,500000,0.0,0.0,0.0039000000000000146,0.0039000000000000146,tap3,natural,light,20260810_140234,True
670214,0.0156,0.0234,0.9048,670.214,500000,0.0,0.0,-0.0038999999999999035,0.0038999999999999035,tap3,natural,light,20260810_140234,True
672720,0.0156,0.0273,0.9165,672.72,500000,0.0,0.0039000000000000007,0.007800000000000029,0.008720665112249207,tap3,natural,light,20260810_140234,True
675223,0.0195,0.0195,0.9126,675.223,500000,0.0039000000000000007,-0.0039000000000000007,0.0039000000000000146,0.006754998149518631,tap3,natural,light,20260810_140234,True
677710,0.0195,0.0195,0.9126,677.71,500000,0.0039000000000000007,-0.0039000000000000007,0.0039000000000000146,0.006754998149518631,tap3,natural,light,20260810_140234,True
680219,0.0117,0.0273,0.9048,680.219,500000,-0.003899999999999999,0.0039000000000000007,-0.0038999999999999035,0.006754998149518566,tap3,natural,light,20260810_140234,True
682712,0.0234,0.0234,0.9009,682.712,500000,0.007800000000000001,0.0,-0.007799999999999918,0.011030865786510084,tap3,natural,light,20260810_140234,True
685211,0.0156,0.0273,0.9009,685.211,500000,0.0,0.0039000000000000007,-0.007799999999999918,0.008720665112249107,tap3,natural,light,20260810_140234,True
687722,0.0117,0.0312,0.9243,687.722,500000,-0.003899999999999999,0.007799999999999998,0.015600000000000058,0.017872045210327824,tap3,natural,light,20260810_140234,True
690229,0.0078,0.0312,0.9204,690.229,500000,-0.0078,0.007799999999999998,0.011700000000000044,0.016080111939908905,tap3,natural,light,20260810_140234,True
692731,0.0156,0.0273,0.9126,692.731,500000,0.0,0.0039000000000000007,0.0039000000000000146,0.005515432893255082,tap3,natural,light,20260810_140234,True
695205,0.0117,0.0195,0.9126,695.205,500000,-0.003899999999999999,-0.0039000000000000007,0.0039000000000000146,0.00675499814951863,tap3,natural,light,20260810_140234,True
697714,0.0156,0.0195,0.9282,697.714,500000,0.0,-0.0039000000000000007,0.019500000000000073,0.01988617610301193,tap3,natural,light,20260810_140234,True
700232,0.0195,0.0312,0.9048,700.232,500000,0.0039000000000000007,0.007799999999999998,-0.0038999999999999035,0.009553009996854354,tap3,natural,light,20260810_140234,True
702731,0.0156,0.0234,0.9087,702.731,500000,0.0,0.0,0.0,0.0,tap3,natural,light,20260810_140234,True
705217,0.0195,0.0273,0.9048,705.217,500000,0.0039000000000000007,0.0039000000000000007,-0.0038999999999999035,0.006754998149518567,tap3,natural,light,20260810_140234,True
707721,0.0117,0.0195,0.9126,707.721,500000,-0.003899999999999999,-0.0039000000000000007,0.0039000000000000146,0.00675499814951863,tap3,natural,light,20260810_140234,True
710231,0.0078,0.0351,0.9009,710.231,500000,-0.0078,0.011699999999999999,-0.007799999999999918,0.016080111939908836,tap3,natural,light,20260810_140234,True
712731,0.0195,0.0234,0.9126,712.731,500000,0.0039000000000000007,0.0,0.0039000000000000146,0.005515432893255082,tap3,natural,light,20260810_140234,True
715208,0.0195,0.0234,0.9087,715.208,500000,0.0039000000000000007,0.0,0.0,0.0039000000000000007,tap3,natural,light,20260810_140234,True
717727,0.0195,0.0195,0.9087,717.727,500000,0.0039000000000000007,-0.0039000000000000007,0.0,0.005515432893255071,tap3,natural,light,20260810_140234,True
720227,0.0156,0.0195,0.9009,720.227,500000,0.0,-0.0039000000000000007,-0.007799999999999918,0.008720665112249107,tap3,natural,light,20260810_140234,True
722721,0.0117,0.0234,0.9009,722.721,500000,-0.003899999999999999,0.0,-0.007799999999999918,0.008720665112249105,tap3,natural,light,20260810_140234,True
725232,0.0078,0.0312,0.9048,725.232,500000,-0.0078,0.007799999999999998,-0.0038999999999999035,0.011699999999999966,tap3,natural,light,20260810_140234,True
727716,0.0156,0.0156,0.9126,727.716,500000,0.0,-0.007800000000000001,0.0039000000000000146,0.008720665112249188,tap3,natural,light,20260810_140234,True
730219,0.0156,0.0234,0.9087,730.219,500000,0.0,0.0,0.0,0.0,tap3,natural,light,20260810_140234,True
732734,0.0156,0.0273,0.9048,732.734,500000,0.0,0.0039000000000000007,-0.0038999999999999035,0.005515432893255003,tap3,natural,light,20260810_140234,True
735207,0.0195,0.0117,0.9048,735.207,500000,0.0039000000000000007,-0.0117,-0.0038999999999999035,0.012934836682386031,tap3,natural,light,20260810_140234,True
737708,0.0117,0.0195,0.9048,737.708,500000,-0.003899999999999999,-0.0039000000000000007,-0.0038999999999999035,0.006754998149518566,tap3,natural,light,20260810_140234,True
740233,0.0156,0.0234,0.9126,740.233,500000,0.0,0.0,0.0039000000000000146,0.0039000000000000146,tap3,natural,light,20260810_140234,True
742707,0.0195,0.0234,0.9048,742.707,500000,0.0039000000000000007,0.0,-0.0038999999999999035,0.005515432893255003,tap3,natural,light,20260810_140234,True
745219,0.0117,0.0312,0.9165,745.219,500000,-0.003899999999999999,0.007799999999999998,0.007800000000000029,0.011700000000000018,tap3,natural,light,20260810_140234,True
747732,0.0156,0.0273,0.9087,747.732,500000,0.0,0.0039000000000000007,0.0,0.0039000000000000007,tap3,natural,light,20260810_140234,True
750232,0.0117,0.0195,0.9126,750.232,500000,-0.003899999999999999,-0.0039000000000000007,0.0039000000000000146,0.00675499814951863,tap3,natural,light,20260810_140234,True
752733,0.0156,0.0195,0.9048,752.733,500000,0.0,-0.0039000000000000007,-0.0038999999999999035,0.005515432893255003,tap3,natural,light,20260810_140234,True
755230,0.0195,0.0234,0.9048,755.23,500000,0.0039000000000000007,0.0,-0.0038999999999999035,0.005515432893255003,tap3,natural,light,20260810_140234,True
757715,0.0156,0.0273,0.9048,757.715,500000,0.0,0.0039000000000000007,-0.0038999999999999035,0.005515432893255003,tap3,natural,light,20260810_140234,True
760211,0.0195,0.0234,0.9165,760.211,500000,0.0039000000000000007,0.0,0.007800000000000029,0.008720665112249207,tap3,natural,light,20260810_140234,True
762733,0.0156,0.0234,0.9165,762.733,500000,0.0,0.0,0.007800000000000029,0.007800000000000029,tap3,natural,light,20260810_140234,True
765233,0.0156,0.0195,0.9165,765.233,500000,0.0,-0.0039000000000000007,0.007800000000000029,0.008720665112249207,tap3,natural,light,20260810_140234,True
767708,0.0117,0.0312,0.9048,767.708,500000,-0.003899999999999999,0.007799999999999998,-0.0038999999999999035,0.009553009996854354,tap3,natural,light,20260810_140234,True
770229,0.0156,0.0312,0.897,770.229,500000,0.0,0.007799999999999998,-0.011699999999999933,0.014061649974309502,tap3,natural,light,20260810_140234,True
772709,0.0156,0.0234,0.9048,772.709,500000,0.0,0.0,-0.0038999999999999035,0.0038999999999999035,tap3,natural,light,20260810_140234,True
775232,0.0234,0.0234,0.9048,775.232,500000,0.007800000000000001,0.0,-0.0038999999999999035,0.008720665112249138,tap3,natural,light,20260810_140234,True
777721,0.0195,0.0234,0.9126,777.721,500000,0.0039000000000000007,0.0,0.0039000000000000146,0.005515432893255082,tap3,natural,light,20260810_140234,True
780217,0.0117,0.0234,0.9009,780.217,500000,-0.003899999999999999,0.0,-0.007799999999999918,0.008720665112249105,tap3,natural,light,20260810_140234,True
782709,0.0156,0.0234,0.9165,782.709,500000,0.0,0.0,0.007800000000000029,0.007800000000000029,tap3,natural,light,20260810_140234,True
785211,0.0156,0.0234,0.9165,785.211,500000,0.0,0.0,0.007800000000000029,0.007800000000000029,tap3,natural,light,20260810_140234,True
787716,0.0195,0.0195,0.9048,787.716,500000,0.0039000000000000007,-0.0039000000000000007,-0.0038999999999999035,0.006754998149518567,tap3,natural,light,20260810_140234,True
790228,0.0117,0.0273,0.9009,790.228,500000,-0.003899999999999999,0.0039000000000000007,-0.007799999999999918,0.009553009996854328,tap3,natural,light,20260810_140234,True
792727,0.0117,0.0273,0.9087,792.727,500000,-0.003899999999999999,0.0039000000000000007,0.0,0.00551543289325507,tap3,natural,light,20260810_140234,True
795233,0.0078,0.0273,0.9009,795.233,500000,-0.0078,0.0039000000000000007,-0.007799999999999918,0.011699999999999945,tap3,natural,light,20260810_140234,True
797707,0.0156,0.0273,0.897,797.707,500000,0.0,0.0039000000000000007,-0.011699999999999933,0.012332882874656616,tap3,natural,light,20260810_140234,True
800225,0.0234,0.0273,0.9087,800.225,500000,0.007800000000000001,0.0039000000000000007,0.0,0.008720665112249181,tap3,natural,light,20260810_140234,True
802721,0.0156,0.0195,0.9126,802.721,500000,0.0,-0.0039000000000000007,0.0039000000000000146,0.005515432893255082,tap3,natural,light,20260810_140234,True
805216,0.0195,0.0195,0.9126,805.216,500000,0.0039000000000000007,-0.0039000000000000007,0.0039000000000000146,0.006754998149518631,tap3,natural,light,20260810_140234,True
807723,0.0117,0.0273,0.9009,807.723,500000,-0.003899999999999999,0.0039000000000000007,-0.007799999999999918,0.009553009996854328,tap3,natural,light,20260810_140234,True
810229,0.0156,0.0273,0.9126,810.229,500000,0.0,0.0039000000000000007,0.0039000000000000146,0.005515432893255082,tap3,natural,light,20260810_140234,True
812721,0.0117,0.0312,0.9009,812.721,500000,-0.003899999999999999,0.007799999999999998,-0.007799999999999918,0.011699999999999943,tap3,natural,light,20260810_140234,True
815218,0.0156,0.0312,0.9165,815.218,500000,0.0,0.007799999999999998,0.007800000000000029,0.01103086578651016,tap3,natural,light,20260810_140234,True
817706,0.0156,0.0273,0.9165,817.706,500000,0.0,0.0039000000000000007,0.007800000000000029,0.008720665112249207,tap3,natural,light,20260810_140234,True
820223,0.0156,0.0234,0.9087,820.223,500000,0.0,0.0,0.0,0.0,tap3,natural,light,20260810_140234,True
822715,0.0156,0.0273,0.9087,822.715,500000,0.0,0.0039000000000000007,0.0,0.0039000000000000007,tap3,natural,light,20260810_140234,True
825207,0.0195,0.0273,0.9048,825.207,500000,0.0039000000000000007,0.0039000000000000007,-0.0038999999999999035,0.006754998149518567,tap3,natural,light,20260810_140234,True
827713,0.0078,0.0273,0.9048,827.713,500000,-0.0078,0.0039000000000000007,-0.0038999999999999035,0.009553009996854355,tap3,natural,light,20260810_140234,True
830232,0.0195,0.0273,0.9126,830.232,500000,0.0039000000000000007,0.0039000000000000007,0.0039000000000000146,0.006754998149518631,tap3,natural,light,20260810_140234,True
832732,0.0156,0.0273,0.9087,832.732,500000,0.0,0.0039000000000000007,0.0,0.0039000000000000007,tap3,natural,light,20260810_140234,True
835206,0.0117,0.0234,0.9126,835.206,500000,-0.003899999999999999,0.0,0.0039000000000000146,0.00551543289325508,tap3,natural,light,20260810_140234,True
837731,0.0117,0.0312,0.9126,837.731,500000,-0.003899999999999999,0.007799999999999998,0.0039000000000000146,0.009553009996854399,tap3,natural,light,20260810_140234,True
840206,0.0078,0.0273,0.9009,840.206,500000,-0.0078,0.0039000000000000007,-0.007799999999999918,0.011699999999999945,tap3,natural,light,20260810_140234,True
842723,0.0156,0.0234,0.9165,842.723,500000,0.0,0.0,0.007800000000000029,0.007800000000000029,tap3,natural,light,20260810_140234,True
845211,0.0117,0.0273,0.9204,845.211,500000,-0.003899999999999999,0.0039000000000000007,0.011700000000000044,0.012934836682386099,tap3,natural,light,20260810_140234,True
847728,0.0117,0.0234,0.9087,847.728,500000,-0.003899999999999999,0.0,0.0,0.003899999999999999,tap3,natural,light,20260810_140234,True
850205,0.0156,0.0234,0.9126,850.205,500000,0.0,0.0,0.0039000000000000146,0.0039000000000000146,tap3,natural,light,20260810_140234,True
852733,0.0117,0.0234,0.9126,852.733,500000,-0.003899999999999999,0.0,0.0039000000000000146,0.00551543289325508,tap3,natural,light,20260810_140234,True
855230,0.0156,0.0234,0.9204,855.23,500000,0.0,0.0,0.011700000000000044,0.011700000000000044,tap3,natural,light,20260810_140234,True
857709,0.0156,0.0195,0.9087,857.709,500000,0.0,-0.0039000000000000007,0.0,0.0039000000000000007,tap3,natural,light,20260810_140234,True
860220,0.0156,0.0273,0.9048,860.22,500000,0.0,0.0039000000000000007,-0.0038999999999999035,0.005515432893255003,tap3,natural,light,20260810_140234,True
862714,0.0117,0.0234,0.9087,862.714,500000,-0.003899999999999999,0.0,0.0,0.003899999999999999,tap3,natural,light,20260810_140234,True
865214,0.0156,0.0273,0.9165,865.214,500000,0.0,0.0039000000000000007,0.007800000000000029,0.008720665112249207,tap3,natural,light,20260810_140234,True
867720,0.0078,0.0195,0.9009,867.72,500000,-0.0078,-0.0039000000000000007,-0.007799999999999918,0.011699999999999945,tap3,natural,light,20260810_140234,True
870210,0.0117,0.0273,0.9048,870.21,500000,-0.003899999999999999,0.0039000000000000007,-0.0038999999999999035,0.006754998149518566,tap3,natural,light,20260810_140234,True
872732,0.0195,0.0195,0.9048,872.732,500000,0.0039000000000000007,-0.0039000000000000007,-0.0038999999999999035,0.006754998149518567,tap3,natural,light,20260810_140234,True
875230,0.0078,0.0312,0.9048,875.23,500000,-0.0078,0.007799999999999998,-0.0038999999999999035,0.011699999999999966,tap3,natural,light,20260810_140234,True
877720,0.0156,0.0234,0.9048,877.72,500000,0.0,0.0,-0.0038999999999999035,0.0038999999999999035,tap3,natural,light,20260810_140234,True
880210,0.0195,0.0234,0.9048,880.21,500000,0.0039000000000000007,0.0,-0.0038999999999999035,0.005515432893255003,tap3,natural,light,20260810_140234,True
882735,0.0117,0.0273,0.9048,882.735,500000,-0.003899999999999999,0.0039000000000000007,-0.0038999999999999035,0.006754998149518566,tap3,natural,light,20260810_140234,True
885212,0.0156,0.0273,0.9048,885.212,500000,0.0,0.0039000000000000007,-0.0038999999999999035,0.005515432893255003,tap3,natural,light,20260810_140234,True
887726,0.0156,0.0234,0.9165,887.726,500000,0.0,0.0,0.007800000000000029,0.007800000000000029,tap3,natural,light,20260810_140234,True
890230,0.0156,0.0273,0.9087,890.23,500000,0.0,0.0039000000000000007,0.0,0.0039000000000000007,tap3,natural,light,20260810_140234,True
892732,0.0156,0.0273,0.9126,892.732,500000,0.0,0.0039000000000000007,0.0039000000000000146,0.005515432893255082,tap3,natural,light,20260810_140234,True
895214,0.0156,0.0273,0.9126,895.214,500000,0.0,0.0039000000000000007,0.0039000000000000146,0.005515432893255082,tap3,natural,light,20260810_140234,True
897728,0.0156,0.0234,0.9204,897.728,500000,0.0,0.0,0.011700000000000044,0.011700000000000044,tap3,natural,light,20260810_140234,True
900212,0.0117,0.0273,0.9165,900.212,500000,-0.003899999999999999,0.0039000000000000007,0.007800000000000029,0.009553009996854418,tap3,natural,light,20260810_140234,True
902718,0.0195,0.0117,0.9087,902.718,500000,0.0039000000000000007,-0.0117,0.0,0.01233288287465668,tap3,natural,light,20260810_140234,True
905223,0.0117,0.0273,0.9165,905.223,500000,-0.003899999999999999,0.0039000000000000007,0.007800000000000029,0.009553009996854418,tap3,natural,light,20260810_140234,True
907727,0.0078,0.0312,0.9087,907.727,500000,-0.0078,0.007799999999999998,0.0,0.011030865786510139,tap3,natural,light,20260810_140234,True
910215,0.0078,0.0195,0.9126,910.215,500000,-0.0078,-0.0039000000000000007,0.0039000000000000146,0.0095530099968544,tap3,natural,light,20260810_140234,True
912710,0.0234,0.0234,0.9165,912.71,500000,0.007800000000000001,0.0,0.007800000000000029,0.011030865786510163,tap3,natural,light,20260810_140234,True
915232,0.0078,0.0312,0.9126,915.232,500000,-0.0078,0.007799999999999998,0.0039000000000000146,0.011700000000000004,tap3,natural,light,20260810_140234,True
917707,0.0078,0.0273,0.9087,917.707,500000,-0.0078,0.0039000000000000007,0.0,0.00872066511224918,tap3,natural,light,20260810_140234,True
920230,0.0156,0.0234,0.9126,920.23,500000,0.0,0.0,0.0039000000000000146,0.0039000000000000146,tap3,natural,light,20260810_140234,True
922733,0.0156,0.0234,0.9048,922.733,500000,0.0,0.0,-0.0038999999999999035,0.0038999999999999035,tap3,natural,light,20260810_140234,True
925222,0.0156,0.0234,0.9204,925.222,500000,0.0,0.0,0.011700000000000044,0.011700000000000044,tap3,natural,light,20260810_140234,True
927706,0.0195,0.0234,0.9087,927.706,500000,0.0039000000000000007,0.0,0.0,0.0039000000000000007,tap3,natural,light,20260810_140234,True
930216,0.0156,0.0195,0.9087,930.216,500000,0.0,-0.0039000000000000007,0.0,0.0039000000000000007,tap3,natural,light,20260810_140234,True
932710,0.0195,0.0195,0.9126,932.71,500000,0.0039000000000000007,-0.0039000000000000007,0.0039000000000000146,0.006754998149518631,tap3,natural,light,20260810_140234,True
935215,0.0117,0.0312,0.9087,935.215,500000,-0.003899999999999999,0.007799999999999998,0.0,0.008720665112249178,tap3,natural,light,20260810_140234,True
937726,0.0195,0.0273,0.9048,937.726,500000,0.0039000000000000007,0.0039000000000000007,-0.0038999999999999035,0.006754998149518567,tap3,natural,light,20260810_140234,True
940221,0.0078,0.0273,0.9126,940.221,500000,-0.0078,0.0039000000000000007,0.0039000000000000146,0.0095530099968544,tap3,natural,light,20260810_140234,True
942730,0.0195,0.0195,0.9126,942.73,500000,0.0039000000000000007,-0.0039000000000000007,0.0039000000000000146,0.006754998149518631,tap3,natural,light,20260810_140234,True
945210,0.0234,0.0234,0.9165,945.21,500000,0.007800000000000001,0.0,0.007800000000000029,0.011030865786510163,tap3,natural,light,20260810_140234,True
947722,0.0156,0.0195,0.9165,947.722,500000,0.0,-0.0039000000000000007,0.007800000000000029,0.008720665112249207,tap3,natural,light,20260810_140234,True
950206,0.0156,0.0273,0.9087,950.206,500000,0.0,0.0039000000000000007,0.0,0.0039000000000000007,tap3,natural,light,20260810_140234,True
952715,0.0117,0.0273,0.9087,952.715,500000,-0.003899999999999999,0.0039000000000000007,0.0,0.00551543289325507,tap3,natural,light,20260810_140234,True
955209,0.0117,0.0273,0.9126,955.209,500000,-0.003899999999999999,0.0039000000000000007,0.0039000000000000146,0.00675499814951863,tap3,natural,light,20260810_140234,True
957708,0.0156,0.0195,0.9087,957.708,500000,0.0,-0.0039000000000000007,0.0,0.0039000000000000007,tap3,natural,light,20260810_140234,True
960226,0.0078,0.0195,0.9048,960.226,500000,-0.0078,-0.0039000000000000007,-0.0038999999999999035,0.009553009996854355,tap3,natural,light,20260810_140234,True
962719,0.0156,0.0273,0.9126,962.719,500000,0.0,0.0039000000000000007,0.0039000000000000146,0.005515432893255082,tap3,natural,light,20260810_140234,True
965222,0.0117,0.0234,0.9165,965.222,500000,-0.003899999999999999,0.0,0.007800000000000029,0.008720665112249205,tap3,natural,light,20260810_140234,True
967721,0.0117,0.0234,0.9165,967.721,500000,-0.003899999999999999,0.0,0.007800000000000029,0.008720665112249205,tap3,natural,light,20260810_140234,True
970214,0.0156,0.0195,0.9126,970.214,500000,0.0,-0.0039000000000000007,0.0039000000000000146,0.005515432893255082,tap3,natural,light,20260810_140234,True
972711,0.0195,0.0195,0.9126,972.711,500000,0.0039000000000000007,-0.0039000000000000007,0.0039000000000000146,0.006754998149518631,tap3,natural,light,20260810_140234,True
975205,0.0156,0.0195,0.9087,975.205,500000,0.0,-0.0039000000000000007,0.0,0.0039000000000000007,tap3,natural,light,20260810_140234,True
977710,0.0195,0.0234,0.9087,977.71,500000,0.0039000000000000007,0.0,0.0,0.0039000000000000007,tap3,natural,light,20260810_140234,True
980220,0.0156,0.0273,0.9126,980.22,500000,0.0,0.0039000000000000007,0.0039000000000000146,0.005515432893255082,tap3,natural,light,20260810_140234,True
982710,0.0156,0.0273,0.9126,982.71,500000,0.0,0.0039000000000000007,0.0039000000000000146,0.005515432893255082,tap3,natural,light,20260810_140234,True
985213,0.0156,0.0234,0.9087,985.213,500000,0.0,0.0,0.0,0.0,tap3,natural,light,20260810_140234,True
987725,0.0156,0.0273,0.9048,987.725,500000,0.0,0.0039000000000000007,-0.0038999999999999035,0.005515432893255003,tap3,natural,light,20260810_140234,True
990205,0.0195,0.0234,0.9009,990.205,500000,0.0039000000000000007,0.0,-0.007799999999999918,0.008720665112249107,tap3,natural,light,20260810_140234,True
992731,0.0156,0.0195,0.9126,992.731,500000,0.0,-0.0039000000000000007,0.0039000000000000146,0.005515432893255082,tap3,natural,light,20260810_140234,True
995234,0.0195,0.0234,0.9048,995.234,500000,0.0039000000000000007,0.0,-0.0038999999999999035,0.005515432893255003,tap3,natural,light,20260810_140234,True
997716,0.0156,0.0195,0.897,997.716,500000,0.0,-0.0039000000000000007,-0.011699999999999933,0.012332882874656616,tap3,natural,light,20260810_140234,True
1000228,0.0156,0.0234,0.9087,1000.228,500000,0.0,0.0,0.0,0.0,tap3,natural,light,20260810_140234,True
1002727,0.0156,0.0234,0.9087,1002.727,500000,0.0,0.0,0.0,0.0,tap3,natural,light,20260810_140234,True
1005227,0.0195,0.0234,0.9282,1005.227,500000,0.0039000000000000007,0.0,0.019500000000000073,0.01988617610301193,tap3,natural,light,20260810_140234,True
1007710,0.0117,0.0273,0.9048,1007.71,500000,-0.003899999999999999,0.0039000000000000007,-0.0038999999999999035,0.006754998149518566,tap3,natural,light,20260810_140234,True
1010219,0.0117,0.0273,0.9126,1010.219,500000,-0.003899999999999999,0.0039000000000000007,0.0039000000000000146,0.00675499814951863,tap3,natural,light,20260810_140234,True
1012707,0.0117,0.0195,0.9087,1012.707,500000,-0.003899999999999999,-0.0039000000000000007,0.0,0.00551543289325507,tap3,natural,light,20260810_140234,True
1015212,0.0195,0.0234,0.9048,1015.212,500000,0.0039000000000000007,0.0,-0.0038999999999999035,0.005515432893255003,tap3,natural,light,20260810_140234,True
1017707,0.0078,0.0234,0.8931,1017.707,500000,-0.0078,0.0,-0.015599999999999947,0.017441330224498314,tap3,natural,light,20260810_140234,True
1020206,0.0156,0.0273,0.9126,1020.206,500000,0.0,0.0039000000000000007,0.0039000000000000146,0.005515432893255082,tap3,natural,light,20260810_140234,True
1022723,0.0117,0.0273,0.9165,1022.723,500000,-0.003899999999999999,0.0039000000000000007,0.007800000000000029,0.009553009996854418,tap3,natural,light,20260810_140234,True
1025211,0.0234,0.0312,0.9087,1025.211,500000,0.007800000000000001,0.007799999999999998,0.0,0.01103086578651014,tap3,natural,light,20260810_140234,True
1027722,0.0195,0.0273,0.9048,1027.722,500000,0.0039000000000000007,0.0039000000000000007,-0.0038999999999999035,0.006754998149518567,tap3,natural,light,20260810_140234,True
1030208,0.0156,0.0234,0.9126,1030.208,500000,0.0,0.0,0.0039000000000000146,0.0039000000000000146,tap3,natural,light,20260810_140234,True
1032712,0.0117,0.0273,0.9165,1032.712,500000,-0.003899999999999999,0.0039000000000000007,0.007800000000000029,0.009553009996854418,tap3,natural,light,20260810_140234,True
1035208,0.0156,0.0351,0.9087,1035.208,500000,0.0,0.011699999999999999,0.0,0.011699999999999999,tap3,natural,light,20260810_140234,True
1037715,0.0195,0.0273,0.9204,1037.715,500000,0.0039000000000000007,0.0039000000000000007,0.011700000000000044,0.012934836682386099,tap3,natural,light,20260810_140234,True
1040214,0.0195,0.0195,0.9048,1040.214,500000,0.0039000000000000007,-0.0039000000000000007,-0.0038999999999999035,0.006754998149518567,tap3,natural,light,20260810_140234,True
1042709,0.0156,0.0195,0.9087,1042.709,500000,0.0,-0.0039000000000000007,0.0,0.0039000000000000007,tap3,natural,light,20260810_140234,True
1045222,0.0117,0.0156,0.9126,1045.222,500000,-0.003899999999999999,-0.007800000000000001,0.0039000000000000146,0.0095530099968544,tap3,natural,light,20260810_140234,True
1047706,0.0117,0.0195,0.9165,1047.706,500000,-0.003899999999999999,-0.0039000000000000007,0.007800000000000029,0.009553009996854418,tap3,natural,light,20260810_140234,True
1050217,0.0156,0.0195,0.9087,1050.217,500000,0.0,-0.0039000000000000007,0.0,0.0039000000000000007,tap3,natural,light,20260810_140234,True
1052733,0.0156,0.0234,0.9048,1052.733,500000,0.0,0.0,-0.0038999999999999035,0.0038999999999999035,tap3,natural,light,20260810_140234,True
1055222,0.0039,0.0273,0.9087,1055.222,500000,-0.011699999999999999,0.0039000000000000007,0.0,0.012332882874656679,tap3,natural,light,20260810_140234,True
1057734,0.0156,0.0234,0.9048,1057.734,500000,0.0,0.0,-0.0038999999999999035,0.0038999999999999035,tap3,natural,light,20260810_140234,True
1060215,0.0195,0.0234,0.9048,1060.215,500000,0.0039000000000000007,0.0,-0.0038999999999999035,0.005515432893255003,tap3,natural,light,20260810_140234,True
1062711,0.0156,0.0273,0.9126,1062.711,500000,0.0,0.0039000000000000007,0.0039000000000000146,0.005515432893255082,tap3,natural,light,20260810_140234,True
1065212,0.0156,0.0195,0.9204,1065.212,500000,0.0,-0.0039000000000000007,0.011700000000000044,0.012332882874656722,tap3,natural,light,20260810_140234,True
1067706,0.0117,0.0234,0.9204,1067.706,500000,-0.003899999999999999,0.0,0.011700000000000044,0.01233288287465672,tap3,natural,light,20260810_140234,True
1070215,0.0195,0.0195,0.9204,1070.215,500000,0.0039000000000000007,-0.0039000000000000007,0.011700000000000044,0.012934836682386099,tap3,natural,light,20260810_140234,True
1072712,0.0078,0.0234,0.9204,1072.712,500000,-0.0078,0.0,0.011700000000000044,0.014061649974309594,tap3,natural,light,20260810_140234,True
1075209,0.0195,0.0234,0.9126,1075.209,500000,0.0039000000000000007,0.0,0.0039000000000000146,0.005515432893255082,tap3,natural,light,20260810_140234,True
1077709,0.0117,0.0273,0.9087,1077.709,500000,-0.003899999999999999,0.0039000000000000007,0.0,0.00551543289325507,tap3,natural,light,20260810_140234,True
1080221,0.0234,0.0195,0.9204,1080.221,500000,0.007800000000000001,-0.0039000000000000007,0.011700000000000044,0.014592463808418409,tap3,natural,light,20260810_140234,True
1082706,0.0156,0.0273,0.9048,1082.706,500000,0.0,0.0039000000000000007,-0.0038999999999999035,0.005515432893255003,tap3,natural,light,20260810_140234,True
1085215,0.0156,0.0234,0.9087,1085.215,500000,0.0,0.0,0.0,0.0,tap3,natural,light,20260810_140234,True
1087729,0.0078,0.0234,0.9087,1087.729,500000,-0.0078,0.0,0.0,0.0078,tap3,natural,light,20260810_140234,True
1090214,0.0156,0.0234,0.9087,1090.214,500000,0.0,0.0,0.0,0.0,tap3,natural,light,20260810_140234,True
1092709,0.0117,0.0234,0.9126,1092.709,500000,-0.003899999999999999,0.0,0.0039000000000000146,0.00551543289325508,tap3,natural,light,20260810_140234,True
1095219,0.0156,0.0273,0.9165,1095.219,500000,0.0,0.0039000000000000007,0.007800000000000029,0.008720665112249207,tap3,natural,light,20260810_140234,True
1097729,0.0156,0.0234,0.9126,1097.729,500000,0.0,0.0,0.0039000000000000146,0.0039000000000000146,tap3,natural,light,20260810_140234,True
1100212,0.0195,0.0195,0.9048,1100.212,500000,0.0039000000000000007,-0.0039000000000000007,-0.0038999999999999035,0.006754998149518567,tap3,natural,light,20260810_140234,True
1102705,0.0117,0.0234,0.9048,1102.705,500000,-0.003899999999999999,0.0,-0.0038999999999999035,0.005515432893255002,tap3,natural,light,20260810_140234,True
1105215,0.0117,0.0273,0.9087,1105.215,500000,-0.003899999999999999,0.0039000000000000007,0.0,0.00551543289325507,tap3,natural,light,20260810_140234,True
1107727,0.0078,0.0234,0.9087,1107.727,500000,-0.0078,0.0,0.0,0.0078,tap3,natural,light,20260810_140234,True
1110231,0.0078,0.0234,0.9087,1110.231,500000,-0.0078,0.0,0.0,0.0078,tap3,natural,light,20260810_140234,True
1112729,0.0156,0.0273,0.9087,1112.729,500000,0.0,0.0039000000000000007,0.0,0.0039000000000000007,tap3,natural,light,20260810_140234,True
1115231,0.0117,0.0312,0.9087,1115.231,500000,-0.003899999999999999,0.007799999999999998,0.0,0.008720665112249178,tap3,natural,light,20260810_140234,True
1117725,0.0117,0.0273,0.9126,1117.725,500000,-0.003899999999999999,0.0039000000000000007,0.0039000000000000146,0.00675499814951863,tap3,natural,light,20260810_140234,True
1120222,0.0195,0.0195,0.9087,1120.222,500000,0.0039000000000000007,-0.0039000000000000007,0.0,0.005515432893255071,tap3,natural,light,20260810_140234,True
1122714,0.0195,0.0195,0.9126,1122.714,500000,0.0039000000000000007,-0.0039000000000000007,0.0039000000000000146,0.006754998149518631,tap3,natural,light,20260810_140234,True
1125207,0.0078,0.0234,0.9087,1125.207,500000,-0.0078,0.0,0.0,0.0078,tap3,natural,light,20260810_140234,True
1127711,0.0078,0.0234,0.9165,1127.711,500000,-0.0078,0.0,0.007800000000000029,0.011030865786510162,tap3,natural,light,20260810_140234,True
1130225,0.0273,0.0234,0.9243,1130.225,500000,0.011700000000000002,0.0,0.015600000000000058,0.01950000000000005,tap3,natural,light,20260810_140234,True
1132724,0.0117,0.0273,0.9126,1132.724,500000,-0.003899999999999999,0.0039000000000000007,0.0039000000000000146,0.00675499814951863,tap3,natural,light,20260810_140234,True
1135219,0.0156,0.0234,0.9048,1135.219,500000,0.0,0.0,-0.0038999999999999035,0.0038999999999999035,tap3,natural,light,20260810_140234,True
1137708,0.0117,0.0234,0.9048,1137.708,500000,-0.003899999999999999,0.0,-0.0038999999999999035,0.005515432893255002,tap3,natural,light,20260810_140234,True
1140232,0.0234,0.0156,0.9165,1140.232,500000,0.007800000000000001,-0.007800000000000001,0.007800000000000029,0.013509996299037262,tap3,natural,light,20260810_140234,True
1142713,0.0078,0.0312,0.9009,1142.713,500000,-0.0078,0.007799999999999998,-0.007799999999999918,0.013509996299037194,tap3,natural,light,20260810_140234,True
1145221,0.0234,0.0273,0.9009,1145.221,500000,0.007800000000000001,0.0039000000000000007,-0.007799999999999918,0.011699999999999947,tap3,natural,light,20260810_140234,True
1147727,0.0156,0.0195,0.9087,1147.727,500000,0.0,-0.0039000000000000007,0.0,0.0039000000000000007,tap3,natural,light,20260810_140234,True
1150234,0.0156,0.0273,0.9126,1150.234,500000,0.0,0.0039000000000000007,0.0039000000000000146,0.005515432893255082,tap3,natural,light,20260810_140234,True
1152734,0.0156,0.0312,0.9126,1152.734,500000,0.0,0.007799999999999998,0.0039000000000000146,0.008720665112249185,tap3,natural,light,20260810_140234,True
1155208,0.0156,0.0234,0.9048,1155.208,500000,0.0,0.0,-0.0038999999999999035,0.0038999999999999035,tap3,natural,light,20260810_140234,True
1157722,0.0273,0.0234,0.9243,1157.722,500000,0.011700000000000002,0.0,0.015600000000000058,0.01950000000000005,tap3,natural,light,20260810_140234,True
1160210,0.0156,0.0195,0.9165,1160.21,500000,0.0,-0.0039000000000000007,0.007800000000000029,0.008720665112249207,tap3,natural,light,20260810_140234,True
1162734,0.0156,0.0234,0.9087,1162.734,500000,0.0,0.0,0.0,0.0,tap3,natural,light,20260810_140234,True
1165217,0.0195,0.0234,0.9087,1165.217,500000,0.0039000000000000007,0.0,0.0,0.0039000000000000007,tap3,natural,light,20260810_140234,True
1167722,0.0156,0.0273,0.9087,1167.722,500000,0.0,0.0039000000000000007,0.0,0.0039000000000000007,tap3,natural,light,20260810_140234,True
1170214,0.0039,0.0273,0.9087,1170.214,500000,-0.011699999999999999,0.0039000000000000007,0.0,0.012332882874656679,tap3,natural,light,20260810_140234,True
1172706,0.0156,0.0195,0.9048,1172.706,500000,0.0,-0.0039000000000000007,-0.0038999999999999035,0.005515432893255003,tap3,natural,light,20260810_140234,True
1175211,0.0156,0.0234,0.9126,1175.211,500000,0.0,0.0,0.0039000000000000146,0.0039000000000000146,tap3,natural,light,20260810_140234,True
1177713,0.0117,0.0273,0.9009,1177.713,500000,-0.003899999999999999,0.0039000000000000007,-0.007799999999999918,0.009553009996854328,tap3,natural,light,20260810_140234,True
1180234,0.0156,0.0234,0.9165,1180.234,500000,0.0,0.0,0.007800000000000029,0.007800000000000029,tap3,natural,light,20260810_140234,True
1182705,0.0117,0.0273,0.9087,1182.705,500000,-0.003899999999999999,0.0039000000000000007,0.0,0.00551543289325507,tap3,natural,light,20260810_140234,True
1185218,0.0078,0.0273,0.9126,1185.218,500000,-0.0078,0.0039000000000000007,0.0039000000000000146,0.0095530099968544,tap3,natural,light,20260810_140234,True
1187721,0.0117,0.0195,0.9204,1187.721,500000,-0.003899999999999999,-0.0039000000000000007,0.011700000000000044,0.012934836682386099,tap3,natural,light,20260810_140234,True
1190205,0.0117,0.0195,0.9087,1190.205,500000,-0.003899999999999999,-0.0039000000000000007,0.0,0.00551543289325507,tap3,natural,light,20260810_140234,True
1192710,0.0273,0.0156,0.9126,1192.71,500000,0.011700000000000002,-0.007800000000000001,0.0039000000000000146,0.014592463808418377,tap3,natural,light,20260810_140234,True
1195232,0.0117,0.0234,0.9087,1195.232,500000,-0.003899999999999999,0.0,0.0,0.003899999999999999,tap3,natural,light,20260810_140234,True
1197713,0.0156,0.0156,0.9009,1197.713,500000,0.0,-0.007800000000000001,-0.007799999999999918,0.011030865786510084,tap3,natural,light,20260810_140234,True
1200232,0.0117,0.0195,0.9048,1200.232,500000,-0.003899999999999999,-0.0039000000000000007,-0.0038999999999999035,0.006754998149518566,tap3,natural,light,20260810_140234,True
1202720,0.0117,0.0273,0.9126,1202.72,500000,-0.003899999999999999,0.0039000000000000007,0.0039000000000000146,0.00675499814951863,tap3,natural,light,20260810_140234,True
1205216,0.0195,0.0195,0.9126,1205.216,500000,0.0039000000000000007,-0.0039000000000000007,0.0039000000000000146,0.006754998149518631,tap3,natural,light,20260810_140234,True
1207727,0.0156,0.0234,0.9087,1207.727,500000,0.0,0.0,0.0,0.0,tap3,natural,light,20260810_140234,True
1210234,0.0195,0.0234,0.9009,1210.234,500000,0.0039000000000000007,0.0,-0.007799999999999918,0.008720665112249107,tap3,natural,light,20260810_140234,True
1212728,0.0195,0.0273,0.9204,1212.728,500000,0.0039000000000000007,0.0039000000000000007,0.011700000000000044,0.012934836682386099,tap3,natural,light,20260810_140234,True
1215228,0.0117,0.0273,0.9009,1215.228,500000,-0.003899999999999999,0.0039000000000000007,-0.007799999999999918,0.009553009996854328,tap3,natural,light,20260810_140234,True
1217734,0.0117,0.0273,0.9009,1217.734,500000,-0.003899999999999999,0.0039000000000000007,-0.007799999999999918,0.009553009996854328,tap3,natural,light,20260810_140234,True
1220226,0.0156,0.0273,0.9048,1220.226,500000,0.0,0.0039000000000000007,-0.0038999999999999035,0.005515432893255003,tap3,natural,light,20260810_140234,True
1222727,0.0156,0.0273,0.9204,1222.727,500000,0.0,0.0039000000000000007,0.011700000000000044,0.012332882874656722,tap3,natural,light,20260810_140234,True
1225221,0.0156,0.0273,0.9165,1225.221,500000,0.0,0.0039000000000000007,0.007800000000000029,0.008720665112249207,tap3,natural,light,20260810_140234,True
1227726,0.0156,0.039,0.9126,1227.726,500000,0.0,0.0156,0.0039000000000000146,0.016080111939908878,tap3,natural,light,20260810_140234,True
1230226,0.0195,0.0234,0.9126,1230.226,500000,0.0039000000000000007,0.0,0.0039000000000000146,0.005515432893255082,tap3,natural,light,20260810_140234,True
1232732,0.0195,0.0234,0.9204,1232.732,500000,0.0039000000000000007,0.0,0.011700000000000044,0.012332882874656722,tap3,natural,light,20260810_140234,True
1235211,0.0195,0.0273,0.9126,1235.211,500000,0.0039000000000000007,0.0039000000000000007,0.0039000000000000146,0.006754998149518631,tap3,natural,light,20260810_140234,True
1237718,0.0195,0.0234,0.897,1237.718,500000,0.0039000000000000007,0.0,-0.011699999999999933,0.012332882874656616,tap3,natural,light,20260810_140234,True
1240218,0.0117,0.0195,0.9048,1240.218,500000,-0.003899999999999999,-0.0039000000000000007,-0.0038999999999999035,0.006754998149518566,tap3,natural,light,20260810_140234,True
1242730,0.0195,0.0273,0.9048,1242.73,500000,0.0039000000000000007,0.0039000000000000007,-0.0038999999999999035,0.006754998149518567,tap3,natural,light,20260810_140234,True
1245217,0.0117,0.0195,0.9165,1245.217,500000,-0.003899999999999999,-0.0039000000000000007,0.007800000000000029,0.009553009996854418,tap3,natural,light,20260810_140234,True
1247720,0.0117,0.0234,0.9126,1247.72,500000,-0.003899999999999999,0.0,0.0039000000000000146,0.00551543289325508,tap3,natural,light,20260810_140234,True
1250205,0.0156,0.0234,0.9165,1250.205,500000,0.0,0.0,0.007800000000000029,0.007800000000000029,tap3,natural,light,20260810_140234,True
1252734,0.0156,0.0273,0.9126,1252.734,500000,0.0,0.0039000000000000007,0.0039000000000000146,0.005515432893255082,tap3,natural,light,20260810_140234,True
1255233,0.0195,0.0234,0.9204,1255.233,500000,0.0039000000000000007,0.0,0.011700000000000044,0.012332882874656722,tap3,natural,light,20260810_140234,True
1257715,0.0078,0.0273,0.9165,1257.715,500000,-0.0078,0.0039000000000000007,0.007800000000000029,0.01170000000000002,tap3,natural,light,20260810_140234,True
1260229,0.0156,0.0195,0.9087,1260.229,500000,0.0,-0.0039000000000000007,0.0,0.0039000000000000007,tap3,natural,light,20260810_140234,True
1262721,0.0195,0.0195,0.9048,1262.721,500000,0.0039000000000000007,-0.0039000000000000007,-0.0038999999999999035,0.006754998149518567,tap3,natural,light,20260810_140234,True
1265220,0.0117,0.0273,0.9165,1265.22,500000,-0.003899999999999999,0.0039000000000000007,0.007800000000000029,0.009553009996854418,tap3,natural,light,20260810_140234,True
1267727,0.0156,0.0234,0.9009,1267.727,500000,0.0,0.0,-0.007799999999999918,0.007799999999999918,tap3,natural,light,20260810_140234,True
1270216,0.0156,0.0117,0.9126,1270.216,500000,0.0,-0.0117,0.0039000000000000146,0.012332882874656684,tap3,natural,light,20260810_140234,True
1272710,0.0117,0.0234,0.9165,1272.71,500000,-0.003899999999999999,0.0,0.007800000000000029,0.008720665112249205,tap3,natural,light,20260810_140234,True
1275234,0.0195,0.0234,0.9048,1275.234,500000,0.0039000000000000007,0.0,-0.0038999999999999035,0.005515432893255003,tap3,natural,light,20260810_140234,True
1277708,0.0117,0.0156,0.9048,1277.708,500000,-0.003899999999999999,-0.007800000000000001,-0.0038999999999999035,0.009553009996854355,tap3,natural,light,20260810_140234,True
1280223,0.0156,0.0156,0.9126,1280.223,500000,0.0,-0.007800000000000001,0.0039000000000000146,0.008720665112249188,tap3,natural,light,20260810_140234,True
1282723,0.0117,0.0273,0.9126,1282.723,500000,-0.003899999999999999,0.0039000000000000007,0.0039000000000000146,0.00675499814951863,tap3,natural,light,20260810_140234,True
1285235,0.0078,0.0273,0.9165,1285.235,500000,-0.0078,0.0039000000000000007,0.007800000000000029,0.01170000000000002,tap3,natural,light,20260810_140234,True
1287705,0.0195,0.0195,0.9009,1287.705,500000,0.0039000000000000007,-0.0039000000000000007,-0.007799999999999918,0.009553009996854328,tap3,natural,light,20260810_140234,True
1290221,0.0039,0.0312,0.9087,1290.221,500000,-0.011699999999999999,0.007799999999999998,0.0,0.014061649974309556,tap3,natural,light,20260810_140234,True
1292709,0.0156,0.0195,0.9087,1292.709,500000,0.0,-0.0039000000000000007,0.0,0.0039000000000000007,tap3,natural,light,20260810_140234,True
1295217,0.0195,0.0156,0.9165,1295.217,500000,0.0039000000000000007,-0.007800000000000001,0.007800000000000029,0.011700000000000021,tap3,natural,light,20260810_140234,True
1297711,0.0195,0.0195,0.9048,1297.711,500000,0.0039000000000000007,-0.0039000000000000007,-0.0038999999999999035,0.006754998149518567,tap3,natural,light,20260810_140234,True
1300210,0.0156,0.0195,0.9048,1300.21,500000,0.0,-0.0039000000000000007,-0.0038999999999999035,0.005515432893255003,tap3,natural,light,20260810_140234,True
1302705,0.0156,0.0195,0.9048,1302.705,500000,0.0,-0.0039000000000000007,-0.0038999999999999035,0.005515432893255003,tap3,natural,light,20260810_140234,True
1305209,0.0156,0.0273,0.9009,1305.209,500000,0.0,0.0039000000000000007,-0.007799999999999918,0.008720665112249107,tap3,natural,light,20260810_140234,True
1307721,0.0195,0.0273,0.9165,1307.721,500000,0.0039000000000000007,0.0039000000000000007,0.007800000000000029,0.00955300999685442,tap3,natural,light,20260810_140234,True
1310225,0.0156,0.0273,0.9009,1310.225,500000,0.0,0.0039000000000000007,-0.007799999999999918,0.008720665112249107,tap3,natural,light,20260810_140234,True
1312715,0.0195,0.0234,0.9009,1312.715,500000,0.0039000000000000007,0.0,-0.007799999999999918,0.008720665112249107,tap3,natural,light,20260810_140234,True
1315214,0.0156,0.0234,0.9048,1315.214,500000,0.0,0.0,-0.0038999999999999035,0.0038999999999999035,tap3,natural,light,20260810_140234,True
1317717,0.0117,0.0234,0.9087,1317.717,500000,-0.003899999999999999,0.0,0.0,0.003899999999999999,tap3,natural,light,20260810_140234,True
1320210,0.0117,0.0156,0.9048,1320.21,500000,-0.003899999999999999,-0.007800000000000001,-0.0038999999999999035,0.009553009996854355,tap3,natural,light,20260810_140234,True
1322707,0.0195,0.0156,0.9087,1322.707,500000,0.0039000000000000007,-0.007800000000000001,0.0,0.008720665112249181,tap3,natural,light,20260810_140234,True
1325231,0.0195,0.0156,0.9087,1325.231,500000,0.0039000000000000007,-0.007800000000000001,0.0,0.008720665112249181,tap3,natural,light,20260810_140234,True
1327710,0.0156,0.0273,0.9165,1327.71,500000,0.0,0.0039000000000000007,0.007800000000000029,0.008720665112249207,tap3,natural,light,20260810_140234,True
1330212,0.0078,0.0312,0.9204,1330.212,500000,-0.0078,0.007799999999999998,0.011700000000000044,0.016080111939908905,tap3,natural,light,20260810_140234,True
1332732,0.0156,0.0234,0.9048,1332.732,500000,0.0,0.0,-0.0038999999999999035,0.0038999999999999035,tap3,natural,light,20260810_140234,True
1335205,0.0195,0.0273,0.9126,1335.205,500000,0.0039000000000000007,0.0039000000000000007,0.0039000000000000146,0.006754998149518631,tap3,natural,light,20260810_140234,True
1337706,0.0117,0.0234,0.9204,1337.706,500000,-0.003899999999999999,0.0,0.011700000000000044,0.01233288287465672,tap3,natural,light,20260810_140234,True
1340230,0.0195,0.0195,0.9165,1340.23,500000,0.0039000000000000007,-0.0039000000000000007,0.007800000000000029,0.00955300999685442,tap3,natural,light,20260810_140234,True
1342710,0.0195,0.0195,0.9165,1342.71,500000,0.0039000000000000007,-0.0039000000000000007,0.007800000000000029,0.00955300999685442,tap3,natural,light,20260810_140234,True
1345219,0.0039,0.0351,0.9165,1345.219,500000,-0.011699999999999999,0.011699999999999999,0.007800000000000029,0.018292621463311388,tap3,natural,light,20260810_140234,True
1347729,0.0156,0.0312,0.9126,1347.729,500000,0.0,0.007799999999999998,0.0039000000000000146,0.008720665112249185,tap3,natural,light,20260810_140234,True
1350214,0.0156,0.0351,0.9126,1350.214,500000,0.0,0.011699999999999999,0.0039000000000000146,0.012332882874656684,tap3,natural,light,20260810_140234,True
1352711,0.0117,0.0234,0.9087,1352.711,500000,-0.003899999999999999,0.0,0.0,0.003899999999999999,tap3,natural,light,20260810_140234,True
1355211,0.0195,0.0312,0.9165,1355.211,500000,0.0039000000000000007,0.007799999999999998,0.007800000000000029,0.011700000000000018,tap3,natural,light,20260810_140234,True
1357717,0.0117,0.0273,0.9126,1357.717,500000,-0.003899999999999999,0.0039000000000000007,0.0039000000000000146,0.00675499814951863,tap3,natural,light,20260810_140234,True
1360221,0.0117,0.0351,0.9165,1360.221,500000,-0.003899999999999999,0.011699999999999999,0.007800000000000029,0.014592463808418386,tap3,natural,light,20260810_140234,True
1362715,0.0195,0.0234,0.9048,1362.715,500000,0.0039000000000000007,0.0,-0.0038999999999999035,0.005515432893255003,tap3,natural,light,20260810_140234,True
1365226,0.0156,0.0195,0.9048,1365.226,500000,0.0,-0.0039000000000000007,-0.0038999999999999035,0.005515432893255003,tap3,natural,light,20260810_140234,True
1367731,0.0117,0.0234,0.9048,1367.731,500000,-0.003899999999999999,0.0,-0.0038999999999999035,0.005515432893255002,tap3,natural,light,20260810_140234,True
1370217,0.0195,0.0195,0.8931,1370.217,500000,0.0039000000000000007,-0.0039000000000000007,-0.015599999999999947,0.016546298679765162,tap3,natural,light,20260810_140234,True
1372729,0.0117,0.0234,0.9087,1372.729,500000,-0.003899999999999999,0.0,0.0,0.003899999999999999,tap3,natural,light,20260810_140234,True
1375232,0.0156,0.0234,0.9126,1375.232,500000,0.0,0.0,0.0039000000000000146,0.0039000000000000146,tap3,natural,light,20260810_140234,True
1377727,0.0156,0.0234,0.9204,1377.727,500000,0.0,0.0,0.011700000000000044,0.011700000000000044,tap3,natural,light,20260810_140234,True
1380210,0.0117,0.0195,0.9087,1380.21,500000,-0.003899999999999999,-0.0039000000000000007,0.0,0.00551543289325507,tap3,natural,light,20260810_140234,True
1382729,0.0156,0.0195,0.9087,1382.729,500000,0.0,-0.0039000000000000007,0.0,0.0039000000000000007,tap3,natural,light,20260810_140234,True
1385210,0.0117,0.0234,0.9087,1385.21,500000,-0.003899999999999999,0.0,0.0,0.003899999999999999,tap3,natural,light,20260810_140234,True
1387722,0.0117,0.0195,0.9087,1387.722,500000,-0.003899999999999999,-0.0039000000000000007,0.0,0.00551543289325507,tap3,natural,light,20260810_140234,True
1390224,0.0156,0.0195,0.9087,1390.224,500000,0.0,-0.0039000000000000007,0.0,0.0039000000000000007,tap3,natural,light,20260810_140234,True
1392722,0.0117,0.0156,0.9126,1392.722,500000,-0.003899999999999999,-0.007800000000000001,0.0039000000000000146,0.0095530099968544,tap3,natural,light,20260810_140234,True
1395229,0.0117,0.0234,0.9165,1395.229,500000,-0.003899999999999999,0.0,0.007800000000000029,0.008720665112249205,tap3,natural,light,20260810_140234,True
1397715,0.0156,0.0195,0.9165,1397.715,500000,0.0,-0.0039000000000000007,0.007800000000000029,0.008720665112249207,tap3,natural,light,20260810_140234,True
1400233,0.0117,0.0195,0.9048,1400.233,500000,-0.003899999999999999,-0.0039000000000000007,-0.0038999999999999035,0.006754998149518566,tap3,natural,light,20260810_140234,True
1402730,0.0117,0.0234,0.9165,1402.73,500000,-0.003899999999999999,0.0,0.007800000000000029,0.008720665112249205,tap3,natural,light,20260810_140234,True
1405224,0.0156,0.0234,0.9126,1405.224,500000,0.0,0.0,0.0039000000000000146,0.0039000000000000146,tap3,natural,light,20260810_140234,True
1407705,0.0156,0.0195,0.9087,1407.705,500000,0.0,-0.0039000000000000007,0.0,0.0039000000000000007,tap3,natural,light,20260810_140234,True
1410222,0.0117,0.0273,0.9087,1410.222,500000,-0.003899999999999999,0.0039000000000000007,0.0,0.00551543289325507,tap3,natural,light,20260810_140234,True
1412709,0.0195,0.0273,0.897,1412.709,500000,0.0039000000000000007,0.0039000000000000007,-0.011699999999999933,0.012934836682385998,tap3,natural,light,20260810_140234,True
1415212,0.0156,0.0156,0.9009,1415.212,500000,0.0,-0.007800000000000001,-0.007799999999999918,0.011030865786510084,tap3,natural,light,20260810_140234,True
1417719,0.0117,0.0195,0.9048,1417.719,500000,-0.003899999999999999,-0.0039000000000000007,-0.0038999999999999035,0.006754998149518566,tap3,natural,light,20260810_140234,True
1420222,0.0117,0.0234,0.897,1420.222,500000,-0.003899999999999999,0.0,-0.011699999999999933,0.012332882874656614,tap3,natural,light,20260810_140234,True
1422717,0.0078,0.0195,0.9243,1422.717,500000,-0.0078,-0.0039000000000000007,0.015600000000000058,0.017872045210327828,tap3,natural,light,20260810_140234,True
1425210,0.0156,0.0195,0.9087,1425.21,500000,0.0,-0.0039000000000000007,0.0,0.0039000000000000007,tap3,natural,light,20260810_140234,True
1427723,0.0078,0.0195,0.9048,1427.723,500000,-0.0078,-0.0039000000000000007,-0.0038999999999999035,0.009553009996854355,tap3,natural,light,20260810_140234,True
1430233,0.0117,0.0273,0.9126,1430.233,500000,-0.003899999999999999,0.0039000000000000007,0.0039000000000000146,0.00675499814951863,tap3,natural,light,20260810_140234,True
1432727,0.0117,0.0273,0.9126,1432.727,500000,-0.003899999999999999,0.0039000000000000007,0.0039000000000000146,0.00675499814951863,tap3,natural,light,20260810_140234,True
1435235,0.0117,0.0273,0.9126,1435.235,500000,-0.003899999999999999,0.0039000000000000007,0.0039000000000000146,0.00675499814951863,tap3,natural,light,20260810_140234,True
1437710,0.0195,0.0234,0.9087,1437.71,500000,0.0039000000000000007,0.0,0.0,0.0039000000000000007,tap3,natural,light,20260810_140234,True
1440208,0.0156,0.0234,0.9009,1440.208,500000,0.0,0.0,-0.007799999999999918,0.007799999999999918,tap3,natural,light,20260810_140234,True
1442711,0.0117,0.0234,0.9048,1442.711,500000,-0.003899999999999999,0.0,-0.0038999999999999035,0.005515432893255002,tap3,natural,light,20260810_140234,True
1445219,0.0117,0.0312,0.9048,1445.219,500000,-0.003899999999999999,0.007799999999999998,-0.0038999999999999035,0.009553009996854354,tap3,natural,light,20260810_140234,True
1447727,0.0078,0.039,0.9009,1447.727,500000,-0.0078,0.0156,-0.007799999999999918,0.019106019993708753,tap3,natural,light,20260810_140234,True
1450230,0.0156,0.0312,0.9048,1450.23,500000,0.0,0.007799999999999998,-0.0038999999999999035,0.008720665112249134,tap3,natural,light,20260810_140234,True
1452722,0.0078,0.0273,0.9126,1452.722,500000,-0.0078,0.0039000000000000007,0.0039000000000000146,0.0095530099968544,tap3,natural,light,20260810_140234,True
1455218,0.0195,0.0195,0.9087,1455.218,500000,0.0039000000000000007,-0.0039000000000000007,0.0,0.005515432893255071,tap3,natural,light,20260810_140234,True
1457727,0.0039,0.0312,0.9165,1457.727,500000,-0.011699999999999999,0.007799999999999998,0.007800000000000029,0.016080111939908888,tap3,natural,light,20260810_140234,True
1460215,0.0156,0.0195,0.9126,1460.215,500000,0.0,-0.0039000000000000007,0.0039000000000000146,0.005515432893255082,tap3,natural,light,20260810_140234,True
1462710,0.0117,0.0351,0.9087,1462.71,500000,-0.003899999999999999,0.011699999999999999,0.0,0.012332882874656677,tap3,natural,light,20260810_140234,True
1465231,0.0117,0.0273,0.9126,1465.231,500000,-0.003899999999999999,0.0039000000000000007,0.0039000000000000146,0.00675499814951863,tap3,natural,light,20260810_140234,True
1467705,0.0156,0.0273,0.9165,1467.705,500000,0.0,0.0039000000000000007,0.007800000000000029,0.008720665112249207,tap3,natural,light,20260810_140234,True
1470213,0.0156,0.0234,0.9126,1470.213,500000,0.0,0.0,0.0039000000000000146,0.0039000000000000146,tap3,natural,light,20260810_140234,True
1472708,0.0117,0.0273,0.9048,1472.708,500000,-0.003899999999999999,0.0039000000000000007,-0.0038999999999999035,0.006754998149518566,tap3,natural,light,20260810_140234,True
1475234,0.0117,0.0273,0.9165,1475.234,500000,-0.003899999999999999,0.0039000000000000007,0.007800000000000029,0.009553009996854418,tap3,natural,light,20260810_140234,True
1477716,0.0156,0.0273,0.9243,1477.716,500000,0.0,0.0039000000000000007,0.015600000000000058,0.016080111939908933,tap3,natural,light,20260810_140234,True
1480208,0.0234,0.0195,0.9048,1480.208,500000,0.007800000000000001,-0.0039000000000000007,-0.0038999999999999035,0.009553009996854357,tap3,natural,light,20260810_140234,True
1482723,0.0156,0.0234,0.9048,1482.723,500000,0.0,0.0,-0.0038999999999999035,0.0038999999999999035,tap3,natural,light,20260810_140234,True
1485228,0.0117,0.0195,0.9126,1485.228,500000,-0.003899999999999999,-0.0039000000000000007,0.0039000000000000146,0.00675499814951863,tap3,natural,light,20260810_140234,True
1487710,0.0234,0.0195,0.9126,1487.71,500000,0.007800000000000001,-0.0039000000000000007,0.0039000000000000146,0.009553009996854402,tap3,natural,light,20260810_140234,True
1490221,0.0117,0.0273,0.9126,1490.221,500000,-0.003899999999999999,0.0039000000000000007,0.0039000000000000146,0.00675499814951863,tap3,natural,light,20260810_140234,True
1492717,0.0156,0.0234,0.9126,1492.717,500000,0.0,0.0,0.0039000000000000146,0.0039000000000000146,tap3,natural,light,20260810_140234,True
1495231,0.0156,0.0195,0.9087,1495.231,500000,0.0,-0.0039000000000000007,0.0,0.0039000000000000007,tap3,natural,light,20260810_140234,True
1497720,0.0117,0.0351,0.9009,1497.72,500000,-0.003899999999999999,0.011699999999999999,-0.007799999999999918,0.014592463808418325,tap3,natural,light,20260810_140234,True
1500206,0.0117,0.0234,0.9126,1500.206,500000,-0.003899999999999999,0.0,0.0039000000000000146,0.00551543289325508,tap3,natural,light,20260810_140234,True
1502731,0.0117,0.0234,0.9087,1502.731,500000,-0.003899999999999999,0.0,0.0,0.003899999999999999,tap3,natural,light,20260810_140234,True
1505207,0.0156,0.0156,0.9087,1505.207,500000,0.0,-0.007800000000000001,0.0,0.007800000000000001,tap3,natural,light,20260810_140234,True
1507707,0.0195,0.0273,0.9165,1507.707,500000,0.0039000000000000007,0.0039000000000000007,0.007800000000000029,0.00955300999685442,tap3,natural,light,20260810_140234,True
1510226,0.0195,0.0234,0.9009,1510.226,500000,0.0039000000000000007,0.0,-0.007799999999999918,0.008720665112249107,tap3,natural,light,20260810_140234,True
1512722,0.0156,0.0195,0.9009,1512.722,500000,0.0,-0.0039000000000000007,-0.007799999999999918,0.008720665112249107,tap3,natural,light,20260810_140234,True
1515215,0.0117,0.0312,0.9087,1515.215,500000,-0.003899999999999999,0.007799999999999998,0.0,0.008720665112249178,tap3,natural,light,20260810_140234,True
1517720,0.0117,0.0234,0.9126,1517.72,500000,-0.003899999999999999,0.0,0.0039000000000000146,0.00551543289325508,tap3,natural,light,20260810_140234,True
1520220,0.0156,0.0234,0.9165,1520.22,500000,0.0,0.0,0.007800000000000029,0.007800000000000029,tap3,natural,light,20260810_140234,True
1522719,0.0156,0.0195,0.9048,1522.719,500000,0.0,-0.0039000000000000007,-0.0038999999999999035,0.005515432893255003,tap3,natural,light,20260810_140234,True
1525211,0.0195,0.0234,0.9087,1525.211,500000,0.0039000000000000007,0.0,0.0,0.0039000000000000007,tap3,natural,light,20260810_140234,True
1527722,0.0156,0.0195,0.9165,1527.722,500000,0.0,-0.0039000000000000007,0.007800000000000029,0.008720665112249207,tap3,natural,light,20260810_140234,True
1530209,0.0195,0.0273,0.9009,1530.209,500000,0.0039000000000000007,0.0039000000000000007,-0.007799999999999918,0.009553009996854328,tap3,natural,light,20260810_140234,True
1532733,0.0234,0.0234,0.9048,1532.733,500000,0.007800000000000001,0.0,-0.0038999999999999035,0.008720665112249138,tap3,natural,light,20260810_140234,True
1535233,0.0195,0.0156,0.9126,1535.233,500000,0.0039000000000000007,-0.007800000000000001,0.0039000000000000146,0.009553009996854402,tap3,natural,light,20260810_140234,True
1537720,0.0117,0.0234,0.9087,1537.72,500000,-0.003899999999999999,0.0,0.0,0.003899999999999999,tap3,natural,light,20260810_140234,True
1540217,0.0117,0.0234,0.9087,1540.217,500000,-0.003899999999999999,0.0,0.0,0.003899999999999999,tap3,natural,light,20260810_140234,True
1542720,0.0156,0.0156,0.9087,1542.72,500000,0.0,-0.007800000000000001,0.0,0.007800000000000001,tap3,natural,light,20260810_140234,True
1545218,0.0117,0.0234,0.9126,1545.218,500000,-0.003899999999999999,0.0,0.0039000000000000146,0.00551543289325508,tap3,natural,light,20260810_140234,True
1547728,0.0117,0.0273,0.897,1547.728,500000,-0.003899999999999999,0.0039000000000000007,-0.011699999999999933,0.012934836682385998,tap3,natural,light,20260810_140234,True
1550213,0.0117,0.0273,0.9087,1550.213,500000,-0.003899999999999999,0.0039000000000000007,0.0,0.00551543289325507,tap3,natural,light,20260810_140234,True
1552709,0.0195,0.0312,0.9087,1552.709,500000,0.0039000000000000007,0.007799999999999998,0.0,0.00872066511224918,tap3,natural,light,20260810_140234,True
1555205,0.0195,0.0195,0.9087,1555.205,500000,0.0039000000000000007,-0.0039000000000000007,0.0,0.005515432893255071,tap3,natural,light,20260810_140234,True
1557723,0.0078,0.0234,0.9009,1557.723,500000,-0.0078,0.0,-0.007799999999999918,0.011030865786510084,tap3,natural,light,20260810_140234,True
1560215,0.0195,0.0156,0.9048,1560.215,500000,0.0039000000000000007,-0.007800000000000001,-0.0038999999999999035,0.009553009996854357,tap3,natural,light,20260810_140234,True
1562728,0.0156,0.0195,0.9126,1562.728,500000,0.0,-0.0039000000000000007,0.0039000000000000146,0.005515432893255082,tap3,natural,light,20260810_140234,True
1565230,0.0156,0.0195,0.9087,1565.23,500000,0.0,-0.0039000000000000007,0.0,0.0039000000000000007,tap3,natural,light,20260810_140234,True
1567717,0.0195,0.0273,0.9087,1567.717,500000,0.0039000000000000007,0.0039000000000000007,0.0,0.005515432893255071,tap3,natural,light,20260810_140234,True
1570208,0.0117,0.0351,0.9087,1570.208,500000,-0.003899999999999999,0.011699999999999999,0.0,0.012332882874656677,tap3,natural,light,20260810_140234,True
1572733,0.0234,0.0156,0.9126,1572.733,500000,0.007800000000000001,-0.007800000000000001,0.0039000000000000146,0.011700000000000007,tap3,natural,light,20260810_140234,True
1575227,0.0234,0.0078,0.9087,1575.227,500000,0.007800000000000001,-0.015600000000000001,0.0,0.01744133022449836,tap3,natural,light,20260810_140234,True
1577706,0.0156,0.0156,0.9126,1577.706,500000,0.0,-0.007800000000000001,0.0039000000000000146,0.008720665112249188,tap3,natural,light,20260810_140234,True
1580220,0.0195,0.0273,0.9126,1580.22,500000,0.0039000000000000007,0.0039000000000000007,0.0039000000000000146,0.006754998149518631,tap3,natural,light,20260810_140234,True
1582716,0.0156,0.0273,0.9048,1582.716,500000,0.0,0.0039000000000000007,-0.0038999999999999035,0.005515432893255003,tap3,natural,light,20260810_140234,True
1585224,0.0195,0.0195,0.9165,1585.224,500000,0.0039000000000000007,-0.0039000000000000007,0.007800000000000029,0.00955300999685442,tap3,natural,light,20260810_140234,True
1587710,0.0195,0.0234,0.9126,1587.71,500000,0.0039000000000000007,0.0,0.0039000000000000146,0.005515432893255082,tap3,natural,light,20260810_140234,True
1590220,0.0273,0.0273,0.9165,1590.22,500000,0.011700000000000002,0.0039000000000000007,0.007800000000000029,0.01459246380841839,tap3,natural,light,20260810_140234,True
1592718,0.0117,0.0234,0.9087,1592.718,500000,-0.003899999999999999,0.0,0.0,0.003899999999999999,tap3,natural,light,20260810_140234,True
1595207,0.0156,0.0234,0.9126,1595.207,500000,0.0,0.0,0.0039000000000000146,0.0039000000000000146,tap3,natural,light,20260810_140234,True
1597728,0.0078,0.0273,0.9165,1597.728,500000,-0.0078,0.0039000000000000007,0.007800000000000029,0.01170000000000002,tap3,natural,light,20260810_140234,True
1600235,0.0078,0.0312,0.9048,1600.235,500000,-0.0078,0.007799999999999998,-0.0038999999999999035,0.011699999999999966,tap3,natural,light,20260810_140234,True
1602732,0.0195,0.0156,0.9126,1602.732,500000,0.0039000000000000007,-0.007800000000000001,0.0039000000000000146,0.009553009996854402,tap3,natural,light,20260810_140234,True
1605208,0.0117,0.0273,0.9048,1605.208,500000,-0.003899999999999999,0.0039000000000000007,-0.0038999999999999035,0.006754998149518566,tap3,natural,light,20260810_140234,True
1607717,0.0234,0.0234,0.9048,1607.717,500000,0.007800000000000001,0.0,-0.0038999999999999035,0.008720665112249138,tap3,natural,light,20260810_140234,True
1610230,0.0039,0.0273,0.9009,1610.23,500000,-0.011699999999999999,0.0039000000000000007,-0.007799999999999918,0.014592463808418327,tap3,natural,light,20260810_140234,True
1612731,0.0195,0.0234,0.9009,1612.731,500000,0.0039000000000000007,0.0,-0.007799999999999918,0.008720665112249107,tap3,natural,light,20260810_140234,True
1615230,0.0156,0.0195,0.9009,1615.23,500000,0.0,-0.0039000000000000007,-0.007799999999999918,0.008720665112249107,tap3,natural,light,20260810_140234,True
1617707,0.0156,0.0273,0.897,1617.707,500000,0.0,0.0039000000000000007,-0.011699999999999933,0.012332882874656616,tap3,natural,light,20260810_140234,True
1620207,0.0039,0.0273,0.9087,1620.207,500000,-0.011699999999999999,0.0039000000000000007,0.0,0.012332882874656679,tap3,natural,light,20260810_140234,True
1622728,0.0195,0.0195,0.9087,1622.728,500000,0.0039000000000000007,-0.0039000000000000007,0.0,0.005515432893255071,tap3,natural,light,20260810_140234,True
1625216,0.0078,0.0312,0.9048,1625.216,500000,-0.0078,0.007799999999999998,-0.0038999999999999035,0.011699999999999966,tap3,natural,light,20260810_140234,True
1627713,0.0117,0.0195,0.9048,1627.713,500000,-0.003899999999999999,-0.0039000000000000007,-0.0038999999999999035,0.006754998149518566,tap3,natural,light,20260810_140234,True
1630209,0.0156,0.0195,0.9087,1630.209,500000,0.0,-0.0039000000000000007,0.0,0.0039000000000000007,tap3,natural,light,20260810_140234,True
1632705,0.0195,0.0195,0.9165,1632.705,500000,0.0039000000000000007,-0.0039000000000000007,0.007800000000000029,0.00955300999685442,tap3,natural,light,20260810_140234,True
1635229,0.0156,0.0273,0.9087,1635.229,500000,0.0,0.0039000000000000007,0.0,0.0039000000000000007,tap3,natural,light,20260810_140234,True
1637710,0.0156,0.0273,0.9009,1637.71,500000,0.0,0.0039000000000000007,-0.007799999999999918,0.008720665112249107,tap3,natural,light,20260810_140234,True
1640234,0.0078,0.0312,0.9048,1640.234,500000,-0.0078,0.007799999999999998,-0.0038999999999999035,0.011699999999999966,tap3,natural,light,20260810_140234,True
1642716,0.0156,0.0312,0.9087,1642.716,500000,0.0,0.007799999999999998,0.0,0.007799999999999998,tap3,natural,light,20260810_140234,True
1645232,0.0117,0.0195,0.9126,1645.232,500000,-0.003899999999999999,-0.0039000000000000007,0.0039000000000000146,0.00675499814951863,tap3,natural,light,20260810_140234,True
1647717,0.0117,0.0195,0.9126,1647.717,500000,-0.003899999999999999,-0.0039000000000000007,0.0039000000000000146,0.00675499814951863,tap3,natural,light,20260810_140234,True
1650226,0.0273,0.0117,0.9165,1650.226,500000,0.011700000000000002,-0.0117,0.007800000000000029,0.01829262146331139,tap3,natural,light,20260810_140234,True
1652724,0.0156,0.0234,0.9009,1652.724,500000,0.0,0.0,-0.007799999999999918,0.007799999999999918,tap3,natural,light,20260810_140234,True
1655220,0.0195,0.0273,0.9126,1655.22,500000,0.0039000000000000007,0.0039000000000000007,0.0039000000000000146,0.006754998149518631,tap3,natural,light,20260810_140234,True
1657706,0.0156,0.0234,0.9087,1657.706,500000,0.0,0.0,0.0,0.0,tap3,natural,light,20260810_140234,True
1660213,0.0117,0.0273,0.9126,1660.213,500000,-0.003899999999999999,0.0039000000000000007,0.0039000000000000146,0.00675499814951863,tap3,natural,light,20260810_140234,True
1662734,0.0156,0.0312,0.9009,1662.734,500000,0.0,0.007799999999999998,-0.007799999999999918,0.011030865786510082,tap3,natural,light,20260810_140234,True
1665229,0.0195,0.0273,0.9048,1665.229,500000,0.0039000000000000007,0.0039000000000000007,-0.0038999999999999035,0.006754998149518567,tap3,natural,light,20260810_140234,True
1667708,0.0039,0.0312,0.9048,1667.708,500000,-0.011699999999999999,0.007799999999999998,-0.0038999999999999035,0.014592463808418344,tap3,natural,light,20260810_140234,True
1670229,0.0195,0.0234,0.9126,1670.229,500000,0.0039000000000000007,0.0,0.0039000000000000146,0.005515432893255082,tap3,natural,light,20260810_140234,True
1672732,0.0195,0.0234,0.9126,1672.732,500000,0.0039000000000000007,0.0,0.0039000000000000146,0.005515432893255082,tap3,natural,light,20260810_140234,True
1675225,0.0117,0.0312,0.9126,1675.225,500000,-0.003899999999999999,0.007799999999999998,0.0039000000000000146,0.009553009996854399,tap3,natural,light,20260810_140234,True
1677706,0.0156,0.0273,0.9048,1677.706,500000,0.0,0.0039000000000000007,-0.0038999999999999035,0.005515432893255003,tap3,natural,light,20260810_140234,True
1680232,0.0117,0.0273,0.9126,1680.232,500000,-0.003899999999999999,0.0039000000000000007,0.0039000000000000146,0.00675499814951863,tap3,natural,light,20260810_140234,True
1682720,0.0039,0.0273,0.9126,1682.72,500000,-0.011699999999999999,0.0039000000000000007,0.0039000000000000146,0.012934836682386064,tap3,natural,light,20260810_140234,True
1685224,0.0156,0.0273,0.9048,1685.224,500000,0.0,0.0039000000000000007,-0.0038999999999999035,0.005515432893255003,tap3,natural,light,20260810_140234,True
1687711,0.0117,0.0234,0.9048,1687.711,500000,-0.003899999999999999,0.0,-0.0038999999999999035,0.005515432893255002,tap3,natural,light,20260810_140234,True
1690229,0.0156,0.0273,0.9048,1690.229,500000,0.0,0.0039000000000000007,-0.0038999999999999035,0.005515432893255003,tap3,natural,light,20260810_140234,True
1692729,0.0195,0.0195,0.9126,1692.729,500000,0.0039000000000000007,-0.0039000000000000007,0.0039000000000000146,0.006754998149518631,tap3,natural,light,20260810_140234,True
1695207,0.0156,0.0312,0.9165,1695.207,500000,0.0,0.007799999999999998,0.007800000000000029,0.01103086578651016,tap3,natural,light,20260810_140234,True
1697715,0.0156,0.0195,0.9126,1697.715,500000,0.0,-0.0039000000000000007,0.0039000000000000146,0.005515432893255082,tap3,natural,light,20260810_140234,True
1701005,0.0156,0.0273,0.9126,1701.005,500000,0.0,0.0039000000000000007,0.0039000000000000146,0.005515432893255082,tap3,natural,light,20260810_140234,True
1702707,0.0156,0.0273,0.9243,1702.707,500000,0.0,0.0039000000000000007,0.015600000000000058,0.016080111939908933,tap3,natural,light,20260810_140234,True
1705213,0.0078,0.0234,0.9165,1705.213,500000,-0.0078,0.0,0.007800000000000029,0.011030865786510162,tap3,natural,light,20260810_140234,True
1707727,0.0195,0.0195,0.9126,1707.727,500000,0.0039000000000000007,-0.0039000000000000007,0.0039000000000000146,0.006754998149518631,tap3,natural,light,20260810_140234,True
1710233,0.0117,0.0195,0.9126,1710.233,500000,-0.003899999999999999,-0.0039000000000000007,0.0039000000000000146,0.00675499814951863,tap3,natural,light,20260810_140234,True
1712719,0.0156,0.0234,0.9087,1712.719,500000,0.0,0.0,0.0,0.0,tap3,natural,light,20260810_140234,True
1715221,0.0117,0.0312,0.9126,1715.221,500000,-0.003899999999999999,0.007799999999999998,0.0039000000000000146,0.009553009996854399,tap3,natural,light,20260810_140234,True
1717721,0.0156,0.0273,0.9087,1717.721,500000,0.0,0.0039000000000000007,0.0,0.0039000000000000007,tap3,natural,light,20260810_140234,True
1720228,0.0156,0.0156,0.9048,1720.228,500000,0.0,-0.007800000000000001,-0.0038999999999999035,0.008720665112249138,tap3,natural,light,20260810_140234,True
1722734,0.0117,0.0273,0.9009,1722.734,500000,-0.003899999999999999,0.0039000000000000007,-0.007799999999999918,0.009553009996854328,tap3,natural,light,20260810_140234,True
1725211,0.0195,0.0195,0.9126,1725.211,500000,0.0039000000000000007,-0.0039000000000000007,0.0039000000000000146,0.006754998149518631,tap3,natural,light,20260810_140234,True
1727726,0.0156,0.0195,0.9048,1727.726,500000,0.0,-0.0039000000000000007,-0.0038999999999999035,0.005515432893255003,tap3,natural,light,20260810_140234,True
1730209,0.0078,0.0273,0.9048,1730.209,500000,-0.0078,0.0039000000000000007,-0.0038999999999999035,0.009553009996854355,tap3,natural,light,20260810_140234,True
1732734,0.0156,0.0234,0.9087,1732.734,500000,0.0,0.0,0.0,0.0,tap3,natural,light,20260810_140234,True
1735207,0.0156,0.0195,0.9048,1735.207,500000,0.0,-0.0039000000000000007,-0.0038999999999999035,0.005515432893255003,tap3,natural,light,20260810_140234,True
1737713,0.0195,0.0273,0.9048,1737.713,500000,0.0039000000000000007,0.0039000000000000007,-0.0038999999999999035,0.006754998149518567,tap3,natural,light,20260810_140234,True
1740219,0.0156,0.0234,0.9009,1740.219,500000,0.0,0.0,-0.007799999999999918,0.007799999999999918,tap3,natural,light,20260810_140234,True
1742731,0.0156,0.0195,0.9126,1742.731,500000,0.0,-0.0039000000000000007,0.0039000000000000146,0.005515432893255082,tap3,natural,light,20260810_140234,True
1745214,0.0195,0.0273,0.9126,1745.214,500000,0.0039000000000000007,0.0039000000000000007,0.0039000000000000146,0.006754998149518631,tap3,natural,light,20260810_140234,True
1747732,0.0195,0.0234,0.9126,1747.732,500000,0.0039000000000000007,0.0,0.0039000000000000146,0.005515432893255082,tap3,natural,light,20260810_140234,True
1750234,0.0078,0.0312,0.9126,1750.234,500000,-0.0078,0.007799999999999998,0.0039000000000000146,0.011700000000000004,tap3,natural,light,20260810_140234,True
1752734,0.0234,0.0195,0.9048,1752.734,500000,0.007800000000000001,-0.0039000000000000007,-0.0038999999999999035,0.009553009996854357,tap3,natural,light,20260810_140234,True
1755227,0.0234,0.0195,0.9048,1755.227,500000,0.007800000000000001,-0.0039000000000000007,-0.0038999999999999035,0.009553009996854357,tap3,natural,light,20260810_140234,True
1757734,0.0195,0.0156,0.9087,1757.734,500000,0.0039000000000000007,-0.007800000000000001,0.0,0.008720665112249181,tap3,natural,light,20260810_140234,True
1760214,0.0117,0.0273,0.9048,1760.214,500000,-0.003899999999999999,0.0039000000000000007,-0.0038999999999999035,0.006754998149518566,tap3,natural,light,20260810_140234,True
1762712,0.0195,0.0312,0.9165,1762.712,500000,0.0039000000000000007,0.007799999999999998,0.007800000000000029,0.011700000000000018,tap3,natural,light,20260810_140234,True
1765207,0.0234,0.0156,0.9165,1765.207,500000,0.007800000000000001,-0.007800000000000001,0.007800000000000029,0.013509996299037262,tap3,natural,light,20260810_140234,True
1767720,0.0156,0.0273,0.9087,1767.72,500000,0.0,0.0039000000000000007,0.0,0.0039000000000000007,tap3,natural,light,20260810_140234,True
1770235,0.0156,0.0156,0.9087,1770.235,500000,0.0,-0.007800000000000001,0.0,0.007800000000000001,tap3,natural,light,20260810_140234,True
1772706,0.0156,0.0273,0.9087,1772.706,500000,0.0,0.0039000000000000007,0.0,0.0039000000000000007,tap3,natural,light,20260810_140234,True
1775230,0.0156,0.0273,0.8931,1775.23,500000,0.0,0.0039000000000000007,-0.015599999999999947,0.016080111939908825,tap3,natural,light,20260810_140234,True
1777722,0.0117,0.0234,0.9165,1777.722,500000,-0.003899999999999999,0.0,0.007800000000000029,0.008720665112249205,tap3,natural,light,20260810_140234,True
1780209,0.0195,0.0156,0.9087,1780.209,500000,0.0039000000000000007,-0.007800000000000001,0.0,0.008720665112249181,tap3,natural,light,20260810_140234,True
1782734,0.0156,0.0195,0.9087,1782.734,500000,0.0,-0.0039000000000000007,0.0,0.0039000000000000007,tap3,natural,light,20260810_140234,True
1785206,0.0234,0.0273,0.9165,1785.206,500000,0.007800000000000001,0.0039000000000000007,0.007800000000000029,0.011700000000000021,tap3,natural,light,20260810_140234,True
1787705,0.0156,0.0312,0.9087,1787.705,500000,0.0,0.007799999999999998,0.0,0.007799999999999998,tap3,natural,light,20260810_140234,True
1790219,0.0195,0.0234,0.9048,1790.219,500000,0.0039000000000000007,0.0,-0.0038999999999999035,0.005515432893255003,tap3,natural,light,20260810_140234,True
1792715,0.0195,0.0195,0.9126,1792.715,500000,0.0039000000000000007,-0.0039000000000000007,0.0039000000000000146,0.006754998149518631,tap3,natural,light,20260810_140234,True
1795214,0.0117,0.0273,0.9087,1795.214,500000,-0.003899999999999999,0.0039000000000000007,0.0,0.00551543289325507,tap3,natural,light,20260810_140234,True
1797727,0.0117,0.0273,0.9087,1797.727,500000,-0.003899999999999999,0.0039000000000000007,0.0,0.00551543289325507,tap3,natural,light,20260810_140234,True
1800216,0.0195,0.0312,0.9087,1800.216,500000,0.0039000000000000007,0.007799999999999998,0.0,0.00872066511224918,tap3,natural,light,20260810_140234,True
1802715,0.0234,0.0156,0.9165,1802.715,500000,0.007800000000000001,-0.007800000000000001,0.007800000000000029,0.013509996299037262,tap3,natural,light,20260810_140234,True
1805217,0.0156,0.0195,0.9126,1805.217,500000,0.0,-0.0039000000000000007,0.0039000000000000146,0.005515432893255082,tap3,natural,light,20260810_140234,True
1807722,0.0117,0.0234,0.9087,1807.722,500000,-0.003899999999999999,0.0,0.0,0.003899999999999999,tap3,natural,light,20260810_140234,True
1810208,0.0078,0.0312,0.9165,1810.208,500000,-0.0078,0.007799999999999998,0.007800000000000029,0.013509996299037258,tap3,natural,light,20260810_140234,True
1812723,0.0234,0.0195,0.9087,1812.723,500000,0.007800000000000001,-0.0039000000000000007,0.0,0.008720665112249181,tap3,natural,light,20260810_140234,True
1815225,0.0195,0.0234,0.9048,1815.225,500000,0.0039000000000000007,0.0,-0.0038999999999999035,0.005515432893255003,tap3,natural,light,20260810_140234,True
1817724,0.0117,0.0273,0.9087,1817.724,500000,-0.003899999999999999,0.0039000000000000007,0.0,0.00551543289325507,tap3,natural,light,20260810_140234,True
1820215,0.0156,0.0234,0.9165,1820.215,500000,0.0,0.0,0.007800000000000029,0.007800000000000029,tap3,natural,light,20260810_140234,True
1822710,0.0195,0.0195,0.9048,1822.71,500000,0.0039000000000000007,-0.0039000000000000007,-0.0038999999999999035,0.006754998149518567,tap3,natural,light,20260810_140234,True
1825227,0.0117,0.0078,0.9087,1825.227,500000,-0.003899999999999999,-0.015600000000000001,0.0,0.016080111939908878,tap3,natural,light,20260810_140234,True
1827708,0.0195,0.0234,0.9009,1827.708,500000,0.0039000000000000007,0.0,-0.007799999999999918,0.008720665112249107,tap3,natural,light,20260810_140234,True
1830220,0.0195,0.0234,0.9126,1830.22,500000,0.0039000000000000007,0.0,0.0039000000000000146,0.005515432893255082,tap3,natural,light,20260810_140234,True
1832707,0.0156,0.0234,0.9009,1832.707,500000,0.0,0.0,-0.007799999999999918,0.007799999999999918,tap3,natural,light,20260810_140234,True
1835209,0.0117,0.0234,0.9087,1835.209,500000,-0.003899999999999999,0.0,0.0,0.003899999999999999,tap3,natural,light,20260810_140234,True
1837721,0.0156,0.0195,0.9165,1837.721,500000,0.0,-0.0039000000000000007,0.007800000000000029,0.008720665112249207,tap3,natural,light,20260810_140234,True
1840214,0.0039,0.0273,0.9048,1840.214,500000,-0.011699999999999999,0.0039000000000000007,-0.0038999999999999035,0.01293483668238603,tap3,natural,light,20260810_140234,True
1842723,0.0117,0.0234,0.9009,1842.723,500000,-0.003899999999999999,0.0,-0.007799999999999918,0.008720665112249105,tap3,natural,light,20260810_140234,True
1845205,0.0195,0.0273,0.9048,1845.205,500000,0.0039000000000000007,0.0039000000000000007,-0.0038999999999999035,0.006754998149518567,tap3,natural,light,20260810_140234,True
1847705,0.0117,0.0234,0.9048,1847.705,500000,-0.003899999999999999,0.0,-0.0038999999999999035,0.005515432893255002,tap3,natural,light,20260810_140234,True
1850219,0.0078,0.0273,0.9048,1850.219,500000,-0.0078,0.0039000000000000007,-0.0038999999999999035,0.009553009996854355,tap3,natural,light,20260810_140234,True
1852715,0.0156,0.0195,0.9165,1852.715,500000,0.0,-0.0039000000000000007,0.007800000000000029,0.008720665112249207,tap3,natural,light,20260810_140234,True
1855206,0.0156,0.0234,0.9087,1855.206,500000,0.0,0.0,0.0,0.0,tap3,natural,light,20260810_140234,True
1857709,0.0195,0.0234,0.9048,1857.709,500000,0.0039000000000000007,0.0,-0.0038999999999999035,0.005515432893255003,tap3,natural,light,20260810_140234,True
1860220,0.0156,0.0234,0.9087,1860.22,500000,0.0,0.0,0.0,0.0,tap3,natural,light,20260810_140234,True
1862707,0.0156,0.0234,0.9087,1862.707,500000,0.0,0.0,0.0,0.0,tap3,natural,light,20260810_140234,True
1865207,0.0195,0.0234,0.9165,1865.207,500000,0.0039000000000000007,0.0,0.007800000000000029,0.008720665112249207,tap3,natural,light,20260810_140234,True
1867712,0.0195,0.0312,0.9087,1867.712,500000,0.0039000000000000007,0.007799999999999998,0.0,0.00872066511224918,tap3,natural,light,20260810_140234,True
1870227,0.0156,0.0312,0.9126,1870.227,500000,0.0,0.007799999999999998,0.0039000000000000146,0.008720665112249185,tap3,natural,light,20260810_140234,True
1872723,0.0117,0.0273,0.9165,1872.723,500000,-0.003899999999999999,0.0039000000000000007,0.007800000000000029,0.009553009996854418,tap3,natural,light,20260810_140234,True
1875223,0.0117,0.0234,0.9165,1875.223,500000,-0.003899999999999999,0.0,0.007800000000000029,0.008720665112249205,tap3,natural,light,20260810_140234,True
1877727,0.0156,0.0195,0.9243,1877.727,500000,0.0,-0.0039000000000000007,0.015600000000000058,0.016080111939908933,tap3,natural,light,20260810_140234,True
1880222,0.0117,0.0273,0.9009,1880.222,500000,-0.003899999999999999,0.0039000000000000007,-0.007799999999999918,0.009553009996854328,tap3,natural,light,20260810_140234,True
1882717,0.0234,0.0234,0.9087,1882.717,500000,0.007800000000000001,0.0,0.0,0.007800000000000001,tap3,natural,light,20260810_140234,True
1885220,0.0117,0.0312,0.9009,1885.22,500000,-0.003899999999999999,0.007799999999999998,-0.007799999999999918,0.011699999999999943,tap3,natural,light,20260810_140234,True
1887715,0.0117,0.0234,0.9087,1887.715,500000,-0.003899999999999999,0.0,0.0,0.003899999999999999,tap3,natural,light,20260810_140234,True
1890220,0.0039,0.0312,0.9087,1890.22,500000,-0.011699999999999999,0.007799999999999998,0.0,0.014061649974309556,tap3,natural,light,20260810_140234,True
1892712,0.0195,0.0273,0.9126,1892.712,500000,0.0039000000000000007,0.0039000000000000007,0.0039000000000000146,0.006754998149518631,tap3,natural,light,20260810_140234,True
1895216,0.0156,0.0234,0.9087,1895.216,500000,0.0,0.0,0.0,0.0,tap3,natural,light,20260810_140234,True
1897725,0.0117,0.0234,0.9126,1897.725,500000,-0.003899999999999999,0.0,0.0039000000000000146,0.00551543289325508,tap3,natural,light,20260810_140234,True
1900207,0.0195,0.0195,0.9087,1900.207,500000,0.0039000000000000007,-0.0039000000000000007,0.0,0.005515432893255071,tap3,natural,light,20260810_140234,True
1902723,0.0156,0.0195,0.9087,1902.723,500000,0.0,-0.0039000000000000007,0.0,0.0039000000000000007,tap3,natural,light,20260810_140234,True
1905223,0.0078,0.0234,0.9087,1905.223,500000,-0.0078,0.0,0.0,0.0078,tap3,natural,light,20260810_140234,True
1907711,0.0195,0.0195,0.9048,1907.711,500000,0.0039000000000000007,-0.0039000000000000007,-0.0038999999999999035,0.006754998149518567,tap3,natural,light,20260810_140234,True
1910210,0.0195,0.0273,0.9165,1910.21,500000,0.0039000000000000007,0.0039000000000000007,0.007800000000000029,0.00955300999685442,tap3,natural,light,20260810_140234,True
1912732,0.0156,0.0234,0.9048,1912.732,500000,0.0,0.0,-0.0038999999999999035,0.0038999999999999035,tap3,natural,light,20260810_140234,True
1915205,0.0156,0.0273,0.9087,1915.205,500000,0.0,0.0039000000000000007,0.0,0.0039000000000000007,tap3,natural,light,20260810_140234,True
1917734,0.0156,0.0273,0.9126,1917.734,500000,0.0,0.0039000000000000007,0.0039000000000000146,0.005515432893255082,tap3,natural,light,20260810_140234,True
1920231,0.0156,0.0273,0.9087,1920.231,500000,0.0,0.0039000000000000007,0.0,0.0039000000000000007,tap3,natural,light,20260810_140234,True
1922723,0.0039,0.0351,0.9087,1922.723,500000,-0.011699999999999999,0.011699999999999999,0.0,0.01654629867976521,tap3,natural,light,20260810_140234,True
1925211,0.0156,0.0312,0.9126,1925.211,500000,0.0,0.007799999999999998,0.0039000000000000146,0.008720665112249185,tap3,natural,light,20260810_140234,True
1927709,0.0117,0.0195,0.9048,1927.709,500000,-0.003899999999999999,-0.0039000000000000007,-0.0038999999999999035,0.006754998149518566,tap3,natural,light,20260810_140234,True
1930222,0.0195,0.0156,0.9087,1930.222,500000,0.0039000000000000007,-0.007800000000000001,0.0,0.008720665112249181,tap3,natural,light,20260810_140234,True
1932721,0.0117,0.0195,0.9126,1932.721,500000,-0.003899999999999999,-0.0039000000000000007,0.0039000000000000146,0.00675499814951863,tap3,natural,light,20260810_140234,True
1935221,0.0195,0.0234,0.9165,1935.221,500000,0.0039000000000000007,0.0,0.007800000000000029,0.008720665112249207,tap3,natural,light,20260810_140234,True
1937705,0.0156,0.0234,0.9009,1937.705,500000,0.0,0.0,-0.007799999999999918,0.007799999999999918,tap3,natural,light,20260810_140234,True
1940233,0.0039,0.0312,0.9126,1940.233,500000,-0.011699999999999999,0.007799999999999998,0.0039000000000000146,0.014592463808418374,tap3,natural,light,20260810_140234,True
1942731,0.0156,0.0234,0.9087,1942.731,500000,0.0,0.0,0.0,0.0,tap3,natural,light,20260810_140234,True
1945217,0.0156,0.0273,0.897,1945.217,500000,0.0,0.0039000000000000007,-0.011699999999999933,0.012332882874656616,tap3,natural,light,20260810_140234,True
1947732,0.0117,0.0273,0.9165,1947.732,500000,-0.003899999999999999,0.0039000000000000007,0.007800000000000029,0.009553009996854418,tap3,natural,light,20260810_140234,True
1950231,0.0156,0.0195,0.9048,1950.231,500000,0.0,-0.0039000000000000007,-0.0038999999999999035,0.005515432893255003,tap3,natural,light,20260810_140234,True
1952706,0.0156,0.0273,0.9204,1952.706,500000,0.0,0.0039000000000000007,0.011700000000000044,0.012332882874656722,tap3,natural,light,20260810_140234,True
1955212,0.0078,0.0273,0.9048,1955.212,500000,-0.0078,0.0039000000000000007,-0.0038999999999999035,0.009553009996854355,tap3,natural,light,20260810_140234,True
1957718,0.0117,0.0273,0.9126,1957.718,500000,-0.003899999999999999,0.0039000000000000007,0.0039000000000000146,0.00675499814951863,tap3,natural,light,20260810_140234,True
1960230,0.0117,0.0195,0.9126,1960.23,500000,-0.003899999999999999,-0.0039000000000000007,0.0039000000000000146,0.00675499814951863,tap3,natural,light,20260810_140234,True
1962722,0.0156,0.0273,0.9009,1962.722,500000,0.0,0.0039000000000000007,-0.007799999999999918,0.008720665112249107,tap3,natural,light,20260810_140234,True
1965217,0.0156,0.0195,0.9087,1965.217,500000,0.0,-0.0039000000000000007,0.0,0.0039000000000000007,tap3,natural,light,20260810_140234,True
1967730,0.0078,0.0273,0.9126,1967.73,500000,-0.0078,0.0039000000000000007,0.0039000000000000146,0.0095530099968544,tap3,natural,light,20260810_140234,True
1970224,0.0078,0.0273,0.9126,1970.224,500000,-0.0078,0.0039000000000000007,0.0039000000000000146,0.0095530099968544,tap3,natural,light,20260810_140234,True
1972723,0.0195,0.0234,0.9126,1972.723,500000,0.0039000000000000007,0.0,0.0039000000000000146,0.005515432893255082,tap3,natural,light,20260810_140234,True
1975221,0.0156,0.0273,0.9048,1975.221,500000,0.0,0.0039000000000000007,-0.0038999999999999035,0.005515432893255003,tap3,natural,light,20260810_140234,True
1977705,0.0195,0.0234,0.9048,1977.705,500000,0.0039000000000000007,0.0,-0.0038999999999999035,0.005515432893255003,tap3,natural,light,20260810_140234,True
1980228,0.0078,0.0234,0.9048,1980.228,500000,-0.0078,0.0,-0.0038999999999999035,0.008720665112249136,tap3,natural,light,20260810_140234,True
1982730,0.0156,0.0312,0.9165,1982.73,500000,0.0,0.007799999999999998,0.007800000000000029,0.01103086578651016,tap3,natural,light,20260810_140234,True
1985224,0.0156,0.0195,0.9009,1985.224,500000,0.0,-0.0039000000000000007,-0.007799999999999918,0.008720665112249107,tap3,natural,light,20260810_140234,True
1987710,0.0234,0.0156,0.9048,1987.71,500000,0.007800000000000001,-0.007800000000000001,-0.0038999999999999035,0.011699999999999969,tap3,natural,light,20260810_140234,True
1990227,0.0195,0.0234,0.9009,1990.227,500000,0.0039000000000000007,0.0,-0.007799999999999918,0.008720665112249107,tap3,natural,light,20260810_140234,True
1992727,0.0195,0.0273,0.9048,1992.727,500000,0.0039000000000000007,0.0039000000000000007,-0.0038999999999999035,0.006754998149518567,tap3,natural,light,20260810_140234,True
1995234,0.0195,0.0195,0.9087,1995.234,500000,0.0039000000000000007,-0.0039000000000000007,0.0,0.005515432893255071,tap3,natural,light,20260810_140234,True
1997720,0.0195,0.0273,0.9048,1997.72,500000,0.0039000000000000007,0.0039000000000000007,-0.0038999999999999035,0.006754998149518567,tap3,natural,light,20260810_140234,True
2000208,0.0039,0.0312,0.9165,2000.208,500000,-0.011699999999999999,0.007799999999999998,0.007800000000000029,0.016080111939908888,tap3,natural,light,20260810_140234,True
2002725,0.0156,0.0234,0.9087,2002.725,500000,0.0,0.0,0.0,0.0,tap3,natural,light,20260810_140234,True
2005205,0.0273,0.0273,0.9009,2005.205,500000,0.011700000000000002,0.0039000000000000007,-0.007799999999999918,0.01459246380841833,tap3,natural,light,20260810_140234,True
2007718,0.0156,0.0234,0.9048,2007.718,500000,0.0,0.0,-0.0038999999999999035,0.0038999999999999035,tap3,natural,light,20260810_140234,True
2010229,0.0195,0.0156,0.9087,2010.229,500000,0.0039000000000000007,-0.007800000000000001,0.0,0.008720665112249181,tap3,natural,light,20260810_140234,True
2012719,0.0117,0.0273,0.9048,2012.719,500000,-0.003899999999999999,0.0039000000000000007,-0.0038999999999999035,0.006754998149518566,tap3,natural,light,20260810_140234,True
2015224,0.0195,0.0195,0.9126,2015.224,500000,0.0039000000000000007,-0.0039000000000000007,0.0039000000000000146,0.006754998149518631,tap3,natural,light,20260810_140234,True
2017705,0.0117,0.0234,0.9165,2017.705,500000,-0.003899999999999999,0.0,0.007800000000000029,0.008720665112249205,tap3,natural,light,20260810_140234,True
2020205,0.0078,0.0234,0.897,2020.205,500000,-0.0078,0.0,-0.011699999999999933,0.014061649974309502,tap3,natural,light,20260810_140234,True
2022724,0.0117,0.0195,0.9048,2022.724,500000,-0.003899999999999999,-0.0039000000000000007,-0.0038999999999999035,0.006754998149518566,tap3,natural,light,20260810_140234,True
2025234,0.0156,0.0273,0.9009,2025.234,500000,0.0,0.0039000000000000007,-0.007799999999999918,0.008720665112249107,tap3,natural,light,20260810_140234,True
2027705,0.0156,0.0273,0.9087,2027.705,500000,0.0,0.0039000000000000007,0.0,0.0039000000000000007,tap3,natural,light,20260810_140234,True
2030220,0.0156,0.0156,0.9165,2030.22,500000,0.0,-0.007800000000000001,0.007800000000000029,0.011030865786510163,tap3,natural,light,20260810_140234,True
2032708,0.0078,0.0234,0.9126,2032.708,500000,-0.0078,0.0,0.0039000000000000146,0.008720665112249186,tap3,natural,light,20260810_140234,True
2035231,0.0039,0.0273,0.9087,2035.231,500000,-0.011699999999999999,0.0039000000000000007,0.0,0.012332882874656679,tap3,natural,light,20260810_140234,True
2037713,0.0117,0.0234,0.9048,2037.713,500000,-0.003899999999999999,0.0,-0.0038999999999999035,0.005515432893255002,tap3,natural,light,20260810_140234,True
2040205,0.0117,0.0195,0.9009,2040.205,500000,-0.003899999999999999,-0.0039000000000000007,-0.007799999999999918,0.009553009996854328,tap3,natural,light,20260810_140234,True
2042718,0.0156,0.0273,0.9087,2042.718,500000,0.0,0.0039000000000000007,0.0,0.0039000000000000007,tap3,natural,light,20260810_140234,True
2045232,0.0078,0.0273,0.9048,2045.232,500000,-0.0078,0.0039000000000000007,-0.0038999999999999035,0.009553009996854355,tap3,natural,light,20260810_140234,True
2047711,0.0117,0.0273,0.9126,2047.711,500000,-0.003899999999999999,0.0039000000000000007,0.0039000000000000146,0.00675499814951863,tap3,natural,light,20260810_140234,True
2050208,0.0156,0.0195,0.9087,2050.208,500000,0.0,-0.0039000000000000007,0.0,0.0039000000000000007,tap3,natural,light,20260810_140234,True
2052734,0.0156,0.0312,0.9126,2052.734,500000,0.0,0.007799999999999998,0.0039000000000000146,0.008720665112249185,tap3,natural,light,20260810_140234,True
2055233,0.0195,0.0273,0.9048,2055.233,500000,0.0039000000000000007,0.0039000000000000007,-0.0038999999999999035,0.006754998149518567,tap3,natural,light,20260810_140234,True
2057720,0.0117,0.0234,0.9165,2057.72,500000,-0.003899999999999999,0.0,0.007800000000000029,0.008720665112249205,tap3,natural,light,20260810_140234,True
2060233,0.0195,0.0273,0.9165,2060.233,500000,0.0039000000000000007,0.0039000000000000007,0.007800000000000029,0.00955300999685442,tap3,natural,light,20260810_140234,True
2062734,0.0078,0.0234,0.9048,2062.734,500000,-0.0078,0.0,-0.0038999999999999035,0.008720665112249136,tap3,natural,light,20260810_140234,True
2065230,0.0117,0.0234,0.9204,2065.23,500000,-0.003899999999999999,0.0,0.011700000000000044,0.01233288287465672,tap3,natural,light,20260810_140234,True
2067734,0.0117,0.0234,0.9087,2067.734,500000,-0.003899999999999999,0.0,0.0,0.003899999999999999,tap3,natural,light,20260810_140234,True
2070217,0.0117,0.0273,0.9087,2070.217,500000,-0.003899999999999999,0.0039000000000000007,0.0,0.00551543289325507,tap3,natural,light,20260810_140234,True
2072715,0.0156,0.0234,0.9087,2072.715,500000,0.0,0.0,0.0,0.0,tap3,natural,light,20260810_140234,True
2075214,0.0117,0.0312,0.897,2075.214,500000,-0.003899999999999999,0.007799999999999998,-0.011699999999999933,0.014592463808418317,tap3,natural,light,20260810_140234,True
2077728,0.0117,0.0312,0.897,2077.728,500000,-0.003899999999999999,0.007799999999999998,-0.011699999999999933,0.014592463808418317,tap3,natural,light,20260810_140234,True
2080221,0.0195,0.0117,0.9126,2080.221,500000,0.0039000000000000007,-0.0117,0.0039000000000000146,0.012934836682386064,tap3,natural,light,20260810_140234,True
2082705,0.0195,0.0234,0.9243,2082.705,500000,0.0039000000000000007,0.0,0.015600000000000058,0.016080111939908933,tap3,natural,light,20260810_140234,True
2085234,0.0156,0.0273,0.9165,2085.234,500000,0.0,0.0039000000000000007,0.007800000000000029,0.008720665112249207,tap3,natural,light,20260810_140234,True
2087720,0.0195,0.0195,0.9204,2087.72,500000,0.0039000000000000007,-0.0039000000000000007,0.011700000000000044,0.012934836682386099,tap3,natural,light,20260810_140234,True
2090207,0.0078,0.0273,0.9165,2090.207,500000,-0.0078,0.0039000000000000007,0.007800000000000029,0.01170000000000002,tap3,natural,light,20260810_140234,True
2092730,0.0117,0.0195,0.9087,2092.73,500000,-0.003899999999999999,-0.0039000000000000007,0.0,0.00551543289325507,tap3,natural,light,20260810_140234,True
2095206,0.0234,0.0273,0.9243,2095.206,500000,0.007800000000000001,0.0039000000000000007,0.015600000000000058,0.017872045210327828,tap3,natural,light,20260810_140234,True
2097706,0.0156,0.0273,0.9165,2097.706,500000,0.0,0.0039000000000000007,0.007800000000000029,0.008720665112249207,tap3,natural,light,20260810_140234,True
2100218,0.0156,0.0234,0.9126,2100.218,500000,0.0,0.0,0.0039000000000000146,0.0039000000000000146,tap3,natural,light,20260810_140234,True
2102710,0.0117,0.0234,0.9087,2102.71,500000,-0.003899999999999999,0.0,0.0,0.003899999999999999,tap3,natural,light,20260810_140234,True
2105210,0.0156,0.0156,0.9048,2105.21,500000,0.0,-0.007800000000000001,-0.0038999999999999035,0.008720665112249138,tap3,natural,light,20260810_140234,True
2107717,0.0195,0.0195,0.9126,2107.717,500000,0.0039000000000000007,-0.0039000000000000007,0.0039000000000000146,0.006754998149518631,tap3,natural,light,20260810_140234,True
2110228,0.0156,0.0195,0.9087,2110.228,500000,0.0,-0.0039000000000000007,0.0,0.0039000000000000007,tap3,natural,light,20260810_140234,True
2112728,0.0156,0.0195,0.9126,2112.728,500000,0.0,-0.0039000000000000007,0.0039000000000000146,0.005515432893255082,tap3,natural,light,20260810_140234,True
2115228,0.0156,0.0156,0.8931,2115.228,500000,0.0,-0.007800000000000001,-0.015599999999999947,0.017441330224498314,tap3,natural,light,20260810_140234,True
2117707,0.0117,0.0156,0.9165,2117.707,500000,-0.003899999999999999,-0.007800000000000001,0.007800000000000029,0.01170000000000002,tap3,natural,light,20260810_140234,True
2120209,0.0195,0.0273,0.9048,2120.209,500000,0.0039000000000000007,0.0039000000000000007,-0.0038999999999999035,0.006754998149518567,tap3,natural,light,20260810_140234,True
2122708,0.0117,0.0312,0.9165,2122.708,500000,-0.003899999999999999,0.007799999999999998,0.007800000000000029,0.011700000000000018,tap3,natural,light,20260810_140234,True
2125219,0.0117,0.0273,0.9087,2125.219,500000,-0.003899999999999999,0.0039000000000000007,0.0,0.00551543289325507,tap3,natural,light,20260810_140234,True
2127705,0.0156,0.0273,0.9165,2127.705,500000,0.0,0.0039000000000000007,0.007800000000000029,0.008720665112249207,tap3,natural,light,20260810_140234,True
2130219,0.0117,0.0195,0.9009,2130.219,500000,-0.003899999999999999,-0.0039000000000000007,-0.007799999999999918,0.009553009996854328,tap3,natural,light,20260810_140234,True
2132716,0.0117,0.0234,0.9087,2132.716,500000,-0.003899999999999999,0.0,0.0,0.003899999999999999,tap3,natural,light,20260810_140234,True
2135219,0.0156,0.0195,0.9126,2135.219,500000,0.0,-0.0039000000000000007,0.0039000000000000146,0.005515432893255082,tap3,natural,light,20260810_140234,True
2137707,0.0117,0.0273,0.9126,2137.707,500000,-0.003899999999999999,0.0039000000000000007,0.0039000000000000146,0.00675499814951863,tap3,natural,light,20260810_140234,True
2140230,0.0117,0.0273,0.9009,2140.23,500000,-0.003899999999999999,0.0039000000000000007,-0.007799999999999918,0.009553009996854328,tap3,natural,light,20260810_140234,True
2142727,0.0078,0.0273,0.9126,2142.727,500000,-0.0078,0.0039000000000000007,0.0039000000000000146,0.0095530099968544,tap3,natural,light,20260810_140234,True
2145206,0.0195,0.0156,0.9009,2145.206,500000,0.0039000000000000007,-0.007800000000000001,-0.007799999999999918,0.011699999999999947,tap3,natural,light,20260810_140234,True
2147732,0.0195,0.0234,0.9048,2147.732,500000,0.0039000000000000007,0.0,-0.0038999999999999035,0.005515432893255003,tap3,natural,light,20260810_140234,True
2150221,0.0156,0.0273,0.9009,2150.221,500000,0.0,0.0039000000000000007,-0.007799999999999918,0.008720665112249107,tap3,natural,light,20260810_140234,True
2152717,0.0156,0.0312,0.9048,2152.717,500000,0.0,0.007799999999999998,-0.0038999999999999035,0.008720665112249134,tap3,natural,light,20260810_140234,True
2155215,0.0078,0.0312,0.9087,2155.215,500000,-0.0078,0.007799999999999998,0.0,0.011030865786510139,tap3,natural,light,20260810_140234,True
2157732,0.0078,0.0195,0.9009,2157.732,500000,-0.0078,-0.0039000000000000007,-0.007799999999999918,0.011699999999999945,tap3,natural,light,20260810_140234,True
2160234,0.0078,0.0234,0.9165,2160.234,500000,-0.0078,0.0,0.007800000000000029,0.011030865786510162,tap3,natural,light,20260810_140234,True
2162726,0.0195,0.0273,0.9165,2162.726,500000,0.0039000000000000007,0.0039000000000000007,0.007800000000000029,0.00955300999685442,tap3,natural,light,20260810_140234,True
2165224,0.0156,0.0234,0.9087,2165.224,500000,0.0,0.0,0.0,0.0,tap3,natural,light,20260810_140234,True
2167705,0.0117,0.0234,0.9048,2167.705,500000,-0.003899999999999999,0.0,-0.0038999999999999035,0.005515432893255002,tap3,natural,light,20260810_140234,True
2170225,0.0117,0.0234,0.9165,2170.225,500000,-0.003899999999999999,0.0,0.007800000000000029,0.008720665112249205,tap3,natural,light,20260810_140234,True
2172717,0.0117,0.0195,0.9087,2172.717,500000,-0.003899999999999999,-0.0039000000000000007,0.0,0.00551543289325507,tap3,natural,light,20260810_140234,True
2175212,0.0195,0.0234,0.9087,2175.212,500000,0.0039000000000000007,0.0,0.0,0.0039000000000000007,tap3,natural,light,20260810_140234,True
2177720,0.0117,0.0273,0.9048,2177.72,500000,-0.003899999999999999,0.0039000000000000007,-0.0038999999999999035,0.006754998149518566,tap3,natural,light,20260810_140234,True
2180235,0.0156,0.0273,0.9126,2180.235,500000,0.0,0.0039000000000000007,0.0039000000000000146,0.005515432893255082,tap3,natural,light,20260810_140234,True
2182734,0.0156,0.0234,0.9165,2182.734,500000,0.0,0.0,0.007800000000000029,0.007800000000000029,tap3,natural,light,20260810_140234,True
2185233,0.0156,0.0234,0.9165,2185.233,500000,0.0,0.0,0.007800000000000029,0.007800000000000029,tap3,natural,light,20260810_140234,True
2187715,0.0195,0.0273,0.9126,2187.715,500000,0.0039000000000000007,0.0039000000000000007,0.0039000000000000146,0.006754998149518631,tap3,natural,light,20260810_140234,True
2190225,0.0234,0.0234,0.9126,2190.225,500000,0.007800000000000001,0.0,0.0039000000000000146,0.008720665112249188,tap3,natural,light,20260810_140234,True
2192721,0.0156,0.0234,0.9087,2192.721,500000,0.0,0.0,0.0,0.0,tap3,natural,light,20260810_140234,True
2195230,0.0156,0.0351,0.9165,2195.23,500000,0.0,0.011699999999999999,0.007800000000000029,0.014061649974309573,tap3,natural,light,20260810_140234,True
2197728,0.0156,0.0273,0.9126,2197.728,500000,0.0,0.0039000000000000007,0.0039000000000000146,0.005515432893255082,tap3,natural,light,20260810_140234,True
2200207,0.0156,0.0234,0.9048,2200.207,500000,0.0,0.0,-0.0038999999999999035,0.0038999999999999035,tap3,natural,light,20260810_140234,True
2202730,0.0273,0.0273,0.9048,2202.73,500000,0.011700000000000002,0.0039000000000000007,-0.0038999999999999035,0.012934836682386033,tap3,natural,light,20260810_140234,True
2205231,0.0078,0.0273,0.9165,2205.231,500000,-0.0078,0.0039000000000000007,0.007800000000000029,0.01170000000000002,tap3,natural,light,20260810_140234,True
2207706,0.0078,0.0195,0.9165,2207.706,500000,-0.0078,-0.0039000000000000007,0.007800000000000029,0.01170000000000002,tap3,natural,light,20260810_140234,True
2210213,0.0117,0.0195,0.9087,2210.213,500000,-0.003899999999999999,-0.0039000000000000007,0.0,0.00551543289325507,tap3,natural,light,20260810_140234,True
2212705,0.0195,0.0195,0.9243,2212.705,500000,0.0039000000000000007,-0.0039000000000000007,0.015600000000000058,0.01654629867976527,tap3,natural,light,20260810_140234,True
2215214,0.0156,0.0195,0.9048,2215.214,500000,0.0,-0.0039000000000000007,-0.0038999999999999035,0.005515432893255003,tap3,natural,light,20260810_140234,True
2217720,0.0117,0.0273,0.9126,2217.72,500000,-0.003899999999999999,0.0039000000000000007,0.0039000000000000146,0.00675499814951863,tap3,natural,light,20260810_140234,True
2220227,0.0117,0.0273,0.9282,2220.227,500000,-0.003899999999999999,0.0039000000000000007,0.019500000000000073,0.020264994448555933,tap3,natural,light,20260810_140234,True
2222721,0.0117,0.0273,0.9126,2222.721,500000,-0.003899999999999999,0.0039000000000000007,0.0039000000000000146,0.00675499814951863,tap3,natural,light,20260810_140234,True
2225231,0.0195,0.0195,0.9165,2225.231,500000,0.0039000000000000007,-0.0039000000000000007,0.007800000000000029,0.00955300999685442,tap3,natural,light,20260810_140234,True
2227711,0.0195,0.0195,0.9126,2227.711,500000,0.0039000000000000007,-0.0039000000000000007,0.0039000000000000146,0.006754998149518631,tap3,natural,light,20260810_140234,True
2230209,0.0078,0.0312,0.9009,2230.209,500000,-0.0078,0.007799999999999998,-0.007799999999999918,0.013509996299037194,tap3,natural,light,20260810_140234,True
2232734,0.0117,0.0195,0.9087,2232.734,500000,-0.003899999999999999,-0.0039000000000000007,0.0,0.00551543289325507,tap3,natural,light,20260810_140234,True
2235205,0.0117,0.0156,0.9087,2235.205,500000,-0.003899999999999999,-0.007800000000000001,0.0,0.00872066511224918,tap3,natural,light,20260810_140234,True
2237706,0.0117,0.0234,0.9048,2237.706,500000,-0.003899999999999999,0.0,-0.0038999999999999035,0.005515432893255002,tap3,natural,light,20260810_140234,True
2240220,0.0117,0.0273,0.9048,2240.22,500000,-0.003899999999999999,0.0039000000000000007,-0.0038999999999999035,0.006754998149518566,tap3,natural,light,20260810_140234,True
2242713,0.0117,0.0234,0.9087,2242.713,500000,-0.003899999999999999,0.0,0.0,0.003899999999999999,tap3,natural,light,20260810_140234,True
2245225,0.0156,0.0234,0.9048,2245.225,500000,0.0,0.0,-0.0038999999999999035,0.0038999999999999035,tap3,natural,light,20260810_140234,True
2247742,0.0234,0.0234,0.9048,2247.742,500000,0.007800000000000001,0.0,-0.0038999999999999035,0.008720665112249138,tap3,natural,light,20260810_140234,True
2250209,0.0117,0.0273,0.9087,2250.209,500000,-0.003899999999999999,0.0039000000000000007,0.0,0.00551543289325507,tap3,natural,light,20260810_140234,True
2252724,0.0039,0.0351,0.9165,2252.724,500000,-0.011699999999999999,0.011699999999999999,0.007800000000000029,0.018292621463311388,tap3,natural,light,20260810_140234,True
2255219,0.0117,0.0234,0.9126,2255.219,500000,-0.003899999999999999,0.0,0.0039000000000000146,0.00551543289325508,tap3,natural,light,20260810_140234,True
2257727,0.0117,0.0195,0.9087,2257.727,500000,-0.003899999999999999,-0.0039000000000000007,0.0,0.00551543289325507,tap3,natural,light,20260810_140234,True
2260206,0.0234,0.0156,0.9087,2260.206,500000,0.007800000000000001,-0.007800000000000001,0.0,0.011030865786510143,tap3,natural,light,20260810_140234,True
2262731,0.0117,0.0312,0.9165,2262.731,500000,-0.003899999999999999,0.007799999999999998,0.007800000000000029,0.011700000000000018,tap3,natural,light,20260810_140234,True
2265231,0.0156,0.0234,0.9126,2265.231,500000,0.0,0.0,0.0039000000000000146,0.0039000000000000146,tap3,natural,light,20260810_140234,True
2267718,0.0117,0.0195,0.9087,2267.718,500000,-0.003899999999999999,-0.0039000000000000007,0.0,0.00551543289325507,tap3,natural,light,20260810_140234,True
2270210,0.0156,0.0312,0.9165,2270.21,500000,0.0,0.007799999999999998,0.007800000000000029,0.01103086578651016,tap3,natural,light,20260810_140234,True
2272731,0.0234,0.0234,0.9048,2272.731,500000,0.007800000000000001,0.0,-0.0038999999999999035,0.008720665112249138,tap3,natural,light,20260810_140234,True
2275222,0.0234,0.0117,0.9087,2275.222,500000,0.007800000000000001,-0.0117,0.0,0.014061649974309559,tap3,natural,light,20260810_140234,True
2277712,0.0156,0.0195,0.9087,2277.712,500000,0.0,-0.0039000000000000007,0.0,0.0039000000000000007,tap3,natural,light,20260810_140234,True
2280211,0.0117,0.0273,0.9009,2280.211,500000,-0.003899999999999999,0.0039000000000000007,-0.007799999999999918,0.009553009996854328,tap3,natural,light,20260810_140234,True
2282734,0.0156,0.0234,0.9126,2282.734,500000,0.0,0.0,0.0039000000000000146,0.0039000000000000146,tap3,natural,light,20260810_140234,True
2285205,0.0156,0.0234,0.9165,2285.205,500000,0.0,0.0,0.007800000000000029,0.007800000000000029,tap3,natural,light,20260810_140234,True
2287706,0.0117,0.0273,0.9087,2287.706,500000,-0.003899999999999999,0.0039000000000000007,0.0,0.00551543289325507,tap3,natural,light,20260810_140234,True
2290219,0.0195,0.0234,0.9126,2290.219,500000,0.0039000000000000007,0.0,0.0039000000000000146,0.005515432893255082,tap3,natural,light,20260810_140234,True
2292731,0.0195,0.0234,0.9126,2292.731,500000,0.0039000000000000007,0.0,0.0039000000000000146,0.005515432893255082,tap3,natural,light,20260810_140234,True
2295232,0.0156,0.0234,0.9048,2295.232,500000,0.0,0.0,-0.0038999999999999035,0.0038999999999999035,tap3,natural,light,20260810_140234,True
2297713,0.0156,0.0195,0.9087,2297.713,500000,0.0,-0.0039000000000000007,0.0,0.0039000000000000007,tap3,natural,light,20260810_140234,True
2300229,0.0195,0.0312,0.9165,2300.229,500000,0.0039000000000000007,0.007799999999999998,0.007800000000000029,0.011700000000000018,tap3,natural,light,20260810_140234,True
2302728,0.0195,0.0312,0.9087,2302.728,500000,0.0039000000000000007,0.007799999999999998,0.0,0.00872066511224918,tap3,natural,light,20260810_140234,True
2305216,0.0195,0.0234,0.9048,2305.216,500000,0.0039000000000000007,0.0,-0.0038999999999999035,0.005515432893255003,tap3,natural,light,20260810_140234,True
2307731,0.0156,0.0195,0.9126,2307.731,500000,0.0,-0.0039000000000000007,0.0039000000000000146,0.005515432893255082,tap3,natural,light,20260810_140234,True
2310208,0.0195,0.0234,0.9048,2310.208,500000,0.0039000000000000007,0.0,-0.0038999999999999035,0.005515432893255003,tap3,natural,light,20260810_140234,True
2312734,0.0195,0.0351,0.9204,2312.734,500000,0.0039000000000000007,0.011699999999999999,0.011700000000000044,0.016999705879808657,tap3,natural,light,20260810_140234,True
2315227,0.0156,0.0234,0.8853,2315.227,500000,0.0,0.0,-0.023399999999999976,0.023399999999999976,tap3,natural,light,20260810_140234,True
2317708,0.0156,0.0234,0.9087,2317.708,500000,0.0,0.0,0.0,0.0,tap3,natural,light,20260810_140234,True
2320205,0.0195,0.0195,0.9009,2320.205,500000,0.0039000000000000007,-0.0039000000000000007,-0.007799999999999918,0.009553009996854328,tap3,natural,light,20260810_140234,True
2322728,0.0156,0.0312,0.9126,2322.728,500000,0.0,0.007799999999999998,0.0039000000000000146,0.008720665112249185,tap3,natural,light,20260810_140234,True
2325296,0.0156,0.0312,0.897,2325.296,500000,0.0,0.007799999999999998,-0.011699999999999933,0.014061649974309502,tap3,natural,light,20260810_140234,True
2327706,0.0117,0.0312,0.9087,2327.706,500000,-0.003899999999999999,0.007799999999999998,0.0,0.008720665112249178,tap3,natural,light,20260810_140234,True
2330223,0.0156,0.0234,0.9204,2330.223,500000,0.0,0.0,0.011700000000000044,0.011700000000000044,tap3,natural,light,20260810_140234,True
2332717,0.0156,0.0273,0.9048,2332.717,500000,0.0,0.0039000000000000007,-0.0038999999999999035,0.005515432893255003,tap3,natural,light,20260810_140234,True
2335211,0.0156,0.0312,0.9087,2335.211,500000,0.0,0.007799999999999998,0.0,0.007799999999999998,tap3,natural,light,20260810_140234,True
2337729,0.0078,0.0273,0.897,2337.729,500000,-0.0078,0.0039000000000000007,-0.011699999999999933,0.014592463808418318,tap3,natural,light,20260810_140234,True
2340230,0.0234,0.0273,0.9165,2340.23,500000,0.007800000000000001,0.0039000000000000007,0.007800000000000029,0.011700000000000021,tap3,natural,light,20260810_140234,True
2342724,0.0195,0.0234,0.9048,2342.724,500000,0.0039000000000000007,0.0,-0.0038999999999999035,0.005515432893255003,tap3,natural,light,20260810_140234,True
2345218,0.0117,0.0195,0.9048,2345.218,500000,-0.003899999999999999,-0.0039000000000000007,-0.0038999999999999035,0.006754998149518566,tap3,natural,light,20260810_140234,True
2347727,0.0195,0.0273,0.9087,2347.727,500000,0.0039000000000000007,0.0039000000000000007,0.0,0.005515432893255071,tap3,natural,light,20260810_140234,True
2350214,0.0234,0.0195,0.9126,2350.214,500000,0.007800000000000001,-0.0039000000000000007,0.0039000000000000146,0.009553009996854402,tap3,natural,light,20260810_140234,True
2352732,0.0195,0.0195,0.9204,2352.732,500000,0.0039000000000000007,-0.0039000000000000007,0.011700000000000044,0.012934836682386099,tap3,natural,light,20260810_140234,True
2355231,0.0156,0.0273,0.9087,2355.231,500000,0.0,0.0039000000000000007,0.0,0.0039000000000000007,tap3,natural,light,20260810_140234,True
2357708,0.0117,0.0312,0.9126,2357.708,500000,-0.003899999999999999,0.007799999999999998,0.0039000000000000146,0.009553009996854399,tap3,natural,light,20260810_140234,True
2360233,0.0039,0.0312,0.9126,2360.233,500000,-0.011699999999999999,0.007799999999999998,0.0039000000000000146,0.014592463808418374,tap3,natural,light,20260810_140234,True
2362729,0.0078,0.0273,0.9048,2362.729,500000,-0.0078,0.0039000000000000007,-0.0038999999999999035,0.009553009996854355,tap3,natural,light,20260810_140234,True
2365218,0.0156,0.0234,0.9126,2365.218,500000,0.0,0.0,0.0039000000000000146,0.0039000000000000146,tap3,natural,light,20260810_140234,True
2367728,0.0117,0.0351,0.9087,2367.728,500000,-0.003899999999999999,0.011699999999999999,0.0,0.012332882874656677,tap3,natural,light,20260810_140234,True
2370211,0.0156,0.0273,0.9048,2370.211,500000,0.0,0.0039000000000000007,-0.0038999999999999035,0.005515432893255003,tap3,natural,light,20260810_140234,True
2372723,0.0156,0.0234,0.9204,2372.723,500000,0.0,0.0,0.011700000000000044,0.011700000000000044,tap3,natural,light,20260810_140234,True
2375230,0.0156,0.0195,0.9087,2375.23,500000,0.0,-0.0039000000000000007,0.0,0.0039000000000000007,tap3,natural,light,20260810_140234,True
2377731,0.0117,0.0234,0.9087,2377.731,500000,-0.003899999999999999,0.0,0.0,0.003899999999999999,tap3,natural,light,20260810_140234,True
2380217,0.0117,0.0273,0.9087,2380.217,500000,-0.003899999999999999,0.0039000000000000007,0.0,0.00551543289325507,tap3,natural,light,20260810_140234,True
2382705,0.0195,0.0273,0.9126,2382.705,500000,0.0039000000000000007,0.0039000000000000007,0.0039000000000000146,0.006754998149518631,tap3,natural,light,20260810_140234,True
2385213,0.0117,0.0195,0.9048,2385.213,500000,-0.003899999999999999,-0.0039000000000000007,-0.0038999999999999035,0.006754998149518566,tap3,natural,light,20260810_140234,True
2387716,0.0117,0.0234,0.9126,2387.716,500000,-0.003899999999999999,0.0,0.0039000000000000146,0.00551543289325508,tap3,natural,light,20260810_140234,True
2390205,0.0156,0.0273,0.9126,2390.205,500000,0.0,0.0039000000000000007,0.0039000000000000146,0.005515432893255082,tap3,natural,light,20260810_140234,True
2392728,0.0117,0.0195,0.9126,2392.728,500000,-0.003899999999999999,-0.0039000000000000007,0.0039000000000000146,0.00675499814951863,tap3,natural,light,20260810_140234,True
2395234,0.0156,0.0234,0.9087,2395.234,500000,0.0,0.0,0.0,0.0,tap3,natural,light,20260810_140234,True
2397721,0.0195,0.0195,0.9126,2397.721,500000,0.0039000000000000007,-0.0039000000000000007,0.0039000000000000146,0.006754998149518631,tap3,natural,light,20260810_140234,True
2400234,0.0195,0.0195,0.9126,2400.234,500000,0.0039000000000000007,-0.0039000000000000007,0.0039000000000000146,0.006754998149518631,tap3,natural,light,20260810_140234,True
2402732,0.0117,0.0312,0.9009,2402.732,500000,-0.003899999999999999,0.007799999999999998,-0.007799999999999918,0.011699999999999943,tap3,natural,light,20260810_140234,True
2405226,0.0234,0.0234,0.9087,2405.226,500000,0.007800000000000001,0.0,0.0,0.007800000000000001,tap3,natural,light,20260810_140234,True
2407730,0.0117,0.0351,0.9048,2407.73,500000,-0.003899999999999999,0.011699999999999999,-0.0038999999999999035,0.01293483668238603,tap3,natural,light,20260810_140234,True
2410225,0.0117,0.0234,0.9048,2410.225,500000,-0.003899999999999999,0.0,-0.0038999999999999035,0.005515432893255002,tap3,natural,light,20260810_140234,True
2412712,0.0117,0.0195,0.9048,2412.712,500000,-0.003899999999999999,-0.0039000000000000007,-0.0038999999999999035,0.006754998149518566,tap3,natural,light,20260810_140234,True
2415232,-0.0156,-0.5733,0.8268,2415.232,500000,-0.0312,-0.5967,-0.08189999999999997,0.6031019316831939,tap3,natural,light,20260810_140234,True
2417733,0.0156,-6.864,-6.7548,2417.733,500000,0.0,-6.8873999999999995,-7.6635,10.303664930984509,tap3,natural,light,20260810_140234,True
2420206,-5.4366,5.2572,11.161799,2420.206,500000,-5.4522,5.2338000000000005,10.253099,12.737550250491694,tap3,natural,light,20260810_140234,True
2422734,-2.0085,5.0973,-2.1021,2422.734,500000,-2.0241000000000002,5.0739,-3.0108,6.237496185169174,tap3,natural,light,20260810_140234,True
2425221,0.2145,1.1115,0.3939,2425.221,500000,0.1989,1.0880999999999998,-0.5147999999999999,1.220058137959007,tap3,natural,light,20260810_140234,True
2427705,-0.312,-1.3026,1.3299,2427.705,500000,-0.3276,-1.326,0.42120000000000013,1.4293380285992534,tap3,natural,light,20260810_140234,True
2430222,0.1404,-0.3549,1.2051,2430.222,500000,0.1248,-0.37829999999999997,0.2964000000000001,0.49652682706979695,tap3,natural,light,20260810_140234,True
2432710,0.1131,0.1404,0.9828,2432.71,500000,0.0975,0.11699999999999999,0.07410000000000005,0.16936959585474604,tap3,natural,light,20260810_140234,True
2435214,-0.1248,0.1794,0.741,2435.214,500000,-0.1404,0.156,-0.16769999999999996,0.26864744554899456,tap3,natural,light,20260810_140234,True
2437718,0.195,0.4563,0.8385,2437.718,500000,0.1794,0.4329,-0.07019999999999993,0.473829937846903,tap3,natural,light,20260810_140234,True
2440215,0.2028,0.3978,0.8307,2440.215,500000,0.1872,0.3744,-0.07799999999999996,0.42579713479543285,tap3,natural,light,20260810_140234,True
2442722,-0.078,-0.0546,0.936,2442.722,500000,-0.0936,-0.078,0.027300000000000102,0.12486092262994057,tap3,natural,light,20260810_140234,True
2445224,-0.0741,-0.2106,1.0062,2445.224,500000,-0.0897,-0.234,0.09750000000000003,0.2689021011446359,tap3,natural,light,20260810_140234,True
2447731,-0.0039,0.0195,0.9477,2447.731,500000,-0.0195,-0.0039000000000000007,0.039000000000000035,0.04377739142525514,tap3,natural,light,20260810_140234,True
2450230,0.1053,0.1911,0.936,2450.23,500000,0.0897,0.1677,0.027300000000000102,0.19213190781335618,tap3,natural,light,20260810_140234,True
2452726,0.0546,0.1989,0.8658,2452.726,500000,0.03900000000000001,0.1755,-0.04289999999999994,0.18482873153273544,tap3,natural,light,20260810_140234,True
2455220,-0.0468,0.0624,0.8931,2455.22,500000,-0.0624,0.03899999999999999,-0.015599999999999947,0.07522047593574503,tap3,natural,light,20260810_140234,True
2457727,-0.0468,-0.0195,0.9399,2457.727,500000,-0.0624,-0.0429,0.031200000000000006,0.0819,tap3,natural,light,20260810_140234,True
2460206,0.0663,0.0351,0.9438,2460.206,500000,0.050699999999999995,0.011699999999999999,0.03510000000000002,0.06276456006378123,tap3,natural,light,20260810_140234,True
2462731,0.0039,0.1092,0.8775,2462.731,500000,-0.011699999999999999,0.0858,-0.031200000000000006,0.09204330502540639,tap3,natural,light,20260810_140234,True
2465232,-0.0078,0.1053,0.8775,2465.232,500000,-0.023399999999999997,0.0819,-0.031200000000000006,0.09071168612698147,tap3,natural,light,20260810_140234,True
2467718,0.0156,0.0546,0.936,2467.718,500000,0.0,0.031200000000000002,0.027300000000000102,0.0414575686696652,tap3,natural,light,20260810_140234,True
2470233,0.0,0.0663,0.9243,2470.233,500000,-0.0156,0.042899999999999994,0.015600000000000058,0.04824033581972664,tap3,natural,light,20260810_140234,True
2472733,-0.0078,0.0702,0.9204,2472.733,500000,-0.023399999999999997,0.046799999999999994,0.011700000000000044,0.05361613563098333,tap3,natural,light,20260810_140234,True
2475215,-0.0039,0.0468,0.9399,2475.215,500000,-0.0195,0.0234,0.031200000000000006,0.0436033255612459,tap3,natural,light,20260810_140234,True
2477721,-0.0468,0.078,0.9906,2477.721,500000,-0.0624,0.054599999999999996,0.08190000000000008,0.11654411182037475,tap3,natural,light,20260810_140234,True
2480230,-0.0156,0.1248,1.0569,2480.23,500000,-0.0312,0.10139999999999999,0.1482,0.18225981455054757,tap3,natural,light,20260810_140234,True
2482725,-0.0351,0.1989,0.9321,2482.725,500000,-0.050699999999999995,0.1755,0.023400000000000087,0.18416921566863448,tap3,natural,light,20260810_140234,True
2485231,-0.0312,0.1092,0.9399,2485.231,500000,-0.046799999999999994,0.0858,0.031200000000000006,0.10259298221613405,tap3,natural,light,20260810_140234,True
2487732,0.0039,0.039,0.9477,2487.732,500000,-0.011699999999999999,0.0156,0.039000000000000035,0.04360332556124593,tap3,natural,light,20260810_140234,True
2490212,0.0,0.0468,0.9399,2490.212,500000,-0.0156,0.0234,0.031200000000000006,0.042004285495649135,tap3,natural,light,20260810_140234,True
2492733,0.0039,0.0156,0.9555,2492.733,500000,-0.011699999999999999,-0.007800000000000001,0.046800000000000064,0.04886685993595257,tap3,natural,light,20260810_140234,True
2495205,0.0117,0.078,0.9321,2495.205,500000,-0.003899999999999999,0.054599999999999996,0.023400000000000087,0.05953091633764765,tap3,natural,light,20260810_140234,True
2497717,-0.0039,0.0546,0.9282,2497.717,500000,-0.0195,0.031200000000000002,0.019500000000000073,0.04164060518292215,tap3,natural,light,20260810_140234,True
2500219,0.0429,-0.0741,0.9126,2500.219,500000,0.0273,-0.0975,0.0039000000000000146,0.10132497224277932,tap3,natural,light,20260810_140234,True
2502710,0.0819,-0.1716,0.7761,2502.71,500000,0.0663,-0.195,-0.13259999999999994,0.24495601646009837,tap3,natural,light,20260810_140234,True
2505210,0.3471,-0.1482,0.7566,2505.21,500000,0.3315,-0.1716,-0.1520999999999999,0.4030796695443718,tap3,natural,light,20260810_140234,True
2507728,0.3471,-0.1482,0.7566,2507.728,500000,0.3315,-0.1716,-0.1520999999999999,0.4030796695443718,tap3,natural,light,20260810_140234,True
2510230,0.2106,-0.1716,0.858,2510.23,500000,0.195,-0.195,-0.05069999999999997,0.2803934557010916,tap3,natural,light,20260810_140234,True
2512728,-0.3822,0.1209,0.9282,2512.728,500000,-0.3978,0.09749999999999999,0.019500000000000073,0.41003821773098176,tap3,natural,light,20260810_140234,True
2515228,0.0702,0.0429,0.9048,2515.228,500000,0.054599999999999996,0.0195,-0.0038999999999999035,0.058108691260430216,tap3,natural,light,20260810_140234,True
2517722,0.0702,0.0429,0.9048,2517.722,500000,0.054599999999999996,0.0195,-0.0038999999999999035,0.058108691260430216,tap3,natural,light,20260810_140234,True
2520220,0.0273,0.0663,0.9165,2520.22,500000,0.011700000000000002,0.042899999999999994,0.007800000000000029,0.045145763920881876,tap3,natural,light,20260810_140234,True
2522722,0.0195,-0.0195,0.9126,2522.722,500000,0.0039000000000000007,-0.0429,0.0039000000000000146,0.04325309237499673,tap3,natural,light,20260810_140234,True
2525208,0.0156,0.0468,0.9438,2525.208,500000,0.0,0.0234,0.03510000000000002,0.04218494992292869,tap3,natural,light,20260810_140234,True
2527730,0.0156,0.0741,0.9282,2527.73,500000,0.0,0.050699999999999995,0.019500000000000073,0.05432071428101809,tap3,natural,light,20260810_140234,True
2530214,0.0585,0.0897,0.9243,2530.214,500000,0.04290000000000001,0.0663,0.015600000000000058,0.08049509301814615,tap3,natural,light,20260810_140234,True
2532706,0.0156,0.0,0.9165,2532.706,500000,0.0,-0.0234,0.007800000000000029,0.024665765749313368,tap3,natural,light,20260810_140234,True
2535206,0.0195,0.0156,0.9243,2535.206,500000,0.0039000000000000007,-0.007800000000000001,0.015600000000000058,0.017872045210327828,tap3,natural,light,20260810_140234,True
2537718,0.0195,0.0156,0.9243,2537.718,500000,0.0039000000000000007,-0.007800000000000001,0.015600000000000058,0.017872045210327828,tap3,natural,light,20260810_140234,True
2540218,-0.0078,0.0663,0.9282,2540.218,500000,-0.023399999999999997,0.042899999999999994,0.019500000000000073,0.05261387649660498,tap3,natural,light,20260810_140234,True
2542729,0.0507,0.0351,0.9204,2542.729,500000,0.035100000000000006,0.011699999999999999,0.011700000000000044,0.038804510047158194,tap3,natural,light,20260810_140234,True
2545234,0.0195,0.0234,0.9282,2545.234,500000,0.0039000000000000007,0.0,0.019500000000000073,0.01988617610301193,tap3,natural,light,20260810_140234,True
2547729,0.0234,-0.039,0.9087,2547.729,500000,0.007800000000000001,-0.0624,0.0,0.06288561043672869,tap3,natural,light,20260810_140234,True
2550216,0.039,-0.0195,0.9204,2550.216,500000,0.0234,-0.0429,0.011700000000000044,0.050247985034228004,tap3,natural,light,20260810_140234,True
2552714,0.0195,0.0,0.9087,2552.714,500000,0.0039000000000000007,-0.0234,0.0,0.023722773868163058,tap3,natural,light,20260810_140234,True
2555213,0.0,0.0624,0.9438,2555.213,500000,-0.0156,0.03899999999999999,0.03510000000000002,0.05473910850571099,tap3,natural,light,20260810_140234,True
2557723,0.0,0.0936,0.9477,2557.723,500000,-0.0156,0.0702,0.039000000000000035,0.08180709015727183,tap3,natural,light,20260810_140234,True
2560209,0.0,0.0585,0.936,2560.209,500000,-0.0156,0.035100000000000006,0.027300000000000102,0.047123879297018896,tap3,natural,light,20260810_140234,True
2562734,0.0195,0.0078,0.9126,2562.734,500000,0.0039000000000000007,-0.015600000000000001,0.0039000000000000146,0.016546298679765214,tap3,natural,light,20260810_140234,True
2565229,0.0858,0.0156,0.936,2565.229,500000,0.0702,-0.007800000000000001,0.027300000000000102,0.07572430257189568,tap3,natural,light,20260810_140234,True
2567734,0.039,-0.0117,0.8892,2567.734,500000,0.0234,-0.0351,-0.019499999999999962,0.04647386362247063,tap3,natural,light,20260810_140234,True
2570223,0.0234,0.0468,0.9126,2570.223,500000,0.007800000000000001,0.0234,0.0039000000000000146,0.024972184525988112,tap3,natural,light,20260810_140234,True
2572725,0.0,0.0234,0.9204,2572.725,500000,-0.0156,0.0,0.011700000000000044,0.019500000000000028,tap3,natural,light,20260810_140234,True
2575224,0.0039,0.0468,0.9282,2575.224,500000,-0.011699999999999999,0.0234,0.019500000000000073,0.03262974103482899,tap3,natural,light,20260810_140234,True
2577727,0.0039,0.0273,0.9282,2577.727,500000,-0.011699999999999999,0.0039000000000000007,0.019500000000000073,0.023072711154088564,tap3,natural,light,20260810_140234,True
2580209,0.0078,0.039,0.9282,2580.209,500000,-0.0078,0.0156,0.019500000000000073,0.026161995336747592,tap3,natural,light,20260810_140234,True
2582732,0.0078,0.0312,0.9126,2582.732,500000,-0.0078,0.007799999999999998,0.0039000000000000146,0.011700000000000004,tap3,natural,light,20260810_140234,True
2585233,0.0117,0.0273,0.9165,2585.233,500000,-0.003899999999999999,0.0039000000000000007,0.007800000000000029,0.009553009996854418,tap3,natural,light,20260810_140234,True
2587720,0.0195,0.0039,0.9087,2587.72,500000,0.0039000000000000007,-0.0195,0.0,0.01988617610301186,tap3,natural,light,20260810_140234,True
2590207,0.0195,0.0117,0.9048,2590.207,500000,0.0039000000000000007,-0.0117,-0.0038999999999999035,0.012934836682386031,tap3,natural,light,20260810_140234,True
2592729,0.0078,0.0195,0.9204,2592.729,500000,-0.0078,-0.0039000000000000007,0.011700000000000044,0.014592463808418407,tap3,natural,light,20260810_140234,True
2595234,0.0078,0.039,0.9165,2595.234,500000,-0.0078,0.0156,0.007800000000000029,0.0191060199937088,tap3,natural,light,20260810_140234,True
2597722,0.0078,0.0429,0.9165,2597.722,500000,-0.0078,0.0195,0.007800000000000029,0.022403794321498322,tap3,natural,light,20260810_140234,True
2600228,0.0078,0.0429,0.9126,2600.228,500000,-0.0078,0.0195,0.0039000000000000146,0.02136117974270148,tap3,natural,light,20260810_140234,True
2602722,0.0039,0.039,0.9282,2602.722,500000,-0.011699999999999999,0.0156,0.019500000000000073,0.0275771644662754,tap3,natural,light,20260810_140234,True
2605221,0.0156,0.0273,0.9243,2605.221,500000,0.0,0.0039000000000000007,0.015600000000000058,0.016080111939908933,tap3,natural,light,20260810_140234,True
2607727,0.0195,0.0156,0.9165,2607.727,500000,0.0039000000000000007,-0.007800000000000001,0.007800000000000029,0.011700000000000021,tap3,natural,light,20260810_140234,True
2610216,0.0078,0.0273,0.9165,2610.216,500000,-0.0078,0.0039000000000000007,0.007800000000000029,0.01170000000000002,tap3,natural,light,20260810_140234,True
2612731,0.0195,0.0273,0.9282,2612.731,500000,0.0039000000000000007,0.0039000000000000007,0.019500000000000073,0.020264994448555933,tap3,natural,light,20260810_140234,True
2615230,0.0195,0.0273,0.9087,2615.23,500000,0.0039000000000000007,0.0039000000000000007,0.0,0.005515432893255071,tap3,natural,light,20260810_140234,True
2617721,0.0117,0.0351,0.9243,2617.721,500000,-0.003899999999999999,0.011699999999999999,0.015600000000000058,0.019886176103011906,tap3,natural,light,20260810_140234,True
2620207,0.0117,0.0351,0.9243,2620.207,500000,-0.003899999999999999,0.011699999999999999,0.015600000000000058,0.019886176103011906,tap3,natural,light,20260810_140234,True
2622705,0.0117,0.0351,0.9126,2622.705,500000,-0.003899999999999999,0.011699999999999999,0.0039000000000000146,0.012934836682386062,tap3,natural,light,20260810_140234,True
2625231,0.0117,0.0273,0.9204,2625.231,500000,-0.003899999999999999,0.0039000000000000007,0.011700000000000044,0.012934836682386099,tap3,natural,light,20260810_140234,True
2627723,0.0117,0.0351,0.9126,2627.723,500000,-0.003899999999999999,0.011699999999999999,0.0039000000000000146,0.012934836682386062,tap3,natural,light,20260810_140234,True
2630206,0.0156,0.0234,0.9087,2630.206,500000,0.0,0.0,0.0,0.0,tap3,natural,light,20260810_140234,True
2632727,0.0234,0.0195,0.9048,2632.727,500000,0.007800000000000001,-0.0039000000000000007,-0.0038999999999999035,0.009553009996854357,tap3,natural,light,20260810_140234,True
2635222,0.0156,0.0273,0.9243,2635.222,500000,0.0,0.0039000000000000007,0.015600000000000058,0.016080111939908933,tap3,natural,light,20260810_140234,True
2637728,0.0117,0.0312,0.9165,2637.728,500000,-0.003899999999999999,0.007799999999999998,0.007800000000000029,0.011700000000000018,tap3,natural,light,20260810_140234,True
2640228,0.0078,0.0351,0.9204,2640.228,500000,-0.0078,0.011699999999999999,0.011700000000000044,0.0182926214633114,tap3,natural,light,20260810_140234,True
2642733,0.0156,0.0351,0.9165,2642.733,500000,0.0,0.011699999999999999,0.007800000000000029,0.014061649974309573,tap3,natural,light,20260810_140234,True
2645209,0.0078,0.0312,0.9165,2645.209,500000,-0.0078,0.007799999999999998,0.007800000000000029,0.013509996299037258,tap3,natural,light,20260810_140234,True
2647720,0.0117,0.0312,0.9165,2647.72,500000,-0.003899999999999999,0.007799999999999998,0.007800000000000029,0.011700000000000018,tap3,natural,light,20260810_140234,True
2650208,0.0234,0.0273,0.9204,2650.208,500000,0.007800000000000001,0.0039000000000000007,0.011700000000000044,0.014592463808418409,tap3,natural,light,20260810_140234,True
2652730,0.0156,0.0195,0.9243,2652.73,500000,0.0,-0.0039000000000000007,0.015600000000000058,0.016080111939908933,tap3,natural,light,20260810_140234,True
2655230,0.0156,0.0312,0.9204,2655.23,500000,0.0,0.007799999999999998,0.011700000000000044,0.014061649974309594,tap3,natural,light,20260810_140234,True
2657714,0.0117,0.0312,0.9087,2657.714,500000,-0.003899999999999999,0.007799999999999998,0.0,0.008720665112249178,tap3,natural,light,20260810_140234,True
2660221,0.0039,0.039,0.9243,2660.221,500000,-0.011699999999999999,0.0156,0.015600000000000058,0.024972184525988147,tap3,natural,light,20260810_140234,True
2662721,0.0156,0.0273,0.9204,2662.721,500000,0.0,0.0039000000000000007,0.011700000000000044,0.012332882874656722,tap3,natural,light,20260810_140234,True
2665221,0.0117,0.0312,0.9126,2665.221,500000,-0.003899999999999999,0.007799999999999998,0.0039000000000000146,0.009553009996854399,tap3,natural,light,20260810_140234,True
2667711,0.0156,0.0312,0.9165,2667.711,500000,0.0,0.007799999999999998,0.007800000000000029,0.01103086578651016,tap3,natural,light,20260810_140234,True
2670212,0.0156,0.0351,0.9204,2670.212,500000,0.0,0.011699999999999999,0.011700000000000044,0.01654629867976524,tap3,natural,light,20260810_140234,True
2672721,0.0156,0.0312,0.9126,2672.721,500000,0.0,0.007799999999999998,0.0039000000000000146,0.008720665112249185,tap3,natural,light,20260810_140234,True
2675227,0.0156,0.0234,0.9204,2675.227,500000,0.0,0.0,0.011700000000000044,0.011700000000000044,tap3,natural,light,20260810_140234,True
2677706,0.0156,0.0273,0.9165,2677.706,500000,0.0,0.0039000000000000007,0.007800000000000029,0.008720665112249207,tap3,natural,light,20260810_140234,True
2680223,0.0117,0.0351,0.9048,2680.223,500000,-0.003899999999999999,0.011699999999999999,-0.0038999999999999035,0.01293483668238603,tap3,natural,light,20260810_140234,True
2682723,0.0195,0.0312,0.9087,2682.723,500000,0.0039000000000000007,0.007799999999999998,0.0,0.00872066511224918,tap3,natural,light,20260810_140234,True
2685225,0.0234,0.0234,0.9087,2685.225,500000,0.007800000000000001,0.0,0.0,0.007800000000000001,tap3,natural,light,20260810_140234,True
2687710,0.0156,0.0234,0.9087,2687.71,500000,0.0,0.0,0.0,0.0,tap3,natural,light,20260810_140234,True
2690223,0.0195,0.0312,0.9243,2690.223,500000,0.0039000000000000007,0.007799999999999998,0.015600000000000058,0.017872045210327828,tap3,natural,light,20260810_140234,True
2692722,0.0078,0.0312,0.9087,2692.722,500000,-0.0078,0.007799999999999998,0.0,0.011030865786510139,tap3,natural,light,20260810_140234,True
2695227,0.0117,0.0273,0.9087,2695.227,500000,-0.003899999999999999,0.0039000000000000007,0.0,0.00551543289325507,tap3,natural,light,20260810_140234,True
2697710,0.0195,0.0234,0.9126,2697.71,500000,0.0039000000000000007,0.0,0.0039000000000000146,0.005515432893255082,tap3,natural,light,20260810_140234,True
2700227,0.0117,0.039,0.9165,2700.227,500000,-0.003899999999999999,0.0156,0.007800000000000029,0.01787204521032779,tap3,natural,light,20260810_140234,True
2702720,0.0156,0.0234,0.9087,2702.72,500000,0.0,0.0,0.0,0.0,tap3,natural,light,20260810_140234,True
2705214,0.0234,0.0273,0.9087,2705.214,500000,0.007800000000000001,0.0039000000000000007,0.0,0.008720665112249181,tap3,natural,light,20260810_140234,True
2707723,0.0156,0.0234,0.9165,2707.723,500000,0.0,0.0,0.007800000000000029,0.007800000000000029,tap3,natural,light,20260810_140234,True
2710207,0.0078,0.0273,0.9087,2710.207,500000,-0.0078,0.0039000000000000007,0.0,0.00872066511224918,tap3,natural,light,20260810_140234,True
2712728,2.1918,-4.4187,-11.1774,2712.728,500000,2.1762,-4.4421,-12.0861,13.059169654308041,tap3,natural,light,20260810_140234,True
2715220,-7.2345,0.1014,9.773399,2715.22,500000,-7.2501,0.078,8.864699,11.452201638575922,tap3,natural,light,20260810_140234,True
2717724,1.9929,1.3884,-3.2097,2717.724,500000,1.9772999999999998,1.365,-4.1184,4.768035114174391,tap3,natural,light,20260810_140234,True
2720700,1.1076,0.5382,-1.2051,2720.7,500000,1.0919999999999999,0.5148,-2.1138,2.434262409848207,tap3,natural,light,20260810_140234,True
2722707,1.1076,0.5382,-1.2051,2722.707,500000,1.0919999999999999,0.5148,-2.1138,2.434262409848207,tap3,natural,light,20260810_140234,True
2725209,-1.0725,0.585,2.613,2725.209,500000,-1.0881,0.5616,1.7043,2.09856967003719,tap3,natural,light,20260810_140234,True
2727714,-0.4056,-0.2691,1.0335,2727.714,500000,-0.4212,-0.2925,0.12480000000000013,0.5277695804041761,tap3,natural,light,20260810_140234,True
2730219,0.1053,0.2184,0.9984,2730.219,500000,0.0897,0.195,0.0897,0.23263099535530513,tap3,natural,light,20260810_140234,True
2732734,-0.1521,0.1521,0.8541,2732.734,500000,-0.16770000000000002,0.1287,-0.05459999999999998,0.21833034603554313,tap3,natural,light,20260810_140234,True
2735207,0.0936,0.039,1.0452,2735.207,500000,0.078,0.0156,0.13649999999999995,0.1579861069841269,tap3,natural,light,20260810_140234,True
2737734,0.1248,0.3237,0.8775,2737.734,500000,0.10919999999999999,0.3003,-0.031200000000000006,0.3210578919758865,tap3,natural,light,20260810_140234,True
2740209,0.0429,0.1521,0.9282,2740.209,500000,0.0273,0.1287,0.019500000000000073,0.1330008646588435,tap3,natural,light,20260810_140234,True
2742710,-0.0429,-0.1248,0.9945,2742.71,500000,-0.058499999999999996,-0.1482,0.0858000000000001,0.18096168102667484,tap3,natural,light,20260810_140234,True
2745219,-0.0507,-0.0975,1.092,2745.219,500000,-0.0663,-0.12090000000000001,0.18330000000000013,0.22937172885950885,tap3,natural,light,20260810_140234,True
2747705,0.1014,0.1092,1.0452,2747.705,500000,0.0858,0.0858,0.13649999999999995,0.18263496379390226,tap3,natural,light,20260810_140234,True
2750208,0.0312,0.1521,0.9984,2750.208,500000,0.0156,0.1287,0.0897,0.15764878686498035,tap3,natural,light,20260810_140234,True
2752724,-0.0039,0.0624,1.0101,2752.724,500000,-0.0195,0.03899999999999999,0.10140000000000005,0.11037757924506231,tap3,natural,light,20260810_140234,True
2755219,-0.0429,0.0117,1.0803,2755.219,500000,-0.058499999999999996,-0.0117,0.17160000000000009,0.1816747093020931,tap3,natural,light,20260810_140234,True
2757734,0.0195,-0.0351,1.0842,2757.734,500000,0.0039000000000000007,-0.058499999999999996,0.1755000000000001,0.18503434816271283,tap3,natural,light,20260810_140234,True
2760215,0.0195,0.0195,1.0257,2760.215,500000,0.0039000000000000007,-0.0039000000000000007,0.1170000000000001,0.11712992785791351,tap3,natural,light,20260810_140234,True
2762733,0.0039,0.1131,1.0296,2762.733,500000,-0.011699999999999999,0.0897,0.12090000000000012,0.15099599332432642,tap3,natural,light,20260810_140234,True
2765218,-0.0117,0.1131,1.0374,2765.218,500000,-0.027299999999999998,0.0897,0.12870000000000015,0.1592327541682302,tap3,natural,light,20260810_140234,True
2767727,-0.1794,0.1521,1.2909,2767.727,500000,-0.195,0.1287,0.3822,0.447957062674538,tap3,natural,light,20260810_140234,True
2770234,-0.039,0.1131,1.0881,2770.234,500000,-0.054599999999999996,0.0897,0.17940000000000011,0.2078740243512884,tap3,natural,light,20260810_140234,True
2772726,0.0117,0.117,1.053,2772.726,500000,-0.003899999999999999,0.0936,0.14429999999999998,0.17204261100087964,tap3,natural,light,20260810_140234,True
2775224,0.0468,0.0546,1.0842,2775.224,500000,0.031200000000000002,0.031200000000000002,0.1755000000000001,0.1809616810266749,tap3,natural,light,20260810_140234,True
2777722,0.0117,0.0039,1.0608,2777.722,500000,-0.003899999999999999,-0.0195,0.1521,0.15339449142651768,tap3,natural,light,20260810_140234,True
2780213,-0.0195,-0.0078,1.1271,2780.213,500000,-0.0351,-0.0312,0.21840000000000004,0.22339205446926713,tap3,natural,light,20260810_140234,True
2782722,-0.0351,0.0078,1.0881,2782.722,500000,-0.050699999999999995,-0.015600000000000001,0.17940000000000011,0.18707808530129882,tap3,natural,light,20260810_140234,True
2785223,0.0039,0.0546,1.0725,2785.223,500000,-0.011699999999999999,0.031200000000000002,0.16380000000000006,0.16715492813554741,tap3,natural,light,20260810_140234,True
2787729,-0.0039,0.0507,1.0959,2787.729,500000,-0.0195,0.0273,0.18720000000000014,0.19018249130769124,tap3,natural,light,20260810_140234,True
2790210,0.0039,0.0117,1.0491,2790.21,500000,-0.011699999999999999,-0.0117,0.14039999999999997,0.14137163789105647,tap3,natural,light,20260810_140234,True
2792734,-0.0039,-0.1872,1.0101,2792.734,500000,-0.0195,-0.2106,0.10140000000000005,0.2345518492785764,tap3,natural,light,20260810_140234,True
2795210,0.1599,-0.0702,0.9672,2795.21,500000,0.14429999999999998,-0.0936,0.058499999999999996,0.181674709302093,tap3,natural,light,20260810_140234,True
2797710,0.1872,0.0351,1.0608,2797.71,500000,0.1716,0.011699999999999999,0.1521,0.2296037020607464,tap3,natural,light,20260810_140234,True
2800228,0.0936,0.1599,1.0452,2800.228,500000,0.078,0.13649999999999998,0.13649999999999995,0.20820302591461054,tap3,natural,light,20260810_140234,True
2802710,0.0546,0.0663,1.1232,2802.71,500000,0.03900000000000001,0.042899999999999994,0.21450000000000002,0.22219734471860822,tap3,natural,light,20260810_140234,True
2805209,-0.039,0.0858,1.1076,2805.209,500000,-0.054599999999999996,0.0624,0.19889999999999997,0.21549044062324432,tap3,natural,light,20260810_140234,True
2807720,0.0312,0.0702,1.1037,2807.72,500000,0.0156,0.046799999999999994,0.19499999999999995,0.20114323254835093,tap3,natural,light,20260810_140234,True
2810231,0.0156,0.0117,1.1076,2810.231,500000,0.0,-0.0117,0.19889999999999997,0.19924382048133885,tap3,natural,light,20260810_140234,True
2812727,0.0156,0.0234,1.1037,2812.727,500000,0.0,0.0,0.19499999999999995,0.19499999999999995,tap3,natural,light,20260810_140234,True
2815229,0.0429,0.0936,1.1154,2815.229,500000,0.0273,0.0702,0.2067,0.21999595450825907,tap3,natural,light,20260810_140234,True
2817714,0.0195,0.0351,1.0647,2817.714,500000,0.0039000000000000007,0.011699999999999999,0.15600000000000003,0.1564867406523633,tap3,natural,light,20260810_140234,True
2820226,0.0078,0.0117,1.0881,2820.226,500000,-0.0078,-0.0117,0.17940000000000011,0.17995024312292562,tap3,natural,light,20260810_140234,True
2823085,-0.0936,0.0351,1.0452,2823.085,500000,-0.1092,0.011699999999999999,0.13649999999999995,0.17519640407268636,tap3,natural,light,20260810_140234,True
2825209,0.0351,0.0039,1.0725,2825.209,500000,0.0195,-0.0195,0.16380000000000006,0.16610520762456552,tap3,natural,light,20260810_140234,True
2827718,0.039,0.0546,1.1115,2827.718,500000,0.0234,0.031200000000000002,0.20279999999999998,0.20651595580003013,tap3,natural,light,20260810_140234,True
2830227,0.039,0.0546,1.1115,2830.227,500000,0.0234,0.031200000000000002,0.20279999999999998,0.20651595580003013,tap3,natural,light,20260810_140234,True
2832727,-0.0039,0.0039,1.053,2832.727,500000,-0.0195,-0.0195,0.14429999999999998,0.14691150397433142,tap3,natural,light,20260810_140234,True
2835220,0.0624,0.039,1.0725,2835.22,500000,0.046799999999999994,0.0156,0.16380000000000006,0.17106735515579827,tap3,natural,light,20260810_140234,True
2837733,0.0312,0.0078,1.0413,2837.733,500000,0.0156,-0.015600000000000001,0.13259999999999994,0.1344227659289898,tap3,natural,light,20260810_140234,True
2840209,0.0078,0.0507,1.0569,2840.209,500000,-0.0078,0.0273,0.1482,0.1508952285527942,tap3,natural,light,20260810_140234,True
2842721,0.0156,0.0429,1.053,2842.721,500000,0.0,0.0195,0.14429999999999998,0.14561160668023684,tap3,natural,light,20260810_140234,True
2845207,0.0156,0.0663,1.0569,2845.207,500000,0.0,0.042899999999999994,0.1482,0.15428431546984936,tap3,natural,light,20260810_140234,True
2847727,0.0312,0.0234,1.0335,2847.727,500000,0.0156,0.0,0.12480000000000013,0.12577122087345752,tap3,natural,light,20260810_140234,True
2850211,-0.0624,0.0234,1.0491,2850.211,500000,-0.078,0.0,0.14039999999999997,0.16061183019939718,tap3,natural,light,20260810_140234,True
2852705,0.0351,0.0039,1.0296,2852.705,500000,0.0195,-0.0195,0.12090000000000012,0.12400528214556035,tap3,natural,light,20260810_140234,True
2855235,0.0156,0.0156,1.0257,2855.235,500000,0.0,-0.007800000000000001,0.1170000000000001,0.11725971175130878,tap3,natural,light,20260810_140234,True
2857723,0.0273,0.0117,1.0257,2857.723,500000,0.011700000000000002,-0.0117,0.1170000000000001,0.1181642077788364,tap3,natural,light,20260810_140234,True
2860228,0.0156,0.0351,1.0335,2860.228,500000,0.0,0.011699999999999999,0.12480000000000013,0.12534723770390807,tap3,natural,light,20260810_140234,True
2862721,0.0039,0.039,1.0374,2862.721,500000,-0.011699999999999999,0.0156,0.12870000000000015,0.1301688902925735,tap3,natural,light,20260810_140234,True
2865222,0.0117,0.0507,1.0335,2865.222,500000,-0.003899999999999999,0.0273,0.12480000000000013,0.12781056294375687,tap3,natural,light,20260810_140234,True
2867723,0.0078,0.0273,1.0101,2867.723,500000,-0.0078,0.0039000000000000007,0.10140000000000005,0.10177430913545918,tap3,natural,light,20260810_140234,True
2870212,0.0117,0.0195,1.014,2870.212,500000,-0.003899999999999999,-0.0039000000000000007,0.10530000000000006,0.1054443455098471,tap3,natural,light,20260810_140234,True
2872733,0.0156,0.0156,0.9984,2872.733,500000,0.0,-0.007800000000000001,0.0897,0.09003849176879852,tap3,natural,light,20260810_140234,True
2875233,0.0156,0.0117,1.014,2875.233,500000,0.0,-0.0117,0.10530000000000006,0.10594800611620783,tap3,natural,light,20260810_140234,True
2877722,0.0039,0.0234,1.0062,2877.722,500000,-0.011699999999999999,0.0,0.09750000000000003,0.09819949083371057,tap3,natural,light,20260810_140234,True
2880214,0.0078,0.0351,1.014,2880.214,500000,-0.0078,0.011699999999999999,0.10530000000000006,0.1062347400806347,tap3,natural,light,20260810_140234,True
2882711,0.0078,0.0351,1.0062,2882.711,500000,-0.0078,0.011699999999999999,0.09750000000000003,0.09850878133445773,tap3,natural,light,20260810_140234,True
2885220,0.0078,0.0351,1.0023,2885.22,500000,-0.0078,0.011699999999999999,0.09360000000000002,0.09465035657619048,tap3,natural,light,20260810_140234,True
2887720,0.0117,0.0351,1.0062,2887.72,500000,-0.003899999999999999,0.011699999999999999,0.09750000000000003,0.09827690471316243,tap3,natural,light,20260810_140234,True
2890231,0.0078,0.0312,0.9945,2890.231,500000,-0.0078,0.007799999999999998,0.0858000000000001,0.08650618474999355,tap3,natural,light,20260810_140234,True
2892731,0.0117,0.0273,0.9906,2892.731,500000,-0.003899999999999999,0.0039000000000000007,0.08190000000000008,0.08208550420141192,tap3,natural,light,20260810_140234,True
2895206,0.0078,0.0234,0.9906,2895.206,500000,-0.0078,0.0,0.08190000000000008,0.08227059012794313,tap3,natural,light,20260810_140234,True
2897717,0.0039,0.0273,0.9906,2897.717,500000,-0.011699999999999999,0.0039000000000000007,0.08190000000000008,0.08282336626822176,tap3,natural,light,20260810_140234,True
2900224,0.0117,0.039,0.9789,2900.224,500000,-0.003899999999999999,0.0156,0.07020000000000004,0.07201812271921565,tap3,natural,light,20260810_140234,True
2902720,0.0117,0.0351,0.9867,2902.72,500000,-0.003899999999999999,0.011699999999999999,0.07800000000000007,0.07896898125213475,tap3,natural,light,20260810_140234,True
2905211,0.0117,0.0312,0.9906,2905.211,500000,-0.003899999999999999,0.007799999999999998,0.08190000000000008,0.0823629771195773,tap3,natural,light,20260810_140234,True
2907729,0.0156,0.0312,0.9867,2907.729,500000,0.0,0.007799999999999998,0.07800000000000007,0.07838902984474301,tap3,natural,light,20260810_140234,True
2910206,0.0195,0.0234,0.9867,2910.206,500000,0.0039000000000000007,0.0,0.07800000000000007,0.07809743913855313,tap3,natural,light,20260810_140234,True
2912725,0.0117,0.0234,0.975,2912.725,500000,-0.003899999999999999,0.0,0.06630000000000003,0.06641460682711299,tap3,natural,light,20260810_140234,True
2915224,0.0039,0.0312,0.9789,2915.224,500000,-0.011699999999999999,0.007799999999999998,0.07020000000000004,0.07159448302767474,tap3,natural,light,20260810_140234,True
2917732,0.0195,0.0234,0.9711,2917.732,500000,0.0039000000000000007,0.0,0.06240000000000001,0.06252175621333746,tap3,natural,light,20260810_140234,True
2920230,0.0156,0.0312,0.9789,2920.23,500000,0.0,0.007799999999999998,0.07020000000000004,0.07063200407747189,tap3,natural,light,20260810_140234,True
2922732,0.0078,0.0312,0.9789,2922.732,500000,-0.0078,0.007799999999999998,0.07020000000000004,0.07106138191732557,tap3,natural,light,20260810_140234,True
2925435,0.0117,0.0273,0.975,2925.435,500000,-0.003899999999999999,0.0039000000000000007,0.06630000000000003,0.06652901622600475,tap3,natural,light,20260810_140234,True
2927710,0.0156,0.0273,0.9828,2927.71,500000,0.0,0.0039000000000000007,0.07410000000000005,0.07420256060271781,tap3,natural,light,20260810_140234,True
2930227,0.0078,0.0234,0.9711,2930.227,500000,-0.0078,0.0,0.06240000000000001,0.0628856104367287,tap3,natural,light,20260810_140234,True
2932727,0.0156,0.0273,0.9633,2932.727,500000,0.0,0.0039000000000000007,0.05460000000000009,0.05473910850571107,tap3,natural,light,20260810_140234,True
2935233,0.0156,0.0273,0.9711,2935.233,500000,0.0,0.0039000000000000007,0.06240000000000001,0.06252175621333746,tap3,natural,light,20260810_140234,True
2937720,0.0156,0.0273,0.9711,2937.72,500000,0.0,0.0039000000000000007,0.06240000000000001,0.06252175621333746,tap3,natural,light,20260810_140234,True
2940221,0.0078,0.0312,0.9711,2940.221,500000,-0.0078,0.007799999999999998,0.06240000000000001,0.0633674995561605,tap3,natural,light,20260810_140234,True
2942722,0.0078,0.0273,0.9828,2942.722,500000,-0.0078,0.0039000000000000007,0.07410000000000005,0.07461139323186512,tap3,natural,light,20260810_140234,True
2945208,0.0078,0.0312,0.9672,2945.208,500000,-0.0078,0.007799999999999998,0.058499999999999996,0.059530916337647614,tap3,natural,light,20260810_140234,True
2947708,0.0117,0.0273,0.9711,2947.708,500000,-0.003899999999999999,0.0039000000000000007,0.06240000000000001,0.06264327577641515,tap3,natural,light,20260810_140234,True
2950212,0.0156,0.0273,0.9633,2950.212,500000,0.0,0.0039000000000000007,0.05460000000000009,0.05473910850571107,tap3,natural,light,20260810_140234,True
2952706,0.0156,0.0273,0.975,2952.706,500000,0.0,0.0039000000000000007,0.06630000000000003,0.06641460682711299,tap3,natural,light,20260810_140234,True
2955231,0.0078,0.0351,0.9633,2955.231,500000,-0.0078,0.011699999999999999,0.05460000000000009,0.056381645949723835,tap3,natural,light,20260810_140234,True
2957720,0.0117,0.0273,0.9828,2957.72,500000,-0.003899999999999999,0.0039000000000000007,0.07410000000000005,0.0743049796447049,tap3,natural,light,20260810_140234,True
2960206,0.0234,0.0312,0.9633,2960.206,500000,0.007800000000000001,0.007799999999999998,0.05460000000000009,0.05570314174263432,tap3,natural,light,20260810_140234,True
2962714,0.0156,0.0234,0.9672,2962.714,500000,0.0,0.0,0.058499999999999996,0.058499999999999996,tap3,natural,light,20260810_140234,True
2965210,0.0234,0.0312,0.9711,2965.21,500000,0.007800000000000001,0.007799999999999998,0.06240000000000001,0.0633674995561605,tap3,natural,light,20260810_140234,True
2967720,0.0195,0.0234,0.9633,2967.72,500000,0.0039000000000000007,0.0,0.05460000000000009,0.05473910850571107,tap3,natural,light,20260810_140234,True
2970207,0.0195,0.0234,0.9516,2970.207,500000,0.0039000000000000007,0.0,0.04290000000000005,0.04307690796703036,tap3,natural,light,20260810_140234,True
2972722,0.0117,0.0234,0.9555,2972.722,500000,-0.003899999999999999,0.0,0.046800000000000064,0.04696221885729002,tap3,natural,light,20260810_140234,True
2975221,0.0156,0.0234,0.9438,2975.221,500000,0.0,0.0,0.03510000000000002,0.03510000000000002,tap3,natural,light,20260810_140234,True
2977706,0.0156,0.0234,0.9555,2977.706,500000,0.0,0.0,0.046800000000000064,0.046800000000000064,tap3,natural,light,20260810_140234,True
2980212,0.0195,0.0312,0.9594,2980.212,500000,0.0039000000000000007,0.007799999999999998,0.05070000000000008,0.05144453323726446,tap3,natural,light,20260810_140234,True
2982706,0.0156,0.0312,0.9516,2982.706,500000,0.0,0.007799999999999998,0.04290000000000005,0.043603325561245944,tap3,natural,light,20260810_140234,True
2985209,0.0117,0.0351,0.9555,2985.209,500000,-0.003899999999999999,0.011699999999999999,0.046800000000000064,0.0483977272193644,tap3,natural,light,20260810_140234,True
2987714,0.0273,0.0195,0.9516,2987.714,500000,0.011700000000000002,-0.0039000000000000007,0.04290000000000005,0.04463754025481247,tap3,natural,light,20260810_140234,True
2990232,0.0195,0.0234,0.9399,2990.232,500000,0.0039000000000000007,0.0,0.031200000000000006,0.03144280521836435,tap3,natural,light,20260810_140234,True
2992733,0.0234,0.0312,0.9516,2992.733,500000,0.007800000000000001,0.007799999999999998,0.04290000000000005,0.04429548509724218,tap3,natural,light,20260810_140234,True
2995224,0.0156,0.0273,0.9477,2995.224,500000,0.0,0.0039000000000000007,0.039000000000000035,0.039194514922371505,tap3,natural,light,20260810_140234,True
2997722,0.0156,0.0234,0.9477,2997.722,500000,0.0,0.0,0.039000000000000035,0.039000000000000035,tap3,natural,light,20260810_140234,True
3000234,2.8821,-5.1714,-9.730499,3000.234,500000,2.8665,-5.1948,-10.639199,12.181761968270477,tap3,natural,light,20260810_140234,True
3002727,-3.8961,3.6621,11.1852,3002.727,500000,-3.9117,3.6387,10.2765,11.58222719644197,tap3,natural,light,20260810_140234,True
3005230,0.741,2.2113,-2.2581,3005.23,500000,0.7254,2.1879,-3.1668000000000003,3.916852538710131,tap3,natural,light,20260810_140234,True
3007707,0.8073,0.0429,0.0585,3007.707,500000,0.7917000000000001,0.0195,-0.8502,1.1618989542985225,tap3,natural,light,20260810_140234,True
3010225,-0.1209,0.0312,0.8931,3010.225,500000,-0.13649999999999998,0.007799999999999998,-0.015599999999999947,0.1376097743621433,tap3,natural,light,20260810_140234,True
3012720,-0.0117,-0.4446,1.17,3012.72,500000,-0.027299999999999998,-0.46799999999999997,0.2613,0.5367000838457173,tap3,natural,light,20260810_140234,True
3015216,0.0078,0.1014,1.0335,3015.216,500000,-0.0078,0.078,0.12480000000000013,0.14737666029599134,tap3,natural,light,20260810_140234,True
3017712,-0.2145,-0.0117,0.897,3017.712,500000,-0.2301,-0.0351,-0.011699999999999933,0.23305559422592714,tap3,natural,light,20260810_140234,True
3020218,0.1521,0.2886,0.9594,3020.218,500000,0.1365,0.26520000000000005,0.05070000000000008,0.3025455007102238,tap3,natural,light,20260810_140234,True
3022709,0.2184,0.507,0.8619,3022.709,500000,0.2028,0.48360000000000003,-0.04679999999999995,0.5264855553574096,tap3,natural,light,20260810_140234,True
3025223,0.0312,0.1365,0.975,3025.223,500000,0.0156,0.1131,0.06630000000000003,0.1320252248625239,tap3,natural,light,20260810_140234,True
3027842,-0.0936,-0.2184,1.0608,3027.842,500000,-0.1092,-0.24180000000000001,0.1521,0.3058206827537994,tap3,natural,light,20260810_140234,True
3030214,-0.0078,-0.0741,1.0686,3030.214,500000,-0.023399999999999997,-0.0975,0.15990000000000004,0.18873743666798065,tap3,natural,light,20260810_140234,True
3032728,0.0546,0.1092,1.0062,3032.728,500000,0.03900000000000001,0.0858,0.09750000000000003,0.13560564147556695,tap3,natural,light,20260810_140234,True
3035228,0.0546,0.2301,0.9672,3035.228,500000,0.03900000000000001,0.2067,0.058499999999999996,0.2183303460355431,tap3,natural,light,20260810_140234,True
3037722,-0.0039,0.1053,1.0101,3037.722,500000,-0.0195,0.0819,0.10140000000000005,0.1317946129399833,tap3,natural,light,20260810_140234,True
3040214,-0.0312,0.0039,1.0686,3040.214,500000,-0.046799999999999994,-0.0195,0.15990000000000004,0.16774534270733124,tap3,natural,light,20260810_140234,True
3042731,-0.0312,0.0039,1.0686,3042.731,500000,-0.046799999999999994,-0.0195,0.15990000000000004,0.16774534270733124,tap3,natural,light,20260810_140234,True
3045219,0.0078,-0.0702,1.1505,3045.219,500000,-0.0078,-0.0936,0.24180000000000013,0.259401310713728,tap3,natural,light,20260810_140234,True
3047730,0.0117,0.0429,1.0647,3047.73,500000,-0.003899999999999999,0.0195,0.15600000000000003,0.15726239219851645,tap3,natural,light,20260810_140234,True
3050214,0.0156,0.1677,1.0101,3050.214,500000,0.0,0.14429999999999998,0.10140000000000005,0.17636453725168222,tap3,natural,light,20260810_140234,True
3052732,0.0039,0.1404,1.0608,3052.732,500000,-0.011699999999999999,0.11699999999999999,0.1521,0.1922506176843133,tap3,natural,light,20260810_140234,True
3055233,-0.0975,0.1794,1.248,3055.233,500000,-0.1131,0.156,0.33930000000000005,0.3901949512743598,tap3,natural,light,20260810_140234,True
3057730,-0.0351,0.1014,1.2051,3057.73,500000,-0.050699999999999995,0.078,0.2964000000000001,0.3106564823080311,tap3,natural,light,20260810_140234,True
3060209,-0.0039,0.1209,1.0257,3060.209,500000,-0.0195,0.09749999999999999,0.1170000000000001,0.1535431535432304,tap3,natural,light,20260810_140234,True
3062728,-0.0273,0.0936,1.1076,3062.728,500000,-0.0429,0.0702,0.19889999999999997,0.2152432577341274,tap3,natural,light,20260810_140234,True
3065206,0.0195,0.0468,1.0491,3065.206,500000,0.0039000000000000007,0.0234,0.14039999999999997,0.14239006285552372,tap3,natural,light,20260810_140234,True
3067716,0.0,-0.0156,1.0647,3067.716,500000,-0.0156,-0.039,0.15600000000000003,0.16155605838222226,tap3,natural,light,20260810_140234,True
3070209,-0.0117,0.0,1.0803,3070.209,500000,-0.027299999999999998,-0.0234,0.17160000000000009,0.17532658098531445,tap3,natural,light,20260810_140234,True
3072734,0.0117,0.0312,1.0764,3072.734,500000,-0.003899999999999999,0.007799999999999998,0.16770000000000007,0.16792659110456576,tap3,natural,light,20260810_140234,True
3075232,-0.0234,0.117,1.092,3075.232,500000,-0.039,0.0936,0.18330000000000013,0.20947756443113436,tap3,natural,light,20260810_140234,True
3077705,-0.0117,0.078,1.1115,3077.705,500000,-0.027299999999999998,0.054599999999999996,0.20279999999999998,0.21178831412521323,tap3,natural,light,20260810_140234,True
3080221,-0.0312,0.039,1.0764,3080.221,500000,-0.046799999999999994,0.0156,0.16770000000000007,0.17480529168191683,tap3,natural,light,20260810_140234,True
3082714,-0.0078,-0.0624,1.0413,3082.714,500000,-0.023399999999999997,-0.0858,0.13259999999999994,0.15966201802557797,tap3,natural,light,20260810_140234,True
3085220,-0.0741,-0.2379,0.9945,3085.22,500000,-0.0897,-0.2613,0.0858000000000001,0.2892843238061821,tap3,natural,light,20260810_140234,True
3087726,-0.1443,-0.2574,1.0569,3087.726,500000,-0.15990000000000001,-0.2808,0.1482,0.35549949367052547,tap3,natural,light,20260810_140234,True
3090214,0.117,-0.0975,1.0764,3090.214,500000,0.1014,-0.12090000000000001,0.16770000000000007,0.23026519493835804,tap3,natural,light,20260810_140234,True
3092732,0.0468,0.1365,1.0179,3092.732,500000,0.031200000000000002,0.1131,0.10920000000000007,0.1602800361866693,tap3,natural,light,20260810_140234,True
3095208,0.0234,0.0936,1.131,3095.208,500000,0.007800000000000001,0.0702,0.22230000000000005,0.23325130224716864,tap3,natural,light,20260810_140234,True
3097715,-0.0117,0.1443,1.0881,3097.715,500000,-0.027299999999999998,0.12090000000000001,0.17940000000000011,0.21805150767651219,tap3,natural,light,20260810_140234,True
3100225,-0.0351,0.1638,1.1349,3100.225,500000,-0.050699999999999995,0.1404,0.22620000000000007,0.2710149257882304,tap3,natural,light,20260810_140234,True
3102715,0.0156,0.039,1.0725,3102.715,500000,0.0,0.0156,0.16380000000000006,0.16454118025588615,tap3,natural,light,20260810_140234,True
3105213,0.0507,-0.0273,1.0647,3105.213,500000,0.035100000000000006,-0.0507,0.15600000000000003,0.16774534270733124,tap3,natural,light,20260810_140234,True
3107722,0.039,-0.0156,1.0374,3107.722,500000,0.0234,-0.039,0.12870000000000015,0.13650000000000015,tap3,natural,light,20260810_140234,True
3110207,0.0468,0.0156,1.0608,3110.207,500000,0.031200000000000002,-0.007800000000000001,0.1521,0.15546282513835905,tap3,natural,light,20260810_140234,True
3112723,0.0078,0.0351,1.0725,3112.723,500000,-0.0078,0.011699999999999999,0.16380000000000006,0.16440246348519238,tap3,natural,light,20260810_140234,True
3115226,-0.0273,0.1326,1.0569,3115.226,500000,-0.0429,0.10919999999999999,0.1482,0.1890192847304211,tap3,natural,light,20260810_140234,True
3117725,0.0897,0.0351,1.0608,3117.725,500000,0.0741,0.011699999999999999,0.1521,0.16959395626023943,tap3,natural,light,20260810_140234,True
3120228,0.0273,0.0273,1.0725,3120.228,500000,0.011700000000000002,0.0039000000000000007,0.16380000000000006,0.16426362957149102,tap3,natural,light,20260810_140234,True
3122720,-0.0156,-0.0585,1.0257,3122.72,500000,-0.0312,-0.0819,0.1170000000000001,0.1461849855491323,tap3,natural,light,20260810_140234,True
3125233,0.0507,-0.0195,1.0452,3125.233,500000,0.035100000000000006,-0.0429,0.13649999999999995,0.14732504878668795,tap3,natural,light,20260810_140234,True
3127713,0.0195,0.0,1.0296,3127.713,500000,0.0039000000000000007,-0.0234,0.12090000000000012,0.12320543819166437,tap3,natural,light,20260810_140234,True
3130252,0.0,0.0936,1.0725,3130.252,500000,-0.0156,0.0702,0.16380000000000006,0.1788905810824036,tap3,natural,light,20260810_140234,True
3132716,0.0039,0.0819,1.0569,3132.716,500000,-0.011699999999999999,0.058499999999999996,0.1482,0.15975725335645952,tap3,natural,light,20260810_140234,True
3135215,0.0,0.0663,1.0413,3135.215,500000,-0.0156,0.042899999999999994,0.13259999999999994,0.14023740585164854,tap3,natural,light,20260810_140234,True
3137733,0.0195,0.0039,1.0374,3137.733,500000,0.0039000000000000007,-0.0195,0.12870000000000015,0.13022730128509935,tap3,natural,light,20260810_140234,True
3140227,0.0858,0.0078,1.0413,3140.227,500000,0.0702,-0.015600000000000001,0.13259999999999994,0.15084482092534693,tap3,natural,light,20260810_140234,True
3142706,0.0468,-0.0117,1.0218,3142.706,500000,0.031200000000000002,-0.0351,0.11310000000000009,0.12246248405123922,tap3,natural,light,20260810_140234,True
3145215,0.0117,0.0585,1.0218,3145.215,500000,-0.003899999999999999,0.035100000000000006,0.11310000000000009,0.11848556874151392,tap3,natural,light,20260810_140234,True
3147717,0.0117,0.0585,1.0218,3147.717,500000,-0.003899999999999999,0.035100000000000006,0.11310000000000009,0.11848556874151392,tap3,natural,light,20260810_140234,True
3150206,-0.0156,0.0273,1.0218,3150.206,500000,-0.0312,0.0039000000000000007,0.11310000000000009,0.1173893521576809,tap3,natural,light,20260810_140234,True
3152734,0.0117,0.0351,1.0257,3152.734,500000,-0.003899999999999999,0.011699999999999999,0.1170000000000001,0.11764820440618728,tap3,natural,light,20260810_140234,True
3155229,0.0078,0.0195,1.014,3155.229,500000,-0.0078,-0.0039000000000000007,0.10530000000000006,0.10566049403632377,tap3,natural,light,20260810_140234,True
3157710,0.0078,0.039,1.0179,3157.71,500000,-0.0078,0.0156,0.10920000000000007,0.1105840856543111,tap3,natural,light,20260810_140234,True
3160226,0.0,0.039,1.0101,3160.226,500000,-0.0156,0.0156,0.10140000000000005,0.1037722506260706,tap3,natural,light,20260810_140234,True
3162716,0.0,0.0546,1.014,3162.716,500000,-0.0156,0.031200000000000002,0.10530000000000006,0.11092740869595762,tap3,natural,light,20260810_140234,True
3165216,0.0117,0.0156,1.0101,3165.216,500000,-0.003899999999999999,-0.007800000000000001,0.10140000000000005,0.10177430913545918,tap3,natural,light,20260810_140234,True
3167705,0.0117,0.0117,1.0101,3167.705,500000,-0.003899999999999999,-0.0117,0.10140000000000005,0.10214724665892866,tap3,natural,light,20260810_140234,True
3170221,0.0117,0.0078,0.9984,3170.221,500000,-0.003899999999999999,-0.015600000000000001,0.0897,0.0911299072752738,tap3,natural,light,20260810_140234,True
3172714,0.0078,0.0312,1.0023,3172.714,500000,-0.0078,0.007799999999999998,0.09360000000000002,0.09424775859403768,tap3,natural,light,20260810_140234,True
3175213,0.0078,0.039,0.9984,3175.213,500000,-0.0078,0.0156,0.0897,0.09137992120810785,tap3,natural,light,20260810_140234,True
3177727,0.0078,0.0546,1.0062,3177.727,500000,-0.0078,0.031200000000000002,0.09750000000000003,0.10266708333248786,tap3,natural,light,20260810_140234,True
3180217,0.0078,0.0429,0.9945,3180.217,500000,-0.0078,0.0195,0.0858000000000001,0.08833306289266786,tap3,natural,light,20260810_140234,True
3182706,0.0156,0.0312,0.9945,3182.706,500000,0.0,0.007799999999999998,0.0858000000000001,0.08615381593406073,tap3,natural,light,20260810_140234,True
3185213,0.0078,0.0195,0.9945,3185.213,500000,-0.0078,-0.0039000000000000007,0.0858000000000001,0.08624204311123443,tap3,natural,light,20260810_140234,True
3187732,0.0078,0.0234,0.9867,3187.732,500000,-0.0078,0.0,0.07800000000000007,0.07838902984474301,tap3,natural,light,20260810_140234,True
3190219,0.0078,0.0273,0.9906,3190.219,500000,-0.0078,0.0039000000000000007,0.08190000000000008,0.0823629771195773,tap3,natural,light,20260810_140234,True
3192710,0.0156,0.039,0.9984,3192.71,500000,0.0,0.0156,0.0897,0.09104641673344427,tap3,natural,light,20260810_140234,True
3195223,0.0117,0.0351,0.9945,3195.223,500000,-0.003899999999999999,0.011699999999999999,0.0858000000000001,0.08668183200648229,tap3,natural,light,20260810_140234,True
3197724,0.0117,0.0429,0.9945,3197.724,500000,-0.003899999999999999,0.0195,0.0858000000000001,0.08807440036696257,tap3,natural,light,20260810_140234,True
3200210,0.0117,0.0351,0.9828,3200.21,500000,-0.003899999999999999,0.011699999999999999,0.07410000000000005,0.07511930510860712,tap3,natural,light,20260810_140234,True
3202727,0.0117,0.0312,0.9906,3202.727,500000,-0.003899999999999999,0.007799999999999998,0.08190000000000008,0.0823629771195773,tap3,natural,light,20260810_140234,True
3205227,0.0039,0.0351,0.9828,3205.227,500000,-0.011699999999999999,0.011699999999999999,0.07410000000000005,0.07592489710233402,tap3,natural,light,20260810_140234,True
3207734,0.0195,0.0234,0.9789,3207.734,500000,0.0039000000000000007,0.0,0.07020000000000004,0.07030824987154784,tap3,natural,light,20260810_140234,True
3210214,0.0195,0.0234,0.9789,3210.214,500000,0.0039000000000000007,0.0,0.07020000000000004,0.07030824987154784,tap3,natural,light,20260810_140234,True
3212706,0.0117,0.0273,0.9828,3212.706,500000,-0.003899999999999999,0.0039000000000000007,0.07410000000000005,0.0743049796447049,tap3,natural,light,20260810_140234,True
3215207,0.0078,0.0312,0.9789,3215.207,500000,-0.0078,0.007799999999999998,0.07020000000000004,0.07106138191732557,tap3,natural,light,20260810_140234,True
3217706,0.0078,0.039,0.9789,3217.706,500000,-0.0078,0.0156,0.07020000000000004,0.07233422426486653,tap3,natural,light,20260810_140234,True
3220213,0.0078,0.0429,0.9789,3220.213,500000,-0.0078,0.0195,0.07020000000000004,0.07327434748941819,tap3,natural,light,20260810_140234,True
3222733,0.0117,0.0273,0.975,3222.733,500000,-0.003899999999999999,0.0039000000000000007,0.06630000000000003,0.06652901622600475,tap3,natural,light,20260810_140234,True
3225210,0.0117,0.0273,0.975,3225.21,500000,-0.003899999999999999,0.0039000000000000007,0.06630000000000003,0.06652901622600475,tap3,natural,light,20260810_140234,True
3227715,0.0078,0.0234,0.9711,3227.715,500000,-0.0078,0.0,0.06240000000000001,0.0628856104367287,tap3,natural,light,20260810_140234,True
3230221,0.0078,0.0312,0.9711,3230.221,500000,-0.0078,0.007799999999999998,0.06240000000000001,0.0633674995561605,tap3,natural,light,20260810_140234,True
3232728,0.0117,0.0351,0.975,3232.728,500000,-0.003899999999999999,0.011699999999999999,0.06630000000000003,0.0674373042165833,tap3,natural,light,20260810_140234,True
3235207,0.0117,0.0351,0.975,3235.207,500000,-0.003899999999999999,0.011699999999999999,0.06630000000000003,0.0674373042165833,tap3,natural,light,20260810_140234,True
3237727,0.0156,0.0234,0.975,3237.727,500000,0.0,0.0,0.06630000000000003,0.06630000000000003,tap3,natural,light,20260810_140234,True
3240221,0.0117,0.0312,0.9672,3240.221,500000,-0.003899999999999999,0.007799999999999998,0.058499999999999996,0.05914642846360209,tap3,natural,light,20260810_140234,True
3242717,0.0078,0.0273,0.9711,3242.717,500000,-0.0078,0.0039000000000000007,0.06240000000000001,0.0630064282434737,tap3,natural,light,20260810_140234,True
3245231,0.0156,0.0234,0.9672,3245.231,500000,0.0,0.0,0.058499999999999996,0.058499999999999996,tap3,natural,light,20260810_140234,True
3247713,0.0078,0.0351,0.9672,3247.713,500000,-0.0078,0.011699999999999999,0.058499999999999996,0.060166269620111894,tap3,natural,light,20260810_140234,True
3250230,0.0117,0.0273,0.9711,3250.23,500000,-0.003899999999999999,0.0039000000000000007,0.06240000000000001,0.06264327577641515,tap3,natural,light,20260810_140234,True
3252730,0.0117,0.0273,0.9711,3252.73,500000,-0.003899999999999999,0.0039000000000000007,0.06240000000000001,0.06264327577641515,tap3,natural,light,20260810_140234,True
3255230,0.0078,0.0273,0.9711,3255.23,500000,-0.0078,0.0039000000000000007,0.06240000000000001,0.0630064282434737,tap3,natural,light,20260810_140234,True
3257727,0.0117,0.0312,0.9672,3257.727,500000,-0.003899999999999999,0.007799999999999998,0.058499999999999996,0.05914642846360209,tap3,natural,light,20260810_140234,True
3260233,0.0195,0.0351,0.9594,3260.233,500000,0.0039000000000000007,0.011699999999999999,0.05070000000000008,0.052178443825012716,tap3,natural,light,20260810_140234,True
3262709,0.0195,0.0351,0.9594,3262.709,500000,0.0039000000000000007,0.011699999999999999,0.05070000000000008,0.052178443825012716,tap3,natural,light,20260810_140234,True
3265233,0.0156,0.0312,0.9594,3265.233,500000,0.0,0.007799999999999998,0.05070000000000008,0.051296491108067103,tap3,natural,light,20260810_140234,True
3267720,0.0195,0.0273,0.9516,3267.72,500000,0.0039000000000000007,0.0039000000000000007,0.04290000000000005,0.04325309237499678,tap3,natural,light,20260810_140234,True
3270211,0.0195,0.0234,0.9633,3270.211,500000,0.0039000000000000007,0.0,0.05460000000000009,0.05473910850571107,tap3,natural,light,20260810_140234,True
3272707,0.0195,0.0312,0.9516,3272.707,500000,0.0039000000000000007,0.007799999999999998,0.04290000000000005,0.04377739142525516,tap3,natural,light,20260810_140234,True
3275209,0.0156,0.0312,0.9633,3275.209,500000,0.0,0.007799999999999998,0.05460000000000009,0.055154328932550796,tap3,natural,light,20260810_140234,True
3277711,0.0156,0.0312,0.9594,3277.711,500000,0.0,0.007799999999999998,0.05070000000000008,0.051296491108067103,tap3,natural,light,20260810_140234,True
3280230,0.0195,0.0351,0.9555,3280.23,500000,0.0039000000000000007,0.011699999999999999,0.046800000000000064,0.0483977272193644,tap3,natural,light,20260810_140234,True
3282722,0.0117,0.0351,0.9594,3282.722,500000,-0.003899999999999999,0.011699999999999999,0.05070000000000008,0.052178443825012716,tap3,natural,light,20260810_140234,True
3285229,0.0234,0.0234,0.9477,3285.229,500000,0.007800000000000001,0.0,0.039000000000000035,0.03977235220602375,tap3,natural,light,20260810_140234,True
3287711,0.0156,0.0312,0.9594,3287.711,500000,0.0,0.007799999999999998,0.05070000000000008,0.051296491108067103,tap3,natural,light,20260810_140234,True
3290222,0.0117,0.0312,0.9594,3290.222,500000,-0.003899999999999999,0.007799999999999998,0.05070000000000008,0.05144453323726446,tap3,natural,light,20260810_140234,True
3292710,0.0195,0.0234,0.9633,3292.71,500000,0.0039000000000000007,0.0,0.05460000000000009,0.05473910850571107,tap3,natural,light,20260810_140234,True
3295212,0.0156,0.0273,0.9633,3295.212,500000,0.0,0.0039000000000000007,0.05460000000000009,0.05473910850571107,tap3,natural,light,20260810_140234,True
3297722,0.0234,0.0234,0.9594,3297.722,500000,0.007800000000000001,0.0,0.05070000000000008,0.051296491108067103,tap3,natural,light,20260810_140234,True
3300207,0.0117,0.0312,0.9594,3300.207,500000,-0.003899999999999999,0.007799999999999998,0.05070000000000008,0.05144453323726446,tap3,natural,light,20260810_140234,True
3302731,0.0156,0.0351,0.9594,3302.731,500000,0.0,0.011699999999999999,0.05070000000000008,0.052032489850092775,tap3,natural,light,20260810_140234,True
3305225,0.0117,0.0351,0.9633,3305.225,500000,-0.003899999999999999,0.011699999999999999,0.05460000000000009,0.055975530368188656,tap3,natural,light,20260810_140234,True
3307729,0.0039,0.0273,0.9594,3307.729,500000,-0.011699999999999999,0.0039000000000000007,0.05070000000000008,0.052178443825012716,tap3,natural,light,20260810_140234,True
3310207,0.0195,0.0234,0.9555,3310.207,500000,0.0039000000000000007,0.0,0.046800000000000064,0.04696221885729002,tap3,natural,light,20260810_140234,True
3312721,0.0117,0.0273,0.9516,3312.721,500000,-0.003899999999999999,0.0039000000000000007,0.04290000000000005,0.04325309237499678,tap3,natural,light,20260810_140234,True
3315223,0.0039,0.0351,0.9594,3315.223,500000,-0.011699999999999999,0.011699999999999999,0.05070000000000008,0.05333169789159171,tap3,natural,light,20260810_140234,True
3317720,0.0078,0.0312,0.9516,3317.72,500000,-0.0078,0.007799999999999998,0.04290000000000005,0.04429548509724218,tap3,natural,light,20260810_140234,True
3320216,0.0078,0.0234,0.9555,3320.216,500000,-0.0078,0.0,0.046800000000000064,0.04744554773632618,tap3,natural,light,20260810_140234,True
3322715,0.0156,0.0273,0.9516,3322.715,500000,0.0,0.0039000000000000007,0.04290000000000005,0.04307690796703036,tap3,natural,light,20260810_140234,True
3325222,0.0156,0.0273,0.9477,3325.222,500000,0.0,0.0039000000000000007,0.039000000000000035,0.039194514922371505,tap3,natural,light,20260810_140234,True
3327720,0.0156,0.0156,0.9399,3327.72,500000,0.0,-0.007800000000000001,0.031200000000000006,0.032160223879817755,tap3,natural,light,20260810_140234,True
3330234,0.0078,0.0234,0.9594,3330.234,500000,-0.0078,0.0,0.05070000000000008,0.051296491108067103,tap3,natural,light,20260810_140234,True
3332706,0.0117,0.0273,0.9633,3332.706,500000,-0.003899999999999999,0.0039000000000000007,0.05460000000000009,0.05487786438993422,tap3,natural,light,20260810_140234,True
3335236,0.0117,0.0234,0.9555,3335.236,500000,-0.003899999999999999,0.0,0.046800000000000064,0.04696221885729002,tap3,natural,light,20260810_140234,True
3337715,0.0078,0.0312,0.9594,3337.715,500000,-0.0078,0.007799999999999998,0.05070000000000008,0.051886125313035346,tap3,natural,light,20260810_140234,True
3340221,0.0117,0.0312,0.9477,3340.221,500000,-0.003899999999999999,0.007799999999999998,0.039000000000000035,0.039963107987242466,tap3,natural,light,20260810_140234,True
3342722,0.0039,0.0312,0.9555,3342.722,500000,-0.011699999999999999,0.007799999999999998,0.046800000000000064,0.04886685993595257,tap3,natural,light,20260810_140234,True
3345220,0.0117,0.0273,0.9477,3345.22,500000,-0.003899999999999999,0.0039000000000000007,0.039000000000000035,0.039388069259612135,tap3,natural,light,20260810_140234,True
3347705,0.0117,0.0273,0.9594,3347.705,500000,-0.003899999999999999,0.0039000000000000007,0.05070000000000008,0.05099911763942596,tap3,natural,light,20260810_140234,True
3350219,0.0156,0.0351,0.9633,3350.219,500000,0.0,0.011699999999999999,0.05460000000000009,0.05583950214677787,tap3,natural,light,20260810_140234,True
3352731,0.0117,0.0273,0.9477,3352.731,500000,-0.003899999999999999,0.0039000000000000007,0.039000000000000035,0.039388069259612135,tap3,natural,light,20260810_140234,True
3355235,0.0117,0.0273,0.9516,3355.235,500000,-0.003899999999999999,0.0039000000000000007,0.04290000000000005,0.04325309237499678,tap3,natural,light,20260810_140234,True
3357712,0.0117,0.0273,0.9516,3357.712,500000,-0.003899999999999999,0.0039000000000000007,0.04290000000000005,0.04325309237499678,tap3,natural,light,20260810_140234,True
3360221,0.0117,0.0273,0.9477,3360.221,500000,-0.003899999999999999,0.0039000000000000007,0.039000000000000035,0.039388069259612135,tap3,natural,light,20260810_140234,True
3362712,0.0195,0.0273,0.9438,3362.712,500000,0.0039000000000000007,0.0039000000000000007,0.03510000000000002,0.035530690958662785,tap3,natural,light,20260810_140234,True
3365235,0.0117,0.0312,0.9516,3365.235,500000,-0.003899999999999999,0.007799999999999998,0.04290000000000005,0.04377739142525516,tap3,natural,light,20260810_140234,True
3367716,0.0117,0.0273,0.9555,3367.716,500000,-0.003899999999999999,0.0039000000000000007,0.046800000000000064,0.047123879297018896,tap3,natural,light,20260810_140234,True
3370227,0.0117,0.0273,0.9516,3370.227,500000,-0.003899999999999999,0.0039000000000000007,0.04290000000000005,0.04325309237499678,tap3,natural,light,20260810_140234,True
3372711,0.0117,0.0312,0.9438,3372.711,500000,-0.003899999999999999,0.007799999999999998,0.03510000000000002,0.03616711213243327,tap3,natural,light,20260810_140234,True
3375218,0.0234,0.0273,0.9555,3375.218,500000,0.007800000000000001,0.0039000000000000007,0.046800000000000064,0.0476055669013615,tap3,natural,light,20260810_140234,True
3377726,0.0156,0.0273,0.9438,3377.726,500000,0.0,0.0039000000000000007,0.03510000000000002,0.035316002038735944,tap3,natural,light,20260810_140234,True
3380209,0.0078,0.0429,0.9438,3380.209,500000,-0.0078,0.0195,0.03510000000000002,0.04090354507863593,tap3,natural,light,20260810_140234,True
3382734,0.0195,0.0195,0.9399,3382.734,500000,0.0039000000000000007,-0.0039000000000000007,0.031200000000000006,0.03168374977808025,tap3,natural,light,20260810_140234,True
3385209,0.0117,0.0273,0.9516,3385.209,500000,-0.003899999999999999,0.0039000000000000007,0.04290000000000005,0.04325309237499678,tap3,natural,light,20260810_140234,True
3387721,0.0156,0.0351,0.936,3387.721,500000,0.0,0.011699999999999999,0.027300000000000102,0.029701515112869337,tap3,natural,light,20260810_140234,True
3390209,0.0195,0.0273,0.9321,3390.209,500000,0.0039000000000000007,0.0039000000000000007,0.023400000000000087,0.024041214611579095,tap3,natural,light,20260810_140234,True
3392710,0.0156,0.0234,0.9321,3392.71,500000,0.0,0.0,0.023400000000000087,0.023400000000000087,tap3,natural,light,20260810_140234,True
3395225,0.0117,0.0234,0.9438,3395.225,500000,-0.003899999999999999,0.0,0.03510000000000002,0.035316002038735944,tap3,natural,light,20260810_140234,True
3397706,0.0195,0.0234,0.936,3397.706,500000,0.0039000000000000007,0.0,0.027300000000000102,0.027577164466275454,tap3,natural,light,20260810_140234,True
3400223,0.0195,0.0273,0.9282,3400.223,500000,0.0039000000000000007,0.0039000000000000007,0.019500000000000073,0.020264994448555933,tap3,natural,light,20260810_140234,True
3402719,0.0195,0.0273,0.9516,3402.719,500000,0.0039000000000000007,0.0039000000000000007,0.04290000000000005,0.04325309237499678,tap3,natural,light,20260810_140234,True
3405218,0.0273,0.0312,0.9243,3405.218,500000,0.011700000000000002,0.007799999999999998,0.015600000000000058,0.02100214274782461,tap3,natural,light,20260810_140234,True
3407730,0.0234,0.0234,0.9438,3407.73,500000,0.007800000000000001,0.0,0.03510000000000002,0.03595622338344228,tap3,natural,light,20260810_140234,True
3410212,0.0195,0.0195,0.9477,3410.212,500000,0.0039000000000000007,-0.0039000000000000007,0.039000000000000035,0.039388069259612135,tap3,natural,light,20260810_140234,True
3412733,0.0156,0.0234,0.9438,3412.733,500000,0.0,0.0,0.03510000000000002,0.03510000000000002,tap3,natural,light,20260810_140234,True
3415233,0.0195,0.0234,0.9555,3415.233,500000,0.0039000000000000007,0.0,0.046800000000000064,0.04696221885729002,tap3,natural,light,20260810_140234,True
3417714,0.0078,0.0234,0.9399,3417.714,500000,-0.0078,0.0,0.031200000000000006,0.032160223879817755,tap3,natural,light,20260810_140234,True
3420219,0.0195,0.0195,0.9438,3420.219,500000,0.0039000000000000007,-0.0039000000000000007,0.03510000000000002,0.035530690958662785,tap3,natural,light,20260810_140234,True
3422715,0.0156,0.0312,0.9321,3422.715,500000,0.0,0.007799999999999998,0.023400000000000087,0.02466576574931344,tap3,natural,light,20260810_140234,True
3425208,0.0156,0.0312,0.9477,3425.208,500000,0.0,0.007799999999999998,0.039000000000000035,0.03977235220602375,tap3,natural,light,20260810_140234,True
3427707,0.0156,0.0156,0.9438,3427.707,500000,0.0,-0.007800000000000001,0.03510000000000002,0.03595622338344228,tap3,natural,light,20260810_140234,True
3430208,0.0078,0.0234,0.9399,3430.208,500000,-0.0078,0.0,0.031200000000000006,0.032160223879817755,tap3,natural,light,20260810_140234,True
3432724,0.0117,0.0351,0.9438,3432.724,500000,-0.003899999999999999,0.011699999999999999,0.03510000000000002,0.0372036288552609,tap3,natural,light,20260810_140234,True
3435218,0.0078,0.0156,0.9438,3435.218,500000,-0.0078,-0.007800000000000001,0.03510000000000002,0.036792526415020774,tap3,natural,light,20260810_140234,True
3437731,0.0156,0.0234,0.9477,3437.731,500000,0.0,0.0,0.039000000000000035,0.039000000000000035,tap3,natural,light,20260810_140234,True
3440206,0.0078,0.0273,0.9438,3440.206,500000,-0.0078,0.0039000000000000007,0.03510000000000002,0.03616711213243327,tap3,natural,light,20260810_140234,True
3442705,0.0039,0.0234,0.9555,3442.705,500000,-0.011699999999999999,0.0,0.046800000000000064,0.04824033581972669,tap3,natural,light,20260810_140234,True
3445205,0.0039,0.0312,0.9477,3445.205,500000,-0.011699999999999999,0.007799999999999998,0.039000000000000035,0.041457568669665164,tap3,natural,light,20260810_140234,True
3447716,0.0039,0.0273,0.9438,3447.716,500000,-0.011699999999999999,0.0039000000000000007,0.03510000000000002,0.0372036288552609,tap3,natural,light,20260810_140234,True
3450205,0.0117,0.0351,0.9438,3450.205,500000,-0.003899999999999999,0.011699999999999999,0.03510000000000002,0.0372036288552609,tap3,natural,light,20260810_140234,True
3452717,0.0117,0.0234,0.9438,3452.717,500000,-0.003899999999999999,0.0,0.03510000000000002,0.035316002038735944,tap3,natural,light,20260810_140234,True
3455215,0.0078,0.0312,0.9399,3455.215,500000,-0.0078,0.007799999999999998,0.031200000000000006,0.03309259735953043,tap3,natural,light,20260810_140234,True
3457710,0.0078,0.0351,0.9477,3457.71,500000,-0.0078,0.011699999999999999,0.039000000000000035,0.041457568669665164,tap3,natural,light,20260810_140234,True
3460232,0.0117,0.0312,0.9477,3460.232,500000,-0.003899999999999999,0.007799999999999998,0.039000000000000035,0.039963107987242466,tap3,natural,light,20260810_140234,True
3462724,0.0117,0.0312,0.9477,3462.724,500000,-0.003899999999999999,0.007799999999999998,0.039000000000000035,0.039963107987242466,tap3,natural,light,20260810_140234,True
3465225,0.0195,0.0273,0.9438,3465.225,500000,0.0039000000000000007,0.0039000000000000007,0.03510000000000002,0.035530690958662785,tap3,natural,light,20260810_140234,True
3467705,0.0156,0.0195,0.9399,3467.705,500000,0.0,-0.0039000000000000007,0.031200000000000006,0.03144280521836435,tap3,natural,light,20260810_140234,True
3470223,0.0078,0.0351,0.9438,3470.223,500000,-0.0078,0.011699999999999999,0.03510000000000002,0.03781190288784739,tap3,natural,light,20260810_140234,True
3472715,0.0117,0.0273,0.9321,3472.715,500000,-0.003899999999999999,0.0039000000000000007,0.023400000000000087,0.024041214611579095,tap3,natural,light,20260810_140234,True
3475207,0.0156,0.0351,0.9399,3475.207,500000,0.0,0.011699999999999999,0.031200000000000006,0.033321614606738374,tap3,natural,light,20260810_140234,True
3477720,0.0156,0.0234,0.9477,3477.72,500000,0.0,0.0,0.039000000000000035,0.039000000000000035,tap3,natural,light,20260810_140234,True
3480215,0.0156,0.0273,0.9399,3480.215,500000,0.0,0.0039000000000000007,0.031200000000000006,0.03144280521836435,tap3,natural,light,20260810_140234,True
3482712,0.0117,0.0351,0.9438,3482.712,500000,-0.003899999999999999,0.011699999999999999,0.03510000000000002,0.0372036288552609,tap3,natural,light,20260810_140234,True
3485221,0.0156,0.0312,0.9399,3485.221,500000,0.0,0.007799999999999998,0.031200000000000006,0.032160223879817755,tap3,natural,light,20260810_140234,True
3487732,0.0156,0.0234,0.9399,3487.732,500000,0.0,0.0,0.031200000000000006,0.031200000000000006,tap3,natural,light,20260810_140234,True
3490219,0.0156,0.0234,0.936,3490.219,500000,0.0,0.0,0.027300000000000102,0.027300000000000102,tap3,natural,light,20260810_140234,True
3492707,0.0117,0.0234,0.9321,3492.707,500000,-0.003899999999999999,0.0,0.023400000000000087,0.023722773868163145,tap3,natural,light,20260810_140234,True
3495231,0.0195,0.0273,0.9321,3495.231,500000,0.0039000000000000007,0.0039000000000000007,0.023400000000000087,0.024041214611579095,tap3,natural,light,20260810_140234,True
3497732,0.0195,0.0234,0.9438,3497.732,500000,0.0039000000000000007,0.0,0.03510000000000002,0.035316002038735944,tap3,natural,light,20260810_140234,True
3500217,0.0195,0.0195,0.9321,3500.217,500000,0.0039000000000000007,-0.0039000000000000007,0.023400000000000087,0.024041214611579095,tap3,natural,light,20260810_140234,True
3502705,0.0117,0.0312,0.936,3502.705,500000,-0.003899999999999999,0.007799999999999998,0.027300000000000102,0.02865902999056328,tap3,natural,light,20260810_140234,True
3505208,0.0117,0.0351,0.9399,3505.208,500000,-0.003899999999999999,0.011699999999999999,0.031200000000000006,0.03354906854146625,tap3,natural,light,20260810_140234,True
3507720,0.0195,0.0195,0.9321,3507.72,500000,0.0039000000000000007,-0.0039000000000000007,0.023400000000000087,0.024041214611579095,tap3,natural,light,20260810_140234,True
3510205,0.0234,0.0351,0.9321,3510.205,500000,0.007800000000000001,0.011699999999999999,0.023400000000000087,0.027300000000000074,tap3,natural,light,20260810_140234,True
3512718,0.0156,0.0351,0.9243,3512.718,500000,0.0,0.011699999999999999,0.015600000000000058,0.019500000000000045,tap3,natural,light,20260810_140234,True
3515218,0.0117,0.0312,0.9399,3515.218,500000,-0.003899999999999999,0.007799999999999998,0.031200000000000006,0.0323958330653805,tap3,natural,light,20260810_140234,True
3517716,0.0117,0.0234,0.9438,3517.716,500000,-0.003899999999999999,0.0,0.03510000000000002,0.035316002038735944,tap3,natural,light,20260810_140234,True
3520207,0.0078,0.0234,0.9438,3520.207,500000,-0.0078,0.0,0.03510000000000002,0.03595622338344228,tap3,natural,light,20260810_140234,True
3522733,0.0156,0.0273,0.9399,3522.733,500000,0.0,0.0039000000000000007,0.031200000000000006,0.03144280521836435,tap3,natural,light,20260810_140234,True
3525219,0.0195,0.0234,0.936,3525.219,500000,0.0039000000000000007,0.0,0.027300000000000102,0.027577164466275454,tap3,natural,light,20260810_140234,True
3527729,0.0117,0.0273,0.9399,3527.729,500000,-0.003899999999999999,0.0039000000000000007,0.031200000000000006,0.03168374977808025,tap3,natural,light,20260810_140234,True
3530212,0.0117,0.0234,0.9321,3530.212,500000,-0.003899999999999999,0.0,0.023400000000000087,0.023722773868163145,tap3,natural,light,20260810_140234,True
3532706,0.0117,0.0273,0.9282,3532.706,500000,-0.003899999999999999,0.0039000000000000007,0.019500000000000073,0.020264994448555933,tap3,natural,light,20260810_140234,True
3535209,0.0117,0.0234,0.9399,3535.209,500000,-0.003899999999999999,0.0,0.031200000000000006,0.03144280521836435,tap3,natural,light,20260810_140234,True
3537715,0.0156,0.0234,0.9321,3537.715,500000,0.0,0.0,0.023400000000000087,0.023400000000000087,tap3,natural,light,20260810_140234,True
3540207,0.0078,0.0234,0.936,3540.207,500000,-0.0078,0.0,0.027300000000000102,0.02839242856819412,tap3,natural,light,20260810_140234,True
3542716,0.0117,0.0273,0.9321,3542.716,500000,-0.003899999999999999,0.0039000000000000007,0.023400000000000087,0.024041214611579095,tap3,natural,light,20260810_140234,True
3545222,0.0156,0.0312,0.9399,3545.222,500000,0.0,0.007799999999999998,0.031200000000000006,0.032160223879817755,tap3,natural,light,20260810_140234,True
3547723,0.0195,0.0234,0.936,3547.723,500000,0.0039000000000000007,0.0,0.027300000000000102,0.027577164466275454,tap3,natural,light,20260810_140234,True
3550233,0.0078,0.0312,0.9438,3550.233,500000,-0.0078,0.007799999999999998,0.03510000000000002,0.036792526415020774,tap3,natural,light,20260810_140234,True
3552726,0.0195,0.0273,0.9399,3552.726,500000,0.0039000000000000007,0.0039000000000000007,0.031200000000000006,0.03168374977808025,tap3,natural,light,20260810_140234,True
3555221,0.0156,0.0234,0.9321,3555.221,500000,0.0,0.0,0.023400000000000087,0.023400000000000087,tap3,natural,light,20260810_140234,True
3557706,0.0156,0.0273,0.9282,3557.706,500000,0.0,0.0039000000000000007,0.019500000000000073,0.01988617610301193,tap3,natural,light,20260810_140234,True
3560214,0.0117,0.0273,0.9243,3560.214,500000,-0.003899999999999999,0.0039000000000000007,0.015600000000000058,0.016546298679765266,tap3,natural,light,20260810_140234,True
3562709,0.0195,0.0273,0.9282,3562.709,500000,0.0039000000000000007,0.0039000000000000007,0.019500000000000073,0.020264994448555933,tap3,natural,light,20260810_140234,True
3565209,0.0117,0.0234,0.9399,3565.209,500000,-0.003899999999999999,0.0,0.031200000000000006,0.03144280521836435,tap3,natural,light,20260810_140234,True
3567721,0.0117,0.0234,0.9399,3567.721,500000,-0.003899999999999999,0.0,0.031200000000000006,0.03144280521836435,tap3,natural,light,20260810_140234,True
3570234,0.0117,0.0312,0.936,3570.234,500000,-0.003899999999999999,0.007799999999999998,0.027300000000000102,0.02865902999056328,tap3,natural,light,20260810_140234,True
3572707,0.0078,0.0273,0.9321,3572.707,500000,-0.0078,0.0039000000000000007,0.023400000000000087,0.024972184525988192,tap3,natural,light,20260810_140234,True
3575208,0.0117,0.0351,0.9321,3575.208,500000,-0.003899999999999999,0.011699999999999999,0.023400000000000087,0.026451086934188624,tap3,natural,light,20260810_140234,True
3577710,0.0156,0.0273,0.936,3577.71,500000,0.0,0.0039000000000000007,0.027300000000000102,0.027577164466275454,tap3,natural,light,20260810_140234,True
3580216,0.0117,0.0273,0.9321,3580.216,500000,-0.003899999999999999,0.0039000000000000007,0.023400000000000087,0.024041214611579095,tap3,natural,light,20260810_140234,True
3582731,0.0117,0.0351,0.936,3582.731,500000,-0.003899999999999999,0.011699999999999999,0.027300000000000102,0.029956468416687664,tap3,natural,light,20260810_140234,True
3585207,0.0078,0.0312,0.9165,3585.207,500000,-0.0078,0.007799999999999998,0.007800000000000029,0.013509996299037258,tap3,natural,light,20260810_140234,True
3587721,0.0156,0.0234,0.9321,3587.721,500000,0.0,0.0,0.023400000000000087,0.023400000000000087,tap3,natural,light,20260810_140234,True
3590218,0.0156,0.0195,0.9399,3590.218,500000,0.0,-0.0039000000000000007,0.031200000000000006,0.03144280521836435,tap3,natural,light,20260810_140234,True
3592718,0.0117,0.0273,0.9282,3592.718,500000,-0.003899999999999999,0.0039000000000000007,0.019500000000000073,0.020264994448555933,tap3,natural,light,20260810_140234,True
3595220,0.0078,0.0273,0.9282,3595.22,500000,-0.0078,0.0039000000000000007,0.019500000000000073,0.021361179742701544,tap3,natural,light,20260810_140234,True
3597705,0.0156,0.0273,0.9321,3597.705,500000,0.0,0.0039000000000000007,0.023400000000000087,0.023722773868163145,tap3,natural,light,20260810_140234,True
3600212,0.0117,0.0273,0.9399,3600.212,500000,-0.003899999999999999,0.0039000000000000007,0.031200000000000006,0.03168374977808025,tap3,natural,light,20260810_140234,True
3602723,0.0156,0.0273,0.9438,3602.723,500000,0.0,0.0039000000000000007,0.03510000000000002,0.035316002038735944,tap3,natural,light,20260810_140234,True
3605227,0.0078,0.0195,0.936,3605.227,500000,-0.0078,-0.0039000000000000007,0.027300000000000102,0.02865902999056328,tap3,natural,light,20260810_140234,True
3607713,0.0117,0.0351,0.9282,3607.713,500000,-0.003899999999999999,0.011699999999999999,0.019500000000000073,0.023072711154088564,tap3,natural,light,20260810_140234,True
3610220,0.0078,0.0312,0.936,3610.22,500000,-0.0078,0.007799999999999998,0.027300000000000102,0.029444354297556017,tap3,natural,light,20260810_140234,True
3612706,0.0156,0.0234,0.9399,3612.706,500000,0.0,0.0,0.031200000000000006,0.031200000000000006,tap3,natural,light,20260810_140234,True
3615206,0.0078,0.0312,0.9282,3615.206,500000,-0.0078,0.007799999999999998,0.019500000000000073,0.022403794321498374,tap3,natural,light,20260810_140234,True
3617705,0.0078,0.0234,0.936,3617.705,500000,-0.0078,0.0,0.027300000000000102,0.02839242856819412,tap3,natural,light,20260810_140234,True
3620211,0.0156,0.0234,0.9282,3620.211,500000,0.0,0.0,0.019500000000000073,0.019500000000000073,tap3,natural,light,20260810_140234,True
3622721,0.0039,0.0273,0.9282,3622.721,500000,-0.011699999999999999,0.0039000000000000007,0.019500000000000073,0.023072711154088564,tap3,natural,light,20260810_140234,True
3625209,0.0117,0.0234,0.9477,3625.209,500000,-0.003899999999999999,0.0,0.039000000000000035,0.039194514922371505,tap3,natural,light,20260810_140234,True
3627711,0.0156,0.0234,0.9282,3627.711,500000,0.0,0.0,0.019500000000000073,0.019500000000000073,tap3,natural,light,20260810_140234,True
3630212,0.0078,0.0312,0.9321,3630.212,500000,-0.0078,0.007799999999999998,0.023400000000000087,0.025869673364772198,tap3,natural,light,20260810_140234,True
3632729,0.0156,0.0312,0.936,3632.729,500000,0.0,0.007799999999999998,0.027300000000000102,0.028392428568194118,tap3,natural,light,20260810_140234,True
3635229,0.0156,0.0234,0.9282,3635.229,500000,0.0,0.0,0.019500000000000073,0.019500000000000073,tap3,natural,light,20260810_140234,True
3637710,0.0156,0.0234,0.9321,3637.71,500000,0.0,0.0,0.023400000000000087,0.023400000000000087,tap3,natural,light,20260810_140234,True
3640230,0.0078,0.0273,0.9282,3640.23,500000,-0.0078,0.0039000000000000007,0.019500000000000073,0.021361179742701544,tap3,natural,light,20260810_140234,True
3642729,0.0195,0.0234,0.9321,3642.729,500000,0.0039000000000000007,0.0,0.023400000000000087,0.023722773868163145,tap3,natural,light,20260810_140234,True
3645234,0.0117,0.0273,0.9282,3645.234,500000,-0.003899999999999999,0.0039000000000000007,0.019500000000000073,0.020264994448555933,tap3,natural,light,20260810_140234,True
3647716,0.0156,0.0234,0.9321,3647.716,500000,0.0,0.0,0.023400000000000087,0.023400000000000087,tap3,natural,light,20260810_140234,True
3650228,0.0156,0.0273,0.9282,3650.228,500000,0.0,0.0039000000000000007,0.019500000000000073,0.01988617610301193,tap3,natural,light,20260810_140234,True
3652721,0.0156,0.0312,0.9243,3652.721,500000,0.0,0.007799999999999998,0.015600000000000058,0.01744133022449841,tap3,natural,light,20260810_140234,True
3655213,0.0117,0.0312,0.9399,3655.213,500000,-0.003899999999999999,0.007799999999999998,0.031200000000000006,0.0323958330653805,tap3,natural,light,20260810_140234,True
3657726,0.0156,0.0273,0.9243,3657.726,500000,0.0,0.0039000000000000007,0.015600000000000058,0.016080111939908933,tap3,natural,light,20260810_140234,True
3660209,0.0117,0.0312,0.9282,3660.209,500000,-0.003899999999999999,0.007799999999999998,0.019500000000000073,0.021361179742701544,tap3,natural,light,20260810_140234,True
3662733,0.0156,0.0273,0.9321,3662.733,500000,0.0,0.0039000000000000007,0.023400000000000087,0.023722773868163145,tap3,natural,light,20260810_140234,True
3665206,0.0234,0.0234,0.936,3665.206,500000,0.007800000000000001,0.0,0.027300000000000102,0.02839242856819412,tap3,natural,light,20260810_140234,True
3667715,0.0156,0.0351,0.9243,3667.715,500000,0.0,0.011699999999999999,0.015600000000000058,0.019500000000000045,tap3,natural,light,20260810_140234,True
3670207,0.0156,0.0351,0.9243,3670.207,500000,0.0,0.011699999999999999,0.015600000000000058,0.019500000000000045,tap3,natural,light,20260810_140234,True
3672717,0.0156,0.0234,0.9243,3672.717,500000,0.0,0.0,0.015600000000000058,0.015600000000000058,tap3,natural,light,20260810_140234,True
3675221,0.0156,0.0195,0.9282,3675.221,500000,0.0,-0.0039000000000000007,0.019500000000000073,0.01988617610301193,tap3,natural,light,20260810_140234,True
3677723,0.0156,0.0234,0.9321,3677.723,500000,0.0,0.0,0.023400000000000087,0.023400000000000087,tap3,natural,light,20260810_140234,True
3680215,0.0156,0.0273,0.9321,3680.215,500000,0.0,0.0039000000000000007,0.023400000000000087,0.023722773868163145,tap3,natural,light,20260810_140234,True
3682713,0.0156,0.0312,0.9282,3682.713,500000,0.0,0.007799999999999998,0.019500000000000073,0.021002142747824634,tap3,natural,light,20260810_140234,True
3685225,0.0156,0.0234,0.9321,3685.225,500000,0.0,0.0,0.023400000000000087,0.023400000000000087,tap3,natural,light,20260810_140234,True
3687731,0.0117,0.0195,0.9282,3687.731,500000,-0.003899999999999999,-0.0039000000000000007,0.019500000000000073,0.020264994448555933,tap3,natural,light,20260810_140234,True
3690213,0.0234,0.0273,0.936,3690.213,500000,0.007800000000000001,0.0039000000000000007,0.027300000000000102,0.02865902999056328,tap3,natural,light,20260810_140234,True
3692734,0.0156,0.0234,0.9399,3692.734,500000,0.0,0.0,0.031200000000000006,0.031200000000000006,tap3,natural,light,20260810_140234,True
3695210,0.0195,0.0195,0.9282,3695.21,500000,0.0039000000000000007,-0.0039000000000000007,0.019500000000000073,0.020264994448555933,tap3,natural,light,20260810_140234,True
3697721,0.0156,0.0312,0.936,3697.721,500000,0.0,0.007799999999999998,0.027300000000000102,0.028392428568194118,tap3,natural,light,20260810_140234,True
3700206,0.0234,0.0273,0.9282,3700.206,500000,0.007800000000000001,0.0039000000000000007,0.019500000000000073,0.021361179742701544,tap3,natural,light,20260810_140234,True
3702725,0.0156,0.0273,0.9321,3702.725,500000,0.0,0.0039000000000000007,0.023400000000000087,0.023722773868163145,tap3,natural,light,20260810_140234,True
3705220,0.0078,0.0195,0.9126,3705.22,500000,-0.0078,-0.0039000000000000007,0.0039000000000000146,0.0095530099968544,tap3,natural,light,20260810_140234,True
3707724,0.0078,0.0312,0.9243,3707.724,500000,-0.0078,0.007799999999999998,0.015600000000000058,0.019106019993708836,tap3,natural,light,20260810_140234,True
3710232,0.0117,0.0234,0.9282,3710.232,500000,-0.003899999999999999,0.0,0.019500000000000073,0.01988617610301193,tap3,natural,light,20260810_140234,True
3712726,0.0078,0.0195,0.9282,3712.726,500000,-0.0078,-0.0039000000000000007,0.019500000000000073,0.021361179742701544,tap3,natural,light,20260810_140234,True
3715226,0.0117,0.0351,0.9243,3715.226,500000,-0.003899999999999999,0.011699999999999999,0.015600000000000058,0.019886176103011906,tap3,natural,light,20260810_140234,True
3717726,0.0117,0.0234,0.936,3717.726,500000,-0.003899999999999999,0.0,0.027300000000000102,0.027577164466275454,tap3,natural,light,20260810_140234,True
3720207,0.0078,0.0195,0.9321,3720.207,500000,-0.0078,-0.0039000000000000007,0.023400000000000087,0.024972184525988192,tap3,natural,light,20260810_140234,True
3722729,0.0117,0.0273,0.936,3722.729,500000,-0.003899999999999999,0.0039000000000000007,0.027300000000000102,0.027851570871317215,tap3,natural,light,20260810_140234,True
3725214,0.0156,0.0234,0.936,3725.214,500000,0.0,0.0,0.027300000000000102,0.027300000000000102,tap3,natural,light,20260810_140234,True
3727712,0.0117,0.0273,0.9282,3727.712,500000,-0.003899999999999999,0.0039000000000000007,0.019500000000000073,0.020264994448555933,tap3,natural,light,20260810_140234,True
3730224,0.0078,0.0234,0.9321,3730.224,500000,-0.0078,0.0,0.023400000000000087,0.024665765749313444,tap3,natural,light,20260810_140234,True
3732723,0.0117,0.0273,0.9399,3732.723,500000,-0.003899999999999999,0.0039000000000000007,0.031200000000000006,0.03168374977808025,tap3,natural,light,20260810_140234,True
3735223,0.0117,0.0273,0.9321,3735.223,500000,-0.003899999999999999,0.0039000000000000007,0.023400000000000087,0.024041214611579095,tap3,natural,light,20260810_140234,True
3737711,0.0078,0.0234,0.9321,3737.711,500000,-0.0078,0.0,0.023400000000000087,0.024665765749313444,tap3,natural,light,20260810_140234,True
3740207,0.0117,0.0273,0.9282,3740.207,500000,-0.003899999999999999,0.0039000000000000007,0.019500000000000073,0.020264994448555933,tap3,natural,light,20260810_140234,True
3742714,0.0156,0.0312,0.936,3742.714,500000,0.0,0.007799999999999998,0.027300000000000102,0.028392428568194118,tap3,natural,light,20260810_140234,True
3745218,0.0117,0.0273,0.9438,3745.218,500000,-0.003899999999999999,0.0039000000000000007,0.03510000000000002,0.035530690958662785,tap3,natural,light,20260810_140234,True
3747733,0.0156,0.0273,0.9204,3747.733,500000,0.0,0.0039000000000000007,0.011700000000000044,0.012332882874656722,tap3,natural,light,20260810_140234,True
3750214,0.0117,0.0273,0.9243,3750.214,500000,-0.003899999999999999,0.0039000000000000007,0.015600000000000058,0.016546298679765266,tap3,natural,light,20260810_140234,True
3752706,0.0117,0.0273,0.9321,3752.706,500000,-0.003899999999999999,0.0039000000000000007,0.023400000000000087,0.024041214611579095,tap3,natural,light,20260810_140234,True
3755219,0.0156,0.0195,0.9399,3755.219,500000,0.0,-0.0039000000000000007,0.031200000000000006,0.03144280521836435,tap3,natural,light,20260810_140234,True
3757726,0.0078,0.0312,0.9243,3757.726,500000,-0.0078,0.007799999999999998,0.015600000000000058,0.019106019993708836,tap3,natural,light,20260810_140234,True
3760234,0.0117,0.0273,0.9165,3760.234,500000,-0.003899999999999999,0.0039000000000000007,0.007800000000000029,0.009553009996854418,tap3,natural,light,20260810_140234,True
3762731,0.0117,0.0312,0.9243,3762.731,500000,-0.003899999999999999,0.007799999999999998,0.015600000000000058,0.017872045210327824,tap3,natural,light,20260810_140234,True
3765232,0.0156,0.0195,0.9321,3765.232,500000,0.0,-0.0039000000000000007,0.023400000000000087,0.023722773868163145,tap3,natural,light,20260810_140234,True
3767732,0.0156,0.0273,0.9204,3767.732,500000,0.0,0.0039000000000000007,0.011700000000000044,0.012332882874656722,tap3,natural,light,20260810_140234,True
3770226,0.0078,0.0234,0.9282,3770.226,500000,-0.0078,0.0,0.019500000000000073,0.021002142747824634,tap3,natural,light,20260810_140234,True
3772723,0.0156,0.0273,0.9282,3772.723,500000,0.0,0.0039000000000000007,0.019500000000000073,0.01988617610301193,tap3,natural,light,20260810_140234,True
3775223,0.0156,0.0234,0.9165,3775.223,500000,0.0,0.0,0.007800000000000029,0.007800000000000029,tap3,natural,light,20260810_140234,True
3777734,0.0156,0.0234,0.9165,3777.734,500000,0.0,0.0,0.007800000000000029,0.007800000000000029,tap3,natural,light,20260810_140234,True
3780228,0.0117,0.0273,0.9243,3780.228,500000,-0.003899999999999999,0.0039000000000000007,0.015600000000000058,0.016546298679765266,tap3,natural,light,20260810_140234,True
3782723,0.0117,0.0312,0.9321,3782.723,500000,-0.003899999999999999,0.007799999999999998,0.023400000000000087,0.024972184525988192,tap3,natural,light,20260810_140234,True
3785213,0.0156,0.0312,0.9243,3785.213,500000,0.0,0.007799999999999998,0.015600000000000058,0.01744133022449841,tap3,natural,light,20260810_140234,True
3787728,0.0117,0.0312,0.9204,3787.728,500000,-0.003899999999999999,0.007799999999999998,0.011700000000000044,0.014592463808418405,tap3,natural,light,20260810_140234,True
3790230,0.0195,0.0273,0.9243,3790.23,500000,0.0039000000000000007,0.0039000000000000007,0.015600000000000058,0.01654629867976527,tap3,natural,light,20260810_140234,True
3792722,0.0156,0.0195,0.9321,3792.722,500000,0.0,-0.0039000000000000007,0.023400000000000087,0.023722773868163145,tap3,natural,light,20260810_140234,True
3795231,0.0234,0.0273,0.9321,3795.231,500000,0.007800000000000001,0.0039000000000000007,0.023400000000000087,0.024972184525988192,tap3,natural,light,20260810_140234,True
3797731,0.0117,0.0312,0.9204,3797.731,500000,-0.003899999999999999,0.007799999999999998,0.011700000000000044,0.014592463808418405,tap3,natural,light,20260810_140234,True
3800219,-0.0039,0.039,0.9282,3800.219,500000,-0.0195,0.0156,0.019500000000000073,0.031683749778080285,tap3,natural,light,20260810_140234,True
3802713,0.0117,0.0273,0.9282,3802.713,500000,-0.003899999999999999,0.0039000000000000007,0.019500000000000073,0.020264994448555933,tap3,natural,light,20260810_140234,True
3805207,0.0117,0.0312,0.936,3805.207,500000,-0.003899999999999999,0.007799999999999998,0.027300000000000102,0.02865902999056328,tap3,natural,light,20260810_140234,True
3807706,0.0117,0.0234,0.9321,3807.706,500000,-0.003899999999999999,0.0,0.023400000000000087,0.023722773868163145,tap3,natural,light,20260810_140234,True
3810213,0.0156,0.0312,0.9321,3810.213,500000,0.0,0.007799999999999998,0.023400000000000087,0.02466576574931344,tap3,natural,light,20260810_140234,True
3812706,0.0195,0.0312,0.9282,3812.706,500000,0.0039000000000000007,0.007799999999999998,0.019500000000000073,0.021361179742701544,tap3,natural,light,20260810_140234,True
3815209,0.0156,0.0156,0.9243,3815.209,500000,0.0,-0.007800000000000001,0.015600000000000058,0.017441330224498414,tap3,natural,light,20260810_140234,True
3817711,0.0156,0.0273,0.9282,3817.711,500000,0.0,0.0039000000000000007,0.019500000000000073,0.01988617610301193,tap3,natural,light,20260810_140234,True
3820213,0.0156,0.0234,0.9204,3820.213,500000,0.0,0.0,0.011700000000000044,0.011700000000000044,tap3,natural,light,20260810_140234,True
3822712,0.0195,0.0195,0.9321,3822.712,500000,0.0039000000000000007,-0.0039000000000000007,0.023400000000000087,0.024041214611579095,tap3,natural,light,20260810_140234,True
3825230,0.0156,0.0312,0.936,3825.23,500000,0.0,0.007799999999999998,0.027300000000000102,0.028392428568194118,tap3,natural,light,20260810_140234,True
3827717,0.0156,0.0273,0.936,3827.717,500000,0.0,0.0039000000000000007,0.027300000000000102,0.027577164466275454,tap3,natural,light,20260810_140234,True
3830234,0.0078,0.0273,0.9282,3830.234,500000,-0.0078,0.0039000000000000007,0.019500000000000073,0.021361179742701544,tap3,natural,light,20260810_140234,True
3832705,0.0156,0.0273,0.9282,3832.705,500000,0.0,0.0039000000000000007,0.019500000000000073,0.01988617610301193,tap3,natural,light,20260810_140234,True
3835234,0.0156,0.0312,0.9321,3835.234,500000,0.0,0.007799999999999998,0.023400000000000087,0.02466576574931344,tap3,natural,light,20260810_140234,True
3837715,0.0117,0.0234,0.9282,3837.715,500000,-0.003899999999999999,0.0,0.019500000000000073,0.01988617610301193,tap3,natural,light,20260810_140234,True
3840215,0.0117,0.0312,0.9282,3840.215,500000,-0.003899999999999999,0.007799999999999998,0.019500000000000073,0.021361179742701544,tap3,natural,light,20260810_140234,True
3842727,0.0117,0.0351,0.9321,3842.727,500000,-0.003899999999999999,0.011699999999999999,0.023400000000000087,0.026451086934188624,tap3,natural,light,20260810_140234,True
3845210,0.0156,0.0273,0.9282,3845.21,500000,0.0,0.0039000000000000007,0.019500000000000073,0.01988617610301193,tap3,natural,light,20260810_140234,True
3847733,0.0195,0.0195,0.9321,3847.733,500000,0.0039000000000000007,-0.0039000000000000007,0.023400000000000087,0.024041214611579095,tap3,natural,light,20260810_140234,True
3850213,0.0156,0.0351,0.9165,3850.213,500000,0.0,0.011699999999999999,0.007800000000000029,0.014061649974309573,tap3,natural,light,20260810_140234,True
3852712,0.0156,0.0273,0.9282,3852.712,500000,0.0,0.0039000000000000007,0.019500000000000073,0.01988617610301193,tap3,natural,light,20260810_140234,True
3855220,0.0156,0.0234,0.9204,3855.22,500000,0.0,0.0,0.011700000000000044,0.011700000000000044,tap3,natural,light,20260810_140234,True
3857705,0.0156,0.0195,0.9282,3857.705,500000,0.0,-0.0039000000000000007,0.019500000000000073,0.01988617610301193,tap3,natural,light,20260810_140234,True
3860211,0.0078,0.0273,0.9282,3860.211,500000,-0.0078,0.0039000000000000007,0.019500000000000073,0.021361179742701544,tap3,natural,light,20260810_140234,True
3862705,0.0117,0.0273,0.9204,3862.705,500000,-0.003899999999999999,0.0039000000000000007,0.011700000000000044,0.012934836682386099,tap3,natural,light,20260810_140234,True
3865235,0.0078,0.0195,0.9321,3865.235,500000,-0.0078,-0.0039000000000000007,0.023400000000000087,0.024972184525988192,tap3,natural,light,20260810_140234,True
3867709,0.0117,0.0312,0.9321,3867.709,500000,-0.003899999999999999,0.007799999999999998,0.023400000000000087,0.024972184525988192,tap3,natural,light,20260810_140234,True
3870234,0.0078,0.0273,0.9204,3870.234,500000,-0.0078,0.0039000000000000007,0.011700000000000044,0.014592463808418407,tap3,natural,light,20260810_140234,True
3872728,0.0078,0.0351,0.9321,3872.728,500000,-0.0078,0.011699999999999999,0.023400000000000087,0.027300000000000074,tap3,natural,light,20260810_140234,True
3875232,0.0234,0.0273,0.936,3875.232,500000,0.007800000000000001,0.0039000000000000007,0.027300000000000102,0.02865902999056328,tap3,natural,light,20260810_140234,True
3877716,0.0039,0.0312,0.9282,3877.716,500000,-0.011699999999999999,0.007799999999999998,0.019500000000000073,0.024041214611579067,tap3,natural,light,20260810_140234,True
3880209,0.0156,0.0273,0.9321,3880.209,500000,0.0,0.0039000000000000007,0.023400000000000087,0.023722773868163145,tap3,natural,light,20260810_140234,True
3882705,0.0156,0.0273,0.9321,3882.705,500000,0.0,0.0039000000000000007,0.023400000000000087,0.023722773868163145,tap3,natural,light,20260810_140234,True
3885233,0.0117,0.0312,0.936,3885.233,500000,-0.003899999999999999,0.007799999999999998,0.027300000000000102,0.02865902999056328,tap3,natural,light,20260810_140234,True
3887714,0.0156,0.0234,0.9243,3887.714,500000,0.0,0.0,0.015600000000000058,0.015600000000000058,tap3,natural,light,20260810_140234,True
3890221,0.0156,0.0273,0.9243,3890.221,500000,0.0,0.0039000000000000007,0.015600000000000058,0.016080111939908933,tap3,natural,light,20260810_140234,True
3892720,0.0234,0.0273,0.9282,3892.72,500000,0.007800000000000001,0.0039000000000000007,0.019500000000000073,0.021361179742701544,tap3,natural,light,20260810_140234,True
3895220,0.0117,0.0312,0.9321,3895.22,500000,-0.003899999999999999,0.007799999999999998,0.023400000000000087,0.024972184525988192,tap3,natural,light,20260810_140234,True
3897729,0.0156,0.0156,0.9321,3897.729,500000,0.0,-0.007800000000000001,0.023400000000000087,0.024665765749313444,tap3,natural,light,20260810_140234,True
3900218,0.0117,0.0273,0.936,3900.218,500000,-0.003899999999999999,0.0039000000000000007,0.027300000000000102,0.027851570871317215,tap3,natural,light,20260810_140234,True
3902708,0.0195,0.0195,0.9243,3902.708,500000,0.0039000000000000007,-0.0039000000000000007,0.015600000000000058,0.01654629867976527,tap3,natural,light,20260810_140234,True
3905212,0.0078,0.0351,0.936,3905.212,500000,-0.0078,0.011699999999999999,0.027300000000000102,0.030708630708646153,tap3,natural,light,20260810_140234,True
3907708,0.0117,0.0273,0.9243,3907.708,500000,-0.003899999999999999,0.0039000000000000007,0.015600000000000058,0.016546298679765266,tap3,natural,light,20260810_140234,True
3910226,0.0117,0.0312,0.9321,3910.226,500000,-0.003899999999999999,0.007799999999999998,0.023400000000000087,0.024972184525988192,tap3,natural,light,20260810_140234,True
3912719,0.0117,0.0273,0.9321,3912.719,500000,-0.003899999999999999,0.0039000000000000007,0.023400000000000087,0.024041214611579095,tap3,natural,light,20260810_140234,True
3915225,0.0117,0.0273,0.9321,3915.225,500000,-0.003899999999999999,0.0039000000000000007,0.023400000000000087,0.024041214611579095,tap3,natural,light,20260810_140234,True
3917705,0.0156,0.0273,0.9087,3917.705,500000,0.0,0.0039000000000000007,0.0,0.0039000000000000007,tap3,natural,light,20260810_140234,True
3920207,0.0117,0.0273,0.9243,3920.207,500000,-0.003899999999999999,0.0039000000000000007,0.015600000000000058,0.016546298679765266,tap3,natural,light,20260810_140234,True
3922734,0.0234,0.0234,0.9243,3922.734,500000,0.007800000000000001,0.0,0.015600000000000058,0.017441330224498414,tap3,natural,light,20260810_140234,True
3925206,0.0273,0.0156,0.9243,3925.206,500000,0.011700000000000002,-0.007800000000000001,0.015600000000000058,0.02100214274782461,tap3,natural,light,20260810_140234,True
3927718,0.0117,0.0351,0.9165,3927.718,500000,-0.003899999999999999,0.011699999999999999,0.007800000000000029,0.014592463808418386,tap3,natural,light,20260810_140234,True
3930230,0.0195,0.0273,0.9204,3930.23,500000,0.0039000000000000007,0.0039000000000000007,0.011700000000000044,0.012934836682386099,tap3,natural,light,20260810_140234,True
3932723,0.0273,0.0234,0.9282,3932.723,500000,0.011700000000000002,0.0,0.019500000000000073,0.022740712389896733,tap3,natural,light,20260810_140234,True
3935224,0.0156,0.0273,0.9243,3935.224,500000,0.0,0.0039000000000000007,0.015600000000000058,0.016080111939908933,tap3,natural,light,20260810_140234,True
3937730,0.0117,0.0312,0.9204,3937.73,500000,-0.003899999999999999,0.007799999999999998,0.011700000000000044,0.014592463808418405,tap3,natural,light,20260810_140234,True
3940223,0.0156,0.0195,0.9204,3940.223,500000,0.0,-0.0039000000000000007,0.011700000000000044,0.012332882874656722,tap3,natural,light,20260810_140234,True
3942734,0.0039,0.0312,0.9321,3942.734,500000,-0.011699999999999999,0.007799999999999998,0.023400000000000087,0.027300000000000074,tap3,natural,light,20260810_140234,True
3945212,0.0078,0.0273,0.9282,3945.212,500000,-0.0078,0.0039000000000000007,0.019500000000000073,0.021361179742701544,tap3,natural,light,20260810_140234,True
3947713,0.0117,0.0195,0.9243,3947.713,500000,-0.003899999999999999,-0.0039000000000000007,0.015600000000000058,0.016546298679765266,tap3,natural,light,20260810_140234,True
3950218,0.0156,0.0273,0.9165,3950.218,500000,0.0,0.0039000000000000007,0.007800000000000029,0.008720665112249207,tap3,natural,light,20260810_140234,True
3952717,0.0195,0.0234,0.9204,3952.717,500000,0.0039000000000000007,0.0,0.011700000000000044,0.012332882874656722,tap3,natural,light,20260810_140234,True
3955221,0.0078,0.0234,0.9204,3955.221,500000,-0.0078,0.0,0.011700000000000044,0.014061649974309594,tap3,natural,light,20260810_140234,True
3957729,0.0117,0.0273,0.9204,3957.729,500000,-0.003899999999999999,0.0039000000000000007,0.011700000000000044,0.012934836682386099,tap3,natural,light,20260810_140234,True
3960214,0.0117,0.0273,0.9165,3960.214,500000,-0.003899999999999999,0.0039000000000000007,0.007800000000000029,0.009553009996854418,tap3,natural,light,20260810_140234,True
3962730,0.0117,0.0234,0.9243,3962.73,500000,-0.003899999999999999,0.0,0.015600000000000058,0.016080111939908933,tap3,natural,light,20260810_140234,True
3965231,0.0156,0.0273,0.9282,3965.231,500000,0.0,0.0039000000000000007,0.019500000000000073,0.01988617610301193,tap3,natural,light,20260810_140234,True
3967705,0.0195,0.0312,0.9243,3967.705,500000,0.0039000000000000007,0.007799999999999998,0.015600000000000058,0.017872045210327828,tap3,natural,light,20260810_140234,True
3970229,0.0195,0.0234,0.9321,3970.229,500000,0.0039000000000000007,0.0,0.023400000000000087,0.023722773868163145,tap3,natural,light,20260810_140234,True
3972721,0.0117,0.0234,0.9321,3972.721,500000,-0.003899999999999999,0.0,0.023400000000000087,0.023722773868163145,tap3,natural,light,20260810_140234,True
3975223,0.0156,0.0312,0.9282,3975.223,500000,0.0,0.007799999999999998,0.019500000000000073,0.021002142747824634,tap3,natural,light,20260810_140234,True
3977706,0.0117,0.0273,0.9243,3977.706,500000,-0.003899999999999999,0.0039000000000000007,0.015600000000000058,0.016546298679765266,tap3,natural,light,20260810_140234,True
3980226,0.0117,0.0273,0.9204,3980.226,500000,-0.003899999999999999,0.0039000000000000007,0.011700000000000044,0.012934836682386099,tap3,natural,light,20260810_140234,True
3982706,0.0156,0.0312,0.9282,3982.706,500000,0.0,0.007799999999999998,0.019500000000000073,0.021002142747824634,tap3,natural,light,20260810_140234,True
3985209,0.0117,0.0273,0.9204,3985.209,500000,-0.003899999999999999,0.0039000000000000007,0.011700000000000044,0.012934836682386099,tap3,natural,light,20260810_140234,True
3987720,0.0117,0.0273,0.9204,3987.72,500000,-0.003899999999999999,0.0039000000000000007,0.011700000000000044,0.012934836682386099,tap3,natural,light,20260810_140234,True
3990231,0.0078,0.0351,0.9165,3990.231,500000,-0.0078,0.011699999999999999,0.007800000000000029,0.016080111939908888,tap3,natural,light,20260810_140234,True
3992731,0.0195,0.0273,0.9165,3992.731,500000,0.0039000000000000007,0.0039000000000000007,0.007800000000000029,0.00955300999685442,tap3,natural,light,20260810_140234,True
3995207,0.0117,0.0273,0.9204,3995.207,500000,-0.003899999999999999,0.0039000000000000007,0.011700000000000044,0.012934836682386099,tap3,natural,light,20260810_140234,True
3997707,0.0234,0.0234,0.9243,3997.707,500000,0.007800000000000001,0.0,0.015600000000000058,0.017441330224498414,tap3,natural,light,20260810_140234,True
4000218,0.0156,0.0273,0.9282,4000.218,500000,0.0,0.0039000000000000007,0.019500000000000073,0.01988617610301193,tap3,natural,light,20260810_140234,True
4002713,0.0039,0.0273,0.936,4002.713,500000,-0.011699999999999999,0.0039000000000000007,0.027300000000000102,0.029956468416687664,tap3,natural,light,20260810_140234,True
4005217,0.0117,0.0312,0.9243,4005.217,500000,-0.003899999999999999,0.007799999999999998,0.015600000000000058,0.017872045210327824,tap3,natural,light,20260810_140234,True
4007717,0.0117,0.0312,0.9282,4007.717,500000,-0.003899999999999999,0.007799999999999998,0.019500000000000073,0.021361179742701544,tap3,natural,light,20260810_140234,True
