time_us,x_g,y_g,z_g,time_ms,cue_time_us,x_delta_g,y_delta_g,z_delta_g,dynamic_magnitude_g,label,requested_pace,requested_force,session_id,operator_accepted
21114,0.0195,0.0351,0.9126,21.114,500000,0.0,0.0039000000000000007,0.0039000000000000146,0.005515432893255082,tap1,natural,light,20260810_141717,False
21578,0.0195,0.0351,0.9126,21.578,500000,0.0,0.0039000000000000007,0.0039000000000000146,0.005515432893255082,tap1,natural,light,20260810_141717,False
21983,0.0195,0.0351,0.9126,21.983,500000,0.0,0.0039000000000000007,0.0039000000000000146,0.005515432893255082,tap1,natural,light,20260810_141717,False
22383,0.0195,0.0351,0.9126,22.383,500000,0.0,0.0039000000000000007,0.0039000000000000146,0.005515432893255082,tap1,natural,light,20260810_141717,False
22796,0.0156,0.0312,0.9087,22.796,500000,-0.0039000000000000007,0.0,0.0,0.0039000000000000007,tap1,natural,light,20260810_141717,False
23195,0.0156,0.0312,0.9087,23.195,500000,-0.0039000000000000007,0.0,0.0,0.0039000000000000007,tap1,natural,light,20260810_141717,False
23604,0.0156,0.0312,0.9087,23.604,500000,-0.0039000000000000007,0.0,0.0,0.0039000000000000007,tap1,natural,light,20260810_141717,False
24004,0.0156,0.0312,0.9087,24.004,500000,-0.0039000000000000007,0.0,0.0,0.0039000000000000007,tap1,natural,light,20260810_141717,False
24403,0.0156,0.0312,0.9087,24.403,500000,-0.0039000000000000007,0.0,0.0,0.0039000000000000007,tap1,natural,light,20260810_141717,False
24807,0.0156,0.0312,0.9087,24.807,500000,-0.0039000000000000007,0.0,0.0,0.0039000000000000007,tap1,natural,light,20260810_141717,False
25206,0.0195,0.0351,0.9048,25.206,500000,0.0,0.0039000000000000007,-0.0038999999999999035,0.005515432893255003,tap1,natural,light,20260810_141717,False
27503,0.0195,0.0351,0.9048,27.503,500000,0.0,0.0039000000000000007,-0.0038999999999999035,0.005515432893255003,tap1,natural,light,20260810_141717,False
30013,0.0234,0.0234,0.9009,30.013,500000,0.0039000000000000007,-0.007799999999999998,-0.007799999999999918,0.011699999999999945,tap1,natural,light,20260810_141717,False
32507,0.0195,0.0234,0.9048,32.507,500000,0.0,-0.007799999999999998,-0.0038999999999999035,0.008720665112249134,tap1,natural,light,20260810_141717,False
35011,0.0117,0.0312,0.9087,35.011,500000,-0.0078,0.0,0.0,0.0078,tap1,natural,light,20260810_141717,False
37525,0.0156,0.0312,0.8853,37.525,500000,-0.0039000000000000007,0.0,-0.023399999999999976,0.023722773868163034,tap1,natural,light,20260810_141717,False
40018,0.0273,0.0312,0.8814,40.018,500000,0.007800000000000001,0.0,-0.02729999999999999,0.028392428568194013,tap1,natural,light,20260810_141717,False
42502,0.0234,0.0195,0.9165,42.502,500000,0.0039000000000000007,-0.011699999999999999,0.007800000000000029,0.014592463808418386,tap1,natural,light,20260810_141717,False
45012,0.0156,0.0312,0.9282,45.012,500000,-0.0039000000000000007,0.0,0.019500000000000073,0.01988617610301193,tap1,natural,light,20260810_141717,False
47505,0.0039,0.0351,0.9399,47.505,500000,-0.0156,0.0039000000000000007,0.031200000000000006,0.035100000000000006,tap1,natural,light,20260810_141717,False
50007,0.0312,0.0468,0.9009,50.007,500000,0.011699999999999999,0.015600000000000003,-0.007799999999999918,0.021002142747824536,tap1,natural,light,20260810_141717,False
52519,0.0429,0.0429,0.8814,52.519,500000,0.0234,0.011700000000000002,-0.02729999999999999,0.03781190288784736,tap1,natural,light,20260810_141717,False
55001,0.0195,0.0312,0.9087,55.001,500000,0.0,0.0,0.0,0.0,tap1,natural,light,20260810_141717,False
57516,0.0117,0.0312,0.9243,57.516,500000,-0.0078,0.0,0.015600000000000058,0.01744133022449841,tap1,natural,light,20260810_141717,False
60008,0.0117,0.0234,0.9243,60.008,500000,-0.0078,-0.007799999999999998,0.015600000000000058,0.019106019993708836,tap1,natural,light,20260810_141717,False
62502,0.0234,0.0273,0.8853,62.502,500000,0.0039000000000000007,-0.0038999999999999972,-0.023399999999999976,0.024041214611578984,tap1,natural,light,20260810_141717,False
65005,0.0234,0.0351,0.9048,65.005,500000,0.0039000000000000007,0.0039000000000000007,-0.0038999999999999035,0.006754998149518567,tap1,natural,light,20260810_141717,False
67507,0.0195,0.0312,0.9243,67.507,500000,0.0,0.0,0.015600000000000058,0.015600000000000058,tap1,natural,light,20260810_141717,False
70030,0.0234,0.0273,0.9243,70.03,500000,0.0039000000000000007,-0.0038999999999999972,0.015600000000000058,0.016546298679765266,tap1,natural,light,20260810_141717,False
72529,0.0156,0.039,0.9009,72.529,500000,-0.0039000000000000007,0.007800000000000001,-0.007799999999999918,0.011699999999999947,tap1,natural,light,20260810_141717,False
75009,0.0273,0.0351,0.9009,75.009,500000,0.007800000000000001,0.0039000000000000007,-0.007799999999999918,0.011699999999999947,tap1,natural,light,20260810_141717,False
77506,0.0195,0.0351,0.9087,77.506,500000,0.0,0.0039000000000000007,0.0,0.0039000000000000007,tap1,natural,light,20260810_141717,False
80024,0.0156,0.0312,0.9204,80.024,500000,-0.0039000000000000007,0.0,0.011700000000000044,0.012332882874656722,tap1,natural,light,20260810_141717,False
82518,0.0234,0.0351,0.9165,82.518,500000,0.0039000000000000007,0.0039000000000000007,0.007800000000000029,0.00955300999685442,tap1,natural,light,20260810_141717,False
85026,0.0195,0.0312,0.9048,85.026,500000,0.0,0.0,-0.0038999999999999035,0.0038999999999999035,tap1,natural,light,20260810_141717,False
87508,0.0195,0.0234,0.9009,87.508,500000,0.0,-0.007799999999999998,-0.007799999999999918,0.011030865786510082,tap1,natural,light,20260810_141717,False
90000,0.0156,0.0273,0.9048,90.0,500000,-0.0039000000000000007,-0.0038999999999999972,-0.0038999999999999035,0.006754998149518564,tap1,natural,light,20260810_141717,False
92525,0.0156,0.0234,0.9204,92.525,500000,-0.0039000000000000007,-0.007799999999999998,0.011700000000000044,0.014592463808418405,tap1,natural,light,20260810_141717,False
95016,0.0195,0.0351,0.9204,95.016,500000,0.0,0.0039000000000000007,0.011700000000000044,0.012332882874656722,tap1,natural,light,20260810_141717,False
97521,0.0156,0.0429,0.9126,97.521,500000,-0.0039000000000000007,0.011700000000000002,0.0039000000000000146,0.012934836682386066,tap1,natural,light,20260810_141717,False
100012,0.0195,0.0351,0.9165,100.012,500000,0.0,0.0039000000000000007,0.007800000000000029,0.008720665112249207,tap1,natural,light,20260810_141717,False
102948,0.0195,0.039,0.9087,102.948,500000,0.0,0.007800000000000001,0.0,0.007800000000000001,tap1,natural,light,20260810_141717,False
105006,0.0195,0.0351,0.9087,105.006,500000,0.0,0.0039000000000000007,0.0,0.0039000000000000007,tap1,natural,light,20260810_141717,False
107516,0.0234,0.0351,0.9048,107.516,500000,0.0039000000000000007,0.0039000000000000007,-0.0038999999999999035,0.006754998149518567,tap1,natural,light,20260810_141717,False
110022,0.0195,0.0312,0.9048,110.022,500000,0.0,0.0,-0.0038999999999999035,0.0038999999999999035,tap1,natural,light,20260810_141717,False
112520,0.0117,0.0312,0.9087,112.52,500000,-0.0078,0.0,0.0,0.0078,tap1,natural,light,20260810_141717,False
115030,0.0195,0.0234,0.9048,115.03,500000,0.0,-0.007799999999999998,-0.0038999999999999035,0.008720665112249134,tap1,natural,light,20260810_141717,False
117522,0.0195,0.0312,0.9009,117.522,500000,0.0,0.0,-0.007799999999999918,0.007799999999999918,tap1,natural,light,20260810_141717,False
120014,0.0195,0.0273,0.9048,120.014,500000,0.0,-0.0038999999999999972,-0.0038999999999999035,0.005515432893255,tap1,natural,light,20260810_141717,False
122509,0.0156,0.0234,0.9165,122.509,500000,-0.0039000000000000007,-0.007799999999999998,0.007800000000000029,0.011700000000000018,tap1,natural,light,20260810_141717,False
125013,0.0195,0.0351,0.9165,125.013,500000,0.0,0.0039000000000000007,0.007800000000000029,0.008720665112249207,tap1,natural,light,20260810_141717,False
127503,0.0273,0.0351,0.9204,127.503,500000,0.007800000000000001,0.0039000000000000007,0.011700000000000044,0.014592463808418409,tap1,natural,light,20260810_141717,False
130023,0.0273,0.0351,0.9204,130.023,500000,0.007800000000000001,0.0039000000000000007,0.011700000000000044,0.014592463808418409,tap1,natural,light,20260810_141717,False
132502,0.0234,0.0312,0.9009,132.502,500000,0.0039000000000000007,0.0,-0.007799999999999918,0.008720665112249107,tap1,natural,light,20260810_141717,False
135004,0.0195,0.0351,0.8931,135.004,500000,0.0,0.0039000000000000007,-0.015599999999999947,0.016080111939908825,tap1,natural,light,20260810_141717,False
137519,0.0234,0.0234,0.9048,137.519,500000,0.0039000000000000007,-0.007799999999999998,-0.0038999999999999035,0.009553009996854354,tap1,natural,light,20260810_141717,False
140010,0.0195,0.0273,0.9048,140.01,500000,0.0,-0.0038999999999999972,-0.0038999999999999035,0.005515432893255,tap1,natural,light,20260810_141717,False
142521,0.0234,0.0195,0.9087,142.521,500000,0.0039000000000000007,-0.011699999999999999,0.0,0.012332882874656679,tap1,natural,light,20260810_141717,False
145013,0.0195,0.0156,0.9087,145.013,500000,0.0,-0.0156,0.0,0.0156,tap1,natural,light,20260810_141717,False
147504,0.0156,0.0312,0.9165,147.504,500000,-0.0039000000000000007,0.0,0.007800000000000029,0.008720665112249207,tap1,natural,light,20260810_141717,False
150027,0.0234,0.0312,0.9048,150.027,500000,0.0039000000000000007,0.0,-0.0038999999999999035,0.005515432893255003,tap1,natural,light,20260810_141717,False
152526,0.0351,0.0312,0.9087,152.526,500000,0.0156,0.0,0.0,0.0156,tap1,natural,light,20260810_141717,False
155009,0.0312,0.039,0.9048,155.009,500000,0.011699999999999999,0.007800000000000001,-0.0038999999999999035,0.014592463808418346,tap1,natural,light,20260810_141717,False
157527,0.0273,0.0312,0.9048,157.527,500000,0.007800000000000001,0.0,-0.0038999999999999035,0.008720665112249138,tap1,natural,light,20260810_141717,False
160018,0.0117,0.0312,0.9126,160.018,500000,-0.0078,0.0,0.0039000000000000146,0.008720665112249186,tap1,natural,light,20260810_141717,False
162516,0.0195,0.0312,0.9087,162.516,500000,0.0,0.0,0.0,0.0,tap1,natural,light,20260810_141717,False
165028,0.0273,0.0156,0.9165,165.028,500000,0.007800000000000001,-0.0156,0.007800000000000029,0.0191060199937088,tap1,natural,light,20260810_141717,False
167514,0.0195,0.0234,0.9087,167.514,500000,0.0,-0.007799999999999998,0.0,0.007799999999999998,tap1,natural,light,20260810_141717,False
170005,0.0156,0.0273,0.9048,170.005,500000,-0.0039000000000000007,-0.0038999999999999972,-0.0038999999999999035,0.006754998149518564,tap1,natural,light,20260810_141717,False
172502,0.0156,0.0234,0.9204,172.502,500000,-0.0039000000000000007,-0.007799999999999998,0.011700000000000044,0.014592463808418405,tap1,natural,light,20260810_141717,False
175006,0.0195,0.0234,0.9126,175.006,500000,0.0,-0.007799999999999998,0.0039000000000000146,0.008720665112249185,tap1,natural,light,20260810_141717,False
177501,0.0234,0.0273,0.9165,177.501,500000,0.0039000000000000007,-0.0038999999999999972,0.007800000000000029,0.009553009996854418,tap1,natural,light,20260810_141717,False
180016,0.0234,0.0273,0.9048,180.016,500000,0.0039000000000000007,-0.0038999999999999972,-0.0038999999999999035,0.006754998149518564,tap1,natural,light,20260810_141717,False
182516,0.0234,0.0234,0.9126,182.516,500000,0.0039000000000000007,-0.007799999999999998,0.0039000000000000146,0.0095530099968544,tap1,natural,light,20260810_141717,False
185024,0.0195,0.0195,0.9048,185.024,500000,0.0,-0.011699999999999999,-0.0038999999999999035,0.012332882874656647,tap1,natural,light,20260810_141717,False
187511,0.0156,0.0234,0.9243,187.511,500000,-0.0039000000000000007,-0.007799999999999998,0.015600000000000058,0.017872045210327828,tap1,natural,light,20260810_141717,False
190001,0.0195,0.0312,0.9204,190.001,500000,0.0,0.0,0.011700000000000044,0.011700000000000044,tap1,natural,light,20260810_141717,False
192529,0.0156,0.0273,0.9087,192.529,500000,-0.0039000000000000007,-0.0038999999999999972,0.0,0.0055154328932550695,tap1,natural,light,20260810_141717,False
195020,0.0156,0.0429,0.8892,195.02,500000,-0.0039000000000000007,0.011700000000000002,-0.019499999999999962,0.023072711154088474,tap1,natural,light,20260810_141717,False
197526,0.0195,0.0351,0.8814,197.526,500000,0.0,0.0039000000000000007,-0.02729999999999999,0.027577164466275342,tap1,natural,light,20260810_141717,False
200007,0.0234,0.0078,0.9087,200.007,500000,0.0039000000000000007,-0.023399999999999997,0.0,0.023722773868163054,tap1,natural,light,20260810_141717,False
202511,0.0078,0.0156,0.9204,202.511,500000,-0.0117,-0.0156,0.011700000000000044,0.022740712389896695,tap1,natural,light,20260810_141717,False
205016,0.0039,0.0273,0.9243,205.016,500000,-0.0156,-0.0038999999999999972,0.015600000000000058,0.02240379432149835,tap1,natural,light,20260810_141717,False
207529,0.0156,0.039,0.9087,207.529,500000,-0.0039000000000000007,0.007800000000000001,0.0,0.008720665112249181,tap1,natural,light,20260810_141717,False
210030,0.0351,0.0351,0.8853,210.03,500000,0.0156,0.0039000000000000007,-0.023399999999999976,0.028392428568194003,tap1,natural,light,20260810_141717,False
212529,0.0156,0.0234,0.9204,212.529,500000,-0.0039000000000000007,-0.007799999999999998,0.011700000000000044,0.014592463808418405,tap1,natural,light,20260810_141717,False
215008,0.0078,0.0468,0.9282,215.008,500000,-0.0117,0.015600000000000003,0.019500000000000073,0.027577164466275405,tap1,natural,light,20260810_141717,False
217503,0.0195,0.0312,0.9204,217.503,500000,0.0,0.0,0.011700000000000044,0.011700000000000044,tap1,natural,light,20260810_141717,False
220017,0.0234,0.0312,0.8853,220.017,500000,0.0039000000000000007,0.0,-0.023399999999999976,0.023722773868163034,tap1,natural,light,20260810_141717,False
222511,0.0195,0.0195,0.9048,222.511,500000,0.0,-0.011699999999999999,-0.0038999999999999035,0.012332882874656647,tap1,natural,light,20260810_141717,False
225013,0.0039,0.0273,0.936,225.013,500000,-0.0156,-0.0038999999999999972,0.027300000000000102,0.03168374977808033,tap1,natural,light,20260810_141717,False
227530,0.0156,0.0156,0.9321,227.53,500000,-0.0039000000000000007,-0.0156,0.023400000000000087,0.028392428568194093,tap1,natural,light,20260810_141717,False
230020,0.0234,0.0273,0.8814,230.02,500000,0.0039000000000000007,-0.0038999999999999972,-0.02729999999999999,0.027851570871317104,tap1,natural,light,20260810_141717,False
232512,0.0117,0.0312,0.8931,232.512,500000,-0.0078,0.0,-0.015599999999999947,0.017441330224498314,tap1,natural,light,20260810_141717,False
235014,0.0039,0.0312,0.936,235.014,500000,-0.0156,0.0,0.027300000000000102,0.03144280521836443,tap1,natural,light,20260810_141717,False
237528,0.0039,0.0312,0.936,237.528,500000,-0.0156,0.0,0.027300000000000102,0.03144280521836443,tap1,natural,light,20260810_141717,False
240022,0.0156,0.039,0.9126,240.022,500000,-0.0039000000000000007,0.007800000000000001,0.0039000000000000146,0.009553009996854402,tap1,natural,light,20260810_141717,False
242501,0.0312,0.0468,0.9048,242.501,500000,0.011699999999999999,0.015600000000000003,-0.0038999999999999035,0.019886176103011844,tap1,natural,light,20260810_141717,False
245011,0.0273,0.0429,0.9087,245.011,500000,0.007800000000000001,0.011700000000000002,0.0,0.01406164997430956,tap1,natural,light,20260810_141717,False
247504,0.0117,0.039,0.9126,247.504,500000,-0.0078,0.007800000000000001,0.0039000000000000146,0.011700000000000006,tap1,natural,light,20260810_141717,False
250025,0.0234,0.0273,0.9009,250.025,500000,0.0039000000000000007,-0.0038999999999999972,-0.007799999999999918,0.009553009996854326,tap1,natural,light,20260810_141717,False
252521,0.0195,0.0234,0.8931,252.521,500000,0.0,-0.007799999999999998,-0.015599999999999947,0.01744133022449831,tap1,natural,light,20260810_141717,False
255028,0.0156,0.0273,0.9126,255.028,500000,-0.0039000000000000007,-0.0038999999999999972,0.0039000000000000146,0.006754998149518628,tap1,natural,light,20260810_141717,False
257503,0.0078,0.039,0.9204,257.503,500000,-0.0117,0.007800000000000001,0.011700000000000044,0.018292621463311405,tap1,natural,light,20260810_141717,False
260001,0.0117,0.039,0.897,260.001,500000,-0.0078,0.007800000000000001,-0.011699999999999933,0.01608011193990883,tap1,natural,light,20260810_141717,False
262529,0.0195,0.0312,0.9048,262.529,500000,0.0,0.0,-0.0038999999999999035,0.0038999999999999035,tap1,natural,light,20260810_141717,False
265026,0.0273,0.0351,0.9087,265.026,500000,0.007800000000000001,0.0039000000000000007,0.0,0.008720665112249181,tap1,natural,light,20260810_141717,False
267518,0.0195,0.0429,0.9126,267.518,500000,0.0,0.011700000000000002,0.0039000000000000146,0.012332882874656687,tap1,natural,light,20260810_141717,False
270009,0.0234,0.0429,0.9087,270.009,500000,0.0039000000000000007,0.011700000000000002,0.0,0.012332882874656682,tap1,natural,light,20260810_141717,False
272507,0.0234,0.0351,0.897,272.507,500000,0.0039000000000000007,0.0039000000000000007,-0.011699999999999933,0.012934836682385998,tap1,natural,light,20260810_141717,False
275012,0.0234,0.0351,0.9048,275.012,500000,0.0039000000000000007,0.0039000000000000007,-0.0038999999999999035,0.006754998149518567,tap1,natural,light,20260810_141717,False
277504,0.0156,0.0312,0.9048,277.504,500000,-0.0039000000000000007,0.0,-0.0038999999999999035,0.005515432893255003,tap1,natural,light,20260810_141717,False
280029,0.0195,0.0234,0.9087,280.029,500000,0.0,-0.007799999999999998,0.0,0.007799999999999998,tap1,natural,light,20260810_141717,False
282525,0.0234,0.0234,0.9048,282.525,500000,0.0039000000000000007,-0.007799999999999998,-0.0038999999999999035,0.009553009996854354,tap1,natural,light,20260810_141717,False
285005,0.0156,0.0273,0.897,285.005,500000,-0.0039000000000000007,-0.0038999999999999972,-0.011699999999999933,0.012934836682385998,tap1,natural,light,20260810_141717,False
287521,0.0273,0.0273,0.9126,287.521,500000,0.007800000000000001,-0.0038999999999999972,0.0039000000000000146,0.0095530099968544,tap1,natural,light,20260810_141717,False
290012,0.0273,0.0312,0.9165,290.012,500000,0.007800000000000001,0.0,0.007800000000000029,0.011030865786510163,tap1,natural,light,20260810_141717,False
292508,0.0234,0.0351,0.9126,292.508,500000,0.0039000000000000007,0.0039000000000000007,0.0039000000000000146,0.006754998149518631,tap1,natural,light,20260810_141717,False
295003,0.0273,0.0312,0.8931,295.003,500000,0.007800000000000001,0.0,-0.015599999999999947,0.017441330224498314,tap1,natural,light,20260810_141717,False
297510,0.0195,0.0273,0.9048,297.51,500000,0.0,-0.0038999999999999972,-0.0038999999999999035,0.005515432893255,tap1,natural,light,20260810_141717,False
300030,0.0156,0.0351,0.9048,300.03,500000,-0.0039000000000000007,0.0039000000000000007,-0.0038999999999999035,0.006754998149518567,tap1,natural,light,20260810_141717,False
302504,0.0156,0.0273,0.9009,302.504,500000,-0.0039000000000000007,-0.0038999999999999972,-0.007799999999999918,0.009553009996854326,tap1,natural,light,20260810_141717,False
305009,0.0117,0.0273,0.9048,305.009,500000,-0.0078,-0.0038999999999999972,-0.0038999999999999035,0.009553009996854354,tap1,natural,light,20260810_141717,False
307520,0.0234,0.0273,0.9048,307.52,500000,0.0039000000000000007,-0.0038999999999999972,-0.0038999999999999035,0.006754998149518564,tap1,natural,light,20260810_141717,False
310018,0.0312,0.0234,0.897,310.018,500000,0.011699999999999999,-0.007799999999999998,-0.011699999999999933,0.018292621463311332,tap1,natural,light,20260810_141717,False
312510,0.0195,0.0195,0.9048,312.51,500000,0.0,-0.011699999999999999,-0.0038999999999999035,0.012332882874656647,tap1,natural,light,20260810_141717,False
315009,0.0156,0.0273,0.9048,315.009,500000,-0.0039000000000000007,-0.0038999999999999972,-0.0038999999999999035,0.006754998149518564,tap1,natural,light,20260810_141717,False
317507,0.0156,0.0195,0.9009,317.507,500000,-0.0039000000000000007,-0.011699999999999999,-0.007799999999999918,0.014592463808418327,tap1,natural,light,20260810_141717,False
320002,0.0156,0.0273,0.9009,320.002,500000,-0.0039000000000000007,-0.0038999999999999972,-0.007799999999999918,0.009553009996854326,tap1,natural,light,20260810_141717,False
322529,0.0117,0.0234,0.897,322.529,500000,-0.0078,-0.007799999999999998,-0.011699999999999933,0.016080111939908825,tap1,natural,light,20260810_141717,False
325008,0.0117,0.0273,0.9048,325.008,500000,-0.0078,-0.0038999999999999972,-0.0038999999999999035,0.009553009996854354,tap1,natural,light,20260810_141717,False
327500,0.0117,0.0273,0.9087,327.5,500000,-0.0078,-0.0038999999999999972,0.0,0.00872066511224918,tap1,natural,light,20260810_141717,False
330004,0.0234,0.0234,0.9204,330.004,500000,0.0039000000000000007,-0.007799999999999998,0.011700000000000044,0.014592463808418405,tap1,natural,light,20260810_141717,False
332505,0.0195,0.0195,0.9165,332.505,500000,0.0,-0.011699999999999999,0.007800000000000029,0.014061649974309573,tap1,natural,light,20260810_141717,False
335005,0.0195,0.0234,0.9048,335.005,500000,0.0,-0.007799999999999998,-0.0038999999999999035,0.008720665112249134,tap1,natural,light,20260810_141717,False
337525,0.0234,0.0195,0.9048,337.525,500000,0.0039000000000000007,-0.011699999999999999,-0.0038999999999999035,0.01293483668238603,tap1,natural,light,20260810_141717,False
340016,0.0156,0.0312,0.9009,340.016,500000,-0.0039000000000000007,0.0,-0.007799999999999918,0.008720665112249107,tap1,natural,light,20260810_141717,False
342500,0.0156,0.0312,0.9009,342.5,500000,-0.0039000000000000007,0.0,-0.007799999999999918,0.008720665112249107,tap1,natural,light,20260810_141717,False
345013,0.0156,0.0195,0.9126,345.013,500000,-0.0039000000000000007,-0.011699999999999999,0.0039000000000000146,0.012934836682386064,tap1,natural,light,20260810_141717,False
347506,0.0195,0.0312,0.9126,347.506,500000,0.0,0.0,0.0039000000000000146,0.0039000000000000146,tap1,natural,light,20260810_141717,False
350000,0.0078,0.0273,0.897,350.0,500000,-0.0117,-0.0038999999999999972,-0.011699999999999933,0.01699970587980858,tap1,natural,light,20260810_141717,False
352500,0.0156,0.0273,0.9126,352.5,500000,-0.0039000000000000007,-0.0038999999999999972,0.0039000000000000146,0.006754998149518628,tap1,natural,light,20260810_141717,False
355005,0.0117,0.0312,0.9165,355.005,500000,-0.0078,0.0,0.007800000000000029,0.011030865786510162,tap1,natural,light,20260810_141717,False
357522,0.0156,0.0234,0.9165,357.522,500000,-0.0039000000000000007,-0.007799999999999998,0.007800000000000029,0.011700000000000018,tap1,natural,light,20260810_141717,False
360022,0.0117,0.0273,0.9126,360.022,500000,-0.0078,-0.0038999999999999972,0.0039000000000000146,0.0095530099968544,tap1,natural,light,20260810_141717,False
362516,0.0117,0.039,0.9165,362.516,500000,-0.0078,0.007800000000000001,0.007800000000000029,0.01350999629903726,tap1,natural,light,20260810_141717,False
365025,0.0156,0.0273,0.9126,365.025,500000,-0.0039000000000000007,-0.0038999999999999972,0.0039000000000000146,0.006754998149518628,tap1,natural,light,20260810_141717,False
367502,0.0195,0.0351,0.897,367.502,500000,0.0,0.0039000000000000007,-0.011699999999999933,0.012332882874656616,tap1,natural,light,20260810_141717,False
370017,0.0156,0.0234,0.9087,370.017,500000,-0.0039000000000000007,-0.007799999999999998,0.0,0.00872066511224918,tap1,natural,light,20260810_141717,False
372516,0.0156,0.0351,0.9243,372.516,500000,-0.0039000000000000007,0.0039000000000000007,0.015600000000000058,0.01654629867976527,tap1,natural,light,20260810_141717,False
375025,0.0234,0.0273,0.9321,375.025,500000,0.0039000000000000007,-0.0038999999999999972,0.023400000000000087,0.024041214611579095,tap1,natural,light,20260810_141717,False
377518,0.0156,0.0273,0.9204,377.518,500000,-0.0039000000000000007,-0.0038999999999999972,0.011700000000000044,0.012934836682386099,tap1,natural,light,20260810_141717,False
380009,0.0117,0.0351,0.9048,380.009,500000,-0.0078,0.0039000000000000007,-0.0038999999999999035,0.009553009996854355,tap1,natural,light,20260810_141717,False
382506,0.0117,0.0351,0.9126,382.506,500000,-0.0078,0.0039000000000000007,0.0039000000000000146,0.0095530099968544,tap1,natural,light,20260810_141717,False
385009,0.0195,0.0273,0.9087,385.009,500000,0.0,-0.0038999999999999972,0.0,0.0038999999999999972,tap1,natural,light,20260810_141717,False
387526,0.0156,0.0312,0.9204,387.526,500000,-0.0039000000000000007,0.0,0.011700000000000044,0.012332882874656722,tap1,natural,light,20260810_141717,False
390020,0.0156,0.0351,0.9126,390.02,500000,-0.0039000000000000007,0.0039000000000000007,0.0039000000000000146,0.006754998149518631,tap1,natural,light,20260810_141717,False
392517,0.0195,0.039,0.9087,392.517,500000,0.0,0.007800000000000001,0.0,0.007800000000000001,tap1,natural,light,20260810_141717,False
395019,0.0156,0.0312,0.9048,395.019,500000,-0.0039000000000000007,0.0,-0.0038999999999999035,0.005515432893255003,tap1,natural,light,20260810_141717,False
397500,0.0195,0.0273,0.9009,397.5,500000,0.0,-0.0038999999999999972,-0.007799999999999918,0.008720665112249105,tap1,natural,light,20260810_141717,False
400016,0.0195,0.0351,0.9048,400.016,500000,0.0,0.0039000000000000007,-0.0038999999999999035,0.005515432893255003,tap1,natural,light,20260810_141717,False
402522,0.0195,0.0351,0.9087,402.522,500000,0.0,0.0039000000000000007,0.0,0.0039000000000000007,tap1,natural,light,20260810_141717,False
405002,0.0195,0.0312,0.9087,405.002,500000,0.0,0.0,0.0,0.0,tap1,natural,light,20260810_141717,False
407509,0.0195,0.0234,0.9009,407.509,500000,0.0,-0.007799999999999998,-0.007799999999999918,0.011030865786510082,tap1,natural,light,20260810_141717,False
410012,0.0195,0.0273,0.9048,410.012,500000,0.0,-0.0038999999999999972,-0.0038999999999999035,0.005515432893255,tap1,natural,light,20260810_141717,False
412510,0.0234,0.0312,0.9126,412.51,500000,0.0039000000000000007,0.0,0.0039000000000000146,0.005515432893255082,tap1,natural,light,20260810_141717,False
415013,0.0195,0.0351,0.9126,415.013,500000,0.0,0.0039000000000000007,0.0039000000000000146,0.005515432893255082,tap1,natural,light,20260810_141717,False
417507,0.0234,0.0273,0.9048,417.507,500000,0.0039000000000000007,-0.0038999999999999972,-0.0038999999999999035,0.006754998149518564,tap1,natural,light,20260810_141717,False
420029,0.0273,0.0312,0.9087,420.029,500000,0.007800000000000001,0.0,0.0,0.007800000000000001,tap1,natural,light,20260810_141717,False
422526,0.0195,0.0351,0.9087,422.526,500000,0.0,0.0039000000000000007,0.0,0.0039000000000000007,tap1,natural,light,20260810_141717,False
425005,0.0273,0.0312,0.9087,425.005,500000,0.007800000000000001,0.0,0.0,0.007800000000000001,tap1,natural,light,20260810_141717,False
427522,0.0195,0.0312,0.9009,427.522,500000,0.0,0.0,-0.007799999999999918,0.007799999999999918,tap1,natural,light,20260810_141717,False
430018,0.0156,0.0351,0.9087,430.018,500000,-0.0039000000000000007,0.0039000000000000007,0.0,0.005515432893255071,tap1,natural,light,20260810_141717,False
432516,0.0234,0.0273,0.9087,432.516,500000,0.0039000000000000007,-0.0038999999999999972,0.0,0.0055154328932550695,tap1,natural,light,20260810_141717,False
435025,0.0195,0.0312,0.9048,435.025,500000,0.0,0.0,-0.0038999999999999035,0.0038999999999999035,tap1,natural,light,20260810_141717,False
437509,0.0195,0.0351,0.9087,437.509,500000,0.0,0.0039000000000000007,0.0,0.0039000000000000007,tap1,natural,light,20260810_141717,False
440006,0.0234,0.0273,0.9009,440.006,500000,0.0039000000000000007,-0.0038999999999999972,-0.007799999999999918,0.009553009996854326,tap1,natural,light,20260810_141717,False
442516,0.0195,0.039,0.9009,442.516,500000,0.0,0.007800000000000001,-0.007799999999999918,0.011030865786510084,tap1,natural,light,20260810_141717,False
445011,0.0234,0.0234,0.9009,445.011,500000,0.0039000000000000007,-0.007799999999999998,-0.007799999999999918,0.011699999999999945,tap1,natural,light,20260810_141717,False
447508,0.0234,0.0234,0.9087,447.508,500000,0.0039000000000000007,-0.007799999999999998,0.0,0.00872066511224918,tap1,natural,light,20260810_141717,False
450002,0.0234,0.0234,0.9087,450.002,500000,0.0039000000000000007,-0.007799999999999998,0.0,0.00872066511224918,tap1,natural,light,20260810_141717,False
452503,0.0156,0.0351,0.9048,452.503,500000,-0.0039000000000000007,0.0039000000000000007,-0.0038999999999999035,0.006754998149518567,tap1,natural,light,20260810_141717,False
455009,0.0156,0.0312,0.9048,455.009,500000,-0.0039000000000000007,0.0,-0.0038999999999999035,0.005515432893255003,tap1,natural,light,20260810_141717,False
457526,0.0195,0.0234,0.9126,457.526,500000,0.0,-0.007799999999999998,0.0039000000000000146,0.008720665112249185,tap1,natural,light,20260810_141717,False
460007,0.0195,0.0234,0.9126,460.007,500000,0.0,-0.007799999999999998,0.0039000000000000146,0.008720665112249185,tap1,natural,light,20260810_141717,False
462524,0.0117,0.0273,0.9087,462.524,500000,-0.0078,-0.0038999999999999972,0.0,0.00872066511224918,tap1,natural,light,20260810_141717,False
465003,0.0195,0.0273,0.9009,465.003,500000,0.0,-0.0038999999999999972,-0.007799999999999918,0.008720665112249105,tap1,natural,light,20260810_141717,False
467515,0.0312,0.0273,0.9048,467.515,500000,0.011699999999999999,-0.0038999999999999972,-0.0038999999999999035,0.01293483668238603,tap1,natural,light,20260810_141717,False
470009,0.0156,0.0234,0.9165,470.009,500000,-0.0039000000000000007,-0.007799999999999998,0.007800000000000029,0.011700000000000018,tap1,natural,light,20260810_141717,False
472507,0.0234,0.0273,0.9087,472.507,500000,0.0039000000000000007,-0.0038999999999999972,0.0,0.0055154328932550695,tap1,natural,light,20260810_141717,False
475011,0.0195,0.039,0.9087,475.011,500000,0.0,0.007800000000000001,0.0,0.007800000000000001,tap1,natural,light,20260810_141717,False
477502,0.0195,0.0273,0.9048,477.502,500000,0.0,-0.0038999999999999972,-0.0038999999999999035,0.005515432893255,tap1,natural,light,20260810_141717,False
480017,0.0117,0.0273,0.897,480.017,500000,-0.0078,-0.0038999999999999972,-0.011699999999999933,0.014592463808418317,tap1,natural,light,20260810_141717,False
482514,0.0195,0.0273,0.9126,482.514,500000,0.0,-0.0038999999999999972,0.0039000000000000146,0.005515432893255079,tap1,natural,light,20260810_141717,False
485023,0.0156,0.0273,0.9087,485.023,500000,-0.0039000000000000007,-0.0038999999999999972,0.0,0.0055154328932550695,tap1,natural,light,20260810_141717,False
487508,0.0156,0.0273,0.9048,487.508,500000,-0.0039000000000000007,-0.0038999999999999972,-0.0038999999999999035,0.006754998149518564,tap1,natural,light,20260810_141717,False
490003,0.0117,0.0273,0.9087,490.003,500000,-0.0078,-0.0038999999999999972,0.0,0.00872066511224918,tap1,natural,light,20260810_141717,False
492501,0.0156,0.0234,0.9087,492.501,500000,-0.0039000000000000007,-0.007799999999999998,0.0,0.00872066511224918,tap1,natural,light,20260810_141717,False
495006,0.0195,0.0195,0.9048,495.006,500000,0.0,-0.011699999999999999,-0.0038999999999999035,0.012332882874656647,tap1,natural,light,20260810_141717,False
497511,0.0234,0.0234,0.9087,497.511,500000,0.0039000000000000007,-0.007799999999999998,0.0,0.00872066511224918,tap1,natural,light,20260810_141717,False
510343,0.0195,0.0195,0.9048,510.343,500000,0.0,-0.011699999999999999,-0.0038999999999999035,0.012332882874656647,tap1,natural,light,20260810_141717,False
512791,0.0156,0.0234,0.9087,512.791,500000,-0.0039000000000000007,-0.007799999999999998,0.0,0.00872066511224918,tap1,natural,light,20260810_141717,False
515289,0.0156,0.0312,0.9165,515.289,500000,-0.0039000000000000007,0.0,0.007800000000000029,0.008720665112249207,tap1,natural,light,20260810_141717,False
517803,0.0156,0.0312,0.9009,517.803,500000,-0.0039000000000000007,0.0,-0.007799999999999918,0.008720665112249107,tap1,natural,light,20260810_141717,False
520311,0.0117,0.0312,0.9048,520.311,500000,-0.0078,0.0,-0.0038999999999999035,0.008720665112249136,tap1,natural,light,20260810_141717,False
522784,0.0156,0.0273,0.9048,522.784,500000,-0.0039000000000000007,-0.0038999999999999972,-0.0038999999999999035,0.006754998149518564,tap1,natural,light,20260810_141717,False
525284,0.0156,0.0234,0.9087,525.284,500000,-0.0039000000000000007,-0.007799999999999998,0.0,0.00872066511224918,tap1,natural,light,20260810_141717,False
527791,0.0195,0.0312,0.9087,527.791,500000,0.0,0.0,0.0,0.0,tap1,natural,light,20260810_141717,False
530291,0.0195,0.0234,0.9126,530.291,500000,0.0,-0.007799999999999998,0.0039000000000000146,0.008720665112249185,tap1,natural,light,20260810_141717,False
532797,0.0156,0.0273,0.9087,532.797,500000,-0.0039000000000000007,-0.0038999999999999972,0.0,0.0055154328932550695,tap1,natural,light,20260810_141717,False
535294,0.0117,0.0312,0.9126,535.294,500000,-0.0078,0.0,0.0039000000000000146,0.008720665112249186,tap1,natural,light,20260810_141717,False
537811,0.0234,0.0312,0.9126,537.811,500000,0.0039000000000000007,0.0,0.0039000000000000146,0.005515432893255082,tap1,natural,light,20260810_141717,False
540286,0.0195,0.0351,0.9048,540.286,500000,0.0,0.0039000000000000007,-0.0038999999999999035,0.005515432893255003,tap1,natural,light,20260810_141717,False
542806,0.0195,0.0312,0.9048,542.806,500000,0.0,0.0,-0.0038999999999999035,0.0038999999999999035,tap1,natural,light,20260810_141717,False
545284,0.0195,0.0273,0.9126,545.284,500000,0.0,-0.0038999999999999972,0.0039000000000000146,0.005515432893255079,tap1,natural,light,20260810_141717,False
547791,0.0156,0.0234,0.9087,547.791,500000,-0.0039000000000000007,-0.007799999999999998,0.0,0.00872066511224918,tap1,natural,light,20260810_141717,False
550293,0.0195,0.0351,0.9087,550.293,500000,0.0,0.0039000000000000007,0.0,0.0039000000000000007,tap1,natural,light,20260810_141717,False
552799,0.0156,0.0351,0.9087,552.799,500000,-0.0039000000000000007,0.0039000000000000007,0.0,0.005515432893255071,tap1,natural,light,20260810_141717,False
555298,0.0156,0.0351,0.9087,555.298,500000,-0.0039000000000000007,0.0039000000000000007,0.0,0.005515432893255071,tap1,natural,light,20260810_141717,False
557812,0.0195,0.0351,0.9087,557.812,500000,0.0,0.0039000000000000007,0.0,0.0039000000000000007,tap1,natural,light,20260810_141717,False
560619,0.0234,0.0273,0.9165,560.619,500000,0.0039000000000000007,-0.0038999999999999972,0.007800000000000029,0.009553009996854418,tap1,natural,light,20260810_141717,False
562798,0.0195,0.0234,0.9048,562.798,500000,0.0,-0.007799999999999998,-0.0038999999999999035,0.008720665112249134,tap1,natural,light,20260810_141717,False
565295,0.0117,0.039,0.9087,565.295,500000,-0.0078,0.007800000000000001,0.0,0.011030865786510143,tap1,natural,light,20260810_141717,False
567808,0.0156,0.0273,0.9165,567.808,500000,-0.0039000000000000007,-0.0038999999999999972,0.007800000000000029,0.009553009996854418,tap1,natural,light,20260810_141717,False
570284,0.0156,0.0273,0.9165,570.284,500000,-0.0039000000000000007,-0.0038999999999999972,0.007800000000000029,0.009553009996854418,tap1,natural,light,20260810_141717,False
572785,0.0195,0.039,0.9087,572.785,500000,0.0,0.007800000000000001,0.0,0.007800000000000001,tap1,natural,light,20260810_141717,False
575284,0.0195,0.0312,0.9048,575.284,500000,0.0,0.0,-0.0038999999999999035,0.0038999999999999035,tap1,natural,light,20260810_141717,False
577789,0.0195,0.0273,0.9126,577.789,500000,0.0,-0.0038999999999999972,0.0039000000000000146,0.005515432893255079,tap1,natural,light,20260810_141717,False
580297,0.0312,0.0195,0.9165,580.297,500000,0.011699999999999999,-0.011699999999999999,0.007800000000000029,0.018292621463311388,tap1,natural,light,20260810_141717,False
582800,0.0273,0.0234,0.9126,582.8,500000,0.007800000000000001,-0.007799999999999998,0.0039000000000000146,0.011700000000000004,tap1,natural,light,20260810_141717,False
585298,0.0195,0.039,0.9126,585.298,500000,0.0,0.007800000000000001,0.0039000000000000146,0.008720665112249188,tap1,natural,light,20260810_141717,False
587787,0.0156,0.0429,0.9009,587.787,500000,-0.0039000000000000007,0.011700000000000002,-0.007799999999999918,0.01459246380841833,tap1,natural,light,20260810_141717,False
590293,0.0234,0.0351,0.9204,590.293,500000,0.0039000000000000007,0.0039000000000000007,0.011700000000000044,0.012934836682386099,tap1,natural,light,20260810_141717,False
592848,0.0078,0.039,0.9048,592.848,500000,-0.0117,0.007800000000000001,-0.0038999999999999035,0.014592463808418346,tap1,natural,light,20260810_141717,False
595311,0.0156,0.0273,0.9048,595.311,500000,-0.0039000000000000007,-0.0038999999999999972,-0.0038999999999999035,0.006754998149518564,tap1,natural,light,20260810_141717,False
597798,0.0195,0.0351,0.9087,597.798,500000,0.0,0.0039000000000000007,0.0,0.0039000000000000007,tap1,natural,light,20260810_141717,False
600302,0.0195,0.0312,0.9087,600.302,500000,0.0,0.0,0.0,0.0,tap1,natural,light,20260810_141717,False
602786,0.0156,0.039,0.9087,602.786,500000,-0.0039000000000000007,0.007800000000000001,0.0,0.008720665112249181,tap1,natural,light,20260810_141717,False
605284,0.0195,0.0312,0.9087,605.284,500000,0.0,0.0,0.0,0.0,tap1,natural,light,20260810_141717,False
607811,0.0273,0.0312,0.9165,607.811,500000,0.007800000000000001,0.0,0.007800000000000029,0.011030865786510163,tap1,natural,light,20260810_141717,False
610290,0.0156,0.0351,0.9126,610.29,500000,-0.0039000000000000007,0.0039000000000000007,0.0039000000000000146,0.006754998149518631,tap1,natural,light,20260810_141717,False
612796,0.0195,0.0273,0.9165,612.796,500000,0.0,-0.0038999999999999972,0.007800000000000029,0.008720665112249205,tap1,natural,light,20260810_141717,False
615293,0.0273,0.0312,0.9204,615.293,500000,0.007800000000000001,0.0,0.011700000000000044,0.014061649974309596,tap1,natural,light,20260810_141717,False
617791,0.0195,0.0351,0.9048,617.791,500000,0.0,0.0039000000000000007,-0.0038999999999999035,0.005515432893255003,tap1,natural,light,20260810_141717,False
620293,0.0156,0.0351,0.9048,620.293,500000,-0.0039000000000000007,0.0039000000000000007,-0.0038999999999999035,0.006754998149518567,tap1,natural,light,20260810_141717,False
622797,0.0195,0.0312,0.9048,622.797,500000,0.0,0.0,-0.0038999999999999035,0.0038999999999999035,tap1,natural,light,20260810_141717,False
625294,0.0195,0.0351,0.9087,625.294,500000,0.0,0.0039000000000000007,0.0,0.0039000000000000007,tap1,natural,light,20260810_141717,False
627814,0.0234,0.0312,0.9165,627.814,500000,0.0039000000000000007,0.0,0.007800000000000029,0.008720665112249207,tap1,natural,light,20260810_141717,False
630290,0.0156,0.0273,0.9165,630.29,500000,-0.0039000000000000007,-0.0038999999999999972,0.007800000000000029,0.009553009996854418,tap1,natural,light,20260810_141717,False
632793,0.0156,0.0195,0.9009,632.793,500000,-0.0039000000000000007,-0.011699999999999999,-0.007799999999999918,0.014592463808418327,tap1,natural,light,20260810_141717,False
635291,0.0156,0.0312,0.9048,635.291,500000,-0.0039000000000000007,0.0,-0.0038999999999999035,0.005515432893255003,tap1,natural,light,20260810_141717,False
637785,0.0156,0.0273,0.9087,637.785,500000,-0.0039000000000000007,-0.0038999999999999972,0.0,0.0055154328932550695,tap1,natural,light,20260810_141717,False
640293,0.0156,0.0312,0.9126,640.293,500000,-0.0039000000000000007,0.0,0.0039000000000000146,0.005515432893255082,tap1,natural,light,20260810_141717,False
642813,0.0234,0.0273,0.9165,642.813,500000,0.0039000000000000007,-0.0038999999999999972,0.007800000000000029,0.009553009996854418,tap1,natural,light,20260810_141717,False
645291,0.0195,0.0234,0.9087,645.291,500000,0.0,-0.007799999999999998,0.0,0.007799999999999998,tap1,natural,light,20260810_141717,False
647789,0.0156,0.0273,0.9126,647.789,500000,-0.0039000000000000007,-0.0038999999999999972,0.0039000000000000146,0.006754998149518628,tap1,natural,light,20260810_141717,False
650295,0.0156,0.0312,0.9048,650.295,500000,-0.0039000000000000007,0.0,-0.0038999999999999035,0.005515432893255003,tap1,natural,light,20260810_141717,False
652803,0.0195,0.0234,0.9048,652.803,500000,0.0,-0.007799999999999998,-0.0038999999999999035,0.008720665112249134,tap1,natural,light,20260810_141717,False
655303,0.0195,0.0312,0.9048,655.303,500000,0.0,0.0,-0.0038999999999999035,0.0038999999999999035,tap1,natural,light,20260810_141717,False
657796,0.0117,0.0351,0.9048,657.796,500000,-0.0078,0.0039000000000000007,-0.0038999999999999035,0.009553009996854355,tap1,natural,light,20260810_141717,False
660304,0.0234,0.0312,0.9087,660.304,500000,0.0039000000000000007,0.0,0.0,0.0039000000000000007,tap1,natural,light,20260810_141717,False
663035,0.0234,0.0234,0.9048,663.035,500000,0.0039000000000000007,-0.007799999999999998,-0.0038999999999999035,0.009553009996854354,tap1,natural,light,20260810_141717,False
665300,0.0156,0.0312,0.9126,665.3,500000,-0.0039000000000000007,0.0,0.0039000000000000146,0.005515432893255082,tap1,natural,light,20260810_141717,False
667802,0.0195,0.0273,0.9048,667.802,500000,0.0,-0.0038999999999999972,-0.0038999999999999035,0.005515432893255,tap1,natural,light,20260810_141717,False
670310,0.0117,0.0234,0.9087,670.31,500000,-0.0078,-0.007799999999999998,0.0,0.011030865786510139,tap1,natural,light,20260810_141717,False
672812,0.0156,0.0273,0.9087,672.812,500000,-0.0039000000000000007,-0.0038999999999999972,0.0,0.0055154328932550695,tap1,natural,light,20260810_141717,False
675310,0.0195,0.0234,0.897,675.31,500000,0.0,-0.007799999999999998,-0.011699999999999933,0.014061649974309502,tap1,natural,light,20260810_141717,False
677784,0.0195,0.0234,0.897,677.784,500000,0.0,-0.007799999999999998,-0.011699999999999933,0.014061649974309502,tap1,natural,light,20260810_141717,False
680289,0.0156,0.0273,0.9048,680.289,500000,-0.0039000000000000007,-0.0038999999999999972,-0.0038999999999999035,0.006754998149518564,tap1,natural,light,20260810_141717,False
682793,0.0234,0.0312,0.9087,682.793,500000,0.0039000000000000007,0.0,0.0,0.0039000000000000007,tap1,natural,light,20260810_141717,False
685292,0.0273,0.0195,0.9126,685.292,500000,0.007800000000000001,-0.011699999999999999,0.0039000000000000146,0.014592463808418376,tap1,natural,light,20260810_141717,False
687785,0.0156,0.0312,0.9087,687.785,500000,-0.0039000000000000007,0.0,0.0,0.0039000000000000007,tap1,natural,light,20260810_141717,False
690286,0.0234,0.0273,0.9048,690.286,500000,0.0039000000000000007,-0.0038999999999999972,-0.0038999999999999035,0.006754998149518564,tap1,natural,light,20260810_141717,False
692839,0.0312,0.0273,0.9126,692.839,500000,0.011699999999999999,-0.0038999999999999972,0.0039000000000000146,0.012934836682386062,tap1,natural,light,20260810_141717,False
695291,0.0234,0.0234,0.9126,695.291,500000,0.0039000000000000007,-0.007799999999999998,0.0039000000000000146,0.0095530099968544,tap1,natural,light,20260810_141717,False
697793,0.0195,0.0429,0.9126,697.793,500000,0.0,0.011700000000000002,0.0039000000000000146,0.012332882874656687,tap1,natural,light,20260810_141717,False
700294,0.0234,0.0429,0.9087,700.294,500000,0.0039000000000000007,0.011700000000000002,0.0,0.012332882874656682,tap1,natural,light,20260810_141717,False
702797,0.0273,0.0312,0.9087,702.797,500000,0.007800000000000001,0.0,0.0,0.007800000000000001,tap1,natural,light,20260810_141717,False
705294,0.0117,0.0312,0.9204,705.294,500000,-0.0078,0.0,0.011700000000000044,0.014061649974309594,tap1,natural,light,20260810_141717,False
707810,0.0156,0.0351,0.9048,707.81,500000,-0.0039000000000000007,0.0039000000000000007,-0.0038999999999999035,0.006754998149518567,tap1,natural,light,20260810_141717,False
710292,0.0234,0.0234,0.9126,710.292,500000,0.0039000000000000007,-0.007799999999999998,0.0039000000000000146,0.0095530099968544,tap1,natural,light,20260810_141717,False
712797,0.0195,0.0273,0.9126,712.797,500000,0.0,-0.0038999999999999972,0.0039000000000000146,0.005515432893255079,tap1,natural,light,20260810_141717,False
715296,0.0195,0.0429,0.9087,715.296,500000,0.0,0.011700000000000002,0.0,0.011700000000000002,tap1,natural,light,20260810_141717,False
717789,0.0117,0.0312,0.9087,717.789,500000,-0.0078,0.0,0.0,0.0078,tap1,natural,light,20260810_141717,False
720293,0.0273,0.0195,0.9126,720.293,500000,0.007800000000000001,-0.011699999999999999,0.0039000000000000146,0.014592463808418376,tap1,natural,light,20260810_141717,False
722811,0.0156,0.0234,0.9087,722.811,500000,-0.0039000000000000007,-0.007799999999999998,0.0,0.00872066511224918,tap1,natural,light,20260810_141717,False
725312,0.0234,0.0351,0.9087,725.312,500000,0.0039000000000000007,0.0039000000000000007,0.0,0.005515432893255071,tap1,natural,light,20260810_141717,False
727811,0.0195,0.0234,0.9009,727.811,500000,0.0,-0.007799999999999998,-0.007799999999999918,0.011030865786510082,tap1,natural,light,20260810_141717,False
730311,0.0156,0.0273,0.897,730.311,500000,-0.0039000000000000007,-0.0038999999999999972,-0.011699999999999933,0.012934836682385998,tap1,natural,light,20260810_141717,False
732785,0.0195,0.0273,0.9126,732.785,500000,0.0,-0.0038999999999999972,0.0039000000000000146,0.005515432893255079,tap1,natural,light,20260810_141717,False
735313,0.0195,0.0351,0.9087,735.313,500000,0.0,0.0039000000000000007,0.0,0.0039000000000000007,tap1,natural,light,20260810_141717,False
737804,0.0195,0.0312,0.9087,737.804,500000,0.0,0.0,0.0,0.0,tap1,natural,light,20260810_141717,False
740304,0.0156,0.0273,0.9126,740.304,500000,-0.0039000000000000007,-0.0038999999999999972,0.0039000000000000146,0.006754998149518628,tap1,natural,light,20260810_141717,False
742801,0.0195,0.0273,0.9126,742.801,500000,0.0,-0.0038999999999999972,0.0039000000000000146,0.005515432893255079,tap1,natural,light,20260810_141717,False
745309,0.0156,0.0273,0.9087,745.309,500000,-0.0039000000000000007,-0.0038999999999999972,0.0,0.0055154328932550695,tap1,natural,light,20260810_141717,False
747790,0.0156,0.0351,0.9126,747.79,500000,-0.0039000000000000007,0.0039000000000000007,0.0039000000000000146,0.006754998149518631,tap1,natural,light,20260810_141717,False
750291,0.0156,0.0351,0.9087,750.291,500000,-0.0039000000000000007,0.0039000000000000007,0.0,0.005515432893255071,tap1,natural,light,20260810_141717,False
752797,0.0195,0.0312,0.9087,752.797,500000,0.0,0.0,0.0,0.0,tap1,natural,light,20260810_141717,False
755295,0.0156,0.0351,0.9165,755.295,500000,-0.0039000000000000007,0.0039000000000000007,0.007800000000000029,0.00955300999685442,tap1,natural,light,20260810_141717,False
757785,0.0117,0.0351,0.9126,757.785,500000,-0.0078,0.0039000000000000007,0.0039000000000000146,0.0095530099968544,tap1,natural,light,20260810_141717,False
760292,0.0273,0.0312,0.9126,760.292,500000,0.007800000000000001,0.0,0.0039000000000000146,0.008720665112249188,tap1,natural,light,20260810_141717,False
762796,0.0195,0.0312,0.9048,762.796,500000,0.0,0.0,-0.0038999999999999035,0.0038999999999999035,tap1,natural,light,20260810_141717,False
765425,0.0234,0.0273,0.9087,765.425,500000,0.0039000000000000007,-0.0038999999999999972,0.0,0.0055154328932550695,tap1,natural,light,20260810_141717,False
767811,0.0156,0.0273,0.9048,767.811,500000,-0.0039000000000000007,-0.0038999999999999972,-0.0038999999999999035,0.006754998149518564,tap1,natural,light,20260810_141717,False
770284,0.0117,0.0273,0.9009,770.284,500000,-0.0078,-0.0038999999999999972,-0.007799999999999918,0.011699999999999945,tap1,natural,light,20260810_141717,False
772790,0.0117,0.0351,0.9087,772.79,500000,-0.0078,0.0039000000000000007,0.0,0.00872066511224918,tap1,natural,light,20260810_141717,False
775286,0.0156,0.0351,0.9126,775.286,500000,-0.0039000000000000007,0.0039000000000000007,0.0039000000000000146,0.006754998149518631,tap1,natural,light,20260810_141717,False
777793,0.0195,0.0273,0.9048,777.793,500000,0.0,-0.0038999999999999972,-0.0038999999999999035,0.005515432893255,tap1,natural,light,20260810_141717,False
780310,0.0156,0.0312,0.9009,780.31,500000,-0.0039000000000000007,0.0,-0.007799999999999918,0.008720665112249107,tap1,natural,light,20260810_141717,False
782803,0.0156,0.0312,0.9009,782.803,500000,-0.0039000000000000007,0.0,-0.007799999999999918,0.008720665112249107,tap1,natural,light,20260810_141717,False
785294,0.0117,0.0312,0.9087,785.294,500000,-0.0078,0.0,0.0,0.0078,tap1,natural,light,20260810_141717,False
787812,0.0195,0.0312,0.9087,787.812,500000,0.0,0.0,0.0,0.0,tap1,natural,light,20260810_141717,False
790287,0.0195,0.0273,0.9126,790.287,500000,0.0,-0.0038999999999999972,0.0039000000000000146,0.005515432893255079,tap1,natural,light,20260810_141717,False
792841,0.0156,0.0273,0.9087,792.841,500000,-0.0039000000000000007,-0.0038999999999999972,0.0,0.0055154328932550695,tap1,natural,light,20260810_141717,False
795298,0.0234,0.0312,0.9048,795.298,500000,0.0039000000000000007,0.0,-0.0038999999999999035,0.005515432893255003,tap1,natural,light,20260810_141717,False
797788,0.0195,0.0312,0.9087,797.788,500000,0.0,0.0,0.0,0.0,tap1,natural,light,20260810_141717,False
800290,0.0195,0.0312,0.897,800.29,500000,0.0,0.0,-0.011699999999999933,0.011699999999999933,tap1,natural,light,20260810_141717,False
802801,0.0195,0.0273,0.9204,802.801,500000,0.0,-0.0038999999999999972,0.011700000000000044,0.01233288287465672,tap1,natural,light,20260810_141717,False
805299,0.0195,0.0312,0.9204,805.299,500000,0.0,0.0,0.011700000000000044,0.011700000000000044,tap1,natural,light,20260810_141717,False
807798,0.0195,0.0312,0.9087,807.798,500000,0.0,0.0,0.0,0.0,tap1,natural,light,20260810_141717,False
810307,0.0195,0.0273,0.9087,810.307,500000,0.0,-0.0038999999999999972,0.0,0.0038999999999999972,tap1,natural,light,20260810_141717,False
812784,0.0156,0.0273,0.9087,812.784,500000,-0.0039000000000000007,-0.0038999999999999972,0.0,0.0055154328932550695,tap1,natural,light,20260810_141717,False
815313,0.0117,0.0273,0.9126,815.313,500000,-0.0078,-0.0038999999999999972,0.0039000000000000146,0.0095530099968544,tap1,natural,light,20260810_141717,False
817811,0.0117,0.0351,0.897,817.811,500000,-0.0078,0.0039000000000000007,-0.011699999999999933,0.014592463808418318,tap1,natural,light,20260810_141717,False
820285,0.0156,0.0195,0.9126,820.285,500000,-0.0039000000000000007,-0.011699999999999999,0.0039000000000000146,0.012934836682386064,tap1,natural,light,20260810_141717,False
822788,0.0273,0.0312,0.9165,822.788,500000,0.007800000000000001,0.0,0.007800000000000029,0.011030865786510163,tap1,natural,light,20260810_141717,False
825285,0.0156,0.0312,0.9048,825.285,500000,-0.0039000000000000007,0.0,-0.0038999999999999035,0.005515432893255003,tap1,natural,light,20260810_141717,False
827784,0.0117,0.0273,0.9048,827.784,500000,-0.0078,-0.0038999999999999972,-0.0038999999999999035,0.009553009996854354,tap1,natural,light,20260810_141717,False
830290,0.0117,0.0429,0.9087,830.29,500000,-0.0078,0.011700000000000002,0.0,0.014061649974309559,tap1,natural,light,20260810_141717,False
832794,0.0117,0.0312,0.9009,832.794,500000,-0.0078,0.0,-0.007799999999999918,0.011030865786510084,tap1,natural,light,20260810_141717,False
835297,0.0195,0.0273,0.9048,835.297,500000,0.0,-0.0038999999999999972,-0.0038999999999999035,0.005515432893255,tap1,natural,light,20260810_141717,False
837792,0.0195,0.0351,0.897,837.792,500000,0.0,0.0039000000000000007,-0.011699999999999933,0.012332882874656616,tap1,natural,light,20260810_141717,False
840300,0.0156,0.0273,0.9009,840.3,500000,-0.0039000000000000007,-0.0038999999999999972,-0.007799999999999918,0.009553009996854326,tap1,natural,light,20260810_141717,False
842789,0.0195,0.0312,0.9087,842.789,500000,0.0,0.0,0.0,0.0,tap1,natural,light,20260810_141717,False
845296,0.0195,0.0273,0.9048,845.296,500000,0.0,-0.0038999999999999972,-0.0038999999999999035,0.005515432893255,tap1,natural,light,20260810_141717,False
847789,0.0195,0.0273,0.9126,847.789,500000,0.0,-0.0038999999999999972,0.0039000000000000146,0.005515432893255079,tap1,natural,light,20260810_141717,False
850294,0.0156,0.0273,0.9087,850.294,500000,-0.0039000000000000007,-0.0038999999999999972,0.0,0.0055154328932550695,tap1,natural,light,20260810_141717,False
852798,0.0156,0.0273,0.9048,852.798,500000,-0.0039000000000000007,-0.0038999999999999972,-0.0038999999999999035,0.006754998149518564,tap1,natural,light,20260810_141717,False
855311,0.0117,0.0234,0.9204,855.311,500000,-0.0078,-0.007799999999999998,0.011700000000000044,0.016080111939908905,tap1,natural,light,20260810_141717,False
857813,0.0234,0.0234,0.9204,857.813,500000,0.0039000000000000007,-0.007799999999999998,0.011700000000000044,0.014592463808418405,tap1,natural,light,20260810_141717,False
860284,0.0234,0.0273,0.9048,860.284,500000,0.0039000000000000007,-0.0038999999999999972,-0.0038999999999999035,0.006754998149518564,tap1,natural,light,20260810_141717,False
862786,0.0234,0.0273,0.9048,862.786,500000,0.0039000000000000007,-0.0038999999999999972,-0.0038999999999999035,0.006754998149518564,tap1,natural,light,20260810_141717,False
865284,0.0195,0.0234,0.9048,865.284,500000,0.0,-0.007799999999999998,-0.0038999999999999035,0.008720665112249134,tap1,natural,light,20260810_141717,False
867807,0.0195,0.0273,0.9048,867.807,500000,0.0,-0.0038999999999999972,-0.0038999999999999035,0.005515432893255,tap1,natural,light,20260810_141717,False
870285,0.0195,0.0234,0.9165,870.285,500000,0.0,-0.007799999999999998,0.007800000000000029,0.01103086578651016,tap1,natural,light,20260810_141717,False
872790,0.0156,0.0273,0.9087,872.79,500000,-0.0039000000000000007,-0.0038999999999999972,0.0,0.0055154328932550695,tap1,natural,light,20260810_141717,False
875286,0.0156,0.0273,0.9087,875.286,500000,-0.0039000000000000007,-0.0038999999999999972,0.0,0.0055154328932550695,tap1,natural,light,20260810_141717,False
877812,0.0156,0.0351,0.9009,877.812,500000,-0.0039000000000000007,0.0039000000000000007,-0.007799999999999918,0.009553009996854328,tap1,natural,light,20260810_141717,False
880286,0.0156,0.0351,0.9126,880.286,500000,-0.0039000000000000007,0.0039000000000000007,0.0039000000000000146,0.006754998149518631,tap1,natural,light,20260810_141717,False
882791,0.0195,0.0312,0.9048,882.791,500000,0.0,0.0,-0.0038999999999999035,0.0038999999999999035,tap1,natural,light,20260810_141717,False
885286,0.0195,0.0273,0.9009,885.286,500000,0.0,-0.0038999999999999972,-0.007799999999999918,0.008720665112249105,tap1,natural,light,20260810_141717,False
887807,0.0117,0.0351,0.9087,887.807,500000,-0.0078,0.0039000000000000007,0.0,0.00872066511224918,tap1,natural,light,20260810_141717,False
890307,0.0117,0.0351,0.9087,890.307,500000,-0.0078,0.0039000000000000007,0.0,0.00872066511224918,tap1,natural,light,20260810_141717,False
892844,0.0156,0.0234,0.9165,892.844,500000,-0.0039000000000000007,-0.007799999999999998,0.007800000000000029,0.011700000000000018,tap1,natural,light,20260810_141717,False
895306,0.0195,0.0273,0.9204,895.306,500000,0.0,-0.0038999999999999972,0.011700000000000044,0.01233288287465672,tap1,natural,light,20260810_141717,False
897802,0.0078,0.0351,0.9165,897.802,500000,-0.0117,0.0039000000000000007,0.007800000000000029,0.014592463808418388,tap1,natural,light,20260810_141717,False
900296,0.0117,0.0273,0.9087,900.296,500000,-0.0078,-0.0038999999999999972,0.0,0.00872066511224918,tap1,natural,light,20260810_141717,False
902796,0.0234,0.0312,0.9087,902.796,500000,0.0039000000000000007,0.0,0.0,0.0039000000000000007,tap1,natural,light,20260810_141717,False
905293,0.0117,0.0312,0.9243,905.293,500000,-0.0078,0.0,0.015600000000000058,0.01744133022449841,tap1,natural,light,20260810_141717,False
907808,0.0156,0.0312,0.9165,907.808,500000,-0.0039000000000000007,0.0,0.007800000000000029,0.008720665112249207,tap1,natural,light,20260810_141717,False
910290,0.0117,0.0312,0.9165,910.29,500000,-0.0078,0.0,0.007800000000000029,0.011030865786510162,tap1,natural,light,20260810_141717,False
912793,0.0195,0.0273,0.9048,912.793,500000,0.0,-0.0038999999999999972,-0.0038999999999999035,0.005515432893255,tap1,natural,light,20260810_141717,False
915291,0.0195,0.0312,0.9126,915.291,500000,0.0,0.0,0.0039000000000000146,0.0039000000000000146,tap1,natural,light,20260810_141717,False
917814,0.0156,0.0351,0.9126,917.814,500000,-0.0039000000000000007,0.0039000000000000007,0.0039000000000000146,0.006754998149518631,tap1,natural,light,20260810_141717,False
920305,0.0156,0.0312,0.9048,920.305,500000,-0.0039000000000000007,0.0,-0.0038999999999999035,0.005515432893255003,tap1,natural,light,20260810_141717,False
922787,0.0078,0.039,0.9126,922.787,500000,-0.0117,0.007800000000000001,0.0039000000000000146,0.014592463808418376,tap1,natural,light,20260810_141717,False
925285,0.0195,0.0351,0.9087,925.285,500000,0.0,0.0039000000000000007,0.0,0.0039000000000000007,tap1,natural,light,20260810_141717,False
927790,0.0117,0.0312,0.9165,927.79,500000,-0.0078,0.0,0.007800000000000029,0.011030865786510162,tap1,natural,light,20260810_141717,False
930296,0.0117,0.0273,0.9165,930.296,500000,-0.0078,-0.0038999999999999972,0.007800000000000029,0.011700000000000018,tap1,natural,light,20260810_141717,False
932800,0.0273,0.0234,0.9126,932.8,500000,0.007800000000000001,-0.007799999999999998,0.0039000000000000146,0.011700000000000004,tap1,natural,light,20260810_141717,False
935295,0.0078,0.0351,0.9165,935.295,500000,-0.0117,0.0039000000000000007,0.007800000000000029,0.014592463808418388,tap1,natural,light,20260810_141717,False
937811,0.0273,0.0312,0.9165,937.811,500000,0.007800000000000001,0.0,0.007800000000000029,0.011030865786510163,tap1,natural,light,20260810_141717,False
940286,0.0156,0.0273,0.9126,940.286,500000,-0.0039000000000000007,-0.0038999999999999972,0.0039000000000000146,0.006754998149518628,tap1,natural,light,20260810_141717,False
942796,0.0234,0.0273,0.9126,942.796,500000,0.0039000000000000007,-0.0038999999999999972,0.0039000000000000146,0.006754998149518628,tap1,natural,light,20260810_141717,False
945304,0.0156,0.0312,0.9087,945.304,500000,-0.0039000000000000007,0.0,0.0,0.0039000000000000007,tap1,natural,light,20260810_141717,False
947811,0.0117,0.0429,0.9087,947.811,500000,-0.0078,0.011700000000000002,0.0,0.014061649974309559,tap1,natural,light,20260810_141717,False
950288,0.0195,0.0351,0.9087,950.288,500000,0.0,0.0039000000000000007,0.0,0.0039000000000000007,tap1,natural,light,20260810_141717,False
952795,0.0234,0.0273,0.9048,952.795,500000,0.0039000000000000007,-0.0038999999999999972,-0.0038999999999999035,0.006754998149518564,tap1,natural,light,20260810_141717,False
955294,0.0156,0.0234,0.9048,955.294,500000,-0.0039000000000000007,-0.007799999999999998,-0.0038999999999999035,0.009553009996854354,tap1,natural,light,20260810_141717,False
957786,0.0195,0.0312,0.9009,957.786,500000,0.0,0.0,-0.007799999999999918,0.007799999999999918,tap1,natural,light,20260810_141717,False
960292,0.0234,0.0312,0.9048,960.292,500000,0.0039000000000000007,0.0,-0.0038999999999999035,0.005515432893255003,tap1,natural,light,20260810_141717,False
962797,0.0312,0.0234,0.9048,962.797,500000,0.011699999999999999,-0.007799999999999998,-0.0038999999999999035,0.014592463808418344,tap1,natural,light,20260810_141717,False
965294,0.0234,0.0351,0.9165,965.294,500000,0.0039000000000000007,0.0039000000000000007,0.007800000000000029,0.00955300999685442,tap1,natural,light,20260810_141717,False
967785,0.0195,0.039,0.9087,967.785,500000,0.0,0.007800000000000001,0.0,0.007800000000000001,tap1,natural,light,20260810_141717,False
970313,0.0195,0.0351,0.9087,970.313,500000,0.0,0.0039000000000000007,0.0,0.0039000000000000007,tap1,natural,light,20260810_141717,False
972791,0.0195,0.0312,0.9048,972.791,500000,0.0,0.0,-0.0038999999999999035,0.0038999999999999035,tap1,natural,light,20260810_141717,False
975288,0.0195,0.0234,0.9126,975.288,500000,0.0,-0.007799999999999998,0.0039000000000000146,0.008720665112249185,tap1,natural,light,20260810_141717,False
977814,0.0117,0.0195,0.9087,977.814,500000,-0.0078,-0.011699999999999999,0.0,0.014061649974309557,tap1,natural,light,20260810_141717,False
980290,0.0117,0.0234,0.9048,980.29,500000,-0.0078,-0.007799999999999998,-0.0038999999999999035,0.011699999999999966,tap1,natural,light,20260810_141717,False
982793,0.0234,0.0234,0.9087,982.793,500000,0.0039000000000000007,-0.007799999999999998,0.0,0.00872066511224918,tap1,natural,light,20260810_141717,False
985305,0.0195,0.0273,0.9048,985.305,500000,0.0,-0.0038999999999999972,-0.0038999999999999035,0.005515432893255,tap1,natural,light,20260810_141717,False
987808,0.0117,0.0351,0.9048,987.808,500000,-0.0078,0.0039000000000000007,-0.0038999999999999035,0.009553009996854355,tap1,natural,light,20260810_141717,False
990287,0.0195,0.0312,0.9087,990.287,500000,0.0,0.0,0.0,0.0,tap1,natural,light,20260810_141717,False
992841,0.0234,0.0312,0.9126,992.841,500000,0.0039000000000000007,0.0,0.0039000000000000146,0.005515432893255082,tap1,natural,light,20260810_141717,False
995301,0.0234,0.0312,0.9126,995.301,500000,0.0039000000000000007,0.0,0.0039000000000000146,0.005515432893255082,tap1,natural,light,20260810_141717,False
997788,0.0273,0.0312,0.9126,997.788,500000,0.007800000000000001,0.0,0.0039000000000000146,0.008720665112249188,tap1,natural,light,20260810_141717,False
1000291,0.0195,0.0312,0.9087,1000.291,500000,0.0,0.0,0.0,0.0,tap1,natural,light,20260810_141717,False
1002796,0.0117,0.039,0.9126,1002.796,500000,-0.0078,0.007800000000000001,0.0039000000000000146,0.011700000000000006,tap1,natural,light,20260810_141717,False
1005291,0.0156,0.0312,0.9048,1005.291,500000,-0.0039000000000000007,0.0,-0.0038999999999999035,0.005515432893255003,tap1,natural,light,20260810_141717,False
1007811,0.0195,0.039,0.9048,1007.811,500000,0.0,0.007800000000000001,-0.0038999999999999035,0.008720665112249138,tap1,natural,light,20260810_141717,False
1010297,0.0195,0.0234,0.9087,1010.297,500000,0.0,-0.007799999999999998,0.0,0.007799999999999998,tap1,natural,light,20260810_141717,False
1012799,0.0195,0.0234,0.9048,1012.799,500000,0.0,-0.007799999999999998,-0.0038999999999999035,0.008720665112249134,tap1,natural,light,20260810_141717,False
1015295,0.0195,0.0351,0.9087,1015.295,500000,0.0,0.0039000000000000007,0.0,0.0039000000000000007,tap1,natural,light,20260810_141717,False
1017791,0.0195,0.0312,0.9126,1017.791,500000,0.0,0.0,0.0039000000000000146,0.0039000000000000146,tap1,natural,light,20260810_141717,False
1020302,0.0234,0.0351,0.9126,1020.302,500000,0.0039000000000000007,0.0039000000000000007,0.0039000000000000146,0.006754998149518631,tap1,natural,light,20260810_141717,False
1022809,0.0234,0.0273,0.897,1022.809,500000,0.0039000000000000007,-0.0038999999999999972,-0.011699999999999933,0.012934836682385998,tap1,natural,light,20260810_141717,False
1025307,0.0156,0.0312,0.9087,1025.307,500000,-0.0039000000000000007,0.0,0.0,0.0039000000000000007,tap1,natural,light,20260810_141717,False
1027811,0.0195,0.0351,0.9009,1027.811,500000,0.0,0.0039000000000000007,-0.007799999999999918,0.008720665112249107,tap1,natural,light,20260810_141717,False
1030288,0.0195,0.0312,0.9087,1030.288,500000,0.0,0.0,0.0,0.0,tap1,natural,light,20260810_141717,False
1032794,0.0156,0.0312,0.9048,1032.794,500000,-0.0039000000000000007,0.0,-0.0038999999999999035,0.005515432893255003,tap1,natural,light,20260810_141717,False
1035291,0.0156,0.0273,0.9126,1035.291,500000,-0.0039000000000000007,-0.0038999999999999972,0.0039000000000000146,0.006754998149518628,tap1,natural,light,20260810_141717,False
1037806,0.0156,0.0312,0.9126,1037.806,500000,-0.0039000000000000007,0.0,0.0039000000000000146,0.005515432893255082,tap1,natural,light,20260810_141717,False
1040313,0.0273,0.0195,0.9126,1040.313,500000,0.007800000000000001,-0.011699999999999999,0.0039000000000000146,0.014592463808418376,tap1,natural,light,20260810_141717,False
1042798,0.0234,0.0234,0.9048,1042.798,500000,0.0039000000000000007,-0.007799999999999998,-0.0038999999999999035,0.009553009996854354,tap1,natural,light,20260810_141717,False
1045306,0.0195,0.0234,0.9087,1045.306,500000,0.0,-0.007799999999999998,0.0,0.007799999999999998,tap1,natural,light,20260810_141717,False
1047811,0.0195,0.0312,0.9165,1047.811,500000,0.0,0.0,0.007800000000000029,0.007800000000000029,tap1,natural,light,20260810_141717,False
1050299,0.0156,0.0273,0.9165,1050.299,500000,-0.0039000000000000007,-0.0038999999999999972,0.007800000000000029,0.009553009996854418,tap1,natural,light,20260810_141717,False
1052786,0.0195,0.0351,0.9126,1052.786,500000,0.0,0.0039000000000000007,0.0039000000000000146,0.005515432893255082,tap1,natural,light,20260810_141717,False
1055287,0.0156,0.0312,0.9165,1055.287,500000,-0.0039000000000000007,0.0,0.007800000000000029,0.008720665112249207,tap1,natural,light,20260810_141717,False
1057789,0.0234,0.0273,0.9048,1057.789,500000,0.0039000000000000007,-0.0038999999999999972,-0.0038999999999999035,0.006754998149518564,tap1,natural,light,20260810_141717,False
1060290,0.0234,0.0234,0.9126,1060.29,500000,0.0039000000000000007,-0.007799999999999998,0.0039000000000000146,0.0095530099968544,tap1,natural,light,20260810_141717,False
1062793,0.0195,0.0234,0.9126,1062.793,500000,0.0,-0.007799999999999998,0.0039000000000000146,0.008720665112249185,tap1,natural,light,20260810_141717,False
1065290,0.0195,0.0234,0.9126,1065.29,500000,0.0,-0.007799999999999998,0.0039000000000000146,0.008720665112249185,tap1,natural,light,20260810_141717,False
1067810,0.0156,0.0312,0.9009,1067.81,500000,-0.0039000000000000007,0.0,-0.007799999999999918,0.008720665112249107,tap1,natural,light,20260810_141717,False
1070313,0.0156,0.0273,0.9087,1070.313,500000,-0.0039000000000000007,-0.0038999999999999972,0.0,0.0055154328932550695,tap1,natural,light,20260810_141717,False
1072795,0.0195,0.0351,0.9048,1072.795,500000,0.0,0.0039000000000000007,-0.0038999999999999035,0.005515432893255003,tap1,natural,light,20260810_141717,False
1075296,0.0156,0.0273,0.9009,1075.296,500000,-0.0039000000000000007,-0.0038999999999999972,-0.007799999999999918,0.009553009996854326,tap1,natural,light,20260810_141717,False
1077791,0.0117,0.0312,0.9009,1077.791,500000,-0.0078,0.0,-0.007799999999999918,0.011030865786510084,tap1,natural,light,20260810_141717,False
1080297,0.0156,0.0312,0.9009,1080.297,500000,-0.0039000000000000007,0.0,-0.007799999999999918,0.008720665112249107,tap1,natural,light,20260810_141717,False
1082799,0.0156,0.0273,0.9165,1082.799,500000,-0.0039000000000000007,-0.0038999999999999972,0.007800000000000029,0.009553009996854418,tap1,natural,light,20260810_141717,False
1085296,0.0234,0.0312,0.9204,1085.296,500000,0.0039000000000000007,0.0,0.011700000000000044,0.012332882874656722,tap1,natural,light,20260810_141717,False
1087811,0.0234,0.0273,0.9087,1087.811,500000,0.0039000000000000007,-0.0038999999999999972,0.0,0.0055154328932550695,tap1,natural,light,20260810_141717,False
1090286,0.0234,0.0234,0.9048,1090.286,500000,0.0039000000000000007,-0.007799999999999998,-0.0038999999999999035,0.009553009996854354,tap1,natural,light,20260810_141717,False
1092840,0.0195,0.0312,0.9087,1092.84,500000,0.0,0.0,0.0,0.0,tap1,natural,light,20260810_141717,False
1095301,0.0195,0.0234,0.9048,1095.301,500000,0.0,-0.007799999999999998,-0.0038999999999999035,0.008720665112249134,tap1,natural,light,20260810_141717,False
1097788,0.0117,0.0273,0.9126,1097.788,500000,-0.0078,-0.0038999999999999972,0.0039000000000000146,0.0095530099968544,tap1,natural,light,20260810_141717,False
1100290,0.0156,0.0351,0.9126,1100.29,500000,-0.0039000000000000007,0.0039000000000000007,0.0039000000000000146,0.006754998149518631,tap1,natural,light,20260810_141717,False
1102793,0.0156,0.0351,0.9126,1102.793,500000,-0.0039000000000000007,0.0039000000000000007,0.0039000000000000146,0.006754998149518631,tap1,natural,light,20260810_141717,False
1105290,0.0156,0.039,0.9165,1105.29,500000,-0.0039000000000000007,0.007800000000000001,0.007800000000000029,0.011700000000000021,tap1,natural,light,20260810_141717,False
1107805,0.0156,0.0273,0.9009,1107.805,500000,-0.0039000000000000007,-0.0038999999999999972,-0.007799999999999918,0.009553009996854326,tap1,natural,light,20260810_141717,False
1110314,0.0156,0.0273,0.9126,1110.314,500000,-0.0039000000000000007,-0.0038999999999999972,0.0039000000000000146,0.006754998149518628,tap1,natural,light,20260810_141717,False
1112787,0.0195,0.0429,0.9126,1112.787,500000,0.0,0.011700000000000002,0.0039000000000000146,0.012332882874656687,tap1,natural,light,20260810_141717,False
1115300,0.0156,0.0351,0.9087,1115.3,500000,-0.0039000000000000007,0.0039000000000000007,0.0,0.005515432893255071,tap1,natural,light,20260810_141717,False
1117785,0.0195,0.0234,0.9126,1117.785,500000,0.0,-0.007799999999999998,0.0039000000000000146,0.008720665112249185,tap1,natural,light,20260810_141717,False
1120286,0.0195,0.0351,0.9126,1120.286,500000,0.0,0.0039000000000000007,0.0039000000000000146,0.005515432893255082,tap1,natural,light,20260810_141717,False
1122791,0.0195,0.0429,0.9126,1122.791,500000,0.0,0.011700000000000002,0.0039000000000000146,0.012332882874656687,tap1,natural,light,20260810_141717,False
1125287,0.0273,0.0273,0.9009,1125.287,500000,0.007800000000000001,-0.0038999999999999972,-0.007799999999999918,0.011699999999999945,tap1,natural,light,20260810_141717,False
1127812,0.0195,0.0312,0.9009,1127.812,500000,0.0,0.0,-0.007799999999999918,0.007799999999999918,tap1,natural,light,20260810_141717,False
1130287,0.0117,0.0234,0.9009,1130.287,500000,-0.0078,-0.007799999999999998,-0.007799999999999918,0.013509996299037194,tap1,natural,light,20260810_141717,False
1132790,0.0234,0.0351,0.9087,1132.79,500000,0.0039000000000000007,0.0039000000000000007,0.0,0.005515432893255071,tap1,natural,light,20260810_141717,False
1135287,0.0273,0.0312,0.9087,1135.287,500000,0.007800000000000001,0.0,0.0,0.007800000000000001,tap1,natural,light,20260810_141717,False
1137809,0.0234,0.0351,0.9048,1137.809,500000,0.0039000000000000007,0.0039000000000000007,-0.0038999999999999035,0.006754998149518567,tap1,natural,light,20260810_141717,False
1140311,0.0195,0.0273,0.9126,1140.311,500000,0.0,-0.0038999999999999972,0.0039000000000000146,0.005515432893255079,tap1,natural,light,20260810_141717,False
1142799,0.0156,0.0312,0.9087,1142.799,500000,-0.0039000000000000007,0.0,0.0,0.0039000000000000007,tap1,natural,light,20260810_141717,False
1145308,0.0195,0.0273,0.9165,1145.308,500000,0.0,-0.0038999999999999972,0.007800000000000029,0.008720665112249205,tap1,natural,light,20260810_141717,False
1147812,0.0234,0.0351,0.9165,1147.812,500000,0.0039000000000000007,0.0039000000000000007,0.007800000000000029,0.00955300999685442,tap1,natural,light,20260810_141717,False
1150287,0.0234,0.0273,0.9087,1150.287,500000,0.0039000000000000007,-0.0038999999999999972,0.0,0.0055154328932550695,tap1,natural,light,20260810_141717,False
1152797,0.0234,0.0351,0.9087,1152.797,500000,0.0039000000000000007,0.0039000000000000007,0.0,0.005515432893255071,tap1,natural,light,20260810_141717,False
1155295,0.0195,0.0312,0.9048,1155.295,500000,0.0,0.0,-0.0038999999999999035,0.0038999999999999035,tap1,natural,light,20260810_141717,False
1157787,0.0156,0.0351,0.9087,1157.787,500000,-0.0039000000000000007,0.0039000000000000007,0.0,0.005515432893255071,tap1,natural,light,20260810_141717,False
1160294,0.0234,0.0273,0.9087,1160.294,500000,0.0039000000000000007,-0.0038999999999999972,0.0,0.0055154328932550695,tap1,natural,light,20260810_141717,False
1162797,0.0156,0.0234,0.897,1162.797,500000,-0.0039000000000000007,-0.007799999999999998,-0.011699999999999933,0.014592463808418317,tap1,natural,light,20260810_141717,False
1165293,0.0156,0.0351,0.9087,1165.293,500000,-0.0039000000000000007,0.0039000000000000007,0.0,0.005515432893255071,tap1,natural,light,20260810_141717,False
1167785,0.0117,0.0234,0.9126,1167.785,500000,-0.0078,-0.007799999999999998,0.0039000000000000146,0.011700000000000004,tap1,natural,light,20260810_141717,False
1170291,0.0156,0.0273,0.9048,1170.291,500000,-0.0039000000000000007,-0.0038999999999999972,-0.0038999999999999035,0.006754998149518564,tap1,natural,light,20260810_141717,False
1172795,0.0234,0.0195,0.9048,1172.795,500000,0.0039000000000000007,-0.011699999999999999,-0.0038999999999999035,0.01293483668238603,tap1,natural,light,20260810_141717,False
1175290,0.0234,0.0156,0.9087,1175.29,500000,0.0039000000000000007,-0.0156,0.0,0.016080111939908874,tap1,natural,light,20260810_141717,False
1177787,0.0156,0.0273,0.9087,1177.787,500000,-0.0039000000000000007,-0.0038999999999999972,0.0,0.0055154328932550695,tap1,natural,light,20260810_141717,False
1180293,0.0234,0.0312,0.897,1180.293,500000,0.0039000000000000007,0.0,-0.011699999999999933,0.012332882874656616,tap1,natural,light,20260810_141717,False
1182810,0.0195,0.0351,0.9009,1182.81,500000,0.0,0.0039000000000000007,-0.007799999999999918,0.008720665112249107,tap1,natural,light,20260810_141717,False
1185312,0.0156,0.0273,0.9126,1185.312,500000,-0.0039000000000000007,-0.0038999999999999972,0.0039000000000000146,0.006754998149518628,tap1,natural,light,20260810_141717,False
1187807,0.0156,0.0273,0.9087,1187.807,500000,-0.0039000000000000007,-0.0038999999999999972,0.0,0.0055154328932550695,tap1,natural,light,20260810_141717,False
1190287,0.0195,0.0273,0.9009,1190.287,500000,0.0,-0.0038999999999999972,-0.007799999999999918,0.008720665112249105,tap1,natural,light,20260810_141717,False
1192849,0.0234,0.0312,0.9009,1192.849,500000,0.0039000000000000007,0.0,-0.007799999999999918,0.008720665112249107,tap1,natural,light,20260810_141717,False
1195303,0.0195,0.0234,0.9009,1195.303,500000,0.0,-0.007799999999999998,-0.007799999999999918,0.011030865786510082,tap1,natural,light,20260810_141717,False
1197802,0.0117,0.0312,0.9048,1197.802,500000,-0.0078,0.0,-0.0038999999999999035,0.008720665112249136,tap1,natural,light,20260810_141717,False
1200304,0.0117,0.0351,0.9048,1200.304,500000,-0.0078,0.0039000000000000007,-0.0038999999999999035,0.009553009996854355,tap1,natural,light,20260810_141717,False
1202792,0.0234,0.0273,0.9165,1202.792,500000,0.0039000000000000007,-0.0038999999999999972,0.007800000000000029,0.009553009996854418,tap1,natural,light,20260810_141717,False
1205288,0.0195,0.0273,0.9048,1205.288,500000,0.0,-0.0038999999999999972,-0.0038999999999999035,0.005515432893255,tap1,natural,light,20260810_141717,False
1207809,0.0156,0.0234,0.9087,1207.809,500000,-0.0039000000000000007,-0.007799999999999998,0.0,0.00872066511224918,tap1,natural,light,20260810_141717,False
1210285,0.0156,0.0234,0.9087,1210.285,500000,-0.0039000000000000007,-0.007799999999999998,0.0,0.00872066511224918,tap1,natural,light,20260810_141717,False
1212790,0.0195,0.0195,0.9087,1212.79,500000,0.0,-0.011699999999999999,0.0,0.011699999999999999,tap1,natural,light,20260810_141717,False
1215287,0.0234,0.0351,0.9048,1215.287,500000,0.0039000000000000007,0.0039000000000000007,-0.0038999999999999035,0.006754998149518567,tap1,natural,light,20260810_141717,False
1217793,0.0234,0.0273,0.9048,1217.793,500000,0.0039000000000000007,-0.0038999999999999972,-0.0038999999999999035,0.006754998149518564,tap1,natural,light,20260810_141717,False
1220294,0.0117,0.039,0.9009,1220.294,500000,-0.0078,0.007800000000000001,-0.007799999999999918,0.013509996299037196,tap1,natural,light,20260810_141717,False
1222799,0.0117,0.039,0.9009,1222.799,500000,-0.0078,0.007800000000000001,-0.007799999999999918,0.013509996299037196,tap1,natural,light,20260810_141717,False
1225298,0.0117,0.0234,0.9087,1225.298,500000,-0.0078,-0.007799999999999998,0.0,0.011030865786510139,tap1,natural,light,20260810_141717,False
1227788,0.0039,0.0351,0.9087,1227.788,500000,-0.0156,0.0039000000000000007,0.0,0.016080111939908874,tap1,natural,light,20260810_141717,False
1230293,0.0156,0.0195,0.9126,1230.293,500000,-0.0039000000000000007,-0.011699999999999999,0.0039000000000000146,0.012934836682386064,tap1,natural,light,20260810_141717,False
1233279,0.0117,0.0507,0.9126,1233.279,500000,-0.0078,0.019500000000000003,0.0039000000000000146,0.021361179742701485,tap1,natural,light,20260810_141717,False
1235285,0.0195,0.0234,0.9087,1235.285,500000,0.0,-0.007799999999999998,0.0,0.007799999999999998,tap1,natural,light,20260810_141717,False
1237808,0.0156,0.0312,0.9126,1237.808,500000,-0.0039000000000000007,0.0,0.0039000000000000146,0.005515432893255082,tap1,natural,light,20260810_141717,False
1240287,0.0156,0.0351,0.9126,1240.287,500000,-0.0039000000000000007,0.0039000000000000007,0.0039000000000000146,0.006754998149518631,tap1,natural,light,20260810_141717,False
1242808,0.0117,0.0312,0.9048,1242.808,500000,-0.0078,0.0,-0.0038999999999999035,0.008720665112249136,tap1,natural,light,20260810_141717,False
1245286,0.0156,0.0312,0.9048,1245.286,500000,-0.0039000000000000007,0.0,-0.0038999999999999035,0.005515432893255003,tap1,natural,light,20260810_141717,False
1247804,0.0234,0.0312,0.9048,1247.804,500000,0.0039000000000000007,0.0,-0.0038999999999999035,0.005515432893255003,tap1,natural,light,20260810_141717,False
1250284,0.0195,0.039,0.9126,1250.284,500000,0.0,0.007800000000000001,0.0039000000000000146,0.008720665112249188,tap1,natural,light,20260810_141717,False
1252796,0.0117,0.0273,0.9126,1252.796,500000,-0.0078,-0.0038999999999999972,0.0039000000000000146,0.0095530099968544,tap1,natural,light,20260810_141717,False
1255294,0.0156,0.0273,0.9087,1255.294,500000,-0.0039000000000000007,-0.0038999999999999972,0.0,0.0055154328932550695,tap1,natural,light,20260810_141717,False
1257787,0.0195,0.0312,0.9048,1257.787,500000,0.0,0.0,-0.0038999999999999035,0.0038999999999999035,tap1,natural,light,20260810_141717,False
1260293,0.0156,0.0312,0.9048,1260.293,500000,-0.0039000000000000007,0.0,-0.0038999999999999035,0.005515432893255003,tap1,natural,light,20260810_141717,False
1262797,0.0234,0.0273,0.9048,1262.797,500000,0.0039000000000000007,-0.0038999999999999972,-0.0038999999999999035,0.006754998149518564,tap1,natural,light,20260810_141717,False
1265293,0.0195,0.0273,0.9087,1265.293,500000,0.0,-0.0038999999999999972,0.0,0.0038999999999999972,tap1,natural,light,20260810_141717,False
1267814,0.0234,0.0234,0.9204,1267.814,500000,0.0039000000000000007,-0.007799999999999998,0.011700000000000044,0.014592463808418405,tap1,natural,light,20260810_141717,False
1270291,0.0117,0.0312,0.9126,1270.291,500000,-0.0078,0.0,0.0039000000000000146,0.008720665112249186,tap1,natural,light,20260810_141717,False
1272795,0.0117,0.0234,0.9048,1272.795,500000,-0.0078,-0.007799999999999998,-0.0038999999999999035,0.011699999999999966,tap1,natural,light,20260810_141717,False
1275292,0.0195,0.0273,0.9126,1275.292,500000,0.0,-0.0038999999999999972,0.0039000000000000146,0.005515432893255079,tap1,natural,light,20260810_141717,False
1277811,0.0234,0.0273,0.9048,1277.811,500000,0.0039000000000000007,-0.0038999999999999972,-0.0038999999999999035,0.006754998149518564,tap1,natural,light,20260810_141717,False
1280311,0.0117,0.0234,0.9165,1280.311,500000,-0.0078,-0.007799999999999998,0.007800000000000029,0.013509996299037258,tap1,natural,light,20260810_141717,False
1282784,0.0234,0.0273,0.9048,1282.784,500000,0.0039000000000000007,-0.0038999999999999972,-0.0038999999999999035,0.006754998149518564,tap1,natural,light,20260810_141717,False
1285311,0.0234,0.0273,0.9009,1285.311,500000,0.0039000000000000007,-0.0038999999999999972,-0.007799999999999918,0.009553009996854326,tap1,natural,light,20260810_141717,False
1287802,0.0234,0.039,0.9048,1287.802,500000,0.0039000000000000007,0.007800000000000001,-0.0038999999999999035,0.009553009996854357,tap1,natural,light,20260810_141717,False
1290310,0.0195,0.0312,0.9087,1290.31,500000,0.0,0.0,0.0,0.0,tap1,natural,light,20260810_141717,False
1292844,0.0156,0.0312,0.9087,1292.844,500000,-0.0039000000000000007,0.0,0.0,0.0039000000000000007,tap1,natural,light,20260810_141717,False
1295299,0.0195,0.0312,0.9087,1295.299,500000,0.0,0.0,0.0,0.0,tap1,natural,light,20260810_141717,False
1297799,0.0117,0.0312,0.9087,1297.799,500000,-0.0078,0.0,0.0,0.0078,tap1,natural,light,20260810_141717,False
1300299,0.0195,0.0351,0.9204,1300.299,500000,0.0,0.0039000000000000007,0.011700000000000044,0.012332882874656722,tap1,natural,light,20260810_141717,False
1302806,0.0234,0.0312,0.9126,1302.806,500000,0.0039000000000000007,0.0,0.0039000000000000146,0.005515432893255082,tap1,natural,light,20260810_141717,False
1305304,0.0156,0.0273,0.9087,1305.304,500000,-0.0039000000000000007,-0.0038999999999999972,0.0,0.0055154328932550695,tap1,natural,light,20260810_141717,False
1307805,0.0156,0.0273,0.9087,1307.805,500000,-0.0039000000000000007,-0.0038999999999999972,0.0,0.0055154328932550695,tap1,natural,light,20260810_141717,False
1310285,0.0234,0.0351,0.9087,1310.285,500000,0.0039000000000000007,0.0039000000000000007,0.0,0.005515432893255071,tap1,natural,light,20260810_141717,False
1312806,0.0156,0.0312,0.9126,1312.806,500000,-0.0039000000000000007,0.0,0.0039000000000000146,0.005515432893255082,tap1,natural,light,20260810_141717,False
1315306,0.0156,0.0312,0.9009,1315.306,500000,-0.0039000000000000007,0.0,-0.007799999999999918,0.008720665112249107,tap1,natural,light,20260810_141717,False
1317785,0.0156,0.0312,0.9009,1317.785,500000,-0.0039000000000000007,0.0,-0.007799999999999918,0.008720665112249107,tap1,natural,light,20260810_141717,False
1320292,0.0234,0.0312,0.9087,1320.292,500000,0.0039000000000000007,0.0,0.0,0.0039000000000000007,tap1,natural,light,20260810_141717,False
1322796,0.0117,0.0351,0.9126,1322.796,500000,-0.0078,0.0039000000000000007,0.0039000000000000146,0.0095530099968544,tap1,natural,light,20260810_141717,False
1325293,0.0156,0.0273,0.9165,1325.293,500000,-0.0039000000000000007,-0.0038999999999999972,0.007800000000000029,0.009553009996854418,tap1,natural,light,20260810_141717,False
1327812,0.0156,0.0312,0.9126,1327.812,500000,-0.0039000000000000007,0.0,0.0039000000000000146,0.005515432893255082,tap1,natural,light,20260810_141717,False
1330287,0.0234,0.0273,0.9009,1330.287,500000,0.0039000000000000007,-0.0038999999999999972,-0.007799999999999918,0.009553009996854326,tap1,natural,light,20260810_141717,False
1332791,0.0156,0.0312,0.9126,1332.791,500000,-0.0039000000000000007,0.0,0.0039000000000000146,0.005515432893255082,tap1,natural,light,20260810_141717,False
1335287,0.0156,0.0351,0.8931,1335.287,500000,-0.0039000000000000007,0.0039000000000000007,-0.015599999999999947,0.016546298679765162,tap1,natural,light,20260810_141717,False
1337809,0.0234,0.0351,0.9048,1337.809,500000,0.0039000000000000007,0.0039000000000000007,-0.0038999999999999035,0.006754998149518567,tap1,natural,light,20260810_141717,False
1340287,0.0078,0.0312,0.9087,1340.287,500000,-0.0117,0.0,0.0,0.0117,tap1,natural,light,20260810_141717,False
1342804,0.0195,0.0273,0.9009,1342.804,500000,0.0,-0.0038999999999999972,-0.007799999999999918,0.008720665112249105,tap1,natural,light,20260810_141717,False
1345312,0.0195,0.0234,0.9009,1345.312,500000,0.0,-0.007799999999999998,-0.007799999999999918,0.011030865786510082,tap1,natural,light,20260810_141717,False
1347785,0.0195,0.0273,0.9126,1347.785,500000,0.0,-0.0038999999999999972,0.0039000000000000146,0.005515432893255079,tap1,natural,light,20260810_141717,False
1350293,0.0117,0.0351,0.9126,1350.293,500000,-0.0078,0.0039000000000000007,0.0039000000000000146,0.0095530099968544,tap1,natural,light,20260810_141717,False
1352798,0.0195,0.0312,0.9126,1352.798,500000,0.0,0.0,0.0039000000000000146,0.0039000000000000146,tap1,natural,light,20260810_141717,False
1355298,0.0273,0.0234,0.9126,1355.298,500000,0.007800000000000001,-0.007799999999999998,0.0039000000000000146,0.011700000000000004,tap1,natural,light,20260810_141717,False
1357785,0.0117,0.039,0.9087,1357.785,500000,-0.0078,0.007800000000000001,0.0,0.011030865786510143,tap1,natural,light,20260810_141717,False
1360287,0.0156,0.0273,0.9087,1360.287,500000,-0.0039000000000000007,-0.0038999999999999972,0.0,0.0055154328932550695,tap1,natural,light,20260810_141717,False
1362791,0.0156,0.0312,0.9126,1362.791,500000,-0.0039000000000000007,0.0,0.0039000000000000146,0.005515432893255082,tap1,natural,light,20260810_141717,False
1365288,0.0117,0.0312,0.9087,1365.288,500000,-0.0078,0.0,0.0,0.0078,tap1,natural,light,20260810_141717,False
1367787,0.0234,0.0351,0.897,1367.787,500000,0.0039000000000000007,0.0039000000000000007,-0.011699999999999933,0.012934836682385998,tap1,natural,light,20260810_141717,False
1370292,0.0156,0.0273,0.9126,1370.292,500000,-0.0039000000000000007,-0.0038999999999999972,0.0039000000000000146,0.006754998149518628,tap1,natural,light,20260810_141717,False
1372796,0.0195,0.0273,0.9126,1372.796,500000,0.0,-0.0038999999999999972,0.0039000000000000146,0.005515432893255079,tap1,natural,light,20260810_141717,False
1375294,0.0078,0.039,0.9204,1375.294,500000,-0.0117,0.007800000000000001,0.011700000000000044,0.018292621463311405,tap1,natural,light,20260810_141717,False
1377803,0.0156,0.0273,0.9087,1377.803,500000,-0.0039000000000000007,-0.0038999999999999972,0.0,0.0055154328932550695,tap1,natural,light,20260810_141717,False
1380287,0.0195,0.0351,0.9009,1380.287,500000,0.0,0.0039000000000000007,-0.007799999999999918,0.008720665112249107,tap1,natural,light,20260810_141717,False
1382799,0.0234,0.0273,0.897,1382.799,500000,0.0039000000000000007,-0.0038999999999999972,-0.011699999999999933,0.012934836682385998,tap1,natural,light,20260810_141717,False
1385296,0.0195,0.0312,0.897,1385.296,500000,0.0,0.0,-0.011699999999999933,0.011699999999999933,tap1,natural,light,20260810_141717,False
1387812,0.0156,0.0273,0.9087,1387.812,500000,-0.0039000000000000007,-0.0038999999999999972,0.0,0.0055154328932550695,tap1,natural,light,20260810_141717,False
1390290,0.0156,0.0195,0.9126,1390.29,500000,-0.0039000000000000007,-0.011699999999999999,0.0039000000000000146,0.012934836682386064,tap1,natural,light,20260810_141717,False
1392842,0.0117,0.0312,0.9204,1392.842,500000,-0.0078,0.0,0.011700000000000044,0.014061649974309594,tap1,natural,light,20260810_141717,False
1395295,0.0156,0.0273,0.9126,1395.295,500000,-0.0039000000000000007,-0.0038999999999999972,0.0039000000000000146,0.006754998149518628,tap1,natural,light,20260810_141717,False
1397800,0.0156,0.0351,0.9048,1397.8,500000,-0.0039000000000000007,0.0039000000000000007,-0.0038999999999999035,0.006754998149518567,tap1,natural,light,20260810_141717,False
1400306,0.0234,0.0351,0.9165,1400.306,500000,0.0039000000000000007,0.0039000000000000007,0.007800000000000029,0.00955300999685442,tap1,natural,light,20260810_141717,False
1402795,0.0234,0.0312,0.9165,1402.795,500000,0.0039000000000000007,0.0,0.007800000000000029,0.008720665112249207,tap1,natural,light,20260810_141717,False
1405293,0.0156,0.0351,0.9087,1405.293,500000,-0.0039000000000000007,0.0039000000000000007,0.0,0.005515432893255071,tap1,natural,light,20260810_141717,False
1407809,0.0156,0.0273,0.9126,1407.809,500000,-0.0039000000000000007,-0.0038999999999999972,0.0039000000000000146,0.006754998149518628,tap1,natural,light,20260810_141717,False
1410291,0.0117,0.0351,0.9048,1410.291,500000,-0.0078,0.0039000000000000007,-0.0038999999999999035,0.009553009996854355,tap1,natural,light,20260810_141717,False
1412795,0.0156,0.0312,0.9048,1412.795,500000,-0.0039000000000000007,0.0,-0.0038999999999999035,0.005515432893255003,tap1,natural,light,20260810_141717,False
1415293,0.0195,0.0312,0.9126,1415.293,500000,0.0,0.0,0.0039000000000000146,0.0039000000000000146,tap1,natural,light,20260810_141717,False
1417791,0.0117,0.0234,0.9087,1417.791,500000,-0.0078,-0.007799999999999998,0.0,0.011030865786510139,tap1,natural,light,20260810_141717,False
1420297,0.0156,0.0273,0.9087,1420.297,500000,-0.0039000000000000007,-0.0038999999999999972,0.0,0.0055154328932550695,tap1,natural,light,20260810_141717,False
1422799,0.0156,0.0273,0.9087,1422.799,500000,-0.0039000000000000007,-0.0038999999999999972,0.0,0.0055154328932550695,tap1,natural,light,20260810_141717,False
1425297,0.0195,0.0234,0.9126,1425.297,500000,0.0,-0.007799999999999998,0.0039000000000000146,0.008720665112249185,tap1,natural,light,20260810_141717,False
1427787,0.0156,0.039,0.9048,1427.787,500000,-0.0039000000000000007,0.007800000000000001,-0.0038999999999999035,0.009553009996854357,tap1,natural,light,20260810_141717,False
1430289,0.0195,0.0351,0.9126,1430.289,500000,0.0,0.0039000000000000007,0.0039000000000000146,0.005515432893255082,tap1,natural,light,20260810_141717,False
1432791,0.0234,0.0312,0.9048,1432.791,500000,0.0039000000000000007,0.0,-0.0038999999999999035,0.005515432893255003,tap1,natural,light,20260810_141717,False
1435287,0.0117,0.0351,0.897,1435.287,500000,-0.0078,0.0039000000000000007,-0.011699999999999933,0.014592463808418318,tap1,natural,light,20260810_141717,False
1437789,0.0234,0.0351,0.9009,1437.789,500000,0.0039000000000000007,0.0039000000000000007,-0.007799999999999918,0.009553009996854328,tap1,natural,light,20260810_141717,False
1440289,0.0156,0.0273,0.897,1440.289,500000,-0.0039000000000000007,-0.0038999999999999972,-0.011699999999999933,0.012934836682385998,tap1,natural,light,20260810_141717,False
1442800,0.0195,0.0312,0.9009,1442.8,500000,0.0,0.0,-0.007799999999999918,0.007799999999999918,tap1,natural,light,20260810_141717,False
1445293,0.0078,0.0273,0.9204,1445.293,500000,-0.0117,-0.0038999999999999972,0.011700000000000044,0.016999705879808657,tap1,natural,light,20260810_141717,False
1447799,0.0117,0.0234,0.9243,1447.799,500000,-0.0078,-0.007799999999999998,0.015600000000000058,0.019106019993708836,tap1,natural,light,20260810_141717,False
1450301,0.0117,0.0312,0.9282,1450.301,500000,-0.0078,0.0,0.019500000000000073,0.021002142747824634,tap1,natural,light,20260810_141717,False
1452813,0.0195,0.039,0.9087,1452.813,500000,0.0,0.007800000000000001,0.0,0.007800000000000001,tap1,natural,light,20260810_141717,False
1455311,0.0351,0.0351,0.9009,1455.311,500000,0.0156,0.0039000000000000007,-0.007799999999999918,0.01787204521032774,tap1,natural,light,20260810_141717,False
1457785,0.0234,0.0312,0.9087,1457.785,500000,0.0039000000000000007,0.0,0.0,0.0039000000000000007,tap1,natural,light,20260810_141717,False
1460290,0.0195,0.0312,0.9243,1460.29,500000,0.0,0.0,0.015600000000000058,0.015600000000000058,tap1,natural,light,20260810_141717,False
1462793,0.0195,0.0273,0.9048,1462.793,500000,0.0,-0.0038999999999999972,-0.0038999999999999035,0.005515432893255,tap1,natural,light,20260810_141717,False
1465289,0.0234,0.0273,0.897,1465.289,500000,0.0039000000000000007,-0.0038999999999999972,-0.011699999999999933,0.012934836682385998,tap1,natural,light,20260810_141717,False
1467788,0.0195,0.0234,0.9048,1467.788,500000,0.0,-0.007799999999999998,-0.0038999999999999035,0.008720665112249134,tap1,natural,light,20260810_141717,False
1470295,0.0156,0.0312,0.9165,1470.295,500000,-0.0039000000000000007,0.0,0.007800000000000029,0.008720665112249207,tap1,natural,light,20260810_141717,False
1472798,0.0156,0.0195,0.9204,1472.798,500000,-0.0039000000000000007,-0.011699999999999999,0.011700000000000044,0.016999705879808657,tap1,natural,light,20260810_141717,False
1475294,0.0195,0.0312,0.897,1475.294,500000,0.0,0.0,-0.011699999999999933,0.011699999999999933,tap1,natural,light,20260810_141717,False
1477789,0.0312,0.0195,0.9009,1477.789,500000,0.011699999999999999,-0.011699999999999999,-0.007799999999999918,0.01829262146331134,tap1,natural,light,20260810_141717,False
1480293,0.0195,0.0312,0.9087,1480.293,500000,0.0,0.0,0.0,0.0,tap1,natural,light,20260810_141717,False
1482807,0.0195,0.0312,0.9126,1482.807,500000,0.0,0.0,0.0039000000000000146,0.0039000000000000146,tap1,natural,light,20260810_141717,False
1485309,0.0234,0.0312,0.9087,1485.309,500000,0.0039000000000000007,0.0,0.0,0.0039000000000000007,tap1,natural,light,20260810_141717,False
1487811,0.0234,0.0351,0.9126,1487.811,500000,0.0039000000000000007,0.0039000000000000007,0.0039000000000000146,0.006754998149518631,tap1,natural,light,20260810_141717,False
1490291,0.0195,0.0312,0.897,1490.291,500000,0.0,0.0,-0.011699999999999933,0.011699999999999933,tap1,natural,light,20260810_141717,False
1492788,0.0195,0.0195,0.8931,1492.788,500000,0.0,-0.011699999999999999,-0.015599999999999947,0.01949999999999996,tap1,natural,light,20260810_141717,False
1495290,0.0195,0.0234,0.9009,1495.29,500000,0.0,-0.007799999999999998,-0.007799999999999918,0.011030865786510082,tap1,natural,light,20260810_141717,False
1497803,0.0156,0.0156,0.9048,1497.803,500000,-0.0039000000000000007,-0.0156,-0.0038999999999999035,0.016546298679765186,tap1,natural,light,20260810_141717,False
1500310,0.0195,0.0156,0.9087,1500.31,500000,0.0,-0.0156,0.0,0.0156,tap1,natural,light,20260810_141717,False
1502793,0.0117,0.0273,0.9087,1502.793,500000,-0.0078,-0.0038999999999999972,0.0,0.00872066511224918,tap1,natural,light,20260810_141717,False
1505292,0.0273,0.0351,0.9009,1505.292,500000,0.007800000000000001,0.0039000000000000007,-0.007799999999999918,0.011699999999999947,tap1,natural,light,20260810_141717,False
1507811,0.0312,0.0273,0.9048,1507.811,500000,0.011699999999999999,-0.0038999999999999972,-0.0038999999999999035,0.01293483668238603,tap1,natural,light,20260810_141717,False
1510306,0.0195,0.0312,0.9204,1510.306,500000,0.0,0.0,0.011700000000000044,0.011700000000000044,tap1,natural,light,20260810_141717,False
1512787,0.0117,0.0312,0.9243,1512.787,500000,-0.0078,0.0,0.015600000000000058,0.01744133022449841,tap1,natural,light,20260810_141717,False
1515284,0.0117,0.0234,0.9087,1515.284,500000,-0.0078,-0.007799999999999998,0.0,0.011030865786510139,tap1,natural,light,20260810_141717,False
1517796,0.0234,0.0312,0.9087,1517.796,500000,0.0039000000000000007,0.0,0.0,0.0039000000000000007,tap1,natural,light,20260810_141717,False
1520303,0.0195,0.0273,0.8931,1520.303,500000,0.0,-0.0038999999999999972,-0.015599999999999947,0.016080111939908825,tap1,natural,light,20260810_141717,False
1522813,0.0234,0.0195,0.9048,1522.813,500000,0.0039000000000000007,-0.011699999999999999,-0.0038999999999999035,0.01293483668238603,tap1,natural,light,20260810_141717,False
1525309,0.0156,0.0234,0.9126,1525.309,500000,-0.0039000000000000007,-0.007799999999999998,0.0039000000000000146,0.0095530099968544,tap1,natural,light,20260810_141717,False
1527808,0.0156,0.0273,0.9009,1527.808,500000,-0.0039000000000000007,-0.0038999999999999972,-0.007799999999999918,0.009553009996854326,tap1,natural,light,20260810_141717,False
1530284,0.0156,0.0273,0.9009,1530.284,500000,-0.0039000000000000007,-0.0038999999999999972,-0.007799999999999918,0.009553009996854326,tap1,natural,light,20260810_141717,False
1532786,0.0156,0.0234,0.9243,1532.786,500000,-0.0039000000000000007,-0.007799999999999998,0.015600000000000058,0.017872045210327828,tap1,natural,light,20260810_141717,False
1535286,0.0195,0.0156,0.9243,1535.286,500000,0.0,-0.0156,0.015600000000000058,0.022061731573020323,tap1,natural,light,20260810_141717,False
1537811,0.0156,0.039,0.9165,1537.811,500000,-0.0039000000000000007,0.007800000000000001,0.007800000000000029,0.011700000000000021,tap1,natural,light,20260810_141717,False
1540285,0.0273,0.0351,0.9243,1540.285,500000,0.007800000000000001,0.0039000000000000007,0.015600000000000058,0.017872045210327828,tap1,natural,light,20260810_141717,False
1542799,0.0234,0.0351,0.9087,1542.799,500000,0.0039000000000000007,0.0039000000000000007,0.0,0.005515432893255071,tap1,natural,light,20260810_141717,False
1545308,0.0195,0.0312,0.9165,1545.308,500000,0.0,0.0,0.007800000000000029,0.007800000000000029,tap1,natural,light,20260810_141717,False
1547810,0.0156,0.039,0.9009,1547.81,500000,-0.0039000000000000007,0.007800000000000001,-0.007799999999999918,0.011699999999999947,tap1,natural,light,20260810_141717,False
1550286,0.0234,0.0312,0.9087,1550.286,500000,0.0039000000000000007,0.0,0.0,0.0039000000000000007,tap1,natural,light,20260810_141717,False
1552792,0.0234,0.0273,0.9165,1552.792,500000,0.0039000000000000007,-0.0038999999999999972,0.007800000000000029,0.009553009996854418,tap1,natural,light,20260810_141717,False
1555288,0.0117,0.0273,0.9126,1555.288,500000,-0.0078,-0.0038999999999999972,0.0039000000000000146,0.0095530099968544,tap1,natural,light,20260810_141717,False
1557787,0.0156,0.0273,0.9087,1557.787,500000,-0.0039000000000000007,-0.0038999999999999972,0.0,0.0055154328932550695,tap1,natural,light,20260810_141717,False
1560292,0.0195,0.0312,0.9087,1560.292,500000,0.0,0.0,0.0,0.0,tap1,natural,light,20260810_141717,False
1562796,0.0156,0.0351,0.9126,1562.796,500000,-0.0039000000000000007,0.0039000000000000007,0.0039000000000000146,0.006754998149518631,tap1,natural,light,20260810_141717,False
1565292,0.0195,0.039,0.9165,1565.292,500000,0.0,0.007800000000000001,0.007800000000000029,0.011030865786510163,tap1,natural,light,20260810_141717,False
1567812,0.0234,0.0351,0.9165,1567.812,500000,0.0039000000000000007,0.0039000000000000007,0.007800000000000029,0.00955300999685442,tap1,natural,light,20260810_141717,False
1570288,0.0234,0.039,0.9048,1570.288,500000,0.0039000000000000007,0.007800000000000001,-0.0038999999999999035,0.009553009996854357,tap1,natural,light,20260810_141717,False
1572791,0.0195,0.0429,0.9009,1572.791,500000,0.0,0.011700000000000002,-0.007799999999999918,0.014061649974309514,tap1,natural,light,20260810_141717,False
1575303,0.0195,0.0312,0.9009,1575.303,500000,0.0,0.0,-0.007799999999999918,0.007799999999999918,tap1,natural,light,20260810_141717,False
1577814,0.0312,0.0234,0.9087,1577.814,500000,0.011699999999999999,-0.007799999999999998,0.0,0.014061649974309556,tap1,natural,light,20260810_141717,False
1580290,0.0156,0.0156,0.9165,1580.29,500000,-0.0039000000000000007,-0.0156,0.007800000000000029,0.01787204521032779,tap1,natural,light,20260810_141717,False
1582792,0.0156,0.0273,0.9243,1582.792,500000,-0.0039000000000000007,-0.0038999999999999972,0.015600000000000058,0.016546298679765266,tap1,natural,light,20260810_141717,False
1585296,0.0078,0.0273,0.9165,1585.296,500000,-0.0117,-0.0038999999999999972,0.007800000000000029,0.014592463808418386,tap1,natural,light,20260810_141717,False
1587789,0.0234,0.0468,0.9048,1587.789,500000,0.0039000000000000007,0.015600000000000003,-0.0038999999999999035,0.01654629867976519,tap1,natural,light,20260810_141717,False
1590299,0.0195,0.0351,0.8892,1590.299,500000,0.0,0.0039000000000000007,-0.019499999999999962,0.019886176103011823,tap1,natural,light,20260810_141717,False
1592804,0.0351,0.0312,0.8892,1592.804,500000,0.0156,0.0,-0.019499999999999962,0.02497218452598808,tap1,natural,light,20260810_141717,False
1595298,0.0234,0.0195,0.9204,1595.298,500000,0.0039000000000000007,-0.011699999999999999,0.011700000000000044,0.016999705879808657,tap1,natural,light,20260810_141717,False
1597800,0.0117,0.0273,0.9282,1597.8,500000,-0.0078,-0.0038999999999999972,0.019500000000000073,0.021361179742701544,tap1,natural,light,20260810_141717,False
1600305,0.0078,0.0429,0.9243,1600.305,500000,-0.0117,0.011700000000000002,0.015600000000000058,0.022740712389896712,tap1,natural,light,20260810_141717,False
1602792,0.0312,0.0195,0.8931,1602.792,500000,0.011699999999999999,-0.011699999999999999,-0.015599999999999947,0.022740712389896636,tap1,natural,light,20260810_141717,False
1605288,0.0273,0.0195,0.9126,1605.288,500000,0.007800000000000001,-0.011699999999999999,0.0039000000000000146,0.014592463808418376,tap1,natural,light,20260810_141717,False
1607812,0.0078,0.0312,0.9243,1607.812,500000,-0.0117,0.0,0.015600000000000058,0.019500000000000045,tap1,natural,light,20260810_141717,False
1610292,0.0117,0.0351,0.9282,1610.292,500000,-0.0078,0.0039000000000000007,0.019500000000000073,0.021361179742701544,tap1,natural,light,20260810_141717,False
1612796,0.0234,0.0351,0.9048,1612.796,500000,0.0039000000000000007,0.0039000000000000007,-0.0038999999999999035,0.006754998149518567,tap1,natural,light,20260810_141717,False
1615293,0.039,0.0234,0.8931,1615.293,500000,0.0195,-0.007799999999999998,-0.015599999999999947,0.02616199533674751,tap1,natural,light,20260810_141717,False
1617791,0.0117,0.0351,0.9165,1617.791,500000,-0.0078,0.0039000000000000007,0.007800000000000029,0.01170000000000002,tap1,natural,light,20260810_141717,False
1620296,0.0156,0.0273,0.9243,1620.296,500000,-0.0039000000000000007,-0.0038999999999999972,0.015600000000000058,0.016546298679765266,tap1,natural,light,20260810_141717,False
1622800,0.0273,0.0195,0.9048,1622.8,500000,0.007800000000000001,-0.011699999999999999,-0.0038999999999999035,0.014592463808418346,tap1,natural,light,20260810_141717,False
1625297,0.0195,0.0156,0.8931,1625.297,500000,0.0,-0.0156,-0.015599999999999947,0.022061731573020243,tap1,natural,light,20260810_141717,False
1627789,0.0156,0.0273,0.9087,1627.789,500000,-0.0039000000000000007,-0.0038999999999999972,0.0,0.0055154328932550695,tap1,natural,light,20260810_141717,False
1630293,0.0117,0.0234,0.9204,1630.293,500000,-0.0078,-0.007799999999999998,0.011700000000000044,0.016080111939908905,tap1,natural,light,20260810_141717,False
1632796,0.0234,0.0312,0.9087,1632.796,500000,0.0039000000000000007,0.0,0.0,0.0039000000000000007,tap1,natural,light,20260810_141717,False
1635294,0.0195,0.0312,0.9087,1635.294,500000,0.0,0.0,0.0,0.0,tap1,natural,light,20260810_141717,False
1637784,0.0195,0.0312,0.9087,1637.784,500000,0.0,0.0,0.0,0.0,tap1,natural,light,20260810_141717,False
1640301,0.0195,0.0351,0.9126,1640.301,500000,0.0,0.0039000000000000007,0.0039000000000000146,0.005515432893255082,tap1,natural,light,20260810_141717,False
1642801,0.0234,0.039,0.9126,1642.801,500000,0.0039000000000000007,0.007800000000000001,0.0039000000000000146,0.009553009996854402,tap1,natural,light,20260810_141717,False
1645308,0.0273,0.0195,0.897,1645.308,500000,0.007800000000000001,-0.011699999999999999,-0.011699999999999933,0.018292621463311332,tap1,natural,light,20260810_141717,False
1647793,0.0195,0.0234,0.9009,1647.793,500000,0.0,-0.007799999999999998,-0.007799999999999918,0.011030865786510082,tap1,natural,light,20260810_141717,False
1650297,0.0273,0.0156,0.9048,1650.297,500000,0.007800000000000001,-0.0156,-0.0038999999999999035,0.017872045210327755,tap1,natural,light,20260810_141717,False
1652805,0.0195,0.0195,0.9048,1652.805,500000,0.0,-0.011699999999999999,-0.0038999999999999035,0.012332882874656647,tap1,natural,light,20260810_141717,False
1655304,0.0195,0.0156,0.9087,1655.304,500000,0.0,-0.0156,0.0,0.0156,tap1,natural,light,20260810_141717,False
1657807,0.0234,0.0156,0.9126,1657.807,500000,0.0039000000000000007,-0.0156,0.0039000000000000146,0.016546298679765214,tap1,natural,light,20260810_141717,False
1660311,0.0234,0.0273,0.9204,1660.311,500000,0.0039000000000000007,-0.0038999999999999972,0.011700000000000044,0.012934836682386099,tap1,natural,light,20260810_141717,False
1662784,0.0195,0.0273,0.9009,1662.784,500000,0.0,-0.0038999999999999972,-0.007799999999999918,0.008720665112249105,tap1,natural,light,20260810_141717,False
1665311,0.0273,0.0234,0.9009,1665.311,500000,0.007800000000000001,-0.007799999999999998,-0.007799999999999918,0.013509996299037196,tap1,natural,light,20260810_141717,False
1667807,0.0273,0.0234,0.9204,1667.807,500000,0.007800000000000001,-0.007799999999999998,0.011700000000000044,0.01608011193990891,tap1,natural,light,20260810_141717,False
1670313,0.0195,0.0351,0.9165,1670.313,500000,0.0,0.0039000000000000007,0.007800000000000029,0.008720665112249207,tap1,natural,light,20260810_141717,False
1672788,0.0156,0.0351,0.9087,1672.788,500000,-0.0039000000000000007,0.0039000000000000007,0.0,0.005515432893255071,tap1,natural,light,20260810_141717,False
1675285,0.0273,0.0351,0.8931,1675.285,500000,0.007800000000000001,0.0039000000000000007,-0.015599999999999947,0.01787204521032773,tap1,natural,light,20260810_141717,False
1677793,0.0273,0.0351,0.9048,1677.793,500000,0.007800000000000001,0.0039000000000000007,-0.0038999999999999035,0.009553009996854357,tap1,natural,light,20260810_141717,False
1680298,0.0156,0.0195,0.9009,1680.298,500000,-0.0039000000000000007,-0.011699999999999999,-0.007799999999999918,0.014592463808418327,tap1,natural,light,20260810_141717,False
1682803,0.0078,0.0312,0.9048,1682.803,500000,-0.0117,0.0,-0.0038999999999999035,0.012332882874656649,tap1,natural,light,20260810_141717,False
1685300,0.0078,0.0234,0.9048,1685.3,500000,-0.0117,-0.007799999999999998,-0.0038999999999999035,0.014592463808418344,tap1,natural,light,20260810_141717,False
1687788,0.0156,0.0273,0.9087,1687.788,500000,-0.0039000000000000007,-0.0038999999999999972,0.0,0.0055154328932550695,tap1,natural,light,20260810_141717,False
1690290,0.0195,0.0312,0.9087,1690.29,500000,0.0,0.0,0.0,0.0,tap1,natural,light,20260810_141717,False
1692844,0.0156,0.039,0.9087,1692.844,500000,-0.0039000000000000007,0.007800000000000001,0.0,0.008720665112249181,tap1,natural,light,20260810_141717,False
1695299,0.0156,0.0429,0.9009,1695.299,500000,-0.0039000000000000007,0.011700000000000002,-0.007799999999999918,0.01459246380841833,tap1,natural,light,20260810_141717,False
1697810,0.0234,0.039,0.9009,1697.81,500000,0.0039000000000000007,0.007800000000000001,-0.007799999999999918,0.011699999999999947,tap1,natural,light,20260810_141717,False
1700284,0.0234,0.0312,0.9048,1700.284,500000,0.0039000000000000007,0.0,-0.0038999999999999035,0.005515432893255003,tap1,natural,light,20260810_141717,False
1702797,0.0195,0.0234,0.9009,1702.797,500000,0.0,-0.007799999999999998,-0.007799999999999918,0.011030865786510082,tap1,natural,light,20260810_141717,False
1705312,0.0117,0.0234,0.9087,1705.312,500000,-0.0078,-0.007799999999999998,0.0,0.011030865786510139,tap1,natural,light,20260810_141717,False
1707786,0.0156,0.0234,0.9048,1707.786,500000,-0.0039000000000000007,-0.007799999999999998,-0.0038999999999999035,0.009553009996854354,tap1,natural,light,20260810_141717,False
1710297,0.0156,0.0195,0.9126,1710.297,500000,-0.0039000000000000007,-0.011699999999999999,0.0039000000000000146,0.012934836682386064,tap1,natural,light,20260810_141717,False
1712800,0.0117,0.0234,0.9087,1712.8,500000,-0.0078,-0.007799999999999998,0.0,0.011030865786510139,tap1,natural,light,20260810_141717,False
1715297,0.0273,0.0195,0.9165,1715.297,500000,0.007800000000000001,-0.011699999999999999,0.007800000000000029,0.01608011193990889,tap1,natural,light,20260810_141717,False
1717790,0.0195,0.0312,0.9165,1717.79,500000,0.0,0.0,0.007800000000000029,0.007800000000000029,tap1,natural,light,20260810_141717,False
1720292,0.0195,0.0429,0.9165,1720.292,500000,0.0,0.011700000000000002,0.007800000000000029,0.014061649974309576,tap1,natural,light,20260810_141717,False
1722796,0.0156,0.0351,0.9087,1722.796,500000,-0.0039000000000000007,0.0039000000000000007,0.0,0.005515432893255071,tap1,natural,light,20260810_141717,False
1725292,0.0117,0.0351,0.9126,1725.292,500000,-0.0078,0.0039000000000000007,0.0039000000000000146,0.0095530099968544,tap1,natural,light,20260810_141717,False
1727785,0.0156,0.0351,0.9087,1727.785,500000,-0.0039000000000000007,0.0039000000000000007,0.0,0.005515432893255071,tap1,natural,light,20260810_141717,False
1730292,0.0117,0.0312,0.9048,1730.292,500000,-0.0078,0.0,-0.0038999999999999035,0.008720665112249136,tap1,natural,light,20260810_141717,False
1732795,0.0156,0.0234,0.9009,1732.795,500000,-0.0039000000000000007,-0.007799999999999998,-0.007799999999999918,0.011699999999999945,tap1,natural,light,20260810_141717,False
1735291,0.0117,0.0273,0.9048,1735.291,500000,-0.0078,-0.0038999999999999972,-0.0038999999999999035,0.009553009996854354,tap1,natural,light,20260810_141717,False
1737806,0.0156,0.0234,0.9048,1737.806,500000,-0.0039000000000000007,-0.007799999999999998,-0.0038999999999999035,0.009553009996854354,tap1,natural,light,20260810_141717,False
1740313,0.0156,0.0273,0.9048,1740.313,500000,-0.0039000000000000007,-0.0038999999999999972,-0.0038999999999999035,0.006754998149518564,tap1,natural,light,20260810_141717,False
1742799,0.0156,0.0234,0.9126,1742.799,500000,-0.0039000000000000007,-0.007799999999999998,0.0039000000000000146,0.0095530099968544,tap1,natural,light,20260810_141717,False
1745308,0.0156,0.0234,0.9126,1745.308,500000,-0.0039000000000000007,-0.007799999999999998,0.0039000000000000146,0.0095530099968544,tap1,natural,light,20260810_141717,False
1747788,0.0156,0.0312,0.9204,1747.788,500000,-0.0039000000000000007,0.0,0.011700000000000044,0.012332882874656722,tap1,natural,light,20260810_141717,False
1750290,0.0195,0.0507,0.9321,1750.29,500000,0.0,0.019500000000000003,0.023400000000000087,0.03045997373603602,tap1,natural,light,20260810_141717,False
1752796,0.0312,0.0468,0.8892,1752.796,500000,0.011699999999999999,0.015600000000000003,-0.019499999999999962,0.02757716446627533,tap1,natural,light,20260810_141717,False
1755293,0.0234,0.0429,0.8736,1755.293,500000,0.0039000000000000007,0.011700000000000002,-0.03509999999999991,0.037203628855260795,tap1,natural,light,20260810_141717,False
1757785,0.0273,0.0156,0.9087,1757.785,500000,0.007800000000000001,-0.0156,0.0,0.01744133022449836,tap1,natural,light,20260810_141717,False
1760290,0.0234,0.0273,0.9048,1760.29,500000,0.0039000000000000007,-0.0038999999999999972,-0.0038999999999999035,0.006754998149518564,tap1,natural,light,20260810_141717,False
1762792,0.0078,0.0234,0.9204,1762.792,500000,-0.0117,-0.007799999999999998,0.011700000000000044,0.0182926214633114,tap1,natural,light,20260810_141717,False
1765290,0.0234,0.0234,0.897,1765.29,500000,0.0039000000000000007,-0.007799999999999998,-0.011699999999999933,0.014592463808418317,tap1,natural,light,20260810_141717,False
1767787,0.0351,0.0234,0.9009,1767.787,500000,0.0156,-0.007799999999999998,-0.007799999999999918,0.019106019993708753,tap1,natural,light,20260810_141717,False
1770292,0.0117,0.0195,0.9204,1770.292,500000,-0.0078,-0.011699999999999999,0.011700000000000044,0.0182926214633114,tap1,natural,light,20260810_141717,False
1772811,0.0078,0.0312,0.9204,1772.811,500000,-0.0117,0.0,0.011700000000000044,0.01654629867976524,tap1,natural,light,20260810_141717,False
1775310,0.0312,0.0429,0.9165,1775.31,500000,0.011699999999999999,0.011700000000000002,0.007800000000000029,0.01829262146331139,tap1,natural,light,20260810_141717,False
1777808,0.0273,0.0468,0.8814,1777.808,500000,0.007800000000000001,0.015600000000000003,-0.02729999999999999,0.032395833065380485,tap1,natural,light,20260810_141717,False
1780288,0.0312,0.0312,0.897,1780.288,500000,0.011699999999999999,0.0,-0.011699999999999933,0.016546298679765165,tap1,natural,light,20260810_141717,False
1782792,0.0156,0.0351,0.9204,1782.792,500000,-0.0039000000000000007,0.0039000000000000007,0.011700000000000044,0.012934836682386099,tap1,natural,light,20260810_141717,False
1785288,0.0156,0.0195,0.9204,1785.288,500000,-0.0039000000000000007,-0.011699999999999999,0.011700000000000044,0.016999705879808657,tap1,natural,light,20260810_141717,False
1787809,0.0312,0.0156,0.8853,1787.809,500000,0.011699999999999999,-0.0156,-0.023399999999999976,0.030459973736035935,tap1,natural,light,20260810_141717,False
1790310,0.0195,0.0156,0.9009,1790.31,500000,0.0,-0.0156,-0.007799999999999918,0.017441330224498324,tap1,natural,light,20260810_141717,False
1792813,0.0078,0.0273,0.9243,1792.813,500000,-0.0117,-0.0038999999999999972,0.015600000000000058,0.019886176103011906,tap1,natural,light,20260810_141717,False
1795293,0.0195,0.0234,0.9165,1795.293,500000,0.0,-0.007799999999999998,0.007800000000000029,0.01103086578651016,tap1,natural,light,20260810_141717,False
1797806,0.0195,0.0234,0.9048,1797.806,500000,0.0,-0.007799999999999998,-0.0038999999999999035,0.008720665112249134,tap1,natural,light,20260810_141717,False
1800284,0.0195,0.0351,0.9126,1800.284,500000,0.0,0.0039000000000000007,0.0039000000000000146,0.005515432893255082,tap1,natural,light,20260810_141717,False
1802793,0.0156,0.0429,0.9165,1802.793,500000,-0.0039000000000000007,0.011700000000000002,0.007800000000000029,0.01459246380841839,tap1,natural,light,20260810_141717,False
1805290,0.0156,0.0351,0.9009,1805.29,500000,-0.0039000000000000007,0.0039000000000000007,-0.007799999999999918,0.009553009996854328,tap1,natural,light,20260810_141717,False
1807786,0.0156,0.039,0.8931,1807.786,500000,-0.0039000000000000007,0.007800000000000001,-0.015599999999999947,0.01787204521032773,tap1,natural,light,20260810_141717,False
1810296,0.0156,0.0273,0.9087,1810.296,500000,-0.0039000000000000007,-0.0038999999999999972,0.0,0.0055154328932550695,tap1,natural,light,20260810_141717,False
1812800,0.0195,0.0312,0.9126,1812.8,500000,0.0,0.0,0.0039000000000000146,0.0039000000000000146,tap1,natural,light,20260810_141717,False
1815297,0.0156,0.0156,0.9165,1815.297,500000,-0.0039000000000000007,-0.0156,0.007800000000000029,0.01787204521032779,tap1,natural,light,20260810_141717,False
1817792,0.0117,0.0117,0.9321,1817.792,500000,-0.0078,-0.019499999999999997,0.023400000000000087,0.03144280521836441,tap1,natural,light,20260810_141717,False
1820298,0.0078,0.0273,0.9165,1820.298,500000,-0.0117,-0.0038999999999999972,0.007800000000000029,0.014592463808418386,tap1,natural,light,20260810_141717,False
1822807,0.0195,0.0351,0.9048,1822.807,500000,0.0,0.0039000000000000007,-0.0038999999999999035,0.005515432893255003,tap1,natural,light,20260810_141717,False
1825304,0.0156,0.039,0.9009,1825.304,500000,-0.0039000000000000007,0.007800000000000001,-0.007799999999999918,0.011699999999999947,tap1,natural,light,20260810_141717,False
1827789,0.0195,0.039,0.9087,1827.789,500000,0.0,0.007800000000000001,0.0,0.007800000000000001,tap1,natural,light,20260810_141717,False
1830296,0.0117,0.039,0.9087,1830.296,500000,-0.0078,0.007800000000000001,0.0,0.011030865786510143,tap1,natural,light,20260810_141717,False
1832800,0.0195,0.0312,0.9048,1832.8,500000,0.0,0.0,-0.0038999999999999035,0.0038999999999999035,tap1,natural,light,20260810_141717,False
1835297,0.0195,0.0312,0.9048,1835.297,500000,0.0,0.0,-0.0038999999999999035,0.0038999999999999035,tap1,natural,light,20260810_141717,False
1837803,0.0234,0.0195,0.9087,1837.803,500000,0.0039000000000000007,-0.011699999999999999,0.0,0.012332882874656679,tap1,natural,light,20260810_141717,False
1840310,0.0234,0.0234,0.9087,1840.31,500000,0.0039000000000000007,-0.007799999999999998,0.0,0.00872066511224918,tap1,natural,light,20260810_141717,False
1842810,0.0117,0.0234,0.9165,1842.81,500000,-0.0078,-0.007799999999999998,0.007800000000000029,0.013509996299037258,tap1,natural,light,20260810_141717,False
1845288,0.0195,0.0312,0.9126,1845.288,500000,0.0,0.0,0.0039000000000000146,0.0039000000000000146,tap1,natural,light,20260810_141717,False
1847791,0.0234,0.0234,0.9126,1847.791,500000,0.0039000000000000007,-0.007799999999999998,0.0039000000000000146,0.0095530099968544,tap1,natural,light,20260810_141717,False
1850296,0.0234,0.0234,0.9126,1850.296,500000,0.0039000000000000007,-0.007799999999999998,0.0039000000000000146,0.0095530099968544,tap1,natural,light,20260810_141717,False
1852803,0.0234,0.0273,0.9165,1852.803,500000,0.0039000000000000007,-0.0038999999999999972,0.007800000000000029,0.009553009996854418,tap1,natural,light,20260810_141717,False
1855301,0.0195,0.0312,0.9126,1855.301,500000,0.0,0.0,0.0039000000000000146,0.0039000000000000146,tap1,natural,light,20260810_141717,False
1857811,0.0195,0.039,0.9087,1857.811,500000,0.0,0.007800000000000001,0.0,0.007800000000000001,tap1,natural,light,20260810_141717,False
1860285,0.0195,0.0234,0.9087,1860.285,500000,0.0,-0.007799999999999998,0.0,0.007799999999999998,tap1,natural,light,20260810_141717,False
1862790,0.0156,0.0273,0.9048,1862.79,500000,-0.0039000000000000007,-0.0038999999999999972,-0.0038999999999999035,0.006754998149518564,tap1,natural,light,20260810_141717,False
1865287,0.0156,0.0273,0.9009,1865.287,500000,-0.0039000000000000007,-0.0038999999999999972,-0.007799999999999918,0.009553009996854326,tap1,natural,light,20260810_141717,False
1867784,0.0195,0.0351,0.9048,1867.784,500000,0.0,0.0039000000000000007,-0.0038999999999999035,0.005515432893255003,tap1,natural,light,20260810_141717,False
1870290,0.0195,0.0312,0.897,1870.29,500000,0.0,0.0,-0.011699999999999933,0.011699999999999933,tap1,natural,light,20260810_141717,False
1872793,0.0273,0.0351,0.9087,1872.793,500000,0.007800000000000001,0.0039000000000000007,0.0,0.008720665112249181,tap1,natural,light,20260810_141717,False
1875291,0.0312,0.0312,0.9087,1875.291,500000,0.011699999999999999,0.0,0.0,0.011699999999999999,tap1,natural,light,20260810_141717,False
1877788,0.0195,0.0312,0.9087,1877.788,500000,0.0,0.0,0.0,0.0,tap1,natural,light,20260810_141717,False
1880293,0.0195,0.0312,0.9087,1880.293,500000,0.0,0.0,0.0,0.0,tap1,natural,light,20260810_141717,False
1882797,0.0117,0.039,0.9126,1882.797,500000,-0.0078,0.007800000000000001,0.0039000000000000146,0.011700000000000006,tap1,natural,light,20260810_141717,False
1885293,0.0195,0.0312,0.9165,1885.293,500000,0.0,0.0,0.007800000000000029,0.007800000000000029,tap1,natural,light,20260810_141717,False
1887787,0.0234,0.039,0.897,1887.787,500000,0.0039000000000000007,0.007800000000000001,-0.011699999999999933,0.014592463808418318,tap1,natural,light,20260810_141717,False
1890285,0.0234,0.0195,0.9087,1890.285,500000,0.0039000000000000007,-0.011699999999999999,0.0,0.012332882874656679,tap1,natural,light,20260810_141717,False
1892797,0.0195,0.0234,0.9087,1892.797,500000,0.0,-0.007799999999999998,0.0,0.007799999999999998,tap1,natural,light,20260810_141717,False
1895308,0.0078,0.0273,0.9165,1895.308,500000,-0.0117,-0.0038999999999999972,0.007800000000000029,0.014592463808418386,tap1,natural,light,20260810_141717,False
1897790,0.0234,0.0351,0.9126,1897.79,500000,0.0039000000000000007,0.0039000000000000007,0.0039000000000000146,0.006754998149518631,tap1,natural,light,20260810_141717,False
1900292,0.0195,0.0273,0.9048,1900.292,500000,0.0,-0.0038999999999999972,-0.0038999999999999035,0.005515432893255,tap1,natural,light,20260810_141717,False
1902808,0.0156,0.0312,0.9126,1902.808,500000,-0.0039000000000000007,0.0,0.0039000000000000146,0.005515432893255082,tap1,natural,light,20260810_141717,False
1905309,0.0195,0.0273,0.9048,1905.309,500000,0.0,-0.0038999999999999972,-0.0038999999999999035,0.005515432893255,tap1,natural,light,20260810_141717,False
1907810,0.0117,0.0429,0.9009,1907.81,500000,-0.0078,0.011700000000000002,-0.007799999999999918,0.01608011193990884,tap1,natural,light,20260810_141717,False
1910286,0.0117,0.0312,0.9048,1910.286,500000,-0.0078,0.0,-0.0038999999999999035,0.008720665112249136,tap1,natural,light,20260810_141717,False
1912789,0.0195,0.0234,0.9048,1912.789,500000,0.0,-0.007799999999999998,-0.0038999999999999035,0.008720665112249134,tap1,natural,light,20260810_141717,False
1915287,0.0156,0.0234,0.9087,1915.287,500000,-0.0039000000000000007,-0.007799999999999998,0.0,0.00872066511224918,tap1,natural,light,20260810_141717,False
1917791,0.0195,0.0312,0.9126,1917.791,500000,0.0,0.0,0.0039000000000000146,0.0039000000000000146,tap1,natural,light,20260810_141717,False
1920293,0.0156,0.0351,0.9126,1920.293,500000,-0.0039000000000000007,0.0039000000000000007,0.0039000000000000146,0.006754998149518631,tap1,natural,light,20260810_141717,False
1922797,0.0195,0.0312,0.9009,1922.797,500000,0.0,0.0,-0.007799999999999918,0.007799999999999918,tap1,natural,light,20260810_141717,False
1925294,0.0195,0.0273,0.9126,1925.294,500000,0.0,-0.0038999999999999972,0.0039000000000000146,0.005515432893255079,tap1,natural,light,20260810_141717,False
1927789,0.0117,0.0351,0.9204,1927.789,500000,-0.0078,0.0039000000000000007,0.011700000000000044,0.014592463808418407,tap1,natural,light,20260810_141717,False
1930296,0.0156,0.0351,0.9087,1930.296,500000,-0.0039000000000000007,0.0039000000000000007,0.0,0.005515432893255071,tap1,natural,light,20260810_141717,False
1932799,0.0156,0.0312,0.897,1932.799,500000,-0.0039000000000000007,0.0,-0.011699999999999933,0.012332882874656616,tap1,natural,light,20260810_141717,False
1935296,0.0156,0.0234,0.9048,1935.296,500000,-0.0039000000000000007,-0.007799999999999998,-0.0038999999999999035,0.009553009996854354,tap1,natural,light,20260810_141717,False
1937812,0.0156,0.0273,0.9087,1937.812,500000,-0.0039000000000000007,-0.0038999999999999972,0.0,0.0055154328932550695,tap1,natural,light,20260810_141717,False
1940291,0.0117,0.0273,0.9126,1940.291,500000,-0.0078,-0.0038999999999999972,0.0039000000000000146,0.0095530099968544,tap1,natural,light,20260810_141717,False
1942793,0.0117,0.0312,0.9048,1942.793,500000,-0.0078,0.0,-0.0038999999999999035,0.008720665112249136,tap1,natural,light,20260810_141717,False
1945301,0.0195,0.0234,0.9126,1945.301,500000,0.0,-0.007799999999999998,0.0039000000000000146,0.008720665112249185,tap1,natural,light,20260810_141717,False
1947785,0.0156,0.0234,0.9048,1947.785,500000,-0.0039000000000000007,-0.007799999999999998,-0.0038999999999999035,0.009553009996854354,tap1,natural,light,20260810_141717,False
1950291,0.0156,0.0234,0.9126,1950.291,500000,-0.0039000000000000007,-0.007799999999999998,0.0039000000000000146,0.0095530099968544,tap1,natural,light,20260810_141717,False
1952798,0.0195,0.0312,0.9087,1952.798,500000,0.0,0.0,0.0,0.0,tap1,natural,light,20260810_141717,False
1955297,0.0156,0.039,0.9009,1955.297,500000,-0.0039000000000000007,0.007800000000000001,-0.007799999999999918,0.011699999999999947,tap1,natural,light,20260810_141717,False
1957812,0.0156,0.039,0.9009,1957.812,500000,-0.0039000000000000007,0.007800000000000001,-0.007799999999999918,0.011699999999999947,tap1,natural,light,20260810_141717,False
1960290,0.0156,0.0312,0.9087,1960.29,500000,-0.0039000000000000007,0.0,0.0,0.0039000000000000007,tap1,natural,light,20260810_141717,False
1962795,0.0234,0.0273,0.9165,1962.795,500000,0.0039000000000000007,-0.0038999999999999972,0.007800000000000029,0.009553009996854418,tap1,natural,light,20260810_141717,False
1965291,0.0156,0.0351,0.9087,1965.291,500000,-0.0039000000000000007,0.0039000000000000007,0.0,0.005515432893255071,tap1,natural,light,20260810_141717,False
1967799,0.0195,0.0156,0.9087,1967.799,500000,0.0,-0.0156,0.0,0.0156,tap1,natural,light,20260810_141717,False
1970302,0.0156,0.0273,0.9009,1970.302,500000,-0.0039000000000000007,-0.0038999999999999972,-0.007799999999999918,0.009553009996854326,tap1,natural,light,20260810_141717,False
1972813,0.0117,0.0351,0.9048,1972.813,500000,-0.0078,0.0039000000000000007,-0.0038999999999999035,0.009553009996854355,tap1,natural,light,20260810_141717,False
1975309,0.0234,0.0273,0.9126,1975.309,500000,0.0039000000000000007,-0.0038999999999999972,0.0039000000000000146,0.006754998149518628,tap1,natural,light,20260810_141717,False
1977789,0.0195,0.0273,0.9165,1977.789,500000,0.0,-0.0038999999999999972,0.007800000000000029,0.008720665112249205,tap1,natural,light,20260810_141717,False
1980296,0.0195,0.0234,0.9009,1980.296,500000,0.0,-0.007799999999999998,-0.007799999999999918,0.011030865786510082,tap1,natural,light,20260810_141717,False
1982800,0.0156,0.0312,0.9009,1982.8,500000,-0.0039000000000000007,0.0,-0.007799999999999918,0.008720665112249107,tap1,natural,light,20260810_141717,False
1985298,0.0156,0.0351,0.9165,1985.298,500000,-0.0039000000000000007,0.0039000000000000007,0.007800000000000029,0.00955300999685442,tap1,natural,light,20260810_141717,False
1987784,0.0195,0.0195,0.9126,1987.784,500000,0.0,-0.011699999999999999,0.0039000000000000146,0.012332882874656684,tap1,natural,light,20260810_141717,False
1990291,0.0234,0.0351,0.9048,1990.291,500000,0.0039000000000000007,0.0039000000000000007,-0.0038999999999999035,0.006754998149518567,tap1,natural,light,20260810_141717,False
1992794,0.0195,0.0234,0.9048,1992.794,500000,0.0,-0.007799999999999998,-0.0038999999999999035,0.008720665112249134,tap1,natural,light,20260810_141717,False
1995291,0.0156,0.0234,0.9048,1995.291,500000,-0.0039000000000000007,-0.007799999999999998,-0.0038999999999999035,0.009553009996854354,tap1,natural,light,20260810_141717,False
1997791,0.0234,0.0195,0.9087,1997.791,500000,0.0039000000000000007,-0.011699999999999999,0.0,0.012332882874656679,tap1,natural,light,20260810_141717,False
2000294,0.0234,0.0273,0.9048,2000.294,500000,0.0039000000000000007,-0.0038999999999999972,-0.0038999999999999035,0.006754998149518564,tap1,natural,light,20260810_141717,False
2002799,0.0117,0.0351,0.9126,2002.799,500000,-0.0078,0.0039000000000000007,0.0039000000000000146,0.0095530099968544,tap1,natural,light,20260810_141717,False
2005296,0.0195,0.0195,0.9087,2005.296,500000,0.0,-0.011699999999999999,0.0,0.011699999999999999,tap1,natural,light,20260810_141717,False
2007809,0.0234,0.0312,0.9048,2007.809,500000,0.0039000000000000007,0.0,-0.0038999999999999035,0.005515432893255003,tap1,natural,light,20260810_141717,False
2010286,0.0234,0.0273,0.897,2010.286,500000,0.0039000000000000007,-0.0038999999999999972,-0.011699999999999933,0.012934836682385998,tap1,natural,light,20260810_141717,False
2012787,0.0156,0.0312,0.9009,2012.787,500000,-0.0039000000000000007,0.0,-0.007799999999999918,0.008720665112249107,tap1,natural,light,20260810_141717,False
2015284,0.0117,0.0351,0.9126,2015.284,500000,-0.0078,0.0039000000000000007,0.0039000000000000146,0.0095530099968544,tap1,natural,light,20260810_141717,False
2017791,0.0195,0.0234,0.9087,2017.791,500000,0.0,-0.007799999999999998,0.0,0.007799999999999998,tap1,natural,light,20260810_141717,False
2020292,0.0195,0.0234,0.9048,2020.292,500000,0.0,-0.007799999999999998,-0.0038999999999999035,0.008720665112249134,tap1,natural,light,20260810_141717,False
2022796,0.0195,0.0156,0.9048,2022.796,500000,0.0,-0.0156,-0.0038999999999999035,0.01608011193990885,tap1,natural,light,20260810_141717,False
2025293,0.0117,0.0351,0.9087,2025.293,500000,-0.0078,0.0039000000000000007,0.0,0.00872066511224918,tap1,natural,light,20260810_141717,False
2027789,0.0156,0.0234,0.9087,2027.789,500000,-0.0039000000000000007,-0.007799999999999998,0.0,0.00872066511224918,tap1,natural,light,20260810_141717,False
2030290,0.0234,0.0312,0.9048,2030.29,500000,0.0039000000000000007,0.0,-0.0038999999999999035,0.005515432893255003,tap1,natural,light,20260810_141717,False
2032807,0.0156,0.0273,0.9009,2032.807,500000,-0.0039000000000000007,-0.0038999999999999972,-0.007799999999999918,0.009553009996854326,tap1,natural,light,20260810_141717,False
2035307,0.0195,0.0234,0.9087,2035.307,500000,0.0,-0.007799999999999998,0.0,0.007799999999999998,tap1,natural,light,20260810_141717,False
2037784,0.0234,0.0234,0.9048,2037.784,500000,0.0039000000000000007,-0.007799999999999998,-0.0038999999999999035,0.009553009996854354,tap1,natural,light,20260810_141717,False
2040288,0.0156,0.0351,0.9048,2040.288,500000,-0.0039000000000000007,0.0039000000000000007,-0.0038999999999999035,0.006754998149518567,tap1,natural,light,20260810_141717,False
2042807,0.0156,0.0273,0.9126,2042.807,500000,-0.0039000000000000007,-0.0038999999999999972,0.0039000000000000146,0.006754998149518628,tap1,natural,light,20260810_141717,False
2045286,0.0156,0.0273,0.9126,2045.286,500000,-0.0039000000000000007,-0.0038999999999999972,0.0039000000000000146,0.006754998149518628,tap1,natural,light,20260810_141717,False
2047792,0.0234,0.0195,0.9126,2047.792,500000,0.0039000000000000007,-0.011699999999999999,0.0039000000000000146,0.012934836682386064,tap1,natural,light,20260810_141717,False
2050297,0.0195,0.0273,0.9087,2050.297,500000,0.0,-0.0038999999999999972,0.0,0.0038999999999999972,tap1,natural,light,20260810_141717,False
2052804,0.0156,0.0312,0.9087,2052.804,500000,-0.0039000000000000007,0.0,0.0,0.0039000000000000007,tap1,natural,light,20260810_141717,False
2055304,0.0234,0.0234,0.9126,2055.304,500000,0.0039000000000000007,-0.007799999999999998,0.0039000000000000146,0.0095530099968544,tap1,natural,light,20260810_141717,False
2057785,0.0195,0.0273,0.9087,2057.785,500000,0.0,-0.0038999999999999972,0.0,0.0038999999999999972,tap1,natural,light,20260810_141717,False
2060290,0.0156,0.0429,0.9165,2060.29,500000,-0.0039000000000000007,0.011700000000000002,0.007800000000000029,0.01459246380841839,tap1,natural,light,20260810_141717,False
2062795,0.0195,0.039,0.9048,2062.795,500000,0.0,0.007800000000000001,-0.0038999999999999035,0.008720665112249138,tap1,natural,light,20260810_141717,False
2065291,0.0195,0.039,0.9048,2065.291,500000,0.0,0.007800000000000001,-0.0038999999999999035,0.008720665112249138,tap1,natural,light,20260810_141717,False
2067788,0.0195,0.0351,0.9165,2067.788,500000,0.0,0.0039000000000000007,0.007800000000000029,0.008720665112249207,tap1,natural,light,20260810_141717,False
2070294,0.0234,0.039,0.9087,2070.294,500000,0.0039000000000000007,0.007800000000000001,0.0,0.008720665112249181,tap1,natural,light,20260810_141717,False
2072798,0.0195,0.0273,0.9048,2072.798,500000,0.0,-0.0038999999999999972,-0.0038999999999999035,0.005515432893255,tap1,natural,light,20260810_141717,False
2075294,0.0234,0.0312,0.9009,2075.294,500000,0.0039000000000000007,0.0,-0.007799999999999918,0.008720665112249107,tap1,natural,light,20260810_141717,False
2077787,0.0156,0.0312,0.9204,2077.787,500000,-0.0039000000000000007,0.0,0.011700000000000044,0.012332882874656722,tap1,natural,light,20260810_141717,False
2080287,0.0117,0.039,0.9087,2080.287,500000,-0.0078,0.007800000000000001,0.0,0.011030865786510143,tap1,natural,light,20260810_141717,False
2082792,0.0156,0.0351,0.9087,2082.792,500000,-0.0039000000000000007,0.0039000000000000007,0.0,0.005515432893255071,tap1,natural,light,20260810_141717,False
2085290,0.0312,0.0312,0.9087,2085.29,500000,0.011699999999999999,0.0,0.0,0.011699999999999999,tap1,natural,light,20260810_141717,False
2087787,0.0234,0.0351,0.9087,2087.787,500000,0.0039000000000000007,0.0039000000000000007,0.0,0.005515432893255071,tap1,natural,light,20260810_141717,False
2090287,0.0156,0.0312,0.9087,2090.287,500000,-0.0039000000000000007,0.0,0.0,0.0039000000000000007,tap1,natural,light,20260810_141717,False
2092841,0.0078,0.039,0.9087,2092.841,500000,-0.0117,0.007800000000000001,0.0,0.014061649974309559,tap1,natural,light,20260810_141717,False
2095299,0.0156,0.0312,0.9009,2095.299,500000,-0.0039000000000000007,0.0,-0.007799999999999918,0.008720665112249107,tap1,natural,light,20260810_141717,False
2097800,0.0195,0.0273,0.9048,2097.8,500000,0.0,-0.0038999999999999972,-0.0038999999999999035,0.005515432893255,tap1,natural,light,20260810_141717,False
2100293,0.0195,0.0273,0.9126,2100.293,500000,0.0,-0.0038999999999999972,0.0039000000000000146,0.005515432893255079,tap1,natural,light,20260810_141717,False
2102803,0.0195,0.0312,0.9048,2102.803,500000,0.0,0.0,-0.0038999999999999035,0.0038999999999999035,tap1,natural,light,20260810_141717,False
2105305,0.0117,0.0351,0.9087,2105.305,500000,-0.0078,0.0039000000000000007,0.0,0.00872066511224918,tap1,natural,light,20260810_141717,False
2107801,0.0234,0.0312,0.9087,2107.801,500000,0.0039000000000000007,0.0,0.0,0.0039000000000000007,tap1,natural,light,20260810_141717,False
2110309,0.0195,0.0273,0.9009,2110.309,500000,0.0,-0.0038999999999999972,-0.007799999999999918,0.008720665112249105,tap1,natural,light,20260810_141717,False
2112814,0.0195,0.0351,0.9165,2112.814,500000,0.0,0.0039000000000000007,0.007800000000000029,0.008720665112249207,tap1,natural,light,20260810_141717,False
2115311,0.0273,0.0312,0.9126,2115.311,500000,0.007800000000000001,0.0,0.0039000000000000146,0.008720665112249188,tap1,natural,light,20260810_141717,False
2117789,0.0195,0.0351,0.9009,2117.789,500000,0.0,0.0039000000000000007,-0.007799999999999918,0.008720665112249107,tap1,natural,light,20260810_141717,False
2120296,0.0156,0.0351,0.9009,2120.296,500000,-0.0039000000000000007,0.0039000000000000007,-0.007799999999999918,0.009553009996854328,tap1,natural,light,20260810_141717,False
2122800,0.0195,0.0351,0.9087,2122.8,500000,0.0,0.0039000000000000007,0.0,0.0039000000000000007,tap1,natural,light,20260810_141717,False
2125297,0.0156,0.0312,0.9165,2125.297,500000,-0.0039000000000000007,0.0,0.007800000000000029,0.008720665112249207,tap1,natural,light,20260810_141717,False
2127787,0.0195,0.0273,0.9087,2127.787,500000,0.0,-0.0038999999999999972,0.0,0.0038999999999999972,tap1,natural,light,20260810_141717,False
2130287,0.0195,0.0351,0.9087,2130.287,500000,0.0,0.0039000000000000007,0.0,0.0039000000000000007,tap1,natural,light,20260810_141717,False
2132790,0.0195,0.0234,0.9009,2132.79,500000,0.0,-0.007799999999999998,-0.007799999999999918,0.011030865786510082,tap1,natural,light,20260810_141717,False
2135415,0.0156,0.0312,0.9048,2135.415,500000,-0.0039000000000000007,0.0,-0.0038999999999999035,0.005515432893255003,tap1,natural,light,20260810_141717,False
2137785,0.0234,0.0312,0.9087,2137.785,500000,0.0039000000000000007,0.0,0.0,0.0039000000000000007,tap1,natural,light,20260810_141717,False
2140293,0.0156,0.0273,0.9126,2140.293,500000,-0.0039000000000000007,-0.0038999999999999972,0.0039000000000000146,0.006754998149518628,tap1,natural,light,20260810_141717,False
2142811,0.0234,0.0273,0.9126,2142.811,500000,0.0039000000000000007,-0.0038999999999999972,0.0039000000000000146,0.006754998149518628,tap1,natural,light,20260810_141717,False
2145291,0.0234,0.0234,0.9087,2145.291,500000,0.0039000000000000007,-0.007799999999999998,0.0,0.00872066511224918,tap1,natural,light,20260810_141717,False
2147789,0.0234,0.0312,0.9009,2147.789,500000,0.0039000000000000007,0.0,-0.007799999999999918,0.008720665112249107,tap1,natural,light,20260810_141717,False
2150294,0.0195,0.0234,0.9009,2150.294,500000,0.0,-0.007799999999999998,-0.007799999999999918,0.011030865786510082,tap1,natural,light,20260810_141717,False
2152797,0.0156,0.0312,0.897,2152.797,500000,-0.0039000000000000007,0.0,-0.011699999999999933,0.012332882874656616,tap1,natural,light,20260810_141717,False
2155294,0.0156,0.0273,0.9165,2155.294,500000,-0.0039000000000000007,-0.0038999999999999972,0.007800000000000029,0.009553009996854418,tap1,natural,light,20260810_141717,False
2157813,0.0195,0.0234,0.9087,2157.813,500000,0.0,-0.007799999999999998,0.0,0.007799999999999998,tap1,natural,light,20260810_141717,False
2160290,0.0195,0.0234,0.9126,2160.29,500000,0.0,-0.007799999999999998,0.0039000000000000146,0.008720665112249185,tap1,natural,light,20260810_141717,False
2162792,0.0156,0.0273,0.9126,2162.792,500000,-0.0039000000000000007,-0.0038999999999999972,0.0039000000000000146,0.006754998149518628,tap1,natural,light,20260810_141717,False
2165305,0.0117,0.0273,0.9087,2165.305,500000,-0.0078,-0.0038999999999999972,0.0,0.00872066511224918,tap1,natural,light,20260810_141717,False
2167788,0.0156,0.0234,0.9009,2167.788,500000,-0.0039000000000000007,-0.007799999999999998,-0.007799999999999918,0.011699999999999945,tap1,natural,light,20260810_141717,False
2170294,0.0312,0.0234,0.9048,2170.294,500000,0.011699999999999999,-0.007799999999999998,-0.0038999999999999035,0.014592463808418344,tap1,natural,light,20260810_141717,False
2172798,0.0312,0.0234,0.9048,2172.798,500000,0.011699999999999999,-0.007799999999999998,-0.0038999999999999035,0.014592463808418344,tap1,natural,light,20260810_141717,False
2175296,0.0195,0.0234,0.9048,2175.296,500000,0.0,-0.007799999999999998,-0.0038999999999999035,0.008720665112249134,tap1,natural,light,20260810_141717,False
2177789,0.0234,0.0234,0.9126,2177.789,500000,0.0039000000000000007,-0.007799999999999998,0.0039000000000000146,0.0095530099968544,tap1,natural,light,20260810_141717,False
2180294,0.0195,0.0273,0.9204,2180.294,500000,0.0,-0.0038999999999999972,0.011700000000000044,0.01233288287465672,tap1,natural,light,20260810_141717,False
2182798,0.0312,0.0234,0.9204,2182.798,500000,0.011699999999999999,-0.007799999999999998,0.011700000000000044,0.0182926214633114,tap1,natural,light,20260810_141717,False
2185294,0.0156,0.0312,0.9009,2185.294,500000,-0.0039000000000000007,0.0,-0.007799999999999918,0.008720665112249107,tap1,natural,light,20260810_141717,False
2187784,0.0195,0.0234,0.9204,2187.784,500000,0.0,-0.007799999999999998,0.011700000000000044,0.014061649974309594,tap1,natural,light,20260810_141717,False
2190288,0.0195,0.0234,0.9009,2190.288,500000,0.0,-0.007799999999999998,-0.007799999999999918,0.011030865786510082,tap1,natural,light,20260810_141717,False
2192848,0.0273,0.0273,0.9087,2192.848,500000,0.007800000000000001,-0.0038999999999999972,0.0,0.00872066511224918,tap1,natural,light,20260810_141717,False
2195300,0.0117,0.0312,0.897,2195.3,500000,-0.0078,0.0,-0.011699999999999933,0.014061649974309502,tap1,natural,light,20260810_141717,False
2197789,0.0273,0.0234,0.9009,2197.789,500000,0.007800000000000001,-0.007799999999999998,-0.007799999999999918,0.013509996299037196,tap1,natural,light,20260810_141717,False
2200288,0.0195,0.0312,0.9165,2200.288,500000,0.0,0.0,0.007800000000000029,0.007800000000000029,tap1,natural,light,20260810_141717,False
2202798,0.0195,0.0312,0.9165,2202.798,500000,0.0,0.0,0.007800000000000029,0.007800000000000029,tap1,natural,light,20260810_141717,False
2205296,0.0195,0.0273,0.9048,2205.296,500000,0.0,-0.0038999999999999972,-0.0038999999999999035,0.005515432893255,tap1,natural,light,20260810_141717,False
2207807,0.0156,0.0273,0.9126,2207.807,500000,-0.0039000000000000007,-0.0038999999999999972,0.0039000000000000146,0.006754998149518628,tap1,natural,light,20260810_141717,False
2210292,0.0156,0.0234,0.9087,2210.292,500000,-0.0039000000000000007,-0.007799999999999998,0.0,0.00872066511224918,tap1,natural,light,20260810_141717,False
2212796,0.0156,0.0234,0.9048,2212.796,500000,-0.0039000000000000007,-0.007799999999999998,-0.0038999999999999035,0.009553009996854354,tap1,natural,light,20260810_141717,False
2215294,0.0234,0.0273,0.9087,2215.294,500000,0.0039000000000000007,-0.0038999999999999972,0.0,0.0055154328932550695,tap1,natural,light,20260810_141717,False
2217785,0.0156,0.0273,0.9009,2217.785,500000,-0.0039000000000000007,-0.0038999999999999972,-0.007799999999999918,0.009553009996854326,tap1,natural,light,20260810_141717,False
2220292,0.0234,0.0312,0.9204,2220.292,500000,0.0039000000000000007,0.0,0.011700000000000044,0.012332882874656722,tap1,natural,light,20260810_141717,False
2222795,0.0195,0.0273,0.9048,2222.795,500000,0.0,-0.0038999999999999972,-0.0038999999999999035,0.005515432893255,tap1,natural,light,20260810_141717,False
2225292,0.0195,0.0273,0.9009,2225.292,500000,0.0,-0.0038999999999999972,-0.007799999999999918,0.008720665112249105,tap1,natural,light,20260810_141717,False
2227788,0.0195,0.0273,0.9087,2227.788,500000,0.0,-0.0038999999999999972,0.0,0.0038999999999999972,tap1,natural,light,20260810_141717,False
2230306,0.0195,0.0312,0.9165,2230.306,500000,0.0,0.0,0.007800000000000029,0.007800000000000029,tap1,natural,light,20260810_141717,False
2232784,0.0234,0.0234,0.9243,2232.784,500000,0.0039000000000000007,-0.007799999999999998,0.015600000000000058,0.017872045210327828,tap1,natural,light,20260810_141717,False
2235312,0.0234,0.0234,0.9204,2235.312,500000,0.0039000000000000007,-0.007799999999999998,0.011700000000000044,0.014592463808418405,tap1,natural,light,20260810_141717,False
2237785,0.0234,0.0234,0.9165,2237.785,500000,0.0039000000000000007,-0.007799999999999998,0.007800000000000029,0.011700000000000018,tap1,natural,light,20260810_141717,False
2240291,0.0156,0.0351,0.9048,2240.291,500000,-0.0039000000000000007,0.0039000000000000007,-0.0038999999999999035,0.006754998149518567,tap1,natural,light,20260810_141717,False
2242810,0.0195,0.0273,0.9126,2242.81,500000,0.0,-0.0038999999999999972,0.0039000000000000146,0.005515432893255079,tap1,natural,light,20260810_141717,False
2245289,0.0156,0.0312,0.9087,2245.289,500000,-0.0039000000000000007,0.0,0.0,0.0039000000000000007,tap1,natural,light,20260810_141717,False
2247787,0.0156,0.0273,0.9048,2247.787,500000,-0.0039000000000000007,-0.0038999999999999972,-0.0038999999999999035,0.006754998149518564,tap1,natural,light,20260810_141717,False
2250293,0.0195,0.0312,0.9126,2250.293,500000,0.0,0.0,0.0039000000000000146,0.0039000000000000146,tap1,natural,light,20260810_141717,False
2252800,0.0195,0.0273,0.9048,2252.8,500000,0.0,-0.0038999999999999972,-0.0038999999999999035,0.005515432893255,tap1,natural,light,20260810_141717,False
2255299,0.0117,0.0273,0.9126,2255.299,500000,-0.0078,-0.0038999999999999972,0.0039000000000000146,0.0095530099968544,tap1,natural,light,20260810_141717,False
2257784,0.0195,0.0273,0.9165,2257.784,500000,0.0,-0.0038999999999999972,0.007800000000000029,0.008720665112249205,tap1,natural,light,20260810_141717,False
2260287,0.0195,0.0273,0.9048,2260.287,500000,0.0,-0.0038999999999999972,-0.0038999999999999035,0.005515432893255,tap1,natural,light,20260810_141717,False
2262788,0.0156,0.0273,0.9048,2262.788,500000,-0.0039000000000000007,-0.0038999999999999972,-0.0038999999999999035,0.006754998149518564,tap1,natural,light,20260810_141717,False
2265287,0.0195,0.0234,0.9048,2265.287,500000,0.0,-0.007799999999999998,-0.0038999999999999035,0.008720665112249134,tap1,natural,light,20260810_141717,False
2267812,0.0195,0.0351,0.9087,2267.812,500000,0.0,0.0039000000000000007,0.0,0.0039000000000000007,tap1,natural,light,20260810_141717,False
2270287,0.0156,0.0273,0.9048,2270.287,500000,-0.0039000000000000007,-0.0038999999999999972,-0.0038999999999999035,0.006754998149518564,tap1,natural,light,20260810_141717,False
2272791,0.0195,0.0273,0.9126,2272.791,500000,0.0,-0.0038999999999999972,0.0039000000000000146,0.005515432893255079,tap1,natural,light,20260810_141717,False
2275288,0.0156,0.0234,0.9087,2275.288,500000,-0.0039000000000000007,-0.007799999999999998,0.0,0.00872066511224918,tap1,natural,light,20260810_141717,False
2277789,0.0156,0.0234,0.9087,2277.789,500000,-0.0039000000000000007,-0.007799999999999998,0.0,0.00872066511224918,tap1,natural,light,20260810_141717,False
2280295,0.0195,0.0234,0.9165,2280.295,500000,0.0,-0.007799999999999998,0.007800000000000029,0.01103086578651016,tap1,natural,light,20260810_141717,False
2282799,0.0156,0.0312,0.9087,2282.799,500000,-0.0039000000000000007,0.0,0.0,0.0039000000000000007,tap1,natural,light,20260810_141717,False
2285297,0.0156,0.0312,0.9048,2285.297,500000,-0.0039000000000000007,0.0,-0.0038999999999999035,0.005515432893255003,tap1,natural,light,20260810_141717,False
2287784,0.0234,0.0312,0.9009,2287.784,500000,0.0039000000000000007,0.0,-0.007799999999999918,0.008720665112249107,tap1,natural,light,20260810_141717,False
2290290,0.0195,0.0273,0.9087,2290.29,500000,0.0,-0.0038999999999999972,0.0,0.0038999999999999972,tap1,natural,light,20260810_141717,False
2292786,0.0156,0.0351,0.9126,2292.786,500000,-0.0039000000000000007,0.0039000000000000007,0.0039000000000000146,0.006754998149518631,tap1,natural,light,20260810_141717,False
2295300,0.0195,0.0312,0.9087,2295.3,500000,0.0,0.0,0.0,0.0,tap1,natural,light,20260810_141717,False
2297795,0.0156,0.0351,0.9048,2297.795,500000,-0.0039000000000000007,0.0039000000000000007,-0.0038999999999999035,0.006754998149518567,tap1,natural,light,20260810_141717,False
2300303,0.0195,0.0273,0.9204,2300.303,500000,0.0,-0.0038999999999999972,0.011700000000000044,0.01233288287465672,tap1,natural,light,20260810_141717,False
2302802,0.0273,0.0234,0.9087,2302.802,500000,0.007800000000000001,-0.007799999999999998,0.0,0.01103086578651014,tap1,natural,light,20260810_141717,False
2305307,0.0273,0.0351,0.9087,2305.307,500000,0.007800000000000001,0.0039000000000000007,0.0,0.008720665112249181,tap1,natural,light,20260810_141717,False
2307794,0.0195,0.0312,0.897,2307.794,500000,0.0,0.0,-0.011699999999999933,0.011699999999999933,tap1,natural,light,20260810_141717,False
2310310,0.0234,0.0351,0.9009,2310.31,500000,0.0039000000000000007,0.0039000000000000007,-0.007799999999999918,0.009553009996854328,tap1,natural,light,20260810_141717,False
2312804,0.0195,0.0273,0.9243,2312.804,500000,0.0,-0.0038999999999999972,0.015600000000000058,0.016080111939908933,tap1,natural,light,20260810_141717,False
2315292,0.0156,0.0312,0.9009,2315.292,500000,-0.0039000000000000007,0.0,-0.007799999999999918,0.008720665112249107,tap1,natural,light,20260810_141717,False
2317793,0.0156,0.0351,0.9126,2317.793,500000,-0.0039000000000000007,0.0039000000000000007,0.0039000000000000146,0.006754998149518631,tap1,natural,light,20260810_141717,False
2320300,0.0195,0.0273,0.9048,2320.3,500000,0.0,-0.0038999999999999972,-0.0038999999999999035,0.005515432893255,tap1,natural,light,20260810_141717,False
2322806,0.0234,0.0273,0.9126,2322.806,500000,0.0039000000000000007,-0.0038999999999999972,0.0039000000000000146,0.006754998149518628,tap1,natural,light,20260810_141717,False
2325305,0.0195,0.0273,0.9009,2325.305,500000,0.0,-0.0038999999999999972,-0.007799999999999918,0.008720665112249105,tap1,natural,light,20260810_141717,False
2327814,0.0156,0.0312,0.9087,2327.814,500000,-0.0039000000000000007,0.0,0.0,0.0039000000000000007,tap1,natural,light,20260810_141717,False
2330290,0.0234,0.0273,0.9087,2330.29,500000,0.0039000000000000007,-0.0038999999999999972,0.0,0.0055154328932550695,tap1,natural,light,20260810_141717,False
2332796,0.0195,0.0312,0.9048,2332.796,500000,0.0,0.0,-0.0038999999999999035,0.0038999999999999035,tap1,natural,light,20260810_141717,False
2335293,0.0195,0.0273,0.9087,2335.293,500000,0.0,-0.0038999999999999972,0.0,0.0038999999999999972,tap1,natural,light,20260810_141717,False
2337785,0.0117,0.0312,0.9126,2337.785,500000,-0.0078,0.0,0.0039000000000000146,0.008720665112249186,tap1,natural,light,20260810_141717,False
2340291,0.0195,0.0234,0.9048,2340.291,500000,0.0,-0.007799999999999998,-0.0038999999999999035,0.008720665112249134,tap1,natural,light,20260810_141717,False
2342813,0.0234,0.0273,0.9204,2342.813,500000,0.0039000000000000007,-0.0038999999999999972,0.011700000000000044,0.012934836682386099,tap1,natural,light,20260810_141717,False
2345291,0.0195,0.0312,0.9087,2345.291,500000,0.0,0.0,0.0,0.0,tap1,natural,light,20260810_141717,False
2347793,0.0156,0.0351,0.9126,2347.793,500000,-0.0039000000000000007,0.0039000000000000007,0.0039000000000000146,0.006754998149518631,tap1,natural,light,20260810_141717,False
2350299,0.0156,0.0351,0.9087,2350.299,500000,-0.0039000000000000007,0.0039000000000000007,0.0,0.005515432893255071,tap1,natural,light,20260810_141717,False
2352805,0.0156,0.0234,0.9165,2352.805,500000,-0.0039000000000000007,-0.007799999999999998,0.007800000000000029,0.011700000000000018,tap1,natural,light,20260810_141717,False
2355304,0.0156,0.0312,0.9048,2355.304,500000,-0.0039000000000000007,0.0,-0.0038999999999999035,0.005515432893255003,tap1,natural,light,20260810_141717,False
2357785,0.0117,0.0234,0.9126,2357.785,500000,-0.0078,-0.007799999999999998,0.0039000000000000146,0.011700000000000004,tap1,natural,light,20260810_141717,False
2360293,0.0117,0.0312,0.9048,2360.293,500000,-0.0078,0.0,-0.0038999999999999035,0.008720665112249136,tap1,natural,light,20260810_141717,False
2362789,0.0234,0.0312,0.9165,2362.789,500000,0.0039000000000000007,0.0,0.007800000000000029,0.008720665112249207,tap1,natural,light,20260810_141717,False
2365286,0.0234,0.0312,0.9048,2365.286,500000,0.0039000000000000007,0.0,-0.0038999999999999035,0.005515432893255003,tap1,natural,light,20260810_141717,False
2367789,0.0234,0.0312,0.9126,2367.789,500000,0.0039000000000000007,0.0,0.0039000000000000146,0.005515432893255082,tap1,natural,light,20260810_141717,False
2370294,0.0117,0.0312,0.9087,2370.294,500000,-0.0078,0.0,0.0,0.0078,tap1,natural,light,20260810_141717,False
2372797,0.0117,0.0234,0.9048,2372.797,500000,-0.0078,-0.007799999999999998,-0.0038999999999999035,0.011699999999999966,tap1,natural,light,20260810_141717,False
2375294,0.0117,0.0312,0.9087,2375.294,500000,-0.0078,0.0,0.0,0.0078,tap1,natural,light,20260810_141717,False
2377784,0.0156,0.0273,0.9048,2377.784,500000,-0.0039000000000000007,-0.0038999999999999972,-0.0038999999999999035,0.006754998149518564,tap1,natural,light,20260810_141717,False
2380291,0.0156,0.0312,0.9048,2380.291,500000,-0.0039000000000000007,0.0,-0.0038999999999999035,0.005515432893255003,tap1,natural,light,20260810_141717,False
2382796,0.0156,0.0312,0.9087,2382.796,500000,-0.0039000000000000007,0.0,0.0,0.0039000000000000007,tap1,natural,light,20260810_141717,False
2385292,0.0156,0.0312,0.9087,2385.292,500000,-0.0039000000000000007,0.0,0.0,0.0039000000000000007,tap1,natural,light,20260810_141717,False
2387788,0.0195,0.0273,0.897,2387.788,500000,0.0,-0.0038999999999999972,-0.011699999999999933,0.012332882874656614,tap1,natural,light,20260810_141717,False
2390290,0.0195,0.0351,0.9204,2390.29,500000,0.0,0.0039000000000000007,0.011700000000000044,0.012332882874656722,tap1,natural,light,20260810_141717,False
2392797,0.0156,0.0273,0.9126,2392.797,500000,-0.0039000000000000007,-0.0038999999999999972,0.0039000000000000146,0.006754998149518628,tap1,natural,light,20260810_141717,False
2395302,0.0234,0.0273,0.9087,2395.302,500000,0.0039000000000000007,-0.0038999999999999972,0.0,0.0055154328932550695,tap1,natural,light,20260810_141717,False
2397794,0.0234,0.0312,0.9048,2397.794,500000,0.0039000000000000007,0.0,-0.0038999999999999035,0.005515432893255003,tap1,natural,light,20260810_141717,False
2400301,0.0195,0.0273,0.9048,2400.301,500000,0.0,-0.0038999999999999972,-0.0038999999999999035,0.005515432893255,tap1,natural,light,20260810_141717,False
2402785,0.0234,0.0351,0.9087,2402.785,500000,0.0039000000000000007,0.0039000000000000007,0.0,0.005515432893255071,tap1,natural,light,20260810_141717,False
2405313,0.0195,0.0351,0.9087,2405.313,500000,0.0,0.0039000000000000007,0.0,0.0039000000000000007,tap1,natural,light,20260810_141717,False
2407804,0.0234,0.0234,0.9165,2407.804,500000,0.0039000000000000007,-0.007799999999999998,0.007800000000000029,0.011700000000000018,tap1,natural,light,20260810_141717,False
2410310,0.0195,0.0273,0.9009,2410.31,500000,0.0,-0.0038999999999999972,-0.007799999999999918,0.008720665112249105,tap1,natural,light,20260810_141717,False
2412784,0.0156,0.0273,0.9048,2412.784,500000,-0.0039000000000000007,-0.0038999999999999972,-0.0038999999999999035,0.006754998149518564,tap1,natural,light,20260810_141717,False
2415314,0.0234,0.0351,0.9204,2415.314,500000,0.0039000000000000007,0.0039000000000000007,0.011700000000000044,0.012934836682386099,tap1,natural,light,20260810_141717,False
2417784,0.0273,0.039,0.9048,2417.784,500000,0.007800000000000001,0.007800000000000001,-0.0038999999999999035,0.011699999999999969,tap1,natural,light,20260810_141717,False
2420291,0.0195,0.0351,0.9087,2420.291,500000,0.0,0.0039000000000000007,0.0,0.0039000000000000007,tap1,natural,light,20260810_141717,False
2422793,0.0156,0.0312,0.9048,2422.793,500000,-0.0039000000000000007,0.0,-0.0038999999999999035,0.005515432893255003,tap1,natural,light,20260810_141717,False
2425290,0.0195,0.0312,0.9165,2425.29,500000,0.0,0.0,0.007800000000000029,0.007800000000000029,tap1,natural,light,20260810_141717,False
2427804,0.0117,0.0273,0.9048,2427.804,500000,-0.0078,-0.0038999999999999972,-0.0038999999999999035,0.009553009996854354,tap1,natural,light,20260810_141717,False
2430307,0.0156,0.0312,0.9009,2430.307,500000,-0.0039000000000000007,0.0,-0.007799999999999918,0.008720665112249107,tap1,natural,light,20260810_141717,False
2432811,0.0234,0.0273,0.9048,2432.811,500000,0.0039000000000000007,-0.0038999999999999972,-0.0038999999999999035,0.006754998149518564,tap1,natural,light,20260810_141717,False
2435311,0.0156,0.0273,0.9165,2435.311,500000,-0.0039000000000000007,-0.0038999999999999972,0.007800000000000029,0.009553009996854418,tap1,natural,light,20260810_141717,False
2437812,0.0273,0.0195,0.9009,2437.812,500000,0.007800000000000001,-0.011699999999999999,-0.007799999999999918,0.016080111939908836,tap1,natural,light,20260810_141717,False
2440313,0.0156,0.0273,0.9087,2440.313,500000,-0.0039000000000000007,-0.0038999999999999972,0.0,0.0055154328932550695,tap1,natural,light,20260810_141717,False
2442806,0.0195,0.0273,0.9126,2442.806,500000,0.0,-0.0038999999999999972,0.0039000000000000146,0.005515432893255079,tap1,natural,light,20260810_141717,False
2445286,0.0234,0.0273,0.9126,2445.286,500000,0.0039000000000000007,-0.0038999999999999972,0.0039000000000000146,0.006754998149518628,tap1,natural,light,20260810_141717,False
2447796,0.0195,0.0351,0.9009,2447.796,500000,0.0,0.0039000000000000007,-0.007799999999999918,0.008720665112249107,tap1,natural,light,20260810_141717,False
2450302,0.0156,0.0351,0.9087,2450.302,500000,-0.0039000000000000007,0.0039000000000000007,0.0,0.005515432893255071,tap1,natural,light,20260810_141717,False
2452785,0.0156,0.0273,0.9126,2452.785,500000,-0.0039000000000000007,-0.0038999999999999972,0.0039000000000000146,0.006754998149518628,tap1,natural,light,20260810_141717,False
2455284,0.0156,0.0273,0.9087,2455.284,500000,-0.0039000000000000007,-0.0038999999999999972,0.0,0.0055154328932550695,tap1,natural,light,20260810_141717,False
2457811,0.0117,0.0312,0.9048,2457.811,500000,-0.0078,0.0,-0.0038999999999999035,0.008720665112249136,tap1,natural,light,20260810_141717,False
2460286,0.0195,0.0195,0.9087,2460.286,500000,0.0,-0.011699999999999999,0.0,0.011699999999999999,tap1,natural,light,20260810_141717,False
2462790,0.0156,0.0195,0.9048,2462.79,500000,-0.0039000000000000007,-0.011699999999999999,-0.0038999999999999035,0.01293483668238603,tap1,natural,light,20260810_141717,False
2465286,0.0156,0.0273,0.9048,2465.286,500000,-0.0039000000000000007,-0.0038999999999999972,-0.0038999999999999035,0.006754998149518564,tap1,natural,light,20260810_141717,False
2467814,0.0156,0.0312,0.9126,2467.814,500000,-0.0039000000000000007,0.0,0.0039000000000000146,0.005515432893255082,tap1,natural,light,20260810_141717,False
2470288,0.0234,0.0312,0.9087,2470.288,500000,0.0039000000000000007,0.0,0.0,0.0039000000000000007,tap1,natural,light,20260810_141717,False
2472792,0.0195,0.0273,0.9165,2472.792,500000,0.0,-0.0038999999999999972,0.007800000000000029,0.008720665112249205,tap1,natural,light,20260810_141717,False
2475291,0.0156,0.0351,0.9204,2475.291,500000,-0.0039000000000000007,0.0039000000000000007,0.011700000000000044,0.012934836682386099,tap1,natural,light,20260810_141717,False
2477787,0.0234,0.0273,0.897,2477.787,500000,0.0039000000000000007,-0.0038999999999999972,-0.011699999999999933,0.012934836682385998,tap1,natural,light,20260810_141717,False
2480292,0.0156,0.0273,0.9087,2480.292,500000,-0.0039000000000000007,-0.0038999999999999972,0.0,0.0055154328932550695,tap1,natural,light,20260810_141717,False
2482796,0.0117,0.0273,0.9087,2482.796,500000,-0.0078,-0.0038999999999999972,0.0,0.00872066511224918,tap1,natural,light,20260810_141717,False
2485294,0.0195,0.0273,0.9087,2485.294,500000,0.0,-0.0038999999999999972,0.0,0.0038999999999999972,tap1,natural,light,20260810_141717,False
2487788,0.0117,0.0273,0.9126,2487.788,500000,-0.0078,-0.0038999999999999972,0.0039000000000000146,0.0095530099968544,tap1,natural,light,20260810_141717,False
2490294,0.0078,0.0351,0.9126,2490.294,500000,-0.0117,0.0039000000000000007,0.0039000000000000146,0.012934836682386064,tap1,natural,light,20260810_141717,False
2492826,0.0156,0.0312,0.9165,2492.826,500000,-0.0039000000000000007,0.0,0.007800000000000029,0.008720665112249207,tap1,natural,light,20260810_141717,False
2495284,0.0156,0.0312,0.9165,2495.284,500000,-0.0039000000000000007,0.0,0.007800000000000029,0.008720665112249207,tap1,natural,light,20260810_141717,False
2497796,0.0273,0.0195,0.9126,2497.796,500000,0.007800000000000001,-0.011699999999999999,0.0039000000000000146,0.014592463808418376,tap1,natural,light,20260810_141717,False
2500301,0.0156,0.0312,0.9204,2500.301,500000,-0.0039000000000000007,0.0,0.011700000000000044,0.012332882874656722,tap1,natural,light,20260810_141717,False
2502786,0.0234,0.0312,0.9126,2502.786,500000,0.0039000000000000007,0.0,0.0039000000000000146,0.005515432893255082,tap1,natural,light,20260810_141717,False
2505284,0.0195,0.039,0.9204,2505.284,500000,0.0,0.007800000000000001,0.011700000000000044,0.014061649974309596,tap1,natural,light,20260810_141717,False
2507806,0.0117,0.0312,0.9087,2507.806,500000,-0.0078,0.0,0.0,0.0078,tap1,natural,light,20260810_141717,False
2510302,0.0195,0.0312,0.9087,2510.302,500000,0.0,0.0,0.0,0.0,tap1,natural,light,20260810_141717,False
2512811,0.0117,0.039,0.9087,2512.811,500000,-0.0078,0.007800000000000001,0.0,0.011030865786510143,tap1,natural,light,20260810_141717,False
2515307,0.0195,0.0312,0.9087,2515.307,500000,0.0,0.0,0.0,0.0,tap1,natural,light,20260810_141717,False
2517793,0.0195,0.0273,0.9087,2517.793,500000,0.0,-0.0038999999999999972,0.0,0.0038999999999999972,tap1,natural,light,20260810_141717,False
2520297,0.0234,0.0195,0.9165,2520.297,500000,0.0039000000000000007,-0.011699999999999999,0.007800000000000029,0.014592463808418386,tap1,natural,light,20260810_141717,False
2522800,0.0117,0.0312,0.897,2522.8,500000,-0.0078,0.0,-0.011699999999999933,0.014061649974309502,tap1,natural,light,20260810_141717,False
2525298,0.0078,0.0351,0.9048,2525.298,500000,-0.0117,0.0039000000000000007,-0.0038999999999999035,0.012934836682386031,tap1,natural,light,20260810_141717,False
2527792,0.0234,0.0312,0.9048,2527.792,500000,0.0039000000000000007,0.0,-0.0038999999999999035,0.005515432893255003,tap1,natural,light,20260810_141717,False
2530294,0.0312,0.0312,0.9204,2530.294,500000,0.011699999999999999,0.0,0.011700000000000044,0.01654629867976524,tap1,natural,light,20260810_141717,False
2532797,0.0117,0.0351,0.9126,2532.797,500000,-0.0078,0.0039000000000000007,0.0039000000000000146,0.0095530099968544,tap1,natural,light,20260810_141717,False
2535296,0.0273,0.0312,0.9087,2535.296,500000,0.007800000000000001,0.0,0.0,0.007800000000000001,tap1,natural,light,20260810_141717,False
2537785,0.0195,0.0273,0.9009,2537.785,500000,0.0,-0.0038999999999999972,-0.007799999999999918,0.008720665112249105,tap1,natural,light,20260810_141717,False
2540291,0.0156,0.0312,0.9126,2540.291,500000,-0.0039000000000000007,0.0,0.0039000000000000146,0.005515432893255082,tap1,natural,light,20260810_141717,False
2542801,0.0234,0.0273,0.9087,2542.801,500000,0.0039000000000000007,-0.0038999999999999972,0.0,0.0055154328932550695,tap1,natural,light,20260810_141717,False
2545310,0.0195,0.0351,0.9165,2545.31,500000,0.0,0.0039000000000000007,0.007800000000000029,0.008720665112249207,tap1,natural,light,20260810_141717,False
2547792,0.0234,0.0273,0.9165,2547.792,500000,0.0039000000000000007,-0.0038999999999999972,0.007800000000000029,0.009553009996854418,tap1,natural,light,20260810_141717,False
2550296,0.0156,0.0234,0.9087,2550.296,500000,-0.0039000000000000007,-0.007799999999999998,0.0,0.00872066511224918,tap1,natural,light,20260810_141717,False
2552804,0.0234,0.0234,0.9087,2552.804,500000,0.0039000000000000007,-0.007799999999999998,0.0,0.00872066511224918,tap1,natural,light,20260810_141717,False
2555304,0.0156,0.0351,0.9048,2555.304,500000,-0.0039000000000000007,0.0039000000000000007,-0.0038999999999999035,0.006754998149518567,tap1,natural,light,20260810_141717,False
2557801,0.0195,0.0351,0.9009,2557.801,500000,0.0,0.0039000000000000007,-0.007799999999999918,0.008720665112249107,tap1,natural,light,20260810_141717,False
2560309,0.0156,0.0312,0.9087,2560.309,500000,-0.0039000000000000007,0.0,0.0,0.0039000000000000007,tap1,natural,light,20260810_141717,False
2562814,0.0156,0.0273,0.9126,2562.814,500000,-0.0039000000000000007,-0.0038999999999999972,0.0039000000000000146,0.006754998149518628,tap1,natural,light,20260810_141717,False
2565309,0.0195,0.0195,0.9165,2565.309,500000,0.0,-0.011699999999999999,0.007800000000000029,0.014061649974309573,tap1,natural,light,20260810_141717,False
2567789,0.0156,0.0273,0.9126,2567.789,500000,-0.0039000000000000007,-0.0038999999999999972,0.0039000000000000146,0.006754998149518628,tap1,natural,light,20260810_141717,False
2570295,0.0156,0.039,0.9087,2570.295,500000,-0.0039000000000000007,0.007800000000000001,0.0,0.008720665112249181,tap1,natural,light,20260810_141717,False
2572797,0.0234,0.0234,0.9087,2572.797,500000,0.0039000000000000007,-0.007799999999999998,0.0,0.00872066511224918,tap1,natural,light,20260810_141717,False
2575294,0.0195,0.0273,0.9048,2575.294,500000,0.0,-0.0038999999999999972,-0.0038999999999999035,0.005515432893255,tap1,natural,light,20260810_141717,False
2577789,0.0156,0.0273,0.9087,2577.789,500000,-0.0039000000000000007,-0.0038999999999999972,0.0,0.0055154328932550695,tap1,natural,light,20260810_141717,False
2580293,0.0117,0.0312,0.9126,2580.293,500000,-0.0078,0.0,0.0039000000000000146,0.008720665112249186,tap1,natural,light,20260810_141717,False
2582797,0.0234,0.0234,0.9087,2582.797,500000,0.0039000000000000007,-0.007799999999999998,0.0,0.00872066511224918,tap1,natural,light,20260810_141717,False
2585293,0.0156,0.039,0.9087,2585.293,500000,-0.0039000000000000007,0.007800000000000001,0.0,0.008720665112249181,tap1,natural,light,20260810_141717,False
2587784,0.0195,0.0273,0.9126,2587.784,500000,0.0,-0.0038999999999999972,0.0039000000000000146,0.005515432893255079,tap1,natural,light,20260810_141717,False
2590290,0.0156,0.0312,0.9009,2590.29,500000,-0.0039000000000000007,0.0,-0.007799999999999918,0.008720665112249107,tap1,natural,light,20260810_141717,False
2592839,0.0156,0.0351,0.9126,2592.839,500000,-0.0039000000000000007,0.0039000000000000007,0.0039000000000000146,0.006754998149518631,tap1,natural,light,20260810_141717,False
2595293,0.0156,0.0312,0.9087,2595.293,500000,-0.0039000000000000007,0.0,0.0,0.0039000000000000007,tap1,natural,light,20260810_141717,False
2597798,0.0117,0.0234,0.9126,2597.798,500000,-0.0078,-0.007799999999999998,0.0039000000000000146,0.011700000000000004,tap1,natural,light,20260810_141717,False
2600300,0.0117,0.0234,0.9126,2600.3,500000,-0.0078,-0.007799999999999998,0.0039000000000000146,0.011700000000000004,tap1,natural,light,20260810_141717,False
2602784,0.0195,0.0351,0.9126,2602.784,500000,0.0,0.0039000000000000007,0.0039000000000000146,0.005515432893255082,tap1,natural,light,20260810_141717,False
2605313,0.0156,0.0312,0.9048,2605.313,500000,-0.0039000000000000007,0.0,-0.0038999999999999035,0.005515432893255003,tap1,natural,light,20260810_141717,False
2607806,0.0156,0.039,0.9165,2607.806,500000,-0.0039000000000000007,0.007800000000000001,0.007800000000000029,0.011700000000000021,tap1,natural,light,20260810_141717,False
2610300,0.0234,0.0312,0.9165,2610.3,500000,0.0039000000000000007,0.0,0.007800000000000029,0.008720665112249207,tap1,natural,light,20260810_141717,False
2612787,0.0117,0.0273,0.9165,2612.787,500000,-0.0078,-0.0038999999999999972,0.007800000000000029,0.011700000000000018,tap1,natural,light,20260810_141717,False
2615285,0.0195,0.0312,0.9243,2615.285,500000,0.0,0.0,0.015600000000000058,0.015600000000000058,tap1,natural,light,20260810_141717,False
2617802,0.0234,0.0234,0.9087,2617.802,500000,0.0039000000000000007,-0.007799999999999998,0.0,0.00872066511224918,tap1,natural,light,20260810_141717,False
2620307,0.0234,0.0312,0.9048,2620.307,500000,0.0039000000000000007,0.0,-0.0038999999999999035,0.005515432893255003,tap1,natural,light,20260810_141717,False
2622796,0.0312,0.0312,0.9165,2622.796,500000,0.011699999999999999,0.0,0.007800000000000029,0.014061649974309573,tap1,natural,light,20260810_141717,False
2625298,0.0273,0.0195,0.9204,2625.298,500000,0.007800000000000001,-0.011699999999999999,0.011700000000000044,0.0182926214633114,tap1,natural,light,20260810_141717,False
2627808,0.0234,0.0312,0.9048,2627.808,500000,0.0039000000000000007,0.0,-0.0038999999999999035,0.005515432893255003,tap1,natural,light,20260810_141717,False
2630310,0.0234,0.0351,0.9009,2630.31,500000,0.0039000000000000007,0.0039000000000000007,-0.007799999999999918,0.009553009996854328,tap1,natural,light,20260810_141717,False
2632784,0.0156,0.0351,0.9048,2632.784,500000,-0.0039000000000000007,0.0039000000000000007,-0.0038999999999999035,0.006754998149518567,tap1,natural,light,20260810_141717,False
2635311,0.0195,0.039,0.9126,2635.311,500000,0.0,0.007800000000000001,0.0039000000000000146,0.008720665112249188,tap1,natural,light,20260810_141717,False
2637811,0.0117,0.039,0.9165,2637.811,500000,-0.0078,0.007800000000000001,0.007800000000000029,0.01350999629903726,tap1,natural,light,20260810_141717,False
2640286,0.0234,0.0507,0.9087,2640.286,500000,0.0039000000000000007,0.019500000000000003,0.0,0.019886176103011865,tap1,natural,light,20260810_141717,False
2642804,0.0234,0.0429,0.9243,2642.804,500000,0.0039000000000000007,0.011700000000000002,0.015600000000000058,0.019886176103011906,tap1,natural,light,20260810_141717,False
2645284,0.0039,0.039,0.9282,2645.284,500000,-0.0156,0.007800000000000001,0.019500000000000073,0.026161995336747595,tap1,natural,light,20260810_141717,False
2647793,0.0273,0.039,0.9087,2647.793,500000,0.007800000000000001,0.007800000000000001,0.0,0.011030865786510143,tap1,natural,light,20260810_141717,False
2650300,0.0273,0.039,0.9087,2650.3,500000,0.007800000000000001,0.007800000000000001,0.0,0.011030865786510143,tap1,natural,light,20260810_141717,False
2652811,0.0273,0.0273,0.9126,2652.811,500000,0.007800000000000001,-0.0038999999999999972,0.0039000000000000146,0.0095530099968544,tap1,natural,light,20260810_141717,False
2655310,-0.0039,0.0312,0.9126,2655.31,500000,-0.0234,0.0,0.0039000000000000146,0.023722773868163058,tap1,natural,light,20260810_141717,False
2657785,0.0156,0.0234,0.9048,2657.785,500000,-0.0039000000000000007,-0.007799999999999998,-0.0038999999999999035,0.009553009996854354,tap1,natural,light,20260810_141717,False
2660292,0.0195,0.0078,0.9204,2660.292,500000,0.0,-0.023399999999999997,0.011700000000000044,0.026161995336747557,tap1,natural,light,20260810_141717,False
2662797,0.0429,-0.2574,0.7995,2662.797,500000,0.0234,-0.2886,-0.10919999999999996,0.309454617028087,tap1,natural,light,20260810_141717,False
2665296,-0.0156,0.0819,0.9789,2665.296,500000,-0.0351,0.0507,0.07020000000000004,0.09343735869554536,tap1,natural,light,20260810_141717,False
2667785,-0.0741,-0.1092,0.9321,2667.785,500000,-0.0936,-0.1404,0.023400000000000087,0.17035457140916413,tap1,natural,light,20260810_141717,False
2670292,0.078,0.1014,0.8892,2670.292,500000,0.058499999999999996,0.07020000000000001,-0.019499999999999962,0.09343735869554533,tap1,natural,light,20260810_141717,False
2672796,0.0195,0.0546,0.9087,2672.796,500000,0.0,0.023400000000000004,0.0,0.023400000000000004,tap1,natural,light,20260810_141717,False
2675294,0.0975,0.1404,0.9477,2675.294,500000,0.078,0.10919999999999999,0.039000000000000035,0.13974848836391757,tap1,natural,light,20260810_141717,False
2677788,0.1092,0.0273,0.8853,2677.788,500000,0.0897,-0.0038999999999999972,-0.023399999999999976,0.09278394257628848,tap1,natural,light,20260810_141717,False
2680290,0.1287,0.0039,0.8814,2680.29,500000,0.1092,-0.027299999999999998,-0.02729999999999999,0.11582409075835648,tap1,natural,light,20260810_141717,False
2682793,-0.0468,-0.0897,0.8931,2682.793,500000,-0.0663,-0.12090000000000001,-0.015599999999999947,0.13876548562232613,tap1,natural,light,20260810_141717,False
2685288,0.0,-0.1014,0.8541,2685.288,500000,-0.0195,-0.1326,-0.05459999999999998,0.14472100745917987,tap1,natural,light,20260810_141717,False
2687813,-0.0819,0.0156,0.9945,2687.813,500000,-0.1014,-0.0156,0.0858000000000001,0.1337421399559616,tap1,natural,light,20260810_141717,False
2690303,0.0429,0.0468,0.9594,2690.303,500000,0.0234,0.015600000000000003,0.05070000000000008,0.05797766811454224,tap1,natural,light,20260810_141717,False
2692826,0.0819,0.1092,0.8424,2692.826,500000,0.0624,0.07800000000000001,-0.06629999999999991,0.11988932396172726,tap1,natural,light,20260810_141717,False
2695310,0.1092,0.1326,0.8541,2695.31,500000,0.0897,0.10139999999999999,-0.05459999999999998,0.1459767447232606,tap1,natural,light,20260810_141717,False
2697796,0.0546,0.0351,0.9555,2697.796,500000,0.035100000000000006,0.0039000000000000007,0.046800000000000064,0.0586298558756544,tap1,natural,light,20260810_141717,False
2700303,0.0156,0.039,0.9438,2700.303,500000,-0.0039000000000000007,0.007800000000000001,0.03510000000000002,0.03616711213243327,tap1,natural,light,20260810_141717,False
2702788,0.0195,0.0351,0.9243,2702.788,500000,0.0,0.0039000000000000007,0.015600000000000058,0.016080111939908933,tap1,natural,light,20260810_141717,False
2705286,0.0195,0.0351,0.9243,2705.286,500000,0.0,0.0039000000000000007,0.015600000000000058,0.016080111939908933,tap1,natural,light,20260810_141717,False
2707784,0.0624,0.0702,0.9048,2707.784,500000,0.042899999999999994,0.039,-0.0038999999999999035,0.058108691260430216,tap1,natural,light,20260810_141717,False
2710294,0.0429,0.1092,0.9165,2710.294,500000,0.0234,0.07800000000000001,0.007800000000000029,0.08180709015727183,tap1,natural,light,20260810_141717,False
2712797,0.039,0.0858,0.9048,2712.797,500000,0.0195,0.0546,-0.0038999999999999035,0.05810869126043022,tap1,natural,light,20260810_141717,False
2715308,0.0624,0.0858,0.9009,2715.308,500000,0.042899999999999994,0.0546,-0.007799999999999918,0.06987424418195877,tap1,natural,light,20260810_141717,False
2717802,0.039,0.0624,0.9165,2717.802,500000,0.0195,0.0312,0.007800000000000029,0.03761023796787253,tap1,natural,light,20260810_141717,False
2720310,0.0234,0.0741,0.936,2720.31,500000,0.0039000000000000007,0.0429,0.027300000000000102,0.05099911763942594,tap1,natural,light,20260810_141717,False
2722813,0.0312,0.0663,0.9204,2722.813,500000,0.011699999999999999,0.0351,0.011700000000000044,0.038804510047158194,tap1,natural,light,20260810_141717,False
2725309,0.0273,0.0702,0.9126,2725.309,500000,0.007800000000000001,0.039,0.0039000000000000146,0.03996310798724243,tap1,natural,light,20260810_141717,False
2727791,0.0273,0.0702,0.9165,2727.791,500000,0.007800000000000001,0.039,0.007800000000000029,0.040529988897111735,tap1,natural,light,20260810_141717,False
2730296,0.0234,0.0429,0.9243,2730.296,500000,0.0039000000000000007,0.011700000000000002,0.015600000000000058,0.019886176103011906,tap1,natural,light,20260810_141717,False
2732799,0.0234,0.0507,0.9048,2732.799,500000,0.0039000000000000007,0.019500000000000003,-0.0038999999999999035,0.020264994448555847,tap1,natural,light,20260810_141717,False
2735299,0.0195,0.0546,0.9204,2735.299,500000,0.0,0.023400000000000004,0.011700000000000044,0.026161995336747564,tap1,natural,light,20260810_141717,False
2737787,0.0156,0.0624,0.9087,2737.787,500000,-0.0039000000000000007,0.0312,0.0,0.031442805218364345,tap1,natural,light,20260810_141717,False
2740292,0.0429,0.0663,0.9165,2740.292,500000,0.0234,0.0351,0.007800000000000029,0.0429,tap1,natural,light,20260810_141717,False
2742810,0.0312,0.0741,0.9048,2742.81,500000,0.011699999999999999,0.0429,-0.0038999999999999035,0.044637540254812424,tap1,natural,light,20260810_141717,False
2745288,0.0195,0.0702,0.9126,2745.288,500000,0.0,0.039,0.0039000000000000146,0.03919451492237147,tap1,natural,light,20260810_141717,False
2747864,0.0312,0.0585,0.897,2747.864,500000,0.011699999999999999,0.027300000000000005,-0.011699999999999933,0.03192287581030254,tap1,natural,light,20260810_141717,False
2750310,0.0351,0.0312,0.8619,2750.31,500000,0.0156,0.0,-0.04679999999999995,0.04933153149862667,tap1,natural,light,20260810_141717,False
2752790,0.0039,-0.0195,0.9126,2752.79,500000,-0.0156,-0.050699999999999995,0.0039000000000000146,0.05318890861824484,tap1,natural,light,20260810_141717,False
2755307,0.0312,-0.0234,0.9087,2755.307,500000,0.011699999999999999,-0.054599999999999996,0.0,0.05583950214677778,tap1,natural,light,20260810_141717,False
2757812,0.0312,0.0156,0.9165,2757.812,500000,0.011699999999999999,-0.0156,0.007800000000000029,0.021002142747824575,tap1,natural,light,20260810_141717,False
2760291,0.0624,0.0546,0.8853,2760.291,500000,0.042899999999999994,0.023400000000000004,-0.023399999999999976,0.054180531558854224,tap1,natural,light,20260810_141717,False
2762796,0.0546,0.0312,0.9477,2762.796,500000,0.035100000000000006,0.0,0.039000000000000035,0.052469133783587495,tap1,natural,light,20260810_141717,False
2765294,0.0273,0.0624,0.9087,2765.294,500000,0.007800000000000001,0.0312,0.0,0.03216022387981775,tap1,natural,light,20260810_141717,False
2767785,0.0234,0.078,0.9633,2767.785,500000,0.0039000000000000007,0.0468,0.05460000000000009,0.07201812271921568,tap1,natural,light,20260810_141717,False
2770291,0.0195,0.0117,0.8658,2770.291,500000,0.0,-0.019499999999999997,-0.04289999999999994,0.04712387929701877,tap1,natural,light,20260810_141717,False
2772796,-0.0117,0.0507,0.9516,2772.796,500000,-0.0312,0.019500000000000003,0.04290000000000005,0.05651636931013885,tap1,natural,light,20260810_141717,False
2775293,0.0351,0.0624,0.9009,2775.293,500000,0.0156,0.0312,-0.007799999999999918,0.03574409042065553,tap1,natural,light,20260810_141717,False
2777814,0.0273,0.078,0.9282,2777.814,500000,0.007800000000000001,0.0468,0.019500000000000073,0.05129649110806706,tap1,natural,light,20260810_141717,False
2780291,0.0078,0.1326,0.9126,2780.291,500000,-0.0117,0.10139999999999999,0.0039000000000000146,0.10214724665892859,tap1,natural,light,20260810_141717,False
2782793,0.0156,0.0039,0.9204,2782.793,500000,-0.0039000000000000007,-0.027299999999999998,0.011700000000000044,0.029956468416687587,tap1,natural,light,20260810_141717,False
2785290,0.0429,0.4251,0.8541,2785.29,500000,0.0234,0.3939,-0.05459999999999998,0.3983540259618321,tap1,natural,light,20260810_141717,False
2787808,-0.1209,-0.1404,0.9984,2787.808,500000,-0.1404,-0.1716,0.0897,0.23917527046080664,tap1,natural,light,20260810_141717,False
2790313,0.0936,0.1443,0.8736,2790.313,500000,0.0741,0.1131,-0.03509999999999991,0.13969405857086406,tap1,natural,light,20260810_141717,False
2792841,0.039,0.0156,0.9243,2792.841,500000,0.0195,-0.0156,0.015600000000000058,0.029444354297555955,tap1,natural,light,20260810_141717,False
2795298,-0.0234,0.0,0.9204,2795.298,500000,-0.0429,-0.0312,0.011700000000000044,0.05432071428101807,tap1,natural,light,20260810_141717,False
2797796,-0.0273,-0.1404,0.897,2797.796,500000,-0.0468,-0.1716,-0.011699999999999933,0.17825176015961244,tap1,natural,light,20260810_141717,False
2800303,0.0039,-0.0624,0.9087,2800.303,500000,-0.0156,-0.09359999999999999,0.0,0.09489109547265222,tap1,natural,light,20260810_141717,False
2802786,0.0,-0.0507,0.897,2802.786,500000,-0.0195,-0.0819,-0.011699999999999933,0.08499852939904312,tap1,natural,light,20260810_141717,False
2805284,0.0039,0.0078,0.9243,2805.284,500000,-0.0156,-0.023399999999999997,0.015600000000000058,0.032160223879817776,tap1,natural,light,20260810_141717,False
2807810,0.0273,0.0546,0.9009,2807.81,500000,0.007800000000000001,0.023400000000000004,-0.007799999999999918,0.0258696733647721,tap1,natural,light,20260810_141717,False
2810293,0.0468,0.1014,0.9087,2810.293,500000,0.0273,0.07020000000000001,0.0,0.07532151087172907,tap1,natural,light,20260810_141717,False
2812796,0.0429,0.1131,0.9126,2812.796,500000,0.0234,0.0819,0.0039000000000000146,0.08526652332539424,tap1,natural,light,20260810_141717,False
2815287,0.0429,0.1131,0.9126,2815.287,500000,0.0234,0.0819,0.0039000000000000146,0.08526652332539424,tap1,natural,light,20260810_141717,False
2817784,0.0507,0.1014,0.9087,2817.784,500000,0.031200000000000002,0.07020000000000001,0.0,0.07682109085400962,tap1,natural,light,20260810_141717,False
2820310,0.039,0.0741,0.9087,2820.31,500000,0.0195,0.0429,0.0,0.047123879297018834,tap1,natural,light,20260810_141717,False
2822786,0.0156,0.0351,0.9126,2822.786,500000,-0.0039000000000000007,0.0039000000000000007,0.0039000000000000146,0.006754998149518631,tap1,natural,light,20260810_141717,False
2825284,0.0039,0.0,0.9321,2825.284,500000,-0.0156,-0.0312,0.023400000000000087,0.04200428549564918,tap1,natural,light,20260810_141717,False
2827797,0.0078,-0.0195,0.9126,2827.797,500000,-0.0117,-0.050699999999999995,0.0039000000000000146,0.05217844382501264,tap1,natural,light,20260810_141717,False
2830302,0.0039,-0.0234,0.9204,2830.302,500000,-0.0156,-0.054599999999999996,0.011700000000000044,0.05797766811454218,tap1,natural,light,20260810_141717,False
2832810,0.0039,0.0,0.9204,2832.81,500000,-0.0156,-0.0312,0.011700000000000044,0.03679252641502077,tap1,natural,light,20260810_141717,False
2835304,0.0273,0.0195,0.9243,2835.304,500000,0.007800000000000001,-0.011699999999999999,0.015600000000000058,0.02100214274782461,tap1,natural,light,20260810_141717,False
2837809,0.0273,0.0546,0.9165,2837.809,500000,0.007800000000000001,0.023400000000000004,0.007800000000000029,0.025869673364772132,tap1,natural,light,20260810_141717,False
2840284,0.0273,0.0702,0.9048,2840.284,500000,0.007800000000000001,0.039,-0.0038999999999999035,0.039963107987242424,tap1,natural,light,20260810_141717,False
2842803,0.0351,0.0624,0.9204,2842.803,500000,0.0156,0.0312,0.011700000000000044,0.03679252641502077,tap1,natural,light,20260810_141717,False
2845284,0.0273,0.0663,0.9243,2845.284,500000,0.007800000000000001,0.0351,0.015600000000000058,0.0391945149223715,tap1,natural,light,20260810_141717,False
2847791,0.0234,0.0429,0.9126,2847.791,500000,0.0039000000000000007,0.011700000000000002,0.0039000000000000146,0.012934836682386066,tap1,natural,light,20260810_141717,False
2850295,0.0195,0.0234,0.9204,2850.295,500000,0.0,-0.007799999999999998,0.011700000000000044,0.014061649974309594,tap1,natural,light,20260810_141717,False
2852798,0.0039,0.0078,0.9048,2852.798,500000,-0.0156,-0.023399999999999997,-0.0038999999999999035,0.028392428568194007,tap1,natural,light,20260810_141717,False
2855293,0.0039,0.0039,0.9087,2855.293,500000,-0.0156,-0.027299999999999998,0.0,0.03144280521836434,tap1,natural,light,20260810_141717,False
2857787,-0.0039,0.0078,0.9204,2857.787,500000,-0.0234,-0.023399999999999997,0.011700000000000044,0.03510000000000001,tap1,natural,light,20260810_141717,False
2860290,0.0156,0.0234,0.9126,2860.29,500000,-0.0039000000000000007,-0.007799999999999998,0.0039000000000000146,0.0095530099968544,tap1,natural,light,20260810_141717,False
2862791,0.0273,0.0351,0.9204,2862.791,500000,0.007800000000000001,0.0039000000000000007,0.011700000000000044,0.014592463808418409,tap1,natural,light,20260810_141717,False
2865285,0.0273,0.0429,0.9165,2865.285,500000,0.007800000000000001,0.011700000000000002,0.007800000000000029,0.01608011193990889,tap1,natural,light,20260810_141717,False
2867788,0.0156,0.0585,0.9048,2867.788,500000,-0.0039000000000000007,0.027300000000000005,-0.0038999999999999035,0.027851570871317104,tap1,natural,light,20260810_141717,False
2870291,0.0234,0.0507,0.9126,2870.291,500000,0.0039000000000000007,0.019500000000000003,0.0039000000000000146,0.020264994448555868,tap1,natural,light,20260810_141717,False
2872792,0.0195,0.0507,0.9087,2872.792,500000,0.0,0.019500000000000003,0.0,0.019500000000000003,tap1,natural,light,20260810_141717,False
2875287,0.0117,0.0351,0.9126,2875.287,500000,-0.0078,0.0039000000000000007,0.0039000000000000146,0.0095530099968544,tap1,natural,light,20260810_141717,False
2877787,0.0117,0.0156,0.9165,2877.787,500000,-0.0078,-0.0156,0.007800000000000029,0.0191060199937088,tap1,natural,light,20260810_141717,False
2880292,0.0156,0.0117,0.9126,2880.292,500000,-0.0039000000000000007,-0.019499999999999997,0.0039000000000000146,0.02026499444855586,tap1,natural,light,20260810_141717,False
2882793,0.0156,0.0117,0.9165,2882.793,500000,-0.0039000000000000007,-0.019499999999999997,0.007800000000000029,0.021361179742701485,tap1,natural,light,20260810_141717,False
2885300,0.0117,0.0156,0.9126,2885.3,500000,-0.0078,-0.0156,0.0039000000000000146,0.01787204521032778,tap1,natural,light,20260810_141717,False
2887813,0.0117,0.0234,0.9126,2887.813,500000,-0.0078,-0.007799999999999998,0.0039000000000000146,0.011700000000000004,tap1,natural,light,20260810_141717,False
2890313,0.0117,0.0429,0.9087,2890.313,500000,-0.0078,0.011700000000000002,0.0,0.014061649974309559,tap1,natural,light,20260810_141717,False
2892838,0.0234,0.039,0.9126,2892.838,500000,0.0039000000000000007,0.007800000000000001,0.0039000000000000146,0.009553009996854402,tap1,natural,light,20260810_141717,False
2895291,0.0234,0.0507,0.9126,2895.291,500000,0.0039000000000000007,0.019500000000000003,0.0039000000000000146,0.020264994448555868,tap1,natural,light,20260810_141717,False
2897790,0.0273,0.039,0.9126,2897.79,500000,0.007800000000000001,0.007800000000000001,0.0039000000000000146,0.011700000000000007,tap1,natural,light,20260810_141717,False
2900311,0.0234,0.0312,0.897,2900.311,500000,0.0039000000000000007,0.0,-0.011699999999999933,0.012332882874656616,tap1,natural,light,20260810_141717,False
2902802,0.0156,0.0273,0.9126,2902.802,500000,-0.0039000000000000007,-0.0038999999999999972,0.0039000000000000146,0.006754998149518628,tap1,natural,light,20260810_141717,False
2905301,0.0156,0.0234,0.9165,2905.301,500000,-0.0039000000000000007,-0.007799999999999998,0.007800000000000029,0.011700000000000018,tap1,natural,light,20260810_141717,False
2907801,0.0156,0.0273,0.9165,2907.801,500000,-0.0039000000000000007,-0.0038999999999999972,0.007800000000000029,0.009553009996854418,tap1,natural,light,20260810_141717,False
2910284,0.0195,0.0273,0.9087,2910.284,500000,0.0,-0.0038999999999999972,0.0,0.0038999999999999972,tap1,natural,light,20260810_141717,False
2912787,0.0117,0.0312,0.9087,2912.787,500000,-0.0078,0.0,0.0,0.0078,tap1,natural,light,20260810_141717,False
2915285,0.0234,0.0273,0.9009,2915.285,500000,0.0039000000000000007,-0.0038999999999999972,-0.007799999999999918,0.009553009996854326,tap1,natural,light,20260810_141717,False
2917789,0.0195,0.0312,0.9126,2917.789,500000,0.0,0.0,0.0039000000000000146,0.0039000000000000146,tap1,natural,light,20260810_141717,False
2920291,0.0195,0.0312,0.9126,2920.291,500000,0.0,0.0,0.0039000000000000146,0.0039000000000000146,tap1,natural,light,20260810_141717,False
2922795,0.0195,0.0468,0.9165,2922.795,500000,0.0,0.015600000000000003,0.007800000000000029,0.017441330224498376,tap1,natural,light,20260810_141717,False
2925292,0.0234,0.0468,0.9048,2925.292,500000,0.0039000000000000007,0.015600000000000003,-0.0038999999999999035,0.01654629867976519,tap1,natural,light,20260810_141717,False
2927806,0.0156,0.0429,0.9126,2927.806,500000,-0.0039000000000000007,0.011700000000000002,0.0039000000000000146,0.012934836682386066,tap1,natural,light,20260810_141717,False
2930311,0.0234,0.039,0.9048,2930.311,500000,0.0039000000000000007,0.007800000000000001,-0.0038999999999999035,0.009553009996854357,tap1,natural,light,20260810_141717,False
2932813,0.0195,0.0312,0.9048,2932.813,500000,0.0,0.0,-0.0038999999999999035,0.0038999999999999035,tap1,natural,light,20260810_141717,False
2935308,0.0156,0.0273,0.9204,2935.308,500000,-0.0039000000000000007,-0.0038999999999999972,0.011700000000000044,0.012934836682386099,tap1,natural,light,20260810_141717,False
2937813,0.0273,0.0156,0.9126,2937.813,500000,0.007800000000000001,-0.0156,0.0039000000000000146,0.01787204521032778,tap1,natural,light,20260810_141717,False
2940287,0.0234,0.0234,0.9087,2940.287,500000,0.0039000000000000007,-0.007799999999999998,0.0,0.00872066511224918,tap1,natural,light,20260810_141717,False
2942792,0.0195,0.0234,0.9165,2942.792,500000,0.0,-0.007799999999999998,0.007800000000000029,0.01103086578651016,tap1,natural,light,20260810_141717,False
2945303,0.0156,0.0312,0.9165,2945.303,500000,-0.0039000000000000007,0.0,0.007800000000000029,0.008720665112249207,tap1,natural,light,20260810_141717,False
2947813,0.0273,0.0273,0.9126,2947.813,500000,0.007800000000000001,-0.0038999999999999972,0.0039000000000000146,0.0095530099968544,tap1,natural,light,20260810_141717,False
2950306,0.0195,0.0312,0.9165,2950.306,500000,0.0,0.0,0.007800000000000029,0.007800000000000029,tap1,natural,light,20260810_141717,False
2952791,0.0117,0.0429,0.9009,2952.791,500000,-0.0078,0.011700000000000002,-0.007799999999999918,0.01608011193990884,tap1,natural,light,20260810_141717,False
2955288,0.0273,0.039,0.9087,2955.288,500000,0.007800000000000001,0.007800000000000001,0.0,0.011030865786510143,tap1,natural,light,20260810_141717,False
2957814,0.0234,0.0312,0.9165,2957.814,500000,0.0039000000000000007,0.0,0.007800000000000029,0.008720665112249207,tap1,natural,light,20260810_141717,False
2960287,0.0156,0.0312,0.9048,2960.287,500000,-0.0039000000000000007,0.0,-0.0038999999999999035,0.005515432893255003,tap1,natural,light,20260810_141717,False
2962787,0.0195,0.0312,0.9165,2962.787,500000,0.0,0.0,0.007800000000000029,0.007800000000000029,tap1,natural,light,20260810_141717,False
2965313,0.0117,0.0273,0.9009,2965.313,500000,-0.0078,-0.0038999999999999972,-0.007799999999999918,0.011699999999999945,tap1,natural,light,20260810_141717,False
2967785,0.0195,0.0312,0.9087,2967.785,500000,0.0,0.0,0.0,0.0,tap1,natural,light,20260810_141717,False
2970290,0.0117,0.0273,0.9204,2970.29,500000,-0.0078,-0.0038999999999999972,0.011700000000000044,0.014592463808418405,tap1,natural,light,20260810_141717,False
2972791,0.0195,0.0351,0.9009,2972.791,500000,0.0,0.0039000000000000007,-0.007799999999999918,0.008720665112249107,tap1,natural,light,20260810_141717,False
2975284,0.0195,0.0429,0.9009,2975.284,500000,0.0,0.011700000000000002,-0.007799999999999918,0.014061649974309514,tap1,natural,light,20260810_141717,False
2977784,0.0234,0.0273,0.9087,2977.784,500000,0.0039000000000000007,-0.0038999999999999972,0.0,0.0055154328932550695,tap1,natural,light,20260810_141717,False
2980289,0.0156,0.0429,0.9126,2980.289,500000,-0.0039000000000000007,0.011700000000000002,0.0039000000000000146,0.012934836682386066,tap1,natural,light,20260810_141717,False
2982790,0.0273,0.0312,0.9243,2982.79,500000,0.007800000000000001,0.0,0.015600000000000058,0.017441330224498414,tap1,natural,light,20260810_141717,False
2985285,0.0195,0.0312,0.9126,2985.285,500000,0.0,0.0,0.0039000000000000146,0.0039000000000000146,tap1,natural,light,20260810_141717,False
2987788,0.0156,0.0312,0.9087,2987.788,500000,-0.0039000000000000007,0.0,0.0,0.0039000000000000007,tap1,natural,light,20260810_141717,False
2990292,0.0234,0.0351,0.9048,2990.292,500000,0.0039000000000000007,0.0039000000000000007,-0.0038999999999999035,0.006754998149518567,tap1,natural,light,20260810_141717,False
2992786,0.0234,0.0351,0.9087,2992.786,500000,0.0039000000000000007,0.0039000000000000007,0.0,0.005515432893255071,tap1,natural,light,20260810_141717,False
2995290,0.0156,0.0312,0.9204,2995.29,500000,-0.0039000000000000007,0.0,0.011700000000000044,0.012332882874656722,tap1,natural,light,20260810_141717,False
2997802,0.0195,0.0312,0.9165,2997.802,500000,0.0,0.0,0.007800000000000029,0.007800000000000029,tap1,natural,light,20260810_141717,False
3000307,0.0273,0.0273,0.9165,3000.307,500000,0.007800000000000001,-0.0038999999999999972,0.007800000000000029,0.01170000000000002,tap1,natural,light,20260810_141717,False
3002791,0.0156,0.039,0.9126,3002.791,500000,-0.0039000000000000007,0.007800000000000001,0.0039000000000000146,0.009553009996854402,tap1,natural,light,20260810_141717,False
3005286,0.0156,0.0351,0.9048,3005.286,500000,-0.0039000000000000007,0.0039000000000000007,-0.0038999999999999035,0.006754998149518567,tap1,natural,light,20260810_141717,False
3007807,0.0117,0.039,0.9087,3007.807,500000,-0.0078,0.007800000000000001,0.0,0.011030865786510143,tap1,natural,light,20260810_141717,False
3010288,0.0195,0.0351,0.9126,3010.288,500000,0.0,0.0039000000000000007,0.0039000000000000146,0.005515432893255082,tap1,natural,light,20260810_141717,False
3012792,0.0195,0.0351,0.9165,3012.792,500000,0.0,0.0039000000000000007,0.007800000000000029,0.008720665112249207,tap1,natural,light,20260810_141717,False
3015288,0.0234,0.0273,0.9126,3015.288,500000,0.0039000000000000007,-0.0038999999999999972,0.0039000000000000146,0.006754998149518628,tap1,natural,light,20260810_141717,False
3018219,0.0195,0.039,0.9087,3018.219,500000,0.0,0.007800000000000001,0.0,0.007800000000000001,tap1,natural,light,20260810_141717,False
3020312,0.0156,0.0312,0.9126,3020.312,500000,-0.0039000000000000007,0.0,0.0039000000000000146,0.005515432893255082,tap1,natural,light,20260810_141717,False
3022784,0.0234,0.039,0.9204,3022.784,500000,0.0039000000000000007,0.007800000000000001,0.011700000000000044,0.014592463808418409,tap1,natural,light,20260810_141717,False
3025311,0.0156,0.0351,0.9204,3025.311,500000,-0.0039000000000000007,0.0039000000000000007,0.011700000000000044,0.012934836682386099,tap1,natural,light,20260810_141717,False
3027810,0.0156,0.0351,0.9204,3027.81,500000,-0.0039000000000000007,0.0039000000000000007,0.011700000000000044,0.012934836682386099,tap1,natural,light,20260810_141717,False
3030288,0.0234,0.0312,0.9165,3030.288,500000,0.0039000000000000007,0.0,0.007800000000000029,0.008720665112249207,tap1,natural,light,20260810_141717,False
3032790,0.0156,0.0429,0.9165,3032.79,500000,-0.0039000000000000007,0.011700000000000002,0.007800000000000029,0.01459246380841839,tap1,natural,light,20260810_141717,False
3035287,0.0234,0.0312,0.9087,3035.287,500000,0.0039000000000000007,0.0,0.0,0.0039000000000000007,tap1,natural,light,20260810_141717,False
3037809,0.0156,0.0351,0.897,3037.809,500000,-0.0039000000000000007,0.0039000000000000007,-0.011699999999999933,0.012934836682385998,tap1,natural,light,20260810_141717,False
3040284,0.0234,0.0273,0.9126,3040.284,500000,0.0039000000000000007,-0.0038999999999999972,0.0039000000000000146,0.006754998149518628,tap1,natural,light,20260810_141717,False
3042800,0.0234,0.0351,0.9126,3042.8,500000,0.0039000000000000007,0.0039000000000000007,0.0039000000000000146,0.006754998149518631,tap1,natural,light,20260810_141717,False
3045308,-7.0863,-4.6566,-8.9661,3045.308,500000,-7.1057999999999995,-4.6878,-9.8748,13.037620086503518,tap1,natural,light,20260810_141717,False
3047791,13.8567,-0.6708,11.8053,3047.791,500000,13.8372,-0.702,10.896600000000001,17.626593527962232,tap1,natural,light,20260810_141717,False
3050298,1.4742,1.7238,-1.1037,3050.298,500000,1.4546999999999999,1.6926,-2.0124,3.00512905047354,tap1,natural,light,20260810_141717,False
3052805,-1.5405,3.7674,-4.6527,3052.805,500000,-1.56,3.7361999999999997,-5.5614,6.8790958998984735,tap1,natural,light,20260810_141717,False
3055304,-1.404,-1.911,2.5467,3055.304,500000,-1.4235,-1.9422,1.638,2.912307863190291,tap1,natural,light,20260810_141717,False
3057802,0.9906,0.1716,1.5678,3057.802,500000,0.9711000000000001,0.1404,0.6591000000000001,1.1820153044694472,tap1,natural,light,20260810_141717,False
3060309,-0.1131,1.1934,0.3549,3060.309,500000,-0.1326,1.1622000000000001,-0.5538,1.2942125173247245,tap1,natural,light,20260810_141717,False
3062786,0.0585,-0.0156,1.4469,3062.786,500000,0.03900000000000001,-0.046799999999999994,0.5382000000000001,0.5416368525128253,tap1,natural,light,20260810_141717,False
3065285,0.234,-0.156,0.78,3065.285,500000,0.21450000000000002,-0.1872,-0.12869999999999993,0.3124384419369678,tap1,natural,light,20260810_141717,False
3067814,0.0273,-0.0936,1.0413,3067.814,500000,0.007800000000000001,-0.1248,0.13259999999999994,0.18225981455054754,tap1,natural,light,20260810_141717,False
3070292,0.0663,0.0468,0.9321,3070.292,500000,0.046799999999999994,0.015600000000000003,0.023400000000000087,0.05460000000000004,tap1,natural,light,20260810_141717,False
3072797,0.0312,0.2652,0.9438,3072.797,500000,0.011699999999999999,0.23399999999999999,0.03510000000000002,0.23690694375640406,tap1,natural,light,20260810_141717,False
3075294,0.1053,0.0039,1.0257,3075.294,500000,0.0858,-0.027299999999999998,0.1170000000000001,0.14763444719983215,tap1,natural,light,20260810_141717,False
3077789,0.0897,0.0702,0.9828,3077.789,500000,0.0702,0.039,0.07410000000000005,0.10926962066375086,tap1,natural,light,20260810_141717,False
3080294,0.0897,0.1092,0.9399,3080.294,500000,0.0702,0.07800000000000001,0.031200000000000006,0.10947821701142196,tap1,natural,light,20260810_141717,False
3082784,0.0897,0.0,0.9594,3082.784,500000,0.0702,-0.0312,0.05070000000000008,0.09204330502540642,tap1,natural,light,20260810_141717,False
3085285,0.0234,0.0585,1.0023,3085.285,500000,0.0039000000000000007,0.027300000000000005,0.09360000000000002,0.0975779688249351,tap1,natural,light,20260810_141717,False
3087791,0.0312,0.0429,0.9711,3087.791,500000,0.011699999999999999,0.011700000000000002,0.06240000000000001,0.06455648689326272,tap1,natural,light,20260810_141717,False
3090299,0.0936,0.0546,0.9477,3090.299,500000,0.0741,0.023400000000000004,0.039000000000000035,0.08694463755747103,tap1,natural,light,20260810_141717,False
3092806,0.0351,0.0429,0.8619,3092.806,500000,0.0156,0.011700000000000002,-0.04679999999999995,0.05069999999999995,tap1,natural,light,20260810_141717,False
3095300,0.1287,0.1872,0.9243,3095.3,500000,0.1092,0.156,0.015600000000000058,0.19106019993708792,tap1,natural,light,20260810_141717,False
3097790,0.1209,0.234,0.8307,3097.79,500000,0.10139999999999999,0.2028,-0.07799999999999996,0.2397786479234546,tap1,natural,light,20260810_141717,False
3100298,0.0273,0.156,0.9867,3100.298,500000,0.007800000000000001,0.1248,0.07800000000000007,0.14737666029599125,tap1,natural,light,20260810_141717,False
3102802,0.0546,0.0351,0.9165,3102.802,500000,0.035100000000000006,0.0039000000000000007,0.007800000000000029,0.03616711213243325,tap1,natural,light,20260810_141717,False
3105297,-0.0234,0.0078,0.9399,3105.297,500000,-0.0429,-0.023399999999999997,0.031200000000000006,0.05797766811454217,tap1,natural,light,20260810_141717,False
3107810,0.0156,-0.3549,0.7683,3107.81,500000,-0.0039000000000000007,-0.3861,-0.14039999999999997,0.4108534775318325,tap1,natural,light,20260810_141717,False
3110291,-0.234,-0.1404,0.9867,3110.291,500000,-0.2535,-0.1716,0.07800000000000007,0.3159,tap1,natural,light,20260810_141717,False
3112795,-0.1131,-0.1989,0.9477,3112.795,500000,-0.1326,-0.2301,0.039000000000000035,0.26842088219808835,tap1,natural,light,20260810_141717,False
3115292,0.0039,0.0429,0.8307,3115.292,500000,-0.0156,0.011700000000000002,-0.07799999999999996,0.08040055969954434,tap1,natural,light,20260810_141717,False
3117787,0.2496,0.156,0.6786,3117.787,500000,0.2301,0.1248,-0.23009999999999997,0.3485212475588827,tap1,natural,light,20260810_141717,False
3120586,0.1209,0.3354,0.8502,3120.586,500000,0.10139999999999999,0.30419999999999997,-0.058499999999999996,0.3259476184910698,tap1,natural,light,20260810_141717,False
3122813,0.0624,0.0702,0.9399,3122.813,500000,0.042899999999999994,0.039,0.031200000000000006,0.06583957776292311,tap1,natural,light,20260810_141717,False
3125310,0.0195,-0.0156,0.9087,3125.31,500000,0.0,-0.046799999999999994,0.0,0.046799999999999994,tap1,natural,light,20260810_141717,False
3127807,0.0234,-0.0702,0.9087,3127.807,500000,0.0039000000000000007,-0.10139999999999999,0.0,0.10147497228380996,tap1,natural,light,20260810_141717,False
3130286,0.0195,0.0,0.9087,3130.286,500000,0.0,-0.0312,0.0,0.0312,tap1,natural,light,20260810_141717,False
3132790,0.0195,0.0,0.9087,3132.79,500000,0.0,-0.0312,0.0,0.0312,tap1,natural,light,20260810_141717,False
3135287,0.0468,-0.0234,0.9126,3135.287,500000,0.0273,-0.054599999999999996,0.0039000000000000146,0.06116910985129668,tap1,natural,light,20260810_141717,False
3137806,0.0429,-0.0195,0.897,3137.806,500000,0.0234,-0.050699999999999995,-0.011699999999999933,0.05705208146947838,tap1,natural,light,20260810_141717,False
3140284,0.0429,0.0429,0.9204,3140.284,500000,0.0234,0.011700000000000002,0.011700000000000044,0.028659029990563203,tap1,natural,light,20260810_141717,False
3142801,0.0858,0.0858,0.8814,3142.801,500000,0.0663,0.0546,-0.02729999999999999,0.09012291606467247,tap1,natural,light,20260810_141717,False
3145312,0.0975,0.1287,0.8619,3145.312,500000,0.078,0.0975,-0.04679999999999995,0.1333435037787743,tap1,natural,light,20260810_141717,False
3147790,0.0702,0.1014,0.897,3147.79,500000,0.050699999999999995,0.07020000000000001,-0.011699999999999933,0.0873808903593915,tap1,natural,light,20260810_141717,False
3150299,0.0702,0.0702,0.9282,3150.299,500000,0.050699999999999995,0.039,0.019500000000000073,0.06687106997798078,tap1,natural,light,20260810_141717,False
3152805,0.0741,0.0312,0.9009,3152.805,500000,0.054599999999999996,0.0,-0.007799999999999918,0.05515432893255069,tap1,natural,light,20260810_141717,False
3155304,0.0663,0.0195,0.9009,3155.304,500000,0.046799999999999994,-0.011699999999999999,-0.007799999999999918,0.04886685993595248,tap1,natural,light,20260810_141717,False
3157812,0.0507,0.0039,0.9243,3157.812,500000,0.031200000000000002,-0.027299999999999998,0.015600000000000058,0.044295485097242154,tap1,natural,light,20260810_141717,False
3160290,0.039,0.0039,0.9087,3160.29,500000,0.0195,-0.027299999999999998,0.0,0.03354906854146624,tap1,natural,light,20260810_141717,False
3162795,0.0507,0.0156,0.9126,3162.795,500000,0.031200000000000002,-0.0156,0.0039000000000000146,0.0351,tap1,natural,light,20260810_141717,False
3165293,0.0624,0.0312,0.9126,3165.293,500000,0.042899999999999994,0.0,0.0039000000000000146,0.04307690796703031,tap1,natural,light,20260810_141717,False
3167785,0.0624,0.0585,0.9126,3167.785,500000,0.042899999999999994,0.027300000000000005,0.0039000000000000146,0.050999117639425884,tap1,natural,light,20260810_141717,False
3170291,0.0624,0.0624,0.9126,3170.291,500000,0.042899999999999994,0.0312,0.0039000000000000146,0.05318890861824484,tap1,natural,light,20260810_141717,False
3172795,0.0624,0.0546,0.8892,3172.795,500000,0.042899999999999994,0.023400000000000004,-0.019499999999999962,0.05261387649660495,tap1,natural,light,20260810_141717,False
3175294,0.0546,0.0468,0.9126,3175.294,500000,0.035100000000000006,0.015600000000000003,0.0039000000000000146,0.0386080302527855,tap1,natural,light,20260810_141717,False
3177789,0.0468,0.0195,0.9126,3177.789,500000,0.0273,-0.011699999999999999,0.0039000000000000146,0.029956468416687573,tap1,natural,light,20260810_141717,False
3180295,0.0429,0.0117,0.9165,3180.295,500000,0.0234,-0.019499999999999997,0.007800000000000029,0.031442805218364345,tap1,natural,light,20260810_141717,False
3182800,0.039,0.0039,0.9282,3182.8,500000,0.0195,-0.027299999999999998,0.019500000000000073,0.038804510047158215,tap1,natural,light,20260810_141717,False
3185297,0.0234,0.0078,0.936,3185.297,500000,0.0039000000000000007,-0.023399999999999997,0.027300000000000102,0.03616711213243332,tap1,natural,light,20260810_141717,False
3187810,0.039,0.0234,0.9282,3187.81,500000,0.0195,-0.007799999999999998,0.019500000000000073,0.028659029990563235,tap1,natural,light,20260810_141717,False
3190285,0.0429,0.0351,0.9204,3190.285,500000,0.0234,0.0039000000000000007,0.011700000000000044,0.026451086934188565,tap1,natural,light,20260810_141717,False
3192830,0.0507,0.0507,0.9243,3192.83,500000,0.031200000000000002,0.019500000000000003,0.015600000000000058,0.03996310798724246,tap1,natural,light,20260810_141717,False
3195285,0.0546,0.0546,0.9204,3195.285,500000,0.035100000000000006,0.023400000000000004,0.011700000000000044,0.043777391425255135,tap1,natural,light,20260810_141717,False
3197791,0.0546,0.0429,0.9087,3197.791,500000,0.035100000000000006,0.011700000000000002,0.0,0.036998648623970044,tap1,natural,light,20260810_141717,False
3200299,0.0468,0.0429,0.9048,3200.299,500000,0.0273,0.011700000000000002,-0.0038999999999999035,0.029956468416687563,tap1,natural,light,20260810_141717,False
3202802,0.0351,0.0351,0.9204,3202.802,500000,0.0156,0.0039000000000000007,0.011700000000000044,0.019886176103011886,tap1,natural,light,20260810_141717,False
3205297,0.039,0.0312,0.9165,3205.297,500000,0.0195,0.0,0.007800000000000029,0.021002142747824575,tap1,natural,light,20260810_141717,False
3207810,0.0351,0.0273,0.9165,3207.81,500000,0.0156,-0.0038999999999999972,0.007800000000000029,0.01787204521032779,tap1,natural,light,20260810_141717,False
3210285,0.0429,0.0312,0.9009,3210.285,500000,0.0234,0.0,-0.007799999999999918,0.024665765749313333,tap1,natural,light,20260810_141717,False
3212805,0.0429,0.039,0.9009,3212.805,500000,0.0234,0.007800000000000001,-0.007799999999999918,0.025869673364772094,tap1,natural,light,20260810_141717,False
3215307,0.0468,0.0468,0.9087,3215.307,500000,0.0273,0.015600000000000003,0.0,0.031442805218364345,tap1,natural,light,20260810_141717,False
3217797,0.0507,0.0507,0.9009,3217.797,500000,0.031200000000000002,0.019500000000000003,-0.007799999999999918,0.03761023796787251,tap1,natural,light,20260810_141717,False
3220301,0.0507,0.0507,0.9009,3220.301,500000,0.031200000000000002,0.019500000000000003,-0.007799999999999918,0.03761023796787251,tap1,natural,light,20260810_141717,False
3222995,0.0468,0.0585,0.9009,3222.995,500000,0.0273,0.027300000000000005,-0.007799999999999918,0.039388069259612093,tap1,natural,light,20260810_141717,False
3225290,0.0468,0.0429,0.9048,3225.29,500000,0.0273,0.011700000000000002,-0.0038999999999999035,0.029956468416687563,tap1,natural,light,20260810_141717,False
3227814,0.0507,0.0468,0.9126,3227.814,500000,0.031200000000000002,0.015600000000000003,0.0039000000000000146,0.0351,tap1,natural,light,20260810_141717,False
3230290,0.0468,0.0312,0.9087,3230.29,500000,0.0273,0.0,0.0,0.0273,tap1,natural,light,20260810_141717,False
3232792,0.0507,0.0351,0.9126,3232.792,500000,0.031200000000000002,0.0039000000000000007,0.0039000000000000146,0.03168374977808025,tap1,natural,light,20260810_141717,False
3235290,0.0507,0.0429,0.9165,3235.29,500000,0.031200000000000002,0.011700000000000002,0.007800000000000029,0.03422236111082928,tap1,natural,light,20260810_141717,False
3237812,0.0468,0.039,0.9204,3237.812,500000,0.0273,0.007800000000000001,0.011700000000000044,0.030708630708646083,tap1,natural,light,20260810_141717,False
3240285,0.0468,0.039,0.9204,3240.285,500000,0.0273,0.007800000000000001,0.011700000000000044,0.030708630708646083,tap1,natural,light,20260810_141717,False
3242804,0.0546,0.0546,0.9204,3242.804,500000,0.035100000000000006,0.023400000000000004,0.011700000000000044,0.043777391425255135,tap1,natural,light,20260810_141717,False
3245314,0.0468,0.0546,0.9048,3245.314,500000,0.0273,0.023400000000000004,-0.0038999999999999035,0.03616711213243324,tap1,natural,light,20260810_141717,False
3247788,0.0468,0.0507,0.9048,3247.788,500000,0.0273,0.019500000000000003,-0.0038999999999999035,0.033774990747593096,tap1,natural,light,20260810_141717,False
3250291,0.0468,0.0507,0.9048,3250.291,500000,0.0273,0.019500000000000003,-0.0038999999999999035,0.033774990747593096,tap1,natural,light,20260810_141717,False
3252797,0.0546,0.039,0.9126,3252.797,500000,0.035100000000000006,0.007800000000000001,0.0039000000000000146,0.03616711213243325,tap1,natural,light,20260810_141717,False
3255294,0.0429,0.039,0.9048,3255.294,500000,0.0234,0.007800000000000001,-0.0038999999999999035,0.024972184525988095,tap1,natural,light,20260810_141717,False
3257814,0.0468,0.039,0.9087,3257.814,500000,0.0273,0.007800000000000001,0.0,0.028392428568194024,tap1,natural,light,20260810_141717,False
3260285,0.0585,0.039,0.9087,3260.285,500000,0.03900000000000001,0.007800000000000001,0.0,0.03977235220602373,tap1,natural,light,20260810_141717,False
3262789,0.0429,0.0429,0.9126,3262.789,500000,0.0234,0.011700000000000002,0.0039000000000000146,0.026451086934188548,tap1,natural,light,20260810_141717,False
3265286,0.0585,0.0312,0.9048,3265.286,500000,0.03900000000000001,0.0,-0.0038999999999999035,0.03919451492237147,tap1,natural,light,20260810_141717,False
3267788,0.0429,0.039,0.9204,3267.788,500000,0.0234,0.007800000000000001,0.011700000000000044,0.02730000000000002,tap1,natural,light,20260810_141717,False
3270294,0.0507,0.0468,0.9126,3270.294,500000,0.031200000000000002,0.015600000000000003,0.0039000000000000146,0.0351,tap1,natural,light,20260810_141717,False
3272796,0.0507,0.0429,0.9087,3272.796,500000,0.031200000000000002,0.011700000000000002,0.0,0.033321614606738374,tap1,natural,light,20260810_141717,False
3275292,0.0585,0.0351,0.9126,3275.292,500000,0.03900000000000001,0.0039000000000000007,0.0039000000000000146,0.039388069259612114,tap1,natural,light,20260810_141717,False
3277790,0.0546,0.039,0.9126,3277.79,500000,0.035100000000000006,0.007800000000000001,0.0039000000000000146,0.03616711213243325,tap1,natural,light,20260810_141717,False
3280285,0.0468,0.0312,0.9165,3280.285,500000,0.0273,0.0,0.007800000000000029,0.02839242856819403,tap1,natural,light,20260810_141717,False
3282790,0.0468,0.039,0.9165,3282.79,500000,0.0273,0.007800000000000001,0.007800000000000029,0.029444354297555934,tap1,natural,light,20260810_141717,False
3285287,0.0585,0.039,0.9048,3285.287,500000,0.03900000000000001,0.007800000000000001,-0.0038999999999999035,0.03996310798724243,tap1,natural,light,20260810_141717,False
3287789,0.0585,0.0351,0.9009,3287.789,500000,0.03900000000000001,0.0039000000000000007,-0.007799999999999918,0.039963107987242424,tap1,natural,light,20260810_141717,False
3290292,0.0546,0.0351,0.9087,3290.292,500000,0.035100000000000006,0.0039000000000000007,0.0,0.03531600203873593,tap1,natural,light,20260810_141717,False
3292800,0.0468,0.0468,0.9087,3292.8,500000,0.0273,0.015600000000000003,0.0,0.031442805218364345,tap1,natural,light,20260810_141717,False
3295304,0.0585,0.0312,0.9087,3295.304,500000,0.03900000000000001,0.0,0.0,0.03900000000000001,tap1,natural,light,20260810_141717,False
3297800,0.0507,0.0429,0.8931,3297.8,500000,0.031200000000000002,0.011700000000000002,-0.015599999999999947,0.03679252641502073,tap1,natural,light,20260810_141717,False
3300304,0.0546,0.039,0.9126,3300.304,500000,0.035100000000000006,0.007800000000000001,0.0039000000000000146,0.03616711213243325,tap1,natural,light,20260810_141717,False
3302788,0.0468,0.0351,0.9048,3302.788,500000,0.0273,0.0039000000000000007,-0.0038999999999999035,0.027851570871317104,tap1,natural,light,20260810_141717,False
3305285,0.0507,0.039,0.9087,3305.285,500000,0.031200000000000002,0.007800000000000001,0.0,0.032160223879817755,tap1,natural,light,20260810_141717,False
3307813,0.0546,0.039,0.9126,3307.813,500000,0.035100000000000006,0.007800000000000001,0.0039000000000000146,0.03616711213243325,tap1,natural,light,20260810_141717,False
3310294,0.0585,0.0312,0.9126,3310.294,500000,0.03900000000000001,0.0,0.0039000000000000146,0.03919451492237148,tap1,natural,light,20260810_141717,False
3312798,0.0585,0.0273,0.897,3312.798,500000,0.03900000000000001,-0.0038999999999999972,-0.011699999999999933,0.040903545078635896,tap1,natural,light,20260810_141717,False
3315295,0.0585,0.0351,0.9165,3315.295,500000,0.03900000000000001,0.0039000000000000007,0.007800000000000029,0.039963107987242445,tap1,natural,light,20260810_141717,False
3317789,0.0585,0.0312,0.9009,3317.789,500000,0.03900000000000001,0.0,-0.007799999999999918,0.03977235220602371,tap1,natural,light,20260810_141717,False
3320294,0.0546,0.0312,0.9009,3320.294,500000,0.035100000000000006,0.0,-0.007799999999999918,0.035956223383442246,tap1,natural,light,20260810_141717,False
3322798,0.0546,0.0312,0.9087,3322.798,500000,0.035100000000000006,0.0,0.0,0.035100000000000006,tap1,natural,light,20260810_141717,False
3325294,0.0507,0.0312,0.9048,3325.294,500000,0.031200000000000002,0.0,-0.0038999999999999035,0.03144280521836433,tap1,natural,light,20260810_141717,False
3327787,0.0468,0.0312,0.9048,3327.787,500000,0.0273,0.0,-0.0038999999999999035,0.027577164466275342,tap1,natural,light,20260810_141717,False
3330291,0.0468,0.0234,0.897,3330.291,500000,0.0273,-0.007799999999999998,-0.011699999999999933,0.03070863070864604,tap1,natural,light,20260810_141717,False
3332797,0.0546,0.0273,0.9126,3332.797,500000,0.035100000000000006,-0.0038999999999999972,0.0039000000000000146,0.03553069095866277,tap1,natural,light,20260810_141717,False
3335294,0.0429,0.0312,0.9087,3335.294,500000,0.0234,0.0,0.0,0.0234,tap1,natural,light,20260810_141717,False
3337802,0.0468,0.0273,0.9126,3337.802,500000,0.0273,-0.0038999999999999972,0.0039000000000000146,0.027851570871317118,tap1,natural,light,20260810_141717,False
3340313,0.0546,0.0312,0.9087,3340.313,500000,0.035100000000000006,0.0,0.0,0.035100000000000006,tap1,natural,light,20260810_141717,False
3342803,0.0546,0.0312,0.9204,3342.803,500000,0.035100000000000006,0.0,0.011700000000000044,0.03699864862397006,tap1,natural,light,20260810_141717,False
3345297,0.0546,0.0312,0.9204,3345.297,500000,0.035100000000000006,0.0,0.011700000000000044,0.03699864862397006,tap1,natural,light,20260810_141717,False
3347794,0.0468,0.0351,0.9087,3347.794,500000,0.0273,0.0039000000000000007,0.0,0.027577164466275356,tap1,natural,light,20260810_141717,False
3350302,0.0468,0.0312,0.9126,3350.302,500000,0.0273,0.0,0.0039000000000000146,0.027577164466275356,tap1,natural,light,20260810_141717,False
3352785,0.0429,0.0351,0.9087,3352.785,500000,0.0234,0.0039000000000000007,0.0,0.023722773868163058,tap1,natural,light,20260810_141717,False
3355313,0.0507,0.0312,0.9204,3355.313,500000,0.031200000000000002,0.0,0.011700000000000044,0.03332161460673839,tap1,natural,light,20260810_141717,False
3357813,0.0507,0.0351,0.9165,3357.813,500000,0.031200000000000002,0.0039000000000000007,0.007800000000000029,0.0323958330653805,tap1,natural,light,20260810_141717,False
3360291,0.0507,0.0351,0.9204,3360.291,500000,0.031200000000000002,0.0039000000000000007,0.011700000000000044,0.03354906854146626,tap1,natural,light,20260810_141717,False
3362793,0.0429,0.039,0.9165,3362.793,500000,0.0234,0.007800000000000001,0.007800000000000029,0.02586967336477213,tap1,natural,light,20260810_141717,False
3365288,0.0546,0.039,0.9204,3365.288,500000,0.035100000000000006,0.007800000000000001,0.011700000000000044,0.03781190288784739,tap1,natural,light,20260810_141717,False
3367785,0.0468,0.039,0.9126,3367.785,500000,0.0273,0.007800000000000001,0.0039000000000000146,0.02865902999056319,tap1,natural,light,20260810_141717,False
3370292,0.0429,0.0351,0.9126,3370.292,500000,0.0234,0.0039000000000000007,0.0039000000000000146,0.02404121461157901,tap1,natural,light,20260810_141717,False
3372795,0.0429,0.0351,0.9204,3372.795,500000,0.0234,0.0039000000000000007,0.011700000000000044,0.026451086934188565,tap1,natural,light,20260810_141717,False
3375292,0.0507,0.0429,0.9087,3375.292,500000,0.031200000000000002,0.011700000000000002,0.0,0.033321614606738374,tap1,natural,light,20260810_141717,False
3377786,0.0429,0.0468,0.9048,3377.786,500000,0.0234,0.015600000000000003,-0.0038999999999999035,0.02839242856819401,tap1,natural,light,20260810_141717,False
3380293,0.0546,0.0351,0.9087,3380.293,500000,0.035100000000000006,0.0039000000000000007,0.0,0.03531600203873593,tap1,natural,light,20260810_141717,False
3382799,0.039,0.0429,0.9165,3382.799,500000,0.0195,0.011700000000000002,0.007800000000000029,0.02404121461157902,tap1,natural,light,20260810_141717,False
3385296,0.0429,0.0429,0.9087,3385.296,500000,0.0234,0.011700000000000002,0.0,0.02616199533674754,tap1,natural,light,20260810_141717,False
3387812,0.0429,0.0429,0.9165,3387.812,500000,0.0234,0.011700000000000002,0.007800000000000029,0.027300000000000012,tap1,natural,light,20260810_141717,False
3390313,0.0507,0.0468,0.9087,3390.313,500000,0.031200000000000002,0.015600000000000003,0.0,0.03488266044899672,tap1,natural,light,20260810_141717,False
3392838,0.039,0.0507,0.9126,3392.838,500000,0.0195,0.019500000000000003,0.0039000000000000146,0.027851570871317118,tap1,natural,light,20260810_141717,False
3395292,0.0507,0.0468,0.9243,3395.292,500000,0.031200000000000002,0.015600000000000003,0.015600000000000058,0.0382120399874176,tap1,natural,light,20260810_141717,False
3397799,0.0468,0.0468,0.9165,3397.799,500000,0.0273,0.015600000000000003,0.007800000000000029,0.0323958330653805,tap1,natural,light,20260810_141717,False
3400307,0.0468,0.0429,0.9048,3400.307,500000,0.0273,0.011700000000000002,-0.0038999999999999035,0.029956468416687563,tap1,natural,light,20260810_141717,False
3402791,0.0507,0.039,0.9087,3402.791,500000,0.031200000000000002,0.007800000000000001,0.0,0.032160223879817755,tap1,natural,light,20260810_141717,False
3405290,0.0507,0.0312,0.9204,3405.29,500000,0.031200000000000002,0.0,0.011700000000000044,0.03332161460673839,tap1,natural,light,20260810_141717,False
3407811,0.0546,0.0351,0.9126,3407.811,500000,0.035100000000000006,0.0039000000000000007,0.0039000000000000146,0.03553069095866277,tap1,natural,light,20260810_141717,False
3410308,0.0546,0.0429,0.9048,3410.308,500000,0.035100000000000006,0.011700000000000002,-0.0038999999999999035,0.03720362885526087,tap1,natural,light,20260810_141717,False
3412784,0.0546,0.0351,0.9009,3412.784,500000,0.035100000000000006,0.0039000000000000007,-0.007799999999999918,0.03616711213243323,tap1,natural,light,20260810_141717,False
3415284,0.0624,0.0312,0.9126,3415.284,500000,0.042899999999999994,0.0,0.0039000000000000146,0.04307690796703031,tap1,natural,light,20260810_141717,False
3417792,0.0624,0.0273,0.9009,3417.792,500000,0.042899999999999994,-0.0038999999999999972,-0.007799999999999918,0.04377739142525509,tap1,natural,light,20260810_141717,False
3420299,0.0507,0.039,0.9048,3420.299,500000,0.031200000000000002,0.007800000000000001,-0.0038999999999999035,0.03239583306538048,tap1,natural,light,20260810_141717,False
3422808,0.0546,0.0312,0.9009,3422.808,500000,0.035100000000000006,0.0,-0.007799999999999918,0.035956223383442246,tap1,natural,light,20260810_141717,False
3425304,0.0585,0.0351,0.9048,3425.304,500000,0.03900000000000001,0.0039000000000000007,-0.0038999999999999035,0.0393880692596121,tap1,natural,light,20260810_141717,False
3427886,0.0507,0.0312,0.9087,3427.886,500000,0.031200000000000002,0.0,0.0,0.031200000000000002,tap1,natural,light,20260810_141717,False
3430305,0.0546,0.0273,0.9126,3430.305,500000,0.035100000000000006,-0.0038999999999999972,0.0039000000000000146,0.03553069095866277,tap1,natural,light,20260810_141717,False
3432785,0.0546,0.0351,0.9087,3432.785,500000,0.035100000000000006,0.0039000000000000007,0.0,0.03531600203873593,tap1,natural,light,20260810_141717,False
3435311,0.0546,0.0312,0.9087,3435.311,500000,0.035100000000000006,0.0,0.0,0.035100000000000006,tap1,natural,light,20260810_141717,False
3437798,0.0585,0.0429,0.9126,3437.798,500000,0.03900000000000001,0.011700000000000002,0.0039000000000000146,0.04090354507863592,tap1,natural,light,20260810_141717,False
3440302,0.0546,0.0312,0.9048,3440.302,500000,0.035100000000000006,0.0,-0.0038999999999999035,0.035316002038735916,tap1,natural,light,20260810_141717,False
3442794,0.0585,0.0351,0.9048,3442.794,500000,0.03900000000000001,0.0039000000000000007,-0.0038999999999999035,0.0393880692596121,tap1,natural,light,20260810_141717,False
3445301,0.0507,0.0351,0.9126,3445.301,500000,0.031200000000000002,0.0039000000000000007,0.0039000000000000146,0.03168374977808025,tap1,natural,light,20260810_141717,False
3447812,0.0468,0.0429,0.9087,3447.812,500000,0.0273,0.011700000000000002,0.0,0.029701515112869246,tap1,natural,light,20260810_141717,False
3450288,0.0546,0.0312,0.9165,3450.288,500000,0.035100000000000006,0.0,0.007800000000000029,0.03595622338344227,tap1,natural,light,20260810_141717,False
3452793,0.0546,0.0312,0.9165,3452.793,500000,0.035100000000000006,0.0,0.007800000000000029,0.03595622338344227,tap1,natural,light,20260810_141717,False
3455292,0.0546,0.0351,0.9009,3455.292,500000,0.035100000000000006,0.0039000000000000007,-0.007799999999999918,0.03616711213243323,tap1,natural,light,20260810_141717,False
3457784,0.0507,0.039,0.9048,3457.784,500000,0.031200000000000002,0.007800000000000001,-0.0038999999999999035,0.03239583306538048,tap1,natural,light,20260810_141717,False
3460291,0.0507,0.0507,0.9087,3460.291,500000,0.031200000000000002,0.019500000000000003,0.0,0.03679252641502076,tap1,natural,light,20260810_141717,False
3462795,0.0468,0.0468,0.9009,3462.795,500000,0.0273,0.015600000000000003,-0.007799999999999918,0.03239583306538047,tap1,natural,light,20260810_141717,False
3465292,0.0507,0.0312,0.9048,3465.292,500000,0.031200000000000002,0.0,-0.0038999999999999035,0.03144280521836433,tap1,natural,light,20260810_141717,False
3467784,0.0507,0.0429,0.9204,3467.784,500000,0.031200000000000002,0.011700000000000002,0.011700000000000044,0.035316002038735944,tap1,natural,light,20260810_141717,False
3470291,0.0585,0.0312,0.9009,3470.291,500000,0.03900000000000001,0.0,-0.007799999999999918,0.03977235220602371,tap1,natural,light,20260810_141717,False
3472795,0.0429,0.0351,0.9204,3472.795,500000,0.0234,0.0039000000000000007,0.011700000000000044,0.026451086934188565,tap1,natural,light,20260810_141717,False
3475311,0.0468,0.0351,0.9126,3475.311,500000,0.0273,0.0039000000000000007,0.0039000000000000146,0.027851570871317118,tap1,natural,light,20260810_141717,False
3477813,0.0546,0.0429,0.9087,3477.813,500000,0.035100000000000006,0.011700000000000002,0.0,0.036998648623970044,tap1,natural,light,20260810_141717,False
3480291,0.0585,0.039,0.9048,3480.291,500000,0.03900000000000001,0.007800000000000001,-0.0038999999999999035,0.03996310798724243,tap1,natural,light,20260810_141717,False
3482796,0.0546,0.0351,0.9048,3482.796,500000,0.035100000000000006,0.0039000000000000007,-0.0038999999999999035,0.035530690958662764,tap1,natural,light,20260810_141717,False
3485293,0.0429,0.039,0.9165,3485.293,500000,0.0234,0.007800000000000001,0.007800000000000029,0.02586967336477213,tap1,natural,light,20260810_141717,False
3487785,0.0429,0.039,0.9087,3487.785,500000,0.0234,0.007800000000000001,0.0,0.02466576574931336,tap1,natural,light,20260810_141717,False
3490292,0.0468,0.0429,0.9009,3490.292,500000,0.0273,0.011700000000000002,-0.007799999999999918,0.030708630708646045,tap1,natural,light,20260810_141717,False
3492787,0.0507,0.039,0.9087,3492.787,500000,0.031200000000000002,0.007800000000000001,0.0,0.032160223879817755,tap1,natural,light,20260810_141717,False
3495292,0.0468,0.0312,0.9048,3495.292,500000,0.0273,0.0,-0.0038999999999999035,0.027577164466275342,tap1,natural,light,20260810_141717,False
3497800,0.0468,0.039,0.9126,3497.8,500000,0.0273,0.007800000000000001,0.0039000000000000146,0.02865902999056319,tap1,natural,light,20260810_141717,False
3500306,0.0507,0.039,0.9087,3500.306,500000,0.031200000000000002,0.007800000000000001,0.0,0.032160223879817755,tap1,natural,light,20260810_141717,False
3502787,0.0546,0.0351,0.9126,3502.787,500000,0.035100000000000006,0.0039000000000000007,0.0039000000000000146,0.03553069095866277,tap1,natural,light,20260810_141717,False
3505286,0.0468,0.0351,0.9165,3505.286,500000,0.0273,0.0039000000000000007,0.007800000000000029,0.028659029990563193,tap1,natural,light,20260810_141717,False
3507811,0.0507,0.0351,0.9048,3507.811,500000,0.031200000000000002,0.0039000000000000007,-0.0038999999999999035,0.031683749778080236,tap1,natural,light,20260810_141717,False
3510291,0.0507,0.0351,0.9243,3510.291,500000,0.031200000000000002,0.0039000000000000007,0.015600000000000058,0.03510000000000003,tap1,natural,light,20260810_141717,False
3512795,0.0468,0.0429,0.9165,3512.795,500000,0.0273,0.011700000000000002,0.007800000000000029,0.030708630708646073,tap1,natural,light,20260810_141717,False
3515292,0.0429,0.0429,0.9126,3515.292,500000,0.0234,0.011700000000000002,0.0039000000000000146,0.026451086934188548,tap1,natural,light,20260810_141717,False
3517791,0.0468,0.039,0.9204,3517.791,500000,0.0273,0.007800000000000001,0.011700000000000044,0.030708630708646083,tap1,natural,light,20260810_141717,False
3520296,0.0468,0.0351,0.9204,3520.296,500000,0.0273,0.0039000000000000007,0.011700000000000044,0.02995646841668759,tap1,natural,light,20260810_141717,False
3522798,0.0429,0.039,0.9165,3522.798,500000,0.0234,0.007800000000000001,0.007800000000000029,0.02586967336477213,tap1,natural,light,20260810_141717,False
3525295,0.0546,0.0351,0.9048,3525.295,500000,0.035100000000000006,0.0039000000000000007,-0.0038999999999999035,0.035530690958662764,tap1,natural,light,20260810_141717,False
3527811,0.0429,0.0468,0.9126,3527.811,500000,0.0234,0.015600000000000003,0.0039000000000000146,0.028392428568194024,tap1,natural,light,20260810_141717,False
3530298,0.0546,0.0312,0.9087,3530.298,500000,0.035100000000000006,0.0,0.0,0.035100000000000006,tap1,natural,light,20260810_141717,False
3532790,0.0429,0.039,0.9165,3532.79,500000,0.0234,0.007800000000000001,0.007800000000000029,0.02586967336477213,tap1,natural,light,20260810_141717,False
3535287,0.0507,0.0429,0.9087,3535.287,500000,0.031200000000000002,0.011700000000000002,0.0,0.033321614606738374,tap1,natural,light,20260810_141717,False
3537802,0.0507,0.0429,0.9087,3537.802,500000,0.031200000000000002,0.011700000000000002,0.0,0.033321614606738374,tap1,natural,light,20260810_141717,False
3540298,0.0546,0.0312,0.9048,3540.298,500000,0.035100000000000006,0.0,-0.0038999999999999035,0.035316002038735916,tap1,natural,light,20260810_141717,False
3542793,0.0468,0.039,0.9087,3542.793,500000,0.0273,0.007800000000000001,0.0,0.028392428568194024,tap1,natural,light,20260810_141717,False
3545303,0.0546,0.0351,0.9087,3545.303,500000,0.035100000000000006,0.0039000000000000007,0.0,0.03531600203873593,tap1,natural,light,20260810_141717,False
3547790,0.0429,0.0312,0.9165,3547.79,500000,0.0234,0.0,0.007800000000000029,0.024665765749313368,tap1,natural,light,20260810_141717,False
3550296,0.0507,0.039,0.9087,3550.296,500000,0.031200000000000002,0.007800000000000001,0.0,0.032160223879817755,tap1,natural,light,20260810_141717,False
3552800,0.0507,0.0312,0.9087,3552.8,500000,0.031200000000000002,0.0,0.0,0.031200000000000002,tap1,natural,light,20260810_141717,False
3555299,0.0546,0.039,0.9048,3555.299,500000,0.035100000000000006,0.007800000000000001,-0.0038999999999999035,0.03616711213243324,tap1,natural,light,20260810_141717,False
3557814,0.0546,0.0312,0.9087,3557.814,500000,0.035100000000000006,0.0,0.0,0.035100000000000006,tap1,natural,light,20260810_141717,False
3560292,0.0546,0.0312,0.9087,3560.292,500000,0.035100000000000006,0.0,0.0,0.035100000000000006,tap1,natural,light,20260810_141717,False
3562797,0.0546,0.0351,0.897,3562.797,500000,0.035100000000000006,0.0039000000000000007,-0.011699999999999933,0.037203628855260865,tap1,natural,light,20260810_141717,False
3565295,0.0546,0.0312,0.9087,3565.295,500000,0.035100000000000006,0.0,0.0,0.035100000000000006,tap1,natural,light,20260810_141717,False
3567809,0.0507,0.0429,0.9048,3567.809,500000,0.031200000000000002,0.011700000000000002,-0.0038999999999999035,0.033549068541466234,tap1,natural,light,20260810_141717,False
3570313,0.0585,0.039,0.897,3570.313,500000,0.03900000000000001,0.007800000000000001,-0.011699999999999933,0.041457568669665115,tap1,natural,light,20260810_141717,False
3572787,0.0546,0.039,0.9009,3572.787,500000,0.035100000000000006,0.007800000000000001,-0.007799999999999918,0.03679252641502074,tap1,natural,light,20260810_141717,False
3575285,0.0546,0.0312,0.9009,3575.285,500000,0.035100000000000006,0.0,-0.007799999999999918,0.035956223383442246,tap1,natural,light,20260810_141717,False
3577786,0.039,0.0468,0.9165,3577.786,500000,0.0195,0.015600000000000003,0.007800000000000029,0.02616199533674755,tap1,natural,light,20260810_141717,False
3580288,0.0507,0.0351,0.9126,3580.288,500000,0.031200000000000002,0.0039000000000000007,0.0039000000000000146,0.03168374977808025,tap1,natural,light,20260810_141717,False
3582792,0.0546,0.0312,0.9009,3582.792,500000,0.035100000000000006,0.0,-0.007799999999999918,0.035956223383442246,tap1,natural,light,20260810_141717,False
3585291,0.0585,0.0351,0.9009,3585.291,500000,0.03900000000000001,0.0039000000000000007,-0.007799999999999918,0.039963107987242424,tap1,natural,light,20260810_141717,False
3587784,0.0585,0.0312,0.9087,3587.784,500000,0.03900000000000001,0.0,0.0,0.03900000000000001,tap1,natural,light,20260810_141717,False
3590293,0.0585,0.0468,0.9087,3590.293,500000,0.03900000000000001,0.015600000000000003,0.0,0.042004285495649135,tap1,natural,light,20260810_141717,False
3592791,0.0546,0.0351,0.9204,3592.791,500000,0.035100000000000006,0.0039000000000000007,0.011700000000000044,0.0372036288552609,tap1,natural,light,20260810_141717,False
3595295,0.0507,0.0273,0.9126,3595.295,500000,0.031200000000000002,-0.0038999999999999972,0.0039000000000000146,0.03168374977808025,tap1,natural,light,20260810_141717,False
3597796,0.0546,0.0351,0.9126,3597.796,500000,0.035100000000000006,0.0039000000000000007,0.0039000000000000146,0.03553069095866277,tap1,natural,light,20260810_141717,False
3600304,0.0546,0.039,0.9087,3600.304,500000,0.035100000000000006,0.007800000000000001,0.0,0.035956223383442266,tap1,natural,light,20260810_141717,False
3602787,0.0507,0.0312,0.9126,3602.787,500000,0.031200000000000002,0.0,0.0039000000000000146,0.031442805218364345,tap1,natural,light,20260810_141717,False
3605286,0.0507,0.0312,0.9087,3605.286,500000,0.031200000000000002,0.0,0.0,0.031200000000000002,tap1,natural,light,20260810_141717,False
3607799,0.0507,0.0468,0.9087,3607.799,500000,0.031200000000000002,0.015600000000000003,0.0,0.03488266044899672,tap1,natural,light,20260810_141717,False
3610311,0.0546,0.039,0.9048,3610.311,500000,0.035100000000000006,0.007800000000000001,-0.0038999999999999035,0.03616711213243324,tap1,natural,light,20260810_141717,False
3612784,0.0468,0.0351,0.9048,3612.784,500000,0.0273,0.0039000000000000007,-0.0038999999999999035,0.027851570871317104,tap1,natural,light,20260810_141717,False
3615285,0.0546,0.0351,0.9048,3615.285,500000,0.035100000000000006,0.0039000000000000007,-0.0038999999999999035,0.035530690958662764,tap1,natural,light,20260810_141717,False
3617788,0.0546,0.0351,0.9165,3617.788,500000,0.035100000000000006,0.0039000000000000007,0.007800000000000029,0.03616711213243325,tap1,natural,light,20260810_141717,False
3620294,0.0468,0.0429,0.9048,3620.294,500000,0.0273,0.011700000000000002,-0.0038999999999999035,0.029956468416687563,tap1,natural,light,20260810_141717,False
3622797,0.0507,0.0312,0.9048,3622.797,500000,0.031200000000000002,0.0,-0.0038999999999999035,0.03144280521836433,tap1,natural,light,20260810_141717,False
3625295,0.0507,0.0429,0.9087,3625.295,500000,0.031200000000000002,0.011700000000000002,0.0,0.033321614606738374,tap1,natural,light,20260810_141717,False
3627812,0.0546,0.039,0.9009,3627.812,500000,0.035100000000000006,0.007800000000000001,-0.007799999999999918,0.03679252641502074,tap1,natural,light,20260810_141717,False
3630287,0.0585,0.0351,0.9087,3630.287,500000,0.03900000000000001,0.0039000000000000007,0.0,0.03919451492237148,tap1,natural,light,20260810_141717,False
3632792,0.0507,0.0351,0.9048,3632.792,500000,0.031200000000000002,0.0039000000000000007,-0.0038999999999999035,0.031683749778080236,tap1,natural,light,20260810_141717,False
3635290,0.0507,0.0429,0.9126,3635.29,500000,0.031200000000000002,0.011700000000000002,0.0039000000000000146,0.03354906854146625,tap1,natural,light,20260810_141717,False
3637812,0.0507,0.0312,0.9087,3637.812,500000,0.031200000000000002,0.0,0.0,0.031200000000000002,tap1,natural,light,20260810_141717,False
3640287,0.0429,0.039,0.9126,3640.287,500000,0.0234,0.007800000000000001,0.0039000000000000146,0.024972184525988112,tap1,natural,light,20260810_141717,False
3642798,0.0429,0.039,0.9126,3642.798,500000,0.0234,0.007800000000000001,0.0039000000000000146,0.024972184525988112,tap1,natural,light,20260810_141717,False
3645309,0.0546,0.0312,0.9048,3645.309,500000,0.035100000000000006,0.0,-0.0038999999999999035,0.035316002038735916,tap1,natural,light,20260810_141717,False
3647787,0.0546,0.0312,0.9087,3647.787,500000,0.035100000000000006,0.0,0.0,0.035100000000000006,tap1,natural,light,20260810_141717,False
3650293,0.0429,0.0351,0.9087,3650.293,500000,0.0234,0.0039000000000000007,0.0,0.023722773868163058,tap1,natural,light,20260810_141717,False
3652800,0.0468,0.0429,0.9243,3652.8,500000,0.0273,0.011700000000000002,0.015600000000000058,0.033549068541466276,tap1,natural,light,20260810_141717,False
3655299,0.0468,0.0468,0.9165,3655.299,500000,0.0273,0.015600000000000003,0.007800000000000029,0.0323958330653805,tap1,natural,light,20260810_141717,False
3657800,0.0429,0.0351,0.9087,3657.8,500000,0.0234,0.0039000000000000007,0.0,0.023722773868163058,tap1,natural,light,20260810_141717,False
3660307,0.0546,0.0351,0.9165,3660.307,500000,0.035100000000000006,0.0039000000000000007,0.007800000000000029,0.03616711213243325,tap1,natural,light,20260810_141717,False
3662811,0.0546,0.0351,0.9165,3662.811,500000,0.035100000000000006,0.0039000000000000007,0.007800000000000029,0.03616711213243325,tap1,natural,light,20260810_141717,False
3665310,0.0546,0.0351,0.9165,3665.31,500000,0.035100000000000006,0.0039000000000000007,0.007800000000000029,0.03616711213243325,tap1,natural,light,20260810_141717,False
3667811,0.0468,0.0429,0.9165,3667.811,500000,0.0273,0.011700000000000002,0.007800000000000029,0.030708630708646073,tap1,natural,light,20260810_141717,False
3670286,0.039,0.0351,0.9126,3670.286,500000,0.0195,0.0039000000000000007,0.0039000000000000146,0.020264994448555868,tap1,natural,light,20260810_141717,False
3672803,0.0468,0.0312,0.897,3672.803,500000,0.0273,0.0,-0.011699999999999933,0.02970151511286922,tap1,natural,light,20260810_141717,False
3675304,0.0468,0.039,0.9126,3675.304,500000,0.0273,0.007800000000000001,0.0039000000000000146,0.02865902999056319,tap1,natural,light,20260810_141717,False
3677790,0.0546,0.0429,0.9165,3677.79,500000,0.035100000000000006,0.011700000000000002,0.007800000000000029,0.03781190288784737,tap1,natural,light,20260810_141717,False
3680297,0.0429,0.0351,0.9009,3680.297,500000,0.0234,0.0039000000000000007,-0.007799999999999918,0.024972184525988084,tap1,natural,light,20260810_141717,False
3682800,0.0546,0.0351,0.9165,3682.8,500000,0.035100000000000006,0.0039000000000000007,0.007800000000000029,0.03616711213243325,tap1,natural,light,20260810_141717,False
3685296,0.0546,0.0429,0.9126,3685.296,500000,0.035100000000000006,0.011700000000000002,0.0039000000000000146,0.037203628855260885,tap1,natural,light,20260810_141717,False
3687814,0.0624,0.0429,0.9126,3687.814,500000,0.042899999999999994,0.011700000000000002,0.0039000000000000146,0.044637540254812424,tap1,natural,light,20260810_141717,False
3690291,0.0507,0.039,0.9087,3690.291,500000,0.031200000000000002,0.007800000000000001,0.0,0.032160223879817755,tap1,natural,light,20260810_141717,False
3692794,0.0507,0.0273,0.9048,3692.794,500000,0.031200000000000002,-0.0038999999999999972,-0.0038999999999999035,0.031683749778080236,tap1,natural,light,20260810_141717,False
3695307,0.0468,0.0429,0.9087,3695.307,500000,0.0273,0.011700000000000002,0.0,0.029701515112869246,tap1,natural,light,20260810_141717,False
3697787,0.0546,0.0429,0.9087,3697.787,500000,0.035100000000000006,0.011700000000000002,0.0,0.036998648623970044,tap1,natural,light,20260810_141717,False
3700296,0.0546,0.0351,0.9048,3700.296,500000,0.035100000000000006,0.0039000000000000007,-0.0038999999999999035,0.035530690958662764,tap1,natural,light,20260810_141717,False
3702797,0.0546,0.0312,0.9048,3702.797,500000,0.035100000000000006,0.0,-0.0038999999999999035,0.035316002038735916,tap1,natural,light,20260810_141717,False
3705296,0.0507,0.0351,0.9048,3705.296,500000,0.031200000000000002,0.0039000000000000007,-0.0038999999999999035,0.031683749778080236,tap1,natural,light,20260810_141717,False
3707805,0.0468,0.0351,0.9048,3707.805,500000,0.0273,0.0039000000000000007,-0.0038999999999999035,0.027851570871317104,tap1,natural,light,20260810_141717,False
3710286,0.0546,0.0312,0.9126,3710.286,500000,0.035100000000000006,0.0,0.0039000000000000146,0.03531600203873593,tap1,natural,light,20260810_141717,False
3712791,0.0546,0.0312,0.9126,3712.791,500000,0.035100000000000006,0.0,0.0039000000000000146,0.03531600203873593,tap1,natural,light,20260810_141717,False
3715285,0.0585,0.0312,0.9048,3715.285,500000,0.03900000000000001,0.0,-0.0038999999999999035,0.03919451492237147,tap1,natural,light,20260810_141717,False
3717793,0.0546,0.039,0.9009,3717.793,500000,0.035100000000000006,0.007800000000000001,-0.007799999999999918,0.03679252641502074,tap1,natural,light,20260810_141717,False
3720301,0.0624,0.0351,0.897,3720.301,500000,0.042899999999999994,0.0039000000000000007,-0.011699999999999933,0.044637540254812404,tap1,natural,light,20260810_141717,False
3722809,0.0546,0.0351,0.897,3722.809,500000,0.035100000000000006,0.0039000000000000007,-0.011699999999999933,0.037203628855260865,tap1,natural,light,20260810_141717,False
3725306,0.0507,0.0429,0.9048,3725.306,500000,0.031200000000000002,0.011700000000000002,-0.0038999999999999035,0.033549068541466234,tap1,natural,light,20260810_141717,False
3727811,0.0546,0.039,0.9009,3727.811,500000,0.035100000000000006,0.007800000000000001,-0.007799999999999918,0.03679252641502074,tap1,natural,light,20260810_141717,False
3730313,0.0585,0.0351,0.9009,3730.313,500000,0.03900000000000001,0.0039000000000000007,-0.007799999999999918,0.039963107987242424,tap1,natural,light,20260810_141717,False
3732787,0.0507,0.039,0.9048,3732.787,500000,0.031200000000000002,0.007800000000000001,-0.0038999999999999035,0.03239583306538048,tap1,natural,light,20260810_141717,False
3735287,0.0546,0.0351,0.897,3735.287,500000,0.035100000000000006,0.0039000000000000007,-0.011699999999999933,0.037203628855260865,tap1,natural,light,20260810_141717,False
3737794,0.0585,0.039,0.9087,3737.794,500000,0.03900000000000001,0.007800000000000001,0.0,0.03977235220602373,tap1,natural,light,20260810_141717,False
3740306,0.0546,0.0312,0.9087,3740.306,500000,0.035100000000000006,0.0,0.0,0.035100000000000006,tap1,natural,light,20260810_141717,False
3742801,0.0546,0.0312,0.9009,3742.801,500000,0.035100000000000006,0.0,-0.007799999999999918,0.035956223383442246,tap1,natural,light,20260810_141717,False
3745309,0.0546,0.0351,0.9087,3745.309,500000,0.035100000000000006,0.0039000000000000007,0.0,0.03531600203873593,tap1,natural,light,20260810_141717,False
3747793,0.0468,0.0351,0.9009,3747.793,500000,0.0273,0.0039000000000000007,-0.007799999999999918,0.028659029990563165,tap1,natural,light,20260810_141717,False
3750295,0.0507,0.0429,0.9048,3750.295,500000,0.031200000000000002,0.011700000000000002,-0.0038999999999999035,0.033549068541466234,tap1,natural,light,20260810_141717,False
3752799,0.0468,0.0312,0.897,3752.799,500000,0.0273,0.0,-0.011699999999999933,0.02970151511286922,tap1,natural,light,20260810_141717,False
3755297,0.0468,0.0429,0.9165,3755.297,500000,0.0273,0.011700000000000002,0.007800000000000029,0.030708630708646073,tap1,natural,light,20260810_141717,False
3757784,0.0507,0.039,0.9165,3757.784,500000,0.031200000000000002,0.007800000000000001,0.007800000000000029,0.03309259735953043,tap1,natural,light,20260810_141717,False
3760290,0.0546,0.0351,0.9087,3760.29,500000,0.035100000000000006,0.0039000000000000007,0.0,0.03531600203873593,tap1,natural,light,20260810_141717,False
3762795,0.0507,0.039,0.9087,3762.795,500000,0.031200000000000002,0.007800000000000001,0.0,0.032160223879817755,tap1,natural,light,20260810_141717,False
3765291,0.0507,0.0351,0.9087,3765.291,500000,0.031200000000000002,0.0039000000000000007,0.0,0.031442805218364345,tap1,natural,light,20260810_141717,False
3767787,0.0546,0.0312,0.9165,3767.787,500000,0.035100000000000006,0.0,0.007800000000000029,0.03595622338344227,tap1,natural,light,20260810_141717,False
3770287,0.0546,0.0312,0.9165,3770.287,500000,0.035100000000000006,0.0,0.007800000000000029,0.03595622338344227,tap1,natural,light,20260810_141717,False
3772791,0.0468,0.0273,0.9204,3772.791,500000,0.0273,-0.0038999999999999972,0.011700000000000044,0.02995646841668759,tap1,natural,light,20260810_141717,False
3775287,0.039,0.0351,0.9165,3775.287,500000,0.0195,0.0039000000000000007,0.007800000000000029,0.021361179742701488,tap1,natural,light,20260810_141717,False
3777813,0.0468,0.0429,0.9087,3777.813,500000,0.0273,0.011700000000000002,0.0,0.029701515112869246,tap1,natural,light,20260810_141717,False
3780296,0.0351,0.0429,0.9087,3780.296,500000,0.0156,0.011700000000000002,0.0,0.0195,tap1,natural,light,20260810_141717,False
3782802,0.0468,0.039,0.9126,3782.802,500000,0.0273,0.007800000000000001,0.0039000000000000146,0.02865902999056319,tap1,natural,light,20260810_141717,False
3785300,0.0546,0.0351,0.9165,3785.3,500000,0.035100000000000006,0.0039000000000000007,0.007800000000000029,0.03616711213243325,tap1,natural,light,20260810_141717,False
3787796,0.0546,0.0351,0.9126,3787.796,500000,0.035100000000000006,0.0039000000000000007,0.0039000000000000146,0.03553069095866277,tap1,natural,light,20260810_141717,False
3790301,0.0585,0.039,0.9087,3790.301,500000,0.03900000000000001,0.007800000000000001,0.0,0.03977235220602373,tap1,natural,light,20260810_141717,False
3792857,0.0546,0.0507,0.9126,3792.857,500000,0.035100000000000006,0.019500000000000003,0.0039000000000000146,0.04034191368787555,tap1,natural,light,20260810_141717,False
3795314,0.0507,0.0429,0.9204,3795.314,500000,0.031200000000000002,0.011700000000000002,0.011700000000000044,0.035316002038735944,tap1,natural,light,20260810_141717,False
3797790,0.0507,0.0351,0.9204,3797.79,500000,0.031200000000000002,0.0039000000000000007,0.011700000000000044,0.03354906854146626,tap1,natural,light,20260810_141717,False
3800290,0.0507,0.039,0.9126,3800.29,500000,0.031200000000000002,0.007800000000000001,0.0039000000000000146,0.03239583306538049,tap1,natural,light,20260810_141717,False
3802811,0.0546,0.039,0.9087,3802.811,500000,0.035100000000000006,0.007800000000000001,0.0,0.035956223383442266,tap1,natural,light,20260810_141717,False
3805311,0.039,0.0351,0.9087,3805.311,500000,0.0195,0.0039000000000000007,0.0,0.01988617610301186,tap1,natural,light,20260810_141717,False
3807788,0.0507,0.0429,0.9087,3807.788,500000,0.031200000000000002,0.011700000000000002,0.0,0.033321614606738374,tap1,natural,light,20260810_141717,False
3810294,0.0429,0.039,0.9087,3810.294,500000,0.0234,0.007800000000000001,0.0,0.02466576574931336,tap1,natural,light,20260810_141717,False
3812798,0.0468,0.039,0.9009,3812.798,500000,0.0273,0.007800000000000001,-0.007799999999999918,0.029444354297555906,tap1,natural,light,20260810_141717,False
3815294,0.0585,0.0351,0.9126,3815.294,500000,0.03900000000000001,0.0039000000000000007,0.0039000000000000146,0.039388069259612114,tap1,natural,light,20260810_141717,False
3817795,0.0507,0.0351,0.9048,3817.795,500000,0.031200000000000002,0.0039000000000000007,-0.0038999999999999035,0.031683749778080236,tap1,natural,light,20260810_141717,False
3820296,0.0468,0.039,0.9165,3820.296,500000,0.0273,0.007800000000000001,0.007800000000000029,0.029444354297555934,tap1,natural,light,20260810_141717,False
3822798,0.0507,0.0351,0.9087,3822.798,500000,0.031200000000000002,0.0039000000000000007,0.0,0.031442805218364345,tap1,natural,light,20260810_141717,False
3825295,0.0468,0.039,0.9048,3825.295,500000,0.0273,0.007800000000000001,-0.0038999999999999035,0.028659029990563172,tap1,natural,light,20260810_141717,False
3827812,0.0507,0.0351,0.9087,3827.812,500000,0.031200000000000002,0.0039000000000000007,0.0,0.031442805218364345,tap1,natural,light,20260810_141717,False
3830287,0.0624,0.039,0.9048,3830.287,500000,0.042899999999999994,0.007800000000000001,-0.0038999999999999035,0.043777391425255094,tap1,natural,light,20260810_141717,False
3832792,0.0507,0.0351,0.9009,3832.792,500000,0.031200000000000002,0.0039000000000000007,-0.007799999999999918,0.03239583306538047,tap1,natural,light,20260810_141717,False
3835290,0.0546,0.0312,0.9126,3835.29,500000,0.035100000000000006,0.0,0.0039000000000000146,0.03531600203873593,tap1,natural,light,20260810_141717,False
3837804,0.0507,0.0312,0.9165,3837.804,500000,0.031200000000000002,0.0,0.007800000000000029,0.03216022387981776,tap1,natural,light,20260810_141717,False
3840313,0.0468,0.039,0.9126,3840.313,500000,0.0273,0.007800000000000001,0.0039000000000000146,0.02865902999056319,tap1,natural,light,20260810_141717,False
3842784,0.0507,0.0351,0.9126,3842.784,500000,0.031200000000000002,0.0039000000000000007,0.0039000000000000146,0.03168374977808025,tap1,natural,light,20260810_141717,False
3845294,0.0546,0.039,0.9048,3845.294,500000,0.035100000000000006,0.007800000000000001,-0.0038999999999999035,0.03616711213243324,tap1,natural,light,20260810_141717,False
3847807,0.0546,0.0351,0.897,3847.807,500000,0.035100000000000006,0.0039000000000000007,-0.011699999999999933,0.037203628855260865,tap1,natural,light,20260810_141717,False
3850284,0.0429,0.0351,0.9087,3850.284,500000,0.0234,0.0039000000000000007,0.0,0.023722773868163058,tap1,natural,light,20260810_141717,False
3852788,0.0468,0.0312,0.9087,3852.788,500000,0.0273,0.0,0.0,0.0273,tap1,natural,light,20260810_141717,False
3855284,0.0546,0.0351,0.9126,3855.284,500000,0.035100000000000006,0.0039000000000000007,0.0039000000000000146,0.03553069095866277,tap1,natural,light,20260810_141717,False
3857806,0.0546,0.0429,0.9048,3857.806,500000,0.035100000000000006,0.011700000000000002,-0.0038999999999999035,0.03720362885526087,tap1,natural,light,20260810_141717,False
3860313,0.0585,0.0351,0.9087,3860.313,500000,0.03900000000000001,0.0039000000000000007,0.0,0.03919451492237148,tap1,natural,light,20260810_141717,False
3862786,0.0468,0.0312,0.9126,3862.786,500000,0.0273,0.0,0.0039000000000000146,0.027577164466275356,tap1,natural,light,20260810_141717,False
3865284,0.0507,0.0351,0.9087,3865.284,500000,0.031200000000000002,0.0039000000000000007,0.0,0.031442805218364345,tap1,natural,light,20260810_141717,False
3867790,0.0546,0.0273,0.9048,3867.79,500000,0.035100000000000006,-0.0038999999999999972,-0.0038999999999999035,0.03553069095866276,tap1,natural,light,20260810_141717,False
3870298,0.0507,0.0273,0.9087,3870.298,500000,0.031200000000000002,-0.0038999999999999972,0.0,0.031442805218364345,tap1,natural,light,20260810_141717,False
3872808,0.0468,0.0351,0.9087,3872.808,500000,0.0273,0.0039000000000000007,0.0,0.027577164466275356,tap1,natural,light,20260810_141717,False
3875308,0.0429,0.0429,0.9126,3875.308,500000,0.0234,0.011700000000000002,0.0039000000000000146,0.026451086934188548,tap1,natural,light,20260810_141717,False
3877810,0.0507,0.039,0.9048,3877.81,500000,0.031200000000000002,0.007800000000000001,-0.0038999999999999035,0.03239583306538048,tap1,natural,light,20260810_141717,False
3880285,0.0507,0.039,0.9048,3880.285,500000,0.031200000000000002,0.007800000000000001,-0.0038999999999999035,0.03239583306538048,tap1,natural,light,20260810_141717,False
3882789,0.0429,0.0468,0.9087,3882.789,500000,0.0234,0.015600000000000003,0.0,0.028123299948619118,tap1,natural,light,20260810_141717,False
3885285,0.0429,0.0468,0.9009,3885.285,500000,0.0234,0.015600000000000003,-0.007799999999999918,0.029184927616836723,tap1,natural,light,20260810_141717,False
3887809,0.0507,0.0429,0.9048,3887.809,500000,0.031200000000000002,0.011700000000000002,-0.0038999999999999035,0.033549068541466234,tap1,natural,light,20260810_141717,False
3890309,0.0507,0.039,0.9048,3890.309,500000,0.031200000000000002,0.007800000000000001,-0.0038999999999999035,0.03239583306538048,tap1,natural,light,20260810_141717,False
3892833,0.0468,0.0429,0.9048,3892.833,500000,0.0273,0.011700000000000002,-0.0038999999999999035,0.029956468416687563,tap1,natural,light,20260810_141717,False
3895290,0.0429,0.0351,0.9204,3895.29,500000,0.0234,0.0039000000000000007,0.011700000000000044,0.026451086934188565,tap1,natural,light,20260810_141717,False
3897792,0.0507,0.039,0.9165,3897.792,500000,0.031200000000000002,0.007800000000000001,0.007800000000000029,0.03309259735953043,tap1,natural,light,20260810_141717,False
3900295,0.0507,0.0273,0.9087,3900.295,500000,0.031200000000000002,-0.0038999999999999972,0.0,0.031442805218364345,tap1,natural,light,20260810_141717,False
3902795,0.0468,0.039,0.9048,3902.795,500000,0.0273,0.007800000000000001,-0.0038999999999999035,0.028659029990563172,tap1,natural,light,20260810_141717,False
3905293,0.0546,0.0312,0.9087,3905.293,500000,0.035100000000000006,0.0,0.0,0.035100000000000006,tap1,natural,light,20260810_141717,False
3907811,0.0507,0.039,0.9165,3907.811,500000,0.031200000000000002,0.007800000000000001,0.007800000000000029,0.03309259735953043,tap1,natural,light,20260810_141717,False
3910293,0.0546,0.0234,0.9048,3910.293,500000,0.035100000000000006,-0.007799999999999998,-0.0038999999999999035,0.03616711213243324,tap1,natural,light,20260810_141717,False
3912796,0.0507,0.039,0.9126,3912.796,500000,0.031200000000000002,0.007800000000000001,0.0039000000000000146,0.03239583306538049,tap1,natural,light,20260810_141717,False
3915294,0.0468,0.039,0.9048,3915.294,500000,0.0273,0.007800000000000001,-0.0038999999999999035,0.028659029990563172,tap1,natural,light,20260810_141717,False
3917788,0.0468,0.0351,0.9126,3917.788,500000,0.0273,0.0039000000000000007,0.0039000000000000146,0.027851570871317118,tap1,natural,light,20260810_141717,False
3920296,0.0429,0.039,0.9048,3920.296,500000,0.0234,0.007800000000000001,-0.0038999999999999035,0.024972184525988095,tap1,natural,light,20260810_141717,False
3922797,0.0468,0.0429,0.9126,3922.797,500000,0.0273,0.011700000000000002,0.0039000000000000146,0.029956468416687577,tap1,natural,light,20260810_141717,False
3925294,0.0468,0.039,0.9009,3925.294,500000,0.0273,0.007800000000000001,-0.007799999999999918,0.029444354297555906,tap1,natural,light,20260810_141717,False
3927787,0.0468,0.0429,0.9126,3927.787,500000,0.0273,0.011700000000000002,0.0039000000000000146,0.029956468416687577,tap1,natural,light,20260810_141717,False
3930293,0.0468,0.0351,0.9165,3930.293,500000,0.0273,0.0039000000000000007,0.007800000000000029,0.028659029990563193,tap1,natural,light,20260810_141717,False
3932796,0.0468,0.039,0.9126,3932.796,500000,0.0273,0.007800000000000001,0.0039000000000000146,0.02865902999056319,tap1,natural,light,20260810_141717,False
3935311,0.0429,0.0351,0.9087,3935.311,500000,0.0234,0.0039000000000000007,0.0,0.023722773868163058,tap1,natural,light,20260810_141717,False
3937784,0.0429,0.0468,0.9126,3937.784,500000,0.0234,0.015600000000000003,0.0039000000000000146,0.028392428568194024,tap1,natural,light,20260810_141717,False
3940313,0.0507,0.0312,0.9087,3940.313,500000,0.031200000000000002,0.0,0.0,0.031200000000000002,tap1,natural,light,20260810_141717,False
3942805,0.0468,0.0351,0.9048,3942.805,500000,0.0273,0.0039000000000000007,-0.0038999999999999035,0.027851570871317104,tap1,natural,light,20260810_141717,False
3945286,0.0468,0.0312,0.9087,3945.286,500000,0.0273,0.0,0.0,0.0273,tap1,natural,light,20260810_141717,False
3947802,0.0468,0.0351,0.9048,3947.802,500000,0.0273,0.0039000000000000007,-0.0038999999999999035,0.027851570871317104,tap1,natural,light,20260810_141717,False
3950304,0.0468,0.0429,0.9126,3950.304,500000,0.0273,0.011700000000000002,0.0039000000000000146,0.029956468416687577,tap1,natural,light,20260810_141717,False
3952788,0.0546,0.0351,0.9126,3952.788,500000,0.035100000000000006,0.0039000000000000007,0.0039000000000000146,0.03553069095866277,tap1,natural,light,20260810_141717,False
3955285,0.0468,0.039,0.9126,3955.285,500000,0.0273,0.007800000000000001,0.0039000000000000146,0.02865902999056319,tap1,natural,light,20260810_141717,False
3957789,0.0468,0.0429,0.9009,3957.789,500000,0.0273,0.011700000000000002,-0.007799999999999918,0.030708630708646045,tap1,natural,light,20260810_141717,False
3960293,0.0468,0.039,0.9126,3960.293,500000,0.0273,0.007800000000000001,0.0039000000000000146,0.02865902999056319,tap1,natural,light,20260810_141717,False
3962797,0.0468,0.039,0.9087,3962.797,500000,0.0273,0.007800000000000001,0.0,0.028392428568194024,tap1,natural,light,20260810_141717,False
3965293,0.0468,0.039,0.9087,3965.293,500000,0.0273,0.007800000000000001,0.0,0.028392428568194024,tap1,natural,light,20260810_141717,False
3967787,0.0468,0.039,0.9126,3967.787,500000,0.0273,0.007800000000000001,0.0039000000000000146,0.02865902999056319,tap1,natural,light,20260810_141717,False
3970291,0.0546,0.039,0.9048,3970.291,500000,0.035100000000000006,0.007800000000000001,-0.0038999999999999035,0.03616711213243324,tap1,natural,light,20260810_141717,False
3972797,0.0507,0.0312,0.897,3972.797,500000,0.031200000000000002,0.0,-0.011699999999999933,0.03332161460673835,tap1,natural,light,20260810_141717,False
3975294,0.0507,0.0312,0.9087,3975.294,500000,0.031200000000000002,0.0,0.0,0.031200000000000002,tap1,natural,light,20260810_141717,False
3977786,0.0507,0.0312,0.9087,3977.786,500000,0.031200000000000002,0.0,0.0,0.031200000000000002,tap1,natural,light,20260810_141717,False
3980290,0.0468,0.0429,0.9048,3980.29,500000,0.0273,0.011700000000000002,-0.0038999999999999035,0.029956468416687563,tap1,natural,light,20260810_141717,False
3982796,0.0546,0.0351,0.9087,3982.796,500000,0.035100000000000006,0.0039000000000000007,0.0,0.03531600203873593,tap1,natural,light,20260810_141717,False
3985292,0.0546,0.0351,0.9087,3985.292,500000,0.035100000000000006,0.0039000000000000007,0.0,0.03531600203873593,tap1,natural,light,20260810_141717,False
3987788,0.0468,0.039,0.9087,3987.788,500000,0.0273,0.007800000000000001,0.0,0.028392428568194024,tap1,natural,light,20260810_141717,False
3990292,0.0507,0.039,0.9048,3990.292,500000,0.031200000000000002,0.007800000000000001,-0.0038999999999999035,0.03239583306538048,tap1,natural,light,20260810_141717,False
3992786,0.0546,0.0312,0.9048,3992.786,500000,0.035100000000000006,0.0,-0.0038999999999999035,0.035316002038735916,tap1,natural,light,20260810_141717,False
3995286,0.0507,0.0351,0.9165,3995.286,500000,0.031200000000000002,0.0039000000000000007,0.007800000000000029,0.0323958330653805,tap1,natural,light,20260810_141717,False
3997798,0.0507,0.0351,0.9087,3997.798,500000,0.031200000000000002,0.0039000000000000007,0.0,0.031442805218364345,tap1,natural,light,20260810_141717,False
4000289,0.0546,0.0351,0.9009,4000.289,500000,0.035100000000000006,0.0039000000000000007,-0.007799999999999918,0.03616711213243323,tap1,natural,light,20260810_141717,False
4002797,0.0468,0.0429,0.9126,4002.797,500000,0.0273,0.011700000000000002,0.0039000000000000146,0.029956468416687577,tap1,natural,light,20260810_141717,False
4005295,0.0468,0.0312,0.9009,4005.295,500000,0.0273,0.0,-0.007799999999999918,0.028392428568194003,tap1,natural,light,20260810_141717,False
4007784,0.0546,0.0468,0.9048,4007.784,500000,0.035100000000000006,0.015600000000000003,-0.0038999999999999035,0.038608030252785495,tap1,natural,light,20260810_141717,False
