time_us,x_g,y_g,z_g,time_ms,cue_time_us,x_delta_g,y_delta_g,z_delta_g,dynamic_magnitude_g,label,requested_pace,requested_force,session_id,operator_accepted
20745,0.0117,0.0273,0.9087,20.745,500000,0.0,0.0,0.0,0.0,tap2,slow,firm,20260810_133647,False
21189,0.0117,0.0273,0.9087,21.189,500000,0.0,0.0,0.0,0.0,tap2,slow,firm,20260810_133647,False
21597,0.0117,0.0273,0.9087,21.597,500000,0.0,0.0,0.0,0.0,tap2,slow,firm,20260810_133647,False
22001,0.0117,0.0273,0.9087,22.001,500000,0.0,0.0,0.0,0.0,tap2,slow,firm,20260810_133647,False
22396,0.0156,0.0234,0.9165,22.396,500000,0.003899999999999999,-0.0039000000000000007,0.007800000000000029,0.009553009996854418,tap2,slow,firm,20260810_133647,False
22916,0.0156,0.0234,0.9165,22.916,500000,0.003899999999999999,-0.0039000000000000007,0.007800000000000029,0.009553009996854418,tap2,slow,firm,20260810_133647,False
23324,0.0156,0.0234,0.9165,23.324,500000,0.003899999999999999,-0.0039000000000000007,0.007800000000000029,0.009553009996854418,tap2,slow,firm,20260810_133647,False
23731,0.0156,0.0234,0.9165,23.731,500000,0.003899999999999999,-0.0039000000000000007,0.007800000000000029,0.009553009996854418,tap2,slow,firm,20260810_133647,False
24125,0.0156,0.0234,0.9165,24.125,500000,0.003899999999999999,-0.0039000000000000007,0.007800000000000029,0.009553009996854418,tap2,slow,firm,20260810_133647,False
24520,0.0156,0.0234,0.9165,24.52,500000,0.003899999999999999,-0.0039000000000000007,0.007800000000000029,0.009553009996854418,tap2,slow,firm,20260810_133647,False
25022,0.0234,0.0273,0.9009,25.022,500000,0.0117,0.0,-0.007799999999999918,0.014061649974309512,tap2,slow,firm,20260810_133647,False
27528,0.0117,0.0312,0.9048,27.528,500000,0.0,0.0038999999999999972,-0.0038999999999999035,0.005515432893255,tap2,slow,firm,20260810_133647,False
30011,0.0117,0.0312,0.9048,30.011,500000,0.0,0.0038999999999999972,-0.0038999999999999035,0.005515432893255,tap2,slow,firm,20260810_133647,False
32508,0.0156,0.0273,0.9087,32.508,500000,0.003899999999999999,0.0,0.0,0.003899999999999999,tap2,slow,firm,20260810_133647,False
35012,0.0156,0.0234,0.9048,35.012,500000,0.003899999999999999,-0.0039000000000000007,-0.0038999999999999035,0.006754998149518566,tap2,slow,firm,20260810_133647,False
37520,0.0117,0.0351,0.9126,37.52,500000,0.0,0.007799999999999998,0.0039000000000000146,0.008720665112249185,tap2,slow,firm,20260810_133647,False
40026,0.0117,0.0234,0.9165,40.026,500000,0.0,-0.0039000000000000007,0.007800000000000029,0.008720665112249207,tap2,slow,firm,20260810_133647,False
42527,0.0117,0.0351,0.9165,42.527,500000,0.0,0.007799999999999998,0.007800000000000029,0.01103086578651016,tap2,slow,firm,20260810_133647,False
45002,0.0156,0.0195,0.897,45.002,500000,0.003899999999999999,-0.007800000000000001,-0.011699999999999933,0.014592463808418318,tap2,slow,firm,20260810_133647,False
47505,0.0078,0.0351,0.897,47.505,500000,-0.0039000000000000007,0.007799999999999998,-0.011699999999999933,0.014592463808418317,tap2,slow,firm,20260810_133647,False
50015,0.0078,0.0273,0.9126,50.015,500000,-0.0039000000000000007,0.0,0.0039000000000000146,0.005515432893255082,tap2,slow,firm,20260810_133647,False
52515,0.0117,0.039,0.9087,52.515,500000,0.0,0.011699999999999999,0.0,0.011699999999999999,tap2,slow,firm,20260810_133647,False
55001,0.0156,0.0273,0.9126,55.001,500000,0.003899999999999999,0.0,0.0039000000000000146,0.00551543289325508,tap2,slow,firm,20260810_133647,False
57509,0.0195,0.0273,0.9087,57.509,500000,0.0078,0.0,0.0,0.0078,tap2,slow,firm,20260810_133647,False
60020,0.0117,0.0351,0.9087,60.02,500000,0.0,0.007799999999999998,0.0,0.007799999999999998,tap2,slow,firm,20260810_133647,False
62521,0.0078,0.0351,0.9165,62.521,500000,-0.0039000000000000007,0.007799999999999998,0.007800000000000029,0.011700000000000018,tap2,slow,firm,20260810_133647,False
65021,0.0156,0.0273,0.9087,65.021,500000,0.003899999999999999,0.0,0.0,0.003899999999999999,tap2,slow,firm,20260810_133647,False
67525,0.0156,0.0312,0.9204,67.525,500000,0.003899999999999999,0.0038999999999999972,0.011700000000000044,0.012934836682386097,tap2,slow,firm,20260810_133647,False
70002,0.0156,0.0273,0.9126,70.002,500000,0.003899999999999999,0.0,0.0039000000000000146,0.00551543289325508,tap2,slow,firm,20260810_133647,False
72505,0.0156,0.0312,0.9087,72.505,500000,0.003899999999999999,0.0038999999999999972,0.0,0.005515432893255068,tap2,slow,firm,20260810_133647,False
75005,0.0117,0.0273,0.9048,75.005,500000,0.0,0.0,-0.0038999999999999035,0.0038999999999999035,tap2,slow,firm,20260810_133647,False
77515,0.0117,0.0351,0.9087,77.515,500000,0.0,0.007799999999999998,0.0,0.007799999999999998,tap2,slow,firm,20260810_133647,False
80018,0.0117,0.0234,0.9048,80.018,500000,0.0,-0.0039000000000000007,-0.0038999999999999035,0.005515432893255003,tap2,slow,firm,20260810_133647,False
82520,0.0117,0.0273,0.9126,82.52,500000,0.0,0.0,0.0039000000000000146,0.0039000000000000146,tap2,slow,firm,20260810_133647,False
85013,0.0117,0.0312,0.9009,85.013,500000,0.0,0.0038999999999999972,-0.007799999999999918,0.008720665112249105,tap2,slow,firm,20260810_133647,False
87525,0.0117,0.039,0.9165,87.525,500000,0.0,0.011699999999999999,0.007800000000000029,0.014061649974309573,tap2,slow,firm,20260810_133647,False
90028,0.0117,0.0273,0.9009,90.028,500000,0.0,0.0,-0.007799999999999918,0.007799999999999918,tap2,slow,firm,20260810_133647,False
92520,0.0234,0.0312,0.897,92.52,500000,0.0117,0.0038999999999999972,-0.011699999999999933,0.01699970587980858,tap2,slow,firm,20260810_133647,False
95007,0.0117,0.0273,0.9009,95.007,500000,0.0,0.0,-0.007799999999999918,0.007799999999999918,tap2,slow,firm,20260810_133647,False
97514,0.0078,0.0234,0.9126,97.514,500000,-0.0039000000000000007,-0.0039000000000000007,0.0039000000000000146,0.006754998149518631,tap2,slow,firm,20260810_133647,False
100024,0.0195,0.0273,0.9048,100.024,500000,0.0078,0.0,-0.0038999999999999035,0.008720665112249136,tap2,slow,firm,20260810_133647,False
102527,0.0117,0.0312,0.9087,102.527,500000,0.0,0.0038999999999999972,0.0,0.0038999999999999972,tap2,slow,firm,20260810_133647,False
105001,0.0156,0.0234,0.9009,105.001,500000,0.003899999999999999,-0.0039000000000000007,-0.007799999999999918,0.009553009996854328,tap2,slow,firm,20260810_133647,False
107502,0.0078,0.0351,0.9204,107.502,500000,-0.0039000000000000007,0.007799999999999998,0.011700000000000044,0.014592463808418405,tap2,slow,firm,20260810_133647,False
110012,0.0117,0.0234,0.9087,110.012,500000,0.0,-0.0039000000000000007,0.0,0.0039000000000000007,tap2,slow,firm,20260810_133647,False
112509,0.0078,0.0312,0.9087,112.509,500000,-0.0039000000000000007,0.0038999999999999972,0.0,0.0055154328932550695,tap2,slow,firm,20260810_133647,False
115029,0.0156,0.0273,0.9048,115.029,500000,0.003899999999999999,0.0,-0.0038999999999999035,0.005515432893255002,tap2,slow,firm,20260810_133647,False
117504,0.0117,0.0312,0.9087,117.504,500000,0.0,0.0038999999999999972,0.0,0.0038999999999999972,tap2,slow,firm,20260810_133647,False
120001,0.0117,0.0273,0.9126,120.001,500000,0.0,0.0,0.0039000000000000146,0.0039000000000000146,tap2,slow,firm,20260810_133647,False
122502,0.0078,0.0234,0.9165,122.502,500000,-0.0039000000000000007,-0.0039000000000000007,0.007800000000000029,0.00955300999685442,tap2,slow,firm,20260810_133647,False
125016,0.0156,0.0273,0.9087,125.016,500000,0.003899999999999999,0.0,0.0,0.003899999999999999,tap2,slow,firm,20260810_133647,False
127524,0.0117,0.0234,0.9126,127.524,500000,0.0,-0.0039000000000000007,0.0039000000000000146,0.005515432893255082,tap2,slow,firm,20260810_133647,False
130001,0.0156,0.0312,0.9087,130.001,500000,0.003899999999999999,0.0038999999999999972,0.0,0.005515432893255068,tap2,slow,firm,20260810_133647,False
132520,0.0078,0.0273,0.897,132.52,500000,-0.0039000000000000007,0.0,-0.011699999999999933,0.012332882874656616,tap2,slow,firm,20260810_133647,False
135004,0.0078,0.0273,0.897,135.004,500000,-0.0039000000000000007,0.0,-0.011699999999999933,0.012332882874656616,tap2,slow,firm,20260810_133647,False
137514,0.0156,0.0273,0.9048,137.514,500000,0.003899999999999999,0.0,-0.0038999999999999035,0.005515432893255002,tap2,slow,firm,20260810_133647,False
140024,0.0156,0.0273,0.9048,140.024,500000,0.003899999999999999,0.0,-0.0038999999999999035,0.005515432893255002,tap2,slow,firm,20260810_133647,False
142526,0.0078,0.0312,0.9009,142.526,500000,-0.0039000000000000007,0.0038999999999999972,-0.007799999999999918,0.009553009996854326,tap2,slow,firm,20260810_133647,False
145026,0.0156,0.0351,0.9126,145.026,500000,0.003899999999999999,0.007799999999999998,0.0039000000000000146,0.009553009996854399,tap2,slow,firm,20260810_133647,False
147502,0.0156,0.0351,0.9165,147.502,500000,0.003899999999999999,0.007799999999999998,0.007800000000000029,0.011700000000000018,tap2,slow,firm,20260810_133647,False
150007,0.0117,0.0312,0.9048,150.007,500000,0.0,0.0038999999999999972,-0.0038999999999999035,0.005515432893255,tap2,slow,firm,20260810_133647,False
152505,0.0195,0.0273,0.9204,152.505,500000,0.0078,0.0,0.011700000000000044,0.014061649974309594,tap2,slow,firm,20260810_133647,False
155021,0.0156,0.0351,0.9126,155.021,500000,0.003899999999999999,0.007799999999999998,0.0039000000000000146,0.009553009996854399,tap2,slow,firm,20260810_133647,False
157525,0.0195,0.0273,0.9204,157.525,500000,0.0078,0.0,0.011700000000000044,0.014061649974309594,tap2,slow,firm,20260810_133647,False
160018,0.0117,0.0273,0.9204,160.018,500000,0.0,0.0,0.011700000000000044,0.011700000000000044,tap2,slow,firm,20260810_133647,False
162514,0.0117,0.0351,0.9048,162.514,500000,0.0,0.007799999999999998,-0.0038999999999999035,0.008720665112249134,tap2,slow,firm,20260810_133647,False
165009,0.0195,0.0312,0.9048,165.009,500000,0.0078,0.0038999999999999972,-0.0038999999999999035,0.009553009996854354,tap2,slow,firm,20260810_133647,False
167517,0.0156,0.0273,0.9087,167.517,500000,0.003899999999999999,0.0,0.0,0.003899999999999999,tap2,slow,firm,20260810_133647,False
170025,0.0195,0.0273,0.9126,170.025,500000,0.0078,0.0,0.0039000000000000146,0.008720665112249186,tap2,slow,firm,20260810_133647,False
172521,0.0117,0.0312,0.9165,172.521,500000,0.0,0.0038999999999999972,0.007800000000000029,0.008720665112249205,tap2,slow,firm,20260810_133647,False
175013,0.0195,0.0195,0.9048,175.013,500000,0.0078,-0.007800000000000001,-0.0038999999999999035,0.011699999999999969,tap2,slow,firm,20260810_133647,False
177522,0.0117,0.0273,0.9048,177.522,500000,0.0,0.0,-0.0038999999999999035,0.0038999999999999035,tap2,slow,firm,20260810_133647,False
180024,0.0117,0.0312,0.9126,180.024,500000,0.0,0.0038999999999999972,0.0039000000000000146,0.005515432893255079,tap2,slow,firm,20260810_133647,False
182520,0.0117,0.0312,0.8931,182.52,500000,0.0,0.0038999999999999972,-0.015599999999999947,0.016080111939908825,tap2,slow,firm,20260810_133647,False
185017,0.0117,0.0273,0.9087,185.017,500000,0.0,0.0,0.0,0.0,tap2,slow,firm,20260810_133647,False
187508,0.0078,0.0273,0.9087,187.508,500000,-0.0039000000000000007,0.0,0.0,0.0039000000000000007,tap2,slow,firm,20260810_133647,False
190017,0.0078,0.0195,0.9126,190.017,500000,-0.0039000000000000007,-0.007800000000000001,0.0039000000000000146,0.009553009996854402,tap2,slow,firm,20260810_133647,False
192518,0.0156,0.0195,0.9126,192.518,500000,0.003899999999999999,-0.007800000000000001,0.0039000000000000146,0.0095530099968544,tap2,slow,firm,20260810_133647,False
195014,0.0156,0.0273,0.9009,195.014,500000,0.003899999999999999,0.0,-0.007799999999999918,0.008720665112249105,tap2,slow,firm,20260810_133647,False
197527,0.0117,0.0273,0.9087,197.527,500000,0.0,0.0,0.0,0.0,tap2,slow,firm,20260810_133647,False
200021,0.0117,0.0273,0.9048,200.021,500000,0.0,0.0,-0.0038999999999999035,0.0038999999999999035,tap2,slow,firm,20260810_133647,False
202522,0.0039,0.0195,0.897,202.522,500000,-0.0078000000000000005,-0.007800000000000001,-0.011699999999999933,0.01608011193990883,tap2,slow,firm,20260810_133647,False
205011,0.0117,0.0312,0.9087,205.011,500000,0.0,0.0038999999999999972,0.0,0.0038999999999999972,tap2,slow,firm,20260810_133647,False
207517,0.0117,0.0351,0.9048,207.517,500000,0.0,0.007799999999999998,-0.0038999999999999035,0.008720665112249134,tap2,slow,firm,20260810_133647,False
210027,0.0156,0.0273,0.9009,210.027,500000,0.003899999999999999,0.0,-0.007799999999999918,0.008720665112249105,tap2,slow,firm,20260810_133647,False
212526,0.0078,0.0273,0.9126,212.526,500000,-0.0039000000000000007,0.0,0.0039000000000000146,0.005515432893255082,tap2,slow,firm,20260810_133647,False
215027,0.0156,0.0234,0.9087,215.027,500000,0.003899999999999999,-0.0039000000000000007,0.0,0.00551543289325507,tap2,slow,firm,20260810_133647,False
217503,0.0156,0.0273,0.9048,217.503,500000,0.003899999999999999,0.0,-0.0038999999999999035,0.005515432893255002,tap2,slow,firm,20260810_133647,False
220014,0.0195,0.0273,0.9126,220.014,500000,0.0078,0.0,0.0039000000000000146,0.008720665112249186,tap2,slow,firm,20260810_133647,False
222513,0.0156,0.0234,0.9087,222.513,500000,0.003899999999999999,-0.0039000000000000007,0.0,0.00551543289325507,tap2,slow,firm,20260810_133647,False
225011,0.0078,0.0273,0.9087,225.011,500000,-0.0039000000000000007,0.0,0.0,0.0039000000000000007,tap2,slow,firm,20260810_133647,False
227520,0.0195,0.0234,0.9126,227.52,500000,0.0078,-0.0039000000000000007,0.0039000000000000146,0.0095530099968544,tap2,slow,firm,20260810_133647,False
230023,0.0117,0.0312,0.9048,230.023,500000,0.0,0.0038999999999999972,-0.0038999999999999035,0.005515432893255,tap2,slow,firm,20260810_133647,False
232522,0.0156,0.0234,0.9126,232.522,500000,0.003899999999999999,-0.0039000000000000007,0.0039000000000000146,0.00675499814951863,tap2,slow,firm,20260810_133647,False
235001,0.0156,0.0234,0.9087,235.001,500000,0.003899999999999999,-0.0039000000000000007,0.0,0.00551543289325507,tap2,slow,firm,20260810_133647,False
237511,0.0117,0.0195,0.9087,237.511,500000,0.0,-0.007800000000000001,0.0,0.007800000000000001,tap2,slow,firm,20260810_133647,False
240018,0.0117,0.0195,0.9087,240.018,500000,0.0,-0.007800000000000001,0.0,0.007800000000000001,tap2,slow,firm,20260810_133647,False
242519,0.0195,0.0234,0.9048,242.519,500000,0.0078,-0.0039000000000000007,-0.0038999999999999035,0.009553009996854355,tap2,slow,firm,20260810_133647,False
245011,0.0195,0.0234,0.9048,245.011,500000,0.0078,-0.0039000000000000007,-0.0038999999999999035,0.009553009996854355,tap2,slow,firm,20260810_133647,False
247519,0.0195,0.0312,0.9126,247.519,500000,0.0078,0.0038999999999999972,0.0039000000000000146,0.0095530099968544,tap2,slow,firm,20260810_133647,False
250022,0.0117,0.0273,0.9087,250.022,500000,0.0,0.0,0.0,0.0,tap2,slow,firm,20260810_133647,False
252508,0.0117,0.0273,0.9009,252.508,500000,0.0,0.0,-0.007799999999999918,0.007799999999999918,tap2,slow,firm,20260810_133647,False
255026,0.0156,0.0273,0.9087,255.026,500000,0.003899999999999999,0.0,0.0,0.003899999999999999,tap2,slow,firm,20260810_133647,False
257503,0.0156,0.0312,0.9126,257.503,500000,0.003899999999999999,0.0038999999999999972,0.0039000000000000146,0.006754998149518627,tap2,slow,firm,20260810_133647,False
260016,0.0195,0.0234,0.9009,260.016,500000,0.0078,-0.0039000000000000007,-0.007799999999999918,0.011699999999999945,tap2,slow,firm,20260810_133647,False
262518,0.0156,0.0234,0.9204,262.518,500000,0.003899999999999999,-0.0039000000000000007,0.011700000000000044,0.012934836682386099,tap2,slow,firm,20260810_133647,False
265013,0.0156,0.0312,0.9165,265.013,500000,0.003899999999999999,0.0038999999999999972,0.007800000000000029,0.009553009996854416,tap2,slow,firm,20260810_133647,False
267516,0.0078,0.039,0.9048,267.516,500000,-0.0039000000000000007,0.011699999999999999,-0.0038999999999999035,0.01293483668238603,tap2,slow,firm,20260810_133647,False
270025,0.0156,0.0195,0.9243,270.025,500000,0.003899999999999999,-0.007800000000000001,0.015600000000000058,0.017872045210327828,tap2,slow,firm,20260810_133647,False
272522,0.0234,0.0312,0.9048,272.522,500000,0.0117,0.0038999999999999972,-0.0038999999999999035,0.01293483668238603,tap2,slow,firm,20260810_133647,False
275005,0.0156,0.0273,0.9126,275.005,500000,0.003899999999999999,0.0,0.0039000000000000146,0.00551543289325508,tap2,slow,firm,20260810_133647,False
277517,0.0078,0.0273,0.9048,277.517,500000,-0.0039000000000000007,0.0,-0.0038999999999999035,0.005515432893255003,tap2,slow,firm,20260810_133647,False
280019,0.0156,0.0273,0.9126,280.019,500000,0.003899999999999999,0.0,0.0039000000000000146,0.00551543289325508,tap2,slow,firm,20260810_133647,False
282515,0.0078,0.0351,0.9165,282.515,500000,-0.0039000000000000007,0.007799999999999998,0.007800000000000029,0.011700000000000018,tap2,slow,firm,20260810_133647,False
285017,0.0156,0.0234,0.9165,285.017,500000,0.003899999999999999,-0.0039000000000000007,0.007800000000000029,0.009553009996854418,tap2,slow,firm,20260810_133647,False
287506,0.0195,0.0273,0.9048,287.506,500000,0.0078,0.0,-0.0038999999999999035,0.008720665112249136,tap2,slow,firm,20260810_133647,False
290011,0.0156,0.0312,0.9048,290.011,500000,0.003899999999999999,0.0038999999999999972,-0.0038999999999999035,0.006754998149518563,tap2,slow,firm,20260810_133647,False
292513,0.0039,0.0234,0.9126,292.513,500000,-0.0078000000000000005,-0.0039000000000000007,0.0039000000000000146,0.0095530099968544,tap2,slow,firm,20260810_133647,False
295010,0.0156,0.0351,0.9165,295.01,500000,0.003899999999999999,0.007799999999999998,0.007800000000000029,0.011700000000000018,tap2,slow,firm,20260810_133647,False
297528,0.0234,0.0234,0.9087,297.528,500000,0.0117,-0.0039000000000000007,0.0,0.01233288287465668,tap2,slow,firm,20260810_133647,False
300009,0.0156,0.0156,0.9165,300.009,500000,0.003899999999999999,-0.011700000000000002,0.007800000000000029,0.014592463808418388,tap2,slow,firm,20260810_133647,False
302505,0.0195,0.0234,0.9048,302.505,500000,0.0078,-0.0039000000000000007,-0.0038999999999999035,0.009553009996854355,tap2,slow,firm,20260810_133647,False
305002,0.0117,0.0351,0.9087,305.002,500000,0.0,0.007799999999999998,0.0,0.007799999999999998,tap2,slow,firm,20260810_133647,False
307512,0.0117,0.0351,0.9087,307.512,500000,0.0,0.007799999999999998,0.0,0.007799999999999998,tap2,slow,firm,20260810_133647,False
310015,0.0117,0.039,0.9126,310.015,500000,0.0,0.011699999999999999,0.0039000000000000146,0.012332882874656684,tap2,slow,firm,20260810_133647,False
312515,0.0117,0.0234,0.9126,312.515,500000,0.0,-0.0039000000000000007,0.0039000000000000146,0.005515432893255082,tap2,slow,firm,20260810_133647,False
315001,0.0156,0.0351,0.9048,315.001,500000,0.003899999999999999,0.007799999999999998,-0.0038999999999999035,0.009553009996854354,tap2,slow,firm,20260810_133647,False
317527,0.0156,0.0234,0.9126,317.527,500000,0.003899999999999999,-0.0039000000000000007,0.0039000000000000146,0.00675499814951863,tap2,slow,firm,20260810_133647,False
320023,0.0078,0.0273,0.9087,320.023,500000,-0.0039000000000000007,0.0,0.0,0.0039000000000000007,tap2,slow,firm,20260810_133647,False
322517,0.0117,0.0273,0.9087,322.517,500000,0.0,0.0,0.0,0.0,tap2,slow,firm,20260810_133647,False
325005,0.0156,0.0273,0.9087,325.005,500000,0.003899999999999999,0.0,0.0,0.003899999999999999,tap2,slow,firm,20260810_133647,False
327515,0.0156,0.0273,0.9048,327.515,500000,0.003899999999999999,0.0,-0.0038999999999999035,0.005515432893255002,tap2,slow,firm,20260810_133647,False
330018,0.0156,0.0312,0.9165,330.018,500000,0.003899999999999999,0.0038999999999999972,0.007800000000000029,0.009553009996854416,tap2,slow,firm,20260810_133647,False
332520,0.0117,0.0273,0.9126,332.52,500000,0.0,0.0,0.0039000000000000146,0.0039000000000000146,tap2,slow,firm,20260810_133647,False
335004,0.0117,0.0312,0.9048,335.004,500000,0.0,0.0038999999999999972,-0.0038999999999999035,0.005515432893255,tap2,slow,firm,20260810_133647,False
337512,0.0117,0.0273,0.9048,337.512,500000,0.0,0.0,-0.0038999999999999035,0.0038999999999999035,tap2,slow,firm,20260810_133647,False
340020,0.0078,0.0351,0.9087,340.02,500000,-0.0039000000000000007,0.007799999999999998,0.0,0.00872066511224918,tap2,slow,firm,20260810_133647,False
342521,0.0156,0.0273,0.9087,342.521,500000,0.003899999999999999,0.0,0.0,0.003899999999999999,tap2,slow,firm,20260810_133647,False
345017,0.0156,0.0273,0.9087,345.017,500000,0.003899999999999999,0.0,0.0,0.003899999999999999,tap2,slow,firm,20260810_133647,False
347525,0.0117,0.0234,0.9126,347.525,500000,0.0,-0.0039000000000000007,0.0039000000000000146,0.005515432893255082,tap2,slow,firm,20260810_133647,False
350028,0.0156,0.0234,0.9165,350.028,500000,0.003899999999999999,-0.0039000000000000007,0.007800000000000029,0.009553009996854418,tap2,slow,firm,20260810_133647,False
352523,0.0039,0.0429,0.9087,352.523,500000,-0.0078000000000000005,0.0156,0.0,0.01744133022449836,tap2,slow,firm,20260810_133647,False
355018,0.0117,0.0273,0.897,355.018,500000,0.0,0.0,-0.011699999999999933,0.011699999999999933,tap2,slow,firm,20260810_133647,False
357522,0.0078,0.039,0.9087,357.522,500000,-0.0039000000000000007,0.011699999999999999,0.0,0.012332882874656679,tap2,slow,firm,20260810_133647,False
360014,0.0117,0.0351,0.9009,360.014,500000,0.0,0.007799999999999998,-0.007799999999999918,0.011030865786510082,tap2,slow,firm,20260810_133647,False
362517,0.0117,0.0351,0.9165,362.517,500000,0.0,0.007799999999999998,0.007800000000000029,0.01103086578651016,tap2,slow,firm,20260810_133647,False
365010,0.0078,0.0312,0.9204,365.01,500000,-0.0039000000000000007,0.0038999999999999972,0.011700000000000044,0.012934836682386099,tap2,slow,firm,20260810_133647,False
367518,0.0078,0.039,0.9087,367.518,500000,-0.0039000000000000007,0.011699999999999999,0.0,0.012332882874656679,tap2,slow,firm,20260810_133647,False
370026,0.0078,0.0351,0.9165,370.026,500000,-0.0039000000000000007,0.007799999999999998,0.007800000000000029,0.011700000000000018,tap2,slow,firm,20260810_133647,False
372523,0.0156,0.0273,0.9087,372.523,500000,0.003899999999999999,0.0,0.0,0.003899999999999999,tap2,slow,firm,20260810_133647,False
375004,0.0156,0.0312,0.9165,375.004,500000,0.003899999999999999,0.0038999999999999972,0.007800000000000029,0.009553009996854416,tap2,slow,firm,20260810_133647,False
377511,0.0156,0.0234,0.9087,377.511,500000,0.003899999999999999,-0.0039000000000000007,0.0,0.00551543289325507,tap2,slow,firm,20260810_133647,False
380019,0.0156,0.0351,0.9048,380.019,500000,0.003899999999999999,0.007799999999999998,-0.0038999999999999035,0.009553009996854354,tap2,slow,firm,20260810_133647,False
382505,0.0117,0.0312,0.9126,382.505,500000,0.0,0.0038999999999999972,0.0039000000000000146,0.005515432893255079,tap2,slow,firm,20260810_133647,False
385004,0.0117,0.0273,0.9126,385.004,500000,0.0,0.0,0.0039000000000000146,0.0039000000000000146,tap2,slow,firm,20260810_133647,False
387516,0.0078,0.0351,0.9009,387.516,500000,-0.0039000000000000007,0.007799999999999998,-0.007799999999999918,0.011699999999999945,tap2,slow,firm,20260810_133647,False
390018,0.0156,0.0312,0.9126,390.018,500000,0.003899999999999999,0.0038999999999999972,0.0039000000000000146,0.006754998149518627,tap2,slow,firm,20260810_133647,False
392521,0.0117,0.0351,0.9165,392.521,500000,0.0,0.007799999999999998,0.007800000000000029,0.01103086578651016,tap2,slow,firm,20260810_133647,False
395022,0.0234,0.0273,0.9087,395.022,500000,0.0117,0.0,0.0,0.0117,tap2,slow,firm,20260810_133647,False
397525,0.0156,0.0234,0.9087,397.525,500000,0.003899999999999999,-0.0039000000000000007,0.0,0.00551543289325507,tap2,slow,firm,20260810_133647,False
400027,0.0078,0.0195,0.9126,400.027,500000,-0.0039000000000000007,-0.007800000000000001,0.0039000000000000146,0.009553009996854402,tap2,slow,firm,20260810_133647,False
402528,0.0117,0.0273,0.9048,402.528,500000,0.0,0.0,-0.0038999999999999035,0.0038999999999999035,tap2,slow,firm,20260810_133647,False
405029,0.0117,0.0312,0.9087,405.029,500000,0.0,0.0038999999999999972,0.0,0.0038999999999999972,tap2,slow,firm,20260810_133647,False
407503,0.0156,0.0273,0.9126,407.503,500000,0.003899999999999999,0.0,0.0039000000000000146,0.00551543289325508,tap2,slow,firm,20260810_133647,False
410009,0.0195,0.0273,0.9048,410.009,500000,0.0078,0.0,-0.0038999999999999035,0.008720665112249136,tap2,slow,firm,20260810_133647,False
412510,0.0117,0.0312,0.9126,412.51,500000,0.0,0.0038999999999999972,0.0039000000000000146,0.005515432893255079,tap2,slow,firm,20260810_133647,False
415004,0.0156,0.0234,0.9165,415.004,500000,0.003899999999999999,-0.0039000000000000007,0.007800000000000029,0.009553009996854418,tap2,slow,firm,20260810_133647,False
417514,0.0117,0.0234,0.9126,417.514,500000,0.0,-0.0039000000000000007,0.0039000000000000146,0.005515432893255082,tap2,slow,firm,20260810_133647,False
420024,0.0078,0.039,0.9087,420.024,500000,-0.0039000000000000007,0.011699999999999999,0.0,0.012332882874656679,tap2,slow,firm,20260810_133647,False
422516,0.0156,0.0273,0.9087,422.516,500000,0.003899999999999999,0.0,0.0,0.003899999999999999,tap2,slow,firm,20260810_133647,False
425003,0.0156,0.0273,0.9126,425.003,500000,0.003899999999999999,0.0,0.0039000000000000146,0.00551543289325508,tap2,slow,firm,20260810_133647,False
427511,0.0156,0.0273,0.9009,427.511,500000,0.003899999999999999,0.0,-0.007799999999999918,0.008720665112249105,tap2,slow,firm,20260810_133647,False
430020,0.0156,0.0312,0.9009,430.02,500000,0.003899999999999999,0.0038999999999999972,-0.007799999999999918,0.009553009996854326,tap2,slow,firm,20260810_133647,False
432516,0.0195,0.0234,0.9048,432.516,500000,0.0078,-0.0039000000000000007,-0.0038999999999999035,0.009553009996854355,tap2,slow,firm,20260810_133647,False
435001,0.0117,0.0273,0.9048,435.001,500000,0.0,0.0,-0.0038999999999999035,0.0038999999999999035,tap2,slow,firm,20260810_133647,False
437510,0.0156,0.0312,0.9048,437.51,500000,0.003899999999999999,0.0038999999999999972,-0.0038999999999999035,0.006754998149518563,tap2,slow,firm,20260810_133647,False
440016,0.0195,0.0273,0.9165,440.016,500000,0.0078,0.0,0.007800000000000029,0.011030865786510162,tap2,slow,firm,20260810_133647,False
442520,0.0156,0.0273,0.9126,442.52,500000,0.003899999999999999,0.0,0.0039000000000000146,0.00551543289325508,tap2,slow,firm,20260810_133647,False
445018,0.0078,0.0312,0.9048,445.018,500000,-0.0039000000000000007,0.0038999999999999972,-0.0038999999999999035,0.006754998149518564,tap2,slow,firm,20260810_133647,False
447509,0.0117,0.0273,0.9087,447.509,500000,0.0,0.0,0.0,0.0,tap2,slow,firm,20260810_133647,False
450015,0.0117,0.0273,0.9087,450.015,500000,0.0,0.0,0.0,0.0,tap2,slow,firm,20260810_133647,False
452527,0.0234,0.0234,0.9087,452.527,500000,0.0117,-0.0039000000000000007,0.0,0.01233288287465668,tap2,slow,firm,20260810_133647,False
455024,0.0234,0.0234,0.9087,455.024,500000,0.0117,-0.0039000000000000007,0.0,0.01233288287465668,tap2,slow,firm,20260810_133647,False
457503,0.0078,0.0351,0.9126,457.503,500000,-0.0039000000000000007,0.007799999999999998,0.0039000000000000146,0.0095530099968544,tap2,slow,firm,20260810_133647,False
460016,0.0117,0.0312,0.9126,460.016,500000,0.0,0.0038999999999999972,0.0039000000000000146,0.005515432893255079,tap2,slow,firm,20260810_133647,False
462512,0.0117,0.0273,0.9087,462.512,500000,0.0,0.0,0.0,0.0,tap2,slow,firm,20260810_133647,False
465011,0.0117,0.0195,0.9009,465.011,500000,0.0,-0.007800000000000001,-0.007799999999999918,0.011030865786510084,tap2,slow,firm,20260810_133647,False
467519,0.0156,0.0195,0.9009,467.519,500000,0.003899999999999999,-0.007800000000000001,-0.007799999999999918,0.011699999999999945,tap2,slow,firm,20260810_133647,False
470001,0.0078,0.0351,0.9126,470.001,500000,-0.0039000000000000007,0.007799999999999998,0.0039000000000000146,0.0095530099968544,tap2,slow,firm,20260810_133647,False
472524,0.0039,0.0156,0.9087,472.524,500000,-0.0078000000000000005,-0.011700000000000002,0.0,0.01406164997430956,tap2,slow,firm,20260810_133647,False
475006,0.0078,0.0312,0.9048,475.006,500000,-0.0039000000000000007,0.0038999999999999972,-0.0038999999999999035,0.006754998149518564,tap2,slow,firm,20260810_133647,False
477517,0.0156,0.0234,0.897,477.517,500000,0.003899999999999999,-0.0039000000000000007,-0.011699999999999933,0.012934836682385998,tap2,slow,firm,20260810_133647,False
480023,0.0117,0.0312,0.9048,480.023,500000,0.0,0.0038999999999999972,-0.0038999999999999035,0.005515432893255,tap2,slow,firm,20260810_133647,False
482520,0.0156,0.0312,0.9087,482.52,500000,0.003899999999999999,0.0038999999999999972,0.0,0.005515432893255068,tap2,slow,firm,20260810_133647,False
485015,0.0117,0.0312,0.9087,485.015,500000,0.0,0.0038999999999999972,0.0,0.0038999999999999972,tap2,slow,firm,20260810_133647,False
487527,0.0195,0.0312,0.9204,487.527,500000,0.0078,0.0038999999999999972,0.011700000000000044,0.014592463808418405,tap2,slow,firm,20260810_133647,False
490010,0.0156,0.0234,0.9165,490.01,500000,0.003899999999999999,-0.0039000000000000007,0.007800000000000029,0.009553009996854418,tap2,slow,firm,20260810_133647,False
492507,0.0078,0.0234,0.9087,492.507,500000,-0.0039000000000000007,-0.0039000000000000007,0.0,0.005515432893255071,tap2,slow,firm,20260810_133647,False
495016,0.0117,0.0273,0.9087,495.016,500000,0.0,0.0,0.0,0.0,tap2,slow,firm,20260810_133647,False
497520,0.0234,0.0195,0.9087,497.52,500000,0.0117,-0.007800000000000001,0.0,0.014061649974309559,tap2,slow,firm,20260810_133647,False
500023,0.0117,0.0273,0.9048,500.023,500000,0.0,0.0,-0.0038999999999999035,0.0038999999999999035,tap2,slow,firm,20260810_133647,False
511221,0.0117,0.0273,0.9048,511.221,500000,0.0,0.0,-0.0038999999999999035,0.0038999999999999035,tap2,slow,firm,20260810_133647,False
511634,0.0117,0.0273,0.9087,511.634,500000,0.0,0.0,0.0,0.0,tap2,slow,firm,20260810_133647,False
512035,0.0117,0.0273,0.9087,512.035,500000,0.0,0.0,0.0,0.0,tap2,slow,firm,20260810_133647,False
512431,0.0117,0.0273,0.9087,512.431,500000,0.0,0.0,0.0,0.0,tap2,slow,firm,20260810_133647,False
512946,0.0117,0.0273,0.9087,512.946,500000,0.0,0.0,0.0,0.0,tap2,slow,firm,20260810_133647,False
515017,0.0078,0.0312,0.9009,515.017,500000,-0.0039000000000000007,0.0038999999999999972,-0.007799999999999918,0.009553009996854326,tap2,slow,firm,20260810_133647,False
517521,0.0195,0.0273,0.9165,517.521,500000,0.0078,0.0,0.007800000000000029,0.011030865786510162,tap2,slow,firm,20260810_133647,False
520001,0.0117,0.0273,0.9165,520.001,500000,0.0,0.0,0.007800000000000029,0.007800000000000029,tap2,slow,firm,20260810_133647,False
522502,0.0156,0.0273,0.9048,522.502,500000,0.003899999999999999,0.0,-0.0038999999999999035,0.005515432893255002,tap2,slow,firm,20260810_133647,False
525013,0.0156,0.0273,0.9048,525.013,500000,0.003899999999999999,0.0,-0.0038999999999999035,0.005515432893255002,tap2,slow,firm,20260810_133647,False
527521,0.0117,0.0234,0.9126,527.521,500000,0.0,-0.0039000000000000007,0.0039000000000000146,0.005515432893255082,tap2,slow,firm,20260810_133647,False
530025,0.0156,0.0312,0.9087,530.025,500000,0.003899999999999999,0.0038999999999999972,0.0,0.005515432893255068,tap2,slow,firm,20260810_133647,False
532522,0.0117,0.0312,0.9126,532.522,500000,0.0,0.0038999999999999972,0.0039000000000000146,0.005515432893255079,tap2,slow,firm,20260810_133647,False
535008,0.0156,0.0195,0.9165,535.008,500000,0.003899999999999999,-0.007800000000000001,0.007800000000000029,0.01170000000000002,tap2,slow,firm,20260810_133647,False
537515,0.0195,0.0234,0.9087,537.515,500000,0.0078,-0.0039000000000000007,0.0,0.00872066511224918,tap2,slow,firm,20260810_133647,False
540023,0.0078,0.0273,0.9048,540.023,500000,-0.0039000000000000007,0.0,-0.0038999999999999035,0.005515432893255003,tap2,slow,firm,20260810_133647,False
542518,0.0156,0.0273,0.9048,542.518,500000,0.003899999999999999,0.0,-0.0038999999999999035,0.005515432893255002,tap2,slow,firm,20260810_133647,False
545011,0.0117,0.0312,0.9048,545.011,500000,0.0,0.0038999999999999972,-0.0038999999999999035,0.005515432893255,tap2,slow,firm,20260810_133647,False
547520,0.0156,0.0273,0.9087,547.52,500000,0.003899999999999999,0.0,0.0,0.003899999999999999,tap2,slow,firm,20260810_133647,False
550024,0.0156,0.0312,0.9126,550.024,500000,0.003899999999999999,0.0038999999999999972,0.0039000000000000146,0.006754998149518627,tap2,slow,firm,20260810_133647,False
552503,0.0117,0.0273,0.9087,552.503,500000,0.0,0.0,0.0,0.0,tap2,slow,firm,20260810_133647,False
555025,0.0156,0.0273,0.9087,555.025,500000,0.003899999999999999,0.0,0.0,0.003899999999999999,tap2,slow,firm,20260810_133647,False
557505,0.0156,0.0273,0.9087,557.505,500000,0.003899999999999999,0.0,0.0,0.003899999999999999,tap2,slow,firm,20260810_133647,False
560020,0.0195,0.0195,0.9165,560.02,500000,0.0078,-0.007800000000000001,0.007800000000000029,0.01350999629903726,tap2,slow,firm,20260810_133647,False
562521,0.0156,0.0234,0.9126,562.521,500000,0.003899999999999999,-0.0039000000000000007,0.0039000000000000146,0.00675499814951863,tap2,slow,firm,20260810_133647,False
565018,0.0156,0.0156,0.9165,565.018,500000,0.003899999999999999,-0.011700000000000002,0.007800000000000029,0.014592463808418388,tap2,slow,firm,20260810_133647,False
567526,0.0078,0.0234,0.9126,567.526,500000,-0.0039000000000000007,-0.0039000000000000007,0.0039000000000000146,0.006754998149518631,tap2,slow,firm,20260810_133647,False
570014,0.0156,0.0312,0.9087,570.014,500000,0.003899999999999999,0.0038999999999999972,0.0,0.005515432893255068,tap2,slow,firm,20260810_133647,False
572511,0.0117,0.0351,0.9126,572.511,500000,0.0,0.007799999999999998,0.0039000000000000146,0.008720665112249185,tap2,slow,firm,20260810_133647,False
575008,0.0156,0.039,0.9087,575.008,500000,0.003899999999999999,0.011699999999999999,0.0,0.012332882874656677,tap2,slow,firm,20260810_133647,False
577515,0.0195,0.0351,0.9165,577.515,500000,0.0078,0.007799999999999998,0.007800000000000029,0.013509996299037258,tap2,slow,firm,20260810_133647,False
580002,0.0195,0.0234,0.9087,580.002,500000,0.0078,-0.0039000000000000007,0.0,0.00872066511224918,tap2,slow,firm,20260810_133647,False
582507,0.0156,0.0234,0.9087,582.507,500000,0.003899999999999999,-0.0039000000000000007,0.0,0.00551543289325507,tap2,slow,firm,20260810_133647,False
585000,0.0078,0.0351,0.9087,585.0,500000,-0.0039000000000000007,0.007799999999999998,0.0,0.00872066511224918,tap2,slow,firm,20260810_133647,False
587513,0.0156,0.0273,0.9204,587.513,500000,0.003899999999999999,0.0,0.011700000000000044,0.01233288287465672,tap2,slow,firm,20260810_133647,False
590015,0.0117,0.0312,0.9048,590.015,500000,0.0,0.0038999999999999972,-0.0038999999999999035,0.005515432893255,tap2,slow,firm,20260810_133647,False
592517,0.0156,0.0273,0.9048,592.517,500000,0.003899999999999999,0.0,-0.0038999999999999035,0.005515432893255002,tap2,slow,firm,20260810_133647,False
595013,0.0117,0.0273,0.9126,595.013,500000,0.0,0.0,0.0039000000000000146,0.0039000000000000146,tap2,slow,firm,20260810_133647,False
597523,0.0117,0.0312,0.9087,597.523,500000,0.0,0.0038999999999999972,0.0,0.0038999999999999972,tap2,slow,firm,20260810_133647,False
600001,0.0078,0.0312,0.9009,600.001,500000,-0.0039000000000000007,0.0038999999999999972,-0.007799999999999918,0.009553009996854326,tap2,slow,firm,20260810_133647,False
602504,0.0117,0.0195,0.9126,602.504,500000,0.0,-0.007800000000000001,0.0039000000000000146,0.008720665112249188,tap2,slow,firm,20260810_133647,False
605006,0.0078,0.0273,0.9165,605.006,500000,-0.0039000000000000007,0.0,0.007800000000000029,0.008720665112249207,tap2,slow,firm,20260810_133647,False
607914,0.0156,0.0273,0.9126,607.914,500000,0.003899999999999999,0.0,0.0039000000000000146,0.00551543289325508,tap2,slow,firm,20260810_133647,False
610005,0.0234,0.0195,0.9165,610.005,500000,0.0117,-0.007800000000000001,0.007800000000000029,0.01608011193990889,tap2,slow,firm,20260810_133647,False
612505,0.0156,0.0234,0.9087,612.505,500000,0.003899999999999999,-0.0039000000000000007,0.0,0.00551543289325507,tap2,slow,firm,20260810_133647,False
615002,0.0117,0.0273,0.9126,615.002,500000,0.0,0.0,0.0039000000000000146,0.0039000000000000146,tap2,slow,firm,20260810_133647,False
617514,0.0195,0.0273,0.9048,617.514,500000,0.0078,0.0,-0.0038999999999999035,0.008720665112249136,tap2,slow,firm,20260810_133647,False
620020,0.0117,0.0312,0.9126,620.02,500000,0.0,0.0038999999999999972,0.0039000000000000146,0.005515432893255079,tap2,slow,firm,20260810_133647,False
622512,0.0195,0.0234,0.9048,622.512,500000,0.0078,-0.0039000000000000007,-0.0038999999999999035,0.009553009996854355,tap2,slow,firm,20260810_133647,False
625009,0.0195,0.0195,0.9009,625.009,500000,0.0078,-0.007800000000000001,-0.007799999999999918,0.013509996299037196,tap2,slow,firm,20260810_133647,False
627513,0.0156,0.0273,0.9126,627.513,500000,0.003899999999999999,0.0,0.0039000000000000146,0.00551543289325508,tap2,slow,firm,20260810_133647,False
630023,0.0117,0.0273,0.9087,630.023,500000,0.0,0.0,0.0,0.0,tap2,slow,firm,20260810_133647,False
632520,0.0117,0.0273,0.9165,632.52,500000,0.0,0.0,0.007800000000000029,0.007800000000000029,tap2,slow,firm,20260810_133647,False
635013,0.0117,0.0273,0.9126,635.013,500000,0.0,0.0,0.0039000000000000146,0.0039000000000000146,tap2,slow,firm,20260810_133647,False
637522,0.0117,0.0273,0.9204,637.522,500000,0.0,0.0,0.011700000000000044,0.011700000000000044,tap2,slow,firm,20260810_133647,False
640001,0.0195,0.0195,0.9048,640.001,500000,0.0078,-0.007800000000000001,-0.0038999999999999035,0.011699999999999969,tap2,slow,firm,20260810_133647,False
642528,0.0117,0.0195,0.9165,642.528,500000,0.0,-0.007800000000000001,0.007800000000000029,0.011030865786510163,tap2,slow,firm,20260810_133647,False
645013,0.0156,0.0273,0.9087,645.013,500000,0.003899999999999999,0.0,0.0,0.003899999999999999,tap2,slow,firm,20260810_133647,False
647520,0.0156,0.0273,0.9048,647.52,500000,0.003899999999999999,0.0,-0.0038999999999999035,0.005515432893255002,tap2,slow,firm,20260810_133647,False
650024,0.0156,0.0234,0.9048,650.024,500000,0.003899999999999999,-0.0039000000000000007,-0.0038999999999999035,0.006754998149518566,tap2,slow,firm,20260810_133647,False
652504,0.0117,0.0312,0.9087,652.504,500000,0.0,0.0038999999999999972,0.0,0.0038999999999999972,tap2,slow,firm,20260810_133647,False
655024,0.0156,0.0273,0.9126,655.024,500000,0.003899999999999999,0.0,0.0039000000000000146,0.00551543289325508,tap2,slow,firm,20260810_133647,False
657529,0.0078,0.0312,0.9165,657.529,500000,-0.0039000000000000007,0.0038999999999999972,0.007800000000000029,0.009553009996854418,tap2,slow,firm,20260810_133647,False
660014,0.0078,0.0312,0.9165,660.014,500000,-0.0039000000000000007,0.0038999999999999972,0.007800000000000029,0.009553009996854418,tap2,slow,firm,20260810_133647,False
662510,0.0117,0.0195,0.9048,662.51,500000,0.0,-0.007800000000000001,-0.0038999999999999035,0.008720665112249138,tap2,slow,firm,20260810_133647,False
665013,0.0117,0.0195,0.9048,665.013,500000,0.0,-0.007800000000000001,-0.0038999999999999035,0.008720665112249138,tap2,slow,firm,20260810_133647,False
667522,0.0156,0.0312,0.9087,667.522,500000,0.003899999999999999,0.0038999999999999972,0.0,0.005515432893255068,tap2,slow,firm,20260810_133647,False
670002,0.0195,0.0312,0.9048,670.002,500000,0.0078,0.0038999999999999972,-0.0038999999999999035,0.009553009996854354,tap2,slow,firm,20260810_133647,False
672529,0.0156,0.0273,0.9126,672.529,500000,0.003899999999999999,0.0,0.0039000000000000146,0.00551543289325508,tap2,slow,firm,20260810_133647,False
675000,0.0156,0.0351,0.9126,675.0,500000,0.003899999999999999,0.007799999999999998,0.0039000000000000146,0.009553009996854399,tap2,slow,firm,20260810_133647,False
677504,0.0195,0.0312,0.9126,677.504,500000,0.0078,0.0038999999999999972,0.0039000000000000146,0.0095530099968544,tap2,slow,firm,20260810_133647,False
680015,0.0156,0.0234,0.9165,680.015,500000,0.003899999999999999,-0.0039000000000000007,0.007800000000000029,0.009553009996854418,tap2,slow,firm,20260810_133647,False
682511,0.0156,0.0312,0.9087,682.511,500000,0.003899999999999999,0.0038999999999999972,0.0,0.005515432893255068,tap2,slow,firm,20260810_133647,False
685021,0.0117,0.0273,0.9126,685.021,500000,0.0,0.0,0.0039000000000000146,0.0039000000000000146,tap2,slow,firm,20260810_133647,False
687507,0.0117,0.039,0.9204,687.507,500000,0.0,0.011699999999999999,0.011700000000000044,0.01654629867976524,tap2,slow,firm,20260810_133647,False
690012,0.0078,0.039,0.9009,690.012,500000,-0.0039000000000000007,0.011699999999999999,-0.007799999999999918,0.014592463808418327,tap2,slow,firm,20260810_133647,False
692509,0.0195,0.0234,0.9009,692.509,500000,0.0078,-0.0039000000000000007,-0.007799999999999918,0.011699999999999945,tap2,slow,firm,20260810_133647,False
695013,0.0195,0.0234,0.9087,695.013,500000,0.0078,-0.0039000000000000007,0.0,0.00872066511224918,tap2,slow,firm,20260810_133647,False
697521,0.0117,0.0312,0.9048,697.521,500000,0.0,0.0038999999999999972,-0.0038999999999999035,0.005515432893255,tap2,slow,firm,20260810_133647,False
700024,0.0117,0.0234,0.9048,700.024,500000,0.0,-0.0039000000000000007,-0.0038999999999999035,0.005515432893255003,tap2,slow,firm,20260810_133647,False
702521,0.0156,0.0234,0.9009,702.521,500000,0.003899999999999999,-0.0039000000000000007,-0.007799999999999918,0.009553009996854328,tap2,slow,firm,20260810_133647,False
705011,0.0156,0.0156,0.9048,705.011,500000,0.003899999999999999,-0.011700000000000002,-0.0038999999999999035,0.012934836682386031,tap2,slow,firm,20260810_133647,False
707517,0.0078,0.0273,0.9126,707.517,500000,-0.0039000000000000007,0.0,0.0039000000000000146,0.005515432893255082,tap2,slow,firm,20260810_133647,False
710017,0.0078,0.0312,0.9087,710.017,500000,-0.0039000000000000007,0.0038999999999999972,0.0,0.0055154328932550695,tap2,slow,firm,20260810_133647,False
712523,0.0234,0.0273,0.9165,712.523,500000,0.0117,0.0,0.007800000000000029,0.014061649974309575,tap2,slow,firm,20260810_133647,False
715003,0.0156,0.0273,0.9087,715.003,500000,0.003899999999999999,0.0,0.0,0.003899999999999999,tap2,slow,firm,20260810_133647,False
717515,0.0078,0.0312,0.9087,717.515,500000,-0.0039000000000000007,0.0038999999999999972,0.0,0.0055154328932550695,tap2,slow,firm,20260810_133647,False
720025,0.0195,0.0273,0.9009,720.025,500000,0.0078,0.0,-0.007799999999999918,0.011030865786510084,tap2,slow,firm,20260810_133647,False
722522,0.0156,0.0312,0.9048,722.522,500000,0.003899999999999999,0.0038999999999999972,-0.0038999999999999035,0.006754998149518563,tap2,slow,firm,20260810_133647,False
725004,0.0117,0.0312,0.9165,725.004,500000,0.0,0.0038999999999999972,0.007800000000000029,0.008720665112249205,tap2,slow,firm,20260810_133647,False
727513,0.0078,0.0312,0.9087,727.513,500000,-0.0039000000000000007,0.0038999999999999972,0.0,0.0055154328932550695,tap2,slow,firm,20260810_133647,False
730022,0.0156,0.0351,0.9087,730.022,500000,0.003899999999999999,0.007799999999999998,0.0,0.008720665112249178,tap2,slow,firm,20260810_133647,False
732518,0.0156,0.0312,0.9087,732.518,500000,0.003899999999999999,0.0038999999999999972,0.0,0.005515432893255068,tap2,slow,firm,20260810_133647,False
735005,0.0195,0.0351,0.9165,735.005,500000,0.0078,0.007799999999999998,0.007800000000000029,0.013509996299037258,tap2,slow,firm,20260810_133647,False
737516,0.0117,0.039,0.9126,737.516,500000,0.0,0.011699999999999999,0.0039000000000000146,0.012332882874656684,tap2,slow,firm,20260810_133647,False
740024,0.0156,0.0273,0.9048,740.024,500000,0.003899999999999999,0.0,-0.0038999999999999035,0.005515432893255002,tap2,slow,firm,20260810_133647,False
742521,0.0117,0.0273,0.9126,742.521,500000,0.0,0.0,0.0039000000000000146,0.0039000000000000146,tap2,slow,firm,20260810_133647,False
745016,0.0195,0.0273,0.9126,745.016,500000,0.0078,0.0,0.0039000000000000146,0.008720665112249186,tap2,slow,firm,20260810_133647,False
747519,0.0117,0.0234,0.9087,747.519,500000,0.0,-0.0039000000000000007,0.0,0.0039000000000000007,tap2,slow,firm,20260810_133647,False
750021,0.0156,0.0234,0.9048,750.021,500000,0.003899999999999999,-0.0039000000000000007,-0.0038999999999999035,0.006754998149518566,tap2,slow,firm,20260810_133647,False
752513,0.0156,0.0273,0.9087,752.513,500000,0.003899999999999999,0.0,0.0,0.003899999999999999,tap2,slow,firm,20260810_133647,False
755008,0.0117,0.0312,0.9126,755.008,500000,0.0,0.0038999999999999972,0.0039000000000000146,0.005515432893255079,tap2,slow,firm,20260810_133647,False
757514,0.0117,0.0312,0.9126,757.514,500000,0.0,0.0038999999999999972,0.0039000000000000146,0.005515432893255079,tap2,slow,firm,20260810_133647,False
760024,0.0117,0.0351,0.9126,760.024,500000,0.0,0.007799999999999998,0.0039000000000000146,0.008720665112249185,tap2,slow,firm,20260810_133647,False
762523,0.0195,0.0234,0.9048,762.523,500000,0.0078,-0.0039000000000000007,-0.0038999999999999035,0.009553009996854355,tap2,slow,firm,20260810_133647,False
765013,0.0156,0.0273,0.9126,765.013,500000,0.003899999999999999,0.0,0.0039000000000000146,0.00551543289325508,tap2,slow,firm,20260810_133647,False
767522,0.0156,0.0273,0.9126,767.522,500000,0.003899999999999999,0.0,0.0039000000000000146,0.00551543289325508,tap2,slow,firm,20260810_133647,False
770002,0.0117,0.0312,0.9126,770.002,500000,0.0,0.0038999999999999972,0.0039000000000000146,0.005515432893255079,tap2,slow,firm,20260810_133647,False
772528,0.0156,0.0312,0.9126,772.528,500000,0.003899999999999999,0.0038999999999999972,0.0039000000000000146,0.006754998149518627,tap2,slow,firm,20260810_133647,False
775028,0.0195,0.0273,0.9087,775.028,500000,0.0078,0.0,0.0,0.0078,tap2,slow,firm,20260810_133647,False
777522,0.0156,0.0312,0.9126,777.522,500000,0.003899999999999999,0.0038999999999999972,0.0039000000000000146,0.006754998149518627,tap2,slow,firm,20260810_133647,False
780027,0.0195,0.0312,0.9087,780.027,500000,0.0078,0.0038999999999999972,0.0,0.00872066511224918,tap2,slow,firm,20260810_133647,False
782528,0.0078,0.0312,0.8931,782.528,500000,-0.0039000000000000007,0.0038999999999999972,-0.015599999999999947,0.016546298679765162,tap2,slow,firm,20260810_133647,False
785012,0.0156,0.0234,0.9087,785.012,500000,0.003899999999999999,-0.0039000000000000007,0.0,0.00551543289325507,tap2,slow,firm,20260810_133647,False
787500,0.0195,0.0273,0.9126,787.5,500000,0.0078,0.0,0.0039000000000000146,0.008720665112249186,tap2,slow,firm,20260810_133647,False
790005,0.0156,0.0273,0.9126,790.005,500000,0.003899999999999999,0.0,0.0039000000000000146,0.00551543289325508,tap2,slow,firm,20260810_133647,False
792505,0.0117,0.0312,0.9048,792.505,500000,0.0,0.0038999999999999972,-0.0038999999999999035,0.005515432893255,tap2,slow,firm,20260810_133647,False
795012,0.0195,0.0312,0.9009,795.012,500000,0.0078,0.0038999999999999972,-0.007799999999999918,0.011699999999999945,tap2,slow,firm,20260810_133647,False
797520,0.0156,0.0273,0.9048,797.52,500000,0.003899999999999999,0.0,-0.0038999999999999035,0.005515432893255002,tap2,slow,firm,20260810_133647,False
800023,0.0156,0.0312,0.9165,800.023,500000,0.003899999999999999,0.0038999999999999972,0.007800000000000029,0.009553009996854416,tap2,slow,firm,20260810_133647,False
802526,0.0195,0.0273,0.9087,802.526,500000,0.0078,0.0,0.0,0.0078,tap2,slow,firm,20260810_133647,False
805016,0.0273,0.0312,0.9165,805.016,500000,0.015600000000000001,0.0038999999999999972,0.007800000000000029,0.01787204521032779,tap2,slow,firm,20260810_133647,False
807519,0.0078,0.0312,0.9087,807.519,500000,-0.0039000000000000007,0.0038999999999999972,0.0,0.0055154328932550695,tap2,slow,firm,20260810_133647,False
810026,0.0195,0.0156,0.9048,810.026,500000,0.0078,-0.011700000000000002,-0.0038999999999999035,0.014592463808418348,tap2,slow,firm,20260810_133647,False
812773,0.0156,0.0273,0.9087,812.773,500000,0.003899999999999999,0.0,0.0,0.003899999999999999,tap2,slow,firm,20260810_133647,False
815004,0.0117,0.0195,0.9087,815.004,500000,0.0,-0.007800000000000001,0.0,0.007800000000000001,tap2,slow,firm,20260810_133647,False
817515,0.0117,0.0273,0.9126,817.515,500000,0.0,0.0,0.0039000000000000146,0.0039000000000000146,tap2,slow,firm,20260810_133647,False
820026,0.0117,0.0351,0.9087,820.026,500000,0.0,0.007799999999999998,0.0,0.007799999999999998,tap2,slow,firm,20260810_133647,False
822520,0.0117,0.0351,0.9126,822.52,500000,0.0,0.007799999999999998,0.0039000000000000146,0.008720665112249185,tap2,slow,firm,20260810_133647,False
825001,0.0117,0.0234,0.9087,825.001,500000,0.0,-0.0039000000000000007,0.0,0.0039000000000000007,tap2,slow,firm,20260810_133647,False
827504,0.0156,0.0312,0.9126,827.504,500000,0.003899999999999999,0.0038999999999999972,0.0039000000000000146,0.006754998149518627,tap2,slow,firm,20260810_133647,False
830008,0.0195,0.0312,0.9126,830.008,500000,0.0078,0.0038999999999999972,0.0039000000000000146,0.0095530099968544,tap2,slow,firm,20260810_133647,False
832511,0.0039,0.0351,0.9165,832.511,500000,-0.0078000000000000005,0.007799999999999998,0.007800000000000029,0.013509996299037258,tap2,slow,firm,20260810_133647,False
835008,0.0156,0.0273,0.9048,835.008,500000,0.003899999999999999,0.0,-0.0038999999999999035,0.005515432893255002,tap2,slow,firm,20260810_133647,False
837513,0.0195,0.0234,0.9126,837.513,500000,0.0078,-0.0039000000000000007,0.0039000000000000146,0.0095530099968544,tap2,slow,firm,20260810_133647,False
840019,0.0195,0.0156,0.9048,840.019,500000,0.0078,-0.011700000000000002,-0.0038999999999999035,0.014592463808418348,tap2,slow,firm,20260810_133647,False
842503,0.0156,0.0234,0.9048,842.503,500000,0.003899999999999999,-0.0039000000000000007,-0.0038999999999999035,0.006754998149518566,tap2,slow,firm,20260810_133647,False
845018,0.0117,0.0273,0.9126,845.018,500000,0.0,0.0,0.0039000000000000146,0.0039000000000000146,tap2,slow,firm,20260810_133647,False
847526,0.0117,0.0273,0.9204,847.526,500000,0.0,0.0,0.011700000000000044,0.011700000000000044,tap2,slow,firm,20260810_133647,False
850012,0.0156,0.0312,0.9048,850.012,500000,0.003899999999999999,0.0038999999999999972,-0.0038999999999999035,0.006754998149518563,tap2,slow,firm,20260810_133647,False
852511,0.0195,0.0234,0.9126,852.511,500000,0.0078,-0.0039000000000000007,0.0039000000000000146,0.0095530099968544,tap2,slow,firm,20260810_133647,False
855027,0.0078,0.0273,0.9048,855.027,500000,-0.0039000000000000007,0.0,-0.0038999999999999035,0.005515432893255003,tap2,slow,firm,20260810_133647,False
857529,0.0156,0.0312,0.9048,857.529,500000,0.003899999999999999,0.0038999999999999972,-0.0038999999999999035,0.006754998149518563,tap2,slow,firm,20260810_133647,False
860022,0.0156,0.0312,0.9126,860.022,500000,0.003899999999999999,0.0038999999999999972,0.0039000000000000146,0.006754998149518627,tap2,slow,firm,20260810_133647,False
862519,0.0117,0.0312,0.9087,862.519,500000,0.0,0.0038999999999999972,0.0,0.0038999999999999972,tap2,slow,firm,20260810_133647,False
865016,0.0195,0.0273,0.9009,865.016,500000,0.0078,0.0,-0.007799999999999918,0.011030865786510084,tap2,slow,firm,20260810_133647,False
867522,0.0117,0.0312,0.9087,867.522,500000,0.0,0.0038999999999999972,0.0,0.0038999999999999972,tap2,slow,firm,20260810_133647,False
870029,0.0156,0.0234,0.9165,870.029,500000,0.003899999999999999,-0.0039000000000000007,0.007800000000000029,0.009553009996854418,tap2,slow,firm,20260810_133647,False
872502,0.0117,0.0312,0.9087,872.502,500000,0.0,0.0038999999999999972,0.0,0.0038999999999999972,tap2,slow,firm,20260810_133647,False
875018,0.0117,0.0312,0.9087,875.018,500000,0.0,0.0038999999999999972,0.0,0.0038999999999999972,tap2,slow,firm,20260810_133647,False
877520,0.0078,0.0312,0.9087,877.52,500000,-0.0039000000000000007,0.0038999999999999972,0.0,0.0055154328932550695,tap2,slow,firm,20260810_133647,False
880021,0.0078,0.039,0.9048,880.021,500000,-0.0039000000000000007,0.011699999999999999,-0.0038999999999999035,0.01293483668238603,tap2,slow,firm,20260810_133647,False
882517,0.0078,0.0312,0.9087,882.517,500000,-0.0039000000000000007,0.0038999999999999972,0.0,0.0055154328932550695,tap2,slow,firm,20260810_133647,False
885015,0.0117,0.0312,0.9087,885.015,500000,0.0,0.0038999999999999972,0.0,0.0038999999999999972,tap2,slow,firm,20260810_133647,False
887529,0.0156,0.0312,0.9204,887.529,500000,0.003899999999999999,0.0038999999999999972,0.011700000000000044,0.012934836682386097,tap2,slow,firm,20260810_133647,False
890014,0.0234,0.0351,0.9087,890.014,500000,0.0117,0.007799999999999998,0.0,0.014061649974309557,tap2,slow,firm,20260810_133647,False
892510,0.0195,0.0351,0.9165,892.51,500000,0.0078,0.007799999999999998,0.007800000000000029,0.013509996299037258,tap2,slow,firm,20260810_133647,False
895016,0.0156,0.039,0.9126,895.016,500000,0.003899999999999999,0.011699999999999999,0.0039000000000000146,0.012934836682386062,tap2,slow,firm,20260810_133647,False
897525,0.0234,0.0312,0.9009,897.525,500000,0.0117,0.0038999999999999972,-0.007799999999999918,0.014592463808418327,tap2,slow,firm,20260810_133647,False
900003,0.0078,0.0273,0.9165,900.003,500000,-0.0039000000000000007,0.0,0.007800000000000029,0.008720665112249207,tap2,slow,firm,20260810_133647,False
902500,0.0195,0.0234,0.9087,902.5,500000,0.0078,-0.0039000000000000007,0.0,0.00872066511224918,tap2,slow,firm,20260810_133647,False
905009,-0.0429,-0.0039,0.8892,905.009,500000,-0.0546,-0.031200000000000002,-0.019499999999999962,0.06583957776292311,tap2,slow,firm,20260810_133647,False
907519,0.0195,0.0312,0.9126,907.519,500000,0.0078,0.0038999999999999972,0.0039000000000000146,0.0095530099968544,tap2,slow,firm,20260810_133647,False
910001,0.0117,0.0351,0.9048,910.001,500000,0.0,0.007799999999999998,-0.0038999999999999035,0.008720665112249134,tap2,slow,firm,20260810_133647,False
912505,0.0195,0.0273,0.9165,912.505,500000,0.0078,0.0,0.007800000000000029,0.011030865786510162,tap2,slow,firm,20260810_133647,False
915003,0.0078,0.0273,0.897,915.003,500000,-0.0039000000000000007,0.0,-0.011699999999999933,0.012332882874656616,tap2,slow,firm,20260810_133647,False
917511,0.0234,0.0312,0.9126,917.511,500000,0.0117,0.0038999999999999972,0.0039000000000000146,0.012934836682386064,tap2,slow,firm,20260810_133647,False
920022,0.0156,0.0195,0.9165,920.022,500000,0.003899999999999999,-0.007800000000000001,0.007800000000000029,0.01170000000000002,tap2,slow,firm,20260810_133647,False
922519,0.0195,0.0234,0.9048,922.519,500000,0.0078,-0.0039000000000000007,-0.0038999999999999035,0.009553009996854355,tap2,slow,firm,20260810_133647,False
925006,0.0195,0.0273,0.9126,925.006,500000,0.0078,0.0,0.0039000000000000146,0.008720665112249186,tap2,slow,firm,20260810_133647,False
927516,0.0156,0.0312,0.9048,927.516,500000,0.003899999999999999,0.0038999999999999972,-0.0038999999999999035,0.006754998149518563,tap2,slow,firm,20260810_133647,False
930018,0.0156,0.0312,0.897,930.018,500000,0.003899999999999999,0.0038999999999999972,-0.011699999999999933,0.012934836682385997,tap2,slow,firm,20260810_133647,False
932516,0.0195,0.0312,0.9165,932.516,500000,0.0078,0.0038999999999999972,0.007800000000000029,0.011700000000000018,tap2,slow,firm,20260810_133647,False
935004,0.0156,0.0312,0.9048,935.004,500000,0.003899999999999999,0.0038999999999999972,-0.0038999999999999035,0.006754998149518563,tap2,slow,firm,20260810_133647,False
937511,0.0195,0.0234,0.897,937.511,500000,0.0078,-0.0039000000000000007,-0.011699999999999933,0.014592463808418318,tap2,slow,firm,20260810_133647,False
940020,0.0156,0.0273,0.9048,940.02,500000,0.003899999999999999,0.0,-0.0038999999999999035,0.005515432893255002,tap2,slow,firm,20260810_133647,False
942515,0.0117,0.0234,0.9126,942.515,500000,0.0,-0.0039000000000000007,0.0039000000000000146,0.005515432893255082,tap2,slow,firm,20260810_133647,False
945004,0.0156,0.0234,0.9126,945.004,500000,0.003899999999999999,-0.0039000000000000007,0.0039000000000000146,0.00675499814951863,tap2,slow,firm,20260810_133647,False
947513,0.0117,0.0273,0.9126,947.513,500000,0.0,0.0,0.0039000000000000146,0.0039000000000000146,tap2,slow,firm,20260810_133647,False
950024,0.0117,0.0312,0.9087,950.024,500000,0.0,0.0038999999999999972,0.0,0.0038999999999999972,tap2,slow,firm,20260810_133647,False
952509,0.0078,0.039,0.9048,952.509,500000,-0.0039000000000000007,0.011699999999999999,-0.0038999999999999035,0.01293483668238603,tap2,slow,firm,20260810_133647,False
955022,0.0039,0.0312,0.9126,955.022,500000,-0.0078000000000000005,0.0038999999999999972,0.0039000000000000146,0.0095530099968544,tap2,slow,firm,20260810_133647,False
957501,0.0117,0.0312,0.9009,957.501,500000,0.0,0.0038999999999999972,-0.007799999999999918,0.008720665112249105,tap2,slow,firm,20260810_133647,False
960011,0.0156,0.0273,0.9126,960.011,500000,0.003899999999999999,0.0,0.0039000000000000146,0.00551543289325508,tap2,slow,firm,20260810_133647,False
962507,0.0234,0.0234,0.897,962.507,500000,0.0117,-0.0039000000000000007,-0.011699999999999933,0.01699970587980858,tap2,slow,firm,20260810_133647,False
965015,0.0156,0.0312,0.9048,965.015,500000,0.003899999999999999,0.0038999999999999972,-0.0038999999999999035,0.006754998149518563,tap2,slow,firm,20260810_133647,False
967520,0.0078,0.0312,0.9126,967.52,500000,-0.0039000000000000007,0.0038999999999999972,0.0039000000000000146,0.006754998149518628,tap2,slow,firm,20260810_133647,False
970028,0.0156,0.0273,0.9009,970.028,500000,0.003899999999999999,0.0,-0.007799999999999918,0.008720665112249105,tap2,slow,firm,20260810_133647,False
972518,0.0117,0.0312,0.9087,972.518,500000,0.0,0.0038999999999999972,0.0,0.0038999999999999972,tap2,slow,firm,20260810_133647,False
975022,0.0195,0.0234,0.9243,975.022,500000,0.0078,-0.0039000000000000007,0.015600000000000058,0.017872045210327828,tap2,slow,firm,20260810_133647,False
977528,0.0195,0.0234,0.9243,977.528,500000,0.0078,-0.0039000000000000007,0.015600000000000058,0.017872045210327828,tap2,slow,firm,20260810_133647,False
980013,0.0156,0.0312,0.9048,980.013,500000,0.003899999999999999,0.0038999999999999972,-0.0038999999999999035,0.006754998149518563,tap2,slow,firm,20260810_133647,False
982513,0.0156,0.0234,0.9087,982.513,500000,0.003899999999999999,-0.0039000000000000007,0.0,0.00551543289325507,tap2,slow,firm,20260810_133647,False
985027,0.0156,0.0312,0.9087,985.027,500000,0.003899999999999999,0.0038999999999999972,0.0,0.005515432893255068,tap2,slow,firm,20260810_133647,False
987508,0.0078,0.0351,0.9087,987.508,500000,-0.0039000000000000007,0.007799999999999998,0.0,0.00872066511224918,tap2,slow,firm,20260810_133647,False
990015,0.0078,0.0273,0.9087,990.015,500000,-0.0039000000000000007,0.0,0.0,0.0039000000000000007,tap2,slow,firm,20260810_133647,False
992512,0.0234,0.0195,0.9204,992.512,500000,0.0117,-0.007800000000000001,0.011700000000000044,0.018292621463311405,tap2,slow,firm,20260810_133647,False
995021,0.0078,0.0312,0.9048,995.021,500000,-0.0039000000000000007,0.0038999999999999972,-0.0038999999999999035,0.006754998149518564,tap2,slow,firm,20260810_133647,False
997528,0.0117,0.0273,0.9048,997.528,500000,0.0,0.0,-0.0038999999999999035,0.0038999999999999035,tap2,slow,firm,20260810_133647,False
1000012,0.0195,0.0312,0.9204,1000.012,500000,0.0078,0.0038999999999999972,0.011700000000000044,0.014592463808418405,tap2,slow,firm,20260810_133647,False
1002512,0.0156,0.0195,0.9126,1002.512,500000,0.003899999999999999,-0.007800000000000001,0.0039000000000000146,0.0095530099968544,tap2,slow,firm,20260810_133647,False
1005009,0.0195,0.0312,0.9126,1005.009,500000,0.0078,0.0038999999999999972,0.0039000000000000146,0.0095530099968544,tap2,slow,firm,20260810_133647,False
1007517,0.0117,0.0273,0.9126,1007.517,500000,0.0,0.0,0.0039000000000000146,0.0039000000000000146,tap2,slow,firm,20260810_133647,False
1010024,0.0195,0.0234,0.9009,1010.024,500000,0.0078,-0.0039000000000000007,-0.007799999999999918,0.011699999999999945,tap2,slow,firm,20260810_133647,False
1012526,0.0078,0.0312,0.9087,1012.526,500000,-0.0039000000000000007,0.0038999999999999972,0.0,0.0055154328932550695,tap2,slow,firm,20260810_133647,False
1015028,0.0156,0.0429,0.9087,1015.028,500000,0.003899999999999999,0.0156,0.0,0.016080111939908874,tap2,slow,firm,20260810_133647,False
1017503,0.0156,0.0234,0.9048,1017.503,500000,0.003899999999999999,-0.0039000000000000007,-0.0038999999999999035,0.006754998149518566,tap2,slow,firm,20260810_133647,False
1020010,0.0117,0.0234,0.9009,1020.01,500000,0.0,-0.0039000000000000007,-0.007799999999999918,0.008720665112249107,tap2,slow,firm,20260810_133647,False
1022514,0.0156,0.0273,0.9165,1022.514,500000,0.003899999999999999,0.0,0.007800000000000029,0.008720665112249205,tap2,slow,firm,20260810_133647,False
1025001,0.0117,0.0351,0.9126,1025.001,500000,0.0,0.007799999999999998,0.0039000000000000146,0.008720665112249185,tap2,slow,firm,20260810_133647,False
1027509,0.0117,0.0351,0.9087,1027.509,500000,0.0,0.007799999999999998,0.0,0.007799999999999998,tap2,slow,firm,20260810_133647,False
1030014,0.0195,0.0273,0.9126,1030.014,500000,0.0078,0.0,0.0039000000000000146,0.008720665112249186,tap2,slow,firm,20260810_133647,False
1032509,0.0117,0.0312,0.9126,1032.509,500000,0.0,0.0038999999999999972,0.0039000000000000146,0.005515432893255079,tap2,slow,firm,20260810_133647,False
1035002,0.0195,0.0195,0.9087,1035.002,500000,0.0078,-0.007800000000000001,0.0,0.011030865786510143,tap2,slow,firm,20260810_133647,False
1037522,0.0117,0.0234,0.9009,1037.522,500000,0.0,-0.0039000000000000007,-0.007799999999999918,0.008720665112249107,tap2,slow,firm,20260810_133647,False
1040004,0.0195,0.0312,0.9165,1040.004,500000,0.0078,0.0038999999999999972,0.007800000000000029,0.011700000000000018,tap2,slow,firm,20260810_133647,False
1042503,0.0195,0.0273,0.9126,1042.503,500000,0.0078,0.0,0.0039000000000000146,0.008720665112249186,tap2,slow,firm,20260810_133647,False
1045018,0.0078,0.0234,0.9009,1045.018,500000,-0.0039000000000000007,-0.0039000000000000007,-0.007799999999999918,0.009553009996854328,tap2,slow,firm,20260810_133647,False
1047522,0.0156,0.0273,0.9048,1047.522,500000,0.003899999999999999,0.0,-0.0038999999999999035,0.005515432893255002,tap2,slow,firm,20260810_133647,False
1050028,0.0078,0.0312,0.9048,1050.028,500000,-0.0039000000000000007,0.0038999999999999972,-0.0038999999999999035,0.006754998149518564,tap2,slow,firm,20260810_133647,False
1052529,0.0195,0.0273,0.9126,1052.529,500000,0.0078,0.0,0.0039000000000000146,0.008720665112249186,tap2,slow,firm,20260810_133647,False
1055024,0.0117,0.0312,0.9165,1055.024,500000,0.0,0.0038999999999999972,0.007800000000000029,0.008720665112249205,tap2,slow,firm,20260810_133647,False
1057525,0.0156,0.0234,0.9048,1057.525,500000,0.003899999999999999,-0.0039000000000000007,-0.0038999999999999035,0.006754998149518566,tap2,slow,firm,20260810_133647,False
1060014,0.0156,0.0273,0.9048,1060.014,500000,0.003899999999999999,0.0,-0.0038999999999999035,0.005515432893255002,tap2,slow,firm,20260810_133647,False
1062515,0.0156,0.0195,0.9048,1062.515,500000,0.003899999999999999,-0.007800000000000001,-0.0038999999999999035,0.009553009996854355,tap2,slow,firm,20260810_133647,False
1065013,0.0117,0.0273,0.9009,1065.013,500000,0.0,0.0,-0.007799999999999918,0.007799999999999918,tap2,slow,firm,20260810_133647,False
1067522,0.0117,0.0273,0.9126,1067.522,500000,0.0,0.0,0.0039000000000000146,0.0039000000000000146,tap2,slow,firm,20260810_133647,False
1070029,0.0078,0.0273,0.9165,1070.029,500000,-0.0039000000000000007,0.0,0.007800000000000029,0.008720665112249207,tap2,slow,firm,20260810_133647,False
1072529,0.0117,0.0351,0.9048,1072.529,500000,0.0,0.007799999999999998,-0.0038999999999999035,0.008720665112249134,tap2,slow,firm,20260810_133647,False
1075029,0.0156,0.0273,0.9126,1075.029,500000,0.003899999999999999,0.0,0.0039000000000000146,0.00551543289325508,tap2,slow,firm,20260810_133647,False
1077504,0.0078,0.0273,0.9165,1077.504,500000,-0.0039000000000000007,0.0,0.007800000000000029,0.008720665112249207,tap2,slow,firm,20260810_133647,False
1080009,0.0039,0.0312,0.9126,1080.009,500000,-0.0078000000000000005,0.0038999999999999972,0.0039000000000000146,0.0095530099968544,tap2,slow,firm,20260810_133647,False
1082511,0.0078,0.0312,0.9009,1082.511,500000,-0.0039000000000000007,0.0038999999999999972,-0.007799999999999918,0.009553009996854326,tap2,slow,firm,20260810_133647,False
1085005,0.0078,0.0312,0.9009,1085.005,500000,-0.0039000000000000007,0.0038999999999999972,-0.007799999999999918,0.009553009996854326,tap2,slow,firm,20260810_133647,False
1087523,0.0117,0.0351,0.9048,1087.523,500000,0.0,0.007799999999999998,-0.0038999999999999035,0.008720665112249134,tap2,slow,firm,20260810_133647,False
1090026,0.0156,0.0312,0.9126,1090.026,500000,0.003899999999999999,0.0038999999999999972,0.0039000000000000146,0.006754998149518627,tap2,slow,firm,20260810_133647,False
1092528,0.0195,0.0312,0.9126,1092.528,500000,0.0078,0.0038999999999999972,0.0039000000000000146,0.0095530099968544,tap2,slow,firm,20260810_133647,False
1095012,0.0195,0.0351,0.9048,1095.012,500000,0.0078,0.007799999999999998,-0.0038999999999999035,0.011699999999999966,tap2,slow,firm,20260810_133647,False
1097516,0.0117,0.0312,0.9165,1097.516,500000,0.0,0.0038999999999999972,0.007800000000000029,0.008720665112249205,tap2,slow,firm,20260810_133647,False
1100024,0.0117,0.039,0.9204,1100.024,500000,0.0,0.011699999999999999,0.011700000000000044,0.01654629867976524,tap2,slow,firm,20260810_133647,False
1102521,0.0195,0.0312,0.897,1102.521,500000,0.0078,0.0038999999999999972,-0.011699999999999933,0.014592463808418317,tap2,slow,firm,20260810_133647,False
1105008,0.0117,0.0312,0.9009,1105.008,500000,0.0,0.0038999999999999972,-0.007799999999999918,0.008720665112249105,tap2,slow,firm,20260810_133647,False
1107517,0.0117,0.0312,0.9126,1107.517,500000,0.0,0.0038999999999999972,0.0039000000000000146,0.005515432893255079,tap2,slow,firm,20260810_133647,False
1110028,0.0117,0.0312,0.9126,1110.028,500000,0.0,0.0038999999999999972,0.0039000000000000146,0.005515432893255079,tap2,slow,firm,20260810_133647,False
1112524,0.0117,0.0351,0.9087,1112.524,500000,0.0,0.007799999999999998,0.0,0.007799999999999998,tap2,slow,firm,20260810_133647,False
1115013,0.0195,0.0273,0.9126,1115.013,500000,0.0078,0.0,0.0039000000000000146,0.008720665112249186,tap2,slow,firm,20260810_133647,False
1117523,0.0156,0.0234,0.8931,1117.523,500000,0.003899999999999999,-0.0039000000000000007,-0.015599999999999947,0.016546298679765162,tap2,slow,firm,20260810_133647,False
1120027,0.0078,0.0312,0.9009,1120.027,500000,-0.0039000000000000007,0.0038999999999999972,-0.007799999999999918,0.009553009996854326,tap2,slow,firm,20260810_133647,False
1122525,0.0117,0.0234,0.9087,1122.525,500000,0.0,-0.0039000000000000007,0.0,0.0039000000000000007,tap2,slow,firm,20260810_133647,False
1125014,0.0195,0.0273,0.9126,1125.014,500000,0.0078,0.0,0.0039000000000000146,0.008720665112249186,tap2,slow,firm,20260810_133647,False
1127521,0.0156,0.039,0.9087,1127.521,500000,0.003899999999999999,0.011699999999999999,0.0,0.012332882874656677,tap2,slow,firm,20260810_133647,False
1130025,0.0156,0.039,0.9009,1130.025,500000,0.003899999999999999,0.011699999999999999,-0.007799999999999918,0.014592463808418325,tap2,slow,firm,20260810_133647,False
1132515,0.0078,0.0273,0.9126,1132.515,500000,-0.0039000000000000007,0.0,0.0039000000000000146,0.005515432893255082,tap2,slow,firm,20260810_133647,False
1135005,0.0078,0.0195,0.9048,1135.005,500000,-0.0039000000000000007,-0.007800000000000001,-0.0038999999999999035,0.009553009996854357,tap2,slow,firm,20260810_133647,False
1137514,0.0156,0.0195,0.9087,1137.514,500000,0.003899999999999999,-0.007800000000000001,0.0,0.00872066511224918,tap2,slow,firm,20260810_133647,False
1140017,0.0156,0.0273,0.9087,1140.017,500000,0.003899999999999999,0.0,0.0,0.003899999999999999,tap2,slow,firm,20260810_133647,False
1142519,0.0078,0.0312,0.9087,1142.519,500000,-0.0039000000000000007,0.0038999999999999972,0.0,0.0055154328932550695,tap2,slow,firm,20260810_133647,False
1145014,0.0156,0.0273,0.9165,1145.014,500000,0.003899999999999999,0.0,0.007800000000000029,0.008720665112249205,tap2,slow,firm,20260810_133647,False
1147518,0.0156,0.0273,0.9126,1147.518,500000,0.003899999999999999,0.0,0.0039000000000000146,0.00551543289325508,tap2,slow,firm,20260810_133647,False
1150025,0.0156,0.0234,0.9087,1150.025,500000,0.003899999999999999,-0.0039000000000000007,0.0,0.00551543289325507,tap2,slow,firm,20260810_133647,False
1152501,0.0156,0.0234,0.9087,1152.501,500000,0.003899999999999999,-0.0039000000000000007,0.0,0.00551543289325507,tap2,slow,firm,20260810_133647,False
1155021,0.0117,0.0273,0.9087,1155.021,500000,0.0,0.0,0.0,0.0,tap2,slow,firm,20260810_133647,False
1157526,0.0195,0.0312,0.9126,1157.526,500000,0.0078,0.0038999999999999972,0.0039000000000000146,0.0095530099968544,tap2,slow,firm,20260810_133647,False
1160017,0.0156,0.0234,0.9087,1160.017,500000,0.003899999999999999,-0.0039000000000000007,0.0,0.00551543289325507,tap2,slow,firm,20260810_133647,False
1162515,0.0117,0.0312,0.9009,1162.515,500000,0.0,0.0038999999999999972,-0.007799999999999918,0.008720665112249105,tap2,slow,firm,20260810_133647,False
1165011,0.0195,0.0312,0.9165,1165.011,500000,0.0078,0.0038999999999999972,0.007800000000000029,0.011700000000000018,tap2,slow,firm,20260810_133647,False
1167515,0.0117,0.0273,0.9165,1167.515,500000,0.0,0.0,0.007800000000000029,0.007800000000000029,tap2,slow,firm,20260810_133647,False
1170009,0.0078,0.0195,0.9087,1170.009,500000,-0.0039000000000000007,-0.007800000000000001,0.0,0.008720665112249181,tap2,slow,firm,20260810_133647,False
1172515,0.0039,0.0273,0.9009,1172.515,500000,-0.0078000000000000005,0.0,-0.007799999999999918,0.011030865786510084,tap2,slow,firm,20260810_133647,False
1175006,0.0117,0.0312,0.9126,1175.006,500000,0.0,0.0038999999999999972,0.0039000000000000146,0.005515432893255079,tap2,slow,firm,20260810_133647,False
1177514,0.0078,0.0351,0.9087,1177.514,500000,-0.0039000000000000007,0.007799999999999998,0.0,0.00872066511224918,tap2,slow,firm,20260810_133647,False
1180023,0.0156,0.0273,0.9048,1180.023,500000,0.003899999999999999,0.0,-0.0038999999999999035,0.005515432893255002,tap2,slow,firm,20260810_133647,False
1182520,0.0156,0.0312,0.9165,1182.52,500000,0.003899999999999999,0.0038999999999999972,0.007800000000000029,0.009553009996854416,tap2,slow,firm,20260810_133647,False
1185016,0.0156,0.0312,0.9126,1185.016,500000,0.003899999999999999,0.0038999999999999972,0.0039000000000000146,0.006754998149518627,tap2,slow,firm,20260810_133647,False
1187505,0.0156,0.0312,0.9126,1187.505,500000,0.003899999999999999,0.0038999999999999972,0.0039000000000000146,0.006754998149518627,tap2,slow,firm,20260810_133647,False
1190009,0.0156,0.0312,0.9126,1190.009,500000,0.003899999999999999,0.0038999999999999972,0.0039000000000000146,0.006754998149518627,tap2,slow,firm,20260810_133647,False
1192504,0.0117,0.0273,0.9048,1192.504,500000,0.0,0.0,-0.0038999999999999035,0.0038999999999999035,tap2,slow,firm,20260810_133647,False
1195015,0.0078,0.0273,0.9048,1195.015,500000,-0.0039000000000000007,0.0,-0.0038999999999999035,0.005515432893255003,tap2,slow,firm,20260810_133647,False
1197521,0.0117,0.0273,0.9048,1197.521,500000,0.0,0.0,-0.0038999999999999035,0.0038999999999999035,tap2,slow,firm,20260810_133647,False
1200028,0.0156,0.0273,0.9009,1200.028,500000,0.003899999999999999,0.0,-0.007799999999999918,0.008720665112249105,tap2,slow,firm,20260810_133647,False
1202525,0.0156,0.0195,0.9087,1202.525,500000,0.003899999999999999,-0.007800000000000001,0.0,0.00872066511224918,tap2,slow,firm,20260810_133647,False
1205012,0.0156,0.0234,0.9165,1205.012,500000,0.003899999999999999,-0.0039000000000000007,0.007800000000000029,0.009553009996854418,tap2,slow,firm,20260810_133647,False
1207520,0.0195,0.0234,0.9126,1207.52,500000,0.0078,-0.0039000000000000007,0.0039000000000000146,0.0095530099968544,tap2,slow,firm,20260810_133647,False
1210024,0.0078,0.0312,0.9126,1210.024,500000,-0.0039000000000000007,0.0038999999999999972,0.0039000000000000146,0.006754998149518628,tap2,slow,firm,20260810_133647,False
1212526,0.0195,0.0273,0.8931,1212.526,500000,0.0078,0.0,-0.015599999999999947,0.017441330224498314,tap2,slow,firm,20260810_133647,False
1215024,0.0195,0.0273,0.9048,1215.024,500000,0.0078,0.0,-0.0038999999999999035,0.008720665112249136,tap2,slow,firm,20260810_133647,False
1217501,0.0156,0.0312,0.9204,1217.501,500000,0.003899999999999999,0.0038999999999999972,0.011700000000000044,0.012934836682386097,tap2,slow,firm,20260810_133647,False
1220010,0.0156,0.0312,0.9204,1220.01,500000,0.003899999999999999,0.0038999999999999972,0.011700000000000044,0.012934836682386097,tap2,slow,firm,20260810_133647,False
1222505,0.0195,0.0234,0.9165,1222.505,500000,0.0078,-0.0039000000000000007,0.007800000000000029,0.01170000000000002,tap2,slow,firm,20260810_133647,False
1225003,0.0156,0.0312,0.9009,1225.003,500000,0.003899999999999999,0.0038999999999999972,-0.007799999999999918,0.009553009996854326,tap2,slow,firm,20260810_133647,False
1227510,0.0078,0.0351,0.9126,1227.51,500000,-0.0039000000000000007,0.007799999999999998,0.0039000000000000146,0.0095530099968544,tap2,slow,firm,20260810_133647,False
1230015,0.0117,0.0273,0.9087,1230.015,500000,0.0,0.0,0.0,0.0,tap2,slow,firm,20260810_133647,False
1232512,0.0,0.0351,0.9165,1232.512,500000,-0.0117,0.007799999999999998,0.007800000000000029,0.016080111939908888,tap2,slow,firm,20260810_133647,False
1235023,0.0078,0.0234,0.9204,1235.023,500000,-0.0039000000000000007,-0.0039000000000000007,0.011700000000000044,0.012934836682386099,tap2,slow,firm,20260810_133647,False
1237503,0.0078,0.0312,0.9048,1237.503,500000,-0.0039000000000000007,0.0038999999999999972,-0.0038999999999999035,0.006754998149518564,tap2,slow,firm,20260810_133647,False
1240013,0.0156,0.0312,0.9126,1240.013,500000,0.003899999999999999,0.0038999999999999972,0.0039000000000000146,0.006754998149518627,tap2,slow,firm,20260810_133647,False
1242513,0.0117,0.0234,0.9048,1242.513,500000,0.0,-0.0039000000000000007,-0.0038999999999999035,0.005515432893255003,tap2,slow,firm,20260810_133647,False
1245024,0.0195,0.0273,0.9048,1245.024,500000,0.0078,0.0,-0.0038999999999999035,0.008720665112249136,tap2,slow,firm,20260810_133647,False
1247503,0.0195,0.0273,0.9165,1247.503,500000,0.0078,0.0,0.007800000000000029,0.011030865786510162,tap2,slow,firm,20260810_133647,False
1250009,0.0156,0.0273,0.9126,1250.009,500000,0.003899999999999999,0.0,0.0039000000000000146,0.00551543289325508,tap2,slow,firm,20260810_133647,False
1252506,0.0156,0.0312,0.9165,1252.506,500000,0.003899999999999999,0.0038999999999999972,0.007800000000000029,0.009553009996854416,tap2,slow,firm,20260810_133647,False
1255019,0.0117,0.0195,0.9087,1255.019,500000,0.0,-0.007800000000000001,0.0,0.007800000000000001,tap2,slow,firm,20260810_133647,False
1257522,0.0156,0.0195,0.9165,1257.522,500000,0.003899999999999999,-0.007800000000000001,0.007800000000000029,0.01170000000000002,tap2,slow,firm,20260810_133647,False
1260009,0.0156,0.0312,0.9165,1260.009,500000,0.003899999999999999,0.0038999999999999972,0.007800000000000029,0.009553009996854416,tap2,slow,firm,20260810_133647,False
1262505,0.0117,0.0273,0.9087,1262.505,500000,0.0,0.0,0.0,0.0,tap2,slow,firm,20260810_133647,False
1265012,0.0156,0.0273,0.9048,1265.012,500000,0.003899999999999999,0.0,-0.0038999999999999035,0.005515432893255002,tap2,slow,firm,20260810_133647,False
1267520,0.0117,0.0234,0.9048,1267.52,500000,0.0,-0.0039000000000000007,-0.0038999999999999035,0.005515432893255003,tap2,slow,firm,20260810_133647,False
1270001,0.0117,0.0351,0.9126,1270.001,500000,0.0,0.007799999999999998,0.0039000000000000146,0.008720665112249185,tap2,slow,firm,20260810_133647,False
1272504,0.0195,0.0195,0.9087,1272.504,500000,0.0078,-0.007800000000000001,0.0,0.011030865786510143,tap2,slow,firm,20260810_133647,False
1275006,0.0117,0.0351,0.9048,1275.006,500000,0.0,0.007799999999999998,-0.0038999999999999035,0.008720665112249134,tap2,slow,firm,20260810_133647,False
1277509,0.0117,0.0234,0.9048,1277.509,500000,0.0,-0.0039000000000000007,-0.0038999999999999035,0.005515432893255003,tap2,slow,firm,20260810_133647,False
1280016,0.0078,0.0234,0.9204,1280.016,500000,-0.0039000000000000007,-0.0039000000000000007,0.011700000000000044,0.012934836682386099,tap2,slow,firm,20260810_133647,False
1282511,0.0117,0.0273,0.9087,1282.511,500000,0.0,0.0,0.0,0.0,tap2,slow,firm,20260810_133647,False
1285013,0.0117,0.0234,0.9087,1285.013,500000,0.0,-0.0039000000000000007,0.0,0.0039000000000000007,tap2,slow,firm,20260810_133647,False
1287523,0.0156,0.0195,0.9048,1287.523,500000,0.003899999999999999,-0.007800000000000001,-0.0038999999999999035,0.009553009996854355,tap2,slow,firm,20260810_133647,False
1290027,0.0078,0.0234,0.9048,1290.027,500000,-0.0039000000000000007,-0.0039000000000000007,-0.0038999999999999035,0.006754998149518567,tap2,slow,firm,20260810_133647,False
1292528,0.0039,0.0273,0.9126,1292.528,500000,-0.0078000000000000005,0.0,0.0039000000000000146,0.008720665112249186,tap2,slow,firm,20260810_133647,False
1295010,0.0039,0.0273,0.9126,1295.01,500000,-0.0078000000000000005,0.0,0.0039000000000000146,0.008720665112249186,tap2,slow,firm,20260810_133647,False
1297517,0.0117,0.0234,0.9204,1297.517,500000,0.0,-0.0039000000000000007,0.011700000000000044,0.012332882874656722,tap2,slow,firm,20260810_133647,False
1300001,0.0156,0.0234,0.9087,1300.001,500000,0.003899999999999999,-0.0039000000000000007,0.0,0.00551543289325507,tap2,slow,firm,20260810_133647,False
1302503,0.0117,0.0273,0.9009,1302.503,500000,0.0,0.0,-0.007799999999999918,0.007799999999999918,tap2,slow,firm,20260810_133647,False
1305003,0.0156,0.0273,0.9165,1305.003,500000,0.003899999999999999,0.0,0.007800000000000029,0.008720665112249205,tap2,slow,firm,20260810_133647,False
1307512,0.0078,0.0273,0.9126,1307.512,500000,-0.0039000000000000007,0.0,0.0039000000000000146,0.005515432893255082,tap2,slow,firm,20260810_133647,False
1310020,0.0156,0.0273,0.8931,1310.02,500000,0.003899999999999999,0.0,-0.015599999999999947,0.016080111939908825,tap2,slow,firm,20260810_133647,False
1312517,0.0195,0.0312,0.9087,1312.517,500000,0.0078,0.0038999999999999972,0.0,0.00872066511224918,tap2,slow,firm,20260810_133647,False
1315010,0.0195,0.0351,0.9126,1315.01,500000,0.0078,0.007799999999999998,0.0039000000000000146,0.011700000000000004,tap2,slow,firm,20260810_133647,False
1317517,0.0195,0.0234,0.9048,1317.517,500000,0.0078,-0.0039000000000000007,-0.0038999999999999035,0.009553009996854355,tap2,slow,firm,20260810_133647,False
1320024,0.0117,0.0156,0.9087,1320.024,500000,0.0,-0.011700000000000002,0.0,0.011700000000000002,tap2,slow,firm,20260810_133647,False
1322503,0.0078,0.0234,0.9126,1322.503,500000,-0.0039000000000000007,-0.0039000000000000007,0.0039000000000000146,0.006754998149518631,tap2,slow,firm,20260810_133647,False
1325002,0.0156,0.0234,0.9087,1325.002,500000,0.003899999999999999,-0.0039000000000000007,0.0,0.00551543289325507,tap2,slow,firm,20260810_133647,False
1327512,0.0273,0.0273,0.9165,1327.512,500000,0.015600000000000001,0.0,0.007800000000000029,0.017441330224498373,tap2,slow,firm,20260810_133647,False
1330015,0.0195,0.0234,0.9087,1330.015,500000,0.0078,-0.0039000000000000007,0.0,0.00872066511224918,tap2,slow,firm,20260810_133647,False
1332517,0.0273,0.0273,0.9165,1332.517,500000,0.015600000000000001,0.0,0.007800000000000029,0.017441330224498373,tap2,slow,firm,20260810_133647,False
1335011,0.0156,0.0273,0.9087,1335.011,500000,0.003899999999999999,0.0,0.0,0.003899999999999999,tap2,slow,firm,20260810_133647,False
1337520,0.0117,0.0234,0.9048,1337.52,500000,0.0,-0.0039000000000000007,-0.0038999999999999035,0.005515432893255003,tap2,slow,firm,20260810_133647,False
1340027,0.0195,0.0312,0.9165,1340.027,500000,0.0078,0.0038999999999999972,0.007800000000000029,0.011700000000000018,tap2,slow,firm,20260810_133647,False
1342527,0.0195,0.0312,0.9087,1342.527,500000,0.0078,0.0038999999999999972,0.0,0.00872066511224918,tap2,slow,firm,20260810_133647,False
1345002,0.0078,0.0273,0.9009,1345.002,500000,-0.0039000000000000007,0.0,-0.007799999999999918,0.008720665112249107,tap2,slow,firm,20260810_133647,False
1347513,0.0156,0.0312,0.9087,1347.513,500000,0.003899999999999999,0.0038999999999999972,0.0,0.005515432893255068,tap2,slow,firm,20260810_133647,False
1350016,0.0117,0.0312,0.897,1350.016,500000,0.0,0.0038999999999999972,-0.011699999999999933,0.012332882874656614,tap2,slow,firm,20260810_133647,False
1352503,0.0195,0.0273,0.9087,1352.503,500000,0.0078,0.0,0.0,0.0078,tap2,slow,firm,20260810_133647,False
1355024,0.0156,0.0312,0.9126,1355.024,500000,0.003899999999999999,0.0038999999999999972,0.0039000000000000146,0.006754998149518627,tap2,slow,firm,20260810_133647,False
1357529,0.0117,0.0351,0.9087,1357.529,500000,0.0,0.007799999999999998,0.0,0.007799999999999998,tap2,slow,firm,20260810_133647,False
1360023,0.0156,0.0312,0.9048,1360.023,500000,0.003899999999999999,0.0038999999999999972,-0.0038999999999999035,0.006754998149518563,tap2,slow,firm,20260810_133647,False
1362523,0.0195,0.0195,0.9165,1362.523,500000,0.0078,-0.007800000000000001,0.007800000000000029,0.01350999629903726,tap2,slow,firm,20260810_133647,False
1365031,0.0156,0.0273,0.9048,1365.031,500000,0.003899999999999999,0.0,-0.0038999999999999035,0.005515432893255002,tap2,slow,firm,20260810_133647,False
1367508,0.0117,0.0273,0.9126,1367.508,500000,0.0,0.0,0.0039000000000000146,0.0039000000000000146,tap2,slow,firm,20260810_133647,False
1370016,0.0156,0.0312,0.9087,1370.016,500000,0.003899999999999999,0.0038999999999999972,0.0,0.005515432893255068,tap2,slow,firm,20260810_133647,False
1372513,0.0156,0.0312,0.9126,1372.513,500000,0.003899999999999999,0.0038999999999999972,0.0039000000000000146,0.006754998149518627,tap2,slow,firm,20260810_133647,False
1375005,0.0156,0.0273,0.9165,1375.005,500000,0.003899999999999999,0.0,0.007800000000000029,0.008720665112249205,tap2,slow,firm,20260810_133647,False
1377514,0.0117,0.0273,0.9048,1377.514,500000,0.0,0.0,-0.0038999999999999035,0.0038999999999999035,tap2,slow,firm,20260810_133647,False
1380016,0.0156,0.0234,0.9165,1380.016,500000,0.003899999999999999,-0.0039000000000000007,0.007800000000000029,0.009553009996854418,tap2,slow,firm,20260810_133647,False
1382512,0.0156,0.0312,0.9048,1382.512,500000,0.003899999999999999,0.0038999999999999972,-0.0038999999999999035,0.006754998149518563,tap2,slow,firm,20260810_133647,False
1385020,0.0195,0.0195,0.9126,1385.02,500000,0.0078,-0.007800000000000001,0.0039000000000000146,0.011700000000000006,tap2,slow,firm,20260810_133647,False
1387509,0.0117,0.0312,0.9048,1387.509,500000,0.0,0.0038999999999999972,-0.0038999999999999035,0.005515432893255,tap2,slow,firm,20260810_133647,False
1390015,0.0156,0.0312,0.9048,1390.015,500000,0.003899999999999999,0.0038999999999999972,-0.0038999999999999035,0.006754998149518563,tap2,slow,firm,20260810_133647,False
1392514,0.0117,0.0273,0.9165,1392.514,500000,0.0,0.0,0.007800000000000029,0.007800000000000029,tap2,slow,firm,20260810_133647,False
1395023,0.0117,0.0351,0.9126,1395.023,500000,0.0,0.007799999999999998,0.0039000000000000146,0.008720665112249185,tap2,slow,firm,20260810_133647,False
1397527,0.0117,0.0351,0.9126,1397.527,500000,0.0,0.007799999999999998,0.0039000000000000146,0.008720665112249185,tap2,slow,firm,20260810_133647,False
1400011,0.0234,0.0195,0.9087,1400.011,500000,0.0117,-0.007800000000000001,0.0,0.014061649974309559,tap2,slow,firm,20260810_133647,False
1402513,0.0156,0.0351,0.9087,1402.513,500000,0.003899999999999999,0.007799999999999998,0.0,0.008720665112249178,tap2,slow,firm,20260810_133647,False
1405010,0.0195,0.0351,0.9087,1405.01,500000,0.0078,0.007799999999999998,0.0,0.011030865786510139,tap2,slow,firm,20260810_133647,False
1407513,0.0156,0.0273,0.9087,1407.513,500000,0.003899999999999999,0.0,0.0,0.003899999999999999,tap2,slow,firm,20260810_133647,False
1410016,0.0078,0.039,0.9126,1410.016,500000,-0.0039000000000000007,0.011699999999999999,0.0039000000000000146,0.012934836682386064,tap2,slow,firm,20260810_133647,False
1412517,0.0117,0.0312,0.9087,1412.517,500000,0.0,0.0038999999999999972,0.0,0.0038999999999999972,tap2,slow,firm,20260810_133647,False
1415002,0.0117,0.0234,0.9048,1415.002,500000,0.0,-0.0039000000000000007,-0.0038999999999999035,0.005515432893255003,tap2,slow,firm,20260810_133647,False
1417513,0.0156,0.0312,0.9048,1417.513,500000,0.003899999999999999,0.0038999999999999972,-0.0038999999999999035,0.006754998149518563,tap2,slow,firm,20260810_133647,False
1420020,0.0195,0.039,0.9087,1420.02,500000,0.0078,0.011699999999999999,0.0,0.014061649974309557,tap2,slow,firm,20260810_133647,False
1422516,0.0117,0.0312,0.9048,1422.516,500000,0.0,0.0038999999999999972,-0.0038999999999999035,0.005515432893255,tap2,slow,firm,20260810_133647,False
1425003,0.0195,0.0312,0.9087,1425.003,500000,0.0078,0.0038999999999999972,0.0,0.00872066511224918,tap2,slow,firm,20260810_133647,False
1427512,0.0156,0.0273,0.9087,1427.512,500000,0.003899999999999999,0.0,0.0,0.003899999999999999,tap2,slow,firm,20260810_133647,False
1430016,0.0039,0.0273,0.897,1430.016,500000,-0.0078000000000000005,0.0,-0.011699999999999933,0.014061649974309504,tap2,slow,firm,20260810_133647,False
1432503,0.0078,0.0351,0.897,1432.503,500000,-0.0039000000000000007,0.007799999999999998,-0.011699999999999933,0.014592463808418317,tap2,slow,firm,20260810_133647,False
1435007,0.0195,0.0234,0.9087,1435.007,500000,0.0078,-0.0039000000000000007,0.0,0.00872066511224918,tap2,slow,firm,20260810_133647,False
1437509,0.0117,0.0273,0.9087,1437.509,500000,0.0,0.0,0.0,0.0,tap2,slow,firm,20260810_133647,False
1440015,0.0156,0.0312,0.9087,1440.015,500000,0.003899999999999999,0.0038999999999999972,0.0,0.005515432893255068,tap2,slow,firm,20260810_133647,False
1442512,0.0078,0.0351,0.9126,1442.512,500000,-0.0039000000000000007,0.007799999999999998,0.0039000000000000146,0.0095530099968544,tap2,slow,firm,20260810_133647,False
1445012,0.0117,0.0351,0.8931,1445.012,500000,0.0,0.007799999999999998,-0.015599999999999947,0.01744133022449831,tap2,slow,firm,20260810_133647,False
1447521,0.0117,0.0312,0.9087,1447.521,500000,0.0,0.0038999999999999972,0.0,0.0038999999999999972,tap2,slow,firm,20260810_133647,False
1450025,0.0195,0.0234,0.9087,1450.025,500000,0.0078,-0.0039000000000000007,0.0,0.00872066511224918,tap2,slow,firm,20260810_133647,False
1452526,0.0195,0.0312,0.9048,1452.526,500000,0.0078,0.0038999999999999972,-0.0038999999999999035,0.009553009996854354,tap2,slow,firm,20260810_133647,False
1455021,0.0156,0.0312,0.9048,1455.021,500000,0.003899999999999999,0.0038999999999999972,-0.0038999999999999035,0.006754998149518563,tap2,slow,firm,20260810_133647,False
1457526,0.0117,0.0351,0.9048,1457.526,500000,0.0,0.007799999999999998,-0.0038999999999999035,0.008720665112249134,tap2,slow,firm,20260810_133647,False
1460015,0.0156,0.0234,0.9048,1460.015,500000,0.003899999999999999,-0.0039000000000000007,-0.0038999999999999035,0.006754998149518566,tap2,slow,firm,20260810_133647,False
1462517,0.0156,0.0234,0.9009,1462.517,500000,0.003899999999999999,-0.0039000000000000007,-0.007799999999999918,0.009553009996854328,tap2,slow,firm,20260810_133647,False
1465010,0.0117,0.0273,0.9126,1465.01,500000,0.0,0.0,0.0039000000000000146,0.0039000000000000146,tap2,slow,firm,20260810_133647,False
1467520,0.0117,0.0273,0.9126,1467.52,500000,0.0,0.0,0.0039000000000000146,0.0039000000000000146,tap2,slow,firm,20260810_133647,False
1470027,0.0039,0.0351,0.9126,1470.027,500000,-0.0078000000000000005,0.007799999999999998,0.0039000000000000146,0.011700000000000004,tap2,slow,firm,20260810_133647,False
1472525,0.0156,0.0234,0.9126,1472.525,500000,0.003899999999999999,-0.0039000000000000007,0.0039000000000000146,0.00675499814951863,tap2,slow,firm,20260810_133647,False
1475014,0.0117,0.0273,0.9126,1475.014,500000,0.0,0.0,0.0039000000000000146,0.0039000000000000146,tap2,slow,firm,20260810_133647,False
1477521,0.0156,0.0273,0.9048,1477.521,500000,0.003899999999999999,0.0,-0.0038999999999999035,0.005515432893255002,tap2,slow,firm,20260810_133647,False
1480024,0.0156,0.0234,0.9165,1480.024,500000,0.003899999999999999,-0.0039000000000000007,0.007800000000000029,0.009553009996854418,tap2,slow,firm,20260810_133647,False
1482523,0.0117,0.039,0.9165,1482.523,500000,0.0,0.011699999999999999,0.007800000000000029,0.014061649974309573,tap2,slow,firm,20260810_133647,False
1485001,0.0039,0.0234,0.9126,1485.001,500000,-0.0078000000000000005,-0.0039000000000000007,0.0039000000000000146,0.0095530099968544,tap2,slow,firm,20260810_133647,False
1487516,0.0117,0.0312,0.9009,1487.516,500000,0.0,0.0038999999999999972,-0.007799999999999918,0.008720665112249105,tap2,slow,firm,20260810_133647,False
1490018,0.0156,0.0234,0.9087,1490.018,500000,0.003899999999999999,-0.0039000000000000007,0.0,0.00551543289325507,tap2,slow,firm,20260810_133647,False
1492520,0.0195,0.0273,0.9087,1492.52,500000,0.0078,0.0,0.0,0.0078,tap2,slow,firm,20260810_133647,False
1495016,0.0078,0.0351,0.9009,1495.016,500000,-0.0039000000000000007,0.007799999999999998,-0.007799999999999918,0.011699999999999945,tap2,slow,firm,20260810_133647,False
1497506,0.0195,0.0195,0.9126,1497.506,500000,0.0078,-0.007800000000000001,0.0039000000000000146,0.011700000000000006,tap2,slow,firm,20260810_133647,False
1500014,0.0195,0.0273,0.9087,1500.014,500000,0.0078,0.0,0.0,0.0078,tap2,slow,firm,20260810_133647,False
1502511,0.0156,0.0234,0.9165,1502.511,500000,0.003899999999999999,-0.0039000000000000007,0.007800000000000029,0.009553009996854418,tap2,slow,firm,20260810_133647,False
1505010,0.0156,0.0234,0.9165,1505.01,500000,0.003899999999999999,-0.0039000000000000007,0.007800000000000029,0.009553009996854418,tap2,slow,firm,20260810_133647,False
1507515,0.0234,0.0273,0.8931,1507.515,500000,0.0117,0.0,-0.015599999999999947,0.01949999999999996,tap2,slow,firm,20260810_133647,False
1510019,0.0078,0.0351,0.9243,1510.019,500000,-0.0039000000000000007,0.007799999999999998,0.015600000000000058,0.017872045210327828,tap2,slow,firm,20260810_133647,False
1512520,0.0195,0.0312,0.9126,1512.52,500000,0.0078,0.0038999999999999972,0.0039000000000000146,0.0095530099968544,tap2,slow,firm,20260810_133647,False
1515007,0.0117,0.0351,0.9126,1515.007,500000,0.0,0.007799999999999998,0.0039000000000000146,0.008720665112249185,tap2,slow,firm,20260810_133647,False
1517516,0.0117,0.0195,0.9204,1517.516,500000,0.0,-0.007800000000000001,0.011700000000000044,0.014061649974309596,tap2,slow,firm,20260810_133647,False
1520024,0.0156,0.0234,0.9126,1520.024,500000,0.003899999999999999,-0.0039000000000000007,0.0039000000000000146,0.00675499814951863,tap2,slow,firm,20260810_133647,False
1522529,0.0117,0.0234,0.9204,1522.529,500000,0.0,-0.0039000000000000007,0.011700000000000044,0.012332882874656722,tap2,slow,firm,20260810_133647,False
1525451,0.0117,0.0273,0.9126,1525.451,500000,0.0,0.0,0.0039000000000000146,0.0039000000000000146,tap2,slow,firm,20260810_133647,False
1527504,0.0117,0.0195,0.9126,1527.504,500000,0.0,-0.007800000000000001,0.0039000000000000146,0.008720665112249188,tap2,slow,firm,20260810_133647,False
1530009,0.0078,0.0234,0.9048,1530.009,500000,-0.0039000000000000007,-0.0039000000000000007,-0.0038999999999999035,0.006754998149518567,tap2,slow,firm,20260810_133647,False
1532511,0.0156,0.0234,0.897,1532.511,500000,0.003899999999999999,-0.0039000000000000007,-0.011699999999999933,0.012934836682385998,tap2,slow,firm,20260810_133647,False
1535002,0.0117,0.0312,0.9126,1535.002,500000,0.0,0.0038999999999999972,0.0039000000000000146,0.005515432893255079,tap2,slow,firm,20260810_133647,False
1537512,0.0195,0.0156,0.9165,1537.512,500000,0.0078,-0.011700000000000002,0.007800000000000029,0.01608011193990889,tap2,slow,firm,20260810_133647,False
1540019,0.0195,0.0234,0.9087,1540.019,500000,0.0078,-0.0039000000000000007,0.0,0.00872066511224918,tap2,slow,firm,20260810_133647,False
1542521,0.0156,0.0351,0.9087,1542.521,500000,0.003899999999999999,0.007799999999999998,0.0,0.008720665112249178,tap2,slow,firm,20260810_133647,False
1545020,0.0078,0.0312,0.9048,1545.02,500000,-0.0039000000000000007,0.0038999999999999972,-0.0038999999999999035,0.006754998149518564,tap2,slow,firm,20260810_133647,False
1547500,0.0117,0.0312,0.9087,1547.5,500000,0.0,0.0038999999999999972,0.0,0.0038999999999999972,tap2,slow,firm,20260810_133647,False
1550003,0.0195,0.0312,0.9009,1550.003,500000,0.0078,0.0038999999999999972,-0.007799999999999918,0.011699999999999945,tap2,slow,firm,20260810_133647,False
1552519,0.0117,0.0273,0.9126,1552.519,500000,0.0,0.0,0.0039000000000000146,0.0039000000000000146,tap2,slow,firm,20260810_133647,False
1555013,0.0078,0.0351,0.9087,1555.013,500000,-0.0039000000000000007,0.007799999999999998,0.0,0.00872066511224918,tap2,slow,firm,20260810_133647,False
1557518,0.0156,0.0312,0.9048,1557.518,500000,0.003899999999999999,0.0038999999999999972,-0.0038999999999999035,0.006754998149518563,tap2,slow,firm,20260810_133647,False
1560002,0.0117,0.0273,0.9009,1560.002,500000,0.0,0.0,-0.007799999999999918,0.007799999999999918,tap2,slow,firm,20260810_133647,False
1562514,0.0117,0.0273,0.9087,1562.514,500000,0.0,0.0,0.0,0.0,tap2,slow,firm,20260810_133647,False
1565013,0.0117,0.0273,0.9126,1565.013,500000,0.0,0.0,0.0039000000000000146,0.0039000000000000146,tap2,slow,firm,20260810_133647,False
1567524,0.0078,0.0312,0.9048,1567.524,500000,-0.0039000000000000007,0.0038999999999999972,-0.0038999999999999035,0.006754998149518564,tap2,slow,firm,20260810_133647,False
1570001,0.0156,0.0273,0.9126,1570.001,500000,0.003899999999999999,0.0,0.0039000000000000146,0.00551543289325508,tap2,slow,firm,20260810_133647,False
1572503,0.0156,0.0312,0.9087,1572.503,500000,0.003899999999999999,0.0038999999999999972,0.0,0.005515432893255068,tap2,slow,firm,20260810_133647,False
1575002,0.0195,0.0273,0.9009,1575.002,500000,0.0078,0.0,-0.007799999999999918,0.011030865786510084,tap2,slow,firm,20260810_133647,False
1577513,0.0117,0.0273,0.9165,1577.513,500000,0.0,0.0,0.007800000000000029,0.007800000000000029,tap2,slow,firm,20260810_133647,False
1580023,0.0156,0.0273,0.9204,1580.023,500000,0.003899999999999999,0.0,0.011700000000000044,0.01233288287465672,tap2,slow,firm,20260810_133647,False
1582517,0.0117,0.0234,0.9048,1582.517,500000,0.0,-0.0039000000000000007,-0.0038999999999999035,0.005515432893255003,tap2,slow,firm,20260810_133647,False
1585011,0.0195,0.0273,0.9126,1585.011,500000,0.0078,0.0,0.0039000000000000146,0.008720665112249186,tap2,slow,firm,20260810_133647,False
1587527,0.0195,0.0234,0.9126,1587.527,500000,0.0078,-0.0039000000000000007,0.0039000000000000146,0.0095530099968544,tap2,slow,firm,20260810_133647,False
1590014,0.0156,0.0234,0.9087,1590.014,500000,0.003899999999999999,-0.0039000000000000007,0.0,0.00551543289325507,tap2,slow,firm,20260810_133647,False
1592512,0.0195,0.0273,0.9165,1592.512,500000,0.0078,0.0,0.007800000000000029,0.011030865786510162,tap2,slow,firm,20260810_133647,False
1595017,0.0195,0.0273,0.9126,1595.017,500000,0.0078,0.0,0.0039000000000000146,0.008720665112249186,tap2,slow,firm,20260810_133647,False
1597521,0.0078,0.0312,0.9048,1597.521,500000,-0.0039000000000000007,0.0038999999999999972,-0.0038999999999999035,0.006754998149518564,tap2,slow,firm,20260810_133647,False
1600028,0.0117,0.0312,0.9087,1600.028,500000,0.0,0.0038999999999999972,0.0,0.0038999999999999972,tap2,slow,firm,20260810_133647,False
1602529,0.0156,0.0312,0.9087,1602.529,500000,0.003899999999999999,0.0038999999999999972,0.0,0.005515432893255068,tap2,slow,firm,20260810_133647,False
1605001,0.0156,0.0273,0.897,1605.001,500000,0.003899999999999999,0.0,-0.011699999999999933,0.012332882874656614,tap2,slow,firm,20260810_133647,False
1607506,0.0156,0.0273,0.897,1607.506,500000,0.003899999999999999,0.0,-0.011699999999999933,0.012332882874656614,tap2,slow,firm,20260810_133647,False
1610009,0.0156,0.0234,0.9087,1610.009,500000,0.003899999999999999,-0.0039000000000000007,0.0,0.00551543289325507,tap2,slow,firm,20260810_133647,False
1612507,0.0117,0.0273,0.9009,1612.507,500000,0.0,0.0,-0.007799999999999918,0.007799999999999918,tap2,slow,firm,20260810_133647,False
1615010,0.0195,0.0273,0.9087,1615.01,500000,0.0078,0.0,0.0,0.0078,tap2,slow,firm,20260810_133647,False
1617521,0.0195,0.0273,0.9087,1617.521,500000,0.0078,0.0,0.0,0.0078,tap2,slow,firm,20260810_133647,False
1620027,0.0156,0.0312,0.9087,1620.027,500000,0.003899999999999999,0.0038999999999999972,0.0,0.005515432893255068,tap2,slow,firm,20260810_133647,False
1622528,0.0156,0.0234,0.9165,1622.528,500000,0.003899999999999999,-0.0039000000000000007,0.007800000000000029,0.009553009996854418,tap2,slow,firm,20260810_133647,False
1625027,0.0156,0.0195,0.9126,1625.027,500000,0.003899999999999999,-0.007800000000000001,0.0039000000000000146,0.0095530099968544,tap2,slow,firm,20260810_133647,False
1627837,0.0117,0.0273,0.9009,1627.837,500000,0.0,0.0,-0.007799999999999918,0.007799999999999918,tap2,slow,firm,20260810_133647,False
1630021,0.0156,0.0351,0.9048,1630.021,500000,0.003899999999999999,0.007799999999999998,-0.0038999999999999035,0.009553009996854354,tap2,slow,firm,20260810_133647,False
1632520,0.0117,0.0195,0.9009,1632.52,500000,0.0,-0.007800000000000001,-0.007799999999999918,0.011030865786510084,tap2,slow,firm,20260810_133647,False
1635005,0.0195,0.0273,0.9048,1635.005,500000,0.0078,0.0,-0.0038999999999999035,0.008720665112249136,tap2,slow,firm,20260810_133647,False
1637514,0.0195,0.0273,0.9204,1637.514,500000,0.0078,0.0,0.011700000000000044,0.014061649974309594,tap2,slow,firm,20260810_133647,False
1640025,0.0156,0.0273,0.9126,1640.025,500000,0.003899999999999999,0.0,0.0039000000000000146,0.00551543289325508,tap2,slow,firm,20260810_133647,False
1642526,0.0156,0.0312,0.9009,1642.526,500000,0.003899999999999999,0.0038999999999999972,-0.007799999999999918,0.009553009996854326,tap2,slow,firm,20260810_133647,False
1645001,0.0117,0.0312,0.9087,1645.001,500000,0.0,0.0038999999999999972,0.0,0.0038999999999999972,tap2,slow,firm,20260810_133647,False
1647505,0.0117,0.0312,0.897,1647.505,500000,0.0,0.0038999999999999972,-0.011699999999999933,0.012332882874656614,tap2,slow,firm,20260810_133647,False
1650014,0.0195,0.0273,0.9165,1650.014,500000,0.0078,0.0,0.007800000000000029,0.011030865786510162,tap2,slow,firm,20260810_133647,False
1652502,0.0195,0.0312,0.9087,1652.502,500000,0.0078,0.0038999999999999972,0.0,0.00872066511224918,tap2,slow,firm,20260810_133647,False
1655024,0.0156,0.0273,0.9048,1655.024,500000,0.003899999999999999,0.0,-0.0038999999999999035,0.005515432893255002,tap2,slow,firm,20260810_133647,False
1657501,0.0039,0.0351,0.9048,1657.501,500000,-0.0078000000000000005,0.007799999999999998,-0.0038999999999999035,0.011699999999999966,tap2,slow,firm,20260810_133647,False
1660012,0.0117,0.0351,0.9087,1660.012,500000,0.0,0.007799999999999998,0.0,0.007799999999999998,tap2,slow,firm,20260810_133647,False
1662510,0.0156,0.0273,0.9048,1662.51,500000,0.003899999999999999,0.0,-0.0038999999999999035,0.005515432893255002,tap2,slow,firm,20260810_133647,False
1665012,0.0195,0.0273,0.9204,1665.012,500000,0.0078,0.0,0.011700000000000044,0.014061649974309594,tap2,slow,firm,20260810_133647,False
1667523,0.0195,0.0273,0.9165,1667.523,500000,0.0078,0.0,0.007800000000000029,0.011030865786510162,tap2,slow,firm,20260810_133647,False
1670029,0.0156,0.0312,0.9126,1670.029,500000,0.003899999999999999,0.0038999999999999972,0.0039000000000000146,0.006754998149518627,tap2,slow,firm,20260810_133647,False
1672527,0.0156,0.0234,0.9048,1672.527,500000,0.003899999999999999,-0.0039000000000000007,-0.0038999999999999035,0.006754998149518566,tap2,slow,firm,20260810_133647,False
1675001,0.0156,0.0312,0.9126,1675.001,500000,0.003899999999999999,0.0038999999999999972,0.0039000000000000146,0.006754998149518627,tap2,slow,firm,20260810_133647,False
1677503,0.0234,0.0234,0.9009,1677.503,500000,0.0117,-0.0039000000000000007,-0.007799999999999918,0.014592463808418327,tap2,slow,firm,20260810_133647,False
1680010,0.0156,0.0273,0.9087,1680.01,500000,0.003899999999999999,0.0,0.0,0.003899999999999999,tap2,slow,firm,20260810_133647,False
1682510,0.0117,0.0312,0.9009,1682.51,500000,0.0,0.0038999999999999972,-0.007799999999999918,0.008720665112249105,tap2,slow,firm,20260810_133647,False
1685011,0.0117,0.0273,0.9048,1685.011,500000,0.0,0.0,-0.0038999999999999035,0.0038999999999999035,tap2,slow,firm,20260810_133647,False
1687500,0.0117,0.0312,0.9126,1687.5,500000,0.0,0.0038999999999999972,0.0039000000000000146,0.005515432893255079,tap2,slow,firm,20260810_133647,False
1690006,0.0156,0.0234,0.9048,1690.006,500000,0.003899999999999999,-0.0039000000000000007,-0.0038999999999999035,0.006754998149518566,tap2,slow,firm,20260810_133647,False
1692507,0.0078,0.0351,0.9087,1692.507,500000,-0.0039000000000000007,0.007799999999999998,0.0,0.00872066511224918,tap2,slow,firm,20260810_133647,False
1695004,0.0156,0.0273,0.9087,1695.004,500000,0.003899999999999999,0.0,0.0,0.003899999999999999,tap2,slow,firm,20260810_133647,False
1697511,0.0195,0.0273,0.9087,1697.511,500000,0.0078,0.0,0.0,0.0078,tap2,slow,firm,20260810_133647,False
1700021,0.0117,0.0312,0.9126,1700.021,500000,0.0,0.0038999999999999972,0.0039000000000000146,0.005515432893255079,tap2,slow,firm,20260810_133647,False
1702523,0.0156,0.0273,0.9087,1702.523,500000,0.003899999999999999,0.0,0.0,0.003899999999999999,tap2,slow,firm,20260810_133647,False
1705009,0.0156,0.0312,0.9126,1705.009,500000,0.003899999999999999,0.0038999999999999972,0.0039000000000000146,0.006754998149518627,tap2,slow,firm,20260810_133647,False
1707514,0.0156,0.0234,0.897,1707.514,500000,0.003899999999999999,-0.0039000000000000007,-0.011699999999999933,0.012934836682385998,tap2,slow,firm,20260810_133647,False
1710021,0.0156,0.0351,0.9087,1710.021,500000,0.003899999999999999,0.007799999999999998,0.0,0.008720665112249178,tap2,slow,firm,20260810_133647,False
1712519,0.0117,0.0273,0.9087,1712.519,500000,0.0,0.0,0.0,0.0,tap2,slow,firm,20260810_133647,False
1715009,0.0117,0.0273,0.9087,1715.009,500000,0.0,0.0,0.0,0.0,tap2,slow,firm,20260810_133647,False
1717518,0.0156,0.0351,0.9009,1717.518,500000,0.003899999999999999,0.007799999999999998,-0.007799999999999918,0.011699999999999943,tap2,slow,firm,20260810_133647,False
1720024,0.0195,0.0273,0.8931,1720.024,500000,0.0078,0.0,-0.015599999999999947,0.017441330224498314,tap2,slow,firm,20260810_133647,False
1722528,0.0195,0.0156,0.9048,1722.528,500000,0.0078,-0.011700000000000002,-0.0038999999999999035,0.014592463808418348,tap2,slow,firm,20260810_133647,False
1725000,0.0195,0.0273,0.9126,1725.0,500000,0.0078,0.0,0.0039000000000000146,0.008720665112249186,tap2,slow,firm,20260810_133647,False
1727503,0.0117,0.0273,0.9009,1727.503,500000,0.0,0.0,-0.007799999999999918,0.007799999999999918,tap2,slow,firm,20260810_133647,False
1730237,0.0117,0.0234,0.9126,1730.237,500000,0.0,-0.0039000000000000007,0.0039000000000000146,0.005515432893255082,tap2,slow,firm,20260810_133647,False
1732504,0.0195,0.0312,0.9126,1732.504,500000,0.0078,0.0038999999999999972,0.0039000000000000146,0.0095530099968544,tap2,slow,firm,20260810_133647,False
1735003,0.0273,0.0234,0.9087,1735.003,500000,0.015600000000000001,-0.0039000000000000007,0.0,0.016080111939908878,tap2,slow,firm,20260810_133647,False
1737512,0.0156,0.0273,0.9165,1737.512,500000,0.003899999999999999,0.0,0.007800000000000029,0.008720665112249205,tap2,slow,firm,20260810_133647,False
1740015,0.0156,0.0273,0.9126,1740.015,500000,0.003899999999999999,0.0,0.0039000000000000146,0.00551543289325508,tap2,slow,firm,20260810_133647,False
1742518,0.0195,0.0273,0.9126,1742.518,500000,0.0078,0.0,0.0039000000000000146,0.008720665112249186,tap2,slow,firm,20260810_133647,False
1745011,0.0156,0.0273,0.9009,1745.011,500000,0.003899999999999999,0.0,-0.007799999999999918,0.008720665112249105,tap2,slow,firm,20260810_133647,False
1747521,0.0156,0.0312,0.9048,1747.521,500000,0.003899999999999999,0.0038999999999999972,-0.0038999999999999035,0.006754998149518563,tap2,slow,firm,20260810_133647,False
1750000,0.0156,0.0234,0.9243,1750.0,500000,0.003899999999999999,-0.0039000000000000007,0.015600000000000058,0.016546298679765266,tap2,slow,firm,20260810_133647,False
1752513,0.0195,0.0312,0.9009,1752.513,500000,0.0078,0.0038999999999999972,-0.007799999999999918,0.011699999999999945,tap2,slow,firm,20260810_133647,False
1755002,0.0156,0.0234,0.9126,1755.002,500000,0.003899999999999999,-0.0039000000000000007,0.0039000000000000146,0.00675499814951863,tap2,slow,firm,20260810_133647,False
1757513,0.0117,0.0273,0.9048,1757.513,500000,0.0,0.0,-0.0038999999999999035,0.0038999999999999035,tap2,slow,firm,20260810_133647,False
1760011,0.0156,0.0273,0.9087,1760.011,500000,0.003899999999999999,0.0,0.0,0.003899999999999999,tap2,slow,firm,20260810_133647,False
1762519,0.0195,0.0312,0.9048,1762.519,500000,0.0078,0.0038999999999999972,-0.0038999999999999035,0.009553009996854354,tap2,slow,firm,20260810_133647,False
1765017,0.0117,0.0273,0.9048,1765.017,500000,0.0,0.0,-0.0038999999999999035,0.0038999999999999035,tap2,slow,firm,20260810_133647,False
1767520,0.0078,0.0312,0.9126,1767.52,500000,-0.0039000000000000007,0.0038999999999999972,0.0039000000000000146,0.006754998149518628,tap2,slow,firm,20260810_133647,False
1770028,0.0156,0.0312,0.9126,1770.028,500000,0.003899999999999999,0.0038999999999999972,0.0039000000000000146,0.006754998149518627,tap2,slow,firm,20260810_133647,False
1772528,0.0078,0.0273,0.9126,1772.528,500000,-0.0039000000000000007,0.0,0.0039000000000000146,0.005515432893255082,tap2,slow,firm,20260810_133647,False
1775002,0.0234,0.0234,0.9126,1775.002,500000,0.0117,-0.0039000000000000007,0.0039000000000000146,0.012934836682386064,tap2,slow,firm,20260810_133647,False
1777511,0.0156,0.0273,0.9087,1777.511,500000,0.003899999999999999,0.0,0.0,0.003899999999999999,tap2,slow,firm,20260810_133647,False
1780014,0.0117,0.0351,0.9048,1780.014,500000,0.0,0.007799999999999998,-0.0038999999999999035,0.008720665112249134,tap2,slow,firm,20260810_133647,False
1782514,0.0156,0.0312,0.9126,1782.514,500000,0.003899999999999999,0.0038999999999999972,0.0039000000000000146,0.006754998149518627,tap2,slow,firm,20260810_133647,False
1785012,0.0156,0.0273,0.9126,1785.012,500000,0.003899999999999999,0.0,0.0039000000000000146,0.00551543289325508,tap2,slow,firm,20260810_133647,False
1787501,0.0156,0.0273,0.9048,1787.501,500000,0.003899999999999999,0.0,-0.0038999999999999035,0.005515432893255002,tap2,slow,firm,20260810_133647,False
1790005,0.0156,0.0273,0.9243,1790.005,500000,0.003899999999999999,0.0,0.015600000000000058,0.016080111939908933,tap2,slow,firm,20260810_133647,False
1792504,0.0078,0.0234,0.9165,1792.504,500000,-0.0039000000000000007,-0.0039000000000000007,0.007800000000000029,0.00955300999685442,tap2,slow,firm,20260810_133647,False
1795010,0.0156,0.0195,0.9048,1795.01,500000,0.003899999999999999,-0.007800000000000001,-0.0038999999999999035,0.009553009996854355,tap2,slow,firm,20260810_133647,False
1797523,0.0117,0.0312,0.9087,1797.523,500000,0.0,0.0038999999999999972,0.0,0.0038999999999999972,tap2,slow,firm,20260810_133647,False
1800026,0.0156,0.0273,0.9204,1800.026,500000,0.003899999999999999,0.0,0.011700000000000044,0.01233288287465672,tap2,slow,firm,20260810_133647,False
1802529,0.0156,0.0351,0.9126,1802.529,500000,0.003899999999999999,0.007799999999999998,0.0039000000000000146,0.009553009996854399,tap2,slow,firm,20260810_133647,False
1805026,0.0117,0.0312,0.9009,1805.026,500000,0.0,0.0038999999999999972,-0.007799999999999918,0.008720665112249105,tap2,slow,firm,20260810_133647,False
1807501,0.0117,0.0273,0.9204,1807.501,500000,0.0,0.0,0.011700000000000044,0.011700000000000044,tap2,slow,firm,20260810_133647,False
1810002,0.0195,0.0234,0.9126,1810.002,500000,0.0078,-0.0039000000000000007,0.0039000000000000146,0.0095530099968544,tap2,slow,firm,20260810_133647,False
1812500,0.0078,0.0312,0.9087,1812.5,500000,-0.0039000000000000007,0.0038999999999999972,0.0,0.0055154328932550695,tap2,slow,firm,20260810_133647,False
1815006,0.0156,0.0351,0.9087,1815.006,500000,0.003899999999999999,0.007799999999999998,0.0,0.008720665112249178,tap2,slow,firm,20260810_133647,False
1817518,0.0156,0.0351,0.9087,1817.518,500000,0.003899999999999999,0.007799999999999998,0.0,0.008720665112249178,tap2,slow,firm,20260810_133647,False
1820024,0.0156,0.0273,0.9165,1820.024,500000,0.003899999999999999,0.0,0.007800000000000029,0.008720665112249205,tap2,slow,firm,20260810_133647,False
1822526,0.0117,0.0312,0.9126,1822.526,500000,0.0,0.0038999999999999972,0.0039000000000000146,0.005515432893255079,tap2,slow,firm,20260810_133647,False
1825009,0.0156,0.0234,0.9048,1825.009,500000,0.003899999999999999,-0.0039000000000000007,-0.0038999999999999035,0.006754998149518566,tap2,slow,firm,20260810_133647,False
1827521,0.0156,0.0273,0.9048,1827.521,500000,0.003899999999999999,0.0,-0.0038999999999999035,0.005515432893255002,tap2,slow,firm,20260810_133647,False
1830002,0.0195,0.0195,0.9048,1830.002,500000,0.0078,-0.007800000000000001,-0.0038999999999999035,0.011699999999999969,tap2,slow,firm,20260810_133647,False
1832752,0.0156,0.0273,0.9126,1832.752,500000,0.003899999999999999,0.0,0.0039000000000000146,0.00551543289325508,tap2,slow,firm,20260810_133647,False
1835024,0.0156,0.0351,0.9048,1835.024,500000,0.003899999999999999,0.007799999999999998,-0.0038999999999999035,0.009553009996854354,tap2,slow,firm,20260810_133647,False
1837526,0.0156,0.0234,0.9048,1837.526,500000,0.003899999999999999,-0.0039000000000000007,-0.0038999999999999035,0.006754998149518566,tap2,slow,firm,20260810_133647,False
1840002,0.0234,0.0273,0.9204,1840.002,500000,0.0117,0.0,0.011700000000000044,0.01654629867976524,tap2,slow,firm,20260810_133647,False
1842506,0.0195,0.0234,0.9009,1842.506,500000,0.0078,-0.0039000000000000007,-0.007799999999999918,0.011699999999999945,tap2,slow,firm,20260810_133647,False
1845007,0.0195,0.0273,0.9048,1845.007,500000,0.0078,0.0,-0.0038999999999999035,0.008720665112249136,tap2,slow,firm,20260810_133647,False
1847515,0.0117,0.0351,0.9204,1847.515,500000,0.0,0.007799999999999998,0.011700000000000044,0.014061649974309594,tap2,slow,firm,20260810_133647,False
1850019,0.0117,0.0351,0.9087,1850.019,500000,0.0,0.007799999999999998,0.0,0.007799999999999998,tap2,slow,firm,20260810_133647,False
1852520,0.0156,0.0312,0.9126,1852.52,500000,0.003899999999999999,0.0038999999999999972,0.0039000000000000146,0.006754998149518627,tap2,slow,firm,20260810_133647,False
1855019,0.0156,0.039,0.9048,1855.019,500000,0.003899999999999999,0.011699999999999999,-0.0038999999999999035,0.01293483668238603,tap2,slow,firm,20260810_133647,False
1857523,0.0195,0.0234,0.9087,1857.523,500000,0.0078,-0.0039000000000000007,0.0,0.00872066511224918,tap2,slow,firm,20260810_133647,False
1860014,0.0234,0.0234,0.9087,1860.014,500000,0.0117,-0.0039000000000000007,0.0,0.01233288287465668,tap2,slow,firm,20260810_133647,False
1862516,0.0117,0.0273,0.9087,1862.516,500000,0.0,0.0,0.0,0.0,tap2,slow,firm,20260810_133647,False
1865009,0.0078,0.0312,0.9165,1865.009,500000,-0.0039000000000000007,0.0038999999999999972,0.007800000000000029,0.009553009996854418,tap2,slow,firm,20260810_133647,False
1867516,0.0195,0.0273,0.9087,1867.516,500000,0.0078,0.0,0.0,0.0078,tap2,slow,firm,20260810_133647,False
1870026,0.0117,0.0273,0.9087,1870.026,500000,0.0,0.0,0.0,0.0,tap2,slow,firm,20260810_133647,False
1872523,0.0117,0.0312,0.9126,1872.523,500000,0.0,0.0038999999999999972,0.0039000000000000146,0.005515432893255079,tap2,slow,firm,20260810_133647,False
1875004,0.0234,0.0234,0.9126,1875.004,500000,0.0117,-0.0039000000000000007,0.0039000000000000146,0.012934836682386064,tap2,slow,firm,20260810_133647,False
1877511,0.0156,0.0351,0.9126,1877.511,500000,0.003899999999999999,0.007799999999999998,0.0039000000000000146,0.009553009996854399,tap2,slow,firm,20260810_133647,False
1880019,0.0156,0.0312,0.9126,1880.019,500000,0.003899999999999999,0.0038999999999999972,0.0039000000000000146,0.006754998149518627,tap2,slow,firm,20260810_133647,False
1882515,0.0117,0.0312,0.9087,1882.515,500000,0.0,0.0038999999999999972,0.0,0.0038999999999999972,tap2,slow,firm,20260810_133647,False
1885014,0.0156,0.0312,0.9087,1885.014,500000,0.003899999999999999,0.0038999999999999972,0.0,0.005515432893255068,tap2,slow,firm,20260810_133647,False
1887505,0.0195,0.0273,0.9126,1887.505,500000,0.0078,0.0,0.0039000000000000146,0.008720665112249186,tap2,slow,firm,20260810_133647,False
1890026,0.0078,0.0273,0.9087,1890.026,500000,-0.0039000000000000007,0.0,0.0,0.0039000000000000007,tap2,slow,firm,20260810_133647,False
1892528,0.0156,0.0273,0.9126,1892.528,500000,0.003899999999999999,0.0,0.0039000000000000146,0.00551543289325508,tap2,slow,firm,20260810_133647,False
1895008,0.0195,0.0273,0.9048,1895.008,500000,0.0078,0.0,-0.0038999999999999035,0.008720665112249136,tap2,slow,firm,20260810_133647,False
1897509,0.0156,0.0273,0.9087,1897.509,500000,0.003899999999999999,0.0,0.0,0.003899999999999999,tap2,slow,firm,20260810_133647,False
1900014,0.0195,0.0273,0.897,1900.014,500000,0.0078,0.0,-0.011699999999999933,0.014061649974309502,tap2,slow,firm,20260810_133647,False
1902509,0.0195,0.0273,0.9048,1902.509,500000,0.0078,0.0,-0.0038999999999999035,0.008720665112249136,tap2,slow,firm,20260810_133647,False
1905001,0.0195,0.0312,0.9009,1905.001,500000,0.0078,0.0038999999999999972,-0.007799999999999918,0.011699999999999945,tap2,slow,firm,20260810_133647,False
1907509,0.0078,0.0312,0.9087,1907.509,500000,-0.0039000000000000007,0.0038999999999999972,0.0,0.0055154328932550695,tap2,slow,firm,20260810_133647,False
1910017,0.0117,0.0351,0.9126,1910.017,500000,0.0,0.007799999999999998,0.0039000000000000146,0.008720665112249185,tap2,slow,firm,20260810_133647,False
1912518,0.0195,0.0234,0.9087,1912.518,500000,0.0078,-0.0039000000000000007,0.0,0.00872066511224918,tap2,slow,firm,20260810_133647,False
1915006,0.0156,0.0273,0.9126,1915.006,500000,0.003899999999999999,0.0,0.0039000000000000146,0.00551543289325508,tap2,slow,firm,20260810_133647,False
1917515,0.0156,0.0351,0.9087,1917.515,500000,0.003899999999999999,0.007799999999999998,0.0,0.008720665112249178,tap2,slow,firm,20260810_133647,False
1920021,0.0156,0.0273,0.9087,1920.021,500000,0.003899999999999999,0.0,0.0,0.003899999999999999,tap2,slow,firm,20260810_133647,False
1922524,0.0156,0.0273,0.9087,1922.524,500000,0.003899999999999999,0.0,0.0,0.003899999999999999,tap2,slow,firm,20260810_133647,False
1925009,0.0156,0.0273,0.9087,1925.009,500000,0.003899999999999999,0.0,0.0,0.003899999999999999,tap2,slow,firm,20260810_133647,False
1927521,0.0078,0.0312,0.9165,1927.521,500000,-0.0039000000000000007,0.0038999999999999972,0.007800000000000029,0.009553009996854418,tap2,slow,firm,20260810_133647,False
1930000,0.0078,0.0234,0.9126,1930.0,500000,-0.0039000000000000007,-0.0039000000000000007,0.0039000000000000146,0.006754998149518631,tap2,slow,firm,20260810_133647,False
1932527,0.0117,0.0351,0.9009,1932.527,500000,0.0,0.007799999999999998,-0.007799999999999918,0.011030865786510082,tap2,slow,firm,20260810_133647,False
1935027,0.0195,0.0234,0.9048,1935.027,500000,0.0078,-0.0039000000000000007,-0.0038999999999999035,0.009553009996854355,tap2,slow,firm,20260810_133647,False
1937505,0.0234,0.0273,0.9048,1937.505,500000,0.0117,0.0,-0.0038999999999999035,0.012332882874656649,tap2,slow,firm,20260810_133647,False
1940011,0.0234,0.0273,0.9048,1940.011,500000,0.0117,0.0,-0.0038999999999999035,0.012332882874656649,tap2,slow,firm,20260810_133647,False
1942507,0.0117,0.0312,0.9048,1942.507,500000,0.0,0.0038999999999999972,-0.0038999999999999035,0.005515432893255,tap2,slow,firm,20260810_133647,False
1945010,0.0234,0.0312,0.9126,1945.01,500000,0.0117,0.0038999999999999972,0.0039000000000000146,0.012934836682386064,tap2,slow,firm,20260810_133647,False
1947516,0.0156,0.0234,0.9165,1947.516,500000,0.003899999999999999,-0.0039000000000000007,0.007800000000000029,0.009553009996854418,tap2,slow,firm,20260810_133647,False
1950019,0.0156,0.0234,0.9048,1950.019,500000,0.003899999999999999,-0.0039000000000000007,-0.0038999999999999035,0.006754998149518566,tap2,slow,firm,20260810_133647,False
1952523,0.0117,0.0351,0.9087,1952.523,500000,0.0,0.007799999999999998,0.0,0.007799999999999998,tap2,slow,firm,20260810_133647,False
1955004,0.0117,0.039,0.9009,1955.004,500000,0.0,0.011699999999999999,-0.007799999999999918,0.014061649974309512,tap2,slow,firm,20260810_133647,False
1957511,0.0078,0.039,0.9087,1957.511,500000,-0.0039000000000000007,0.011699999999999999,0.0,0.012332882874656679,tap2,slow,firm,20260810_133647,False
1960021,0.0156,0.0273,0.9087,1960.021,500000,0.003899999999999999,0.0,0.0,0.003899999999999999,tap2,slow,firm,20260810_133647,False
1962525,0.0156,0.0273,0.9087,1962.525,500000,0.003899999999999999,0.0,0.0,0.003899999999999999,tap2,slow,firm,20260810_133647,False
1965020,0.0156,0.0234,0.9048,1965.02,500000,0.003899999999999999,-0.0039000000000000007,-0.0038999999999999035,0.006754998149518566,tap2,slow,firm,20260810_133647,False
1967501,0.0117,0.0312,0.9165,1967.501,500000,0.0,0.0038999999999999972,0.007800000000000029,0.008720665112249205,tap2,slow,firm,20260810_133647,False
1970011,0.0117,0.0273,0.9126,1970.011,500000,0.0,0.0,0.0039000000000000146,0.0039000000000000146,tap2,slow,firm,20260810_133647,False
1972515,0.0195,0.0312,0.9087,1972.515,500000,0.0078,0.0038999999999999972,0.0,0.00872066511224918,tap2,slow,firm,20260810_133647,False
1975003,0.0156,0.0234,0.9087,1975.003,500000,0.003899999999999999,-0.0039000000000000007,0.0,0.00551543289325507,tap2,slow,firm,20260810_133647,False
1977512,0.0117,0.0351,0.9087,1977.512,500000,0.0,0.007799999999999998,0.0,0.007799999999999998,tap2,slow,firm,20260810_133647,False
1980014,0.0078,0.0351,0.9048,1980.014,500000,-0.0039000000000000007,0.007799999999999998,-0.0038999999999999035,0.009553009996854354,tap2,slow,firm,20260810_133647,False
1982509,0.0078,0.0312,0.9009,1982.509,500000,-0.0039000000000000007,0.0038999999999999972,-0.007799999999999918,0.009553009996854326,tap2,slow,firm,20260810_133647,False
1985000,0.0156,0.0273,0.9009,1985.0,500000,0.003899999999999999,0.0,-0.007799999999999918,0.008720665112249105,tap2,slow,firm,20260810_133647,False
1987520,0.0117,0.0273,0.9126,1987.52,500000,0.0,0.0,0.0039000000000000146,0.0039000000000000146,tap2,slow,firm,20260810_133647,False
1990023,0.0117,0.0351,0.9165,1990.023,500000,0.0,0.007799999999999998,0.007800000000000029,0.01103086578651016,tap2,slow,firm,20260810_133647,False
1992519,0.0039,0.0351,0.9204,1992.519,500000,-0.0078000000000000005,0.007799999999999998,0.011700000000000044,0.016080111939908905,tap2,slow,firm,20260810_133647,False
1995019,0.0195,0.0312,0.9087,1995.019,500000,0.0078,0.0038999999999999972,0.0,0.00872066511224918,tap2,slow,firm,20260810_133647,False
1997519,0.0195,0.0234,0.9087,1997.519,500000,0.0078,-0.0039000000000000007,0.0,0.00872066511224918,tap2,slow,firm,20260810_133647,False
2000024,0.0156,0.0234,0.9126,2000.024,500000,0.003899999999999999,-0.0039000000000000007,0.0039000000000000146,0.00675499814951863,tap2,slow,firm,20260810_133647,False
2002527,0.0195,0.0273,0.9048,2002.527,500000,0.0078,0.0,-0.0038999999999999035,0.008720665112249136,tap2,slow,firm,20260810_133647,False
2005026,0.0156,0.0234,0.9165,2005.026,500000,0.003899999999999999,-0.0039000000000000007,0.007800000000000029,0.009553009996854418,tap2,slow,firm,20260810_133647,False
2007528,0.0156,0.0234,0.9048,2007.528,500000,0.003899999999999999,-0.0039000000000000007,-0.0038999999999999035,0.006754998149518566,tap2,slow,firm,20260810_133647,False
2010015,0.0234,0.0273,0.9126,2010.015,500000,0.0117,0.0,0.0039000000000000146,0.012332882874656684,tap2,slow,firm,20260810_133647,False
2012512,0.0195,0.0273,0.9009,2012.512,500000,0.0078,0.0,-0.007799999999999918,0.011030865786510084,tap2,slow,firm,20260810_133647,False
2015012,0.0195,0.0234,0.9009,2015.012,500000,0.0078,-0.0039000000000000007,-0.007799999999999918,0.011699999999999945,tap2,slow,firm,20260810_133647,False
2017520,0.0156,0.0312,0.9048,2017.52,500000,0.003899999999999999,0.0038999999999999972,-0.0038999999999999035,0.006754998149518563,tap2,slow,firm,20260810_133647,False
2020027,0.0195,0.0273,0.9048,2020.027,500000,0.0078,0.0,-0.0038999999999999035,0.008720665112249136,tap2,slow,firm,20260810_133647,False
2022506,0.0117,0.0351,0.897,2022.506,500000,0.0,0.007799999999999998,-0.011699999999999933,0.014061649974309502,tap2,slow,firm,20260810_133647,False
2025014,0.0156,0.0312,0.9048,2025.014,500000,0.003899999999999999,0.0038999999999999972,-0.0038999999999999035,0.006754998149518563,tap2,slow,firm,20260810_133647,False
2027522,0.0156,0.0312,0.9165,2027.522,500000,0.003899999999999999,0.0038999999999999972,0.007800000000000029,0.009553009996854416,tap2,slow,firm,20260810_133647,False
2030029,0.0156,0.0312,0.9165,2030.029,500000,0.003899999999999999,0.0038999999999999972,0.007800000000000029,0.009553009996854416,tap2,slow,firm,20260810_133647,False
2032501,0.0117,0.0273,0.9126,2032.501,500000,0.0,0.0,0.0039000000000000146,0.0039000000000000146,tap2,slow,firm,20260810_133647,False
2035012,0.0195,0.0195,0.897,2035.012,500000,0.0078,-0.007800000000000001,-0.011699999999999933,0.01608011193990883,tap2,slow,firm,20260810_133647,False
2037505,0.0117,0.0351,0.9087,2037.505,500000,0.0,0.007799999999999998,0.0,0.007799999999999998,tap2,slow,firm,20260810_133647,False
2040028,0.0117,0.0273,0.9048,2040.028,500000,0.0,0.0,-0.0038999999999999035,0.0038999999999999035,tap2,slow,firm,20260810_133647,False
2042526,0.0117,0.0195,0.9009,2042.526,500000,0.0,-0.007800000000000001,-0.007799999999999918,0.011030865786510084,tap2,slow,firm,20260810_133647,False
2045017,0.0117,0.0234,0.9126,2045.017,500000,0.0,-0.0039000000000000007,0.0039000000000000146,0.005515432893255082,tap2,slow,firm,20260810_133647,False
2047526,0.0117,0.0273,0.9282,2047.526,500000,0.0,0.0,0.019500000000000073,0.019500000000000073,tap2,slow,firm,20260810_133647,False
2050011,0.0273,0.0234,0.9165,2050.011,500000,0.015600000000000001,-0.0039000000000000007,0.007800000000000029,0.01787204521032779,tap2,slow,firm,20260810_133647,False
2052502,0.0156,0.0156,0.9126,2052.502,500000,0.003899999999999999,-0.011700000000000002,0.0039000000000000146,0.012934836682386066,tap2,slow,firm,20260810_133647,False
2055026,0.0234,0.0156,0.9087,2055.026,500000,0.0117,-0.011700000000000002,0.0,0.016546298679765214,tap2,slow,firm,20260810_133647,False
2057500,0.0195,0.0273,0.9087,2057.5,500000,0.0078,0.0,0.0,0.0078,tap2,slow,firm,20260810_133647,False
2060015,0.0156,0.0273,0.9165,2060.015,500000,0.003899999999999999,0.0,0.007800000000000029,0.008720665112249205,tap2,slow,firm,20260810_133647,False
2062516,0.0078,0.0273,0.9087,2062.516,500000,-0.0039000000000000007,0.0,0.0,0.0039000000000000007,tap2,slow,firm,20260810_133647,False
2065009,0.0195,0.0312,0.9087,2065.009,500000,0.0078,0.0038999999999999972,0.0,0.00872066511224918,tap2,slow,firm,20260810_133647,False
2067517,0.0156,0.0351,0.9126,2067.517,500000,0.003899999999999999,0.007799999999999998,0.0039000000000000146,0.009553009996854399,tap2,slow,firm,20260810_133647,False
2070025,0.0117,0.0273,0.9048,2070.025,500000,0.0,0.0,-0.0038999999999999035,0.0038999999999999035,tap2,slow,firm,20260810_133647,False
2072524,0.0117,0.0312,0.9048,2072.524,500000,0.0,0.0038999999999999972,-0.0038999999999999035,0.005515432893255,tap2,slow,firm,20260810_133647,False
2075006,0.0156,0.0234,0.9087,2075.006,500000,0.003899999999999999,-0.0039000000000000007,0.0,0.00551543289325507,tap2,slow,firm,20260810_133647,False
2077515,0.0156,0.0273,0.9204,2077.515,500000,0.003899999999999999,0.0,0.011700000000000044,0.01233288287465672,tap2,slow,firm,20260810_133647,False
2080018,0.0156,0.0351,0.9126,2080.018,500000,0.003899999999999999,0.007799999999999998,0.0039000000000000146,0.009553009996854399,tap2,slow,firm,20260810_133647,False
2082520,0.0117,0.0234,0.9126,2082.52,500000,0.0,-0.0039000000000000007,0.0039000000000000146,0.005515432893255082,tap2,slow,firm,20260810_133647,False
2085006,0.0195,0.0273,0.9165,2085.006,500000,0.0078,0.0,0.007800000000000029,0.011030865786510162,tap2,slow,firm,20260810_133647,False
2087512,0.0078,0.0273,0.9126,2087.512,500000,-0.0039000000000000007,0.0,0.0039000000000000146,0.005515432893255082,tap2,slow,firm,20260810_133647,False
2090018,0.0156,0.0273,0.9009,2090.018,500000,0.003899999999999999,0.0,-0.007799999999999918,0.008720665112249105,tap2,slow,firm,20260810_133647,False
2092516,0.0156,0.0234,0.9126,2092.516,500000,0.003899999999999999,-0.0039000000000000007,0.0039000000000000146,0.00675499814951863,tap2,slow,firm,20260810_133647,False
2095017,0.0117,0.0351,0.9126,2095.017,500000,0.0,0.007799999999999998,0.0039000000000000146,0.008720665112249185,tap2,slow,firm,20260810_133647,False
2097526,0.0234,0.0273,0.9048,2097.526,500000,0.0117,0.0,-0.0038999999999999035,0.012332882874656649,tap2,slow,firm,20260810_133647,False
2100009,0.0117,0.0312,0.9087,2100.009,500000,0.0,0.0038999999999999972,0.0,0.0038999999999999972,tap2,slow,firm,20260810_133647,False
2102510,0.0117,0.0351,0.9009,2102.51,500000,0.0,0.007799999999999998,-0.007799999999999918,0.011030865786510082,tap2,slow,firm,20260810_133647,False
2105002,0.0117,0.0234,0.9009,2105.002,500000,0.0,-0.0039000000000000007,-0.007799999999999918,0.008720665112249107,tap2,slow,firm,20260810_133647,False
2107512,0.0156,0.0234,0.9087,2107.512,500000,0.003899999999999999,-0.0039000000000000007,0.0,0.00551543289325507,tap2,slow,firm,20260810_133647,False
2110017,0.0156,0.0273,0.9048,2110.017,500000,0.003899999999999999,0.0,-0.0038999999999999035,0.005515432893255002,tap2,slow,firm,20260810_133647,False
2112513,0.0156,0.0273,0.9126,2112.513,500000,0.003899999999999999,0.0,0.0039000000000000146,0.00551543289325508,tap2,slow,firm,20260810_133647,False
2115019,0.0195,0.0273,0.9048,2115.019,500000,0.0078,0.0,-0.0038999999999999035,0.008720665112249136,tap2,slow,firm,20260810_133647,False
2117523,0.0195,0.0273,0.9009,2117.523,500000,0.0078,0.0,-0.007799999999999918,0.011030865786510084,tap2,slow,firm,20260810_133647,False
2120000,0.0117,0.0273,0.9126,2120.0,500000,0.0,0.0,0.0039000000000000146,0.0039000000000000146,tap2,slow,firm,20260810_133647,False
2122505,0.0195,0.0273,0.9009,2122.505,500000,0.0078,0.0,-0.007799999999999918,0.011030865786510084,tap2,slow,firm,20260810_133647,False
2125010,0.0117,0.0273,0.9048,2125.01,500000,0.0,0.0,-0.0038999999999999035,0.0038999999999999035,tap2,slow,firm,20260810_133647,False
2127512,0.0117,0.0312,0.9165,2127.512,500000,0.0,0.0038999999999999972,0.007800000000000029,0.008720665112249205,tap2,slow,firm,20260810_133647,False
2130021,0.0039,0.0351,0.9009,2130.021,500000,-0.0078000000000000005,0.007799999999999998,-0.007799999999999918,0.013509996299037194,tap2,slow,firm,20260810_133647,False
2132512,0.0078,0.0312,0.9204,2132.512,500000,-0.0039000000000000007,0.0038999999999999972,0.011700000000000044,0.012934836682386099,tap2,slow,firm,20260810_133647,False
2135007,0.0078,0.0312,0.9204,2135.007,500000,-0.0039000000000000007,0.0038999999999999972,0.011700000000000044,0.012934836682386099,tap2,slow,firm,20260810_133647,False
2137513,0.0078,0.0273,0.9087,2137.513,500000,-0.0039000000000000007,0.0,0.0,0.0039000000000000007,tap2,slow,firm,20260810_133647,False
2140000,0.0156,0.0351,0.9165,2140.0,500000,0.003899999999999999,0.007799999999999998,0.007800000000000029,0.011700000000000018,tap2,slow,firm,20260810_133647,False
2142508,0.0156,0.0234,0.9165,2142.508,500000,0.003899999999999999,-0.0039000000000000007,0.007800000000000029,0.009553009996854418,tap2,slow,firm,20260810_133647,False
2145018,0.0078,0.0429,0.9087,2145.018,500000,-0.0039000000000000007,0.0156,0.0,0.016080111939908874,tap2,slow,firm,20260810_133647,False
2147520,0.0195,0.0273,0.9009,2147.52,500000,0.0078,0.0,-0.007799999999999918,0.011030865786510084,tap2,slow,firm,20260810_133647,False
2150023,0.0195,0.0234,0.9087,2150.023,500000,0.0078,-0.0039000000000000007,0.0,0.00872066511224918,tap2,slow,firm,20260810_133647,False
2152506,0.0156,0.0312,0.9126,2152.506,500000,0.003899999999999999,0.0038999999999999972,0.0039000000000000146,0.006754998149518627,tap2,slow,firm,20260810_133647,False
2155024,0.0117,0.0312,0.9204,2155.024,500000,0.0,0.0038999999999999972,0.011700000000000044,0.01233288287465672,tap2,slow,firm,20260810_133647,False
2157527,0.0156,0.0273,0.9087,2157.527,500000,0.003899999999999999,0.0,0.0,0.003899999999999999,tap2,slow,firm,20260810_133647,False
2160013,0.0234,0.0273,0.9009,2160.013,500000,0.0117,0.0,-0.007799999999999918,0.014061649974309512,tap2,slow,firm,20260810_133647,False
2162514,0.0195,0.0234,0.9087,2162.514,500000,0.0078,-0.0039000000000000007,0.0,0.00872066511224918,tap2,slow,firm,20260810_133647,False
2165011,0.0156,0.0312,0.9048,2165.011,500000,0.003899999999999999,0.0038999999999999972,-0.0038999999999999035,0.006754998149518563,tap2,slow,firm,20260810_133647,False
2167518,0.0156,0.0234,0.9126,2167.518,500000,0.003899999999999999,-0.0039000000000000007,0.0039000000000000146,0.00675499814951863,tap2,slow,firm,20260810_133647,False
2170026,0.0234,0.039,0.9087,2170.026,500000,0.0117,0.011699999999999999,0.0,0.01654629867976521,tap2,slow,firm,20260810_133647,False
2172524,0.0156,0.039,0.9087,2172.524,500000,0.003899999999999999,0.011699999999999999,0.0,0.012332882874656677,tap2,slow,firm,20260810_133647,False
2175005,0.0078,0.0273,0.9126,2175.005,500000,-0.0039000000000000007,0.0,0.0039000000000000146,0.005515432893255082,tap2,slow,firm,20260810_133647,False
2177506,0.0156,0.0351,0.9048,2177.506,500000,0.003899999999999999,0.007799999999999998,-0.0038999999999999035,0.009553009996854354,tap2,slow,firm,20260810_133647,False
2180010,0.0078,0.0351,0.9048,2180.01,500000,-0.0039000000000000007,0.007799999999999998,-0.0038999999999999035,0.009553009996854354,tap2,slow,firm,20260810_133647,False
2182512,0.0156,0.0273,0.9126,2182.512,500000,0.003899999999999999,0.0,0.0039000000000000146,0.00551543289325508,tap2,slow,firm,20260810_133647,False
2185018,0.0117,0.0273,0.9165,2185.018,500000,0.0,0.0,0.007800000000000029,0.007800000000000029,tap2,slow,firm,20260810_133647,False
2187505,0.0117,0.0234,0.9165,2187.505,500000,0.0,-0.0039000000000000007,0.007800000000000029,0.008720665112249207,tap2,slow,firm,20260810_133647,False
2190011,0.0156,0.0312,0.9087,2190.011,500000,0.003899999999999999,0.0038999999999999972,0.0,0.005515432893255068,tap2,slow,firm,20260810_133647,False
2192509,0.0234,0.0273,0.9126,2192.509,500000,0.0117,0.0,0.0039000000000000146,0.012332882874656684,tap2,slow,firm,20260810_133647,False
2195015,0.0156,0.0312,0.9048,2195.015,500000,0.003899999999999999,0.0038999999999999972,-0.0038999999999999035,0.006754998149518563,tap2,slow,firm,20260810_133647,False
2197522,0.0156,0.0234,0.9048,2197.522,500000,0.003899999999999999,-0.0039000000000000007,-0.0038999999999999035,0.006754998149518566,tap2,slow,firm,20260810_133647,False
2200026,0.0117,0.0312,0.9087,2200.026,500000,0.0,0.0038999999999999972,0.0,0.0038999999999999972,tap2,slow,firm,20260810_133647,False
2202522,0.0117,0.0312,0.9087,2202.522,500000,0.0,0.0038999999999999972,0.0,0.0038999999999999972,tap2,slow,firm,20260810_133647,False
2205023,0.0117,0.0312,0.9204,2205.023,500000,0.0,0.0038999999999999972,0.011700000000000044,0.01233288287465672,tap2,slow,firm,20260810_133647,False
2207527,0.0195,0.0312,0.9165,2207.527,500000,0.0078,0.0038999999999999972,0.007800000000000029,0.011700000000000018,tap2,slow,firm,20260810_133647,False
2210010,0.0156,0.0234,0.9126,2210.01,500000,0.003899999999999999,-0.0039000000000000007,0.0039000000000000146,0.00675499814951863,tap2,slow,firm,20260810_133647,False
2212508,0.0195,0.0273,0.9087,2212.508,500000,0.0078,0.0,0.0,0.0078,tap2,slow,firm,20260810_133647,False
2215014,0.0117,0.0234,0.9087,2215.014,500000,0.0,-0.0039000000000000007,0.0,0.0039000000000000007,tap2,slow,firm,20260810_133647,False
2217510,0.0117,0.0195,0.9087,2217.51,500000,0.0,-0.007800000000000001,0.0,0.007800000000000001,tap2,slow,firm,20260810_133647,False
2220020,0.0078,0.0351,0.9009,2220.02,500000,-0.0039000000000000007,0.007799999999999998,-0.007799999999999918,0.011699999999999945,tap2,slow,firm,20260810_133647,False
2222519,0.0195,0.0273,0.9165,2222.519,500000,0.0078,0.0,0.007800000000000029,0.011030865786510162,tap2,slow,firm,20260810_133647,False
2225009,0.0156,0.0312,0.9165,2225.009,500000,0.003899999999999999,0.0038999999999999972,0.007800000000000029,0.009553009996854416,tap2,slow,firm,20260810_133647,False
2227518,0.0195,0.0273,0.9204,2227.518,500000,0.0078,0.0,0.011700000000000044,0.014061649974309594,tap2,slow,firm,20260810_133647,False
2230027,0.0156,0.0234,0.9048,2230.027,500000,0.003899999999999999,-0.0039000000000000007,-0.0038999999999999035,0.006754998149518566,tap2,slow,firm,20260810_133647,False
2232523,0.0156,0.0312,0.9087,2232.523,500000,0.003899999999999999,0.0038999999999999972,0.0,0.005515432893255068,tap2,slow,firm,20260810_133647,False
2235009,0.0156,0.0351,0.9204,2235.009,500000,0.003899999999999999,0.007799999999999998,0.011700000000000044,0.014592463808418405,tap2,slow,firm,20260810_133647,False
2237520,0.0117,0.0273,0.9048,2237.52,500000,0.0,0.0,-0.0038999999999999035,0.0038999999999999035,tap2,slow,firm,20260810_133647,False
2240027,0.0117,0.0273,0.9048,2240.027,500000,0.0,0.0,-0.0038999999999999035,0.0038999999999999035,tap2,slow,firm,20260810_133647,False
2242510,0.0117,0.0273,0.9048,2242.51,500000,0.0,0.0,-0.0038999999999999035,0.0038999999999999035,tap2,slow,firm,20260810_133647,False
2245015,0.0117,0.0273,0.9048,2245.015,500000,0.0,0.0,-0.0038999999999999035,0.0038999999999999035,tap2,slow,firm,20260810_133647,False
2247519,0.0078,0.0312,0.9126,2247.519,500000,-0.0039000000000000007,0.0038999999999999972,0.0039000000000000146,0.006754998149518628,tap2,slow,firm,20260810_133647,False
2250025,0.0117,0.039,0.9126,2250.025,500000,0.0,0.011699999999999999,0.0039000000000000146,0.012332882874656684,tap2,slow,firm,20260810_133647,False
2252519,0.0078,0.0234,0.9087,2252.519,500000,-0.0039000000000000007,-0.0039000000000000007,0.0,0.005515432893255071,tap2,slow,firm,20260810_133647,False
2255014,0.0039,0.0234,0.9048,2255.014,500000,-0.0078000000000000005,-0.0039000000000000007,-0.0038999999999999035,0.009553009996854355,tap2,slow,firm,20260810_133647,False
2257519,0.0078,0.0429,0.9048,2257.519,500000,-0.0039000000000000007,0.0156,-0.0038999999999999035,0.016546298679765186,tap2,slow,firm,20260810_133647,False
2260029,0.0195,0.0312,0.9204,2260.029,500000,0.0078,0.0038999999999999972,0.011700000000000044,0.014592463808418405,tap2,slow,firm,20260810_133647,False
2262525,0.0078,0.0312,0.9165,2262.525,500000,-0.0039000000000000007,0.0038999999999999972,0.007800000000000029,0.009553009996854418,tap2,slow,firm,20260810_133647,False
2265019,0.0117,0.0234,0.9087,2265.019,500000,0.0,-0.0039000000000000007,0.0,0.0039000000000000007,tap2,slow,firm,20260810_133647,False
2267520,0.0156,0.0273,0.9048,2267.52,500000,0.003899999999999999,0.0,-0.0038999999999999035,0.005515432893255002,tap2,slow,firm,20260810_133647,False
2270028,0.0117,0.0351,0.9165,2270.028,500000,0.0,0.007799999999999998,0.007800000000000029,0.01103086578651016,tap2,slow,firm,20260810_133647,False
2272501,0.0156,0.0312,0.9165,2272.501,500000,0.003899999999999999,0.0038999999999999972,0.007800000000000029,0.009553009996854416,tap2,slow,firm,20260810_133647,False
2275009,0.0117,0.0312,0.9165,2275.009,500000,0.0,0.0038999999999999972,0.007800000000000029,0.008720665112249205,tap2,slow,firm,20260810_133647,False
2277517,0.0078,0.0312,0.9048,2277.517,500000,-0.0039000000000000007,0.0038999999999999972,-0.0038999999999999035,0.006754998149518564,tap2,slow,firm,20260810_133647,False
2280025,0.0195,0.0273,0.9087,2280.025,500000,0.0078,0.0,0.0,0.0078,tap2,slow,firm,20260810_133647,False
2282510,0.0156,0.0312,0.9087,2282.51,500000,0.003899999999999999,0.0038999999999999972,0.0,0.005515432893255068,tap2,slow,firm,20260810_133647,False
2285003,0.0117,0.039,0.9126,2285.003,500000,0.0,0.011699999999999999,0.0039000000000000146,0.012332882874656684,tap2,slow,firm,20260810_133647,False
2287521,0.0195,0.0312,0.9087,2287.521,500000,0.0078,0.0038999999999999972,0.0,0.00872066511224918,tap2,slow,firm,20260810_133647,False
2290024,0.0078,0.0312,0.9009,2290.024,500000,-0.0039000000000000007,0.0038999999999999972,-0.007799999999999918,0.009553009996854326,tap2,slow,firm,20260810_133647,False
2292525,0.0156,0.0273,0.9048,2292.525,500000,0.003899999999999999,0.0,-0.0038999999999999035,0.005515432893255002,tap2,slow,firm,20260810_133647,False
2295021,0.0156,0.0195,0.9087,2295.021,500000,0.003899999999999999,-0.007800000000000001,0.0,0.00872066511224918,tap2,slow,firm,20260810_133647,False
2297528,0.0117,0.0312,0.9126,2297.528,500000,0.0,0.0038999999999999972,0.0039000000000000146,0.005515432893255079,tap2,slow,firm,20260810_133647,False
2300008,0.0078,0.0351,0.9126,2300.008,500000,-0.0039000000000000007,0.007799999999999998,0.0039000000000000146,0.0095530099968544,tap2,slow,firm,20260810_133647,False
2302504,0.0156,0.0234,0.9204,2302.504,500000,0.003899999999999999,-0.0039000000000000007,0.011700000000000044,0.012934836682386099,tap2,slow,firm,20260810_133647,False
2305005,0.0156,0.0351,0.9126,2305.005,500000,0.003899999999999999,0.007799999999999998,0.0039000000000000146,0.009553009996854399,tap2,slow,firm,20260810_133647,False
2307512,0.0156,0.0273,0.9048,2307.512,500000,0.003899999999999999,0.0,-0.0038999999999999035,0.005515432893255002,tap2,slow,firm,20260810_133647,False
2310015,0.0156,0.0312,0.9087,2310.015,500000,0.003899999999999999,0.0038999999999999972,0.0,0.005515432893255068,tap2,slow,firm,20260810_133647,False
2312516,0.0156,0.0312,0.9165,2312.516,500000,0.003899999999999999,0.0038999999999999972,0.007800000000000029,0.009553009996854416,tap2,slow,firm,20260810_133647,False
2315010,0.0117,0.0351,0.9087,2315.01,500000,0.0,0.007799999999999998,0.0,0.007799999999999998,tap2,slow,firm,20260810_133647,False
2317518,0.0195,0.0273,0.9087,2317.518,500000,0.0078,0.0,0.0,0.0078,tap2,slow,firm,20260810_133647,False
2320023,0.0156,0.0273,0.9048,2320.023,500000,0.003899999999999999,0.0,-0.0038999999999999035,0.005515432893255002,tap2,slow,firm,20260810_133647,False
2322525,0.0117,0.0312,0.9165,2322.525,500000,0.0,0.0038999999999999972,0.007800000000000029,0.008720665112249205,tap2,slow,firm,20260810_133647,False
2325011,0.0156,0.0312,0.9126,2325.011,500000,0.003899999999999999,0.0038999999999999972,0.0039000000000000146,0.006754998149518627,tap2,slow,firm,20260810_133647,False
2327519,0.0117,0.0273,0.9165,2327.519,500000,0.0,0.0,0.007800000000000029,0.007800000000000029,tap2,slow,firm,20260810_133647,False
2330028,0.0078,0.0351,0.9126,2330.028,500000,-0.0039000000000000007,0.007799999999999998,0.0039000000000000146,0.0095530099968544,tap2,slow,firm,20260810_133647,False
2332525,0.0195,0.0312,0.9087,2332.525,500000,0.0078,0.0038999999999999972,0.0,0.00872066511224918,tap2,slow,firm,20260810_133647,False
2335013,0.0078,0.0234,0.9009,2335.013,500000,-0.0039000000000000007,-0.0039000000000000007,-0.007799999999999918,0.009553009996854328,tap2,slow,firm,20260810_133647,False
2337521,0.0156,0.0351,0.9087,2337.521,500000,0.003899999999999999,0.007799999999999998,0.0,0.008720665112249178,tap2,slow,firm,20260810_133647,False
2340026,0.0156,0.0195,0.9087,2340.026,500000,0.003899999999999999,-0.007800000000000001,0.0,0.00872066511224918,tap2,slow,firm,20260810_133647,False
2342527,0.0156,0.0195,0.9048,2342.527,500000,0.003899999999999999,-0.007800000000000001,-0.0038999999999999035,0.009553009996854355,tap2,slow,firm,20260810_133647,False
2345001,0.0156,0.0195,0.9048,2345.001,500000,0.003899999999999999,-0.007800000000000001,-0.0038999999999999035,0.009553009996854355,tap2,slow,firm,20260810_133647,False
2347509,0.0234,0.0273,0.9165,2347.509,500000,0.0117,0.0,0.007800000000000029,0.014061649974309575,tap2,slow,firm,20260810_133647,False
2350004,0.0156,0.0234,0.9126,2350.004,500000,0.003899999999999999,-0.0039000000000000007,0.0039000000000000146,0.00675499814951863,tap2,slow,firm,20260810_133647,False
2352514,0.0117,0.0273,0.9087,2352.514,500000,0.0,0.0,0.0,0.0,tap2,slow,firm,20260810_133647,False
2355024,0.0195,0.0312,0.9087,2355.024,500000,0.0078,0.0038999999999999972,0.0,0.00872066511224918,tap2,slow,firm,20260810_133647,False
2357522,0.0117,0.0195,0.897,2357.522,500000,0.0,-0.007800000000000001,-0.011699999999999933,0.014061649974309504,tap2,slow,firm,20260810_133647,False
2360015,0.0117,0.0273,0.9165,2360.015,500000,0.0,0.0,0.007800000000000029,0.007800000000000029,tap2,slow,firm,20260810_133647,False
2362516,0.0078,0.0351,0.9009,2362.516,500000,-0.0039000000000000007,0.007799999999999998,-0.007799999999999918,0.011699999999999945,tap2,slow,firm,20260810_133647,False
2365012,0.0156,0.0195,0.9126,2365.012,500000,0.003899999999999999,-0.007800000000000001,0.0039000000000000146,0.0095530099968544,tap2,slow,firm,20260810_133647,False
2367520,0.0195,0.0234,0.9048,2367.52,500000,0.0078,-0.0039000000000000007,-0.0038999999999999035,0.009553009996854355,tap2,slow,firm,20260810_133647,False
2370029,0.0156,0.0312,0.9087,2370.029,500000,0.003899999999999999,0.0038999999999999972,0.0,0.005515432893255068,tap2,slow,firm,20260810_133647,False
2372528,0.0078,0.0312,0.9087,2372.528,500000,-0.0039000000000000007,0.0038999999999999972,0.0,0.0055154328932550695,tap2,slow,firm,20260810_133647,False
2375029,0.0156,0.0312,0.9165,2375.029,500000,0.003899999999999999,0.0038999999999999972,0.007800000000000029,0.009553009996854416,tap2,slow,firm,20260810_133647,False
2377506,0.0234,0.0234,0.9204,2377.506,500000,0.0117,-0.0039000000000000007,0.011700000000000044,0.016999705879808657,tap2,slow,firm,20260810_133647,False
2380013,0.0156,0.0273,0.9048,2380.013,500000,0.003899999999999999,0.0,-0.0038999999999999035,0.005515432893255002,tap2,slow,firm,20260810_133647,False
2382515,0.0117,0.0312,0.9048,2382.515,500000,0.0,0.0038999999999999972,-0.0038999999999999035,0.005515432893255,tap2,slow,firm,20260810_133647,False
2385008,0.0156,0.0312,0.9126,2385.008,500000,0.003899999999999999,0.0038999999999999972,0.0039000000000000146,0.006754998149518627,tap2,slow,firm,20260810_133647,False
2387521,0.0117,0.0351,0.9087,2387.521,500000,0.0,0.007799999999999998,0.0,0.007799999999999998,tap2,slow,firm,20260810_133647,False
2390025,0.0156,0.0351,0.9126,2390.025,500000,0.003899999999999999,0.007799999999999998,0.0039000000000000146,0.009553009996854399,tap2,slow,firm,20260810_133647,False
2392523,0.0156,0.0234,0.9126,2392.523,500000,0.003899999999999999,-0.0039000000000000007,0.0039000000000000146,0.00675499814951863,tap2,slow,firm,20260810_133647,False
2395014,0.0156,0.0273,0.9126,2395.014,500000,0.003899999999999999,0.0,0.0039000000000000146,0.00551543289325508,tap2,slow,firm,20260810_133647,False
2397516,0.0078,0.0234,0.9087,2397.516,500000,-0.0039000000000000007,-0.0039000000000000007,0.0,0.005515432893255071,tap2,slow,firm,20260810_133647,False
2400021,0.0156,0.0273,0.9126,2400.021,500000,0.003899999999999999,0.0,0.0039000000000000146,0.00551543289325508,tap2,slow,firm,20260810_133647,False
2402518,0.0156,0.0273,0.9126,2402.518,500000,0.003899999999999999,0.0,0.0039000000000000146,0.00551543289325508,tap2,slow,firm,20260810_133647,False
2405007,0.0195,0.0234,0.9048,2405.007,500000,0.0078,-0.0039000000000000007,-0.0038999999999999035,0.009553009996854355,tap2,slow,firm,20260810_133647,False
2407519,0.0195,0.0195,0.9165,2407.519,500000,0.0078,-0.007800000000000001,0.007800000000000029,0.01350999629903726,tap2,slow,firm,20260810_133647,False
2410029,0.0117,0.0273,0.9126,2410.029,500000,0.0,0.0,0.0039000000000000146,0.0039000000000000146,tap2,slow,firm,20260810_133647,False
2412526,0.0117,0.0234,0.9087,2412.526,500000,0.0,-0.0039000000000000007,0.0,0.0039000000000000007,tap2,slow,firm,20260810_133647,False
2415015,0.0195,0.0273,0.9126,2415.015,500000,0.0078,0.0,0.0039000000000000146,0.008720665112249186,tap2,slow,firm,20260810_133647,False
2417524,0.0195,0.0273,0.9048,2417.524,500000,0.0078,0.0,-0.0038999999999999035,0.008720665112249136,tap2,slow,firm,20260810_133647,False
2420028,0.0156,0.0273,0.9126,2420.028,500000,0.003899999999999999,0.0,0.0039000000000000146,0.00551543289325508,tap2,slow,firm,20260810_133647,False
2422500,0.0117,0.0312,0.9048,2422.5,500000,0.0,0.0038999999999999972,-0.0038999999999999035,0.005515432893255,tap2,slow,firm,20260810_133647,False
2425011,0.0156,0.0273,0.9009,2425.011,500000,0.003899999999999999,0.0,-0.007799999999999918,0.008720665112249105,tap2,slow,firm,20260810_133647,False
2427520,0.0195,0.0273,0.9126,2427.52,500000,0.0078,0.0,0.0039000000000000146,0.008720665112249186,tap2,slow,firm,20260810_133647,False
2430024,0.0156,0.0273,0.9087,2430.024,500000,0.003899999999999999,0.0,0.0,0.003899999999999999,tap2,slow,firm,20260810_133647,False
2432526,0.0156,0.0234,0.9126,2432.526,500000,0.003899999999999999,-0.0039000000000000007,0.0039000000000000146,0.00675499814951863,tap2,slow,firm,20260810_133647,False
2435027,0.0156,0.0273,0.9126,2435.027,500000,0.003899999999999999,0.0,0.0039000000000000146,0.00551543289325508,tap2,slow,firm,20260810_133647,False
2437501,0.0156,0.0234,0.9126,2437.501,500000,0.003899999999999999,-0.0039000000000000007,0.0039000000000000146,0.00675499814951863,tap2,slow,firm,20260810_133647,False
2440003,0.0156,0.0312,0.9087,2440.003,500000,0.003899999999999999,0.0038999999999999972,0.0,0.005515432893255068,tap2,slow,firm,20260810_133647,False
2442504,0.0117,0.0312,0.9126,2442.504,500000,0.0,0.0038999999999999972,0.0039000000000000146,0.005515432893255079,tap2,slow,firm,20260810_133647,False
2445006,0.0156,0.0273,0.9087,2445.006,500000,0.003899999999999999,0.0,0.0,0.003899999999999999,tap2,slow,firm,20260810_133647,False
2447514,0.0117,0.0312,0.9126,2447.514,500000,0.0,0.0038999999999999972,0.0039000000000000146,0.005515432893255079,tap2,slow,firm,20260810_133647,False
2450021,0.0117,0.0312,0.9126,2450.021,500000,0.0,0.0038999999999999972,0.0039000000000000146,0.005515432893255079,tap2,slow,firm,20260810_133647,False
2452524,0.0117,0.0234,0.9204,2452.524,500000,0.0,-0.0039000000000000007,0.011700000000000044,0.012332882874656722,tap2,slow,firm,20260810_133647,False
2455020,0.0117,0.0234,0.9204,2455.02,500000,0.0,-0.0039000000000000007,0.011700000000000044,0.012332882874656722,tap2,slow,firm,20260810_133647,False
2457520,0.0117,0.0273,0.9009,2457.52,500000,0.0,0.0,-0.007799999999999918,0.007799999999999918,tap2,slow,firm,20260810_133647,False
2460001,0.0234,0.0234,0.9087,2460.001,500000,0.0117,-0.0039000000000000007,0.0,0.01233288287465668,tap2,slow,firm,20260810_133647,False
2462504,0.0117,0.0234,0.9048,2462.504,500000,0.0,-0.0039000000000000007,-0.0038999999999999035,0.005515432893255003,tap2,slow,firm,20260810_133647,False
2465012,0.0117,0.0234,0.9087,2465.012,500000,0.0,-0.0039000000000000007,0.0,0.0039000000000000007,tap2,slow,firm,20260810_133647,False
2467519,0.0156,0.0234,0.9126,2467.519,500000,0.003899999999999999,-0.0039000000000000007,0.0039000000000000146,0.00675499814951863,tap2,slow,firm,20260810_133647,False
2470029,0.0156,0.0351,0.9087,2470.029,500000,0.003899999999999999,0.007799999999999998,0.0,0.008720665112249178,tap2,slow,firm,20260810_133647,False
2472527,0.0195,0.0351,0.9165,2472.527,500000,0.0078,0.007799999999999998,0.007800000000000029,0.013509996299037258,tap2,slow,firm,20260810_133647,False
2475001,0.0234,0.0312,0.9165,2475.001,500000,0.0117,0.0038999999999999972,0.007800000000000029,0.014592463808418386,tap2,slow,firm,20260810_133647,False
2477512,0.0156,0.0273,0.9048,2477.512,500000,0.003899999999999999,0.0,-0.0038999999999999035,0.005515432893255002,tap2,slow,firm,20260810_133647,False
2480002,0.0195,0.0351,0.9087,2480.002,500000,0.0078,0.007799999999999998,0.0,0.011030865786510139,tap2,slow,firm,20260810_133647,False
2482507,0.0117,0.0351,0.9165,2482.507,500000,0.0,0.007799999999999998,0.007800000000000029,0.01103086578651016,tap2,slow,firm,20260810_133647,False
2485006,0.0117,0.0351,0.9126,2485.006,500000,0.0,0.007799999999999998,0.0039000000000000146,0.008720665112249185,tap2,slow,firm,20260810_133647,False
2487523,0.0156,0.0273,0.9048,2487.523,500000,0.003899999999999999,0.0,-0.0038999999999999035,0.005515432893255002,tap2,slow,firm,20260810_133647,False
2490026,0.0156,0.0234,0.9165,2490.026,500000,0.003899999999999999,-0.0039000000000000007,0.007800000000000029,0.009553009996854418,tap2,slow,firm,20260810_133647,False
2492523,0.0156,0.0312,0.9126,2492.523,500000,0.003899999999999999,0.0038999999999999972,0.0039000000000000146,0.006754998149518627,tap2,slow,firm,20260810_133647,False
2495018,0.0078,0.0351,0.9165,2495.018,500000,-0.0039000000000000007,0.007799999999999998,0.007800000000000029,0.011700000000000018,tap2,slow,firm,20260810_133647,False
2497520,0.0234,0.0351,0.9165,2497.52,500000,0.0117,0.007799999999999998,0.007800000000000029,0.016080111939908888,tap2,slow,firm,20260810_133647,False
2500024,0.0156,0.0351,0.9087,2500.024,500000,0.003899999999999999,0.007799999999999998,0.0,0.008720665112249178,tap2,slow,firm,20260810_133647,False
2502525,0.0195,0.0273,0.9126,2502.525,500000,0.0078,0.0,0.0039000000000000146,0.008720665112249186,tap2,slow,firm,20260810_133647,False
2505014,0.0156,0.0312,0.9087,2505.014,500000,0.003899999999999999,0.0038999999999999972,0.0,0.005515432893255068,tap2,slow,firm,20260810_133647,False
2507516,0.0234,0.0234,0.9126,2507.516,500000,0.0117,-0.0039000000000000007,0.0039000000000000146,0.012934836682386064,tap2,slow,firm,20260810_133647,False
2510024,0.0234,0.0234,0.9165,2510.024,500000,0.0117,-0.0039000000000000007,0.007800000000000029,0.014592463808418388,tap2,slow,firm,20260810_133647,False
2512519,0.0117,0.0273,0.9087,2512.519,500000,0.0,0.0,0.0,0.0,tap2,slow,firm,20260810_133647,False
2515006,0.0156,0.0195,0.9087,2515.006,500000,0.003899999999999999,-0.007800000000000001,0.0,0.00872066511224918,tap2,slow,firm,20260810_133647,False
2517514,0.0156,0.0273,0.9048,2517.514,500000,0.003899999999999999,0.0,-0.0038999999999999035,0.005515432893255002,tap2,slow,firm,20260810_133647,False
2520022,0.0156,0.0234,0.9087,2520.022,500000,0.003899999999999999,-0.0039000000000000007,0.0,0.00551543289325507,tap2,slow,firm,20260810_133647,False
2522519,0.0078,0.0312,0.9087,2522.519,500000,-0.0039000000000000007,0.0038999999999999972,0.0,0.0055154328932550695,tap2,slow,firm,20260810_133647,False
2525011,0.0117,0.0273,0.9087,2525.011,500000,0.0,0.0,0.0,0.0,tap2,slow,firm,20260810_133647,False
2527519,0.0117,0.0273,0.9048,2527.519,500000,0.0,0.0,-0.0038999999999999035,0.0038999999999999035,tap2,slow,firm,20260810_133647,False
2530025,0.0195,0.0234,0.9048,2530.025,500000,0.0078,-0.0039000000000000007,-0.0038999999999999035,0.009553009996854355,tap2,slow,firm,20260810_133647,False
2532526,0.0117,0.0273,0.9048,2532.526,500000,0.0,0.0,-0.0038999999999999035,0.0038999999999999035,tap2,slow,firm,20260810_133647,False
2535027,0.0117,0.0273,0.9126,2535.027,500000,0.0,0.0,0.0039000000000000146,0.0039000000000000146,tap2,slow,firm,20260810_133647,False
2537501,0.0156,0.0312,0.9087,2537.501,500000,0.003899999999999999,0.0038999999999999972,0.0,0.005515432893255068,tap2,slow,firm,20260810_133647,False
2540007,0.0117,0.0234,0.9048,2540.007,500000,0.0,-0.0039000000000000007,-0.0038999999999999035,0.005515432893255003,tap2,slow,firm,20260810_133647,False
2542507,0.0156,0.0312,0.9048,2542.507,500000,0.003899999999999999,0.0038999999999999972,-0.0038999999999999035,0.006754998149518563,tap2,slow,firm,20260810_133647,False
2545022,0.0195,0.0234,0.9087,2545.022,500000,0.0078,-0.0039000000000000007,0.0,0.00872066511224918,tap2,slow,firm,20260810_133647,False
2547501,0.0195,0.0234,0.9087,2547.501,500000,0.0078,-0.0039000000000000007,0.0,0.00872066511224918,tap2,slow,firm,20260810_133647,False
2550007,0.0195,0.0195,0.9087,2550.007,500000,0.0078,-0.007800000000000001,0.0,0.011030865786510143,tap2,slow,firm,20260810_133647,False
2552503,0.0195,0.0234,0.9009,2552.503,500000,0.0078,-0.0039000000000000007,-0.007799999999999918,0.011699999999999945,tap2,slow,firm,20260810_133647,False
2555017,0.0195,0.0234,0.9009,2555.017,500000,0.0078,-0.0039000000000000007,-0.007799999999999918,0.011699999999999945,tap2,slow,firm,20260810_133647,False
2557520,0.0156,0.0195,0.9126,2557.52,500000,0.003899999999999999,-0.007800000000000001,0.0039000000000000146,0.0095530099968544,tap2,slow,firm,20260810_133647,False
2560001,0.0156,0.0195,0.9048,2560.001,500000,0.003899999999999999,-0.007800000000000001,-0.0038999999999999035,0.009553009996854355,tap2,slow,firm,20260810_133647,False
2562502,0.0195,0.0273,0.9165,2562.502,500000,0.0078,0.0,0.007800000000000029,0.011030865786510162,tap2,slow,firm,20260810_133647,False
2565029,0.0117,0.0273,0.9165,2565.029,500000,0.0,0.0,0.007800000000000029,0.007800000000000029,tap2,slow,firm,20260810_133647,False
2567506,0.0117,0.0312,0.9087,2567.506,500000,0.0,0.0038999999999999972,0.0,0.0038999999999999972,tap2,slow,firm,20260810_133647,False
2570016,0.0117,0.0351,0.9126,2570.016,500000,0.0,0.007799999999999998,0.0039000000000000146,0.008720665112249185,tap2,slow,firm,20260810_133647,False
2572521,0.0156,0.0273,0.9087,2572.521,500000,0.003899999999999999,0.0,0.0,0.003899999999999999,tap2,slow,firm,20260810_133647,False
2575016,0.0078,0.0351,0.9204,2575.016,500000,-0.0039000000000000007,0.007799999999999998,0.011700000000000044,0.014592463808418405,tap2,slow,firm,20260810_133647,False
2577519,0.0117,0.0312,0.9087,2577.519,500000,0.0,0.0038999999999999972,0.0,0.0038999999999999972,tap2,slow,firm,20260810_133647,False
2580023,0.0195,0.0273,0.9204,2580.023,500000,0.0078,0.0,0.011700000000000044,0.014061649974309594,tap2,slow,firm,20260810_133647,False
2582524,0.0078,0.0312,0.9243,2582.524,500000,-0.0039000000000000007,0.0038999999999999972,0.015600000000000058,0.016546298679765266,tap2,slow,firm,20260810_133647,False
2585014,0.0117,0.0312,0.9165,2585.014,500000,0.0,0.0038999999999999972,0.007800000000000029,0.008720665112249205,tap2,slow,firm,20260810_133647,False
2587502,0.0234,0.0234,0.9087,2587.502,500000,0.0117,-0.0039000000000000007,0.0,0.01233288287465668,tap2,slow,firm,20260810_133647,False
2590006,0.0117,0.0273,0.9126,2590.006,500000,0.0,0.0,0.0039000000000000146,0.0039000000000000146,tap2,slow,firm,20260810_133647,False
2592508,0.0117,0.0312,0.9087,2592.508,500000,0.0,0.0038999999999999972,0.0,0.0038999999999999972,tap2,slow,firm,20260810_133647,False
2595023,0.0117,0.0351,0.9087,2595.023,500000,0.0,0.007799999999999998,0.0,0.007799999999999998,tap2,slow,firm,20260810_133647,False
2597502,0.0195,0.0273,0.9204,2597.502,500000,0.0078,0.0,0.011700000000000044,0.014061649974309594,tap2,slow,firm,20260810_133647,False
2600011,0.0156,0.0273,0.9009,2600.011,500000,0.003899999999999999,0.0,-0.007799999999999918,0.008720665112249105,tap2,slow,firm,20260810_133647,False
2602512,0.0156,0.0351,0.9126,2602.512,500000,0.003899999999999999,0.007799999999999998,0.0039000000000000146,0.009553009996854399,tap2,slow,firm,20260810_133647,False
2605004,0.0156,0.0351,0.9126,2605.004,500000,0.003899999999999999,0.007799999999999998,0.0039000000000000146,0.009553009996854399,tap2,slow,firm,20260810_133647,False
2607514,0.0156,0.0273,0.9048,2607.514,500000,0.003899999999999999,0.0,-0.0038999999999999035,0.005515432893255002,tap2,slow,firm,20260810_133647,False
2610022,0.0195,0.0273,0.9087,2610.022,500000,0.0078,0.0,0.0,0.0078,tap2,slow,firm,20260810_133647,False
2612527,0.0195,0.0273,0.9087,2612.527,500000,0.0078,0.0,0.0,0.0078,tap2,slow,firm,20260810_133647,False
2615004,0.0156,0.0234,0.9048,2615.004,500000,0.003899999999999999,-0.0039000000000000007,-0.0038999999999999035,0.006754998149518566,tap2,slow,firm,20260810_133647,False
2617512,0.0117,0.0312,0.9009,2617.512,500000,0.0,0.0038999999999999972,-0.007799999999999918,0.008720665112249105,tap2,slow,firm,20260810_133647,False
2620017,0.0156,0.0273,0.9009,2620.017,500000,0.003899999999999999,0.0,-0.007799999999999918,0.008720665112249105,tap2,slow,firm,20260810_133647,False
2622507,0.0156,0.0312,0.9048,2622.507,500000,0.003899999999999999,0.0038999999999999972,-0.0038999999999999035,0.006754998149518563,tap2,slow,firm,20260810_133647,False
2625014,0.0117,0.0312,0.9204,2625.014,500000,0.0,0.0038999999999999972,0.011700000000000044,0.01233288287465672,tap2,slow,firm,20260810_133647,False
2627522,0.0195,0.0234,0.9087,2627.522,500000,0.0078,-0.0039000000000000007,0.0,0.00872066511224918,tap2,slow,firm,20260810_133647,False
2630001,0.0117,0.0234,0.9126,2630.001,500000,0.0,-0.0039000000000000007,0.0039000000000000146,0.005515432893255082,tap2,slow,firm,20260810_133647,False
2632504,0.0078,0.0312,0.9087,2632.504,500000,-0.0039000000000000007,0.0038999999999999972,0.0,0.0055154328932550695,tap2,slow,firm,20260810_133647,False
2635003,0.0156,0.0195,0.9165,2635.003,500000,0.003899999999999999,-0.007800000000000001,0.007800000000000029,0.01170000000000002,tap2,slow,firm,20260810_133647,False
2637514,0.0117,0.0273,0.9165,2637.514,500000,0.0,0.0,0.007800000000000029,0.007800000000000029,tap2,slow,firm,20260810_133647,False
2640018,0.0117,0.0234,0.9126,2640.018,500000,0.0,-0.0039000000000000007,0.0039000000000000146,0.005515432893255082,tap2,slow,firm,20260810_133647,False
2642519,0.0117,0.0312,0.9204,2642.519,500000,0.0,0.0038999999999999972,0.011700000000000044,0.01233288287465672,tap2,slow,firm,20260810_133647,False
2645007,0.0195,0.0312,0.9126,2645.007,500000,0.0078,0.0038999999999999972,0.0039000000000000146,0.0095530099968544,tap2,slow,firm,20260810_133647,False
2647515,0.0195,0.0273,0.9126,2647.515,500000,0.0078,0.0,0.0039000000000000146,0.008720665112249186,tap2,slow,firm,20260810_133647,False
2650018,0.0156,0.0273,0.9087,2650.018,500000,0.003899999999999999,0.0,0.0,0.003899999999999999,tap2,slow,firm,20260810_133647,False
2652504,0.0117,0.0312,0.9087,2652.504,500000,0.0,0.0038999999999999972,0.0,0.0038999999999999972,tap2,slow,firm,20260810_133647,False
2655011,0.0039,0.0312,0.9126,2655.011,500000,-0.0078000000000000005,0.0038999999999999972,0.0039000000000000146,0.0095530099968544,tap2,slow,firm,20260810_133647,False
2657504,0.0117,0.0234,0.9009,2657.504,500000,0.0,-0.0039000000000000007,-0.007799999999999918,0.008720665112249107,tap2,slow,firm,20260810_133647,False
2660003,0.0117,0.0234,0.9009,2660.003,500000,0.0,-0.0039000000000000007,-0.007799999999999918,0.008720665112249107,tap2,slow,firm,20260810_133647,False
2662503,0.0156,0.0273,0.9126,2662.503,500000,0.003899999999999999,0.0,0.0039000000000000146,0.00551543289325508,tap2,slow,firm,20260810_133647,False
2665011,0.0156,0.0312,0.9165,2665.011,500000,0.003899999999999999,0.0038999999999999972,0.007800000000000029,0.009553009996854416,tap2,slow,firm,20260810_133647,False
2667520,0.0195,0.0312,0.9009,2667.52,500000,0.0078,0.0038999999999999972,-0.007799999999999918,0.011699999999999945,tap2,slow,firm,20260810_133647,False
2670026,0.0156,0.0312,0.9087,2670.026,500000,0.003899999999999999,0.0038999999999999972,0.0,0.005515432893255068,tap2,slow,firm,20260810_133647,False
2672527,0.0195,0.0351,0.9165,2672.527,500000,0.0078,0.007799999999999998,0.007800000000000029,0.013509996299037258,tap2,slow,firm,20260810_133647,False
2675026,0.0117,0.0234,0.9087,2675.026,500000,0.0,-0.0039000000000000007,0.0,0.0039000000000000007,tap2,slow,firm,20260810_133647,False
2677522,0.0117,0.0351,0.9048,2677.522,500000,0.0,0.007799999999999998,-0.0038999999999999035,0.008720665112249134,tap2,slow,firm,20260810_133647,False
2680004,0.0078,0.0234,0.897,2680.004,500000,-0.0039000000000000007,-0.0039000000000000007,-0.011699999999999933,0.012934836682385998,tap2,slow,firm,20260810_133647,False
2682503,0.0195,0.0273,0.9087,2682.503,500000,0.0078,0.0,0.0,0.0078,tap2,slow,firm,20260810_133647,False
2685028,0.0156,0.0273,0.9087,2685.028,500000,0.003899999999999999,0.0,0.0,0.003899999999999999,tap2,slow,firm,20260810_133647,False
2687511,0.0117,0.0312,0.9087,2687.511,500000,0.0,0.0038999999999999972,0.0,0.0038999999999999972,tap2,slow,firm,20260810_133647,False
2690014,0.0156,0.0312,0.9126,2690.014,500000,0.003899999999999999,0.0038999999999999972,0.0039000000000000146,0.006754998149518627,tap2,slow,firm,20260810_133647,False
2692510,0.0117,0.0273,0.9204,2692.51,500000,0.0,0.0,0.011700000000000044,0.011700000000000044,tap2,slow,firm,20260810_133647,False
2695015,0.0156,0.0312,0.9204,2695.015,500000,0.003899999999999999,0.0038999999999999972,0.011700000000000044,0.012934836682386097,tap2,slow,firm,20260810_133647,False
2697524,0.0078,0.0312,0.9126,2697.524,500000,-0.0039000000000000007,0.0038999999999999972,0.0039000000000000146,0.006754998149518628,tap2,slow,firm,20260810_133647,False
2700000,0.0117,0.0273,0.9126,2700.0,500000,0.0,0.0,0.0039000000000000146,0.0039000000000000146,tap2,slow,firm,20260810_133647,False
2702502,0.0156,0.0312,0.9048,2702.502,500000,0.003899999999999999,0.0038999999999999972,-0.0038999999999999035,0.006754998149518563,tap2,slow,firm,20260810_133647,False
2705014,0.0156,0.0273,0.9048,2705.014,500000,0.003899999999999999,0.0,-0.0038999999999999035,0.005515432893255002,tap2,slow,firm,20260810_133647,False
2707522,0.0195,0.0312,0.9009,2707.522,500000,0.0078,0.0038999999999999972,-0.007799999999999918,0.011699999999999945,tap2,slow,firm,20260810_133647,False
2710026,0.0234,0.0234,0.9126,2710.026,500000,0.0117,-0.0039000000000000007,0.0039000000000000146,0.012934836682386064,tap2,slow,firm,20260810_133647,False
2712523,0.0156,0.0273,0.9126,2712.523,500000,0.003899999999999999,0.0,0.0039000000000000146,0.00551543289325508,tap2,slow,firm,20260810_133647,False
2715002,0.0195,0.0351,0.9048,2715.002,500000,0.0078,0.007799999999999998,-0.0038999999999999035,0.011699999999999966,tap2,slow,firm,20260810_133647,False
2717513,0.0156,0.0234,0.9048,2717.513,500000,0.003899999999999999,-0.0039000000000000007,-0.0038999999999999035,0.006754998149518566,tap2,slow,firm,20260810_133647,False
2720020,0.0117,0.039,0.9165,2720.02,500000,0.0,0.011699999999999999,0.007800000000000029,0.014061649974309573,tap2,slow,firm,20260810_133647,False
2722522,0.0156,0.0273,0.9087,2722.522,500000,0.003899999999999999,0.0,0.0,0.003899999999999999,tap2,slow,firm,20260810_133647,False
2725006,0.0156,0.0351,0.9087,2725.006,500000,0.003899999999999999,0.007799999999999998,0.0,0.008720665112249178,tap2,slow,firm,20260810_133647,False
2727515,0.0195,0.0312,0.9048,2727.515,500000,0.0078,0.0038999999999999972,-0.0038999999999999035,0.009553009996854354,tap2,slow,firm,20260810_133647,False
2730018,0.0195,0.0273,0.9087,2730.018,500000,0.0078,0.0,0.0,0.0078,tap2,slow,firm,20260810_133647,False
2732520,0.0156,0.0273,0.9126,2732.52,500000,0.003899999999999999,0.0,0.0039000000000000146,0.00551543289325508,tap2,slow,firm,20260810_133647,False
2735009,0.0078,0.0273,0.9165,2735.009,500000,-0.0039000000000000007,0.0,0.007800000000000029,0.008720665112249207,tap2,slow,firm,20260810_133647,False
2737518,0.0195,0.0195,0.9165,2737.518,500000,0.0078,-0.007800000000000001,0.007800000000000029,0.01350999629903726,tap2,slow,firm,20260810_133647,False
2740024,0.0156,0.0351,0.9126,2740.024,500000,0.003899999999999999,0.007799999999999998,0.0039000000000000146,0.009553009996854399,tap2,slow,firm,20260810_133647,False
2742511,0.0117,0.0273,0.9165,2742.511,500000,0.0,0.0,0.007800000000000029,0.007800000000000029,tap2,slow,firm,20260810_133647,False
2745012,0.0117,0.0312,0.9048,2745.012,500000,0.0,0.0038999999999999972,-0.0038999999999999035,0.005515432893255,tap2,slow,firm,20260810_133647,False
2747516,0.0195,0.0312,0.9126,2747.516,500000,0.0078,0.0038999999999999972,0.0039000000000000146,0.0095530099968544,tap2,slow,firm,20260810_133647,False
2750024,0.0078,0.0312,0.9009,2750.024,500000,-0.0039000000000000007,0.0038999999999999972,-0.007799999999999918,0.009553009996854326,tap2,slow,firm,20260810_133647,False
2752518,0.0117,0.0351,0.9126,2752.518,500000,0.0,0.007799999999999998,0.0039000000000000146,0.008720665112249185,tap2,slow,firm,20260810_133647,False
2755012,0.0117,0.0312,0.9048,2755.012,500000,0.0,0.0038999999999999972,-0.0038999999999999035,0.005515432893255,tap2,slow,firm,20260810_133647,False
2757518,0.0078,0.0312,0.9048,2757.518,500000,-0.0039000000000000007,0.0038999999999999972,-0.0038999999999999035,0.006754998149518564,tap2,slow,firm,20260810_133647,False
2760001,0.0156,0.0234,0.9087,2760.001,500000,0.003899999999999999,-0.0039000000000000007,0.0,0.00551543289325507,tap2,slow,firm,20260810_133647,False
2762502,0.0078,0.0312,0.9048,2762.502,500000,-0.0039000000000000007,0.0038999999999999972,-0.0038999999999999035,0.006754998149518564,tap2,slow,firm,20260810_133647,False
2765010,0.0078,0.0312,0.9048,2765.01,500000,-0.0039000000000000007,0.0038999999999999972,-0.0038999999999999035,0.006754998149518564,tap2,slow,firm,20260810_133647,False
2767518,0.0156,0.0234,0.9048,2767.518,500000,0.003899999999999999,-0.0039000000000000007,-0.0038999999999999035,0.006754998149518566,tap2,slow,firm,20260810_133647,False
2770027,14.2077,-1.443,-13.8918,2770.027,500000,14.196000000000002,-1.4703000000000002,-14.8005,20.560714927745096,tap2,slow,firm,20260810_133647,False
2772526,-5.9046,-1.9071,3.1473,2772.526,500000,-5.916300000000001,-1.9344000000000001,2.2386,6.614819650602729,tap2,slow,firm,20260810_133647,False
2775027,-0.5655,5.6862,-1.0452,2775.027,500000,-0.5772,5.6589,-1.9539,6.014485369505857,tap2,slow,firm,20260810_133647,False
2777502,3.8415,1.4703,2.4687,2777.502,500000,3.8298,1.4429999999999998,1.56,4.379864956822299,tap2,slow,firm,20260810_133647,False
2780011,-1.1661,1.0452,-0.0507,2780.011,500000,-1.1778,1.0178999999999998,-0.9593999999999999,1.8286009980310083,tap2,slow,firm,20260810_133647,False
2782511,-0.273,-2.6052,1.9734,2782.511,500000,-0.2847,-2.6325,1.0647000000000002,2.853891453787267,tap2,slow,firm,20260810_133647,False
2785013,0.7098,0.1716,1.1934,2785.013,500000,0.6980999999999999,0.1443,0.28470000000000006,0.7676067938730089,tap2,slow,firm,20260810_133647,False
2787502,0.4563,0.3822,0.8853,2787.502,500000,0.4446,0.3549,-0.023399999999999976,0.5693599300969466,tap2,slow,firm,20260810_133647,False
2790004,-0.4056,-0.2223,0.9243,2790.004,500000,-0.4173,-0.2496,0.015600000000000058,0.4865005755392279,tap2,slow,firm,20260810_133647,False
2792505,0.0273,0.3237,0.8853,2792.505,500000,0.015600000000000001,0.2964,-0.023399999999999976,0.2977312210702801,tap2,slow,firm,20260810_133647,False
2795014,0.4446,0.4797,0.936,2795.014,500000,0.4329,0.4524,0.027300000000000102,0.6267483226942056,tap2,slow,firm,20260810_133647,False
2797521,0.0,-0.2535,1.1544,2797.521,500000,-0.0117,-0.2808,0.24570000000000014,0.3733015135249254,tap2,slow,firm,20260810_133647,False
2800025,-0.0702,-0.2496,1.1388,2800.025,500000,-0.0819,-0.2769,0.23010000000000008,0.36922517519800846,tap2,slow,firm,20260810_133647,False
2802527,0.0624,0.0819,1.1154,2802.527,500000,0.050699999999999995,0.054599999999999996,0.2067,0.21971922992765106,tap2,slow,firm,20260810_133647,False
2805029,0.0273,0.1131,1.1154,2805.029,500000,0.015600000000000001,0.0858,0.2067,0.22434324148500662,tap2,slow,firm,20260810_133647,False
2807521,-0.0858,0.0195,1.1037,2807.521,500000,-0.0975,-0.007800000000000001,0.19499999999999995,0.2181561138267731,tap2,slow,firm,20260810_133647,False
2810003,-0.0117,0.0702,1.1193,2810.003,500000,-0.0234,0.042899999999999994,0.2106,0.2161951202039491,tap2,slow,firm,20260810_133647,False
2812528,-0.0312,-0.0273,1.1388,2812.528,500000,-0.0429,-0.0546,0.23010000000000008,0.2403488714348375,tap2,slow,firm,20260810_133647,False
2815027,0.0,-0.0741,1.17,2815.027,500000,-0.0117,-0.1014,0.2613,0.2805290359303293,tap2,slow,firm,20260810_133647,False
2817510,0.0741,0.1053,1.131,2817.51,500000,0.0624,0.078,0.22230000000000005,0.24371099687950074,tap2,slow,firm,20260810_133647,False
2820018,0.0468,0.0663,1.1154,2820.018,500000,0.0351,0.03899999999999999,0.2067,0.21325548058608013,tap2,slow,firm,20260810_133647,False
2822513,-0.0897,-0.0117,1.1466,2822.513,500000,-0.1014,-0.039,0.2379000000000001,0.2615327321770643,tap2,slow,firm,20260810_133647,False
2825014,0.0429,0.0117,1.1622,2825.014,500000,0.0312,-0.015600000000000001,0.25349999999999995,0.2558887453562583,tap2,slow,firm,20260810_133647,False
2827522,-0.0156,0.0273,1.1817,2827.522,500000,-0.027299999999999998,0.0,0.273,0.2743616044566003,tap2,slow,firm,20260810_133647,False
2830025,0.0234,0.0351,1.2168,2830.025,500000,0.0117,0.007799999999999998,0.30810000000000015,0.3084207191483738,tap2,slow,firm,20260810_133647,False
2832501,0.0117,0.0507,1.1934,2832.501,500000,0.0,0.0234,0.28470000000000006,0.2856600252047879,tap2,slow,firm,20260810_133647,False
2835014,-0.0156,0.0273,1.2051,2835.014,500000,-0.027299999999999998,0.0,0.2964000000000001,0.29765458168823816,tap2,slow,firm,20260810_133647,False
2837522,-0.0039,0.0039,1.2246,2837.522,500000,-0.0156,-0.0234,0.31589999999999996,0.31714938120702674,tap2,slow,firm,20260810_133647,False
2840003,0.0,0.0156,1.1973,2840.003,500000,-0.0117,-0.011700000000000002,0.2886000000000001,0.2890739351792203,tap2,slow,firm,20260810_133647,False
2842509,0.0234,0.0273,1.1505,2842.509,500000,0.0117,0.0,0.24180000000000013,0.24208289902428065,tap2,slow,firm,20260810_133647,False
2845010,-0.0078,0.039,1.2012,2845.01,500000,-0.0195,0.011699999999999999,0.2925000000000001,0.29338266819974224,tap2,slow,firm,20260810_133647,False
2847517,-0.0078,0.0117,1.1856,2847.517,500000,-0.0195,-0.015600000000000001,0.27690000000000003,0.27802377596169725,tap2,slow,firm,20260810_133647,False
2850001,-0.0117,0.0195,1.2012,2850.001,500000,-0.0234,-0.007800000000000001,0.2925000000000001,0.293538157655866,tap2,slow,firm,20260810_133647,False
2852528,0.0,0.0546,1.2285,2852.528,500000,-0.0117,0.0273,0.3198,0.32117630672264724,tap2,slow,firm,20260810_133647,False
2855027,0.0117,0.0234,1.2207,2855.027,500000,0.0,-0.0039000000000000007,0.31199999999999994,0.3120243740479259,tap2,slow,firm,20260810_133647,False
2857512,0.0078,0.039,1.2363,2857.512,500000,-0.0039000000000000007,0.011699999999999999,0.3276,0.32783206066521314,tap2,slow,firm,20260810_133647,False
2860002,0.0156,0.0156,1.2324,2860.002,500000,0.003899999999999999,-0.011700000000000002,0.3237,0.32393485456183935,tap2,slow,firm,20260810_133647,False
2862500,-0.0078,0.0312,1.2129,2862.5,500000,-0.0195,0.0038999999999999972,0.30420000000000014,0.30484930703545987,tap2,slow,firm,20260810_133647,False
2865013,0.0117,0.0273,1.2246,2865.013,500000,0.0,0.0,0.31589999999999996,0.31589999999999996,tap2,slow,firm,20260810_133647,False
2867516,-0.0585,0.0468,1.2285,2867.516,500000,-0.0702,0.0195,0.3198,0.3279944054400928,tap2,slow,firm,20260810_133647,False
2870024,-0.0585,0.0468,1.2285,2870.024,500000,-0.0702,0.0195,0.3198,0.3279944054400928,tap2,slow,firm,20260810_133647,False
2872507,0.0117,0.039,1.2246,2872.507,500000,0.0,0.011699999999999999,0.31589999999999996,0.31611659241488727,tap2,slow,firm,20260810_133647,False
2875012,-0.0468,0.0468,1.2129,2875.012,500000,-0.0585,0.0195,0.30420000000000014,0.31038708091671613,tap2,slow,firm,20260810_133647,False
2877515,0.0039,0.0312,1.2168,2877.515,500000,-0.0078000000000000005,0.0038999999999999972,0.30810000000000015,0.3082233930122762,tap2,slow,firm,20260810_133647,False
2880018,0.0156,0.039,1.2324,2880.018,500000,0.003899999999999999,0.011699999999999999,0.3237,0.32393485456183935,tap2,slow,firm,20260810_133647,False
2882519,0.0156,0.039,1.1973,2882.519,500000,0.003899999999999999,0.011699999999999999,0.2886000000000001,0.2888633933194029,tap2,slow,firm,20260810_133647,False
2885019,-0.0117,0.0234,1.2285,2885.019,500000,-0.0234,-0.0039000000000000007,0.3198,0.3206786709464787,tap2,slow,firm,20260810_133647,False
2887505,0.0273,0.0312,1.2207,2887.505,500000,0.015600000000000001,0.0038999999999999972,0.31199999999999994,0.31241410019395727,tap2,slow,firm,20260810_133647,False
2890010,0.0117,0.0429,1.2129,2890.01,500000,0.0,0.0156,0.30420000000000014,0.30459973736035967,tap2,slow,firm,20260810_133647,False
2892507,0.0351,0.0312,1.1934,2892.507,500000,0.023399999999999997,0.0038999999999999972,0.28470000000000006,0.2856866465202741,tap2,slow,firm,20260810_133647,False
2895017,0.0273,0.0507,1.2012,2895.017,500000,0.015600000000000001,0.0234,0.2925000000000001,0.29384888973756573,tap2,slow,firm,20260810_133647,False
2897528,0.0351,0.0273,1.2441,2897.528,500000,0.023399999999999997,0.0,0.33540000000000003,0.336215288171136,tap2,slow,firm,20260810_133647,False
2900015,0.0273,0.0195,1.2363,2900.015,500000,0.015600000000000001,-0.007800000000000001,0.3276,0.3280639571790842,tap2,slow,firm,20260810_133647,False
2902516,0.0234,0.0156,1.2363,2902.516,500000,0.0117,-0.011700000000000002,0.3276,0.32801759099170275,tap2,slow,firm,20260810_133647,False
2905008,0.0039,0.039,1.2675,2905.008,500000,-0.0078000000000000005,0.011699999999999999,0.3588000000000001,0.35907543775646933,tap2,slow,firm,20260810_133647,False
2907516,0.0156,0.0273,1.2363,2907.516,500000,0.003899999999999999,0.0,0.3276,0.32762321346327095,tap2,slow,firm,20260810_133647,False
2910001,0.0234,0.0195,1.2441,2910.001,500000,0.0117,-0.007800000000000001,0.33540000000000003,0.33569463802688304,tap2,slow,firm,20260810_133647,False
2912504,0.0234,0.0195,1.2363,2912.504,500000,0.0117,-0.007800000000000001,0.3276,0.3279016468394143,tap2,slow,firm,20260810_133647,False
2915004,0.0234,0.0156,1.2168,2915.004,500000,0.0117,-0.011700000000000002,0.30810000000000015,0.30854398389856846,tap2,slow,firm,20260810_133647,False
2917510,0.0039,0.0234,1.2558,2917.51,500000,-0.0078000000000000005,-0.0039000000000000007,0.3471000000000001,0.3472095332792578,tap2,slow,firm,20260810_133647,False
2920021,0.0078,0.0234,1.2168,2920.021,500000,-0.0039000000000000007,-0.0039000000000000007,0.30810000000000015,0.30814936313417896,tap2,slow,firm,20260810_133647,False
2922521,0.0156,0.039,1.2363,2922.521,500000,0.003899999999999999,0.011699999999999999,0.3276,0.32783206066521314,tap2,slow,firm,20260810_133647,False
2925018,0.0312,0.0117,1.2402,2925.018,500000,0.019499999999999997,-0.015600000000000001,0.3315,0.33243925760956694,tap2,slow,firm,20260810_133647,False
2927501,0.0156,0.0117,1.248,2927.501,500000,0.003899999999999999,-0.015600000000000001,0.33930000000000005,0.3396808207715002,tap2,slow,firm,20260810_133647,False
2930014,0.0117,0.0195,1.248,2930.014,500000,0.0,-0.007800000000000001,0.33930000000000005,0.33938964333049415,tap2,slow,firm,20260810_133647,False
2932523,0.0078,0.039,1.2168,2932.523,500000,-0.0039000000000000007,0.011699999999999999,0.30810000000000015,0.30834673664561474,tap2,slow,firm,20260810_133647,False
2935006,0.0117,0.039,1.248,2935.006,500000,0.0,0.011699999999999999,0.33930000000000005,0.3395016642079977,tap2,slow,firm,20260810_133647,False
2937510,0.0,0.0312,1.2519,2937.51,500000,-0.0117,0.0038999999999999972,0.34320000000000006,0.3434215194189206,tap2,slow,firm,20260810_133647,False
2940001,0.0,0.0117,1.2402,2940.001,500000,-0.0117,-0.015600000000000001,0.3315,0.3320730341355648,tap2,slow,firm,20260810_133647,False
2942510,0.0078,0.039,1.248,2942.51,500000,-0.0039000000000000007,0.011699999999999999,0.33930000000000005,0.3395240639483453,tap2,slow,firm,20260810_133647,False
2945018,0.0078,0.0312,1.2207,2945.018,500000,-0.0039000000000000007,0.0038999999999999972,0.31199999999999994,0.3120487461920012,tap2,slow,firm,20260810_133647,False
2947521,0.0117,0.0312,1.2285,2947.521,500000,0.0,0.0038999999999999972,0.3198,0.3198237796037061,tap2,slow,firm,20260810_133647,False
2950002,0.0039,0.0273,1.2519,2950.002,500000,-0.0078000000000000005,0.0,0.34320000000000006,0.3432886249207801,tap2,slow,firm,20260810_133647,False
2952501,0.0117,0.0195,1.2246,2952.501,500000,0.0,-0.007800000000000001,0.31589999999999996,0.3159962816236925,tap2,slow,firm,20260810_133647,False
2955024,-0.0039,0.0546,1.2402,2955.024,500000,-0.0156,0.0273,0.3315,0.33298783761573036,tap2,slow,firm,20260810_133647,False
2957500,0.0,0.0351,1.2207,2957.5,500000,-0.0117,0.007799999999999998,0.31199999999999994,0.31231671425013413,tap2,slow,firm,20260810_133647,False
2960011,0.0078,0.0507,1.2363,2960.011,500000,-0.0039000000000000007,0.0234,0.3276,0.32845780550932263,tap2,slow,firm,20260810_133647,False
2962508,0.0585,-0.0546,1.2558,2962.508,500000,0.0468,-0.0819,0.3471000000000001,0.3596891157652676,tap2,slow,firm,20260810_133647,False
2965010,0.0078,0.0273,1.2246,2965.01,500000,-0.0039000000000000007,0.0,0.31589999999999996,0.3159240731568267,tap2,slow,firm,20260810_133647,False
2967515,0.0039,0.0234,1.2363,2967.515,500000,-0.0078000000000000005,-0.0039000000000000007,0.3276,0.3277160508733132,tap2,slow,firm,20260810_133647,False
2970023,0.0117,0.0273,1.2441,2970.023,500000,0.0,0.0,0.33540000000000003,0.33540000000000003,tap2,slow,firm,20260810_133647,False
2972525,0.0117,0.0429,1.2129,2972.525,500000,0.0,0.0156,0.30420000000000014,0.30459973736035967,tap2,slow,firm,20260810_133647,False
2975012,0.0117,0.0429,1.2129,2975.012,500000,0.0,0.0156,0.30420000000000014,0.30459973736035967,tap2,slow,firm,20260810_133647,False
2977516,0.0078,0.0312,1.2363,2977.516,500000,-0.0039000000000000007,0.0038999999999999972,0.3276,0.3276464252818883,tap2,slow,firm,20260810_133647,False
2980019,0.0117,0.0312,1.2558,2980.019,500000,0.0,0.0038999999999999972,0.3471000000000001,0.3471219094208835,tap2,slow,firm,20260810_133647,False
2982515,0.0117,0.0429,1.2285,2982.515,500000,0.0,0.0156,0.3198,0.3201802617276711,tap2,slow,firm,20260810_133647,False
2985003,-0.0312,0.0663,1.2129,2985.003,500000,-0.0429,0.03899999999999999,0.30420000000000014,0.3096757174852431,tap2,slow,firm,20260810_133647,False
2987516,-0.0156,0.0429,1.2363,2987.516,500000,-0.027299999999999998,0.0156,0.3276,0.3291054694167206,tap2,slow,firm,20260810_133647,False
2990021,0.0078,0.0117,1.2207,2990.021,500000,-0.0039000000000000007,-0.015600000000000001,0.31199999999999994,0.31241410019395727,tap2,slow,firm,20260810_133647,False
2992522,0.0117,0.0273,1.2441,2992.522,500000,0.0,0.0,0.33540000000000003,0.33540000000000003,tap2,slow,firm,20260810_133647,False
2995018,0.0078,0.0273,1.2129,2995.018,500000,-0.0039000000000000007,0.0,0.30420000000000014,0.30422499897279986,tap2,slow,firm,20260810_133647,False
2997520,0.0,0.0351,1.2324,2997.52,500000,-0.0117,0.007799999999999998,0.3237,0.32400527773479243,tap2,slow,firm,20260810_133647,False
