time_us,x_g,y_g,z_g,time_ms,cue_time_us,x_delta_g,y_delta_g,z_delta_g,dynamic_magnitude_g,label,requested_pace,requested_force,session_id,operator_accepted
20820,0.0156,0.0312,0.9048,20.82,500000,0.0,0.0038999999999999972,-0.0038999999999999035,0.005515432893255,tap3,natural,firm,20260810_133647,False
21268,0.0156,0.0312,0.9048,21.268,500000,0.0,0.0038999999999999972,-0.0038999999999999035,0.005515432893255,tap3,natural,firm,20260810_133647,False
21681,0.0156,0.0312,0.9048,21.681,500000,0.0,0.0038999999999999972,-0.0038999999999999035,0.005515432893255,tap3,natural,firm,20260810_133647,False
22080,0.0156,0.0312,0.9048,22.08,500000,0.0,0.0038999999999999972,-0.0038999999999999035,0.005515432893255,tap3,natural,firm,20260810_133647,False
22475,0.0156,0.0273,0.897,22.475,500000,0.0,0.0,-0.011699999999999933,0.011699999999999933,tap3,natural,firm,20260810_133647,False
22886,0.0156,0.0273,0.897,22.886,500000,0.0,0.0,-0.011699999999999933,0.011699999999999933,tap3,natural,firm,20260810_133647,False
23281,0.0156,0.0273,0.897,23.281,500000,0.0,0.0,-0.011699999999999933,0.011699999999999933,tap3,natural,firm,20260810_133647,False
23690,0.0156,0.0273,0.897,23.69,500000,0.0,0.0,-0.011699999999999933,0.011699999999999933,tap3,natural,firm,20260810_133647,False
24091,0.0156,0.0273,0.897,24.091,500000,0.0,0.0,-0.011699999999999933,0.011699999999999933,tap3,natural,firm,20260810_133647,False
24488,0.0156,0.0273,0.897,24.488,500000,0.0,0.0,-0.011699999999999933,0.011699999999999933,tap3,natural,firm,20260810_133647,False
25004,0.0078,0.0351,0.9204,25.004,500000,-0.0078,0.007799999999999998,0.011700000000000044,0.016080111939908905,tap3,natural,firm,20260810_133647,False
27507,0.0078,0.0351,0.9204,27.507,500000,-0.0078,0.007799999999999998,0.011700000000000044,0.016080111939908905,tap3,natural,firm,20260810_133647,False
30024,0.0156,0.0195,0.9126,30.024,500000,0.0,-0.007800000000000001,0.0039000000000000146,0.008720665112249188,tap3,natural,firm,20260810_133647,False
32530,0.0117,0.0195,0.9204,32.53,500000,-0.003899999999999999,-0.007800000000000001,0.011700000000000044,0.014592463808418407,tap3,natural,firm,20260810_133647,False
35002,0.0039,0.0351,0.9048,35.002,500000,-0.011699999999999999,0.007799999999999998,-0.0038999999999999035,0.014592463808418344,tap3,natural,firm,20260810_133647,False
37519,0.0078,0.0234,0.9126,37.519,500000,-0.0078,-0.0039000000000000007,0.0039000000000000146,0.0095530099968544,tap3,natural,firm,20260810_133647,False
40013,0.0273,0.0234,0.9126,40.013,500000,0.011700000000000002,-0.0039000000000000007,0.0039000000000000146,0.012934836682386066,tap3,natural,firm,20260810_133647,False
42515,0.0156,0.0234,0.9126,42.515,500000,0.0,-0.0039000000000000007,0.0039000000000000146,0.005515432893255082,tap3,natural,firm,20260810_133647,False
45020,0.0195,0.0312,0.9126,45.02,500000,0.0039000000000000007,0.0038999999999999972,0.0039000000000000146,0.006754998149518628,tap3,natural,firm,20260810_133647,False
47504,0.0117,0.0234,0.9087,47.504,500000,-0.003899999999999999,-0.0039000000000000007,0.0,0.00551543289325507,tap3,natural,firm,20260810_133647,False
50022,0.0156,0.039,0.9126,50.022,500000,0.0,0.011699999999999999,0.0039000000000000146,0.012332882874656684,tap3,natural,firm,20260810_133647,False
52519,0.0234,0.0312,0.9087,52.519,500000,0.007800000000000001,0.0038999999999999972,0.0,0.00872066511224918,tap3,natural,firm,20260810_133647,False
55021,0.0273,0.0195,0.9087,55.021,500000,0.011700000000000002,-0.007800000000000001,0.0,0.01406164997430956,tap3,natural,firm,20260810_133647,False
57504,0.0117,0.0273,0.9087,57.504,500000,-0.003899999999999999,0.0,0.0,0.003899999999999999,tap3,natural,firm,20260810_133647,False
60023,0.0156,0.0234,0.9126,60.023,500000,0.0,-0.0039000000000000007,0.0039000000000000146,0.005515432893255082,tap3,natural,firm,20260810_133647,False
62525,0.0117,0.0273,0.9243,62.525,500000,-0.003899999999999999,0.0,0.015600000000000058,0.016080111939908933,tap3,natural,firm,20260810_133647,False
65027,0.0156,0.0234,0.9048,65.027,500000,0.0,-0.0039000000000000007,-0.0038999999999999035,0.005515432893255003,tap3,natural,firm,20260810_133647,False
67517,0.0156,0.0273,0.9165,67.517,500000,0.0,0.0,0.007800000000000029,0.007800000000000029,tap3,natural,firm,20260810_133647,False
70019,0.0117,0.0273,0.9087,70.019,500000,-0.003899999999999999,0.0,0.0,0.003899999999999999,tap3,natural,firm,20260810_133647,False
72500,0.0117,0.0273,0.9009,72.5,500000,-0.003899999999999999,0.0,-0.007799999999999918,0.008720665112249105,tap3,natural,firm,20260810_133647,False
75001,0.0195,0.0312,0.9048,75.001,500000,0.0039000000000000007,0.0038999999999999972,-0.0038999999999999035,0.006754998149518564,tap3,natural,firm,20260810_133647,False
77509,0.0156,0.0234,0.9126,77.509,500000,0.0,-0.0039000000000000007,0.0039000000000000146,0.005515432893255082,tap3,natural,firm,20260810_133647,False
80005,0.0195,0.0312,0.9126,80.005,500000,0.0039000000000000007,0.0038999999999999972,0.0039000000000000146,0.006754998149518628,tap3,natural,firm,20260810_133647,False
82508,0.0078,0.0351,0.9087,82.508,500000,-0.0078,0.007799999999999998,0.0,0.011030865786510139,tap3,natural,firm,20260810_133647,False
85008,0.0156,0.0312,0.9165,85.008,500000,0.0,0.0038999999999999972,0.007800000000000029,0.008720665112249205,tap3,natural,firm,20260810_133647,False
87521,0.0117,0.0273,0.9126,87.521,500000,-0.003899999999999999,0.0,0.0039000000000000146,0.00551543289325508,tap3,natural,firm,20260810_133647,False
90011,0.0156,0.0273,0.9087,90.011,500000,0.0,0.0,0.0,0.0,tap3,natural,firm,20260810_133647,False
92501,0.0156,0.0273,0.9048,92.501,500000,0.0,0.0,-0.0038999999999999035,0.0038999999999999035,tap3,natural,firm,20260810_133647,False
95010,0.0117,0.039,0.9048,95.01,500000,-0.003899999999999999,0.011699999999999999,-0.0038999999999999035,0.01293483668238603,tap3,natural,firm,20260810_133647,False
97524,0.0156,0.0273,0.9165,97.524,500000,0.0,0.0,0.007800000000000029,0.007800000000000029,tap3,natural,firm,20260810_133647,False
100027,0.0156,0.0273,0.9048,100.027,500000,0.0,0.0,-0.0038999999999999035,0.0038999999999999035,tap3,natural,firm,20260810_133647,False
102528,0.0195,0.0273,0.9087,102.528,500000,0.0039000000000000007,0.0,0.0,0.0039000000000000007,tap3,natural,firm,20260810_133647,False
105002,0.0195,0.0234,0.9126,105.002,500000,0.0039000000000000007,-0.0039000000000000007,0.0039000000000000146,0.006754998149518631,tap3,natural,firm,20260810_133647,False
107516,0.0195,0.0273,0.9165,107.516,500000,0.0039000000000000007,0.0,0.007800000000000029,0.008720665112249207,tap3,natural,firm,20260810_133647,False
110005,0.0156,0.0234,0.9126,110.005,500000,0.0,-0.0039000000000000007,0.0039000000000000146,0.005515432893255082,tap3,natural,firm,20260810_133647,False
112502,0.0156,0.0273,0.9126,112.502,500000,0.0,0.0,0.0039000000000000146,0.0039000000000000146,tap3,natural,firm,20260810_133647,False
115003,0.0195,0.0273,0.9126,115.003,500000,0.0039000000000000007,0.0,0.0039000000000000146,0.005515432893255082,tap3,natural,firm,20260810_133647,False
117521,0.0195,0.0234,0.9126,117.521,500000,0.0039000000000000007,-0.0039000000000000007,0.0039000000000000146,0.006754998149518631,tap3,natural,firm,20260810_133647,False
120010,0.0117,0.0273,0.9165,120.01,500000,-0.003899999999999999,0.0,0.007800000000000029,0.008720665112249205,tap3,natural,firm,20260810_133647,False
122514,0.0156,0.0273,0.9048,122.514,500000,0.0,0.0,-0.0038999999999999035,0.0038999999999999035,tap3,natural,firm,20260810_133647,False
125016,0.0117,0.0234,0.9126,125.016,500000,-0.003899999999999999,-0.0039000000000000007,0.0039000000000000146,0.00675499814951863,tap3,natural,firm,20260810_133647,False
127527,0.0195,0.0195,0.9126,127.527,500000,0.0039000000000000007,-0.007800000000000001,0.0039000000000000146,0.009553009996854402,tap3,natural,firm,20260810_133647,False
130015,0.0078,0.0234,0.9087,130.015,500000,-0.0078,-0.0039000000000000007,0.0,0.00872066511224918,tap3,natural,firm,20260810_133647,False
132506,0.0078,0.0234,0.9126,132.506,500000,-0.0078,-0.0039000000000000007,0.0039000000000000146,0.0095530099968544,tap3,natural,firm,20260810_133647,False
135020,0.0078,0.0234,0.9126,135.02,500000,-0.0078,-0.0039000000000000007,0.0039000000000000146,0.0095530099968544,tap3,natural,firm,20260810_133647,False
137502,0.0117,0.0234,0.9126,137.502,500000,-0.003899999999999999,-0.0039000000000000007,0.0039000000000000146,0.00675499814951863,tap3,natural,firm,20260810_133647,False
140026,0.0195,0.0234,0.9165,140.026,500000,0.0039000000000000007,-0.0039000000000000007,0.007800000000000029,0.00955300999685442,tap3,natural,firm,20260810_133647,False
142525,0.0156,0.0234,0.9048,142.525,500000,0.0,-0.0039000000000000007,-0.0038999999999999035,0.005515432893255003,tap3,natural,firm,20260810_133647,False
145000,0.0234,0.0273,0.9048,145.0,500000,0.007800000000000001,0.0,-0.0038999999999999035,0.008720665112249138,tap3,natural,firm,20260810_133647,False
147511,0.0195,0.0195,0.9087,147.511,500000,0.0039000000000000007,-0.007800000000000001,0.0,0.008720665112249181,tap3,natural,firm,20260810_133647,False
150000,0.0078,0.0234,0.9087,150.0,500000,-0.0078,-0.0039000000000000007,0.0,0.00872066511224918,tap3,natural,firm,20260810_133647,False
152526,0.0195,0.0234,0.9009,152.526,500000,0.0039000000000000007,-0.0039000000000000007,-0.007799999999999918,0.009553009996854328,tap3,natural,firm,20260810_133647,False
155002,0.0117,0.0234,0.9243,155.002,500000,-0.003899999999999999,-0.0039000000000000007,0.015600000000000058,0.016546298679765266,tap3,natural,firm,20260810_133647,False
157502,0.0078,0.0312,0.9087,157.502,500000,-0.0078,0.0038999999999999972,0.0,0.00872066511224918,tap3,natural,firm,20260810_133647,False
160021,0.0117,0.0312,0.9048,160.021,500000,-0.003899999999999999,0.0038999999999999972,-0.0038999999999999035,0.006754998149518563,tap3,natural,firm,20260810_133647,False
162522,0.0156,0.0234,0.9048,162.522,500000,0.0,-0.0039000000000000007,-0.0038999999999999035,0.005515432893255003,tap3,natural,firm,20260810_133647,False
165027,0.0117,0.0312,0.9048,165.027,500000,-0.003899999999999999,0.0038999999999999972,-0.0038999999999999035,0.006754998149518563,tap3,natural,firm,20260810_133647,False
167514,0.0117,0.0273,0.9048,167.514,500000,-0.003899999999999999,0.0,-0.0038999999999999035,0.005515432893255002,tap3,natural,firm,20260810_133647,False
170020,0.0156,0.0312,0.9087,170.02,500000,0.0,0.0038999999999999972,0.0,0.0038999999999999972,tap3,natural,firm,20260810_133647,False
172501,0.0156,0.0273,0.9126,172.501,500000,0.0,0.0,0.0039000000000000146,0.0039000000000000146,tap3,natural,firm,20260810_133647,False
175008,0.0117,0.0273,0.9048,175.008,500000,-0.003899999999999999,0.0,-0.0038999999999999035,0.005515432893255002,tap3,natural,firm,20260810_133647,False
177516,0.0195,0.0312,0.9048,177.516,500000,0.0039000000000000007,0.0038999999999999972,-0.0038999999999999035,0.006754998149518564,tap3,natural,firm,20260810_133647,False
180011,0.0234,0.0273,0.9087,180.011,500000,0.007800000000000001,0.0,0.0,0.007800000000000001,tap3,natural,firm,20260810_133647,False
182509,0.0117,0.0312,0.9243,182.509,500000,-0.003899999999999999,0.0038999999999999972,0.015600000000000058,0.016546298679765266,tap3,natural,firm,20260810_133647,False
185011,0.0156,0.0195,0.9126,185.011,500000,0.0,-0.007800000000000001,0.0039000000000000146,0.008720665112249188,tap3,natural,firm,20260810_133647,False
187527,0.0195,0.0273,0.9048,187.527,500000,0.0039000000000000007,0.0,-0.0038999999999999035,0.005515432893255003,tap3,natural,firm,20260810_133647,False
190025,0.0078,0.0273,0.9048,190.025,500000,-0.0078,0.0,-0.0038999999999999035,0.008720665112249136,tap3,natural,firm,20260810_133647,False
192526,0.0156,0.0273,0.9087,192.526,500000,0.0,0.0,0.0,0.0,tap3,natural,firm,20260810_133647,False
195001,0.0234,0.0273,0.9126,195.001,500000,0.007800000000000001,0.0,0.0039000000000000146,0.008720665112249188,tap3,natural,firm,20260810_133647,False
197509,0.0156,0.0195,0.9087,197.509,500000,0.0,-0.007800000000000001,0.0,0.007800000000000001,tap3,natural,firm,20260810_133647,False
200001,0.0117,0.0273,0.9126,200.001,500000,-0.003899999999999999,0.0,0.0039000000000000146,0.00551543289325508,tap3,natural,firm,20260810_133647,False
202529,0.0234,0.0195,0.9126,202.529,500000,0.007800000000000001,-0.007800000000000001,0.0039000000000000146,0.011700000000000007,tap3,natural,firm,20260810_133647,False
205001,0.0117,0.0312,0.9048,205.001,500000,-0.003899999999999999,0.0038999999999999972,-0.0038999999999999035,0.006754998149518563,tap3,natural,firm,20260810_133647,False
207513,0.0156,0.0273,0.9048,207.513,500000,0.0,0.0,-0.0038999999999999035,0.0038999999999999035,tap3,natural,firm,20260810_133647,False
210002,0.0156,0.0273,0.9048,210.002,500000,0.0,0.0,-0.0038999999999999035,0.0038999999999999035,tap3,natural,firm,20260810_133647,False
212528,0.0156,0.0273,0.9126,212.528,500000,0.0,0.0,0.0039000000000000146,0.0039000000000000146,tap3,natural,firm,20260810_133647,False
215002,0.0156,0.0234,0.9165,215.002,500000,0.0,-0.0039000000000000007,0.007800000000000029,0.008720665112249207,tap3,natural,firm,20260810_133647,False
217516,0.0195,0.0351,0.9165,217.516,500000,0.0039000000000000007,0.007799999999999998,0.007800000000000029,0.011700000000000018,tap3,natural,firm,20260810_133647,False
220006,0.0078,0.0351,0.9009,220.006,500000,-0.0078,0.007799999999999998,-0.007799999999999918,0.013509996299037194,tap3,natural,firm,20260810_133647,False
222519,0.0117,0.0273,0.9009,222.519,500000,-0.003899999999999999,0.0,-0.007799999999999918,0.008720665112249105,tap3,natural,firm,20260810_133647,False
225028,0.0156,0.0273,0.9165,225.028,500000,0.0,0.0,0.007800000000000029,0.007800000000000029,tap3,natural,firm,20260810_133647,False
227515,0.0117,0.0234,0.9126,227.515,500000,-0.003899999999999999,-0.0039000000000000007,0.0039000000000000146,0.00675499814951863,tap3,natural,firm,20260810_133647,False
230000,0.0117,0.0195,0.9048,230.0,500000,-0.003899999999999999,-0.007800000000000001,-0.0038999999999999035,0.009553009996854355,tap3,natural,firm,20260810_133647,False
232507,0.0078,0.0312,0.9087,232.507,500000,-0.0078,0.0038999999999999972,0.0,0.00872066511224918,tap3,natural,firm,20260810_133647,False
235008,0.0156,0.0273,0.9087,235.008,500000,0.0,0.0,0.0,0.0,tap3,natural,firm,20260810_133647,False
237527,0.0117,0.0195,0.9048,237.527,500000,-0.003899999999999999,-0.007800000000000001,-0.0038999999999999035,0.009553009996854355,tap3,natural,firm,20260810_133647,False
240023,0.0117,0.0195,0.9048,240.023,500000,-0.003899999999999999,-0.007800000000000001,-0.0038999999999999035,0.009553009996854355,tap3,natural,firm,20260810_133647,False
242524,0.0117,0.0234,0.9165,242.524,500000,-0.003899999999999999,-0.0039000000000000007,0.007800000000000029,0.009553009996854418,tap3,natural,firm,20260810_133647,False
245027,0.0117,0.0312,0.9165,245.027,500000,-0.003899999999999999,0.0038999999999999972,0.007800000000000029,0.009553009996854416,tap3,natural,firm,20260810_133647,False
247512,0.0117,0.0234,0.9087,247.512,500000,-0.003899999999999999,-0.0039000000000000007,0.0,0.00551543289325507,tap3,natural,firm,20260810_133647,False
250001,0.0234,0.0273,0.9165,250.001,500000,0.007800000000000001,0.0,0.007800000000000029,0.011030865786510163,tap3,natural,firm,20260810_133647,False
252528,0.0195,0.0195,0.9009,252.528,500000,0.0039000000000000007,-0.007800000000000001,-0.007799999999999918,0.011699999999999947,tap3,natural,firm,20260810_133647,False
255002,0.0117,0.0273,0.9087,255.002,500000,-0.003899999999999999,0.0,0.0,0.003899999999999999,tap3,natural,firm,20260810_133647,False
257515,0.0234,0.0234,0.9009,257.515,500000,0.007800000000000001,-0.0039000000000000007,-0.007799999999999918,0.011699999999999947,tap3,natural,firm,20260810_133647,False
260006,0.0117,0.0351,0.9204,260.006,500000,-0.003899999999999999,0.007799999999999998,0.011700000000000044,0.014592463808418405,tap3,natural,firm,20260810_133647,False
262503,0.0078,0.039,0.9087,262.503,500000,-0.0078,0.011699999999999999,0.0,0.014061649974309557,tap3,natural,firm,20260810_133647,False
265004,0.0078,0.0234,0.9087,265.004,500000,-0.0078,-0.0039000000000000007,0.0,0.00872066511224918,tap3,natural,firm,20260810_133647,False
267520,0.0195,0.0273,0.9204,267.52,500000,0.0039000000000000007,0.0,0.011700000000000044,0.012332882874656722,tap3,natural,firm,20260810_133647,False
270017,0.0117,0.0312,0.9126,270.017,500000,-0.003899999999999999,0.0038999999999999972,0.0039000000000000146,0.006754998149518627,tap3,natural,firm,20260810_133647,False
272527,0.0117,0.0273,0.9126,272.527,500000,-0.003899999999999999,0.0,0.0039000000000000146,0.00551543289325508,tap3,natural,firm,20260810_133647,False
275006,0.0117,0.0273,0.9204,275.006,500000,-0.003899999999999999,0.0,0.011700000000000044,0.01233288287465672,tap3,natural,firm,20260810_133647,False
277503,0.0078,0.0312,0.9126,277.503,500000,-0.0078,0.0038999999999999972,0.0039000000000000146,0.0095530099968544,tap3,natural,firm,20260810_133647,False
280028,0.0078,0.0273,0.9126,280.028,500000,-0.0078,0.0,0.0039000000000000146,0.008720665112249186,tap3,natural,firm,20260810_133647,False
282501,0.0195,0.0273,0.9009,282.501,500000,0.0039000000000000007,0.0,-0.007799999999999918,0.008720665112249107,tap3,natural,firm,20260810_133647,False
285004,0.0156,0.0234,0.9126,285.004,500000,0.0,-0.0039000000000000007,0.0039000000000000146,0.005515432893255082,tap3,natural,firm,20260810_133647,False
287501,0.0156,0.0273,0.9165,287.501,500000,0.0,0.0,0.007800000000000029,0.007800000000000029,tap3,natural,firm,20260810_133647,False
290023,0.0234,0.0273,0.9048,290.023,500000,0.007800000000000001,0.0,-0.0038999999999999035,0.008720665112249138,tap3,natural,firm,20260810_133647,False
292527,0.0078,0.0273,0.9126,292.527,500000,-0.0078,0.0,0.0039000000000000146,0.008720665112249186,tap3,natural,firm,20260810_133647,False
295000,0.0117,0.0234,0.9126,295.0,500000,-0.003899999999999999,-0.0039000000000000007,0.0039000000000000146,0.00675499814951863,tap3,natural,firm,20260810_133647,False
297513,0.0156,0.0234,0.9087,297.513,500000,0.0,-0.0039000000000000007,0.0,0.0039000000000000007,tap3,natural,firm,20260810_133647,False
300004,0.0156,0.0351,0.9009,300.004,500000,0.0,0.007799999999999998,-0.007799999999999918,0.011030865786510082,tap3,natural,firm,20260810_133647,False
302510,0.0156,0.0273,0.9165,302.51,500000,0.0,0.0,0.007800000000000029,0.007800000000000029,tap3,natural,firm,20260810_133647,False
305014,0.0156,0.0273,0.9126,305.014,500000,0.0,0.0,0.0039000000000000146,0.0039000000000000146,tap3,natural,firm,20260810_133647,False
307525,0.0195,0.0195,0.9087,307.525,500000,0.0039000000000000007,-0.007800000000000001,0.0,0.008720665112249181,tap3,natural,firm,20260810_133647,False
310020,0.0117,0.0312,0.9087,310.02,500000,-0.003899999999999999,0.0038999999999999972,0.0,0.005515432893255068,tap3,natural,firm,20260810_133647,False
312519,0.0117,0.0312,0.9048,312.519,500000,-0.003899999999999999,0.0038999999999999972,-0.0038999999999999035,0.006754998149518563,tap3,natural,firm,20260810_133647,False
315023,0.0234,0.0234,0.9165,315.023,500000,0.007800000000000001,-0.0039000000000000007,0.007800000000000029,0.011700000000000021,tap3,natural,firm,20260810_133647,False
317504,0.0195,0.0234,0.9048,317.504,500000,0.0039000000000000007,-0.0039000000000000007,-0.0038999999999999035,0.006754998149518567,tap3,natural,firm,20260810_133647,False
320026,0.0195,0.0273,0.9126,320.026,500000,0.0039000000000000007,0.0,0.0039000000000000146,0.005515432893255082,tap3,natural,firm,20260810_133647,False
322524,0.0156,0.0273,0.9087,322.524,500000,0.0,0.0,0.0,0.0,tap3,natural,firm,20260810_133647,False
325028,0.0195,0.0234,0.9126,325.028,500000,0.0039000000000000007,-0.0039000000000000007,0.0039000000000000146,0.006754998149518631,tap3,natural,firm,20260810_133647,False
327506,0.0195,0.0273,0.9087,327.506,500000,0.0039000000000000007,0.0,0.0,0.0039000000000000007,tap3,natural,firm,20260810_133647,False
330020,0.0156,0.0234,0.9204,330.02,500000,0.0,-0.0039000000000000007,0.011700000000000044,0.012332882874656722,tap3,natural,firm,20260810_133647,False
332500,0.0195,0.0312,0.9126,332.5,500000,0.0039000000000000007,0.0038999999999999972,0.0039000000000000146,0.006754998149518628,tap3,natural,firm,20260810_133647,False
335002,0.0156,0.0234,0.9048,335.002,500000,0.0,-0.0039000000000000007,-0.0038999999999999035,0.005515432893255003,tap3,natural,firm,20260810_133647,False
337505,0.0156,0.0273,0.9087,337.505,500000,0.0,0.0,0.0,0.0,tap3,natural,firm,20260810_133647,False
340022,0.0117,0.0195,0.9087,340.022,500000,-0.003899999999999999,-0.007800000000000001,0.0,0.00872066511224918,tap3,natural,firm,20260810_133647,False
342524,0.0117,0.0273,0.9048,342.524,500000,-0.003899999999999999,0.0,-0.0038999999999999035,0.005515432893255002,tap3,natural,firm,20260810_133647,False
345029,0.0117,0.0273,0.9048,345.029,500000,-0.003899999999999999,0.0,-0.0038999999999999035,0.005515432893255002,tap3,natural,firm,20260810_133647,False
347514,0.0117,0.0234,0.9087,347.514,500000,-0.003899999999999999,-0.0039000000000000007,0.0,0.00551543289325507,tap3,natural,firm,20260810_133647,False
350002,0.0156,0.0234,0.897,350.002,500000,0.0,-0.0039000000000000007,-0.011699999999999933,0.012332882874656616,tap3,natural,firm,20260810_133647,False
352502,0.0234,0.0195,0.9126,352.502,500000,0.007800000000000001,-0.007800000000000001,0.0039000000000000146,0.011700000000000007,tap3,natural,firm,20260810_133647,False
355024,0.0117,0.0273,0.9087,355.024,500000,-0.003899999999999999,0.0,0.0,0.003899999999999999,tap3,natural,firm,20260810_133647,False
357510,0.0117,0.0312,0.9126,357.51,500000,-0.003899999999999999,0.0038999999999999972,0.0039000000000000146,0.006754998149518627,tap3,natural,firm,20260810_133647,False
360001,0.0156,0.0312,0.9126,360.001,500000,0.0,0.0038999999999999972,0.0039000000000000146,0.005515432893255079,tap3,natural,firm,20260810_133647,False
362501,0.0234,0.0195,0.9087,362.501,500000,0.007800000000000001,-0.007800000000000001,0.0,0.011030865786510143,tap3,natural,firm,20260810_133647,False
365004,0.0156,0.0351,0.9087,365.004,500000,0.0,0.007799999999999998,0.0,0.007799999999999998,tap3,natural,firm,20260810_133647,False
367521,0.0156,0.0312,0.9165,367.521,500000,0.0,0.0038999999999999972,0.007800000000000029,0.008720665112249205,tap3,natural,firm,20260810_133647,False
370027,0.0195,0.0273,0.9087,370.027,500000,0.0039000000000000007,0.0,0.0,0.0039000000000000007,tap3,natural,firm,20260810_133647,False
372506,0.0234,0.0312,0.9126,372.506,500000,0.007800000000000001,0.0038999999999999972,0.0039000000000000146,0.0095530099968544,tap3,natural,firm,20260810_133647,False
375008,0.0078,0.0312,0.9126,375.008,500000,-0.0078,0.0038999999999999972,0.0039000000000000146,0.0095530099968544,tap3,natural,firm,20260810_133647,False
377517,0.0234,0.0273,0.9126,377.517,500000,0.007800000000000001,0.0,0.0039000000000000146,0.008720665112249188,tap3,natural,firm,20260810_133647,False
380013,0.0195,0.0273,0.9048,380.013,500000,0.0039000000000000007,0.0,-0.0038999999999999035,0.005515432893255003,tap3,natural,firm,20260810_133647,False
382511,0.0195,0.0273,0.9204,382.511,500000,0.0039000000000000007,0.0,0.011700000000000044,0.012332882874656722,tap3,natural,firm,20260810_133647,False
385014,0.0156,0.0273,0.9048,385.014,500000,0.0,0.0,-0.0038999999999999035,0.0038999999999999035,tap3,natural,firm,20260810_133647,False
387528,0.0156,0.0195,0.9048,387.528,500000,0.0,-0.007800000000000001,-0.0038999999999999035,0.008720665112249138,tap3,natural,firm,20260810_133647,False
390028,0.0195,0.0273,0.9126,390.028,500000,0.0039000000000000007,0.0,0.0039000000000000146,0.005515432893255082,tap3,natural,firm,20260810_133647,False
392507,0.0195,0.0312,0.9048,392.507,500000,0.0039000000000000007,0.0038999999999999972,-0.0038999999999999035,0.006754998149518564,tap3,natural,firm,20260810_133647,False
395009,0.0117,0.0351,0.9087,395.009,500000,-0.003899999999999999,0.007799999999999998,0.0,0.008720665112249178,tap3,natural,firm,20260810_133647,False
397521,0.0195,0.0312,0.9087,397.521,500000,0.0039000000000000007,0.0038999999999999972,0.0,0.0055154328932550695,tap3,natural,firm,20260810_133647,False
400009,0.0117,0.0312,0.9087,400.009,500000,-0.003899999999999999,0.0038999999999999972,0.0,0.005515432893255068,tap3,natural,firm,20260810_133647,False
402508,0.0117,0.0273,0.9126,402.508,500000,-0.003899999999999999,0.0,0.0039000000000000146,0.00551543289325508,tap3,natural,firm,20260810_133647,False
405014,0.0195,0.0273,0.9165,405.014,500000,0.0039000000000000007,0.0,0.007800000000000029,0.008720665112249207,tap3,natural,firm,20260810_133647,False
407524,0.0195,0.0351,0.9126,407.524,500000,0.0039000000000000007,0.007799999999999998,0.0039000000000000146,0.0095530099968544,tap3,natural,firm,20260810_133647,False
410024,0.0117,0.0312,0.9087,410.024,500000,-0.003899999999999999,0.0038999999999999972,0.0,0.005515432893255068,tap3,natural,firm,20260810_133647,False
412520,0.0078,0.0273,0.9126,412.52,500000,-0.0078,0.0,0.0039000000000000146,0.008720665112249186,tap3,natural,firm,20260810_133647,False
415022,0.0195,0.0195,0.9165,415.022,500000,0.0039000000000000007,-0.007800000000000001,0.007800000000000029,0.011700000000000021,tap3,natural,firm,20260810_133647,False
417508,0.0117,0.0312,0.9204,417.508,500000,-0.003899999999999999,0.0038999999999999972,0.011700000000000044,0.012934836682386097,tap3,natural,firm,20260810_133647,False
420010,0.0156,0.0312,0.9048,420.01,500000,0.0,0.0038999999999999972,-0.0038999999999999035,0.005515432893255,tap3,natural,firm,20260810_133647,False
422517,0.0117,0.0351,0.9165,422.517,500000,-0.003899999999999999,0.007799999999999998,0.007800000000000029,0.011700000000000018,tap3,natural,firm,20260810_133647,False
425021,0.0156,0.0273,0.9087,425.021,500000,0.0,0.0,0.0,0.0,tap3,natural,firm,20260810_133647,False
427503,0.0156,0.0273,0.9048,427.503,500000,0.0,0.0,-0.0038999999999999035,0.0038999999999999035,tap3,natural,firm,20260810_133647,False
430017,0.0117,0.0234,0.9087,430.017,500000,-0.003899999999999999,-0.0039000000000000007,0.0,0.00551543289325507,tap3,natural,firm,20260810_133647,False
432524,0.0195,0.0195,0.8931,432.524,500000,0.0039000000000000007,-0.007800000000000001,-0.015599999999999947,0.01787204521032773,tap3,natural,firm,20260810_133647,False
435028,0.0117,0.0312,0.9087,435.028,500000,-0.003899999999999999,0.0038999999999999972,0.0,0.005515432893255068,tap3,natural,firm,20260810_133647,False
437518,0.0078,0.0234,0.9126,437.518,500000,-0.0078,-0.0039000000000000007,0.0039000000000000146,0.0095530099968544,tap3,natural,firm,20260810_133647,False
440000,0.0195,0.0195,0.9087,440.0,500000,0.0039000000000000007,-0.007800000000000001,0.0,0.008720665112249181,tap3,natural,firm,20260810_133647,False
442508,0.0195,0.0234,0.9126,442.508,500000,0.0039000000000000007,-0.0039000000000000007,0.0039000000000000146,0.006754998149518631,tap3,natural,firm,20260810_133647,False
445016,0.0156,0.0273,0.9204,445.016,500000,0.0,0.0,0.011700000000000044,0.011700000000000044,tap3,natural,firm,20260810_133647,False
447520,0.0195,0.0234,0.9204,447.52,500000,0.0039000000000000007,-0.0039000000000000007,0.011700000000000044,0.012934836682386099,tap3,natural,firm,20260810_133647,False
450012,0.0195,0.0234,0.9204,450.012,500000,0.0039000000000000007,-0.0039000000000000007,0.011700000000000044,0.012934836682386099,tap3,natural,firm,20260810_133647,False
452511,0.0195,0.0234,0.9087,452.511,500000,0.0039000000000000007,-0.0039000000000000007,0.0,0.005515432893255071,tap3,natural,firm,20260810_133647,False
455015,0.0117,0.0273,0.9165,455.015,500000,-0.003899999999999999,0.0,0.007800000000000029,0.008720665112249205,tap3,natural,firm,20260810_133647,False
457529,0.0156,0.0351,0.9204,457.529,500000,0.0,0.007799999999999998,0.011700000000000044,0.014061649974309594,tap3,natural,firm,20260810_133647,False
460027,0.0156,0.0273,0.9126,460.027,500000,0.0,0.0,0.0039000000000000146,0.0039000000000000146,tap3,natural,firm,20260810_133647,False
462500,0.0195,0.0273,0.9048,462.5,500000,0.0039000000000000007,0.0,-0.0038999999999999035,0.005515432893255003,tap3,natural,firm,20260810_133647,False
465002,0.0156,0.0273,0.9087,465.002,500000,0.0,0.0,0.0,0.0,tap3,natural,firm,20260810_133647,False
467518,0.0117,0.0273,0.9126,467.518,500000,-0.003899999999999999,0.0,0.0039000000000000146,0.00551543289325508,tap3,natural,firm,20260810_133647,False
470014,0.0156,0.0312,0.9204,470.014,500000,0.0,0.0038999999999999972,0.011700000000000044,0.01233288287465672,tap3,natural,firm,20260810_133647,False
472502,0.0195,0.0312,0.9087,472.502,500000,0.0039000000000000007,0.0038999999999999972,0.0,0.0055154328932550695,tap3,natural,firm,20260810_133647,False
475008,0.0078,0.0273,0.9048,475.008,500000,-0.0078,0.0,-0.0038999999999999035,0.008720665112249136,tap3,natural,firm,20260810_133647,False
477515,0.0156,0.0273,0.9087,477.515,500000,0.0,0.0,0.0,0.0,tap3,natural,firm,20260810_133647,False
480012,0.0156,0.0273,0.9126,480.012,500000,0.0,0.0,0.0039000000000000146,0.0039000000000000146,tap3,natural,firm,20260810_133647,False
482510,0.0156,0.0273,0.9087,482.51,500000,0.0,0.0,0.0,0.0,tap3,natural,firm,20260810_133647,False
485027,0.0117,0.0195,0.9165,485.027,500000,-0.003899999999999999,-0.007800000000000001,0.007800000000000029,0.01170000000000002,tap3,natural,firm,20260810_133647,False
487524,0.0195,0.0273,0.9087,487.524,500000,0.0039000000000000007,0.0,0.0,0.0039000000000000007,tap3,natural,firm,20260810_133647,False
490024,0.0117,0.0273,0.9087,490.024,500000,-0.003899999999999999,0.0,0.0,0.003899999999999999,tap3,natural,firm,20260810_133647,False
492502,0.0195,0.0273,0.9087,492.502,500000,0.0039000000000000007,0.0,0.0,0.0039000000000000007,tap3,natural,firm,20260810_133647,False
495008,0.0195,0.0234,0.9126,495.008,500000,0.0039000000000000007,-0.0039000000000000007,0.0039000000000000146,0.006754998149518631,tap3,natural,firm,20260810_133647,False
497523,0.0156,0.0312,0.9087,497.523,500000,0.0,0.0038999999999999972,0.0,0.0038999999999999972,tap3,natural,firm,20260810_133647,False
500022,0.0156,0.0273,0.9165,500.022,500000,0.0,0.0,0.007800000000000029,0.007800000000000029,tap3,natural,firm,20260810_133647,False
510642,0.0156,0.0273,0.9165,510.642,500000,0.0,0.0,0.007800000000000029,0.007800000000000029,tap3,natural,firm,20260810_133647,False
511046,0.0156,0.0273,0.9165,511.046,500000,0.0,0.0,0.007800000000000029,0.007800000000000029,tap3,natural,firm,20260810_133647,False
511450,0.0156,0.0273,0.9165,511.45,500000,0.0,0.0,0.007800000000000029,0.007800000000000029,tap3,natural,firm,20260810_133647,False
511865,0.0156,0.0429,0.9165,511.865,500000,0.0,0.0156,0.007800000000000029,0.017441330224498373,tap3,natural,firm,20260810_133647,False
512514,0.0156,0.0429,0.9165,512.514,500000,0.0,0.0156,0.007800000000000029,0.017441330224498373,tap3,natural,firm,20260810_133647,False
515001,0.0234,0.0234,0.9126,515.001,500000,0.007800000000000001,-0.0039000000000000007,0.0039000000000000146,0.009553009996854402,tap3,natural,firm,20260810_133647,False
517518,0.0195,0.0195,0.9126,517.518,500000,0.0039000000000000007,-0.007800000000000001,0.0039000000000000146,0.009553009996854402,tap3,natural,firm,20260810_133647,False
520008,0.0156,0.0273,0.9126,520.008,500000,0.0,0.0,0.0039000000000000146,0.0039000000000000146,tap3,natural,firm,20260810_133647,False
522507,0.0156,0.0195,0.9048,522.507,500000,0.0,-0.007800000000000001,-0.0038999999999999035,0.008720665112249138,tap3,natural,firm,20260810_133647,False
525014,0.0234,0.0273,0.9126,525.014,500000,0.007800000000000001,0.0,0.0039000000000000146,0.008720665112249188,tap3,natural,firm,20260810_133647,False
527524,0.0117,0.0312,0.9126,527.524,500000,-0.003899999999999999,0.0038999999999999972,0.0039000000000000146,0.006754998149518627,tap3,natural,firm,20260810_133647,False
530022,0.0195,0.0234,0.9048,530.022,500000,0.0039000000000000007,-0.0039000000000000007,-0.0038999999999999035,0.006754998149518567,tap3,natural,firm,20260810_133647,False
532501,0.0156,0.0234,0.9126,532.501,500000,0.0,-0.0039000000000000007,0.0039000000000000146,0.005515432893255082,tap3,natural,firm,20260810_133647,False
535004,0.0507,0.0156,0.9243,535.004,500000,0.035100000000000006,-0.011700000000000002,0.015600000000000058,0.04015295754984933,tap3,natural,firm,20260810_133647,False
537522,0.0234,0.0195,0.9087,537.522,500000,0.007800000000000001,-0.007800000000000001,0.0,0.011030865786510143,tap3,natural,firm,20260810_133647,False
540013,0.0117,0.0273,0.9126,540.013,500000,-0.003899999999999999,0.0,0.0039000000000000146,0.00551543289325508,tap3,natural,firm,20260810_133647,False
542512,0.0156,0.0156,0.9087,542.512,500000,0.0,-0.011700000000000002,0.0,0.011700000000000002,tap3,natural,firm,20260810_133647,False
545006,0.0156,0.0273,0.9048,545.006,500000,0.0,0.0,-0.0038999999999999035,0.0038999999999999035,tap3,natural,firm,20260810_133647,False
547519,0.0117,0.0234,0.9048,547.519,500000,-0.003899999999999999,-0.0039000000000000007,-0.0038999999999999035,0.006754998149518566,tap3,natural,firm,20260810_133647,False
550025,0.0156,0.0234,0.9009,550.025,500000,0.0,-0.0039000000000000007,-0.007799999999999918,0.008720665112249107,tap3,natural,firm,20260810_133647,False
552504,0.0117,0.0351,0.9087,552.504,500000,-0.003899999999999999,0.007799999999999998,0.0,0.008720665112249178,tap3,natural,firm,20260810_133647,False
555006,0.0117,0.0351,0.9087,555.006,500000,-0.003899999999999999,0.007799999999999998,0.0,0.008720665112249178,tap3,natural,firm,20260810_133647,False
557523,0.0195,0.0312,0.9087,557.523,500000,0.0039000000000000007,0.0038999999999999972,0.0,0.0055154328932550695,tap3,natural,firm,20260810_133647,False
560009,0.0156,0.0273,0.9087,560.009,500000,0.0,0.0,0.0,0.0,tap3,natural,firm,20260810_133647,False
562508,0.0234,0.0234,0.9087,562.508,500000,0.007800000000000001,-0.0039000000000000007,0.0,0.008720665112249181,tap3,natural,firm,20260810_133647,False
565008,0.0117,0.0312,0.9087,565.008,500000,-0.003899999999999999,0.0038999999999999972,0.0,0.005515432893255068,tap3,natural,firm,20260810_133647,False
567527,0.0195,0.0234,0.9087,567.527,500000,0.0039000000000000007,-0.0039000000000000007,0.0,0.005515432893255071,tap3,natural,firm,20260810_133647,False
570007,0.0234,0.0234,0.9087,570.007,500000,0.007800000000000001,-0.0039000000000000007,0.0,0.008720665112249181,tap3,natural,firm,20260810_133647,False
572522,0.0078,0.0273,0.9087,572.522,500000,-0.0078,0.0,0.0,0.0078,tap3,natural,firm,20260810_133647,False
575028,0.0195,0.0234,0.9243,575.028,500000,0.0039000000000000007,-0.0039000000000000007,0.015600000000000058,0.01654629867976527,tap3,natural,firm,20260810_133647,False
577503,0.0234,0.0312,0.9087,577.503,500000,0.007800000000000001,0.0038999999999999972,0.0,0.00872066511224918,tap3,natural,firm,20260810_133647,False
580024,0.0195,0.0312,0.9087,580.024,500000,0.0039000000000000007,0.0038999999999999972,0.0,0.0055154328932550695,tap3,natural,firm,20260810_133647,False
582521,0.0195,0.0273,0.9009,582.521,500000,0.0039000000000000007,0.0,-0.007799999999999918,0.008720665112249107,tap3,natural,firm,20260810_133647,False
585026,0.0117,0.0234,0.9048,585.026,500000,-0.003899999999999999,-0.0039000000000000007,-0.0038999999999999035,0.006754998149518566,tap3,natural,firm,20260810_133647,False
587509,0.0156,0.0312,0.9087,587.509,500000,0.0,0.0038999999999999972,0.0,0.0038999999999999972,tap3,natural,firm,20260810_133647,False
590000,0.0078,0.039,0.9087,590.0,500000,-0.0078,0.011699999999999999,0.0,0.014061649974309557,tap3,natural,firm,20260810_133647,False
592502,0.0117,0.0312,0.9165,592.502,500000,-0.003899999999999999,0.0038999999999999972,0.007800000000000029,0.009553009996854416,tap3,natural,firm,20260810_133647,False
595006,0.0195,0.0195,0.9126,595.006,500000,0.0039000000000000007,-0.007800000000000001,0.0039000000000000146,0.009553009996854402,tap3,natural,firm,20260810_133647,False
597518,0.0156,0.0234,0.9126,597.518,500000,0.0,-0.0039000000000000007,0.0039000000000000146,0.005515432893255082,tap3,natural,firm,20260810_133647,False
600006,0.0156,0.0234,0.9087,600.006,500000,0.0,-0.0039000000000000007,0.0,0.0039000000000000007,tap3,natural,firm,20260810_133647,False
602506,0.0156,0.0234,0.9165,602.506,500000,0.0,-0.0039000000000000007,0.007800000000000029,0.008720665112249207,tap3,natural,firm,20260810_133647,False
605030,0.0156,0.0312,0.9165,605.03,500000,0.0,0.0038999999999999972,0.007800000000000029,0.008720665112249205,tap3,natural,firm,20260810_133647,False
607520,0.0078,0.0234,0.9087,607.52,500000,-0.0078,-0.0039000000000000007,0.0,0.00872066511224918,tap3,natural,firm,20260810_133647,False
610010,0.0156,0.0312,0.897,610.01,500000,0.0,0.0038999999999999972,-0.011699999999999933,0.012332882874656614,tap3,natural,firm,20260810_133647,False
612511,0.0156,0.0351,0.9087,612.511,500000,0.0,0.007799999999999998,0.0,0.007799999999999998,tap3,natural,firm,20260810_133647,False
615025,0.0195,0.0234,0.9126,615.025,500000,0.0039000000000000007,-0.0039000000000000007,0.0039000000000000146,0.006754998149518631,tap3,natural,firm,20260810_133647,False
617523,0.0156,0.0312,0.9048,617.523,500000,0.0,0.0038999999999999972,-0.0038999999999999035,0.005515432893255,tap3,natural,firm,20260810_133647,False
620018,0.0117,0.0234,0.9087,620.018,500000,-0.003899999999999999,-0.0039000000000000007,0.0,0.00551543289325507,tap3,natural,firm,20260810_133647,False
622517,0.0117,0.0234,0.9165,622.517,500000,-0.003899999999999999,-0.0039000000000000007,0.007800000000000029,0.009553009996854418,tap3,natural,firm,20260810_133647,False
625021,0.0156,0.0312,0.9126,625.021,500000,0.0,0.0038999999999999972,0.0039000000000000146,0.005515432893255079,tap3,natural,firm,20260810_133647,False
627500,0.0117,0.0234,0.9087,627.5,500000,-0.003899999999999999,-0.0039000000000000007,0.0,0.00551543289325507,tap3,natural,firm,20260810_133647,False
630018,0.0156,0.0273,0.9087,630.018,500000,0.0,0.0,0.0,0.0,tap3,natural,firm,20260810_133647,False
632527,0.0195,0.0234,0.9048,632.527,500000,0.0039000000000000007,-0.0039000000000000007,-0.0038999999999999035,0.006754998149518567,tap3,natural,firm,20260810_133647,False
635001,0.0117,0.0234,0.9087,635.001,500000,-0.003899999999999999,-0.0039000000000000007,0.0,0.00551543289325507,tap3,natural,firm,20260810_133647,False
637518,0.0,0.0234,0.9048,637.518,500000,-0.0156,-0.0039000000000000007,-0.0038999999999999035,0.016546298679765186,tap3,natural,firm,20260810_133647,False
640010,0.0117,0.0273,0.9087,640.01,500000,-0.003899999999999999,0.0,0.0,0.003899999999999999,tap3,natural,firm,20260810_133647,False
642512,0.0156,0.0234,0.9126,642.512,500000,0.0,-0.0039000000000000007,0.0039000000000000146,0.005515432893255082,tap3,natural,firm,20260810_133647,False
645023,0.0195,0.0195,0.9009,645.023,500000,0.0039000000000000007,-0.007800000000000001,-0.007799999999999918,0.011699999999999947,tap3,natural,firm,20260810_133647,False
647506,0.0195,0.0234,0.9048,647.506,500000,0.0039000000000000007,-0.0039000000000000007,-0.0038999999999999035,0.006754998149518567,tap3,natural,firm,20260810_133647,False
650028,0.0078,0.0273,0.9087,650.028,500000,-0.0078,0.0,0.0,0.0078,tap3,natural,firm,20260810_133647,False
652525,0.0156,0.0234,0.9126,652.525,500000,0.0,-0.0039000000000000007,0.0039000000000000146,0.005515432893255082,tap3,natural,firm,20260810_133647,False
655026,0.0195,0.0273,0.9165,655.026,500000,0.0039000000000000007,0.0,0.007800000000000029,0.008720665112249207,tap3,natural,firm,20260810_133647,False
657507,0.0156,0.0273,0.9087,657.507,500000,0.0,0.0,0.0,0.0,tap3,natural,firm,20260810_133647,False
660025,0.0156,0.0234,0.9087,660.025,500000,0.0,-0.0039000000000000007,0.0,0.0039000000000000007,tap3,natural,firm,20260810_133647,False
662525,0.0156,0.0234,0.9087,662.525,500000,0.0,-0.0039000000000000007,0.0,0.0039000000000000007,tap3,natural,firm,20260810_133647,False
665027,0.0117,0.0234,0.9087,665.027,500000,-0.003899999999999999,-0.0039000000000000007,0.0,0.00551543289325507,tap3,natural,firm,20260810_133647,False
667515,0.0195,0.0195,0.9126,667.515,500000,0.0039000000000000007,-0.007800000000000001,0.0039000000000000146,0.009553009996854402,tap3,natural,firm,20260810_133647,False
670005,0.0195,0.0195,0.9126,670.005,500000,0.0039000000000000007,-0.007800000000000001,0.0039000000000000146,0.009553009996854402,tap3,natural,firm,20260810_133647,False
672524,0.0234,0.0351,0.9048,672.524,500000,0.007800000000000001,0.007799999999999998,-0.0038999999999999035,0.011699999999999967,tap3,natural,firm,20260810_133647,False
675028,0.0195,0.039,0.9009,675.028,500000,0.0039000000000000007,0.011699999999999999,-0.007799999999999918,0.014592463808418327,tap3,natural,firm,20260810_133647,False
677512,0.0195,0.0234,0.897,677.512,500000,0.0039000000000000007,-0.0039000000000000007,-0.011699999999999933,0.012934836682385998,tap3,natural,firm,20260810_133647,False
680009,0.0195,0.0312,0.9126,680.009,500000,0.0039000000000000007,0.0038999999999999972,0.0039000000000000146,0.006754998149518628,tap3,natural,firm,20260810_133647,False
682525,0.0195,0.0234,0.9243,682.525,500000,0.0039000000000000007,-0.0039000000000000007,0.015600000000000058,0.01654629867976527,tap3,natural,firm,20260810_133647,False
685002,0.0117,0.0273,0.9126,685.002,500000,-0.003899999999999999,0.0,0.0039000000000000146,0.00551543289325508,tap3,natural,firm,20260810_133647,False
687516,0.0117,0.0273,0.9087,687.516,500000,-0.003899999999999999,0.0,0.0,0.003899999999999999,tap3,natural,firm,20260810_133647,False
690006,0.0117,0.0351,0.9204,690.006,500000,-0.003899999999999999,0.007799999999999998,0.011700000000000044,0.014592463808418405,tap3,natural,firm,20260810_133647,False
692508,0.0156,0.0234,0.9126,692.508,500000,0.0,-0.0039000000000000007,0.0039000000000000146,0.005515432893255082,tap3,natural,firm,20260810_133647,False
695013,0.0117,0.0312,0.9165,695.013,500000,-0.003899999999999999,0.0038999999999999972,0.007800000000000029,0.009553009996854416,tap3,natural,firm,20260810_133647,False
697524,0.0117,0.0351,0.9126,697.524,500000,-0.003899999999999999,0.007799999999999998,0.0039000000000000146,0.009553009996854399,tap3,natural,firm,20260810_133647,False
700021,0.0156,0.0312,0.9048,700.021,500000,0.0,0.0038999999999999972,-0.0038999999999999035,0.005515432893255,tap3,natural,firm,20260810_133647,False
702526,0.0195,0.0195,0.9087,702.526,500000,0.0039000000000000007,-0.007800000000000001,0.0,0.008720665112249181,tap3,natural,firm,20260810_133647,False
705028,0.0156,0.0312,0.9126,705.028,500000,0.0,0.0038999999999999972,0.0039000000000000146,0.005515432893255079,tap3,natural,firm,20260810_133647,False
707506,0.0234,0.0195,0.9087,707.506,500000,0.007800000000000001,-0.007800000000000001,0.0,0.011030865786510143,tap3,natural,firm,20260810_133647,False
710026,0.0156,0.0195,0.9126,710.026,500000,0.0,-0.007800000000000001,0.0039000000000000146,0.008720665112249188,tap3,natural,firm,20260810_133647,False
712522,0.0117,0.0234,0.9048,712.522,500000,-0.003899999999999999,-0.0039000000000000007,-0.0038999999999999035,0.006754998149518566,tap3,natural,firm,20260810_133647,False
715024,0.0156,0.0273,0.9009,715.024,500000,0.0,0.0,-0.007799999999999918,0.007799999999999918,tap3,natural,firm,20260810_133647,False
717508,0.0156,0.0234,0.9165,717.508,500000,0.0,-0.0039000000000000007,0.007800000000000029,0.008720665112249207,tap3,natural,firm,20260810_133647,False
720029,0.0078,0.0234,0.9087,720.029,500000,-0.0078,-0.0039000000000000007,0.0,0.00872066511224918,tap3,natural,firm,20260810_133647,False
722503,0.0195,0.0195,0.9009,722.503,500000,0.0039000000000000007,-0.007800000000000001,-0.007799999999999918,0.011699999999999947,tap3,natural,firm,20260810_133647,False
725008,0.0117,0.0273,0.9048,725.008,500000,-0.003899999999999999,0.0,-0.0038999999999999035,0.005515432893255002,tap3,natural,firm,20260810_133647,False
727520,0.0117,0.0351,0.9087,727.52,500000,-0.003899999999999999,0.007799999999999998,0.0,0.008720665112249178,tap3,natural,firm,20260810_133647,False
730010,0.0117,0.0234,0.9126,730.01,500000,-0.003899999999999999,-0.0039000000000000007,0.0039000000000000146,0.00675499814951863,tap3,natural,firm,20260810_133647,False
732515,0.0117,0.0273,0.9087,732.515,500000,-0.003899999999999999,0.0,0.0,0.003899999999999999,tap3,natural,firm,20260810_133647,False
735016,0.0039,0.0312,0.9087,735.016,500000,-0.011699999999999999,0.0038999999999999972,0.0,0.012332882874656677,tap3,natural,firm,20260810_133647,False
737502,0.0195,0.0234,0.9087,737.502,500000,0.0039000000000000007,-0.0039000000000000007,0.0,0.005515432893255071,tap3,natural,firm,20260810_133647,False
740025,0.0156,0.0156,0.9048,740.025,500000,0.0,-0.011700000000000002,-0.0038999999999999035,0.01233288287465665,tap3,natural,firm,20260810_133647,False
742526,0.0195,0.0273,0.9087,742.526,500000,0.0039000000000000007,0.0,0.0,0.0039000000000000007,tap3,natural,firm,20260810_133647,False
745000,0.0156,0.0273,0.9126,745.0,500000,0.0,0.0,0.0039000000000000146,0.0039000000000000146,tap3,natural,firm,20260810_133647,False
747500,0.0156,0.0312,0.9087,747.5,500000,0.0,0.0038999999999999972,0.0,0.0038999999999999972,tap3,natural,firm,20260810_133647,False
750020,0.0156,0.0195,0.9009,750.02,500000,0.0,-0.007800000000000001,-0.007799999999999918,0.011030865786510084,tap3,natural,firm,20260810_133647,False
752523,0.0117,0.0273,0.9087,752.523,500000,-0.003899999999999999,0.0,0.0,0.003899999999999999,tap3,natural,firm,20260810_133647,False
755024,0.0195,0.0234,0.9048,755.024,500000,0.0039000000000000007,-0.0039000000000000007,-0.0038999999999999035,0.006754998149518567,tap3,natural,firm,20260810_133647,False
757505,0.0156,0.0273,0.9087,757.505,500000,0.0,0.0,0.0,0.0,tap3,natural,firm,20260810_133647,False
760025,0.0156,0.0195,0.9126,760.025,500000,0.0,-0.007800000000000001,0.0039000000000000146,0.008720665112249188,tap3,natural,firm,20260810_133647,False
762527,0.0195,0.0234,0.9009,762.527,500000,0.0039000000000000007,-0.0039000000000000007,-0.007799999999999918,0.009553009996854328,tap3,natural,firm,20260810_133647,False
765000,0.0156,0.0273,0.9126,765.0,500000,0.0,0.0,0.0039000000000000146,0.0039000000000000146,tap3,natural,firm,20260810_133647,False
767514,0.0156,0.0195,0.9165,767.514,500000,0.0,-0.007800000000000001,0.007800000000000029,0.011030865786510163,tap3,natural,firm,20260810_133647,False
770008,0.0156,0.0195,0.9165,770.008,500000,0.0,-0.007800000000000001,0.007800000000000029,0.011030865786510163,tap3,natural,firm,20260810_133647,False
772527,0.0117,0.0234,0.9126,772.527,500000,-0.003899999999999999,-0.0039000000000000007,0.0039000000000000146,0.00675499814951863,tap3,natural,firm,20260810_133647,False
775004,0.0195,0.0312,0.9087,775.004,500000,0.0039000000000000007,0.0038999999999999972,0.0,0.0055154328932550695,tap3,natural,firm,20260810_133647,False
777506,0.0234,0.0273,0.9126,777.506,500000,0.007800000000000001,0.0,0.0039000000000000146,0.008720665112249188,tap3,natural,firm,20260810_133647,False
780005,0.0156,0.0273,0.9126,780.005,500000,0.0,0.0,0.0039000000000000146,0.0039000000000000146,tap3,natural,firm,20260810_133647,False
782504,0.0195,0.0234,0.9048,782.504,500000,0.0039000000000000007,-0.0039000000000000007,-0.0038999999999999035,0.006754998149518567,tap3,natural,firm,20260810_133647,False
785006,0.0117,0.0312,0.9204,785.006,500000,-0.003899999999999999,0.0038999999999999972,0.011700000000000044,0.012934836682386097,tap3,natural,firm,20260810_133647,False
787520,0.0156,0.0312,0.9087,787.52,500000,0.0,0.0038999999999999972,0.0,0.0038999999999999972,tap3,natural,firm,20260810_133647,False
790009,0.0195,0.0273,0.9009,790.009,500000,0.0039000000000000007,0.0,-0.007799999999999918,0.008720665112249107,tap3,natural,firm,20260810_133647,False
792512,0.0117,0.0351,0.9204,792.512,500000,-0.003899999999999999,0.007799999999999998,0.011700000000000044,0.014592463808418405,tap3,natural,firm,20260810_133647,False
795016,0.0156,0.0273,0.9087,795.016,500000,0.0,0.0,0.0,0.0,tap3,natural,firm,20260810_133647,False
797528,0.0156,0.0312,0.9009,797.528,500000,0.0,0.0038999999999999972,-0.007799999999999918,0.008720665112249105,tap3,natural,firm,20260810_133647,False
800027,0.0195,0.0312,0.9087,800.027,500000,0.0039000000000000007,0.0038999999999999972,0.0,0.0055154328932550695,tap3,natural,firm,20260810_133647,False
802501,0.0117,0.0273,0.9087,802.501,500000,-0.003899999999999999,0.0,0.0,0.003899999999999999,tap3,natural,firm,20260810_133647,False
805003,0.0195,0.0273,0.9087,805.003,500000,0.0039000000000000007,0.0,0.0,0.0039000000000000007,tap3,natural,firm,20260810_133647,False
807515,0.0156,0.0273,0.9126,807.515,500000,0.0,0.0,0.0039000000000000146,0.0039000000000000146,tap3,natural,firm,20260810_133647,False
810007,0.0117,0.0351,0.9126,810.007,500000,-0.003899999999999999,0.007799999999999998,0.0039000000000000146,0.009553009996854399,tap3,natural,firm,20260810_133647,False
812524,0.0117,0.0351,0.9048,812.524,500000,-0.003899999999999999,0.007799999999999998,-0.0038999999999999035,0.009553009996854354,tap3,natural,firm,20260810_133647,False
815000,0.0156,0.0312,0.9009,815.0,500000,0.0,0.0038999999999999972,-0.007799999999999918,0.008720665112249105,tap3,natural,firm,20260810_133647,False
817520,0.0195,0.0312,0.9087,817.52,500000,0.0039000000000000007,0.0038999999999999972,0.0,0.0055154328932550695,tap3,natural,firm,20260810_133647,False
820013,0.0195,0.0273,0.9126,820.013,500000,0.0039000000000000007,0.0,0.0039000000000000146,0.005515432893255082,tap3,natural,firm,20260810_133647,False
822511,0.0156,0.0273,0.9126,822.511,500000,0.0,0.0,0.0039000000000000146,0.0039000000000000146,tap3,natural,firm,20260810_133647,False
825014,0.0078,0.0273,0.9126,825.014,500000,-0.0078,0.0,0.0039000000000000146,0.008720665112249186,tap3,natural,firm,20260810_133647,False
827526,0.0156,0.0273,0.9048,827.526,500000,0.0,0.0,-0.0038999999999999035,0.0038999999999999035,tap3,natural,firm,20260810_133647,False
830017,0.0195,0.0273,0.9048,830.017,500000,0.0039000000000000007,0.0,-0.0038999999999999035,0.005515432893255003,tap3,natural,firm,20260810_133647,False
832524,0.0117,0.0234,0.9126,832.524,500000,-0.003899999999999999,-0.0039000000000000007,0.0039000000000000146,0.00675499814951863,tap3,natural,firm,20260810_133647,False
835028,0.0156,0.0312,0.9009,835.028,500000,0.0,0.0038999999999999972,-0.007799999999999918,0.008720665112249105,tap3,natural,firm,20260810_133647,False
837518,0.0156,0.0312,0.9126,837.518,500000,0.0,0.0038999999999999972,0.0039000000000000146,0.005515432893255079,tap3,natural,firm,20260810_133647,False
840010,0.0195,0.0273,0.9126,840.01,500000,0.0039000000000000007,0.0,0.0039000000000000146,0.005515432893255082,tap3,natural,firm,20260810_133647,False
842511,0.0078,0.0195,0.9048,842.511,500000,-0.0078,-0.007800000000000001,-0.0038999999999999035,0.011699999999999969,tap3,natural,firm,20260810_133647,False
845015,0.0117,0.0273,0.9165,845.015,500000,-0.003899999999999999,0.0,0.007800000000000029,0.008720665112249205,tap3,natural,firm,20260810_133647,False
847530,0.0117,0.0273,0.9048,847.53,500000,-0.003899999999999999,0.0,-0.0038999999999999035,0.005515432893255002,tap3,natural,firm,20260810_133647,False
850015,0.0117,0.0273,0.9087,850.015,500000,-0.003899999999999999,0.0,0.0,0.003899999999999999,tap3,natural,firm,20260810_133647,False
852500,0.0195,0.0273,0.9087,852.5,500000,0.0039000000000000007,0.0,0.0,0.0039000000000000007,tap3,natural,firm,20260810_133647,False
855001,0.0195,0.0273,0.9165,855.001,500000,0.0039000000000000007,0.0,0.007800000000000029,0.008720665112249207,tap3,natural,firm,20260810_133647,False
857515,0.0156,0.0156,0.9126,857.515,500000,0.0,-0.011700000000000002,0.0039000000000000146,0.012332882874656687,tap3,natural,firm,20260810_133647,False
860008,0.0156,0.0273,0.9126,860.008,500000,0.0,0.0,0.0039000000000000146,0.0039000000000000146,tap3,natural,firm,20260810_133647,False
862507,0.0195,0.0234,0.9087,862.507,500000,0.0039000000000000007,-0.0039000000000000007,0.0,0.005515432893255071,tap3,natural,firm,20260810_133647,False
865014,0.0156,0.0273,0.9048,865.014,500000,0.0,0.0,-0.0038999999999999035,0.0038999999999999035,tap3,natural,firm,20260810_133647,False
867500,0.0117,0.0273,0.9126,867.5,500000,-0.003899999999999999,0.0,0.0039000000000000146,0.00551543289325508,tap3,natural,firm,20260810_133647,False
870003,0.0078,0.0273,0.9048,870.003,500000,-0.0078,0.0,-0.0038999999999999035,0.008720665112249136,tap3,natural,firm,20260810_133647,False
872516,0.0156,0.0234,0.9048,872.516,500000,0.0,-0.0039000000000000007,-0.0038999999999999035,0.005515432893255003,tap3,natural,firm,20260810_133647,False
875023,0.0156,0.0234,0.9048,875.023,500000,0.0,-0.0039000000000000007,-0.0038999999999999035,0.005515432893255003,tap3,natural,firm,20260810_133647,False
877525,0.0156,0.0234,0.9087,877.525,500000,0.0,-0.0039000000000000007,0.0,0.0039000000000000007,tap3,natural,firm,20260810_133647,False
880001,0.0117,0.0234,0.9048,880.001,500000,-0.003899999999999999,-0.0039000000000000007,-0.0038999999999999035,0.006754998149518566,tap3,natural,firm,20260810_133647,False
882528,0.0117,0.0273,0.9087,882.528,500000,-0.003899999999999999,0.0,0.0,0.003899999999999999,tap3,natural,firm,20260810_133647,False
885002,0.0117,0.0351,0.9087,885.002,500000,-0.003899999999999999,0.007799999999999998,0.0,0.008720665112249178,tap3,natural,firm,20260810_133647,False
887516,0.0156,0.0195,0.9087,887.516,500000,0.0,-0.007800000000000001,0.0,0.007800000000000001,tap3,natural,firm,20260810_133647,False
890007,0.0156,0.0234,0.9243,890.007,500000,0.0,-0.0039000000000000007,0.015600000000000058,0.016080111939908933,tap3,natural,firm,20260810_133647,False
892512,0.0234,0.039,0.9048,892.512,500000,0.007800000000000001,0.011699999999999999,-0.0038999999999999035,0.014592463808418346,tap3,natural,firm,20260810_133647,False
895018,0.0156,0.0312,0.9126,895.018,500000,0.0,0.0038999999999999972,0.0039000000000000146,0.005515432893255079,tap3,natural,firm,20260810_133647,False
897500,0.0195,0.0234,0.9048,897.5,500000,0.0039000000000000007,-0.0039000000000000007,-0.0038999999999999035,0.006754998149518567,tap3,natural,firm,20260810_133647,False
900020,0.0078,0.0312,0.9087,900.02,500000,-0.0078,0.0038999999999999972,0.0,0.00872066511224918,tap3,natural,firm,20260810_133647,False
902516,0.0156,0.039,0.9087,902.516,500000,0.0,0.011699999999999999,0.0,0.011699999999999999,tap3,natural,firm,20260810_133647,False
905019,0.0234,0.0195,0.9087,905.019,500000,0.007800000000000001,-0.007800000000000001,0.0,0.011030865786510143,tap3,natural,firm,20260810_133647,False
907503,0.0156,0.0234,0.9048,907.503,500000,0.0,-0.0039000000000000007,-0.0038999999999999035,0.005515432893255003,tap3,natural,firm,20260810_133647,False
910023,0.0156,0.0273,0.9009,910.023,500000,0.0,0.0,-0.007799999999999918,0.007799999999999918,tap3,natural,firm,20260810_133647,False
912521,0.0117,0.0312,0.9048,912.521,500000,-0.003899999999999999,0.0038999999999999972,-0.0038999999999999035,0.006754998149518563,tap3,natural,firm,20260810_133647,False
915025,0.0195,0.0234,0.9165,915.025,500000,0.0039000000000000007,-0.0039000000000000007,0.007800000000000029,0.00955300999685442,tap3,natural,firm,20260810_133647,False
917507,0.0156,0.0273,0.9126,917.507,500000,0.0,0.0,0.0039000000000000146,0.0039000000000000146,tap3,natural,firm,20260810_133647,False
920002,0.0195,0.0273,0.9126,920.002,500000,0.0039000000000000007,0.0,0.0039000000000000146,0.005515432893255082,tap3,natural,firm,20260810_133647,False
922501,0.0117,0.0273,0.9165,922.501,500000,-0.003899999999999999,0.0,0.007800000000000029,0.008720665112249205,tap3,natural,firm,20260810_133647,False
925005,0.0078,0.0351,0.9087,925.005,500000,-0.0078,0.007799999999999998,0.0,0.011030865786510139,tap3,natural,firm,20260810_133647,False
927514,0.0156,0.0312,0.9087,927.514,500000,0.0,0.0038999999999999972,0.0,0.0038999999999999972,tap3,natural,firm,20260810_133647,False
930029,0.0195,0.0234,0.9165,930.029,500000,0.0039000000000000007,-0.0039000000000000007,0.007800000000000029,0.00955300999685442,tap3,natural,firm,20260810_133647,False
932505,0.0117,0.0234,0.9126,932.505,500000,-0.003899999999999999,-0.0039000000000000007,0.0039000000000000146,0.00675499814951863,tap3,natural,firm,20260810_133647,False
935008,0.0156,0.0312,0.9048,935.008,500000,0.0,0.0038999999999999972,-0.0038999999999999035,0.005515432893255,tap3,natural,firm,20260810_133647,False
937525,0.0156,0.0273,0.9126,937.525,500000,0.0,0.0,0.0039000000000000146,0.0039000000000000146,tap3,natural,firm,20260810_133647,False
940024,0.0195,0.0234,0.9087,940.024,500000,0.0039000000000000007,-0.0039000000000000007,0.0,0.005515432893255071,tap3,natural,firm,20260810_133647,False
942511,0.0195,0.0273,0.9165,942.511,500000,0.0039000000000000007,0.0,0.007800000000000029,0.008720665112249207,tap3,natural,firm,20260810_133647,False
945023,0.0156,0.0156,0.9048,945.023,500000,0.0,-0.011700000000000002,-0.0038999999999999035,0.01233288287465665,tap3,natural,firm,20260810_133647,False
947512,0.0117,0.0312,0.9126,947.512,500000,-0.003899999999999999,0.0038999999999999972,0.0039000000000000146,0.006754998149518627,tap3,natural,firm,20260810_133647,False
950000,0.0156,0.0273,0.9165,950.0,500000,0.0,0.0,0.007800000000000029,0.007800000000000029,tap3,natural,firm,20260810_133647,False
952522,0.0156,0.0351,0.9126,952.522,500000,0.0,0.007799999999999998,0.0039000000000000146,0.008720665112249185,tap3,natural,firm,20260810_133647,False
955023,0.0117,0.0195,0.9126,955.023,500000,-0.003899999999999999,-0.007800000000000001,0.0039000000000000146,0.0095530099968544,tap3,natural,firm,20260810_133647,False
957514,0.0195,0.0195,0.9048,957.514,500000,0.0039000000000000007,-0.007800000000000001,-0.0038999999999999035,0.009553009996854357,tap3,natural,firm,20260810_133647,False
960008,0.0234,0.0273,0.9087,960.008,500000,0.007800000000000001,0.0,0.0,0.007800000000000001,tap3,natural,firm,20260810_133647,False
962511,0.0117,0.0273,0.9165,962.511,500000,-0.003899999999999999,0.0,0.007800000000000029,0.008720665112249205,tap3,natural,firm,20260810_133647,False
965014,0.0156,0.0312,0.9165,965.014,500000,0.0,0.0038999999999999972,0.007800000000000029,0.008720665112249205,tap3,natural,firm,20260810_133647,False
967502,0.0156,0.0234,0.9087,967.502,500000,0.0,-0.0039000000000000007,0.0,0.0039000000000000007,tap3,natural,firm,20260810_133647,False
970027,0.0156,0.0234,0.9087,970.027,500000,0.0,-0.0039000000000000007,0.0,0.0039000000000000007,tap3,natural,firm,20260810_133647,False
972510,0.0195,0.0312,0.9126,972.51,500000,0.0039000000000000007,0.0038999999999999972,0.0039000000000000146,0.006754998149518628,tap3,natural,firm,20260810_133647,False
975014,0.0156,0.0234,0.9204,975.014,500000,0.0,-0.0039000000000000007,0.011700000000000044,0.012332882874656722,tap3,natural,firm,20260810_133647,False
977511,0.0156,0.0273,0.9087,977.511,500000,0.0,0.0,0.0,0.0,tap3,natural,firm,20260810_133647,False
980004,0.0156,0.0273,0.9087,980.004,500000,0.0,0.0,0.0,0.0,tap3,natural,firm,20260810_133647,False
982502,0.0156,0.0273,0.9048,982.502,500000,0.0,0.0,-0.0038999999999999035,0.0038999999999999035,tap3,natural,firm,20260810_133647,False
985005,0.0234,0.0195,0.9048,985.005,500000,0.007800000000000001,-0.007800000000000001,-0.0038999999999999035,0.011699999999999969,tap3,natural,firm,20260810_133647,False
987519,0.0156,0.0273,0.9087,987.519,500000,0.0,0.0,0.0,0.0,tap3,natural,firm,20260810_133647,False
990006,0.0234,0.0234,0.9048,990.006,500000,0.007800000000000001,-0.0039000000000000007,-0.0038999999999999035,0.009553009996854357,tap3,natural,firm,20260810_133647,False
992510,0.0117,0.0273,0.9165,992.51,500000,-0.003899999999999999,0.0,0.007800000000000029,0.008720665112249205,tap3,natural,firm,20260810_133647,False
995012,0.0156,0.0234,0.9165,995.012,500000,0.0,-0.0039000000000000007,0.007800000000000029,0.008720665112249207,tap3,natural,firm,20260810_133647,False
997527,0.0156,0.0234,0.9126,997.527,500000,0.0,-0.0039000000000000007,0.0039000000000000146,0.005515432893255082,tap3,natural,firm,20260810_133647,False
1000021,0.0156,0.0234,0.9009,1000.021,500000,0.0,-0.0039000000000000007,-0.007799999999999918,0.008720665112249107,tap3,natural,firm,20260810_133647,False
1002525,0.0156,0.0312,0.9243,1002.525,500000,0.0,0.0038999999999999972,0.015600000000000058,0.016080111939908933,tap3,natural,firm,20260810_133647,False
1005027,0.0117,0.0351,0.9204,1005.027,500000,-0.003899999999999999,0.007799999999999998,0.011700000000000044,0.014592463808418405,tap3,natural,firm,20260810_133647,False
1007512,0.0156,0.0234,0.9126,1007.512,500000,0.0,-0.0039000000000000007,0.0039000000000000146,0.005515432893255082,tap3,natural,firm,20260810_133647,False
1010018,0.0195,0.0273,0.9087,1010.018,500000,0.0039000000000000007,0.0,0.0,0.0039000000000000007,tap3,natural,firm,20260810_133647,False
1012522,0.0156,0.0234,0.9165,1012.522,500000,0.0,-0.0039000000000000007,0.007800000000000029,0.008720665112249207,tap3,natural,firm,20260810_133647,False
1015028,0.0234,0.0195,0.9243,1015.028,500000,0.007800000000000001,-0.007800000000000001,0.015600000000000058,0.01910601999370884,tap3,natural,firm,20260810_133647,False
1017519,0.0156,0.0195,0.9126,1017.519,500000,0.0,-0.007800000000000001,0.0039000000000000146,0.008720665112249188,tap3,natural,firm,20260810_133647,False
1020010,0.0156,0.0195,0.9126,1020.01,500000,0.0,-0.007800000000000001,0.0039000000000000146,0.008720665112249188,tap3,natural,firm,20260810_133647,False
1022511,0.0117,0.0273,0.9087,1022.511,500000,-0.003899999999999999,0.0,0.0,0.003899999999999999,tap3,natural,firm,20260810_133647,False
1025015,0.0195,0.0273,0.9087,1025.015,500000,0.0039000000000000007,0.0,0.0,0.0039000000000000007,tap3,natural,firm,20260810_133647,False
1027526,0.0078,0.0351,0.9165,1027.526,500000,-0.0078,0.007799999999999998,0.007800000000000029,0.013509996299037258,tap3,natural,firm,20260810_133647,False
1030020,0.0156,0.0273,0.9165,1030.02,500000,0.0,0.0,0.007800000000000029,0.007800000000000029,tap3,natural,firm,20260810_133647,False
1032529,0.0195,0.0234,0.9009,1032.529,500000,0.0039000000000000007,-0.0039000000000000007,-0.007799999999999918,0.009553009996854328,tap3,natural,firm,20260810_133647,False
1035000,0.0117,0.0195,0.9087,1035.0,500000,-0.003899999999999999,-0.007800000000000001,0.0,0.00872066511224918,tap3,natural,firm,20260810_133647,False
1037517,0.0156,0.0273,0.9126,1037.517,500000,0.0,0.0,0.0039000000000000146,0.0039000000000000146,tap3,natural,firm,20260810_133647,False
1040010,0.0156,0.0312,0.9126,1040.01,500000,0.0,0.0038999999999999972,0.0039000000000000146,0.005515432893255079,tap3,natural,firm,20260810_133647,False
1042514,0.0195,0.0312,0.9048,1042.514,500000,0.0039000000000000007,0.0038999999999999972,-0.0038999999999999035,0.006754998149518564,tap3,natural,firm,20260810_133647,False
1045020,0.0117,0.0312,0.9087,1045.02,500000,-0.003899999999999999,0.0038999999999999972,0.0,0.005515432893255068,tap3,natural,firm,20260810_133647,False
1047502,0.0234,0.0156,0.9126,1047.502,500000,0.007800000000000001,-0.011700000000000002,0.0039000000000000146,0.014592463808418377,tap3,natural,firm,20260810_133647,False
1050021,0.0156,0.0273,0.9087,1050.021,500000,0.0,0.0,0.0,0.0,tap3,natural,firm,20260810_133647,False
1052520,0.0078,0.0273,0.9048,1052.52,500000,-0.0078,0.0,-0.0038999999999999035,0.008720665112249136,tap3,natural,firm,20260810_133647,False
1055021,0.0078,0.0273,0.9126,1055.021,500000,-0.0078,0.0,0.0039000000000000146,0.008720665112249186,tap3,natural,firm,20260810_133647,False
1057512,0.0117,0.0273,0.9165,1057.512,500000,-0.003899999999999999,0.0,0.007800000000000029,0.008720665112249205,tap3,natural,firm,20260810_133647,False
1060007,0.0156,0.0273,0.9126,1060.007,500000,0.0,0.0,0.0039000000000000146,0.0039000000000000146,tap3,natural,firm,20260810_133647,False
1062508,0.0117,0.0234,0.9048,1062.508,500000,-0.003899999999999999,-0.0039000000000000007,-0.0038999999999999035,0.006754998149518566,tap3,natural,firm,20260810_133647,False
1065009,0.0156,0.0234,0.9165,1065.009,500000,0.0,-0.0039000000000000007,0.007800000000000029,0.008720665112249207,tap3,natural,firm,20260810_133647,False
1067523,0.0117,0.0312,0.9126,1067.523,500000,-0.003899999999999999,0.0038999999999999972,0.0039000000000000146,0.006754998149518627,tap3,natural,firm,20260810_133647,False
1070024,0.0156,0.0273,0.9087,1070.024,500000,0.0,0.0,0.0,0.0,tap3,natural,firm,20260810_133647,False
1072510,0.0117,0.0273,0.9048,1072.51,500000,-0.003899999999999999,0.0,-0.0038999999999999035,0.005515432893255002,tap3,natural,firm,20260810_133647,False
1075022,0.0195,0.0273,0.9126,1075.022,500000,0.0039000000000000007,0.0,0.0039000000000000146,0.005515432893255082,tap3,natural,firm,20260810_133647,False
1077513,0.0234,0.0234,0.9009,1077.513,500000,0.007800000000000001,-0.0039000000000000007,-0.007799999999999918,0.011699999999999947,tap3,natural,firm,20260810_133647,False
1080011,0.0117,0.0312,0.9048,1080.011,500000,-0.003899999999999999,0.0038999999999999972,-0.0038999999999999035,0.006754998149518563,tap3,natural,firm,20260810_133647,False
1082509,0.0195,0.0234,0.9048,1082.509,500000,0.0039000000000000007,-0.0039000000000000007,-0.0038999999999999035,0.006754998149518567,tap3,natural,firm,20260810_133647,False
1085012,0.0195,0.0234,0.9048,1085.012,500000,0.0039000000000000007,-0.0039000000000000007,-0.0038999999999999035,0.006754998149518567,tap3,natural,firm,20260810_133647,False
1087526,0.0078,0.0195,0.9087,1087.526,500000,-0.0078,-0.007800000000000001,0.0,0.011030865786510143,tap3,natural,firm,20260810_133647,False
1090021,0.0078,0.0273,0.9087,1090.021,500000,-0.0078,0.0,0.0,0.0078,tap3,natural,firm,20260810_133647,False
1092525,0.0156,0.0234,0.9087,1092.525,500000,0.0,-0.0039000000000000007,0.0,0.0039000000000000007,tap3,natural,firm,20260810_133647,False
1095002,0.0156,0.0234,0.9087,1095.002,500000,0.0,-0.0039000000000000007,0.0,0.0039000000000000007,tap3,natural,firm,20260810_133647,False
1097500,0.0195,0.0273,0.9126,1097.5,500000,0.0039000000000000007,0.0,0.0039000000000000146,0.005515432893255082,tap3,natural,firm,20260810_133647,False
1100020,0.0195,0.0195,0.9087,1100.02,500000,0.0039000000000000007,-0.007800000000000001,0.0,0.008720665112249181,tap3,natural,firm,20260810_133647,False
1102520,0.0195,0.0195,0.9204,1102.52,500000,0.0039000000000000007,-0.007800000000000001,0.011700000000000044,0.014592463808418409,tap3,natural,firm,20260810_133647,False
1105024,0.0234,0.0312,0.9204,1105.024,500000,0.007800000000000001,0.0038999999999999972,0.011700000000000044,0.014592463808418407,tap3,natural,firm,20260810_133647,False
1107503,0.0234,0.0195,0.9087,1107.503,500000,0.007800000000000001,-0.007800000000000001,0.0,0.011030865786510143,tap3,natural,firm,20260810_133647,False
1110023,0.0195,0.0273,0.9087,1110.023,500000,0.0039000000000000007,0.0,0.0,0.0039000000000000007,tap3,natural,firm,20260810_133647,False
1112520,0.0234,0.0156,0.9087,1112.52,500000,0.007800000000000001,-0.011700000000000002,0.0,0.01406164997430956,tap3,natural,firm,20260810_133647,False
1115023,0.0195,0.0273,0.9087,1115.023,500000,0.0039000000000000007,0.0,0.0,0.0039000000000000007,tap3,natural,firm,20260810_133647,False
1117507,0.0156,0.0234,0.9165,1117.507,500000,0.0,-0.0039000000000000007,0.007800000000000029,0.008720665112249207,tap3,natural,firm,20260810_133647,False
1120028,0.0195,0.0273,0.9087,1120.028,500000,0.0039000000000000007,0.0,0.0,0.0039000000000000007,tap3,natural,firm,20260810_133647,False
1122527,0.0195,0.0273,0.9009,1122.527,500000,0.0039000000000000007,0.0,-0.007799999999999918,0.008720665112249107,tap3,natural,firm,20260810_133647,False
1125003,0.0195,0.0234,0.9087,1125.003,500000,0.0039000000000000007,-0.0039000000000000007,0.0,0.005515432893255071,tap3,natural,firm,20260810_133647,False
1127517,0.0156,0.0273,0.9087,1127.517,500000,0.0,0.0,0.0,0.0,tap3,natural,firm,20260810_133647,False
1130005,0.0156,0.0273,0.9009,1130.005,500000,0.0,0.0,-0.007799999999999918,0.007799999999999918,tap3,natural,firm,20260810_133647,False
1132512,0.0234,0.0234,0.9048,1132.512,500000,0.007800000000000001,-0.0039000000000000007,-0.0038999999999999035,0.009553009996854357,tap3,natural,firm,20260810_133647,False
1135015,0.0195,0.0234,0.9126,1135.015,500000,0.0039000000000000007,-0.0039000000000000007,0.0039000000000000146,0.006754998149518631,tap3,natural,firm,20260810_133647,False
1137502,0.0195,0.0195,0.9048,1137.502,500000,0.0039000000000000007,-0.007800000000000001,-0.0038999999999999035,0.009553009996854357,tap3,natural,firm,20260810_133647,False
1140009,0.0117,0.0273,0.9087,1140.009,500000,-0.003899999999999999,0.0,0.0,0.003899999999999999,tap3,natural,firm,20260810_133647,False
1142520,0.0117,0.0351,0.9126,1142.52,500000,-0.003899999999999999,0.007799999999999998,0.0039000000000000146,0.009553009996854399,tap3,natural,firm,20260810_133647,False
1145023,0.0156,0.0273,0.9009,1145.023,500000,0.0,0.0,-0.007799999999999918,0.007799999999999918,tap3,natural,firm,20260810_133647,False
1147509,0.0117,0.0312,0.9087,1147.509,500000,-0.003899999999999999,0.0038999999999999972,0.0,0.005515432893255068,tap3,natural,firm,20260810_133647,False
1150000,0.0234,0.0234,0.9009,1150.0,500000,0.007800000000000001,-0.0039000000000000007,-0.007799999999999918,0.011699999999999947,tap3,natural,firm,20260810_133647,False
1152529,0.0117,0.0195,0.9087,1152.529,500000,-0.003899999999999999,-0.007800000000000001,0.0,0.00872066511224918,tap3,natural,firm,20260810_133647,False
1155004,0.0195,0.0273,0.9048,1155.004,500000,0.0039000000000000007,0.0,-0.0038999999999999035,0.005515432893255003,tap3,natural,firm,20260810_133647,False
1157519,0.0195,0.0273,0.9087,1157.519,500000,0.0039000000000000007,0.0,0.0,0.0039000000000000007,tap3,natural,firm,20260810_133647,False
1160014,0.0117,0.0312,0.9009,1160.014,500000,-0.003899999999999999,0.0038999999999999972,-0.007799999999999918,0.009553009996854326,tap3,natural,firm,20260810_133647,False
1162512,0.0117,0.0273,0.9165,1162.512,500000,-0.003899999999999999,0.0,0.007800000000000029,0.008720665112249205,tap3,natural,firm,20260810_133647,False
1165013,0.0156,0.0234,0.9048,1165.013,500000,0.0,-0.0039000000000000007,-0.0038999999999999035,0.005515432893255003,tap3,natural,firm,20260810_133647,False
1167530,0.0156,0.0234,0.9048,1167.53,500000,0.0,-0.0039000000000000007,-0.0038999999999999035,0.005515432893255003,tap3,natural,firm,20260810_133647,False
1170013,0.0195,0.0234,0.9165,1170.013,500000,0.0039000000000000007,-0.0039000000000000007,0.007800000000000029,0.00955300999685442,tap3,natural,firm,20260810_133647,False
1172528,0.0156,0.0234,0.9165,1172.528,500000,0.0,-0.0039000000000000007,0.007800000000000029,0.008720665112249207,tap3,natural,firm,20260810_133647,False
1175007,0.0156,0.0234,0.9126,1175.007,500000,0.0,-0.0039000000000000007,0.0039000000000000146,0.005515432893255082,tap3,natural,firm,20260810_133647,False
1177509,0.0195,0.0273,0.9087,1177.509,500000,0.0039000000000000007,0.0,0.0,0.0039000000000000007,tap3,natural,firm,20260810_133647,False
1180006,0.0117,0.0273,0.9087,1180.006,500000,-0.003899999999999999,0.0,0.0,0.003899999999999999,tap3,natural,firm,20260810_133647,False
1182505,0.0156,0.0312,0.9126,1182.505,500000,0.0,0.0038999999999999972,0.0039000000000000146,0.005515432893255079,tap3,natural,firm,20260810_133647,False
1185008,0.0156,0.0273,0.9048,1185.008,500000,0.0,0.0,-0.0038999999999999035,0.0038999999999999035,tap3,natural,firm,20260810_133647,False
1187526,0.0156,0.0195,0.9009,1187.526,500000,0.0,-0.007800000000000001,-0.007799999999999918,0.011030865786510084,tap3,natural,firm,20260810_133647,False
1190027,0.0156,0.0195,0.9009,1190.027,500000,0.0,-0.007800000000000001,-0.007799999999999918,0.011030865786510084,tap3,natural,firm,20260810_133647,False
1192504,0.0195,0.0234,0.9126,1192.504,500000,0.0039000000000000007,-0.0039000000000000007,0.0039000000000000146,0.006754998149518631,tap3,natural,firm,20260810_133647,False
1195010,0.0156,0.0351,0.9126,1195.01,500000,0.0,0.007799999999999998,0.0039000000000000146,0.008720665112249185,tap3,natural,firm,20260810_133647,False
1197523,0.0117,0.0273,0.9048,1197.523,500000,-0.003899999999999999,0.0,-0.0038999999999999035,0.005515432893255002,tap3,natural,firm,20260810_133647,False
1200012,0.0156,0.0351,0.9087,1200.012,500000,0.0,0.007799999999999998,0.0,0.007799999999999998,tap3,natural,firm,20260810_133647,False
1202509,0.0156,0.039,0.9048,1202.509,500000,0.0,0.011699999999999999,-0.0038999999999999035,0.012332882874656647,tap3,natural,firm,20260810_133647,False
1205028,0.0234,0.0234,0.9048,1205.028,500000,0.007800000000000001,-0.0039000000000000007,-0.0038999999999999035,0.009553009996854357,tap3,natural,firm,20260810_133647,False
1207519,0.0195,0.0273,0.9126,1207.519,500000,0.0039000000000000007,0.0,0.0039000000000000146,0.005515432893255082,tap3,natural,firm,20260810_133647,False
1210008,0.0156,0.0273,0.9243,1210.008,500000,0.0,0.0,0.015600000000000058,0.015600000000000058,tap3,natural,firm,20260810_133647,False
1212511,0.0195,0.0234,0.9126,1212.511,500000,0.0039000000000000007,-0.0039000000000000007,0.0039000000000000146,0.006754998149518631,tap3,natural,firm,20260810_133647,False
1215014,0.0234,0.0273,0.9126,1215.014,500000,0.007800000000000001,0.0,0.0039000000000000146,0.008720665112249188,tap3,natural,firm,20260810_133647,False
1217500,0.0117,0.0273,0.9126,1217.5,500000,-0.003899999999999999,0.0,0.0039000000000000146,0.00551543289325508,tap3,natural,firm,20260810_133647,False
1220023,0.0156,0.0234,0.9087,1220.023,500000,0.0,-0.0039000000000000007,0.0,0.0039000000000000007,tap3,natural,firm,20260810_133647,False
1222526,0.0078,0.0273,0.9048,1222.526,500000,-0.0078,0.0,-0.0038999999999999035,0.008720665112249136,tap3,natural,firm,20260810_133647,False
1225029,0.0117,0.0273,0.9087,1225.029,500000,-0.003899999999999999,0.0,0.0,0.003899999999999999,tap3,natural,firm,20260810_133647,False
1227509,0.0195,0.0351,0.9087,1227.509,500000,0.0039000000000000007,0.007799999999999998,0.0,0.00872066511224918,tap3,natural,firm,20260810_133647,False
1230025,0.0195,0.0312,0.9087,1230.025,500000,0.0039000000000000007,0.0038999999999999972,0.0,0.0055154328932550695,tap3,natural,firm,20260810_133647,False
1232506,0.0156,0.0273,0.9126,1232.506,500000,0.0,0.0,0.0039000000000000146,0.0039000000000000146,tap3,natural,firm,20260810_133647,False
1235009,0.0156,0.0273,0.9009,1235.009,500000,0.0,0.0,-0.007799999999999918,0.007799999999999918,tap3,natural,firm,20260810_133647,False
1237529,0.0156,0.0273,0.9087,1237.529,500000,0.0,0.0,0.0,0.0,tap3,natural,firm,20260810_133647,False
1240001,0.0078,0.0312,0.9087,1240.001,500000,-0.0078,0.0038999999999999972,0.0,0.00872066511224918,tap3,natural,firm,20260810_133647,False
1242504,0.0117,0.0273,0.9048,1242.504,500000,-0.003899999999999999,0.0,-0.0038999999999999035,0.005515432893255002,tap3,natural,firm,20260810_133647,False
1245007,0.0156,0.0195,0.9087,1245.007,500000,0.0,-0.007800000000000001,0.0,0.007800000000000001,tap3,natural,firm,20260810_133647,False
1247521,0.0195,0.0234,0.9087,1247.521,500000,0.0039000000000000007,-0.0039000000000000007,0.0,0.005515432893255071,tap3,natural,firm,20260810_133647,False
1250011,0.0156,0.0312,0.9087,1250.011,500000,0.0,0.0038999999999999972,0.0,0.0038999999999999972,tap3,natural,firm,20260810_133647,False
1252510,0.0117,0.0234,0.9204,1252.51,500000,-0.003899999999999999,-0.0039000000000000007,0.011700000000000044,0.012934836682386099,tap3,natural,firm,20260810_133647,False
1255015,0.0156,0.0195,0.9048,1255.015,500000,0.0,-0.007800000000000001,-0.0038999999999999035,0.008720665112249138,tap3,natural,firm,20260810_133647,False
1257893,0.0117,0.0312,0.9048,1257.893,500000,-0.003899999999999999,0.0038999999999999972,-0.0038999999999999035,0.006754998149518563,tap3,natural,firm,20260810_133647,False
1260005,0.0078,0.0195,0.897,1260.005,500000,-0.0078,-0.007800000000000001,-0.011699999999999933,0.01608011193990883,tap3,natural,firm,20260810_133647,False
1262505,0.0195,0.0156,0.9126,1262.505,500000,0.0039000000000000007,-0.011700000000000002,0.0039000000000000146,0.012934836682386066,tap3,natural,firm,20260810_133647,False
1265006,0.0117,0.0195,0.9126,1265.006,500000,-0.003899999999999999,-0.007800000000000001,0.0039000000000000146,0.0095530099968544,tap3,natural,firm,20260810_133647,False
1267518,0.0078,0.0312,0.9087,1267.518,500000,-0.0078,0.0038999999999999972,0.0,0.00872066511224918,tap3,natural,firm,20260810_133647,False
1270043,0.0156,0.0234,0.9087,1270.043,500000,0.0,-0.0039000000000000007,0.0,0.0039000000000000007,tap3,natural,firm,20260810_133647,False
1272529,0.0156,0.0234,0.9165,1272.529,500000,0.0,-0.0039000000000000007,0.007800000000000029,0.008720665112249207,tap3,natural,firm,20260810_133647,False
1275003,0.0117,0.0273,0.9087,1275.003,500000,-0.003899999999999999,0.0,0.0,0.003899999999999999,tap3,natural,firm,20260810_133647,False
1277515,0.0156,0.0273,0.9126,1277.515,500000,0.0,0.0,0.0039000000000000146,0.0039000000000000146,tap3,natural,firm,20260810_133647,False
1280012,0.0156,0.0234,0.9126,1280.012,500000,0.0,-0.0039000000000000007,0.0039000000000000146,0.005515432893255082,tap3,natural,firm,20260810_133647,False
1282512,0.0195,0.0273,0.9087,1282.512,500000,0.0039000000000000007,0.0,0.0,0.0039000000000000007,tap3,natural,firm,20260810_133647,False
1285017,0.0117,0.0234,0.9165,1285.017,500000,-0.003899999999999999,-0.0039000000000000007,0.007800000000000029,0.009553009996854418,tap3,natural,firm,20260810_133647,False
1287530,0.0078,0.0273,0.9087,1287.53,500000,-0.0078,0.0,0.0,0.0078,tap3,natural,firm,20260810_133647,False
1290022,0.0117,0.0234,0.9048,1290.022,500000,-0.003899999999999999,-0.0039000000000000007,-0.0038999999999999035,0.006754998149518566,tap3,natural,firm,20260810_133647,False
1292525,0.0117,0.0312,0.9165,1292.525,500000,-0.003899999999999999,0.0038999999999999972,0.007800000000000029,0.009553009996854416,tap3,natural,firm,20260810_133647,False
1295027,0.0078,0.0273,0.9087,1295.027,500000,-0.0078,0.0,0.0,0.0078,tap3,natural,firm,20260810_133647,False
1297513,0.0078,0.0273,0.9087,1297.513,500000,-0.0078,0.0,0.0,0.0078,tap3,natural,firm,20260810_133647,False
1300003,0.0156,0.0273,0.9087,1300.003,500000,0.0,0.0,0.0,0.0,tap3,natural,firm,20260810_133647,False
1302504,0.0156,0.0234,0.9165,1302.504,500000,0.0,-0.0039000000000000007,0.007800000000000029,0.008720665112249207,tap3,natural,firm,20260810_133647,False
1305009,0.0195,0.039,0.9087,1305.009,500000,0.0039000000000000007,0.011699999999999999,0.0,0.012332882874656679,tap3,natural,firm,20260810_133647,False
1307521,0.0195,0.0273,0.9126,1307.521,500000,0.0039000000000000007,0.0,0.0039000000000000146,0.005515432893255082,tap3,natural,firm,20260810_133647,False
1310013,0.0195,0.0273,0.9048,1310.013,500000,0.0039000000000000007,0.0,-0.0038999999999999035,0.005515432893255003,tap3,natural,firm,20260810_133647,False
1312512,0.0156,0.0312,0.9165,1312.512,500000,0.0,0.0038999999999999972,0.007800000000000029,0.008720665112249205,tap3,natural,firm,20260810_133647,False
1315013,0.0156,0.0312,0.9087,1315.013,500000,0.0,0.0038999999999999972,0.0,0.0038999999999999972,tap3,natural,firm,20260810_133647,False
1317525,0.0117,0.0351,0.9087,1317.525,500000,-0.003899999999999999,0.007799999999999998,0.0,0.008720665112249178,tap3,natural,firm,20260810_133647,False
1320022,0.0156,0.0195,0.9243,1320.022,500000,0.0,-0.007800000000000001,0.015600000000000058,0.017441330224498414,tap3,natural,firm,20260810_133647,False
1322519,0.0195,0.0234,0.9009,1322.519,500000,0.0039000000000000007,-0.0039000000000000007,-0.007799999999999918,0.009553009996854328,tap3,natural,firm,20260810_133647,False
1325022,0.0117,0.0351,0.9087,1325.022,500000,-0.003899999999999999,0.007799999999999998,0.0,0.008720665112249178,tap3,natural,firm,20260810_133647,False
1327508,0.0195,0.0273,0.9126,1327.508,500000,0.0039000000000000007,0.0,0.0039000000000000146,0.005515432893255082,tap3,natural,firm,20260810_133647,False
1330025,0.0156,0.0273,0.9165,1330.025,500000,0.0,0.0,0.007800000000000029,0.007800000000000029,tap3,natural,firm,20260810_133647,False
1332529,0.0234,0.0273,0.9087,1332.529,500000,0.007800000000000001,0.0,0.0,0.007800000000000001,tap3,natural,firm,20260810_133647,False
1335002,0.0117,0.0273,0.9048,1335.002,500000,-0.003899999999999999,0.0,-0.0038999999999999035,0.005515432893255002,tap3,natural,firm,20260810_133647,False
1337503,0.0156,0.0273,0.8931,1337.503,500000,0.0,0.0,-0.015599999999999947,0.015599999999999947,tap3,natural,firm,20260810_133647,False
1340026,0.0156,0.0273,0.9009,1340.026,500000,0.0,0.0,-0.007799999999999918,0.007799999999999918,tap3,natural,firm,20260810_133647,False
1342502,0.0273,0.0273,0.9087,1342.502,500000,0.011700000000000002,0.0,0.0,0.011700000000000002,tap3,natural,firm,20260810_133647,False
1345007,0.0195,0.0234,0.9165,1345.007,500000,0.0039000000000000007,-0.0039000000000000007,0.007800000000000029,0.00955300999685442,tap3,natural,firm,20260810_133647,False
1347526,0.0156,0.0312,0.9087,1347.526,500000,0.0,0.0038999999999999972,0.0,0.0038999999999999972,tap3,natural,firm,20260810_133647,False
1350027,0.0156,0.0234,0.897,1350.027,500000,0.0,-0.0039000000000000007,-0.011699999999999933,0.012332882874656616,tap3,natural,firm,20260810_133647,False
1352500,0.0195,0.0351,0.9165,1352.5,500000,0.0039000000000000007,0.007799999999999998,0.007800000000000029,0.011700000000000018,tap3,natural,firm,20260810_133647,False
1355005,0.0195,0.0273,0.9009,1355.005,500000,0.0039000000000000007,0.0,-0.007799999999999918,0.008720665112249107,tap3,natural,firm,20260810_133647,False
1357515,0.0117,0.0312,0.9165,1357.515,500000,-0.003899999999999999,0.0038999999999999972,0.007800000000000029,0.009553009996854416,tap3,natural,firm,20260810_133647,False
1360329,0.0234,0.0234,0.9009,1360.329,500000,0.007800000000000001,-0.0039000000000000007,-0.007799999999999918,0.011699999999999947,tap3,natural,firm,20260810_133647,False
1362501,0.0195,0.0234,0.9126,1362.501,500000,0.0039000000000000007,-0.0039000000000000007,0.0039000000000000146,0.006754998149518631,tap3,natural,firm,20260810_133647,False
1365005,0.0156,0.0195,0.9165,1365.005,500000,0.0,-0.007800000000000001,0.007800000000000029,0.011030865786510163,tap3,natural,firm,20260810_133647,False
1367522,0.0156,0.0234,0.9087,1367.522,500000,0.0,-0.0039000000000000007,0.0,0.0039000000000000007,tap3,natural,firm,20260810_133647,False
1370005,0.0078,0.0273,0.9048,1370.005,500000,-0.0078,0.0,-0.0038999999999999035,0.008720665112249136,tap3,natural,firm,20260810_133647,False
1372518,0.0195,0.0312,0.9009,1372.518,500000,0.0039000000000000007,0.0038999999999999972,-0.007799999999999918,0.009553009996854326,tap3,natural,firm,20260810_133647,False
1375027,0.0156,0.0273,0.9087,1375.027,500000,0.0,0.0,0.0,0.0,tap3,natural,firm,20260810_133647,False
1377507,0.0156,0.0273,0.9126,1377.507,500000,0.0,0.0,0.0039000000000000146,0.0039000000000000146,tap3,natural,firm,20260810_133647,False
1380001,0.0156,0.0195,0.9009,1380.001,500000,0.0,-0.007800000000000001,-0.007799999999999918,0.011030865786510084,tap3,natural,firm,20260810_133647,False
1382503,0.0156,0.0234,0.9126,1382.503,500000,0.0,-0.0039000000000000007,0.0039000000000000146,0.005515432893255082,tap3,natural,firm,20260810_133647,False
1385006,0.0195,0.0195,0.9126,1385.006,500000,0.0039000000000000007,-0.007800000000000001,0.0039000000000000146,0.009553009996854402,tap3,natural,firm,20260810_133647,False
1387520,0.0156,0.0234,0.9165,1387.52,500000,0.0,-0.0039000000000000007,0.007800000000000029,0.008720665112249207,tap3,natural,firm,20260810_133647,False
1390011,0.0156,0.0234,0.9048,1390.011,500000,0.0,-0.0039000000000000007,-0.0038999999999999035,0.005515432893255003,tap3,natural,firm,20260810_133647,False
1392516,0.0078,0.0273,0.9087,1392.516,500000,-0.0078,0.0,0.0,0.0078,tap3,natural,firm,20260810_133647,False
1395021,0.0156,0.0195,0.9048,1395.021,500000,0.0,-0.007800000000000001,-0.0038999999999999035,0.008720665112249138,tap3,natural,firm,20260810_133647,False
1397502,0.0117,0.0234,0.9165,1397.502,500000,-0.003899999999999999,-0.0039000000000000007,0.007800000000000029,0.009553009996854418,tap3,natural,firm,20260810_133647,False
1400021,0.0117,0.0312,0.9165,1400.021,500000,-0.003899999999999999,0.0038999999999999972,0.007800000000000029,0.009553009996854416,tap3,natural,firm,20260810_133647,False
1402505,0.0117,0.0312,0.9165,1402.505,500000,-0.003899999999999999,0.0038999999999999972,0.007800000000000029,0.009553009996854416,tap3,natural,firm,20260810_133647,False
1405014,0.0195,0.0273,0.9126,1405.014,500000,0.0039000000000000007,0.0,0.0039000000000000146,0.005515432893255082,tap3,natural,firm,20260810_133647,False
1407529,0.0078,0.0312,0.9126,1407.529,500000,-0.0078,0.0038999999999999972,0.0039000000000000146,0.0095530099968544,tap3,natural,firm,20260810_133647,False
1410029,0.0078,0.0312,0.9126,1410.029,500000,-0.0078,0.0038999999999999972,0.0039000000000000146,0.0095530099968544,tap3,natural,firm,20260810_133647,False
1412503,0.0195,0.0273,0.9087,1412.503,500000,0.0039000000000000007,0.0,0.0,0.0039000000000000007,tap3,natural,firm,20260810_133647,False
1415009,0.0156,0.0273,0.9087,1415.009,500000,0.0,0.0,0.0,0.0,tap3,natural,firm,20260810_133647,False
1417523,0.0117,0.0234,0.9087,1417.523,500000,-0.003899999999999999,-0.0039000000000000007,0.0,0.00551543289325507,tap3,natural,firm,20260810_133647,False
1420014,0.0195,0.0234,0.9165,1420.014,500000,0.0039000000000000007,-0.0039000000000000007,0.007800000000000029,0.00955300999685442,tap3,natural,firm,20260810_133647,False
1422511,0.0156,0.0429,0.9126,1422.511,500000,0.0,0.0156,0.0039000000000000146,0.016080111939908878,tap3,natural,firm,20260810_133647,False
1425014,0.0156,0.0195,0.9048,1425.014,500000,0.0,-0.007800000000000001,-0.0038999999999999035,0.008720665112249138,tap3,natural,firm,20260810_133647,False
1427527,0.0156,0.0195,0.9126,1427.527,500000,0.0,-0.007800000000000001,0.0039000000000000146,0.008720665112249188,tap3,natural,firm,20260810_133647,False
1430023,0.0156,0.0312,0.9048,1430.023,500000,0.0,0.0038999999999999972,-0.0038999999999999035,0.005515432893255,tap3,natural,firm,20260810_133647,False
1432504,0.0156,0.0273,0.9087,1432.504,500000,0.0,0.0,0.0,0.0,tap3,natural,firm,20260810_133647,False
1435008,0.0195,0.0195,0.9126,1435.008,500000,0.0039000000000000007,-0.007800000000000001,0.0039000000000000146,0.009553009996854402,tap3,natural,firm,20260810_133647,False
1437524,0.0195,0.0195,0.9087,1437.524,500000,0.0039000000000000007,-0.007800000000000001,0.0,0.008720665112249181,tap3,natural,firm,20260810_133647,False
1440020,0.0117,0.0273,0.9126,1440.02,500000,-0.003899999999999999,0.0,0.0039000000000000146,0.00551543289325508,tap3,natural,firm,20260810_133647,False
1442521,0.0195,0.0312,0.9087,1442.521,500000,0.0039000000000000007,0.0038999999999999972,0.0,0.0055154328932550695,tap3,natural,firm,20260810_133647,False
1445023,0.0117,0.0273,0.9126,1445.023,500000,-0.003899999999999999,0.0,0.0039000000000000146,0.00551543289325508,tap3,natural,firm,20260810_133647,False
1447503,0.0195,0.0273,0.9048,1447.503,500000,0.0039000000000000007,0.0,-0.0038999999999999035,0.005515432893255003,tap3,natural,firm,20260810_133647,False
1450022,0.0117,0.0273,0.9165,1450.022,500000,-0.003899999999999999,0.0,0.007800000000000029,0.008720665112249205,tap3,natural,firm,20260810_133647,False
1452523,0.0156,0.0351,0.9087,1452.523,500000,0.0,0.007799999999999998,0.0,0.007799999999999998,tap3,natural,firm,20260810_133647,False
1455025,0.0117,0.0273,0.9048,1455.025,500000,-0.003899999999999999,0.0,-0.0038999999999999035,0.005515432893255002,tap3,natural,firm,20260810_133647,False
1457506,0.0195,0.0273,0.9126,1457.506,500000,0.0039000000000000007,0.0,0.0039000000000000146,0.005515432893255082,tap3,natural,firm,20260810_133647,False
1460026,0.0078,0.0195,0.9087,1460.026,500000,-0.0078,-0.007800000000000001,0.0,0.011030865786510143,tap3,natural,firm,20260810_133647,False
1462742,0.0234,0.0195,0.9126,1462.742,500000,0.007800000000000001,-0.007800000000000001,0.0039000000000000146,0.011700000000000007,tap3,natural,firm,20260810_133647,False
1465006,0.0195,0.0273,0.9165,1465.006,500000,0.0039000000000000007,0.0,0.007800000000000029,0.008720665112249207,tap3,natural,firm,20260810_133647,False
1467508,0.0117,0.0312,0.9165,1467.508,500000,-0.003899999999999999,0.0038999999999999972,0.007800000000000029,0.009553009996854416,tap3,natural,firm,20260810_133647,False
1470012,0.0117,0.0273,0.9126,1470.012,500000,-0.003899999999999999,0.0,0.0039000000000000146,0.00551543289325508,tap3,natural,firm,20260810_133647,False
1472523,0.0156,0.0312,0.9126,1472.523,500000,0.0,0.0038999999999999972,0.0039000000000000146,0.005515432893255079,tap3,natural,firm,20260810_133647,False
1475028,0.0156,0.0312,0.9048,1475.028,500000,0.0,0.0038999999999999972,-0.0038999999999999035,0.005515432893255,tap3,natural,firm,20260810_133647,False
1477514,0.0195,0.0273,0.9165,1477.514,500000,0.0039000000000000007,0.0,0.007800000000000029,0.008720665112249207,tap3,natural,firm,20260810_133647,False
1480010,0.0117,0.0273,0.9087,1480.01,500000,-0.003899999999999999,0.0,0.0,0.003899999999999999,tap3,natural,firm,20260810_133647,False
1482509,0.0195,0.0195,0.9126,1482.509,500000,0.0039000000000000007,-0.007800000000000001,0.0039000000000000146,0.009553009996854402,tap3,natural,firm,20260810_133647,False
1485013,0.0117,0.0312,0.9048,1485.013,500000,-0.003899999999999999,0.0038999999999999972,-0.0038999999999999035,0.006754998149518563,tap3,natural,firm,20260810_133647,False
1487526,0.0156,0.0273,0.9087,1487.526,500000,0.0,0.0,0.0,0.0,tap3,natural,firm,20260810_133647,False
1490025,0.0195,0.0312,0.9087,1490.025,500000,0.0039000000000000007,0.0038999999999999972,0.0,0.0055154328932550695,tap3,natural,firm,20260810_133647,False
1492528,0.0156,0.0273,0.9204,1492.528,500000,0.0,0.0,0.011700000000000044,0.011700000000000044,tap3,natural,firm,20260810_133647,False
1495002,0.0156,0.0234,0.9087,1495.002,500000,0.0,-0.0039000000000000007,0.0,0.0039000000000000007,tap3,natural,firm,20260810_133647,False
1497513,0.0156,0.0273,0.9087,1497.513,500000,0.0,0.0,0.0,0.0,tap3,natural,firm,20260810_133647,False
1500005,0.0117,0.0312,0.9087,1500.005,500000,-0.003899999999999999,0.0038999999999999972,0.0,0.005515432893255068,tap3,natural,firm,20260810_133647,False
1502504,0.0156,0.0273,0.9126,1502.504,500000,0.0,0.0,0.0039000000000000146,0.0039000000000000146,tap3,natural,firm,20260810_133647,False
1505008,0.0078,0.0234,0.9048,1505.008,500000,-0.0078,-0.0039000000000000007,-0.0038999999999999035,0.009553009996854355,tap3,natural,firm,20260810_133647,False
1507519,0.0117,0.0312,0.9165,1507.519,500000,-0.003899999999999999,0.0038999999999999972,0.007800000000000029,0.009553009996854416,tap3,natural,firm,20260810_133647,False
1510009,0.0117,0.0312,0.9165,1510.009,500000,-0.003899999999999999,0.0038999999999999972,0.007800000000000029,0.009553009996854416,tap3,natural,firm,20260810_133647,False
1512507,0.0195,0.0273,0.9165,1512.507,500000,0.0039000000000000007,0.0,0.007800000000000029,0.008720665112249207,tap3,natural,firm,20260810_133647,False
1515011,0.0117,0.0234,0.9165,1515.011,500000,-0.003899999999999999,-0.0039000000000000007,0.007800000000000029,0.009553009996854418,tap3,natural,firm,20260810_133647,False
1517526,0.0156,0.0273,0.9126,1517.526,500000,0.0,0.0,0.0039000000000000146,0.0039000000000000146,tap3,natural,firm,20260810_133647,False
1520026,0.0156,0.0234,0.9087,1520.026,500000,0.0,-0.0039000000000000007,0.0,0.0039000000000000007,tap3,natural,firm,20260810_133647,False
1522528,0.0117,0.0234,0.9009,1522.528,500000,-0.003899999999999999,-0.0039000000000000007,-0.007799999999999918,0.009553009996854328,tap3,natural,firm,20260810_133647,False
1525001,0.0117,0.0273,0.9087,1525.001,500000,-0.003899999999999999,0.0,0.0,0.003899999999999999,tap3,natural,firm,20260810_133647,False
1527513,0.0234,0.0234,0.9048,1527.513,500000,0.007800000000000001,-0.0039000000000000007,-0.0038999999999999035,0.009553009996854357,tap3,natural,firm,20260810_133647,False
1530002,0.0156,0.0312,0.9126,1530.002,500000,0.0,0.0038999999999999972,0.0039000000000000146,0.005515432893255079,tap3,natural,firm,20260810_133647,False
1532523,0.0117,0.0273,0.9087,1532.523,500000,-0.003899999999999999,0.0,0.0,0.003899999999999999,tap3,natural,firm,20260810_133647,False
1535001,0.0234,0.0234,0.9126,1535.001,500000,0.007800000000000001,-0.0039000000000000007,0.0039000000000000146,0.009553009996854402,tap3,natural,firm,20260810_133647,False
1537525,0.0312,0.0312,0.9087,1537.525,500000,0.0156,0.0038999999999999972,0.0,0.016080111939908874,tap3,natural,firm,20260810_133647,False
1540028,0.0156,0.0234,0.9087,1540.028,500000,0.0,-0.0039000000000000007,0.0,0.0039000000000000007,tap3,natural,firm,20260810_133647,False
1542503,0.0156,0.0273,0.9087,1542.503,500000,0.0,0.0,0.0,0.0,tap3,natural,firm,20260810_133647,False
1545006,0.0078,0.0351,0.9009,1545.006,500000,-0.0078,0.007799999999999998,-0.007799999999999918,0.013509996299037194,tap3,natural,firm,20260810_133647,False
1547517,0.0156,0.0273,0.9126,1547.517,500000,0.0,0.0,0.0039000000000000146,0.0039000000000000146,tap3,natural,firm,20260810_133647,False
1550006,0.0156,0.0273,0.9087,1550.006,500000,0.0,0.0,0.0,0.0,tap3,natural,firm,20260810_133647,False
1552504,0.0234,0.0117,0.9048,1552.504,500000,0.007800000000000001,-0.015600000000000001,-0.0038999999999999035,0.017872045210327755,tap3,natural,firm,20260810_133647,False
1555006,0.0195,0.0273,0.9126,1555.006,500000,0.0039000000000000007,0.0,0.0039000000000000146,0.005515432893255082,tap3,natural,firm,20260810_133647,False
1557520,0.0195,0.0312,0.9087,1557.52,500000,0.0039000000000000007,0.0038999999999999972,0.0,0.0055154328932550695,tap3,natural,firm,20260810_133647,False
1560009,0.0234,0.0234,0.9087,1560.009,500000,0.007800000000000001,-0.0039000000000000007,0.0,0.008720665112249181,tap3,natural,firm,20260810_133647,False
1562508,0.0234,0.0234,0.9087,1562.508,500000,0.007800000000000001,-0.0039000000000000007,0.0,0.008720665112249181,tap3,natural,firm,20260810_133647,False
1565097,0.0117,0.0234,0.9048,1565.097,500000,-0.003899999999999999,-0.0039000000000000007,-0.0038999999999999035,0.006754998149518566,tap3,natural,firm,20260810_133647,False
1567522,0.0156,0.0234,0.9048,1567.522,500000,0.0,-0.0039000000000000007,-0.0038999999999999035,0.005515432893255003,tap3,natural,firm,20260810_133647,False
1570023,0.0195,0.0195,0.9126,1570.023,500000,0.0039000000000000007,-0.007800000000000001,0.0039000000000000146,0.009553009996854402,tap3,natural,firm,20260810_133647,False
1572502,0.0195,0.0234,0.9126,1572.502,500000,0.0039000000000000007,-0.0039000000000000007,0.0039000000000000146,0.006754998149518631,tap3,natural,firm,20260810_133647,False
1575011,0.0117,0.0273,0.9126,1575.011,500000,-0.003899999999999999,0.0,0.0039000000000000146,0.00551543289325508,tap3,natural,firm,20260810_133647,False
1577522,0.0117,0.0234,0.9126,1577.522,500000,-0.003899999999999999,-0.0039000000000000007,0.0039000000000000146,0.00675499814951863,tap3,natural,firm,20260810_133647,False
1580017,0.0117,0.0156,0.9087,1580.017,500000,-0.003899999999999999,-0.011700000000000002,0.0,0.01233288287465668,tap3,natural,firm,20260810_133647,False
1582516,0.0156,0.0273,0.9087,1582.516,500000,0.0,0.0,0.0,0.0,tap3,natural,firm,20260810_133647,False
1585019,0.0078,0.0312,0.9126,1585.019,500000,-0.0078,0.0038999999999999972,0.0039000000000000146,0.0095530099968544,tap3,natural,firm,20260810_133647,False
1587503,0.0078,0.0234,0.9087,1587.503,500000,-0.0078,-0.0039000000000000007,0.0,0.00872066511224918,tap3,natural,firm,20260810_133647,False
1590022,0.0117,0.0312,0.9165,1590.022,500000,-0.003899999999999999,0.0038999999999999972,0.007800000000000029,0.009553009996854416,tap3,natural,firm,20260810_133647,False
1592524,0.0156,0.0273,0.9165,1592.524,500000,0.0,0.0,0.007800000000000029,0.007800000000000029,tap3,natural,firm,20260810_133647,False
1595027,0.0117,0.0234,0.9126,1595.027,500000,-0.003899999999999999,-0.0039000000000000007,0.0039000000000000146,0.00675499814951863,tap3,natural,firm,20260810_133647,False
1597504,0.0273,0.0234,0.9165,1597.504,500000,0.011700000000000002,-0.0039000000000000007,0.007800000000000029,0.01459246380841839,tap3,natural,firm,20260810_133647,False
1600007,0.0117,0.0273,0.9009,1600.007,500000,-0.003899999999999999,0.0,-0.007799999999999918,0.008720665112249105,tap3,natural,firm,20260810_133647,False
1602510,0.0117,0.0273,0.9087,1602.51,500000,-0.003899999999999999,0.0,0.0,0.003899999999999999,tap3,natural,firm,20260810_133647,False
1605007,0.0234,0.0156,0.9048,1605.007,500000,0.007800000000000001,-0.011700000000000002,-0.0038999999999999035,0.014592463808418348,tap3,natural,firm,20260810_133647,False
1607527,0.0195,0.0156,0.9048,1607.527,500000,0.0039000000000000007,-0.011700000000000002,-0.0038999999999999035,0.012934836682386033,tap3,natural,firm,20260810_133647,False
1610029,0.0195,0.0234,0.9126,1610.029,500000,0.0039000000000000007,-0.0039000000000000007,0.0039000000000000146,0.006754998149518631,tap3,natural,firm,20260810_133647,False
1612502,0.0195,0.0234,0.9126,1612.502,500000,0.0039000000000000007,-0.0039000000000000007,0.0039000000000000146,0.006754998149518631,tap3,natural,firm,20260810_133647,False
1615003,0.0195,0.0234,0.9087,1615.003,500000,0.0039000000000000007,-0.0039000000000000007,0.0,0.005515432893255071,tap3,natural,firm,20260810_133647,False
1617518,0.0156,0.0156,0.9204,1617.518,500000,0.0,-0.011700000000000002,0.011700000000000044,0.016546298679765245,tap3,natural,firm,20260810_133647,False
1620009,0.0117,0.0273,0.9126,1620.009,500000,-0.003899999999999999,0.0,0.0039000000000000146,0.00551543289325508,tap3,natural,firm,20260810_133647,False
1622508,0.0156,0.0273,0.9087,1622.508,500000,0.0,0.0,0.0,0.0,tap3,natural,firm,20260810_133647,False
1625013,0.0156,0.0312,0.9126,1625.013,500000,0.0,0.0038999999999999972,0.0039000000000000146,0.005515432893255079,tap3,natural,firm,20260810_133647,False
1627527,0.0234,0.0273,0.9126,1627.527,500000,0.007800000000000001,0.0,0.0039000000000000146,0.008720665112249188,tap3,natural,firm,20260810_133647,False
1630020,0.0156,0.0195,0.9087,1630.02,500000,0.0,-0.007800000000000001,0.0,0.007800000000000001,tap3,natural,firm,20260810_133647,False
1632529,0.0156,0.0351,0.8931,1632.529,500000,0.0,0.007799999999999998,-0.015599999999999947,0.01744133022449831,tap3,natural,firm,20260810_133647,False
1635001,0.0195,0.0234,0.9087,1635.001,500000,0.0039000000000000007,-0.0039000000000000007,0.0,0.005515432893255071,tap3,natural,firm,20260810_133647,False
1637516,0.0078,0.0312,0.9204,1637.516,500000,-0.0078,0.0038999999999999972,0.011700000000000044,0.014592463808418405,tap3,natural,firm,20260810_133647,False
1640008,0.0195,0.0273,0.9087,1640.008,500000,0.0039000000000000007,0.0,0.0,0.0039000000000000007,tap3,natural,firm,20260810_133647,False
1642508,0.0117,0.0234,0.9087,1642.508,500000,-0.003899999999999999,-0.0039000000000000007,0.0,0.00551543289325507,tap3,natural,firm,20260810_133647,False
1645014,0.0117,0.0234,0.9087,1645.014,500000,-0.003899999999999999,-0.0039000000000000007,0.0,0.00551543289325507,tap3,natural,firm,20260810_133647,False
1647526,0.0117,0.039,0.9126,1647.526,500000,-0.003899999999999999,0.011699999999999999,0.0039000000000000146,0.012934836682386062,tap3,natural,firm,20260810_133647,False
1650026,0.0195,0.0312,0.9126,1650.026,500000,0.0039000000000000007,0.0038999999999999972,0.0039000000000000146,0.006754998149518628,tap3,natural,firm,20260810_133647,False
1652522,0.0117,0.0273,0.9087,1652.522,500000,-0.003899999999999999,0.0,0.0,0.003899999999999999,tap3,natural,firm,20260810_133647,False
1655023,0.0195,0.0156,0.9165,1655.023,500000,0.0039000000000000007,-0.011700000000000002,0.007800000000000029,0.01459246380841839,tap3,natural,firm,20260810_133647,False
1657509,0.0195,0.0273,0.9126,1657.509,500000,0.0039000000000000007,0.0,0.0039000000000000146,0.005515432893255082,tap3,natural,firm,20260810_133647,False
1660002,0.0117,0.0351,0.9087,1660.002,500000,-0.003899999999999999,0.007799999999999998,0.0,0.008720665112249178,tap3,natural,firm,20260810_133647,False
1662503,0.0156,0.0273,0.9087,1662.503,500000,0.0,0.0,0.0,0.0,tap3,natural,firm,20260810_133647,False
1665021,0.0117,0.0234,0.9126,1665.021,500000,-0.003899999999999999,-0.0039000000000000007,0.0039000000000000146,0.00675499814951863,tap3,natural,firm,20260810_133647,False
1667519,0.0156,0.0273,0.9048,1667.519,500000,0.0,0.0,-0.0038999999999999035,0.0038999999999999035,tap3,natural,firm,20260810_133647,False
1670006,0.0117,0.0312,0.9009,1670.006,500000,-0.003899999999999999,0.0038999999999999972,-0.007799999999999918,0.009553009996854326,tap3,natural,firm,20260810_133647,False
1672502,0.0156,0.0273,0.9126,1672.502,500000,0.0,0.0,0.0039000000000000146,0.0039000000000000146,tap3,natural,firm,20260810_133647,False
1675013,0.0156,0.0312,0.9087,1675.013,500000,0.0,0.0038999999999999972,0.0,0.0038999999999999972,tap3,natural,firm,20260810_133647,False
1677524,0.0117,0.0234,0.9048,1677.524,500000,-0.003899999999999999,-0.0039000000000000007,-0.0038999999999999035,0.006754998149518566,tap3,natural,firm,20260810_133647,False
1680025,0.0273,0.0273,0.9165,1680.025,500000,0.011700000000000002,0.0,0.007800000000000029,0.014061649974309576,tap3,natural,firm,20260810_133647,False
1682522,0.0195,0.0312,0.9087,1682.522,500000,0.0039000000000000007,0.0038999999999999972,0.0,0.0055154328932550695,tap3,natural,firm,20260810_133647,False
1685025,0.0156,0.0273,0.9009,1685.025,500000,0.0,0.0,-0.007799999999999918,0.007799999999999918,tap3,natural,firm,20260810_133647,False
1687503,0.0117,0.0351,0.9126,1687.503,500000,-0.003899999999999999,0.007799999999999998,0.0039000000000000146,0.009553009996854399,tap3,natural,firm,20260810_133647,False
1690021,0.0195,0.0351,0.9048,1690.021,500000,0.0039000000000000007,0.007799999999999998,-0.0038999999999999035,0.009553009996854354,tap3,natural,firm,20260810_133647,False
1692523,0.0156,0.0312,0.9087,1692.523,500000,0.0,0.0038999999999999972,0.0,0.0038999999999999972,tap3,natural,firm,20260810_133647,False
1695027,0.0234,0.0234,0.9126,1695.027,500000,0.007800000000000001,-0.0039000000000000007,0.0039000000000000146,0.009553009996854402,tap3,natural,firm,20260810_133647,False
1697507,0.0195,0.0351,0.9009,1697.507,500000,0.0039000000000000007,0.007799999999999998,-0.007799999999999918,0.011699999999999945,tap3,natural,firm,20260810_133647,False
1700001,0.0195,0.0234,0.9126,1700.001,500000,0.0039000000000000007,-0.0039000000000000007,0.0039000000000000146,0.006754998149518631,tap3,natural,firm,20260810_133647,False
1702529,0.0156,0.0312,0.9087,1702.529,500000,0.0,0.0038999999999999972,0.0,0.0038999999999999972,tap3,natural,firm,20260810_133647,False
1705002,0.0117,0.0273,0.9048,1705.002,500000,-0.003899999999999999,0.0,-0.0038999999999999035,0.005515432893255002,tap3,natural,firm,20260810_133647,False
1707515,0.0156,0.0312,0.9009,1707.515,500000,0.0,0.0038999999999999972,-0.007799999999999918,0.008720665112249105,tap3,natural,firm,20260810_133647,False
1710005,0.0156,0.0234,0.9048,1710.005,500000,0.0,-0.0039000000000000007,-0.0038999999999999035,0.005515432893255003,tap3,natural,firm,20260810_133647,False
1712501,0.0195,0.0273,0.9048,1712.501,500000,0.0039000000000000007,0.0,-0.0038999999999999035,0.005515432893255003,tap3,natural,firm,20260810_133647,False
1715004,0.0195,0.0195,0.9009,1715.004,500000,0.0039000000000000007,-0.007800000000000001,-0.007799999999999918,0.011699999999999947,tap3,natural,firm,20260810_133647,False
1717518,0.0156,0.0312,0.9126,1717.518,500000,0.0,0.0038999999999999972,0.0039000000000000146,0.005515432893255079,tap3,natural,firm,20260810_133647,False
1720007,0.0156,0.0312,0.9126,1720.007,500000,0.0,0.0038999999999999972,0.0039000000000000146,0.005515432893255079,tap3,natural,firm,20260810_133647,False
1722505,0.0117,0.0273,0.9087,1722.505,500000,-0.003899999999999999,0.0,0.0,0.003899999999999999,tap3,natural,firm,20260810_133647,False
1725007,0.0156,0.0312,0.9126,1725.007,500000,0.0,0.0038999999999999972,0.0039000000000000146,0.005515432893255079,tap3,natural,firm,20260810_133647,False
1727516,0.0156,0.0312,0.9048,1727.516,500000,0.0,0.0038999999999999972,-0.0038999999999999035,0.005515432893255,tap3,natural,firm,20260810_133647,False
1730020,0.0273,0.0234,0.9009,1730.02,500000,0.011700000000000002,-0.0039000000000000007,-0.007799999999999918,0.01459246380841833,tap3,natural,firm,20260810_133647,False
1732530,0.0156,0.0312,0.9126,1732.53,500000,0.0,0.0038999999999999972,0.0039000000000000146,0.005515432893255079,tap3,natural,firm,20260810_133647,False
1735005,0.0156,0.0312,0.9087,1735.005,500000,0.0,0.0038999999999999972,0.0,0.0038999999999999972,tap3,natural,firm,20260810_133647,False
1737522,0.0273,0.0312,0.9204,1737.522,500000,0.011700000000000002,0.0038999999999999972,0.011700000000000044,0.016999705879808657,tap3,natural,firm,20260810_133647,False
1740011,0.0195,0.0351,0.9126,1740.011,500000,0.0039000000000000007,0.007799999999999998,0.0039000000000000146,0.0095530099968544,tap3,natural,firm,20260810_133647,False
1742514,0.0234,0.0195,0.9048,1742.514,500000,0.007800000000000001,-0.007800000000000001,-0.0038999999999999035,0.011699999999999969,tap3,natural,firm,20260810_133647,False
1745021,0.0156,0.0273,0.9009,1745.021,500000,0.0,0.0,-0.007799999999999918,0.007799999999999918,tap3,natural,firm,20260810_133647,False
1747503,0.0156,0.039,0.9087,1747.503,500000,0.0,0.011699999999999999,0.0,0.011699999999999999,tap3,natural,firm,20260810_133647,False
1750021,0.0195,0.0351,0.9087,1750.021,500000,0.0039000000000000007,0.007799999999999998,0.0,0.00872066511224918,tap3,natural,firm,20260810_133647,False
1752520,0.0234,0.0234,0.9126,1752.52,500000,0.007800000000000001,-0.0039000000000000007,0.0039000000000000146,0.009553009996854402,tap3,natural,firm,20260810_133647,False
1755025,0.0195,0.0195,0.9087,1755.025,500000,0.0039000000000000007,-0.007800000000000001,0.0,0.008720665112249181,tap3,natural,firm,20260810_133647,False
1757506,0.0195,0.0234,0.9126,1757.506,500000,0.0039000000000000007,-0.0039000000000000007,0.0039000000000000146,0.006754998149518631,tap3,natural,firm,20260810_133647,False
1760024,0.0156,0.0273,0.9126,1760.024,500000,0.0,0.0,0.0039000000000000146,0.0039000000000000146,tap3,natural,firm,20260810_133647,False
1762520,0.0156,0.0312,0.9048,1762.52,500000,0.0,0.0038999999999999972,-0.0038999999999999035,0.005515432893255,tap3,natural,firm,20260810_133647,False
1765023,0.0156,0.0312,0.9048,1765.023,500000,0.0,0.0038999999999999972,-0.0038999999999999035,0.005515432893255,tap3,natural,firm,20260810_133647,False
1767510,0.0117,0.0312,0.9126,1767.51,500000,-0.003899999999999999,0.0038999999999999972,0.0039000000000000146,0.006754998149518627,tap3,natural,firm,20260810_133647,False
1770009,0.0156,0.0195,0.9087,1770.009,500000,0.0,-0.007800000000000001,0.0,0.007800000000000001,tap3,natural,firm,20260810_133647,False
1772525,0.0117,0.0234,0.9087,1772.525,500000,-0.003899999999999999,-0.0039000000000000007,0.0,0.00551543289325507,tap3,natural,firm,20260810_133647,False
1775027,0.0117,0.0273,0.9048,1775.027,500000,-0.003899999999999999,0.0,-0.0038999999999999035,0.005515432893255002,tap3,natural,firm,20260810_133647,False
1777502,0.0078,0.0195,0.9048,1777.502,500000,-0.0078,-0.007800000000000001,-0.0038999999999999035,0.011699999999999969,tap3,natural,firm,20260810_133647,False
1780021,0.0117,0.0312,0.9126,1780.021,500000,-0.003899999999999999,0.0038999999999999972,0.0039000000000000146,0.006754998149518627,tap3,natural,firm,20260810_133647,False
1782521,0.0195,0.0273,0.9165,1782.521,500000,0.0039000000000000007,0.0,0.007800000000000029,0.008720665112249207,tap3,natural,firm,20260810_133647,False
1785027,0.0156,0.0312,0.9165,1785.027,500000,0.0,0.0038999999999999972,0.007800000000000029,0.008720665112249205,tap3,natural,firm,20260810_133647,False
1787508,0.0156,0.0273,0.9087,1787.508,500000,0.0,0.0,0.0,0.0,tap3,natural,firm,20260810_133647,False
1790026,0.0156,0.0312,0.9048,1790.026,500000,0.0,0.0038999999999999972,-0.0038999999999999035,0.005515432893255,tap3,natural,firm,20260810_133647,False
1792501,0.0156,0.0234,0.9087,1792.501,500000,0.0,-0.0039000000000000007,0.0,0.0039000000000000007,tap3,natural,firm,20260810_133647,False
1795024,0.0117,0.0312,0.9048,1795.024,500000,-0.003899999999999999,0.0038999999999999972,-0.0038999999999999035,0.006754998149518563,tap3,natural,firm,20260810_133647,False
1797517,0.0156,0.0273,0.9126,1797.517,500000,0.0,0.0,0.0039000000000000146,0.0039000000000000146,tap3,natural,firm,20260810_133647,False
1800005,0.0117,0.0273,0.9048,1800.005,500000,-0.003899999999999999,0.0,-0.0038999999999999035,0.005515432893255002,tap3,natural,firm,20260810_133647,False
1802503,0.0117,0.0234,0.9165,1802.503,500000,-0.003899999999999999,-0.0039000000000000007,0.007800000000000029,0.009553009996854418,tap3,natural,firm,20260810_133647,False
1805004,0.0117,0.0351,0.9048,1805.004,500000,-0.003899999999999999,0.007799999999999998,-0.0038999999999999035,0.009553009996854354,tap3,natural,firm,20260810_133647,False
1807514,0.0117,0.0234,0.9126,1807.514,500000,-0.003899999999999999,-0.0039000000000000007,0.0039000000000000146,0.00675499814951863,tap3,natural,firm,20260810_133647,False
1810004,0.0156,0.0273,0.9087,1810.004,500000,0.0,0.0,0.0,0.0,tap3,natural,firm,20260810_133647,False
1812502,0.0117,0.0273,0.9126,1812.502,500000,-0.003899999999999999,0.0,0.0039000000000000146,0.00551543289325508,tap3,natural,firm,20260810_133647,False
1815003,0.0195,0.0234,0.9048,1815.003,500000,0.0039000000000000007,-0.0039000000000000007,-0.0038999999999999035,0.006754998149518567,tap3,natural,firm,20260810_133647,False
1817516,0.0156,0.0273,0.9048,1817.516,500000,0.0,0.0,-0.0038999999999999035,0.0038999999999999035,tap3,natural,firm,20260810_133647,False
1820007,0.0156,0.0234,0.9126,1820.007,500000,0.0,-0.0039000000000000007,0.0039000000000000146,0.005515432893255082,tap3,natural,firm,20260810_133647,False
1822506,0.0078,0.0273,0.9048,1822.506,500000,-0.0078,0.0,-0.0038999999999999035,0.008720665112249136,tap3,natural,firm,20260810_133647,False
1825010,0.0078,0.0273,0.9048,1825.01,500000,-0.0078,0.0,-0.0038999999999999035,0.008720665112249136,tap3,natural,firm,20260810_133647,False
1827523,0.0156,0.0234,0.9048,1827.523,500000,0.0,-0.0039000000000000007,-0.0038999999999999035,0.005515432893255003,tap3,natural,firm,20260810_133647,False
1830015,0.0195,0.0234,0.9126,1830.015,500000,0.0039000000000000007,-0.0039000000000000007,0.0039000000000000146,0.006754998149518631,tap3,natural,firm,20260810_133647,False
1832528,0.0156,0.0351,0.9009,1832.528,500000,0.0,0.007799999999999998,-0.007799999999999918,0.011030865786510082,tap3,natural,firm,20260810_133647,False
1835003,0.0156,0.0273,0.9048,1835.003,500000,0.0,0.0,-0.0038999999999999035,0.0038999999999999035,tap3,natural,firm,20260810_133647,False
1837523,0.0156,0.0273,0.9009,1837.523,500000,0.0,0.0,-0.007799999999999918,0.007799999999999918,tap3,natural,firm,20260810_133647,False
1840021,0.0156,0.0234,0.9009,1840.021,500000,0.0,-0.0039000000000000007,-0.007799999999999918,0.008720665112249107,tap3,natural,firm,20260810_133647,False
1842527,0.0234,0.0312,0.9048,1842.527,500000,0.007800000000000001,0.0038999999999999972,-0.0038999999999999035,0.009553009996854355,tap3,natural,firm,20260810_133647,False
1845001,0.0156,0.0312,0.9087,1845.001,500000,0.0,0.0038999999999999972,0.0,0.0038999999999999972,tap3,natural,firm,20260810_133647,False
1847513,0.0156,0.0351,0.9204,1847.513,500000,0.0,0.007799999999999998,0.011700000000000044,0.014061649974309594,tap3,natural,firm,20260810_133647,False
1850005,0.0234,0.0312,0.9048,1850.005,500000,0.007800000000000001,0.0038999999999999972,-0.0038999999999999035,0.009553009996854355,tap3,natural,firm,20260810_133647,False
1852503,0.0156,0.0234,0.9126,1852.503,500000,0.0,-0.0039000000000000007,0.0039000000000000146,0.005515432893255082,tap3,natural,firm,20260810_133647,False
1855006,0.0195,0.0351,0.9165,1855.006,500000,0.0039000000000000007,0.007799999999999998,0.007800000000000029,0.011700000000000018,tap3,natural,firm,20260810_133647,False
1857517,0.0117,0.0351,0.9087,1857.517,500000,-0.003899999999999999,0.007799999999999998,0.0,0.008720665112249178,tap3,natural,firm,20260810_133647,False
1860019,0.0234,0.0351,0.9087,1860.019,500000,0.007800000000000001,0.007799999999999998,0.0,0.01103086578651014,tap3,natural,firm,20260810_133647,False
1862525,0.0156,0.0312,0.9087,1862.525,500000,0.0,0.0038999999999999972,0.0,0.0038999999999999972,tap3,natural,firm,20260810_133647,False
1865001,0.0195,0.0312,0.9165,1865.001,500000,0.0039000000000000007,0.0038999999999999972,0.007800000000000029,0.009553009996854418,tap3,natural,firm,20260810_133647,False
1867523,0.0117,0.0273,0.9126,1867.523,500000,-0.003899999999999999,0.0,0.0039000000000000146,0.00551543289325508,tap3,natural,firm,20260810_133647,False
1870029,0.0156,0.0234,0.9048,1870.029,500000,0.0,-0.0039000000000000007,-0.0038999999999999035,0.005515432893255003,tap3,natural,firm,20260810_133647,False
1872521,0.0156,0.0273,0.9165,1872.521,500000,0.0,0.0,0.007800000000000029,0.007800000000000029,tap3,natural,firm,20260810_133647,False
1875010,0.0156,0.0156,0.9087,1875.01,500000,0.0,-0.011700000000000002,0.0,0.011700000000000002,tap3,natural,firm,20260810_133647,False
1877517,0.0195,0.0195,0.9087,1877.517,500000,0.0039000000000000007,-0.007800000000000001,0.0,0.008720665112249181,tap3,natural,firm,20260810_133647,False
1880012,0.0117,0.0273,0.9009,1880.012,500000,-0.003899999999999999,0.0,-0.007799999999999918,0.008720665112249105,tap3,natural,firm,20260810_133647,False
1882509,0.0156,0.0312,0.9126,1882.509,500000,0.0,0.0038999999999999972,0.0039000000000000146,0.005515432893255079,tap3,natural,firm,20260810_133647,False
1885012,0.0195,0.0273,0.9087,1885.012,500000,0.0039000000000000007,0.0,0.0,0.0039000000000000007,tap3,natural,firm,20260810_133647,False
1887525,0.0195,0.0195,0.9048,1887.525,500000,0.0039000000000000007,-0.007800000000000001,-0.0038999999999999035,0.009553009996854357,tap3,natural,firm,20260810_133647,False
1890024,0.0117,0.0312,0.9126,1890.024,500000,-0.003899999999999999,0.0038999999999999972,0.0039000000000000146,0.006754998149518627,tap3,natural,firm,20260810_133647,False
1892500,0.0117,0.0312,0.9126,1892.5,500000,-0.003899999999999999,0.0038999999999999972,0.0039000000000000146,0.006754998149518627,tap3,natural,firm,20260810_133647,False
1895002,0.0117,0.0312,0.9009,1895.002,500000,-0.003899999999999999,0.0038999999999999972,-0.007799999999999918,0.009553009996854326,tap3,natural,firm,20260810_133647,False
1897511,0.0117,0.0273,0.9087,1897.511,500000,-0.003899999999999999,0.0,0.0,0.003899999999999999,tap3,natural,firm,20260810_133647,False
1900000,0.0117,0.0273,0.9087,1900.0,500000,-0.003899999999999999,0.0,0.0,0.003899999999999999,tap3,natural,firm,20260810_133647,False
1902527,0.0156,0.0312,0.9087,1902.527,500000,0.0,0.0038999999999999972,0.0,0.0038999999999999972,tap3,natural,firm,20260810_133647,False
1905028,0.0117,0.0273,0.9204,1905.028,500000,-0.003899999999999999,0.0,0.011700000000000044,0.01233288287465672,tap3,natural,firm,20260810_133647,False
1907510,0.0156,0.0312,0.9126,1907.51,500000,0.0,0.0038999999999999972,0.0039000000000000146,0.005515432893255079,tap3,natural,firm,20260810_133647,False
1910002,0.0117,0.0351,0.9048,1910.002,500000,-0.003899999999999999,0.007799999999999998,-0.0038999999999999035,0.009553009996854354,tap3,natural,firm,20260810_133647,False
1912501,0.0117,0.0312,0.9087,1912.501,500000,-0.003899999999999999,0.0038999999999999972,0.0,0.005515432893255068,tap3,natural,firm,20260810_133647,False
1915003,0.0156,0.0351,0.9048,1915.003,500000,0.0,0.007799999999999998,-0.0038999999999999035,0.008720665112249134,tap3,natural,firm,20260810_133647,False
1917516,0.0117,0.0351,0.9126,1917.516,500000,-0.003899999999999999,0.007799999999999998,0.0039000000000000146,0.009553009996854399,tap3,natural,firm,20260810_133647,False
1920004,0.0195,0.0273,0.9126,1920.004,500000,0.0039000000000000007,0.0,0.0039000000000000146,0.005515432893255082,tap3,natural,firm,20260810_133647,False
1922503,0.0117,0.0273,0.9165,1922.503,500000,-0.003899999999999999,0.0,0.007800000000000029,0.008720665112249205,tap3,natural,firm,20260810_133647,False
1925004,0.0195,0.0273,0.9126,1925.004,500000,0.0039000000000000007,0.0,0.0039000000000000146,0.005515432893255082,tap3,natural,firm,20260810_133647,False
1927503,0.0156,0.0351,0.9204,1927.503,500000,0.0,0.007799999999999998,0.011700000000000044,0.014061649974309594,tap3,natural,firm,20260810_133647,False
1930019,0.0156,0.0312,0.9087,1930.019,500000,0.0,0.0038999999999999972,0.0,0.0038999999999999972,tap3,natural,firm,20260810_133647,False
1932501,0.0156,0.0312,0.9087,1932.501,500000,0.0,0.0038999999999999972,0.0,0.0038999999999999972,tap3,natural,firm,20260810_133647,False
1935005,0.0156,0.0234,0.9087,1935.005,500000,0.0,-0.0039000000000000007,0.0,0.0039000000000000007,tap3,natural,firm,20260810_133647,False
1937520,0.0156,0.0234,0.9204,1937.52,500000,0.0,-0.0039000000000000007,0.011700000000000044,0.012332882874656722,tap3,natural,firm,20260810_133647,False
1940013,0.0195,0.0234,0.9126,1940.013,500000,0.0039000000000000007,-0.0039000000000000007,0.0039000000000000146,0.006754998149518631,tap3,natural,firm,20260810_133647,False
1942520,0.0117,0.0234,0.9204,1942.52,500000,-0.003899999999999999,-0.0039000000000000007,0.011700000000000044,0.012934836682386099,tap3,natural,firm,20260810_133647,False
1945023,0.0195,0.0234,0.9165,1945.023,500000,0.0039000000000000007,-0.0039000000000000007,0.007800000000000029,0.00955300999685442,tap3,natural,firm,20260810_133647,False
1947509,0.0117,0.0234,0.9087,1947.509,500000,-0.003899999999999999,-0.0039000000000000007,0.0,0.00551543289325507,tap3,natural,firm,20260810_133647,False
1950027,0.0234,0.0195,0.9126,1950.027,500000,0.007800000000000001,-0.007800000000000001,0.0039000000000000146,0.011700000000000007,tap3,natural,firm,20260810_133647,False
1952522,0.0156,0.0156,0.9126,1952.522,500000,0.0,-0.011700000000000002,0.0039000000000000146,0.012332882874656687,tap3,natural,firm,20260810_133647,False
1955024,0.0156,0.0234,0.9087,1955.024,500000,0.0,-0.0039000000000000007,0.0,0.0039000000000000007,tap3,natural,firm,20260810_133647,False
1957504,0.0195,0.0312,0.9087,1957.504,500000,0.0039000000000000007,0.0038999999999999972,0.0,0.0055154328932550695,tap3,natural,firm,20260810_133647,False
1960021,0.0195,0.0273,0.9087,1960.021,500000,0.0039000000000000007,0.0,0.0,0.0039000000000000007,tap3,natural,firm,20260810_133647,False
1962520,0.0195,0.0312,0.9048,1962.52,500000,0.0039000000000000007,0.0038999999999999972,-0.0038999999999999035,0.006754998149518564,tap3,natural,firm,20260810_133647,False
1965021,0.0195,0.0273,0.9165,1965.021,500000,0.0039000000000000007,0.0,0.007800000000000029,0.008720665112249207,tap3,natural,firm,20260810_133647,False
1967507,0.0156,0.0273,0.9087,1967.507,500000,0.0,0.0,0.0,0.0,tap3,natural,firm,20260810_133647,False
1970001,0.0078,0.0312,0.9087,1970.001,500000,-0.0078,0.0038999999999999972,0.0,0.00872066511224918,tap3,natural,firm,20260810_133647,False
1972514,0.0156,0.0195,0.9126,1972.514,500000,0.0,-0.007800000000000001,0.0039000000000000146,0.008720665112249188,tap3,natural,firm,20260810_133647,False
1975013,0.0117,0.0234,0.9126,1975.013,500000,-0.003899999999999999,-0.0039000000000000007,0.0039000000000000146,0.00675499814951863,tap3,natural,firm,20260810_133647,False
1977519,0.0117,0.0234,0.9048,1977.519,500000,-0.003899999999999999,-0.0039000000000000007,-0.0038999999999999035,0.006754998149518566,tap3,natural,firm,20260810_133647,False
1980002,0.0156,0.0234,0.9087,1980.002,500000,0.0,-0.0039000000000000007,0.0,0.0039000000000000007,tap3,natural,firm,20260810_133647,False
1982510,0.0117,0.0195,0.9048,1982.51,500000,-0.003899999999999999,-0.007800000000000001,-0.0038999999999999035,0.009553009996854355,tap3,natural,firm,20260810_133647,False
1985021,0.0117,0.0273,0.9087,1985.021,500000,-0.003899999999999999,0.0,0.0,0.003899999999999999,tap3,natural,firm,20260810_133647,False
1987525,0.0117,0.0312,0.9126,1987.525,500000,-0.003899999999999999,0.0038999999999999972,0.0039000000000000146,0.006754998149518627,tap3,natural,firm,20260810_133647,False
1990020,0.0156,0.0312,0.9126,1990.02,500000,0.0,0.0038999999999999972,0.0039000000000000146,0.005515432893255079,tap3,natural,firm,20260810_133647,False
1992508,0.0117,0.0234,0.9126,1992.508,500000,-0.003899999999999999,-0.0039000000000000007,0.0039000000000000146,0.00675499814951863,tap3,natural,firm,20260810_133647,False
1995017,0.0078,0.0273,0.9126,1995.017,500000,-0.0078,0.0,0.0039000000000000146,0.008720665112249186,tap3,natural,firm,20260810_133647,False
1997530,0.0117,0.0156,0.9126,1997.53,500000,-0.003899999999999999,-0.011700000000000002,0.0039000000000000146,0.012934836682386066,tap3,natural,firm,20260810_133647,False
2000023,0.0195,0.0234,0.9087,2000.023,500000,0.0039000000000000007,-0.0039000000000000007,0.0,0.005515432893255071,tap3,natural,firm,20260810_133647,False
2002526,0.0117,0.039,0.9165,2002.526,500000,-0.003899999999999999,0.011699999999999999,0.007800000000000029,0.014592463808418386,tap3,natural,firm,20260810_133647,False
2005029,0.0156,0.0273,0.9126,2005.029,500000,0.0,0.0,0.0039000000000000146,0.0039000000000000146,tap3,natural,firm,20260810_133647,False
2007510,0.0234,0.0195,0.9087,2007.51,500000,0.007800000000000001,-0.007800000000000001,0.0,0.011030865786510143,tap3,natural,firm,20260810_133647,False
2010028,0.0117,0.0234,0.9048,2010.028,500000,-0.003899999999999999,-0.0039000000000000007,-0.0038999999999999035,0.006754998149518566,tap3,natural,firm,20260810_133647,False
2012502,0.0117,0.0351,0.9087,2012.502,500000,-0.003899999999999999,0.007799999999999998,0.0,0.008720665112249178,tap3,natural,firm,20260810_133647,False
2015004,0.0156,0.0312,0.9126,2015.004,500000,0.0,0.0038999999999999972,0.0039000000000000146,0.005515432893255079,tap3,natural,firm,20260810_133647,False
2017518,0.0117,0.0312,0.9087,2017.518,500000,-0.003899999999999999,0.0038999999999999972,0.0,0.005515432893255068,tap3,natural,firm,20260810_133647,False
2020006,0.0156,0.0234,0.9048,2020.006,500000,0.0,-0.0039000000000000007,-0.0038999999999999035,0.005515432893255003,tap3,natural,firm,20260810_133647,False
2022505,0.0039,0.0312,0.9126,2022.505,500000,-0.011699999999999999,0.0038999999999999972,0.0039000000000000146,0.012934836682386062,tap3,natural,firm,20260810_133647,False
2025008,0.0195,0.0273,0.9126,2025.008,500000,0.0039000000000000007,0.0,0.0039000000000000146,0.005515432893255082,tap3,natural,firm,20260810_133647,False
2027523,0.0195,0.0351,0.9087,2027.523,500000,0.0039000000000000007,0.007799999999999998,0.0,0.00872066511224918,tap3,natural,firm,20260810_133647,False
2030010,0.0156,0.0273,0.9126,2030.01,500000,0.0,0.0,0.0039000000000000146,0.0039000000000000146,tap3,natural,firm,20260810_133647,False
2032514,0.0117,0.0312,0.9243,2032.514,500000,-0.003899999999999999,0.0038999999999999972,0.015600000000000058,0.016546298679765266,tap3,natural,firm,20260810_133647,False
2035018,0.0156,0.0234,0.9048,2035.018,500000,0.0,-0.0039000000000000007,-0.0038999999999999035,0.005515432893255003,tap3,natural,firm,20260810_133647,False
2037506,0.0156,0.0234,0.9048,2037.506,500000,0.0,-0.0039000000000000007,-0.0038999999999999035,0.005515432893255003,tap3,natural,firm,20260810_133647,False
2040024,0.0078,0.0273,0.897,2040.024,500000,-0.0078,0.0,-0.011699999999999933,0.014061649974309502,tap3,natural,firm,20260810_133647,False
2042500,0.0156,0.0312,0.9204,2042.5,500000,0.0,0.0038999999999999972,0.011700000000000044,0.01233288287465672,tap3,natural,firm,20260810_133647,False
2045005,0.0117,0.0273,0.9165,2045.005,500000,-0.003899999999999999,0.0,0.007800000000000029,0.008720665112249205,tap3,natural,firm,20260810_133647,False
2047517,0.0117,0.0312,0.9165,2047.517,500000,-0.003899999999999999,0.0038999999999999972,0.007800000000000029,0.009553009996854416,tap3,natural,firm,20260810_133647,False
2050004,0.0234,0.0273,0.9087,2050.004,500000,0.007800000000000001,0.0,0.0,0.007800000000000001,tap3,natural,firm,20260810_133647,False
2052503,0.0117,0.0312,0.9087,2052.503,500000,-0.003899999999999999,0.0038999999999999972,0.0,0.005515432893255068,tap3,natural,firm,20260810_133647,False
2055004,0.0117,0.0351,0.9087,2055.004,500000,-0.003899999999999999,0.007799999999999998,0.0,0.008720665112249178,tap3,natural,firm,20260810_133647,False
2057500,0.0156,0.0351,0.9204,2057.5,500000,0.0,0.007799999999999998,0.011700000000000044,0.014061649974309594,tap3,natural,firm,20260810_133647,False
2060021,0.0234,0.0312,0.9165,2060.021,500000,0.007800000000000001,0.0038999999999999972,0.007800000000000029,0.01170000000000002,tap3,natural,firm,20260810_133647,False
2062519,0.0078,0.0351,0.9165,2062.519,500000,-0.0078,0.007799999999999998,0.007800000000000029,0.013509996299037258,tap3,natural,firm,20260810_133647,False
2065021,0.0156,0.0195,0.9087,2065.021,500000,0.0,-0.007800000000000001,0.0,0.007800000000000001,tap3,natural,firm,20260810_133647,False
2067507,0.0273,0.0195,0.9087,2067.507,500000,0.011700000000000002,-0.007800000000000001,0.0,0.01406164997430956,tap3,natural,firm,20260810_133647,False
2070009,0.0195,0.0312,0.9126,2070.009,500000,0.0039000000000000007,0.0038999999999999972,0.0039000000000000146,0.006754998149518628,tap3,natural,firm,20260810_133647,False
2072518,0.0117,0.0273,0.9165,2072.518,500000,-0.003899999999999999,0.0,0.007800000000000029,0.008720665112249205,tap3,natural,firm,20260810_133647,False
2075000,0.0156,0.0273,0.9087,2075.0,500000,0.0,0.0,0.0,0.0,tap3,natural,firm,20260810_133647,False
2077504,0.0117,0.0234,0.897,2077.504,500000,-0.003899999999999999,-0.0039000000000000007,-0.011699999999999933,0.012934836682385998,tap3,natural,firm,20260810_133647,False
2080017,0.0117,0.0234,0.9087,2080.017,500000,-0.003899999999999999,-0.0039000000000000007,0.0,0.00551543289325507,tap3,natural,firm,20260810_133647,False
2082514,0.0117,0.0312,0.9087,2082.514,500000,-0.003899999999999999,0.0038999999999999972,0.0,0.005515432893255068,tap3,natural,firm,20260810_133647,False
2085017,0.0117,0.0156,0.9204,2085.017,500000,-0.003899999999999999,-0.011700000000000002,0.011700000000000044,0.016999705879808657,tap3,natural,firm,20260810_133647,False
2087524,0.0117,0.0234,0.9165,2087.524,500000,-0.003899999999999999,-0.0039000000000000007,0.007800000000000029,0.009553009996854418,tap3,natural,firm,20260810_133647,False
2090022,0.0117,0.0273,0.9126,2090.022,500000,-0.003899999999999999,0.0,0.0039000000000000146,0.00551543289325508,tap3,natural,firm,20260810_133647,False
2092500,0.0117,0.0312,0.9087,2092.5,500000,-0.003899999999999999,0.0038999999999999972,0.0,0.005515432893255068,tap3,natural,firm,20260810_133647,False
2095003,0.0117,0.0312,0.9126,2095.003,500000,-0.003899999999999999,0.0038999999999999972,0.0039000000000000146,0.006754998149518627,tap3,natural,firm,20260810_133647,False
2097514,0.0234,0.0234,0.9087,2097.514,500000,0.007800000000000001,-0.0039000000000000007,0.0,0.008720665112249181,tap3,natural,firm,20260810_133647,False
2100002,0.0234,0.0273,0.9087,2100.002,500000,0.007800000000000001,0.0,0.0,0.007800000000000001,tap3,natural,firm,20260810_133647,False
2102501,0.0156,0.0273,0.9048,2102.501,500000,0.0,0.0,-0.0038999999999999035,0.0038999999999999035,tap3,natural,firm,20260810_133647,False
2105004,0.0156,0.0312,0.9048,2105.004,500000,0.0,0.0038999999999999972,-0.0038999999999999035,0.005515432893255,tap3,natural,firm,20260810_133647,False
2107524,0.0117,0.0195,0.9048,2107.524,500000,-0.003899999999999999,-0.007800000000000001,-0.0038999999999999035,0.009553009996854355,tap3,natural,firm,20260810_133647,False
2110011,0.0195,0.0234,0.9087,2110.011,500000,0.0039000000000000007,-0.0039000000000000007,0.0,0.005515432893255071,tap3,natural,firm,20260810_133647,False
2112510,0.0195,0.0273,0.9126,2112.51,500000,0.0039000000000000007,0.0,0.0039000000000000146,0.005515432893255082,tap3,natural,firm,20260810_133647,False
2115013,0.0156,0.0273,0.9087,2115.013,500000,0.0,0.0,0.0,0.0,tap3,natural,firm,20260810_133647,False
2117528,0.0156,0.0273,0.9126,2117.528,500000,0.0,0.0,0.0039000000000000146,0.0039000000000000146,tap3,natural,firm,20260810_133647,False
2120025,0.0156,0.0312,0.9087,2120.025,500000,0.0,0.0038999999999999972,0.0,0.0038999999999999972,tap3,natural,firm,20260810_133647,False
2122510,0.0195,0.0273,0.9126,2122.51,500000,0.0039000000000000007,0.0,0.0039000000000000146,0.005515432893255082,tap3,natural,firm,20260810_133647,False
2125018,0.0078,0.0273,0.9009,2125.018,500000,-0.0078,0.0,-0.007799999999999918,0.011030865786510084,tap3,natural,firm,20260810_133647,False
2127505,0.0156,0.0195,0.9009,2127.505,500000,0.0,-0.007800000000000001,-0.007799999999999918,0.011030865786510084,tap3,natural,firm,20260810_133647,False
2130016,0.0156,0.0195,0.9087,2130.016,500000,0.0,-0.007800000000000001,0.0,0.007800000000000001,tap3,natural,firm,20260810_133647,False
2132519,0.0195,0.0156,0.9009,2132.519,500000,0.0039000000000000007,-0.011700000000000002,-0.007799999999999918,0.01459246380841833,tap3,natural,firm,20260810_133647,False
2135021,0.0156,0.0234,0.9165,2135.021,500000,0.0,-0.0039000000000000007,0.007800000000000029,0.008720665112249207,tap3,natural,firm,20260810_133647,False
2137511,0.0156,0.0273,0.9165,2137.511,500000,0.0,0.0,0.007800000000000029,0.007800000000000029,tap3,natural,firm,20260810_133647,False
2140029,0.0234,0.0234,0.9048,2140.029,500000,0.007800000000000001,-0.0039000000000000007,-0.0038999999999999035,0.009553009996854357,tap3,natural,firm,20260810_133647,False
2142503,0.0234,0.0234,0.9048,2142.503,500000,0.007800000000000001,-0.0039000000000000007,-0.0038999999999999035,0.009553009996854357,tap3,natural,firm,20260810_133647,False
2145005,0.0195,0.0195,0.9126,2145.005,500000,0.0039000000000000007,-0.007800000000000001,0.0039000000000000146,0.009553009996854402,tap3,natural,firm,20260810_133647,False
2147521,0.0195,0.0156,0.9165,2147.521,500000,0.0039000000000000007,-0.011700000000000002,0.007800000000000029,0.01459246380841839,tap3,natural,firm,20260810_133647,False
2150007,0.0156,0.0273,0.9087,2150.007,500000,0.0,0.0,0.0,0.0,tap3,natural,firm,20260810_133647,False
2152506,0.0156,0.0312,0.9165,2152.506,500000,0.0,0.0038999999999999972,0.007800000000000029,0.008720665112249205,tap3,natural,firm,20260810_133647,False
2155006,0.0234,0.0156,0.9126,2155.006,500000,0.007800000000000001,-0.011700000000000002,0.0039000000000000146,0.014592463808418377,tap3,natural,firm,20260810_133647,False
2157520,0.0117,0.0195,0.9243,2157.52,500000,-0.003899999999999999,-0.007800000000000001,0.015600000000000058,0.017872045210327828,tap3,natural,firm,20260810_133647,False
2160009,0.0156,0.0234,0.9321,2160.009,500000,0.0,-0.0039000000000000007,0.023400000000000087,0.023722773868163145,tap3,natural,firm,20260810_133647,False
2162506,0.0195,0.0195,0.9126,2162.506,500000,0.0039000000000000007,-0.007800000000000001,0.0039000000000000146,0.009553009996854402,tap3,natural,firm,20260810_133647,False
2165008,0.0195,0.0312,0.9048,2165.008,500000,0.0039000000000000007,0.0038999999999999972,-0.0038999999999999035,0.006754998149518564,tap3,natural,firm,20260810_133647,False
2167526,0.0117,0.0351,0.9204,2167.526,500000,-0.003899999999999999,0.007799999999999998,0.011700000000000044,0.014592463808418405,tap3,natural,firm,20260810_133647,False
2170009,0.0117,0.0312,0.9126,2170.009,500000,-0.003899999999999999,0.0038999999999999972,0.0039000000000000146,0.006754998149518627,tap3,natural,firm,20260810_133647,False
2172520,0.0117,0.0273,0.9165,2172.52,500000,-0.003899999999999999,0.0,0.007800000000000029,0.008720665112249205,tap3,natural,firm,20260810_133647,False
2175021,0.0078,0.0234,0.9243,2175.021,500000,-0.0078,-0.0039000000000000007,0.015600000000000058,0.017872045210327828,tap3,natural,firm,20260810_133647,False
2177502,0.0039,0.0234,0.9204,2177.502,500000,-0.011699999999999999,-0.0039000000000000007,0.011700000000000044,0.016999705879808657,tap3,natural,firm,20260810_133647,False
2180028,0.0195,0.0234,0.9048,2180.028,500000,0.0039000000000000007,-0.0039000000000000007,-0.0038999999999999035,0.006754998149518567,tap3,natural,firm,20260810_133647,False
2182501,0.0117,0.0195,0.9009,2182.501,500000,-0.003899999999999999,-0.007800000000000001,-0.007799999999999918,0.011699999999999945,tap3,natural,firm,20260810_133647,False
2185006,0.0117,0.0312,0.9165,2185.006,500000,-0.003899999999999999,0.0038999999999999972,0.007800000000000029,0.009553009996854416,tap3,natural,firm,20260810_133647,False
2187510,0.0078,0.0273,0.9165,2187.51,500000,-0.0078,0.0,0.007800000000000029,0.011030865786510162,tap3,natural,firm,20260810_133647,False
2190024,0.0117,0.0312,0.9087,2190.024,500000,-0.003899999999999999,0.0038999999999999972,0.0,0.005515432893255068,tap3,natural,firm,20260810_133647,False
2192525,0.0156,0.0273,0.9126,2192.525,500000,0.0,0.0,0.0039000000000000146,0.0039000000000000146,tap3,natural,firm,20260810_133647,False
2195001,0.0234,0.0234,0.9048,2195.001,500000,0.007800000000000001,-0.0039000000000000007,-0.0038999999999999035,0.009553009996854357,tap3,natural,firm,20260810_133647,False
2197518,0.0234,0.0312,0.9087,2197.518,500000,0.007800000000000001,0.0038999999999999972,0.0,0.00872066511224918,tap3,natural,firm,20260810_133647,False
2200011,0.0078,0.0312,0.9087,2200.011,500000,-0.0078,0.0038999999999999972,0.0,0.00872066511224918,tap3,natural,firm,20260810_133647,False
2202511,0.0156,0.0273,0.9165,2202.511,500000,0.0,0.0,0.007800000000000029,0.007800000000000029,tap3,natural,firm,20260810_133647,False
2205013,0.0117,0.0312,0.9126,2205.013,500000,-0.003899999999999999,0.0038999999999999972,0.0039000000000000146,0.006754998149518627,tap3,natural,firm,20260810_133647,False
2207526,0.0156,0.0312,0.9165,2207.526,500000,0.0,0.0038999999999999972,0.007800000000000029,0.008720665112249205,tap3,natural,firm,20260810_133647,False
2210024,0.0195,0.0273,0.9204,2210.024,500000,0.0039000000000000007,0.0,0.011700000000000044,0.012332882874656722,tap3,natural,firm,20260810_133647,False
2212524,0.0156,0.0273,0.9087,2212.524,500000,0.0,0.0,0.0,0.0,tap3,natural,firm,20260810_133647,False
2215027,0.0195,0.0234,0.9126,2215.027,500000,0.0039000000000000007,-0.0039000000000000007,0.0039000000000000146,0.006754998149518631,tap3,natural,firm,20260810_133647,False
2217512,0.0078,0.0312,0.9087,2217.512,500000,-0.0078,0.0038999999999999972,0.0,0.00872066511224918,tap3,natural,firm,20260810_133647,False
2220004,0.0156,0.0312,0.9087,2220.004,500000,0.0,0.0038999999999999972,0.0,0.0038999999999999972,tap3,natural,firm,20260810_133647,False
2222506,0.0078,0.0312,0.9087,2222.506,500000,-0.0078,0.0038999999999999972,0.0,0.00872066511224918,tap3,natural,firm,20260810_133647,False
2225010,0.0156,0.0351,0.9048,2225.01,500000,0.0,0.007799999999999998,-0.0038999999999999035,0.008720665112249134,tap3,natural,firm,20260810_133647,False
2227524,0.0156,0.0234,0.9048,2227.524,500000,0.0,-0.0039000000000000007,-0.0038999999999999035,0.005515432893255003,tap3,natural,firm,20260810_133647,False
2230009,0.0078,0.0273,0.9087,2230.009,500000,-0.0078,0.0,0.0,0.0078,tap3,natural,firm,20260810_133647,False
2232515,0.0117,0.0312,0.897,2232.515,500000,-0.003899999999999999,0.0038999999999999972,-0.011699999999999933,0.012934836682385997,tap3,natural,firm,20260810_133647,False
2235018,0.0117,0.0312,0.9048,2235.018,500000,-0.003899999999999999,0.0038999999999999972,-0.0038999999999999035,0.006754998149518563,tap3,natural,firm,20260810_133647,False
2237504,0.0117,0.0312,0.9126,2237.504,500000,-0.003899999999999999,0.0038999999999999972,0.0039000000000000146,0.006754998149518627,tap3,natural,firm,20260810_133647,False
2240023,0.0156,0.0273,0.9126,2240.023,500000,0.0,0.0,0.0039000000000000146,0.0039000000000000146,tap3,natural,firm,20260810_133647,False
2242524,0.0078,0.0312,0.9048,2242.524,500000,-0.0078,0.0038999999999999972,-0.0038999999999999035,0.009553009996854354,tap3,natural,firm,20260810_133647,False
2245000,0.0195,0.0234,0.9126,2245.0,500000,0.0039000000000000007,-0.0039000000000000007,0.0039000000000000146,0.006754998149518631,tap3,natural,firm,20260810_133647,False
2247518,0.0195,0.0234,0.9126,2247.518,500000,0.0039000000000000007,-0.0039000000000000007,0.0039000000000000146,0.006754998149518631,tap3,natural,firm,20260810_133647,False
2250007,0.0156,0.0312,0.9087,2250.007,500000,0.0,0.0038999999999999972,0.0,0.0038999999999999972,tap3,natural,firm,20260810_133647,False
2252505,0.0156,0.0195,0.9165,2252.505,500000,0.0,-0.007800000000000001,0.007800000000000029,0.011030865786510163,tap3,natural,firm,20260810_133647,False
2255021,0.0195,0.0273,0.9165,2255.021,500000,0.0039000000000000007,0.0,0.007800000000000029,0.008720665112249207,tap3,natural,firm,20260810_133647,False
2257510,0.0117,0.0273,0.9165,2257.51,500000,-0.003899999999999999,0.0,0.007800000000000029,0.008720665112249205,tap3,natural,firm,20260810_133647,False
2260028,0.0156,0.0273,0.9165,2260.028,500000,0.0,0.0,0.007800000000000029,0.007800000000000029,tap3,natural,firm,20260810_133647,False
2262501,0.0156,0.0273,0.9204,2262.501,500000,0.0,0.0,0.011700000000000044,0.011700000000000044,tap3,natural,firm,20260810_133647,False
2265002,0.0117,0.0351,0.9165,2265.002,500000,-0.003899999999999999,0.007799999999999998,0.007800000000000029,0.011700000000000018,tap3,natural,firm,20260810_133647,False
2267519,0.0195,0.0312,0.9087,2267.519,500000,0.0039000000000000007,0.0038999999999999972,0.0,0.0055154328932550695,tap3,natural,firm,20260810_133647,False
2270020,0.0195,0.0273,0.9165,2270.02,500000,0.0039000000000000007,0.0,0.007800000000000029,0.008720665112249207,tap3,natural,firm,20260810_133647,False
2272503,0.0156,0.0273,0.9087,2272.503,500000,0.0,0.0,0.0,0.0,tap3,natural,firm,20260810_133647,False
2275005,0.0117,0.0234,0.9165,2275.005,500000,-0.003899999999999999,-0.0039000000000000007,0.007800000000000029,0.009553009996854418,tap3,natural,firm,20260810_133647,False
2277514,0.0156,0.0234,0.9204,2277.514,500000,0.0,-0.0039000000000000007,0.011700000000000044,0.012332882874656722,tap3,natural,firm,20260810_133647,False
2280001,0.0156,0.0273,0.897,2280.001,500000,0.0,0.0,-0.011699999999999933,0.011699999999999933,tap3,natural,firm,20260810_133647,False
2282526,0.0078,0.0234,0.9087,2282.526,500000,-0.0078,-0.0039000000000000007,0.0,0.00872066511224918,tap3,natural,firm,20260810_133647,False
2285017,0.0195,0.0273,0.9009,2285.017,500000,0.0039000000000000007,0.0,-0.007799999999999918,0.008720665112249107,tap3,natural,firm,20260810_133647,False
2287501,0.0117,0.0234,0.9126,2287.501,500000,-0.003899999999999999,-0.0039000000000000007,0.0039000000000000146,0.00675499814951863,tap3,natural,firm,20260810_133647,False
2290019,0.0156,0.0195,0.9087,2290.019,500000,0.0,-0.007800000000000001,0.0,0.007800000000000001,tap3,natural,firm,20260810_133647,False
2292522,0.0156,0.0312,0.9126,2292.522,500000,0.0,0.0038999999999999972,0.0039000000000000146,0.005515432893255079,tap3,natural,firm,20260810_133647,False
2295026,0.0117,0.0234,0.9048,2295.026,500000,-0.003899999999999999,-0.0039000000000000007,-0.0038999999999999035,0.006754998149518566,tap3,natural,firm,20260810_133647,False
2297513,0.0117,0.0273,0.9048,2297.513,500000,-0.003899999999999999,0.0,-0.0038999999999999035,0.005515432893255002,tap3,natural,firm,20260810_133647,False
2300002,0.0234,0.0273,0.897,2300.002,500000,0.007800000000000001,0.0,-0.011699999999999933,0.014061649974309504,tap3,natural,firm,20260810_133647,False
2302528,0.0234,0.0234,0.9048,2302.528,500000,0.007800000000000001,-0.0039000000000000007,-0.0038999999999999035,0.009553009996854357,tap3,natural,firm,20260810_133647,False
2305000,0.0234,0.0273,0.9009,2305.0,500000,0.007800000000000001,0.0,-0.007799999999999918,0.011030865786510084,tap3,natural,firm,20260810_133647,False
2307521,0.0156,0.0195,0.9087,2307.521,500000,0.0,-0.007800000000000001,0.0,0.007800000000000001,tap3,natural,firm,20260810_133647,False
2310005,0.0117,0.0312,0.9087,2310.005,500000,-0.003899999999999999,0.0038999999999999972,0.0,0.005515432893255068,tap3,natural,firm,20260810_133647,False
2312503,0.0234,0.0273,0.9087,2312.503,500000,0.007800000000000001,0.0,0.0,0.007800000000000001,tap3,natural,firm,20260810_133647,False
2315006,0.0156,0.0312,0.9165,2315.006,500000,0.0,0.0038999999999999972,0.007800000000000029,0.008720665112249205,tap3,natural,firm,20260810_133647,False
2317521,0.0195,0.0234,0.9048,2317.521,500000,0.0039000000000000007,-0.0039000000000000007,-0.0038999999999999035,0.006754998149518567,tap3,natural,firm,20260810_133647,False
2320024,0.0117,0.0312,0.9165,2320.024,500000,-0.003899999999999999,0.0038999999999999972,0.007800000000000029,0.009553009996854416,tap3,natural,firm,20260810_133647,False
2322528,0.0117,0.0234,0.9087,2322.528,500000,-0.003899999999999999,-0.0039000000000000007,0.0,0.00551543289325507,tap3,natural,firm,20260810_133647,False
2325000,0.0117,0.0234,0.9087,2325.0,500000,-0.003899999999999999,-0.0039000000000000007,0.0,0.00551543289325507,tap3,natural,firm,20260810_133647,False
2327519,0.0156,0.0234,0.9087,2327.519,500000,0.0,-0.0039000000000000007,0.0,0.0039000000000000007,tap3,natural,firm,20260810_133647,False
2330000,0.0156,0.0156,0.9087,2330.0,500000,0.0,-0.011700000000000002,0.0,0.011700000000000002,tap3,natural,firm,20260810_133647,False
2332506,0.0156,0.0195,0.9048,2332.506,500000,0.0,-0.007800000000000001,-0.0038999999999999035,0.008720665112249138,tap3,natural,firm,20260810_133647,False
2335009,0.0234,0.0234,0.9087,2335.009,500000,0.007800000000000001,-0.0039000000000000007,0.0,0.008720665112249181,tap3,natural,firm,20260810_133647,False
2337526,0.0156,0.0273,0.9165,2337.526,500000,0.0,0.0,0.007800000000000029,0.007800000000000029,tap3,natural,firm,20260810_133647,False
2340021,0.0117,0.0273,0.9087,2340.021,500000,-0.003899999999999999,0.0,0.0,0.003899999999999999,tap3,natural,firm,20260810_133647,False
2342522,0.0195,0.0195,0.9087,2342.522,500000,0.0039000000000000007,-0.007800000000000001,0.0,0.008720665112249181,tap3,natural,firm,20260810_133647,False
2345025,0.0195,0.0234,0.9204,2345.025,500000,0.0039000000000000007,-0.0039000000000000007,0.011700000000000044,0.012934836682386099,tap3,natural,firm,20260810_133647,False
2347506,0.0156,0.0273,0.9087,2347.506,500000,0.0,0.0,0.0,0.0,tap3,natural,firm,20260810_133647,False
2350022,0.0195,0.0273,0.9126,2350.022,500000,0.0039000000000000007,0.0,0.0039000000000000146,0.005515432893255082,tap3,natural,firm,20260810_133647,False
2352526,0.0195,0.0273,0.9126,2352.526,500000,0.0039000000000000007,0.0,0.0039000000000000146,0.005515432893255082,tap3,natural,firm,20260810_133647,False
2355029,0.0195,0.0273,0.9126,2355.029,500000,0.0039000000000000007,0.0,0.0039000000000000146,0.005515432893255082,tap3,natural,firm,20260810_133647,False
2357516,0.0156,0.0273,0.9048,2357.516,500000,0.0,0.0,-0.0038999999999999035,0.0038999999999999035,tap3,natural,firm,20260810_133647,False
2360005,0.0156,0.0312,0.9087,2360.005,500000,0.0,0.0038999999999999972,0.0,0.0038999999999999972,tap3,natural,firm,20260810_133647,False
2362504,0.0195,0.0234,0.9009,2362.504,500000,0.0039000000000000007,-0.0039000000000000007,-0.007799999999999918,0.009553009996854328,tap3,natural,firm,20260810_133647,False
2365008,0.0195,0.0273,0.9048,2365.008,500000,0.0039000000000000007,0.0,-0.0038999999999999035,0.005515432893255003,tap3,natural,firm,20260810_133647,False
2367525,0.0156,0.0234,0.9165,2367.525,500000,0.0,-0.0039000000000000007,0.007800000000000029,0.008720665112249207,tap3,natural,firm,20260810_133647,False
2370005,0.0234,0.0312,0.9126,2370.005,500000,0.007800000000000001,0.0038999999999999972,0.0039000000000000146,0.0095530099968544,tap3,natural,firm,20260810_133647,False
2372518,0.0195,0.0312,0.9048,2372.518,500000,0.0039000000000000007,0.0038999999999999972,-0.0038999999999999035,0.006754998149518564,tap3,natural,firm,20260810_133647,False
2375027,0.0078,0.0273,0.9165,2375.027,500000,-0.0078,0.0,0.007800000000000029,0.011030865786510162,tap3,natural,firm,20260810_133647,False
2377515,0.0117,0.0273,0.9126,2377.515,500000,-0.003899999999999999,0.0,0.0039000000000000146,0.00551543289325508,tap3,natural,firm,20260810_133647,False
2380004,0.0117,0.0312,0.9126,2380.004,500000,-0.003899999999999999,0.0038999999999999972,0.0039000000000000146,0.006754998149518627,tap3,natural,firm,20260810_133647,False
2382500,0.0195,0.0234,0.9087,2382.5,500000,0.0039000000000000007,-0.0039000000000000007,0.0,0.005515432893255071,tap3,natural,firm,20260810_133647,False
2385026,0.0195,0.0312,0.9009,2385.026,500000,0.0039000000000000007,0.0038999999999999972,-0.007799999999999918,0.009553009996854326,tap3,natural,firm,20260810_133647,False
2387508,0.0117,0.0273,0.9048,2387.508,500000,-0.003899999999999999,0.0,-0.0038999999999999035,0.005515432893255002,tap3,natural,firm,20260810_133647,False
2390029,0.0078,0.0234,0.9048,2390.029,500000,-0.0078,-0.0039000000000000007,-0.0038999999999999035,0.009553009996854355,tap3,natural,firm,20260810_133647,False
2392507,0.0117,0.0312,0.9126,2392.507,500000,-0.003899999999999999,0.0038999999999999972,0.0039000000000000146,0.006754998149518627,tap3,natural,firm,20260810_133647,False
2395012,0.0156,0.0273,0.9087,2395.012,500000,0.0,0.0,0.0,0.0,tap3,natural,firm,20260810_133647,False
2397528,0.0156,0.0312,0.897,2397.528,500000,0.0,0.0038999999999999972,-0.011699999999999933,0.012332882874656614,tap3,natural,firm,20260810_133647,False
2400020,0.0195,0.0351,0.9165,2400.02,500000,0.0039000000000000007,0.007799999999999998,0.007800000000000029,0.011700000000000018,tap3,natural,firm,20260810_133647,False
2402520,0.0156,0.0351,0.9048,2402.52,500000,0.0,0.007799999999999998,-0.0038999999999999035,0.008720665112249134,tap3,natural,firm,20260810_133647,False
2405021,0.0156,0.0273,0.9009,2405.021,500000,0.0,0.0,-0.007799999999999918,0.007799999999999918,tap3,natural,firm,20260810_133647,False
2407505,0.0117,0.0312,0.9126,2407.505,500000,-0.003899999999999999,0.0038999999999999972,0.0039000000000000146,0.006754998149518627,tap3,natural,firm,20260810_133647,False
2410026,0.0234,0.0195,0.9087,2410.026,500000,0.007800000000000001,-0.007800000000000001,0.0,0.011030865786510143,tap3,natural,firm,20260810_133647,False
2412524,0.0195,0.0273,0.9165,2412.524,500000,0.0039000000000000007,0.0,0.007800000000000029,0.008720665112249207,tap3,natural,firm,20260810_133647,False
2415028,0.0156,0.0273,0.9048,2415.028,500000,0.0,0.0,-0.0038999999999999035,0.0038999999999999035,tap3,natural,firm,20260810_133647,False
2417517,0.0156,0.0273,0.9126,2417.517,500000,0.0,0.0,0.0039000000000000146,0.0039000000000000146,tap3,natural,firm,20260810_133647,False
2420006,0.0117,0.0351,0.9165,2420.006,500000,-0.003899999999999999,0.007799999999999998,0.007800000000000029,0.011700000000000018,tap3,natural,firm,20260810_133647,False
2422505,0.0117,0.0273,0.9087,2422.505,500000,-0.003899999999999999,0.0,0.0,0.003899999999999999,tap3,natural,firm,20260810_133647,False
2425005,0.0195,0.0234,0.9087,2425.005,500000,0.0039000000000000007,-0.0039000000000000007,0.0,0.005515432893255071,tap3,natural,firm,20260810_133647,False
2427516,0.0195,0.0195,0.9126,2427.516,500000,0.0039000000000000007,-0.007800000000000001,0.0039000000000000146,0.009553009996854402,tap3,natural,firm,20260810_133647,False
2430001,0.0117,0.0273,0.9126,2430.001,500000,-0.003899999999999999,0.0,0.0039000000000000146,0.00551543289325508,tap3,natural,firm,20260810_133647,False
2432506,0.0156,0.0273,0.9048,2432.506,500000,0.0,0.0,-0.0038999999999999035,0.0038999999999999035,tap3,natural,firm,20260810_133647,False
2435008,0.0156,0.0312,0.9126,2435.008,500000,0.0,0.0038999999999999972,0.0039000000000000146,0.005515432893255079,tap3,natural,firm,20260810_133647,False
2437527,0.0156,0.0312,0.9048,2437.527,500000,0.0,0.0038999999999999972,-0.0038999999999999035,0.005515432893255,tap3,natural,firm,20260810_133647,False
2440029,0.0117,0.0234,0.9048,2440.029,500000,-0.003899999999999999,-0.0039000000000000007,-0.0038999999999999035,0.006754998149518566,tap3,natural,firm,20260810_133647,False
2442500,0.0117,0.0312,0.9048,2442.5,500000,-0.003899999999999999,0.0038999999999999972,-0.0038999999999999035,0.006754998149518563,tap3,natural,firm,20260810_133647,False
2445003,0.0156,0.0195,0.9126,2445.003,500000,0.0,-0.007800000000000001,0.0039000000000000146,0.008720665112249188,tap3,natural,firm,20260810_133647,False
2447520,0.0195,0.0312,0.9126,2447.52,500000,0.0039000000000000007,0.0038999999999999972,0.0039000000000000146,0.006754998149518628,tap3,natural,firm,20260810_133647,False
2450022,0.0156,0.0273,0.9165,2450.022,500000,0.0,0.0,0.007800000000000029,0.007800000000000029,tap3,natural,firm,20260810_133647,False
2452528,0.0195,0.0234,0.9009,2452.528,500000,0.0039000000000000007,-0.0039000000000000007,-0.007799999999999918,0.009553009996854328,tap3,natural,firm,20260810_133647,False
2455003,0.0156,0.0234,0.9087,2455.003,500000,0.0,-0.0039000000000000007,0.0,0.0039000000000000007,tap3,natural,firm,20260810_133647,False
2457516,0.0156,0.0234,0.9087,2457.516,500000,0.0,-0.0039000000000000007,0.0,0.0039000000000000007,tap3,natural,firm,20260810_133647,False
2460004,0.0195,0.0273,0.9048,2460.004,500000,0.0039000000000000007,0.0,-0.0038999999999999035,0.005515432893255003,tap3,natural,firm,20260810_133647,False
2462502,0.0078,0.0351,0.9126,2462.502,500000,-0.0078,0.007799999999999998,0.0039000000000000146,0.011700000000000004,tap3,natural,firm,20260810_133647,False
2465007,0.0117,0.0312,0.9009,2465.007,500000,-0.003899999999999999,0.0038999999999999972,-0.007799999999999918,0.009553009996854326,tap3,natural,firm,20260810_133647,False
2467500,0.0117,0.0312,0.897,2467.5,500000,-0.003899999999999999,0.0038999999999999972,-0.011699999999999933,0.012934836682385997,tap3,natural,firm,20260810_133647,False
2470022,0.0156,0.0234,0.9204,2470.022,500000,0.0,-0.0039000000000000007,0.011700000000000044,0.012332882874656722,tap3,natural,firm,20260810_133647,False
2472508,0.0195,0.0273,0.9087,2472.508,500000,0.0039000000000000007,0.0,0.0,0.0039000000000000007,tap3,natural,firm,20260810_133647,False
2475014,0.0234,0.0195,0.9087,2475.014,500000,0.007800000000000001,-0.007800000000000001,0.0,0.011030865786510143,tap3,natural,firm,20260810_133647,False
2477528,0.0117,0.0312,0.9048,2477.528,500000,-0.003899999999999999,0.0038999999999999972,-0.0038999999999999035,0.006754998149518563,tap3,natural,firm,20260810_133647,False
2480026,0.0195,0.039,0.9165,2480.026,500000,0.0039000000000000007,0.011699999999999999,0.007800000000000029,0.014592463808418386,tap3,natural,firm,20260810_133647,False
2482524,0.0234,0.0273,0.9048,2482.524,500000,0.007800000000000001,0.0,-0.0038999999999999035,0.008720665112249138,tap3,natural,firm,20260810_133647,False
2485027,0.0195,0.0195,0.9048,2485.027,500000,0.0039000000000000007,-0.007800000000000001,-0.0038999999999999035,0.009553009996854357,tap3,natural,firm,20260810_133647,False
2487516,0.0195,0.0234,0.9204,2487.516,500000,0.0039000000000000007,-0.0039000000000000007,0.011700000000000044,0.012934836682386099,tap3,natural,firm,20260810_133647,False
2490009,0.0039,0.0312,0.9087,2490.009,500000,-0.011699999999999999,0.0038999999999999972,0.0,0.012332882874656677,tap3,natural,firm,20260810_133647,False
2492515,0.0234,0.0273,0.9165,2492.515,500000,0.007800000000000001,0.0,0.007800000000000029,0.011030865786510163,tap3,natural,firm,20260810_133647,False
2495021,0.0078,0.0234,0.9165,2495.021,500000,-0.0078,-0.0039000000000000007,0.007800000000000029,0.01170000000000002,tap3,natural,firm,20260810_133647,False
2497523,0.0156,0.0234,0.9048,2497.523,500000,0.0,-0.0039000000000000007,-0.0038999999999999035,0.005515432893255003,tap3,natural,firm,20260810_133647,False
2500012,0.0078,0.0273,0.9165,2500.012,500000,-0.0078,0.0,0.007800000000000029,0.011030865786510162,tap3,natural,firm,20260810_133647,False
2502510,0.0117,0.0273,0.9126,2502.51,500000,-0.003899999999999999,0.0,0.0039000000000000146,0.00551543289325508,tap3,natural,firm,20260810_133647,False
2505014,0.0234,0.0234,0.9087,2505.014,500000,0.007800000000000001,-0.0039000000000000007,0.0,0.008720665112249181,tap3,natural,firm,20260810_133647,False
2507525,0.0195,0.0273,0.9087,2507.525,500000,0.0039000000000000007,0.0,0.0,0.0039000000000000007,tap3,natural,firm,20260810_133647,False
2510021,0.0156,0.0234,0.9087,2510.021,500000,0.0,-0.0039000000000000007,0.0,0.0039000000000000007,tap3,natural,firm,20260810_133647,False
2512525,0.0156,0.0234,0.9165,2512.525,500000,0.0,-0.0039000000000000007,0.007800000000000029,0.008720665112249207,tap3,natural,firm,20260810_133647,False
2515028,0.0156,0.0273,0.9165,2515.028,500000,0.0,0.0,0.007800000000000029,0.007800000000000029,tap3,natural,firm,20260810_133647,False
2517502,0.0117,0.0273,0.9126,2517.502,500000,-0.003899999999999999,0.0,0.0039000000000000146,0.00551543289325508,tap3,natural,firm,20260810_133647,False
2520021,0.0078,0.0273,0.9126,2520.021,500000,-0.0078,0.0,0.0039000000000000146,0.008720665112249186,tap3,natural,firm,20260810_133647,False
2522520,0.0078,0.0273,0.9204,2522.52,500000,-0.0078,0.0,0.011700000000000044,0.014061649974309594,tap3,natural,firm,20260810_133647,False
2525024,0.0117,0.0234,0.9165,2525.024,500000,-0.003899999999999999,-0.0039000000000000007,0.007800000000000029,0.009553009996854418,tap3,natural,firm,20260810_133647,False
2527512,0.0117,0.0273,0.9048,2527.512,500000,-0.003899999999999999,0.0,-0.0038999999999999035,0.005515432893255002,tap3,natural,firm,20260810_133647,False
2530027,0.0117,0.0351,0.9165,2530.027,500000,-0.003899999999999999,0.007799999999999998,0.007800000000000029,0.011700000000000018,tap3,natural,firm,20260810_133647,False
2532500,0.0156,0.0234,0.9048,2532.5,500000,0.0,-0.0039000000000000007,-0.0038999999999999035,0.005515432893255003,tap3,natural,firm,20260810_133647,False
2535000,0.0195,0.0156,0.9048,2535.0,500000,0.0039000000000000007,-0.011700000000000002,-0.0038999999999999035,0.012934836682386033,tap3,natural,firm,20260810_133647,False
2537520,0.0117,0.0312,0.9126,2537.52,500000,-0.003899999999999999,0.0038999999999999972,0.0039000000000000146,0.006754998149518627,tap3,natural,firm,20260810_133647,False
2540011,0.0117,0.0273,0.9126,2540.011,500000,-0.003899999999999999,0.0,0.0039000000000000146,0.00551543289325508,tap3,natural,firm,20260810_133647,False
2542515,0.0156,0.0234,0.9087,2542.515,500000,0.0,-0.0039000000000000007,0.0,0.0039000000000000007,tap3,natural,firm,20260810_133647,False
2545018,0.0117,0.0312,0.9087,2545.018,500000,-0.003899999999999999,0.0038999999999999972,0.0,0.005515432893255068,tap3,natural,firm,20260810_133647,False
2547501,0.0156,0.0273,0.9126,2547.501,500000,0.0,0.0,0.0039000000000000146,0.0039000000000000146,tap3,natural,firm,20260810_133647,False
2550020,0.0117,0.0312,0.9165,2550.02,500000,-0.003899999999999999,0.0038999999999999972,0.007800000000000029,0.009553009996854416,tap3,natural,firm,20260810_133647,False
2552518,0.0117,0.0234,0.9126,2552.518,500000,-0.003899999999999999,-0.0039000000000000007,0.0039000000000000146,0.00675499814951863,tap3,natural,firm,20260810_133647,False
2555023,0.0195,0.0195,0.9048,2555.023,500000,0.0039000000000000007,-0.007800000000000001,-0.0038999999999999035,0.009553009996854357,tap3,natural,firm,20260810_133647,False
2557503,0.0156,0.0273,0.9087,2557.503,500000,0.0,0.0,0.0,0.0,tap3,natural,firm,20260810_133647,False
2560021,0.0117,0.0312,0.9087,2560.021,500000,-0.003899999999999999,0.0038999999999999972,0.0,0.005515432893255068,tap3,natural,firm,20260810_133647,False
2562520,0.0117,0.0312,0.9087,2562.52,500000,-0.003899999999999999,0.0038999999999999972,0.0,0.005515432893255068,tap3,natural,firm,20260810_133647,False
2565023,0.0156,0.0234,0.9048,2565.023,500000,0.0,-0.0039000000000000007,-0.0038999999999999035,0.005515432893255003,tap3,natural,firm,20260810_133647,False
2567510,0.0195,0.0195,0.9165,2567.51,500000,0.0039000000000000007,-0.007800000000000001,0.007800000000000029,0.011700000000000021,tap3,natural,firm,20260810_133647,False
2570030,0.0117,0.0273,0.9048,2570.03,500000,-0.003899999999999999,0.0,-0.0038999999999999035,0.005515432893255002,tap3,natural,firm,20260810_133647,False
2572510,0.0117,0.0312,0.9087,2572.51,500000,-0.003899999999999999,0.0038999999999999972,0.0,0.005515432893255068,tap3,natural,firm,20260810_133647,False
2575021,0.0078,0.039,0.9126,2575.021,500000,-0.0078,0.011699999999999999,0.0039000000000000146,0.014592463808418374,tap3,natural,firm,20260810_133647,False
2577504,0.0117,0.039,0.9126,2577.504,500000,-0.003899999999999999,0.011699999999999999,0.0039000000000000146,0.012934836682386062,tap3,natural,firm,20260810_133647,False
2580025,0.0156,0.0312,0.9087,2580.025,500000,0.0,0.0038999999999999972,0.0,0.0038999999999999972,tap3,natural,firm,20260810_133647,False
2582510,0.0195,0.0312,0.9087,2582.51,500000,0.0039000000000000007,0.0038999999999999972,0.0,0.0055154328932550695,tap3,natural,firm,20260810_133647,False
2585019,0.0156,0.0156,0.9126,2585.019,500000,0.0,-0.011700000000000002,0.0039000000000000146,0.012332882874656687,tap3,natural,firm,20260810_133647,False
2587504,0.0234,0.0156,0.9165,2587.504,500000,0.007800000000000001,-0.011700000000000002,0.007800000000000029,0.01608011193990889,tap3,natural,firm,20260810_133647,False
2590024,0.0195,0.0273,0.9048,2590.024,500000,0.0039000000000000007,0.0,-0.0038999999999999035,0.005515432893255003,tap3,natural,firm,20260810_133647,False
2592500,0.0078,0.0273,0.9048,2592.5,500000,-0.0078,0.0,-0.0038999999999999035,0.008720665112249136,tap3,natural,firm,20260810_133647,False
2595008,0.0156,0.0273,0.9204,2595.008,500000,0.0,0.0,0.011700000000000044,0.011700000000000044,tap3,natural,firm,20260810_133647,False
2597518,0.0078,0.0312,0.9204,2597.518,500000,-0.0078,0.0038999999999999972,0.011700000000000044,0.014592463808418405,tap3,natural,firm,20260810_133647,False
2600004,0.0234,0.0273,0.9165,2600.004,500000,0.007800000000000001,0.0,0.007800000000000029,0.011030865786510163,tap3,natural,firm,20260810_133647,False
2602503,0.0156,0.0312,0.9009,2602.503,500000,0.0,0.0038999999999999972,-0.007799999999999918,0.008720665112249105,tap3,natural,firm,20260810_133647,False
2605027,0.0195,0.0234,0.8931,2605.027,500000,0.0039000000000000007,-0.0039000000000000007,-0.015599999999999947,0.016546298679765162,tap3,natural,firm,20260810_133647,False
2607517,0.0117,0.0351,0.9087,2607.517,500000,-0.003899999999999999,0.007799999999999998,0.0,0.008720665112249178,tap3,natural,firm,20260810_133647,False
2610004,0.0156,0.0351,0.9126,2610.004,500000,0.0,0.007799999999999998,0.0039000000000000146,0.008720665112249185,tap3,natural,firm,20260810_133647,False
2612501,0.0156,0.0312,0.9165,2612.501,500000,0.0,0.0038999999999999972,0.007800000000000029,0.008720665112249205,tap3,natural,firm,20260810_133647,False
2615002,0.0195,0.0273,0.9048,2615.002,500000,0.0039000000000000007,0.0,-0.0038999999999999035,0.005515432893255003,tap3,natural,firm,20260810_133647,False
2617514,0.0078,0.0312,0.9048,2617.514,500000,-0.0078,0.0038999999999999972,-0.0038999999999999035,0.009553009996854354,tap3,natural,firm,20260810_133647,False
2620003,0.0078,0.0273,0.9165,2620.003,500000,-0.0078,0.0,0.007800000000000029,0.011030865786510162,tap3,natural,firm,20260810_133647,False
2622503,0.0117,0.0312,0.9126,2622.503,500000,-0.003899999999999999,0.0038999999999999972,0.0039000000000000146,0.006754998149518627,tap3,natural,firm,20260810_133647,False
2625008,0.0273,0.0195,0.9087,2625.008,500000,0.011700000000000002,-0.007800000000000001,0.0,0.01406164997430956,tap3,natural,firm,20260810_133647,False
2627522,0.0195,0.0195,0.9087,2627.522,500000,0.0039000000000000007,-0.007800000000000001,0.0,0.008720665112249181,tap3,natural,firm,20260810_133647,False
2630005,0.0234,0.0195,0.897,2630.005,500000,0.007800000000000001,-0.007800000000000001,-0.011699999999999933,0.01608011193990883,tap3,natural,firm,20260810_133647,False
2632514,0.0156,0.0312,0.9165,2632.514,500000,0.0,0.0038999999999999972,0.007800000000000029,0.008720665112249205,tap3,natural,firm,20260810_133647,False
2635018,0.0195,0.0195,0.9165,2635.018,500000,0.0039000000000000007,-0.007800000000000001,0.007800000000000029,0.011700000000000021,tap3,natural,firm,20260810_133647,False
2637506,0.0195,0.0234,0.9165,2637.506,500000,0.0039000000000000007,-0.0039000000000000007,0.007800000000000029,0.00955300999685442,tap3,natural,firm,20260810_133647,False
2640024,0.0234,0.0234,0.9126,2640.024,500000,0.007800000000000001,-0.0039000000000000007,0.0039000000000000146,0.009553009996854402,tap3,natural,firm,20260810_133647,False
2642525,0.0195,0.0273,0.9087,2642.525,500000,0.0039000000000000007,0.0,0.0,0.0039000000000000007,tap3,natural,firm,20260810_133647,False
2645028,0.0156,0.0312,0.9087,2645.028,500000,0.0,0.0038999999999999972,0.0,0.0038999999999999972,tap3,natural,firm,20260810_133647,False
2647504,0.0078,0.0312,0.9048,2647.504,500000,-0.0078,0.0038999999999999972,-0.0038999999999999035,0.009553009996854354,tap3,natural,firm,20260810_133647,False
2650023,0.0156,0.0273,0.9126,2650.023,500000,0.0,0.0,0.0039000000000000146,0.0039000000000000146,tap3,natural,firm,20260810_133647,False
2652526,0.0117,0.0234,0.9009,2652.526,500000,-0.003899999999999999,-0.0039000000000000007,-0.007799999999999918,0.009553009996854328,tap3,natural,firm,20260810_133647,False
2655027,0.0156,0.0312,0.9126,2655.027,500000,0.0,0.0038999999999999972,0.0039000000000000146,0.005515432893255079,tap3,natural,firm,20260810_133647,False
2657508,0.0117,0.0234,0.9126,2657.508,500000,-0.003899999999999999,-0.0039000000000000007,0.0039000000000000146,0.00675499814951863,tap3,natural,firm,20260810_133647,False
2660026,0.0156,0.0234,0.9087,2660.026,500000,0.0,-0.0039000000000000007,0.0,0.0039000000000000007,tap3,natural,firm,20260810_133647,False
2662523,0.0078,0.0273,0.9126,2662.523,500000,-0.0078,0.0,0.0039000000000000146,0.008720665112249186,tap3,natural,firm,20260810_133647,False
2665025,0.0156,0.0234,0.9165,2665.025,500000,0.0,-0.0039000000000000007,0.007800000000000029,0.008720665112249207,tap3,natural,firm,20260810_133647,False
2667515,0.0117,0.0234,0.9087,2667.515,500000,-0.003899999999999999,-0.0039000000000000007,0.0,0.00551543289325507,tap3,natural,firm,20260810_133647,False
2670028,0.0117,0.0234,0.9087,2670.028,500000,-0.003899999999999999,-0.0039000000000000007,0.0,0.00551543289325507,tap3,natural,firm,20260810_133647,False
2672524,0.0117,0.0273,0.9126,2672.524,500000,-0.003899999999999999,0.0,0.0039000000000000146,0.00551543289325508,tap3,natural,firm,20260810_133647,False
2675029,0.0156,0.0351,0.9087,2675.029,500000,0.0,0.007799999999999998,0.0,0.007799999999999998,tap3,natural,firm,20260810_133647,False
2677510,0.0117,0.0351,0.9126,2677.51,500000,-0.003899999999999999,0.007799999999999998,0.0039000000000000146,0.009553009996854399,tap3,natural,firm,20260810_133647,False
2680008,0.0195,0.0312,0.9048,2680.008,500000,0.0039000000000000007,0.0038999999999999972,-0.0038999999999999035,0.006754998149518564,tap3,natural,firm,20260810_133647,False
2682507,0.0156,0.0273,0.9087,2682.507,500000,0.0,0.0,0.0,0.0,tap3,natural,firm,20260810_133647,False
2685013,0.0195,0.0273,0.9009,2685.013,500000,0.0039000000000000007,0.0,-0.007799999999999918,0.008720665112249107,tap3,natural,firm,20260810_133647,False
2687526,0.0039,0.0273,0.9243,2687.526,500000,-0.011699999999999999,0.0,0.015600000000000058,0.019500000000000045,tap3,natural,firm,20260810_133647,False
2690023,0.0117,0.0234,0.9243,2690.023,500000,-0.003899999999999999,-0.0039000000000000007,0.015600000000000058,0.016546298679765266,tap3,natural,firm,20260810_133647,False
2692505,0.0195,0.0312,0.9126,2692.505,500000,0.0039000000000000007,0.0038999999999999972,0.0039000000000000146,0.006754998149518628,tap3,natural,firm,20260810_133647,False
2695018,0.0117,0.0273,0.9087,2695.018,500000,-0.003899999999999999,0.0,0.0,0.003899999999999999,tap3,natural,firm,20260810_133647,False
2697527,0.0117,0.0234,0.9048,2697.527,500000,-0.003899999999999999,-0.0039000000000000007,-0.0038999999999999035,0.006754998149518566,tap3,natural,firm,20260810_133647,False
2700021,0.0156,0.0234,0.9087,2700.021,500000,0.0,-0.0039000000000000007,0.0,0.0039000000000000007,tap3,natural,firm,20260810_133647,False
2702523,0.0117,0.0234,0.9048,2702.523,500000,-0.003899999999999999,-0.0039000000000000007,-0.0038999999999999035,0.006754998149518566,tap3,natural,firm,20260810_133647,False
2705025,0.0117,0.0273,0.9087,2705.025,500000,-0.003899999999999999,0.0,0.0,0.003899999999999999,tap3,natural,firm,20260810_133647,False
2707510,0.0156,0.0312,0.9126,2707.51,500000,0.0,0.0038999999999999972,0.0039000000000000146,0.005515432893255079,tap3,natural,firm,20260810_133647,False
2710028,0.0195,0.0273,0.9087,2710.028,500000,0.0039000000000000007,0.0,0.0,0.0039000000000000007,tap3,natural,firm,20260810_133647,False
2712517,0.0117,0.0312,0.9087,2712.517,500000,-0.003899999999999999,0.0038999999999999972,0.0,0.005515432893255068,tap3,natural,firm,20260810_133647,False
2715024,0.0195,0.0234,0.9165,2715.024,500000,0.0039000000000000007,-0.0039000000000000007,0.007800000000000029,0.00955300999685442,tap3,natural,firm,20260810_133647,False
2717517,0.0195,0.0312,0.9126,2717.517,500000,0.0039000000000000007,0.0038999999999999972,0.0039000000000000146,0.006754998149518628,tap3,natural,firm,20260810_133647,False
2720005,0.0195,0.0312,0.9009,2720.005,500000,0.0039000000000000007,0.0038999999999999972,-0.007799999999999918,0.009553009996854326,tap3,natural,firm,20260810_133647,False
2722503,0.0156,0.0234,0.9048,2722.503,500000,0.0,-0.0039000000000000007,-0.0038999999999999035,0.005515432893255003,tap3,natural,firm,20260810_133647,False
2725005,0.0156,0.0195,0.9009,2725.005,500000,0.0,-0.007800000000000001,-0.007799999999999918,0.011030865786510084,tap3,natural,firm,20260810_133647,False
2727515,0.0117,0.0273,0.9048,2727.515,500000,-0.003899999999999999,0.0,-0.0038999999999999035,0.005515432893255002,tap3,natural,firm,20260810_133647,False
2730000,0.0078,0.0351,0.9048,2730.0,500000,-0.0078,0.007799999999999998,-0.0038999999999999035,0.011699999999999966,tap3,natural,firm,20260810_133647,False
2732510,0.0117,0.0312,0.9165,2732.51,500000,-0.003899999999999999,0.0038999999999999972,0.007800000000000029,0.009553009996854416,tap3,natural,firm,20260810_133647,False
2735013,0.0195,0.0273,0.9087,2735.013,500000,0.0039000000000000007,0.0,0.0,0.0039000000000000007,tap3,natural,firm,20260810_133647,False
2737506,0.0117,0.0234,0.9087,2737.506,500000,-0.003899999999999999,-0.0039000000000000007,0.0,0.00551543289325507,tap3,natural,firm,20260810_133647,False
2740023,0.0195,0.0234,0.9087,2740.023,500000,0.0039000000000000007,-0.0039000000000000007,0.0,0.005515432893255071,tap3,natural,firm,20260810_133647,False
2742529,0.0156,0.0234,0.9087,2742.529,500000,0.0,-0.0039000000000000007,0.0,0.0039000000000000007,tap3,natural,firm,20260810_133647,False
2745004,0.0156,0.0234,0.9126,2745.004,500000,0.0,-0.0039000000000000007,0.0039000000000000146,0.005515432893255082,tap3,natural,firm,20260810_133647,False
2747519,0.0195,0.0234,0.9048,2747.519,500000,0.0039000000000000007,-0.0039000000000000007,-0.0038999999999999035,0.006754998149518567,tap3,natural,firm,20260810_133647,False
2750006,0.0156,0.0195,0.9048,2750.006,500000,0.0,-0.007800000000000001,-0.0038999999999999035,0.008720665112249138,tap3,natural,firm,20260810_133647,False
2752503,0.0156,0.0234,0.9126,2752.503,500000,0.0,-0.0039000000000000007,0.0039000000000000146,0.005515432893255082,tap3,natural,firm,20260810_133647,False
2755006,0.0195,0.0234,0.9009,2755.006,500000,0.0039000000000000007,-0.0039000000000000007,-0.007799999999999918,0.009553009996854328,tap3,natural,firm,20260810_133647,False
2757517,0.0078,0.039,0.9048,2757.517,500000,-0.0078,0.011699999999999999,-0.0038999999999999035,0.014592463808418344,tap3,natural,firm,20260810_133647,False
2760006,0.0234,0.0234,0.9009,2760.006,500000,0.007800000000000001,-0.0039000000000000007,-0.007799999999999918,0.011699999999999947,tap3,natural,firm,20260810_133647,False
2762505,0.0195,0.0234,0.9126,2762.505,500000,0.0039000000000000007,-0.0039000000000000007,0.0039000000000000146,0.006754998149518631,tap3,natural,firm,20260810_133647,False
2765006,0.0117,0.0351,0.9048,2765.006,500000,-0.003899999999999999,0.007799999999999998,-0.0038999999999999035,0.009553009996854354,tap3,natural,firm,20260810_133647,False
2767523,0.0156,0.0273,0.9048,2767.523,500000,0.0,0.0,-0.0038999999999999035,0.0038999999999999035,tap3,natural,firm,20260810_133647,False
2770026,0.0195,0.0312,0.9087,2770.026,500000,0.0039000000000000007,0.0038999999999999972,0.0,0.0055154328932550695,tap3,natural,firm,20260810_133647,False
2772508,0.0117,0.0234,0.9087,2772.508,500000,-0.003899999999999999,-0.0039000000000000007,0.0,0.00551543289325507,tap3,natural,firm,20260810_133647,False
2775014,0.0117,0.0234,0.9087,2775.014,500000,-0.003899999999999999,-0.0039000000000000007,0.0,0.00551543289325507,tap3,natural,firm,20260810_133647,False
2777511,0.0156,0.0234,0.9126,2777.511,500000,0.0,-0.0039000000000000007,0.0039000000000000146,0.005515432893255082,tap3,natural,firm,20260810_133647,False
2780002,0.0156,0.0312,0.9165,2780.002,500000,0.0,0.0038999999999999972,0.007800000000000029,0.008720665112249205,tap3,natural,firm,20260810_133647,False
2782528,0.0195,0.0312,0.9204,2782.528,500000,0.0039000000000000007,0.0038999999999999972,0.011700000000000044,0.012934836682386099,tap3,natural,firm,20260810_133647,False
2785003,0.0117,0.0312,0.9126,2785.003,500000,-0.003899999999999999,0.0038999999999999972,0.0039000000000000146,0.006754998149518627,tap3,natural,firm,20260810_133647,False
2787523,0.0117,0.0312,0.9009,2787.523,500000,-0.003899999999999999,0.0038999999999999972,-0.007799999999999918,0.009553009996854326,tap3,natural,firm,20260810_133647,False
2790012,0.0195,0.0234,0.9048,2790.012,500000,0.0039000000000000007,-0.0039000000000000007,-0.0038999999999999035,0.006754998149518567,tap3,natural,firm,20260810_133647,False
2792513,0.0156,0.0273,0.9087,2792.513,500000,0.0,0.0,0.0,0.0,tap3,natural,firm,20260810_133647,False
2795021,0.0195,0.0234,0.9165,2795.021,500000,0.0039000000000000007,-0.0039000000000000007,0.007800000000000029,0.00955300999685442,tap3,natural,firm,20260810_133647,False
2797500,0.0156,0.0234,0.9087,2797.5,500000,0.0,-0.0039000000000000007,0.0,0.0039000000000000007,tap3,natural,firm,20260810_133647,False
2800018,0.0195,0.0195,0.9087,2800.018,500000,0.0039000000000000007,-0.007800000000000001,0.0,0.008720665112249181,tap3,natural,firm,20260810_133647,False
2802516,0.0117,0.0312,0.9126,2802.516,500000,-0.003899999999999999,0.0038999999999999972,0.0039000000000000146,0.006754998149518627,tap3,natural,firm,20260810_133647,False
2805023,0.0195,0.0273,0.9126,2805.023,500000,0.0039000000000000007,0.0,0.0039000000000000146,0.005515432893255082,tap3,natural,firm,20260810_133647,False
2807506,0.0117,0.0234,0.9087,2807.506,500000,-0.003899999999999999,-0.0039000000000000007,0.0,0.00551543289325507,tap3,natural,firm,20260810_133647,False
2810025,0.0273,0.0273,0.9126,2810.025,500000,0.011700000000000002,0.0,0.0039000000000000146,0.012332882874656687,tap3,natural,firm,20260810_133647,False
2812528,0.0195,0.0273,0.9048,2812.528,500000,0.0039000000000000007,0.0,-0.0038999999999999035,0.005515432893255003,tap3,natural,firm,20260810_133647,False
2815002,0.0195,0.0234,0.9048,2815.002,500000,0.0039000000000000007,-0.0039000000000000007,-0.0038999999999999035,0.006754998149518567,tap3,natural,firm,20260810_133647,False
2817520,0.0117,0.0312,0.9126,2817.52,500000,-0.003899999999999999,0.0038999999999999972,0.0039000000000000146,0.006754998149518627,tap3,natural,firm,20260810_133647,False
2820009,0.0234,0.0195,0.9165,2820.009,500000,0.007800000000000001,-0.007800000000000001,0.007800000000000029,0.013509996299037262,tap3,natural,firm,20260810_133647,False
2822510,0.0117,0.0351,0.9165,2822.51,500000,-0.003899999999999999,0.007799999999999998,0.007800000000000029,0.011700000000000018,tap3,natural,firm,20260810_133647,False
2825014,0.0156,0.0273,0.9087,2825.014,500000,0.0,0.0,0.0,0.0,tap3,natural,firm,20260810_133647,False
2827529,0.0195,0.0273,0.9126,2827.529,500000,0.0039000000000000007,0.0,0.0039000000000000146,0.005515432893255082,tap3,natural,firm,20260810_133647,False
2830020,0.0195,0.0273,0.9087,2830.02,500000,0.0039000000000000007,0.0,0.0,0.0039000000000000007,tap3,natural,firm,20260810_133647,False
2832526,0.0156,0.0273,0.9126,2832.526,500000,0.0,0.0,0.0039000000000000146,0.0039000000000000146,tap3,natural,firm,20260810_133647,False
2835028,0.0156,0.0234,0.9126,2835.028,500000,0.0,-0.0039000000000000007,0.0039000000000000146,0.005515432893255082,tap3,natural,firm,20260810_133647,False
2837520,0.0195,0.0234,0.9087,2837.52,500000,0.0039000000000000007,-0.0039000000000000007,0.0,0.005515432893255071,tap3,natural,firm,20260810_133647,False
2840011,0.0195,0.0234,0.9204,2840.011,500000,0.0039000000000000007,-0.0039000000000000007,0.011700000000000044,0.012934836682386099,tap3,natural,firm,20260810_133647,False
2842512,0.0156,0.0195,0.9009,2842.512,500000,0.0,-0.007800000000000001,-0.007799999999999918,0.011030865786510084,tap3,natural,firm,20260810_133647,False
2845001,0.0117,0.0273,0.9009,2845.001,500000,-0.003899999999999999,0.0,-0.007799999999999918,0.008720665112249105,tap3,natural,firm,20260810_133647,False
2847501,0.0117,0.0273,0.9009,2847.501,500000,-0.003899999999999999,0.0,-0.007799999999999918,0.008720665112249105,tap3,natural,firm,20260810_133647,False
2850020,0.0156,0.0234,0.9126,2850.02,500000,0.0,-0.0039000000000000007,0.0039000000000000146,0.005515432893255082,tap3,natural,firm,20260810_133647,False
2852518,0.0117,0.0273,0.9165,2852.518,500000,-0.003899999999999999,0.0,0.007800000000000029,0.008720665112249205,tap3,natural,firm,20260810_133647,False
2855020,0.0117,0.0273,0.9087,2855.02,500000,-0.003899999999999999,0.0,0.0,0.003899999999999999,tap3,natural,firm,20260810_133647,False
2857505,0.0156,0.0351,0.9087,2857.505,500000,0.0,0.007799999999999998,0.0,0.007799999999999998,tap3,natural,firm,20260810_133647,False
2860023,0.0195,0.0234,0.9204,2860.023,500000,0.0039000000000000007,-0.0039000000000000007,0.011700000000000044,0.012934836682386099,tap3,natural,firm,20260810_133647,False
2862526,0.0195,0.0273,0.9087,2862.526,500000,0.0039000000000000007,0.0,0.0,0.0039000000000000007,tap3,natural,firm,20260810_133647,False
2865028,0.0156,0.0273,0.9165,2865.028,500000,0.0,0.0,0.007800000000000029,0.007800000000000029,tap3,natural,firm,20260810_133647,False
2867515,0.0156,0.0273,0.9126,2867.515,500000,0.0,0.0,0.0039000000000000146,0.0039000000000000146,tap3,natural,firm,20260810_133647,False
2870015,0.0156,0.0234,0.9126,2870.015,500000,0.0,-0.0039000000000000007,0.0039000000000000146,0.005515432893255082,tap3,natural,firm,20260810_133647,False
2872523,0.0078,0.039,0.9126,2872.523,500000,-0.0078,0.011699999999999999,0.0039000000000000146,0.014592463808418374,tap3,natural,firm,20260810_133647,False
2875000,0.0078,0.0273,0.9126,2875.0,500000,-0.0078,0.0,0.0039000000000000146,0.008720665112249186,tap3,natural,firm,20260810_133647,False
2877509,0.0117,0.0234,0.9126,2877.509,500000,-0.003899999999999999,-0.0039000000000000007,0.0039000000000000146,0.00675499814951863,tap3,natural,firm,20260810_133647,False
2880024,0.0117,0.0234,0.9126,2880.024,500000,-0.003899999999999999,-0.0039000000000000007,0.0039000000000000146,0.00675499814951863,tap3,natural,firm,20260810_133647,False
2882529,0.0156,0.0312,0.9165,2882.529,500000,0.0,0.0038999999999999972,0.007800000000000029,0.008720665112249205,tap3,natural,firm,20260810_133647,False
2885002,0.0156,0.0351,0.9087,2885.002,500000,0.0,0.007799999999999998,0.0,0.007799999999999998,tap3,natural,firm,20260810_133647,False
2887513,0.0156,0.0351,0.9048,2887.513,500000,0.0,0.007799999999999998,-0.0038999999999999035,0.008720665112249134,tap3,natural,firm,20260810_133647,False
2890002,0.0195,0.0273,0.9048,2890.002,500000,0.0039000000000000007,0.0,-0.0038999999999999035,0.005515432893255003,tap3,natural,firm,20260810_133647,False
2892502,0.0195,0.0312,0.9087,2892.502,500000,0.0039000000000000007,0.0038999999999999972,0.0,0.0055154328932550695,tap3,natural,firm,20260810_133647,False
2895009,0.0195,0.0312,0.9204,2895.009,500000,0.0039000000000000007,0.0038999999999999972,0.011700000000000044,0.012934836682386099,tap3,natural,firm,20260810_133647,False
2897522,0.0234,0.0234,0.9126,2897.522,500000,0.007800000000000001,-0.0039000000000000007,0.0039000000000000146,0.009553009996854402,tap3,natural,firm,20260810_133647,False
2900016,0.0195,0.0156,0.9243,2900.016,500000,0.0039000000000000007,-0.011700000000000002,0.015600000000000058,0.019886176103011906,tap3,natural,firm,20260810_133647,False
2902513,0.0156,0.0234,0.9165,2902.513,500000,0.0,-0.0039000000000000007,0.007800000000000029,0.008720665112249207,tap3,natural,firm,20260810_133647,False
2905019,0.0234,0.0351,0.9126,2905.019,500000,0.007800000000000001,0.007799999999999998,0.0039000000000000146,0.011700000000000004,tap3,natural,firm,20260810_133647,False
2907503,0.0195,0.0273,0.9126,2907.503,500000,0.0039000000000000007,0.0,0.0039000000000000146,0.005515432893255082,tap3,natural,firm,20260810_133647,False
2910008,0.0117,0.0273,0.9126,2910.008,500000,-0.003899999999999999,0.0,0.0039000000000000146,0.00551543289325508,tap3,natural,firm,20260810_133647,False
2912512,0.0156,0.0312,0.9126,2912.512,500000,0.0,0.0038999999999999972,0.0039000000000000146,0.005515432893255079,tap3,natural,firm,20260810_133647,False
2915018,0.0156,0.0234,0.9048,2915.018,500000,0.0,-0.0039000000000000007,-0.0038999999999999035,0.005515432893255003,tap3,natural,firm,20260810_133647,False
2917506,0.0156,0.0195,0.9009,2917.506,500000,0.0,-0.007800000000000001,-0.007799999999999918,0.011030865786510084,tap3,natural,firm,20260810_133647,False
2920025,0.0195,0.0273,0.9087,2920.025,500000,0.0039000000000000007,0.0,0.0,0.0039000000000000007,tap3,natural,firm,20260810_133647,False
2922528,0.0234,0.0312,0.9165,2922.528,500000,0.007800000000000001,0.0038999999999999972,0.007800000000000029,0.01170000000000002,tap3,natural,firm,20260810_133647,False
2925002,0.0117,0.0312,0.9087,2925.002,500000,-0.003899999999999999,0.0038999999999999972,0.0,0.005515432893255068,tap3,natural,firm,20260810_133647,False
2927511,0.0156,0.0273,0.9087,2927.511,500000,0.0,0.0,0.0,0.0,tap3,natural,firm,20260810_133647,False
2930027,0.0117,0.0273,0.9087,2930.027,500000,-0.003899999999999999,0.0,0.0,0.003899999999999999,tap3,natural,firm,20260810_133647,False
2932507,0.0156,0.0312,0.9126,2932.507,500000,0.0,0.0038999999999999972,0.0039000000000000146,0.005515432893255079,tap3,natural,firm,20260810_133647,False
2935010,0.0156,0.0312,0.9126,2935.01,500000,0.0,0.0038999999999999972,0.0039000000000000146,0.005515432893255079,tap3,natural,firm,20260810_133647,False
2937527,0.0156,0.0312,0.9087,2937.527,500000,0.0,0.0038999999999999972,0.0,0.0038999999999999972,tap3,natural,firm,20260810_133647,False
2940002,0.0117,0.0234,0.9087,2940.002,500000,-0.003899999999999999,-0.0039000000000000007,0.0,0.00551543289325507,tap3,natural,firm,20260810_133647,False
2942503,0.0156,0.0273,0.9087,2942.503,500000,0.0,0.0,0.0,0.0,tap3,natural,firm,20260810_133647,False
2945005,0.0156,0.0234,0.9087,2945.005,500000,0.0,-0.0039000000000000007,0.0,0.0039000000000000007,tap3,natural,firm,20260810_133647,False
2947518,0.0195,0.0234,0.9126,2947.518,500000,0.0039000000000000007,-0.0039000000000000007,0.0039000000000000146,0.006754998149518631,tap3,natural,firm,20260810_133647,False
2950009,0.0195,0.0273,0.9048,2950.009,500000,0.0039000000000000007,0.0,-0.0038999999999999035,0.005515432893255003,tap3,natural,firm,20260810_133647,False
2952508,0.0156,0.0312,0.9048,2952.508,500000,0.0,0.0038999999999999972,-0.0038999999999999035,0.005515432893255,tap3,natural,firm,20260810_133647,False
2955013,0.0156,0.0234,0.9165,2955.013,500000,0.0,-0.0039000000000000007,0.007800000000000029,0.008720665112249207,tap3,natural,firm,20260810_133647,False
2957526,0.0156,0.0234,0.9165,2957.526,500000,0.0,-0.0039000000000000007,0.007800000000000029,0.008720665112249207,tap3,natural,firm,20260810_133647,False
2960021,0.0156,0.0312,0.9087,2960.021,500000,0.0,0.0038999999999999972,0.0,0.0038999999999999972,tap3,natural,firm,20260810_133647,False
2962520,0.0195,0.0312,0.9009,2962.52,500000,0.0039000000000000007,0.0038999999999999972,-0.007799999999999918,0.009553009996854326,tap3,natural,firm,20260810_133647,False
2965024,0.0156,0.0312,0.9165,2965.024,500000,0.0,0.0038999999999999972,0.007800000000000029,0.008720665112249205,tap3,natural,firm,20260810_133647,False
2967514,0.0195,0.0312,0.9087,2967.514,500000,0.0039000000000000007,0.0038999999999999972,0.0,0.0055154328932550695,tap3,natural,firm,20260810_133647,False
2970010,0.0195,0.0234,0.9048,2970.01,500000,0.0039000000000000007,-0.0039000000000000007,-0.0038999999999999035,0.006754998149518567,tap3,natural,firm,20260810_133647,False
2972520,0.0117,0.0234,0.9126,2972.52,500000,-0.003899999999999999,-0.0039000000000000007,0.0039000000000000146,0.00675499814951863,tap3,natural,firm,20260810_133647,False
2975009,0.0117,0.0273,0.9087,2975.009,500000,-0.003899999999999999,0.0,0.0,0.003899999999999999,tap3,natural,firm,20260810_133647,False
2977502,0.0117,0.0273,0.9165,2977.502,500000,-0.003899999999999999,0.0,0.007800000000000029,0.008720665112249205,tap3,natural,firm,20260810_133647,False
2980027,0.0156,0.0234,0.9243,2980.027,500000,0.0,-0.0039000000000000007,0.015600000000000058,0.016080111939908933,tap3,natural,firm,20260810_133647,False
2982529,0.0234,0.0195,0.9087,2982.529,500000,0.007800000000000001,-0.007800000000000001,0.0,0.011030865786510143,tap3,natural,firm,20260810_133647,False
2985001,0.0234,0.0195,0.9087,2985.001,500000,0.007800000000000001,-0.007800000000000001,0.0,0.011030865786510143,tap3,natural,firm,20260810_133647,False
2987510,0.0156,0.0273,0.9126,2987.51,500000,0.0,0.0,0.0039000000000000146,0.0039000000000000146,tap3,natural,firm,20260810_133647,False
2990001,0.0195,0.0312,0.9087,2990.001,500000,0.0039000000000000007,0.0038999999999999972,0.0,0.0055154328932550695,tap3,natural,firm,20260810_133647,False
2992508,0.0117,0.0351,0.9126,2992.508,500000,-0.003899999999999999,0.007799999999999998,0.0039000000000000146,0.009553009996854399,tap3,natural,firm,20260810_133647,False
2995015,0.0312,0.0195,0.9165,2995.015,500000,0.0156,-0.007800000000000001,0.007800000000000029,0.0191060199937088,tap3,natural,firm,20260810_133647,False
2997529,0.0117,0.0273,0.9048,2997.529,500000,-0.003899999999999999,0.0,-0.0038999999999999035,0.005515432893255002,tap3,natural,firm,20260810_133647,False
