time_us,x_g,y_g,z_g,time_ms,cue_time_us,x_delta_g,y_delta_g,z_delta_g,dynamic_magnitude_g,label,requested_pace,requested_force,session_id,operator_accepted
20713,0.0156,0.0312,0.9087,20.713,500000,0.003899999999999999,0.0,0.0,0.003899999999999999,tap3,fast,light,20260810_133647,False
21160,0.0156,0.0312,0.9087,21.16,500000,0.003899999999999999,0.0,0.0,0.003899999999999999,tap3,fast,light,20260810_133647,False
21556,0.0156,0.0312,0.9087,21.556,500000,0.003899999999999999,0.0,0.0,0.003899999999999999,tap3,fast,light,20260810_133647,False
21967,0.0156,0.0312,0.9087,21.967,500000,0.003899999999999999,0.0,0.0,0.003899999999999999,tap3,fast,light,20260810_133647,False
22368,0.0156,0.0312,0.9087,22.368,500000,0.003899999999999999,0.0,0.0,0.003899999999999999,tap3,fast,light,20260810_133647,False
22827,0.0195,0.0351,0.9087,22.827,500000,0.0078,0.0039000000000000007,0.0,0.00872066511224918,tap3,fast,light,20260810_133647,False
23227,0.0195,0.0351,0.9087,23.227,500000,0.0078,0.0039000000000000007,0.0,0.00872066511224918,tap3,fast,light,20260810_133647,False
23634,0.0195,0.0351,0.9087,23.634,500000,0.0078,0.0039000000000000007,0.0,0.00872066511224918,tap3,fast,light,20260810_133647,False
24040,0.0195,0.0351,0.9087,24.04,500000,0.0078,0.0039000000000000007,0.0,0.00872066511224918,tap3,fast,light,20260810_133647,False
24445,0.0195,0.0351,0.9087,24.445,500000,0.0078,0.0039000000000000007,0.0,0.00872066511224918,tap3,fast,light,20260810_133647,False
25012,0.0195,0.0351,0.9087,25.012,500000,0.0078,0.0039000000000000007,0.0,0.00872066511224918,tap3,fast,light,20260810_133647,False
27504,0.0156,0.0429,0.9048,27.504,500000,0.003899999999999999,0.011700000000000002,-0.0038999999999999035,0.012934836682386031,tap3,fast,light,20260810_133647,False
30011,0.0117,0.0312,0.9009,30.011,500000,0.0,0.0,-0.007799999999999918,0.007799999999999918,tap3,fast,light,20260810_133647,False
32502,0.0078,0.0273,0.9126,32.502,500000,-0.0039000000000000007,-0.0038999999999999972,0.0039000000000000146,0.006754998149518628,tap3,fast,light,20260810_133647,False
35008,0.0156,0.0273,0.9126,35.008,500000,0.003899999999999999,-0.0038999999999999972,0.0039000000000000146,0.006754998149518627,tap3,fast,light,20260810_133647,False
37508,0.0156,0.0234,0.9165,37.508,500000,0.003899999999999999,-0.007799999999999998,0.007800000000000029,0.011700000000000018,tap3,fast,light,20260810_133647,False
40014,0.0234,0.0351,0.9009,40.014,500000,0.0117,0.0039000000000000007,-0.007799999999999918,0.014592463808418327,tap3,fast,light,20260810_133647,False
42501,0.0156,0.0273,0.9087,42.501,500000,0.003899999999999999,-0.0038999999999999972,0.0,0.005515432893255068,tap3,fast,light,20260810_133647,False
45004,0.0156,0.0312,0.9165,45.004,500000,0.003899999999999999,0.0,0.007800000000000029,0.008720665112249205,tap3,fast,light,20260810_133647,False
47506,0.0117,0.0273,0.9009,47.506,500000,0.0,-0.0038999999999999972,-0.007799999999999918,0.008720665112249105,tap3,fast,light,20260810_133647,False
50019,0.0156,0.0234,0.9087,50.019,500000,0.003899999999999999,-0.007799999999999998,0.0,0.008720665112249178,tap3,fast,light,20260810_133647,False
52506,0.0117,0.0273,0.9165,52.506,500000,0.0,-0.0038999999999999972,0.007800000000000029,0.008720665112249205,tap3,fast,light,20260810_133647,False
55011,0.0117,0.0351,0.9048,55.011,500000,0.0,0.0039000000000000007,-0.0038999999999999035,0.005515432893255003,tap3,fast,light,20260810_133647,False
57510,0.0156,0.0351,0.9087,57.51,500000,0.003899999999999999,0.0039000000000000007,0.0,0.00551543289325507,tap3,fast,light,20260810_133647,False
60003,0.0156,0.0273,0.9087,60.003,500000,0.003899999999999999,-0.0038999999999999972,0.0,0.005515432893255068,tap3,fast,light,20260810_133647,False
62521,0.0117,0.0273,0.9048,62.521,500000,0.0,-0.0038999999999999972,-0.0038999999999999035,0.005515432893255,tap3,fast,light,20260810_133647,False
65025,0.0078,0.0312,0.9048,65.025,500000,-0.0039000000000000007,0.0,-0.0038999999999999035,0.005515432893255003,tap3,fast,light,20260810_133647,False
67526,0.0117,0.0351,0.9048,67.526,500000,0.0,0.0039000000000000007,-0.0038999999999999035,0.005515432893255003,tap3,fast,light,20260810_133647,False
70013,0.0195,0.0312,0.9048,70.013,500000,0.0078,0.0,-0.0038999999999999035,0.008720665112249136,tap3,fast,light,20260810_133647,False
72529,0.0156,0.0273,0.9243,72.529,500000,0.003899999999999999,-0.0038999999999999972,0.015600000000000058,0.016546298679765266,tap3,fast,light,20260810_133647,False
75002,0.0117,0.0234,0.9087,75.002,500000,0.0,-0.007799999999999998,0.0,0.007799999999999998,tap3,fast,light,20260810_133647,False
77530,0.0156,0.0234,0.9009,77.53,500000,0.003899999999999999,-0.007799999999999998,-0.007799999999999918,0.011699999999999943,tap3,fast,light,20260810_133647,False
80017,0.0117,0.0312,0.897,80.017,500000,0.0,0.0,-0.011699999999999933,0.011699999999999933,tap3,fast,light,20260810_133647,False
82504,0.0156,0.0312,0.9126,82.504,500000,0.003899999999999999,0.0,0.0039000000000000146,0.00551543289325508,tap3,fast,light,20260810_133647,False
85012,0.0234,0.0312,0.9165,85.012,500000,0.0117,0.0,0.007800000000000029,0.014061649974309575,tap3,fast,light,20260810_133647,False
87514,0.0156,0.0312,0.9126,87.514,500000,0.003899999999999999,0.0,0.0039000000000000146,0.00551543289325508,tap3,fast,light,20260810_133647,False
90002,0.0117,0.0312,0.9048,90.002,500000,0.0,0.0,-0.0038999999999999035,0.0038999999999999035,tap3,fast,light,20260810_133647,False
92504,0.0117,0.0312,0.9087,92.504,500000,0.0,0.0,0.0,0.0,tap3,fast,light,20260810_133647,False
95014,0.0234,0.0273,0.9087,95.014,500000,0.0117,-0.0038999999999999972,0.0,0.012332882874656679,tap3,fast,light,20260810_133647,False
97512,0.0117,0.0351,0.9126,97.512,500000,0.0,0.0039000000000000007,0.0039000000000000146,0.005515432893255082,tap3,fast,light,20260810_133647,False
100001,0.0117,0.0312,0.9087,100.001,500000,0.0,0.0,0.0,0.0,tap3,fast,light,20260810_133647,False
102518,0.0117,0.0312,0.9087,102.518,500000,0.0,0.0,0.0,0.0,tap3,fast,light,20260810_133647,False
105021,0.0078,0.0312,0.9048,105.021,500000,-0.0039000000000000007,0.0,-0.0038999999999999035,0.005515432893255003,tap3,fast,light,20260810_133647,False
107522,0.0156,0.0273,0.9087,107.522,500000,0.003899999999999999,-0.0038999999999999972,0.0,0.005515432893255068,tap3,fast,light,20260810_133647,False
110011,0.0117,0.0273,0.9126,110.011,500000,0.0,-0.0038999999999999972,0.0039000000000000146,0.005515432893255079,tap3,fast,light,20260810_133647,False
112526,0.0195,0.0312,0.9165,112.526,500000,0.0078,0.0,0.007800000000000029,0.011030865786510162,tap3,fast,light,20260810_133647,False
115001,0.0039,0.0351,0.9087,115.001,500000,-0.0078000000000000005,0.0039000000000000007,0.0,0.00872066511224918,tap3,fast,light,20260810_133647,False
117503,0.0156,0.0273,0.9126,117.503,500000,0.003899999999999999,-0.0038999999999999972,0.0039000000000000146,0.006754998149518627,tap3,fast,light,20260810_133647,False
120024,0.0156,0.0273,0.9048,120.024,500000,0.003899999999999999,-0.0038999999999999972,-0.0038999999999999035,0.006754998149518563,tap3,fast,light,20260810_133647,False
122504,0.0117,0.0312,0.9087,122.504,500000,0.0,0.0,0.0,0.0,tap3,fast,light,20260810_133647,False
125019,0.0117,0.0312,0.9165,125.019,500000,0.0,0.0,0.007800000000000029,0.007800000000000029,tap3,fast,light,20260810_133647,False
127520,0.0117,0.0312,0.9165,127.52,500000,0.0,0.0,0.007800000000000029,0.007800000000000029,tap3,fast,light,20260810_133647,False
130013,0.0156,0.0273,0.9165,130.013,500000,0.003899999999999999,-0.0038999999999999972,0.007800000000000029,0.009553009996854416,tap3,fast,light,20260810_133647,False
132501,0.0117,0.0351,0.9126,132.501,500000,0.0,0.0039000000000000007,0.0039000000000000146,0.005515432893255082,tap3,fast,light,20260810_133647,False
135010,0.0078,0.0312,0.9087,135.01,500000,-0.0039000000000000007,0.0,0.0,0.0039000000000000007,tap3,fast,light,20260810_133647,False
137513,0.0117,0.0351,0.9204,137.513,500000,0.0,0.0039000000000000007,0.011700000000000044,0.012332882874656722,tap3,fast,light,20260810_133647,False
140025,0.0156,0.0234,0.9243,140.025,500000,0.003899999999999999,-0.007799999999999998,0.015600000000000058,0.017872045210327824,tap3,fast,light,20260810_133647,False
142509,0.0156,0.0273,0.9165,142.509,500000,0.003899999999999999,-0.0038999999999999972,0.007800000000000029,0.009553009996854416,tap3,fast,light,20260810_133647,False
145015,0.0078,0.0273,0.9009,145.015,500000,-0.0039000000000000007,-0.0038999999999999972,-0.007799999999999918,0.009553009996854326,tap3,fast,light,20260810_133647,False
147517,0.0117,0.0195,0.9126,147.517,500000,0.0,-0.011699999999999999,0.0039000000000000146,0.012332882874656684,tap3,fast,light,20260810_133647,False
150005,0.0156,0.0273,0.9165,150.005,500000,0.003899999999999999,-0.0038999999999999972,0.007800000000000029,0.009553009996854416,tap3,fast,light,20260810_133647,False
152522,0.0156,0.0234,0.9243,152.522,500000,0.003899999999999999,-0.007799999999999998,0.015600000000000058,0.017872045210327824,tap3,fast,light,20260810_133647,False
155025,0.0117,0.0312,0.9048,155.025,500000,0.0,0.0,-0.0038999999999999035,0.0038999999999999035,tap3,fast,light,20260810_133647,False
157511,0.0195,0.0195,0.9087,157.511,500000,0.0078,-0.011699999999999999,0.0,0.014061649974309557,tap3,fast,light,20260810_133647,False
160012,0.0117,0.0273,0.9087,160.012,500000,0.0,-0.0038999999999999972,0.0,0.0038999999999999972,tap3,fast,light,20260810_133647,False
162528,0.0195,0.0312,0.9048,162.528,500000,0.0078,0.0,-0.0038999999999999035,0.008720665112249136,tap3,fast,light,20260810_133647,False
165003,0.0156,0.0273,0.9126,165.003,500000,0.003899999999999999,-0.0038999999999999972,0.0039000000000000146,0.006754998149518627,tap3,fast,light,20260810_133647,False
167527,0.0117,0.0273,0.9126,167.527,500000,0.0,-0.0038999999999999972,0.0039000000000000146,0.005515432893255079,tap3,fast,light,20260810_133647,False
170014,0.0117,0.0312,0.9165,170.014,500000,0.0,0.0,0.007800000000000029,0.007800000000000029,tap3,fast,light,20260810_133647,False
172529,0.0156,0.0273,0.9165,172.529,500000,0.003899999999999999,-0.0038999999999999972,0.007800000000000029,0.009553009996854416,tap3,fast,light,20260810_133647,False
175004,0.0195,0.0273,0.9048,175.004,500000,0.0078,-0.0038999999999999972,-0.0038999999999999035,0.009553009996854354,tap3,fast,light,20260810_133647,False
177506,0.0195,0.0156,0.9009,177.506,500000,0.0078,-0.0156,-0.007799999999999918,0.019106019993708753,tap3,fast,light,20260810_133647,False
180028,0.0078,0.0351,0.9126,180.028,500000,-0.0039000000000000007,0.0039000000000000007,0.0039000000000000146,0.006754998149518631,tap3,fast,light,20260810_133647,False
182511,0.0117,0.0273,0.9126,182.511,500000,0.0,-0.0038999999999999972,0.0039000000000000146,0.005515432893255079,tap3,fast,light,20260810_133647,False
185017,0.0156,0.0312,0.9165,185.017,500000,0.003899999999999999,0.0,0.007800000000000029,0.008720665112249205,tap3,fast,light,20260810_133647,False
187519,0.0117,0.0351,0.9048,187.519,500000,0.0,0.0039000000000000007,-0.0038999999999999035,0.005515432893255003,tap3,fast,light,20260810_133647,False
190006,0.0078,0.0312,0.9048,190.006,500000,-0.0039000000000000007,0.0,-0.0038999999999999035,0.005515432893255003,tap3,fast,light,20260810_133647,False
192524,0.0078,0.039,0.9048,192.524,500000,-0.0039000000000000007,0.007800000000000001,-0.0038999999999999035,0.009553009996854357,tap3,fast,light,20260810_133647,False
195022,0.0195,0.0312,0.9048,195.022,500000,0.0078,0.0,-0.0038999999999999035,0.008720665112249136,tap3,fast,light,20260810_133647,False
197520,0.0195,0.0234,0.9165,197.52,500000,0.0078,-0.007799999999999998,0.007800000000000029,0.013509996299037258,tap3,fast,light,20260810_133647,False
200005,0.0156,0.0312,0.9087,200.005,500000,0.003899999999999999,0.0,0.0,0.003899999999999999,tap3,fast,light,20260810_133647,False
202522,0.0195,0.0351,0.9165,202.522,500000,0.0078,0.0039000000000000007,0.007800000000000029,0.01170000000000002,tap3,fast,light,20260810_133647,False
205021,0.0078,0.0351,0.9126,205.021,500000,-0.0039000000000000007,0.0039000000000000007,0.0039000000000000146,0.006754998149518631,tap3,fast,light,20260810_133647,False
207520,0.0039,0.0312,0.9204,207.52,500000,-0.0078000000000000005,0.0,0.011700000000000044,0.014061649974309596,tap3,fast,light,20260810_133647,False
210007,0.0195,0.0234,0.9048,210.007,500000,0.0078,-0.007799999999999998,-0.0038999999999999035,0.011699999999999966,tap3,fast,light,20260810_133647,False
212523,0.0117,0.0351,0.9048,212.523,500000,0.0,0.0039000000000000007,-0.0038999999999999035,0.005515432893255003,tap3,fast,light,20260810_133647,False
215021,0.0156,0.0351,0.9126,215.021,500000,0.003899999999999999,0.0039000000000000007,0.0039000000000000146,0.00675499814951863,tap3,fast,light,20260810_133647,False
217523,0.0156,0.0273,0.9087,217.523,500000,0.003899999999999999,-0.0038999999999999972,0.0,0.005515432893255068,tap3,fast,light,20260810_133647,False
220008,0.0117,0.0351,0.9048,220.008,500000,0.0,0.0039000000000000007,-0.0038999999999999035,0.005515432893255003,tap3,fast,light,20260810_133647,False
222527,0.0156,0.0273,0.9126,222.527,500000,0.003899999999999999,-0.0038999999999999972,0.0039000000000000146,0.006754998149518627,tap3,fast,light,20260810_133647,False
225013,0.0117,0.0351,0.9048,225.013,500000,0.0,0.0039000000000000007,-0.0038999999999999035,0.005515432893255003,tap3,fast,light,20260810_133647,False
227524,0.0117,0.0312,0.9165,227.524,500000,0.0,0.0,0.007800000000000029,0.007800000000000029,tap3,fast,light,20260810_133647,False
230019,0.0078,0.0351,0.9165,230.019,500000,-0.0039000000000000007,0.0039000000000000007,0.007800000000000029,0.00955300999685442,tap3,fast,light,20260810_133647,False
232501,0.0078,0.0351,0.9165,232.501,500000,-0.0039000000000000007,0.0039000000000000007,0.007800000000000029,0.00955300999685442,tap3,fast,light,20260810_133647,False
235013,0.0039,0.0312,0.9126,235.013,500000,-0.0078000000000000005,0.0,0.0039000000000000146,0.008720665112249186,tap3,fast,light,20260810_133647,False
237515,0.0117,0.0312,0.9087,237.515,500000,0.0,0.0,0.0,0.0,tap3,fast,light,20260810_133647,False
240019,0.0117,0.0351,0.9048,240.019,500000,0.0,0.0039000000000000007,-0.0038999999999999035,0.005515432893255003,tap3,fast,light,20260810_133647,False
242509,0.0117,0.0351,0.9087,242.509,500000,0.0,0.0039000000000000007,0.0,0.0039000000000000007,tap3,fast,light,20260810_133647,False
245010,0.0195,0.0273,0.9048,245.01,500000,0.0078,-0.0038999999999999972,-0.0038999999999999035,0.009553009996854354,tap3,fast,light,20260810_133647,False
247507,0.0078,0.0312,0.9087,247.507,500000,-0.0039000000000000007,0.0,0.0,0.0039000000000000007,tap3,fast,light,20260810_133647,False
250019,0.0156,0.0312,0.9126,250.019,500000,0.003899999999999999,0.0,0.0039000000000000146,0.00551543289325508,tap3,fast,light,20260810_133647,False
252505,0.0195,0.0273,0.9126,252.505,500000,0.0078,-0.0038999999999999972,0.0039000000000000146,0.0095530099968544,tap3,fast,light,20260810_133647,False
255008,0.0234,0.0351,0.9165,255.008,500000,0.0117,0.0039000000000000007,0.007800000000000029,0.014592463808418388,tap3,fast,light,20260810_133647,False
257505,0.0117,0.0273,0.9048,257.505,500000,0.0,-0.0038999999999999972,-0.0038999999999999035,0.005515432893255,tap3,fast,light,20260810_133647,False
260026,0.0039,0.0312,0.9087,260.026,500000,-0.0078000000000000005,0.0,0.0,0.0078000000000000005,tap3,fast,light,20260810_133647,False
262509,0.0195,0.0273,0.9087,262.509,500000,0.0078,-0.0038999999999999972,0.0,0.00872066511224918,tap3,fast,light,20260810_133647,False
265013,0.0078,0.0273,0.9048,265.013,500000,-0.0039000000000000007,-0.0038999999999999972,-0.0038999999999999035,0.006754998149518564,tap3,fast,light,20260810_133647,False
267516,0.0117,0.0273,0.9048,267.516,500000,0.0,-0.0038999999999999972,-0.0038999999999999035,0.005515432893255,tap3,fast,light,20260810_133647,False
270007,0.0156,0.0273,0.9126,270.007,500000,0.003899999999999999,-0.0038999999999999972,0.0039000000000000146,0.006754998149518627,tap3,fast,light,20260810_133647,False
272524,0.0156,0.0273,0.9087,272.524,500000,0.003899999999999999,-0.0038999999999999972,0.0,0.005515432893255068,tap3,fast,light,20260810_133647,False
275027,0.0156,0.0351,0.9165,275.027,500000,0.003899999999999999,0.0039000000000000007,0.007800000000000029,0.009553009996854418,tap3,fast,light,20260810_133647,False
277504,0.0195,0.0273,0.9048,277.504,500000,0.0078,-0.0038999999999999972,-0.0038999999999999035,0.009553009996854354,tap3,fast,light,20260810_133647,False
280019,0.0156,0.0273,0.9126,280.019,500000,0.003899999999999999,-0.0038999999999999972,0.0039000000000000146,0.006754998149518627,tap3,fast,light,20260810_133647,False
282511,0.0117,0.0234,0.9087,282.511,500000,0.0,-0.007799999999999998,0.0,0.007799999999999998,tap3,fast,light,20260810_133647,False
285025,0.0039,0.0273,0.8892,285.025,500000,-0.0078000000000000005,-0.0038999999999999972,-0.019499999999999962,0.021361179742701443,tap3,fast,light,20260810_133647,False
287528,0.0156,0.0273,0.9009,287.528,500000,0.003899999999999999,-0.0038999999999999972,-0.007799999999999918,0.009553009996854326,tap3,fast,light,20260810_133647,False
290027,0.0117,0.0273,0.9126,290.027,500000,0.0,-0.0038999999999999972,0.0039000000000000146,0.005515432893255079,tap3,fast,light,20260810_133647,False
292511,0.0117,0.0195,0.9009,292.511,500000,0.0,-0.011699999999999999,-0.007799999999999918,0.014061649974309512,tap3,fast,light,20260810_133647,False
295015,0.0195,0.0273,0.9165,295.015,500000,0.0078,-0.0038999999999999972,0.007800000000000029,0.011700000000000018,tap3,fast,light,20260810_133647,False
297513,0.0195,0.0273,0.9087,297.513,500000,0.0078,-0.0038999999999999972,0.0,0.00872066511224918,tap3,fast,light,20260810_133647,False
300003,0.0156,0.0195,0.9048,300.003,500000,0.003899999999999999,-0.011699999999999999,-0.0038999999999999035,0.01293483668238603,tap3,fast,light,20260810_133647,False
302521,0.0117,0.0351,0.9087,302.521,500000,0.0,0.0039000000000000007,0.0,0.0039000000000000007,tap3,fast,light,20260810_133647,False
305023,0.0117,0.0234,0.9126,305.023,500000,0.0,-0.007799999999999998,0.0039000000000000146,0.008720665112249185,tap3,fast,light,20260810_133647,False
307518,0.0117,0.0273,0.9087,307.518,500000,0.0,-0.0038999999999999972,0.0,0.0038999999999999972,tap3,fast,light,20260810_133647,False
310011,0.0117,0.0312,0.9087,310.011,500000,0.0,0.0,0.0,0.0,tap3,fast,light,20260810_133647,False
312520,0.0117,0.0273,0.9126,312.52,500000,0.0,-0.0038999999999999972,0.0039000000000000146,0.005515432893255079,tap3,fast,light,20260810_133647,False
315024,0.0156,0.0273,0.9087,315.024,500000,0.003899999999999999,-0.0038999999999999972,0.0,0.005515432893255068,tap3,fast,light,20260810_133647,False
317525,0.0195,0.0234,0.9048,317.525,500000,0.0078,-0.007799999999999998,-0.0038999999999999035,0.011699999999999966,tap3,fast,light,20260810_133647,False
320011,0.0078,0.0312,0.9087,320.011,500000,-0.0039000000000000007,0.0,0.0,0.0039000000000000007,tap3,fast,light,20260810_133647,False
322526,0.0117,0.0312,0.9126,322.526,500000,0.0,0.0,0.0039000000000000146,0.0039000000000000146,tap3,fast,light,20260810_133647,False
325029,0.0117,0.0273,0.9126,325.029,500000,0.0,-0.0038999999999999972,0.0039000000000000146,0.005515432893255079,tap3,fast,light,20260810_133647,False
327506,0.0117,0.0273,0.9048,327.506,500000,0.0,-0.0038999999999999972,-0.0038999999999999035,0.005515432893255,tap3,fast,light,20260810_133647,False
330029,0.0156,0.0312,0.9048,330.029,500000,0.003899999999999999,0.0,-0.0038999999999999035,0.005515432893255002,tap3,fast,light,20260810_133647,False
332519,0.0078,0.0312,0.9126,332.519,500000,-0.0039000000000000007,0.0,0.0039000000000000146,0.005515432893255082,tap3,fast,light,20260810_133647,False
335027,0.0117,0.0312,0.9087,335.027,500000,0.0,0.0,0.0,0.0,tap3,fast,light,20260810_133647,False
337501,0.0117,0.0312,0.9087,337.501,500000,0.0,0.0,0.0,0.0,tap3,fast,light,20260810_133647,False
340007,0.0195,0.0351,0.9048,340.007,500000,0.0078,0.0039000000000000007,-0.0038999999999999035,0.009553009996854355,tap3,fast,light,20260810_133647,False
342521,0.0117,0.0234,0.9126,342.521,500000,0.0,-0.007799999999999998,0.0039000000000000146,0.008720665112249185,tap3,fast,light,20260810_133647,False
345025,0.0117,0.0351,0.9009,345.025,500000,0.0,0.0039000000000000007,-0.007799999999999918,0.008720665112249107,tap3,fast,light,20260810_133647,False
347522,0.0195,0.0273,0.9165,347.522,500000,0.0078,-0.0038999999999999972,0.007800000000000029,0.011700000000000018,tap3,fast,light,20260810_133647,False
350011,0.0078,0.0351,0.9048,350.011,500000,-0.0039000000000000007,0.0039000000000000007,-0.0038999999999999035,0.006754998149518567,tap3,fast,light,20260810_133647,False
352528,0.0117,0.0195,0.9087,352.528,500000,0.0,-0.011699999999999999,0.0,0.011699999999999999,tap3,fast,light,20260810_133647,False
355005,0.0078,0.0273,0.9048,355.005,500000,-0.0039000000000000007,-0.0038999999999999972,-0.0038999999999999035,0.006754998149518564,tap3,fast,light,20260810_133647,False
357509,0.0078,0.0351,0.9282,357.509,500000,-0.0039000000000000007,0.0039000000000000007,0.019500000000000073,0.020264994448555933,tap3,fast,light,20260810_133647,False
360000,0.0117,0.0312,0.9048,360.0,500000,0.0,0.0,-0.0038999999999999035,0.0038999999999999035,tap3,fast,light,20260810_133647,False
362518,0.0195,0.0273,0.9165,362.518,500000,0.0078,-0.0038999999999999972,0.007800000000000029,0.011700000000000018,tap3,fast,light,20260810_133647,False
365022,0.0078,0.0273,0.9126,365.022,500000,-0.0039000000000000007,-0.0038999999999999972,0.0039000000000000146,0.006754998149518628,tap3,fast,light,20260810_133647,False
367523,0.0156,0.0312,0.9087,367.523,500000,0.003899999999999999,0.0,0.0,0.003899999999999999,tap3,fast,light,20260810_133647,False
370009,0.0195,0.0273,0.9009,370.009,500000,0.0078,-0.0038999999999999972,-0.007799999999999918,0.011699999999999945,tap3,fast,light,20260810_133647,False
372520,0.0117,0.0273,0.9126,372.52,500000,0.0,-0.0038999999999999972,0.0039000000000000146,0.005515432893255079,tap3,fast,light,20260810_133647,False
375023,0.0078,0.0351,0.9048,375.023,500000,-0.0039000000000000007,0.0039000000000000007,-0.0038999999999999035,0.006754998149518567,tap3,fast,light,20260810_133647,False
377500,0.0117,0.0351,0.9087,377.5,500000,0.0,0.0039000000000000007,0.0,0.0039000000000000007,tap3,fast,light,20260810_133647,False
380017,0.0078,0.0351,0.9243,380.017,500000,-0.0039000000000000007,0.0039000000000000007,0.015600000000000058,0.01654629867976527,tap3,fast,light,20260810_133647,False
382529,0.0117,0.0234,0.9087,382.529,500000,0.0,-0.007799999999999998,0.0,0.007799999999999998,tap3,fast,light,20260810_133647,False
385007,0.0156,0.0312,0.9126,385.007,500000,0.003899999999999999,0.0,0.0039000000000000146,0.00551543289325508,tap3,fast,light,20260810_133647,False
387505,0.0195,0.0312,0.9087,387.505,500000,0.0078,0.0,0.0,0.0078,tap3,fast,light,20260810_133647,False
390026,0.0117,0.0195,0.897,390.026,500000,0.0,-0.011699999999999999,-0.011699999999999933,0.016546298679765165,tap3,fast,light,20260810_133647,False
392514,0.0078,0.0312,0.9048,392.514,500000,-0.0039000000000000007,0.0,-0.0038999999999999035,0.005515432893255003,tap3,fast,light,20260810_133647,False
395021,0.0078,0.0312,0.9165,395.021,500000,-0.0039000000000000007,0.0,0.007800000000000029,0.008720665112249207,tap3,fast,light,20260810_133647,False
397522,0.0195,0.0312,0.9087,397.522,500000,0.0078,0.0,0.0,0.0078,tap3,fast,light,20260810_133647,False
400009,0.0117,0.0351,0.9204,400.009,500000,0.0,0.0039000000000000007,0.011700000000000044,0.012332882874656722,tap3,fast,light,20260810_133647,False
402524,0.0195,0.0273,0.9009,402.524,500000,0.0078,-0.0038999999999999972,-0.007799999999999918,0.011699999999999945,tap3,fast,light,20260810_133647,False
405000,0.0156,0.0273,0.9087,405.0,500000,0.003899999999999999,-0.0038999999999999972,0.0,0.005515432893255068,tap3,fast,light,20260810_133647,False
407525,0.0195,0.0312,0.9087,407.525,500000,0.0078,0.0,0.0,0.0078,tap3,fast,light,20260810_133647,False
410014,0.0117,0.0312,0.9204,410.014,500000,0.0,0.0,0.011700000000000044,0.011700000000000044,tap3,fast,light,20260810_133647,False
412500,0.0117,0.039,0.9048,412.5,500000,0.0,0.007800000000000001,-0.0038999999999999035,0.008720665112249138,tap3,fast,light,20260810_133647,False
415006,0.0195,0.0312,0.9126,415.006,500000,0.0078,0.0,0.0039000000000000146,0.008720665112249186,tap3,fast,light,20260810_133647,False
417502,0.0156,0.0234,0.9087,417.502,500000,0.003899999999999999,-0.007799999999999998,0.0,0.008720665112249178,tap3,fast,light,20260810_133647,False
420003,0.0117,0.0351,0.9087,420.003,500000,0.0,0.0039000000000000007,0.0,0.0039000000000000007,tap3,fast,light,20260810_133647,False
422522,0.0117,0.0351,0.9087,422.522,500000,0.0,0.0039000000000000007,0.0,0.0039000000000000007,tap3,fast,light,20260810_133647,False
425022,0.0156,0.0351,0.9165,425.022,500000,0.003899999999999999,0.0039000000000000007,0.007800000000000029,0.009553009996854418,tap3,fast,light,20260810_133647,False
427528,0.0195,0.0234,0.9048,427.528,500000,0.0078,-0.007799999999999998,-0.0038999999999999035,0.011699999999999966,tap3,fast,light,20260810_133647,False
430020,0.0156,0.0234,0.9009,430.02,500000,0.003899999999999999,-0.007799999999999998,-0.007799999999999918,0.011699999999999943,tap3,fast,light,20260810_133647,False
432508,0.0078,0.0273,0.9087,432.508,500000,-0.0039000000000000007,-0.0038999999999999972,0.0,0.0055154328932550695,tap3,fast,light,20260810_133647,False
435016,0.0078,0.0312,0.9126,435.016,500000,-0.0039000000000000007,0.0,0.0039000000000000146,0.005515432893255082,tap3,fast,light,20260810_133647,False
437520,0.0117,0.0273,0.9126,437.52,500000,0.0,-0.0038999999999999972,0.0039000000000000146,0.005515432893255079,tap3,fast,light,20260810_133647,False
440021,0.0156,0.0273,0.9087,440.021,500000,0.003899999999999999,-0.0038999999999999972,0.0,0.005515432893255068,tap3,fast,light,20260810_133647,False
442510,0.0078,0.0273,0.9126,442.51,500000,-0.0039000000000000007,-0.0038999999999999972,0.0039000000000000146,0.006754998149518628,tap3,fast,light,20260810_133647,False
445015,0.0078,0.0273,0.9126,445.015,500000,-0.0039000000000000007,-0.0038999999999999972,0.0039000000000000146,0.006754998149518628,tap3,fast,light,20260810_133647,False
447513,0.0156,0.0234,0.9126,447.513,500000,0.003899999999999999,-0.007799999999999998,0.0039000000000000146,0.009553009996854399,tap3,fast,light,20260810_133647,False
450030,0.0156,0.0312,0.9048,450.03,500000,0.003899999999999999,0.0,-0.0038999999999999035,0.005515432893255002,tap3,fast,light,20260810_133647,False
452516,0.0117,0.0273,0.9126,452.516,500000,0.0,-0.0038999999999999972,0.0039000000000000146,0.005515432893255079,tap3,fast,light,20260810_133647,False
455021,0.0156,0.0312,0.9126,455.021,500000,0.003899999999999999,0.0,0.0039000000000000146,0.00551543289325508,tap3,fast,light,20260810_133647,False
457522,0.0117,0.0351,0.9165,457.522,500000,0.0,0.0039000000000000007,0.007800000000000029,0.008720665112249207,tap3,fast,light,20260810_133647,False
460013,0.0156,0.039,0.9009,460.013,500000,0.003899999999999999,0.007800000000000001,-0.007799999999999918,0.011699999999999945,tap3,fast,light,20260810_133647,False
462500,0.0117,0.0234,0.9048,462.5,500000,0.0,-0.007799999999999998,-0.0038999999999999035,0.008720665112249134,tap3,fast,light,20260810_133647,False
465006,0.0195,0.0234,0.9009,465.006,500000,0.0078,-0.007799999999999998,-0.007799999999999918,0.013509996299037194,tap3,fast,light,20260810_133647,False
467504,0.0078,0.0351,0.9165,467.504,500000,-0.0039000000000000007,0.0039000000000000007,0.007800000000000029,0.00955300999685442,tap3,fast,light,20260810_133647,False
470024,0.0078,0.0273,0.9126,470.024,500000,-0.0039000000000000007,-0.0038999999999999972,0.0039000000000000146,0.006754998149518628,tap3,fast,light,20260810_133647,False
472510,0.0156,0.0351,0.9165,472.51,500000,0.003899999999999999,0.0039000000000000007,0.007800000000000029,0.009553009996854418,tap3,fast,light,20260810_133647,False
475019,0.0117,0.0351,0.9126,475.019,500000,0.0,0.0039000000000000007,0.0039000000000000146,0.005515432893255082,tap3,fast,light,20260810_133647,False
477518,0.0195,0.0234,0.9126,477.518,500000,0.0078,-0.007799999999999998,0.0039000000000000146,0.011700000000000004,tap3,fast,light,20260810_133647,False
480006,0.0234,0.0273,0.897,480.006,500000,0.0117,-0.0038999999999999972,-0.011699999999999933,0.01699970587980858,tap3,fast,light,20260810_133647,False
482521,0.0234,0.0273,0.897,482.521,500000,0.0117,-0.0038999999999999972,-0.011699999999999933,0.01699970587980858,tap3,fast,light,20260810_133647,False
485000,0.0117,0.0234,0.9165,485.0,500000,0.0,-0.007799999999999998,0.007800000000000029,0.01103086578651016,tap3,fast,light,20260810_133647,False
487503,0.0117,0.0195,0.9204,487.503,500000,0.0,-0.011699999999999999,0.011700000000000044,0.01654629867976524,tap3,fast,light,20260810_133647,False
490025,0.0156,0.0273,0.9126,490.025,500000,0.003899999999999999,-0.0038999999999999972,0.0039000000000000146,0.006754998149518627,tap3,fast,light,20260810_133647,False
492509,0.0117,0.039,0.9048,492.509,500000,0.0,0.007800000000000001,-0.0038999999999999035,0.008720665112249138,tap3,fast,light,20260810_133647,False
495014,0.0156,0.0273,0.9126,495.014,500000,0.003899999999999999,-0.0038999999999999972,0.0039000000000000146,0.006754998149518627,tap3,fast,light,20260810_133647,False
497519,0.0195,0.0273,0.9009,497.519,500000,0.0078,-0.0038999999999999972,-0.007799999999999918,0.011699999999999945,tap3,fast,light,20260810_133647,False
500006,0.0117,0.0273,0.9126,500.006,500000,0.0,-0.0038999999999999972,0.0039000000000000146,0.005515432893255079,tap3,fast,light,20260810_133647,False
510572,0.0117,0.0273,0.9126,510.572,500000,0.0,-0.0038999999999999972,0.0039000000000000146,0.005515432893255079,tap3,fast,light,20260810_133647,False
510986,0.0117,0.0273,0.9126,510.986,500000,0.0,-0.0038999999999999972,0.0039000000000000146,0.005515432893255079,tap3,fast,light,20260810_133647,False
511381,0.0117,0.0273,0.9126,511.381,500000,0.0,-0.0038999999999999972,0.0039000000000000146,0.005515432893255079,tap3,fast,light,20260810_133647,False
511797,0.0156,0.0312,0.9048,511.797,500000,0.003899999999999999,0.0,-0.0038999999999999035,0.005515432893255002,tap3,fast,light,20260810_133647,False
512502,0.0156,0.0312,0.9048,512.502,500000,0.003899999999999999,0.0,-0.0038999999999999035,0.005515432893255002,tap3,fast,light,20260810_133647,False
515008,0.0156,0.0273,0.9126,515.008,500000,0.003899999999999999,-0.0038999999999999972,0.0039000000000000146,0.006754998149518627,tap3,fast,light,20260810_133647,False
517511,0.0195,0.0234,0.9165,517.511,500000,0.0078,-0.007799999999999998,0.007800000000000029,0.013509996299037258,tap3,fast,light,20260810_133647,False
520016,0.0117,0.0312,0.9126,520.016,500000,0.0,0.0,0.0039000000000000146,0.0039000000000000146,tap3,fast,light,20260810_133647,False
522503,0.0117,0.0234,0.9087,522.503,500000,0.0,-0.007799999999999998,0.0,0.007799999999999998,tap3,fast,light,20260810_133647,False
525000,0.0156,0.0234,0.9048,525.0,500000,0.003899999999999999,-0.007799999999999998,-0.0038999999999999035,0.009553009996854354,tap3,fast,light,20260810_133647,False
527512,0.0156,0.0312,0.9009,527.512,500000,0.003899999999999999,0.0,-0.007799999999999918,0.008720665112249105,tap3,fast,light,20260810_133647,False
530007,0.0117,0.0312,0.9126,530.007,500000,0.0,0.0,0.0039000000000000146,0.0039000000000000146,tap3,fast,light,20260810_133647,False
532521,0.0195,0.0273,0.9087,532.521,500000,0.0078,-0.0038999999999999972,0.0,0.00872066511224918,tap3,fast,light,20260810_133647,False
535027,0.0117,0.0273,0.9087,535.027,500000,0.0,-0.0038999999999999972,0.0,0.0038999999999999972,tap3,fast,light,20260810_133647,False
537528,0.0078,0.039,0.9165,537.528,500000,-0.0039000000000000007,0.007800000000000001,0.007800000000000029,0.011700000000000021,tap3,fast,light,20260810_133647,False
540019,0.0117,0.0312,0.9087,540.019,500000,0.0,0.0,0.0,0.0,tap3,fast,light,20260810_133647,False
542506,0.0117,0.0234,0.9087,542.506,500000,0.0,-0.007799999999999998,0.0,0.007799999999999998,tap3,fast,light,20260810_133647,False
545010,0.0195,0.0234,0.9048,545.01,500000,0.0078,-0.007799999999999998,-0.0038999999999999035,0.011699999999999966,tap3,fast,light,20260810_133647,False
547506,0.0156,0.0351,0.8931,547.506,500000,0.003899999999999999,0.0039000000000000007,-0.015599999999999947,0.016546298679765162,tap3,fast,light,20260810_133647,False
550023,0.0117,0.0312,0.9087,550.023,500000,0.0,0.0,0.0,0.0,tap3,fast,light,20260810_133647,False
552528,0.0117,0.0312,0.9087,552.528,500000,0.0,0.0,0.0,0.0,tap3,fast,light,20260810_133647,False
555006,0.0156,0.0312,0.9165,555.006,500000,0.003899999999999999,0.0,0.007800000000000029,0.008720665112249205,tap3,fast,light,20260810_133647,False
557507,0.0117,0.0351,0.9087,557.507,500000,0.0,0.0039000000000000007,0.0,0.0039000000000000007,tap3,fast,light,20260810_133647,False
560020,0.0117,0.0312,0.9087,560.02,500000,0.0,0.0,0.0,0.0,tap3,fast,light,20260810_133647,False
562501,0.0156,0.0312,0.9087,562.501,500000,0.003899999999999999,0.0,0.0,0.003899999999999999,tap3,fast,light,20260810_133647,False
565003,0.0195,0.0351,0.9087,565.003,500000,0.0078,0.0039000000000000007,0.0,0.00872066511224918,tap3,fast,light,20260810_133647,False
567501,0.0117,0.0312,0.9165,567.501,500000,0.0,0.0,0.007800000000000029,0.007800000000000029,tap3,fast,light,20260810_133647,False
570018,0.0117,0.0312,0.9048,570.018,500000,0.0,0.0,-0.0038999999999999035,0.0038999999999999035,tap3,fast,light,20260810_133647,False
572506,0.0195,0.0234,0.9087,572.506,500000,0.0078,-0.007799999999999998,0.0,0.011030865786510139,tap3,fast,light,20260810_133647,False
575011,0.0078,0.0273,0.9048,575.011,500000,-0.0039000000000000007,-0.0038999999999999972,-0.0038999999999999035,0.006754998149518564,tap3,fast,light,20260810_133647,False
577500,0.0156,0.0351,0.9126,577.5,500000,0.003899999999999999,0.0039000000000000007,0.0039000000000000146,0.00675499814951863,tap3,fast,light,20260810_133647,False
580020,0.0078,0.039,0.9048,580.02,500000,-0.0039000000000000007,0.007800000000000001,-0.0038999999999999035,0.009553009996854357,tap3,fast,light,20260810_133647,False
582506,0.0156,0.0312,0.9126,582.506,500000,0.003899999999999999,0.0,0.0039000000000000146,0.00551543289325508,tap3,fast,light,20260810_133647,False
585016,0.0156,0.039,0.9009,585.016,500000,0.003899999999999999,0.007800000000000001,-0.007799999999999918,0.011699999999999945,tap3,fast,light,20260810_133647,False
587513,0.0156,0.0351,0.9048,587.513,500000,0.003899999999999999,0.0039000000000000007,-0.0038999999999999035,0.006754998149518566,tap3,fast,light,20260810_133647,False
590004,0.0234,0.0273,0.9165,590.004,500000,0.0117,-0.0038999999999999972,0.007800000000000029,0.014592463808418386,tap3,fast,light,20260810_133647,False
592518,0.0078,0.0273,0.9087,592.518,500000,-0.0039000000000000007,-0.0038999999999999972,0.0,0.0055154328932550695,tap3,fast,light,20260810_133647,False
595022,0.0078,0.0273,0.9126,595.022,500000,-0.0039000000000000007,-0.0038999999999999972,0.0039000000000000146,0.006754998149518628,tap3,fast,light,20260810_133647,False
597523,0.0117,0.0351,0.9087,597.523,500000,0.0,0.0039000000000000007,0.0,0.0039000000000000007,tap3,fast,light,20260810_133647,False
600015,0.0117,0.039,0.9126,600.015,500000,0.0,0.007800000000000001,0.0039000000000000146,0.008720665112249188,tap3,fast,light,20260810_133647,False
602528,0.0117,0.0351,0.9126,602.528,500000,0.0,0.0039000000000000007,0.0039000000000000146,0.005515432893255082,tap3,fast,light,20260810_133647,False
605001,0.0156,0.0273,0.9048,605.001,500000,0.003899999999999999,-0.0038999999999999972,-0.0038999999999999035,0.006754998149518563,tap3,fast,light,20260810_133647,False
607505,0.0078,0.0312,0.9165,607.505,500000,-0.0039000000000000007,0.0,0.007800000000000029,0.008720665112249207,tap3,fast,light,20260810_133647,False
610026,0.0078,0.0234,0.9165,610.026,500000,-0.0039000000000000007,-0.007799999999999998,0.007800000000000029,0.011700000000000018,tap3,fast,light,20260810_133647,False
612514,0.0078,0.0312,0.9165,612.514,500000,-0.0039000000000000007,0.0,0.007800000000000029,0.008720665112249207,tap3,fast,light,20260810_133647,False
615020,0.0156,0.0312,0.9048,615.02,500000,0.003899999999999999,0.0,-0.0038999999999999035,0.005515432893255002,tap3,fast,light,20260810_133647,False
617506,0.0117,0.0351,0.9048,617.506,500000,0.0,0.0039000000000000007,-0.0038999999999999035,0.005515432893255003,tap3,fast,light,20260810_133647,False
620004,0.0117,0.0273,0.9126,620.004,500000,0.0,-0.0038999999999999972,0.0039000000000000146,0.005515432893255079,tap3,fast,light,20260810_133647,False
622521,0.0156,0.0234,0.9087,622.521,500000,0.003899999999999999,-0.007799999999999998,0.0,0.008720665112249178,tap3,fast,light,20260810_133647,False
625021,0.0117,0.0312,0.9087,625.021,500000,0.0,0.0,0.0,0.0,tap3,fast,light,20260810_133647,False
627527,0.0156,0.0312,0.9165,627.527,500000,0.003899999999999999,0.0,0.007800000000000029,0.008720665112249205,tap3,fast,light,20260810_133647,False
630020,0.0156,0.0273,0.9087,630.02,500000,0.003899999999999999,-0.0038999999999999972,0.0,0.005515432893255068,tap3,fast,light,20260810_133647,False
632508,0.0234,0.0273,0.9126,632.508,500000,0.0117,-0.0038999999999999972,0.0039000000000000146,0.012934836682386064,tap3,fast,light,20260810_133647,False
635018,0.0156,0.0234,0.9165,635.018,500000,0.003899999999999999,-0.007799999999999998,0.007800000000000029,0.011700000000000018,tap3,fast,light,20260810_133647,False
637518,0.0156,0.0273,0.9087,637.518,500000,0.003899999999999999,-0.0038999999999999972,0.0,0.005515432893255068,tap3,fast,light,20260810_133647,False
640025,0.0117,0.0351,0.9165,640.025,500000,0.0,0.0039000000000000007,0.007800000000000029,0.008720665112249207,tap3,fast,light,20260810_133647,False
642510,0.0078,0.039,0.9048,642.51,500000,-0.0039000000000000007,0.007800000000000001,-0.0038999999999999035,0.009553009996854357,tap3,fast,light,20260810_133647,False
645014,0.0078,0.0351,0.9087,645.014,500000,-0.0039000000000000007,0.0039000000000000007,0.0,0.005515432893255071,tap3,fast,light,20260810_133647,False
647516,0.0195,0.0273,0.9087,647.516,500000,0.0078,-0.0038999999999999972,0.0,0.00872066511224918,tap3,fast,light,20260810_133647,False
650005,0.0117,0.0273,0.9009,650.005,500000,0.0,-0.0038999999999999972,-0.007799999999999918,0.008720665112249105,tap3,fast,light,20260810_133647,False
652522,0.0156,0.0195,0.9087,652.522,500000,0.003899999999999999,-0.011699999999999999,0.0,0.012332882874656677,tap3,fast,light,20260810_133647,False
655029,0.0156,0.0195,0.9126,655.029,500000,0.003899999999999999,-0.011699999999999999,0.0039000000000000146,0.012934836682386062,tap3,fast,light,20260810_133647,False
657501,0.0156,0.0195,0.9126,657.501,500000,0.003899999999999999,-0.011699999999999999,0.0039000000000000146,0.012934836682386062,tap3,fast,light,20260810_133647,False
660023,0.0117,0.0234,0.897,660.023,500000,0.0,-0.007799999999999998,-0.011699999999999933,0.014061649974309502,tap3,fast,light,20260810_133647,False
662510,0.0117,0.0273,0.9165,662.51,500000,0.0,-0.0038999999999999972,0.007800000000000029,0.008720665112249205,tap3,fast,light,20260810_133647,False
665014,0.0195,0.0234,0.9126,665.014,500000,0.0078,-0.007799999999999998,0.0039000000000000146,0.011700000000000004,tap3,fast,light,20260810_133647,False
667517,0.0156,0.0273,0.9009,667.517,500000,0.003899999999999999,-0.0038999999999999972,-0.007799999999999918,0.009553009996854326,tap3,fast,light,20260810_133647,False
670004,0.0117,0.039,0.9087,670.004,500000,0.0,0.007800000000000001,0.0,0.007800000000000001,tap3,fast,light,20260810_133647,False
672520,0.0117,0.0312,0.9165,672.52,500000,0.0,0.0,0.007800000000000029,0.007800000000000029,tap3,fast,light,20260810_133647,False
675024,0.0039,0.0351,0.9126,675.024,500000,-0.0078000000000000005,0.0039000000000000007,0.0039000000000000146,0.0095530099968544,tap3,fast,light,20260810_133647,False
677502,0.0156,0.0351,0.9165,677.502,500000,0.003899999999999999,0.0039000000000000007,0.007800000000000029,0.009553009996854418,tap3,fast,light,20260810_133647,False
680020,0.0078,0.0429,0.9126,680.02,500000,-0.0039000000000000007,0.011700000000000002,0.0039000000000000146,0.012934836682386066,tap3,fast,light,20260810_133647,False
682514,0.0156,0.0429,0.9048,682.514,500000,0.003899999999999999,0.011700000000000002,-0.0038999999999999035,0.012934836682386031,tap3,fast,light,20260810_133647,False
685026,0.0117,0.0312,0.9048,685.026,500000,0.0,0.0,-0.0038999999999999035,0.0038999999999999035,tap3,fast,light,20260810_133647,False
687524,0.0312,0.0312,0.9048,687.524,500000,0.019499999999999997,0.0,-0.0038999999999999035,0.019886176103011837,tap3,fast,light,20260810_133647,False
690013,0.0156,0.0312,0.9048,690.013,500000,0.003899999999999999,0.0,-0.0038999999999999035,0.005515432893255002,tap3,fast,light,20260810_133647,False
692508,0.0156,0.0273,0.9048,692.508,500000,0.003899999999999999,-0.0038999999999999972,-0.0038999999999999035,0.006754998149518563,tap3,fast,light,20260810_133647,False
695331,0.0156,0.0195,0.9048,695.331,500000,0.003899999999999999,-0.011699999999999999,-0.0038999999999999035,0.01293483668238603,tap3,fast,light,20260810_133647,False
697502,0.0156,0.0351,0.8892,697.502,500000,0.003899999999999999,0.0039000000000000007,-0.019499999999999962,0.020264994448555826,tap3,fast,light,20260810_133647,False
700014,0.0156,0.0234,0.9009,700.014,500000,0.003899999999999999,-0.007799999999999998,-0.007799999999999918,0.011699999999999943,tap3,fast,light,20260810_133647,False
702528,0.0195,0.0078,0.9087,702.528,500000,0.0078,-0.023399999999999997,0.0,0.024665765749313354,tap3,fast,light,20260810_133647,False
705003,0.0117,0.0273,0.9009,705.003,500000,0.0,-0.0038999999999999972,-0.007799999999999918,0.008720665112249105,tap3,fast,light,20260810_133647,False
707528,0.0195,0.0234,0.9165,707.528,500000,0.0078,-0.007799999999999998,0.007800000000000029,0.013509996299037258,tap3,fast,light,20260810_133647,False
710019,0.0156,0.0273,0.9048,710.019,500000,0.003899999999999999,-0.0038999999999999972,-0.0038999999999999035,0.006754998149518563,tap3,fast,light,20260810_133647,False
712504,0.0156,0.0351,0.9087,712.504,500000,0.003899999999999999,0.0039000000000000007,0.0,0.00551543289325507,tap3,fast,light,20260810_133647,False
715009,0.0117,0.0312,0.9087,715.009,500000,0.0,0.0,0.0,0.0,tap3,fast,light,20260810_133647,False
717506,0.0117,0.0273,0.9087,717.506,500000,0.0,-0.0038999999999999972,0.0,0.0038999999999999972,tap3,fast,light,20260810_133647,False
720027,0.0195,0.0273,0.9204,720.027,500000,0.0078,-0.0038999999999999972,0.011700000000000044,0.014592463808418405,tap3,fast,light,20260810_133647,False
722513,0.0117,0.039,0.9126,722.513,500000,0.0,0.007800000000000001,0.0039000000000000146,0.008720665112249188,tap3,fast,light,20260810_133647,False
725019,0.0117,0.0312,0.9126,725.019,500000,0.0,0.0,0.0039000000000000146,0.0039000000000000146,tap3,fast,light,20260810_133647,False
727520,0.0078,0.0234,0.9048,727.52,500000,-0.0039000000000000007,-0.007799999999999998,-0.0038999999999999035,0.009553009996854354,tap3,fast,light,20260810_133647,False
730014,0.0156,0.0273,0.9126,730.014,500000,0.003899999999999999,-0.0038999999999999972,0.0039000000000000146,0.006754998149518627,tap3,fast,light,20260810_133647,False
732527,0.0117,0.0234,0.9282,732.527,500000,0.0,-0.007799999999999998,0.019500000000000073,0.021002142747824634,tap3,fast,light,20260810_133647,False
735005,0.0156,0.0273,0.9048,735.005,500000,0.003899999999999999,-0.0038999999999999972,-0.0038999999999999035,0.006754998149518563,tap3,fast,light,20260810_133647,False
737505,0.0156,0.0312,0.9087,737.505,500000,0.003899999999999999,0.0,0.0,0.003899999999999999,tap3,fast,light,20260810_133647,False
740011,0.0156,0.0273,0.9087,740.011,500000,0.003899999999999999,-0.0038999999999999972,0.0,0.005515432893255068,tap3,fast,light,20260810_133647,False
742500,0.0156,0.0273,0.9126,742.5,500000,0.003899999999999999,-0.0038999999999999972,0.0039000000000000146,0.006754998149518627,tap3,fast,light,20260810_133647,False
745004,0.0117,0.0351,0.9087,745.004,500000,0.0,0.0039000000000000007,0.0,0.0039000000000000007,tap3,fast,light,20260810_133647,False
747522,0.0156,0.0312,0.9126,747.522,500000,0.003899999999999999,0.0,0.0039000000000000146,0.00551543289325508,tap3,fast,light,20260810_133647,False
750019,0.0117,0.0234,0.9087,750.019,500000,0.0,-0.007799999999999998,0.0,0.007799999999999998,tap3,fast,light,20260810_133647,False
752529,0.0117,0.039,0.9009,752.529,500000,0.0,0.007800000000000001,-0.007799999999999918,0.011030865786510084,tap3,fast,light,20260810_133647,False
755003,0.0195,0.0312,0.9048,755.003,500000,0.0078,0.0,-0.0038999999999999035,0.008720665112249136,tap3,fast,light,20260810_133647,False
757505,0.0234,0.0273,0.9009,757.505,500000,0.0117,-0.0038999999999999972,-0.007799999999999918,0.014592463808418327,tap3,fast,light,20260810_133647,False
760026,0.0195,0.0312,0.9048,760.026,500000,0.0078,0.0,-0.0038999999999999035,0.008720665112249136,tap3,fast,light,20260810_133647,False
762512,0.0117,0.0273,0.9165,762.512,500000,0.0,-0.0038999999999999972,0.007800000000000029,0.008720665112249205,tap3,fast,light,20260810_133647,False
765028,0.0117,0.0273,0.9165,765.028,500000,0.0,-0.0038999999999999972,0.007800000000000029,0.008720665112249205,tap3,fast,light,20260810_133647,False
767528,0.0117,0.0273,0.9165,767.528,500000,0.0,-0.0038999999999999972,0.007800000000000029,0.008720665112249205,tap3,fast,light,20260810_133647,False
770005,0.0195,0.0312,0.9165,770.005,500000,0.0078,0.0,0.007800000000000029,0.011030865786510162,tap3,fast,light,20260810_133647,False
772523,0.0078,0.0351,0.9126,772.523,500000,-0.0039000000000000007,0.0039000000000000007,0.0039000000000000146,0.006754998149518631,tap3,fast,light,20260810_133647,False
775026,0.0117,0.039,0.9009,775.026,500000,0.0,0.007800000000000001,-0.007799999999999918,0.011030865786510084,tap3,fast,light,20260810_133647,False
777508,0.0078,0.0312,0.9126,777.508,500000,-0.0039000000000000007,0.0,0.0039000000000000146,0.005515432893255082,tap3,fast,light,20260810_133647,False
780026,0.0117,0.0312,0.9165,780.026,500000,0.0,0.0,0.007800000000000029,0.007800000000000029,tap3,fast,light,20260810_133647,False
782507,0.0156,0.0273,0.9087,782.507,500000,0.003899999999999999,-0.0038999999999999972,0.0,0.005515432893255068,tap3,fast,light,20260810_133647,False
785019,0.0156,0.0429,0.9009,785.019,500000,0.003899999999999999,0.011700000000000002,-0.007799999999999918,0.014592463808418329,tap3,fast,light,20260810_133647,False
787524,0.0117,0.039,0.9048,787.524,500000,0.0,0.007800000000000001,-0.0038999999999999035,0.008720665112249138,tap3,fast,light,20260810_133647,False
790012,0.0117,0.039,0.9087,790.012,500000,0.0,0.007800000000000001,0.0,0.007800000000000001,tap3,fast,light,20260810_133647,False
792527,0.0156,0.0273,0.9087,792.527,500000,0.003899999999999999,-0.0038999999999999972,0.0,0.005515432893255068,tap3,fast,light,20260810_133647,False
795002,0.0195,0.0195,0.9048,795.002,500000,0.0078,-0.011699999999999999,-0.0038999999999999035,0.014592463808418344,tap3,fast,light,20260810_133647,False
797504,0.0117,0.0273,0.9087,797.504,500000,0.0,-0.0038999999999999972,0.0,0.0038999999999999972,tap3,fast,light,20260810_133647,False
800024,0.0156,0.0351,0.9126,800.024,500000,0.003899999999999999,0.0039000000000000007,0.0039000000000000146,0.00675499814951863,tap3,fast,light,20260810_133647,False
802509,0.0078,0.0195,0.897,802.509,500000,-0.0039000000000000007,-0.011699999999999999,-0.011699999999999933,0.01699970587980858,tap3,fast,light,20260810_133647,False
805027,0.0195,0.0273,0.9126,805.027,500000,0.0078,-0.0038999999999999972,0.0039000000000000146,0.0095530099968544,tap3,fast,light,20260810_133647,False
807517,0.0156,0.0312,0.9087,807.517,500000,0.003899999999999999,0.0,0.0,0.003899999999999999,tap3,fast,light,20260810_133647,False
810008,0.0156,0.0234,0.9165,810.008,500000,0.003899999999999999,-0.007799999999999998,0.007800000000000029,0.011700000000000018,tap3,fast,light,20260810_133647,False
812525,0.0117,0.0273,0.9048,812.525,500000,0.0,-0.0038999999999999972,-0.0038999999999999035,0.005515432893255,tap3,fast,light,20260810_133647,False
815006,0.0117,0.0312,0.9204,815.006,500000,0.0,0.0,0.011700000000000044,0.011700000000000044,tap3,fast,light,20260810_133647,False
817509,0.0156,0.0273,0.9087,817.509,500000,0.003899999999999999,-0.0038999999999999972,0.0,0.005515432893255068,tap3,fast,light,20260810_133647,False
820029,0.0117,0.0429,0.897,820.029,500000,0.0,0.011700000000000002,-0.011699999999999933,0.016546298679765165,tap3,fast,light,20260810_133647,False
822512,0.0156,0.0273,0.9048,822.512,500000,0.003899999999999999,-0.0038999999999999972,-0.0038999999999999035,0.006754998149518563,tap3,fast,light,20260810_133647,False
825025,0.0156,0.0234,0.9087,825.025,500000,0.003899999999999999,-0.007799999999999998,0.0,0.008720665112249178,tap3,fast,light,20260810_133647,False
827529,0.0156,0.0312,0.9087,827.529,500000,0.003899999999999999,0.0,0.0,0.003899999999999999,tap3,fast,light,20260810_133647,False
830022,0.0156,0.039,0.9087,830.022,500000,0.003899999999999999,0.007800000000000001,0.0,0.00872066511224918,tap3,fast,light,20260810_133647,False
832510,0.0156,0.0273,0.9087,832.51,500000,0.003899999999999999,-0.0038999999999999972,0.0,0.005515432893255068,tap3,fast,light,20260810_133647,False
835015,0.0117,0.0273,0.9126,835.015,500000,0.0,-0.0038999999999999972,0.0039000000000000146,0.005515432893255079,tap3,fast,light,20260810_133647,False
837516,0.0156,0.0273,0.9126,837.516,500000,0.003899999999999999,-0.0038999999999999972,0.0039000000000000146,0.006754998149518627,tap3,fast,light,20260810_133647,False
840026,0.0078,0.0273,0.9048,840.026,500000,-0.0039000000000000007,-0.0038999999999999972,-0.0038999999999999035,0.006754998149518564,tap3,fast,light,20260810_133647,False
842513,0.0195,0.0273,0.9087,842.513,500000,0.0078,-0.0038999999999999972,0.0,0.00872066511224918,tap3,fast,light,20260810_133647,False
845016,0.0156,0.0351,0.9126,845.016,500000,0.003899999999999999,0.0039000000000000007,0.0039000000000000146,0.00675499814951863,tap3,fast,light,20260810_133647,False
847518,0.0156,0.0234,0.9126,847.518,500000,0.003899999999999999,-0.007799999999999998,0.0039000000000000146,0.009553009996854399,tap3,fast,light,20260810_133647,False
850005,0.0117,0.0273,0.9126,850.005,500000,0.0,-0.0038999999999999972,0.0039000000000000146,0.005515432893255079,tap3,fast,light,20260810_133647,False
852523,0.0117,0.0351,0.9087,852.523,500000,0.0,0.0039000000000000007,0.0,0.0039000000000000007,tap3,fast,light,20260810_133647,False
855026,0.0078,0.0273,0.9165,855.026,500000,-0.0039000000000000007,-0.0038999999999999972,0.007800000000000029,0.009553009996854418,tap3,fast,light,20260810_133647,False
857523,0.0195,0.0273,0.9087,857.523,500000,0.0078,-0.0038999999999999972,0.0,0.00872066511224918,tap3,fast,light,20260810_133647,False
860011,0.0117,0.0234,0.9126,860.011,500000,0.0,-0.007799999999999998,0.0039000000000000146,0.008720665112249185,tap3,fast,light,20260810_133647,False
862500,0.0195,0.0234,0.9126,862.5,500000,0.0078,-0.007799999999999998,0.0039000000000000146,0.011700000000000004,tap3,fast,light,20260810_133647,False
865001,0.0156,0.0273,0.9087,865.001,500000,0.003899999999999999,-0.0038999999999999972,0.0,0.005515432893255068,tap3,fast,light,20260810_133647,False
867528,0.0117,0.0312,0.9087,867.528,500000,0.0,0.0,0.0,0.0,tap3,fast,light,20260810_133647,False
870016,0.0156,0.0312,0.9087,870.016,500000,0.003899999999999999,0.0,0.0,0.003899999999999999,tap3,fast,light,20260810_133647,False
872501,0.0156,0.0312,0.9087,872.501,500000,0.003899999999999999,0.0,0.0,0.003899999999999999,tap3,fast,light,20260810_133647,False
875005,0.0156,0.0273,0.897,875.005,500000,0.003899999999999999,-0.0038999999999999972,-0.011699999999999933,0.012934836682385997,tap3,fast,light,20260810_133647,False
877516,0.0117,0.0351,0.9048,877.516,500000,0.0,0.0039000000000000007,-0.0038999999999999035,0.005515432893255003,tap3,fast,light,20260810_133647,False
880014,0.0156,0.0234,0.9126,880.014,500000,0.003899999999999999,-0.007799999999999998,0.0039000000000000146,0.009553009996854399,tap3,fast,light,20260810_133647,False
882526,0.0195,0.0273,0.9126,882.526,500000,0.0078,-0.0038999999999999972,0.0039000000000000146,0.0095530099968544,tap3,fast,light,20260810_133647,False
885003,0.0156,0.0273,0.9165,885.003,500000,0.003899999999999999,-0.0038999999999999972,0.007800000000000029,0.009553009996854416,tap3,fast,light,20260810_133647,False
887507,0.0078,0.0312,0.9165,887.507,500000,-0.0039000000000000007,0.0,0.007800000000000029,0.008720665112249207,tap3,fast,light,20260810_133647,False
890025,0.0195,0.0273,0.9204,890.025,500000,0.0078,-0.0038999999999999972,0.011700000000000044,0.014592463808418405,tap3,fast,light,20260810_133647,False
892516,0.0234,0.0312,0.9087,892.516,500000,0.0117,0.0,0.0,0.0117,tap3,fast,light,20260810_133647,False
895021,0.0156,0.0351,0.9087,895.021,500000,0.003899999999999999,0.0039000000000000007,0.0,0.00551543289325507,tap3,fast,light,20260810_133647,False
897519,0.0117,0.0273,0.9048,897.519,500000,0.0,-0.0038999999999999972,-0.0038999999999999035,0.005515432893255,tap3,fast,light,20260810_133647,False
900004,0.0078,0.039,0.9048,900.004,500000,-0.0039000000000000007,0.007800000000000001,-0.0038999999999999035,0.009553009996854357,tap3,fast,light,20260810_133647,False
902520,0.0117,0.0312,0.9087,902.52,500000,0.0,0.0,0.0,0.0,tap3,fast,light,20260810_133647,False
905023,0.0078,0.0312,0.9165,905.023,500000,-0.0039000000000000007,0.0,0.007800000000000029,0.008720665112249207,tap3,fast,light,20260810_133647,False
907519,0.0234,0.0273,0.9165,907.519,500000,0.0117,-0.0038999999999999972,0.007800000000000029,0.014592463808418386,tap3,fast,light,20260810_133647,False
910008,0.0195,0.0273,0.9087,910.008,500000,0.0078,-0.0038999999999999972,0.0,0.00872066511224918,tap3,fast,light,20260810_133647,False
912525,0.0117,0.0234,0.9126,912.525,500000,0.0,-0.007799999999999998,0.0039000000000000146,0.008720665112249185,tap3,fast,light,20260810_133647,False
915001,0.0117,0.0312,0.9009,915.001,500000,0.0,0.0,-0.007799999999999918,0.007799999999999918,tap3,fast,light,20260810_133647,False
917527,0.0156,0.0273,0.9087,917.527,500000,0.003899999999999999,-0.0038999999999999972,0.0,0.005515432893255068,tap3,fast,light,20260810_133647,False
920015,0.0156,0.0312,0.9165,920.015,500000,0.003899999999999999,0.0,0.007800000000000029,0.008720665112249205,tap3,fast,light,20260810_133647,False
922524,0.0156,0.0273,0.9165,922.524,500000,0.003899999999999999,-0.0038999999999999972,0.007800000000000029,0.009553009996854416,tap3,fast,light,20260810_133647,False
925021,0.0117,0.0351,0.9048,925.021,500000,0.0,0.0039000000000000007,-0.0038999999999999035,0.005515432893255003,tap3,fast,light,20260810_133647,False
927528,0.0156,0.0312,0.9087,927.528,500000,0.003899999999999999,0.0,0.0,0.003899999999999999,tap3,fast,light,20260810_133647,False
930022,0.0156,0.0273,0.9087,930.022,500000,0.003899999999999999,-0.0038999999999999972,0.0,0.005515432893255068,tap3,fast,light,20260810_133647,False
932511,0.0117,0.0351,0.9087,932.511,500000,0.0,0.0039000000000000007,0.0,0.0039000000000000007,tap3,fast,light,20260810_133647,False
935019,0.0195,0.0273,0.897,935.019,500000,0.0078,-0.0038999999999999972,-0.011699999999999933,0.014592463808418317,tap3,fast,light,20260810_133647,False
937516,0.0117,0.0312,0.9165,937.516,500000,0.0,0.0,0.007800000000000029,0.007800000000000029,tap3,fast,light,20260810_133647,False
940011,0.0156,0.039,0.9048,940.011,500000,0.003899999999999999,0.007800000000000001,-0.0038999999999999035,0.009553009996854355,tap3,fast,light,20260810_133647,False
942528,0.0117,0.0312,0.9087,942.528,500000,0.0,0.0,0.0,0.0,tap3,fast,light,20260810_133647,False
945017,0.0117,0.0273,0.9204,945.017,500000,0.0,-0.0038999999999999972,0.011700000000000044,0.01233288287465672,tap3,fast,light,20260810_133647,False
947522,0.0078,0.039,0.9087,947.522,500000,-0.0039000000000000007,0.007800000000000001,0.0,0.008720665112249181,tap3,fast,light,20260810_133647,False
950013,0.0156,0.0195,0.9165,950.013,500000,0.003899999999999999,-0.011699999999999999,0.007800000000000029,0.014592463808418386,tap3,fast,light,20260810_133647,False
952502,0.0156,0.0273,0.9126,952.502,500000,0.003899999999999999,-0.0038999999999999972,0.0039000000000000146,0.006754998149518627,tap3,fast,light,20260810_133647,False
955006,0.0117,0.0312,0.9087,955.006,500000,0.0,0.0,0.0,0.0,tap3,fast,light,20260810_133647,False
957503,0.0078,0.039,0.9126,957.503,500000,-0.0039000000000000007,0.007800000000000001,0.0039000000000000146,0.009553009996854402,tap3,fast,light,20260810_133647,False
960021,0.0156,0.0234,0.9087,960.021,500000,0.003899999999999999,-0.007799999999999998,0.0,0.008720665112249178,tap3,fast,light,20260810_133647,False
962509,0.0156,0.0312,0.9009,962.509,500000,0.003899999999999999,0.0,-0.007799999999999918,0.008720665112249105,tap3,fast,light,20260810_133647,False
965014,0.0156,0.0273,0.9048,965.014,500000,0.003899999999999999,-0.0038999999999999972,-0.0038999999999999035,0.006754998149518563,tap3,fast,light,20260810_133647,False
967517,0.0117,0.0273,0.9087,967.517,500000,0.0,-0.0038999999999999972,0.0,0.0038999999999999972,tap3,fast,light,20260810_133647,False
970005,0.0195,0.0273,0.9048,970.005,500000,0.0078,-0.0038999999999999972,-0.0038999999999999035,0.009553009996854354,tap3,fast,light,20260810_133647,False
972520,0.0078,0.0312,0.9087,972.52,500000,-0.0039000000000000007,0.0,0.0,0.0039000000000000007,tap3,fast,light,20260810_133647,False
975023,0.0156,0.039,0.9048,975.023,500000,0.003899999999999999,0.007800000000000001,-0.0038999999999999035,0.009553009996854355,tap3,fast,light,20260810_133647,False
977521,0.0156,0.0312,0.9048,977.521,500000,0.003899999999999999,0.0,-0.0038999999999999035,0.005515432893255002,tap3,fast,light,20260810_133647,False
980007,0.0156,0.0312,0.9048,980.007,500000,0.003899999999999999,0.0,-0.0038999999999999035,0.005515432893255002,tap3,fast,light,20260810_133647,False
982520,0.0156,0.0273,0.9009,982.52,500000,0.003899999999999999,-0.0038999999999999972,-0.007799999999999918,0.009553009996854326,tap3,fast,light,20260810_133647,False
985027,0.0039,0.0351,0.9165,985.027,500000,-0.0078000000000000005,0.0039000000000000007,0.007800000000000029,0.01170000000000002,tap3,fast,light,20260810_133647,False
987528,0.0078,0.0351,0.9165,987.528,500000,-0.0039000000000000007,0.0039000000000000007,0.007800000000000029,0.00955300999685442,tap3,fast,light,20260810_133647,False
990014,0.0117,0.0234,0.9165,990.014,500000,0.0,-0.007799999999999998,0.007800000000000029,0.01103086578651016,tap3,fast,light,20260810_133647,False
992500,0.0078,0.0351,0.9165,992.5,500000,-0.0039000000000000007,0.0039000000000000007,0.007800000000000029,0.00955300999685442,tap3,fast,light,20260810_133647,False
995004,0.0156,0.0234,0.9165,995.004,500000,0.003899999999999999,-0.007799999999999998,0.007800000000000029,0.011700000000000018,tap3,fast,light,20260810_133647,False
997501,0.0156,0.0351,0.897,997.501,500000,0.003899999999999999,0.0039000000000000007,-0.011699999999999933,0.012934836682385998,tap3,fast,light,20260810_133647,False
1000017,0.0078,0.0273,0.9165,1000.017,500000,-0.0039000000000000007,-0.0038999999999999972,0.007800000000000029,0.009553009996854418,tap3,fast,light,20260810_133647,False
1002504,0.0273,0.0234,0.9087,1002.504,500000,0.015600000000000001,-0.007799999999999998,0.0,0.01744133022449836,tap3,fast,light,20260810_133647,False
1005008,0.0156,0.0312,0.9009,1005.008,500000,0.003899999999999999,0.0,-0.007799999999999918,0.008720665112249105,tap3,fast,light,20260810_133647,False
1007510,0.0117,0.0234,0.897,1007.51,500000,0.0,-0.007799999999999998,-0.011699999999999933,0.014061649974309502,tap3,fast,light,20260810_133647,False
1010015,0.0156,0.0312,0.897,1010.015,500000,0.003899999999999999,0.0,-0.011699999999999933,0.012332882874656614,tap3,fast,light,20260810_133647,False
1012503,0.0117,0.0351,0.9009,1012.503,500000,0.0,0.0039000000000000007,-0.007799999999999918,0.008720665112249107,tap3,fast,light,20260810_133647,False
1015008,0.0156,0.0195,0.9126,1015.008,500000,0.003899999999999999,-0.011699999999999999,0.0039000000000000146,0.012934836682386062,tap3,fast,light,20260810_133647,False
1017510,0.0156,0.0234,0.9165,1017.51,500000,0.003899999999999999,-0.007799999999999998,0.007800000000000029,0.011700000000000018,tap3,fast,light,20260810_133647,False
1020025,0.0195,0.0273,0.9087,1020.025,500000,0.0078,-0.0038999999999999972,0.0,0.00872066511224918,tap3,fast,light,20260810_133647,False
1022514,0.0078,0.0234,0.9048,1022.514,500000,-0.0039000000000000007,-0.007799999999999998,-0.0038999999999999035,0.009553009996854354,tap3,fast,light,20260810_133647,False
1025021,0.0195,0.0312,0.9126,1025.021,500000,0.0078,0.0,0.0039000000000000146,0.008720665112249186,tap3,fast,light,20260810_133647,False
1027521,0.0078,0.0351,0.9087,1027.521,500000,-0.0039000000000000007,0.0039000000000000007,0.0,0.005515432893255071,tap3,fast,light,20260810_133647,False
1030013,0.0156,0.0351,0.9204,1030.013,500000,0.003899999999999999,0.0039000000000000007,0.011700000000000044,0.012934836682386099,tap3,fast,light,20260810_133647,False
1032501,0.0195,0.0195,0.9009,1032.501,500000,0.0078,-0.011699999999999999,-0.007799999999999918,0.016080111939908836,tap3,fast,light,20260810_133647,False
1035009,0.0195,0.0273,0.9126,1035.009,500000,0.0078,-0.0038999999999999972,0.0039000000000000146,0.0095530099968544,tap3,fast,light,20260810_133647,False
1037507,0.0156,0.0273,0.9048,1037.507,500000,0.003899999999999999,-0.0038999999999999972,-0.0038999999999999035,0.006754998149518563,tap3,fast,light,20260810_133647,False
1040025,0.0117,0.0312,0.9048,1040.025,500000,0.0,0.0,-0.0038999999999999035,0.0038999999999999035,tap3,fast,light,20260810_133647,False
1042513,0.0195,0.0234,0.9165,1042.513,500000,0.0078,-0.007799999999999998,0.007800000000000029,0.013509996299037258,tap3,fast,light,20260810_133647,False
1045015,0.0156,0.0312,0.9087,1045.015,500000,0.003899999999999999,0.0,0.0,0.003899999999999999,tap3,fast,light,20260810_133647,False
1047517,0.0117,0.0312,0.9126,1047.517,500000,0.0,0.0,0.0039000000000000146,0.0039000000000000146,tap3,fast,light,20260810_133647,False
1050004,0.0117,0.0312,0.9087,1050.004,500000,0.0,0.0,0.0,0.0,tap3,fast,light,20260810_133647,False
1052522,0.0117,0.0351,0.9165,1052.522,500000,0.0,0.0039000000000000007,0.007800000000000029,0.008720665112249207,tap3,fast,light,20260810_133647,False
1055025,0.0117,0.0312,0.9204,1055.025,500000,0.0,0.0,0.011700000000000044,0.011700000000000044,tap3,fast,light,20260810_133647,False
1057524,0.0117,0.0234,0.9087,1057.524,500000,0.0,-0.007799999999999998,0.0,0.007799999999999998,tap3,fast,light,20260810_133647,False
1060010,0.0195,0.0273,0.9087,1060.01,500000,0.0078,-0.0038999999999999972,0.0,0.00872066511224918,tap3,fast,light,20260810_133647,False
1062521,0.0156,0.0273,0.9087,1062.521,500000,0.003899999999999999,-0.0038999999999999972,0.0,0.005515432893255068,tap3,fast,light,20260810_133647,False
1065023,0.0156,0.0312,0.9087,1065.023,500000,0.003899999999999999,0.0,0.0,0.003899999999999999,tap3,fast,light,20260810_133647,False
1067520,0.0195,0.0351,0.9087,1067.52,500000,0.0078,0.0039000000000000007,0.0,0.00872066511224918,tap3,fast,light,20260810_133647,False
1070005,0.0117,0.0273,0.9126,1070.005,500000,0.0,-0.0038999999999999972,0.0039000000000000146,0.005515432893255079,tap3,fast,light,20260810_133647,False
1072523,0.0156,0.0234,0.9087,1072.523,500000,0.003899999999999999,-0.007799999999999998,0.0,0.008720665112249178,tap3,fast,light,20260810_133647,False
1075011,0.0117,0.0312,0.9087,1075.011,500000,0.0,0.0,0.0,0.0,tap3,fast,light,20260810_133647,False
1077509,0.0117,0.0351,0.9048,1077.509,500000,0.0,0.0039000000000000007,-0.0038999999999999035,0.005515432893255003,tap3,fast,light,20260810_133647,False
1080027,0.0156,0.0312,0.9087,1080.027,500000,0.003899999999999999,0.0,0.0,0.003899999999999999,tap3,fast,light,20260810_133647,False
1082511,0.0117,0.0234,0.9087,1082.511,500000,0.0,-0.007799999999999998,0.0,0.007799999999999998,tap3,fast,light,20260810_133647,False
1085020,0.0117,0.0234,0.9087,1085.02,500000,0.0,-0.007799999999999998,0.0,0.007799999999999998,tap3,fast,light,20260810_133647,False
1087523,0.0117,0.0273,0.9165,1087.523,500000,0.0,-0.0038999999999999972,0.007800000000000029,0.008720665112249205,tap3,fast,light,20260810_133647,False
1090011,0.0156,0.0351,0.9126,1090.011,500000,0.003899999999999999,0.0039000000000000007,0.0039000000000000146,0.00675499814951863,tap3,fast,light,20260810_133647,False
1092529,0.0156,0.0273,0.9165,1092.529,500000,0.003899999999999999,-0.0038999999999999972,0.007800000000000029,0.009553009996854416,tap3,fast,light,20260810_133647,False
1095003,0.0117,0.039,0.9243,1095.003,500000,0.0,0.007800000000000001,0.015600000000000058,0.017441330224498414,tap3,fast,light,20260810_133647,False
1097529,0.0195,0.0351,0.9087,1097.529,500000,0.0078,0.0039000000000000007,0.0,0.00872066511224918,tap3,fast,light,20260810_133647,False
1100014,0.0117,0.039,0.9048,1100.014,500000,0.0,0.007800000000000001,-0.0038999999999999035,0.008720665112249138,tap3,fast,light,20260810_133647,False
1102500,0.0078,0.0351,0.8931,1102.5,500000,-0.0039000000000000007,0.0039000000000000007,-0.015599999999999947,0.016546298679765162,tap3,fast,light,20260810_133647,False
1105003,0.0117,0.0273,0.9048,1105.003,500000,0.0,-0.0038999999999999972,-0.0038999999999999035,0.005515432893255,tap3,fast,light,20260810_133647,False
1107505,0.0156,0.039,0.9126,1107.505,500000,0.003899999999999999,0.007800000000000001,0.0039000000000000146,0.0095530099968544,tap3,fast,light,20260810_133647,False
1110023,0.0195,0.0195,0.9009,1110.023,500000,0.0078,-0.011699999999999999,-0.007799999999999918,0.016080111939908836,tap3,fast,light,20260810_133647,False
1112512,0.0117,0.0312,0.9165,1112.512,500000,0.0,0.0,0.007800000000000029,0.007800000000000029,tap3,fast,light,20260810_133647,False
1115015,0.0117,0.0195,0.9126,1115.015,500000,0.0,-0.011699999999999999,0.0039000000000000146,0.012332882874656684,tap3,fast,light,20260810_133647,False
1117516,0.0078,0.0312,0.9087,1117.516,500000,-0.0039000000000000007,0.0,0.0,0.0039000000000000007,tap3,fast,light,20260810_133647,False
1120001,0.0117,0.0273,0.9087,1120.001,500000,0.0,-0.0038999999999999972,0.0,0.0038999999999999972,tap3,fast,light,20260810_133647,False
1122518,0.0156,0.0234,0.9087,1122.518,500000,0.003899999999999999,-0.007799999999999998,0.0,0.008720665112249178,tap3,fast,light,20260810_133647,False
1125020,0.0156,0.0351,0.9126,1125.02,500000,0.003899999999999999,0.0039000000000000007,0.0039000000000000146,0.00675499814951863,tap3,fast,light,20260810_133647,False
1127527,0.0078,0.0273,0.9126,1127.527,500000,-0.0039000000000000007,-0.0038999999999999972,0.0039000000000000146,0.006754998149518628,tap3,fast,light,20260810_133647,False
1130019,0.0039,0.039,0.9087,1130.019,500000,-0.0078000000000000005,0.007800000000000001,0.0,0.011030865786510143,tap3,fast,light,20260810_133647,False
1132506,0.0078,0.0234,0.9087,1132.506,500000,-0.0039000000000000007,-0.007799999999999998,0.0,0.00872066511224918,tap3,fast,light,20260810_133647,False
1135015,0.0156,0.0312,0.9087,1135.015,500000,0.003899999999999999,0.0,0.0,0.003899999999999999,tap3,fast,light,20260810_133647,False
1137520,0.0156,0.0351,0.9126,1137.52,500000,0.003899999999999999,0.0039000000000000007,0.0039000000000000146,0.00675499814951863,tap3,fast,light,20260810_133647,False
1140016,0.0078,0.0273,0.9048,1140.016,500000,-0.0039000000000000007,-0.0038999999999999972,-0.0038999999999999035,0.006754998149518564,tap3,fast,light,20260810_133647,False
1142518,0.0156,0.0273,0.9087,1142.518,500000,0.003899999999999999,-0.0038999999999999972,0.0,0.005515432893255068,tap3,fast,light,20260810_133647,False
1145023,0.0156,0.0234,0.9126,1145.023,500000,0.003899999999999999,-0.007799999999999998,0.0039000000000000146,0.009553009996854399,tap3,fast,light,20260810_133647,False
1147526,0.0156,0.0351,0.9126,1147.526,500000,0.003899999999999999,0.0039000000000000007,0.0039000000000000146,0.00675499814951863,tap3,fast,light,20260810_133647,False
1150014,0.0156,0.0273,0.9087,1150.014,500000,0.003899999999999999,-0.0038999999999999972,0.0,0.005515432893255068,tap3,fast,light,20260810_133647,False
1152501,0.0078,0.0312,0.9048,1152.501,500000,-0.0039000000000000007,0.0,-0.0038999999999999035,0.005515432893255003,tap3,fast,light,20260810_133647,False
1155004,0.0156,0.0273,0.9165,1155.004,500000,0.003899999999999999,-0.0038999999999999972,0.007800000000000029,0.009553009996854416,tap3,fast,light,20260810_133647,False
1157506,0.0195,0.0312,0.9048,1157.506,500000,0.0078,0.0,-0.0038999999999999035,0.008720665112249136,tap3,fast,light,20260810_133647,False
1160027,0.0117,0.0273,0.9048,1160.027,500000,0.0,-0.0038999999999999972,-0.0038999999999999035,0.005515432893255,tap3,fast,light,20260810_133647,False
1162509,0.0117,0.0273,0.9087,1162.509,500000,0.0,-0.0038999999999999972,0.0,0.0038999999999999972,tap3,fast,light,20260810_133647,False
1165013,0.0195,0.0273,0.9126,1165.013,500000,0.0078,-0.0038999999999999972,0.0039000000000000146,0.0095530099968544,tap3,fast,light,20260810_133647,False
1167510,0.0156,0.0273,0.8931,1167.51,500000,0.003899999999999999,-0.0038999999999999972,-0.015599999999999947,0.016546298679765162,tap3,fast,light,20260810_133647,False
1170028,0.0156,0.0312,0.9126,1170.028,500000,0.003899999999999999,0.0,0.0039000000000000146,0.00551543289325508,tap3,fast,light,20260810_133647,False
1172512,0.0039,0.0351,0.9009,1172.512,500000,-0.0078000000000000005,0.0039000000000000007,-0.007799999999999918,0.011699999999999945,tap3,fast,light,20260810_133647,False
1175014,0.0117,0.0312,0.9087,1175.014,500000,0.0,0.0,0.0,0.0,tap3,fast,light,20260810_133647,False
1177510,0.0117,0.0195,0.9126,1177.51,500000,0.0,-0.011699999999999999,0.0039000000000000146,0.012332882874656684,tap3,fast,light,20260810_133647,False
1180027,0.0117,0.0234,0.9048,1180.027,500000,0.0,-0.007799999999999998,-0.0038999999999999035,0.008720665112249134,tap3,fast,light,20260810_133647,False
1182509,0.0117,0.0273,0.9048,1182.509,500000,0.0,-0.0038999999999999972,-0.0038999999999999035,0.005515432893255,tap3,fast,light,20260810_133647,False
1185017,0.0156,0.0156,0.9048,1185.017,500000,0.003899999999999999,-0.0156,-0.0038999999999999035,0.016546298679765186,tap3,fast,light,20260810_133647,False
1187514,0.0117,0.0156,0.9126,1187.514,500000,0.0,-0.0156,0.0039000000000000146,0.016080111939908878,tap3,fast,light,20260810_133647,False
1190024,0.0156,0.0273,0.9087,1190.024,500000,0.003899999999999999,-0.0038999999999999972,0.0,0.005515432893255068,tap3,fast,light,20260810_133647,False
1192512,0.0156,0.0273,0.9087,1192.512,500000,0.003899999999999999,-0.0038999999999999972,0.0,0.005515432893255068,tap3,fast,light,20260810_133647,False
1195016,0.0078,0.0273,0.9126,1195.016,500000,-0.0039000000000000007,-0.0038999999999999972,0.0039000000000000146,0.006754998149518628,tap3,fast,light,20260810_133647,False
1197513,0.0078,0.0234,0.9243,1197.513,500000,-0.0039000000000000007,-0.007799999999999998,0.015600000000000058,0.017872045210327828,tap3,fast,light,20260810_133647,False
1200029,0.0156,0.0351,0.9126,1200.029,500000,0.003899999999999999,0.0039000000000000007,0.0039000000000000146,0.00675499814951863,tap3,fast,light,20260810_133647,False
1202516,0.0039,0.0351,0.9126,1202.516,500000,-0.0078000000000000005,0.0039000000000000007,0.0039000000000000146,0.0095530099968544,tap3,fast,light,20260810_133647,False
1205008,0.0156,0.0312,0.9087,1205.008,500000,0.003899999999999999,0.0,0.0,0.003899999999999999,tap3,fast,light,20260810_133647,False
1207511,0.0156,0.0195,0.9204,1207.511,500000,0.003899999999999999,-0.011699999999999999,0.011700000000000044,0.016999705879808657,tap3,fast,light,20260810_133647,False
1210004,0.0156,0.0273,0.9126,1210.004,500000,0.003899999999999999,-0.0038999999999999972,0.0039000000000000146,0.006754998149518627,tap3,fast,light,20260810_133647,False
1212521,0.0273,0.0273,0.9048,1212.521,500000,0.015600000000000001,-0.0038999999999999972,-0.0038999999999999035,0.01654629867976519,tap3,fast,light,20260810_133647,False
1215022,0.0195,0.0351,0.9048,1215.022,500000,0.0078,0.0039000000000000007,-0.0038999999999999035,0.009553009996854355,tap3,fast,light,20260810_133647,False
1217518,0.0156,0.0351,0.9165,1217.518,500000,0.003899999999999999,0.0039000000000000007,0.007800000000000029,0.009553009996854418,tap3,fast,light,20260810_133647,False
1220004,0.0156,0.0312,0.9165,1220.004,500000,0.003899999999999999,0.0,0.007800000000000029,0.008720665112249205,tap3,fast,light,20260810_133647,False
1222516,0.0117,0.0312,0.9009,1222.516,500000,0.0,0.0,-0.007799999999999918,0.007799999999999918,tap3,fast,light,20260810_133647,False
1225021,0.0117,0.039,0.9126,1225.021,500000,0.0,0.007800000000000001,0.0039000000000000146,0.008720665112249188,tap3,fast,light,20260810_133647,False
1227526,0.0078,0.0312,0.9126,1227.526,500000,-0.0039000000000000007,0.0,0.0039000000000000146,0.005515432893255082,tap3,fast,light,20260810_133647,False
1230020,0.0195,0.0273,0.9126,1230.02,500000,0.0078,-0.0038999999999999972,0.0039000000000000146,0.0095530099968544,tap3,fast,light,20260810_133647,False
1232508,0.0117,0.0312,0.9048,1232.508,500000,0.0,0.0,-0.0038999999999999035,0.0038999999999999035,tap3,fast,light,20260810_133647,False
1235018,0.0156,0.0273,0.9087,1235.018,500000,0.003899999999999999,-0.0038999999999999972,0.0,0.005515432893255068,tap3,fast,light,20260810_133647,False
1237515,0.0078,0.0273,0.9087,1237.515,500000,-0.0039000000000000007,-0.0038999999999999972,0.0,0.0055154328932550695,tap3,fast,light,20260810_133647,False
1240023,0.0156,0.0312,0.9048,1240.023,500000,0.003899999999999999,0.0,-0.0038999999999999035,0.005515432893255002,tap3,fast,light,20260810_133647,False
1242511,0.0078,0.0351,0.9048,1242.511,500000,-0.0039000000000000007,0.0039000000000000007,-0.0038999999999999035,0.006754998149518567,tap3,fast,light,20260810_133647,False
1245013,0.0078,0.0312,0.9048,1245.013,500000,-0.0039000000000000007,0.0,-0.0038999999999999035,0.005515432893255003,tap3,fast,light,20260810_133647,False
1247511,0.0156,0.0312,0.9048,1247.511,500000,0.003899999999999999,0.0,-0.0038999999999999035,0.005515432893255002,tap3,fast,light,20260810_133647,False
1250027,0.0195,0.0195,0.9165,1250.027,500000,0.0078,-0.011699999999999999,0.007800000000000029,0.016080111939908888,tap3,fast,light,20260810_133647,False
1252515,0.0156,0.0351,0.9165,1252.515,500000,0.003899999999999999,0.0039000000000000007,0.007800000000000029,0.009553009996854418,tap3,fast,light,20260810_133647,False
1255021,0.0156,0.0312,0.9087,1255.021,500000,0.003899999999999999,0.0,0.0,0.003899999999999999,tap3,fast,light,20260810_133647,False
1257520,0.0156,0.0234,0.9048,1257.52,500000,0.003899999999999999,-0.007799999999999998,-0.0038999999999999035,0.009553009996854354,tap3,fast,light,20260810_133647,False
1260008,0.0078,0.0273,0.9009,1260.008,500000,-0.0039000000000000007,-0.0038999999999999972,-0.007799999999999918,0.009553009996854326,tap3,fast,light,20260810_133647,False
1262520,0.0195,0.0234,0.9009,1262.52,500000,0.0078,-0.007799999999999998,-0.007799999999999918,0.013509996299037194,tap3,fast,light,20260810_133647,False
1265022,0.0156,0.0351,0.9087,1265.022,500000,0.003899999999999999,0.0039000000000000007,0.0,0.00551543289325507,tap3,fast,light,20260810_133647,False
1267519,0.0156,0.0351,0.9009,1267.519,500000,0.003899999999999999,0.0039000000000000007,-0.007799999999999918,0.009553009996854328,tap3,fast,light,20260810_133647,False
1270005,0.0117,0.0312,0.9087,1270.005,500000,0.0,0.0,0.0,0.0,tap3,fast,light,20260810_133647,False
1272507,0.0117,0.0273,0.9126,1272.507,500000,0.0,-0.0038999999999999972,0.0039000000000000146,0.005515432893255079,tap3,fast,light,20260810_133647,False
1275017,0.0117,0.0351,0.9087,1275.017,500000,0.0,0.0039000000000000007,0.0,0.0039000000000000007,tap3,fast,light,20260810_133647,False
1277502,0.0156,0.0312,0.9126,1277.502,500000,0.003899999999999999,0.0,0.0039000000000000146,0.00551543289325508,tap3,fast,light,20260810_133647,False
1280013,0.0117,0.0312,0.9087,1280.013,500000,0.0,0.0,0.0,0.0,tap3,fast,light,20260810_133647,False
1282526,0.0117,0.0312,0.9087,1282.526,500000,0.0,0.0,0.0,0.0,tap3,fast,light,20260810_133647,False
1285005,0.0156,0.0273,0.9165,1285.005,500000,0.003899999999999999,-0.0038999999999999972,0.007800000000000029,0.009553009996854416,tap3,fast,light,20260810_133647,False
1287503,0.0117,0.0273,0.9126,1287.503,500000,0.0,-0.0038999999999999972,0.0039000000000000146,0.005515432893255079,tap3,fast,light,20260810_133647,False
1290019,0.0156,0.0312,0.9126,1290.019,500000,0.003899999999999999,0.0,0.0039000000000000146,0.00551543289325508,tap3,fast,light,20260810_133647,False
1292505,0.0117,0.039,0.9048,1292.505,500000,0.0,0.007800000000000001,-0.0038999999999999035,0.008720665112249138,tap3,fast,light,20260810_133647,False
1295009,0.0156,0.0273,0.9048,1295.009,500000,0.003899999999999999,-0.0038999999999999972,-0.0038999999999999035,0.006754998149518563,tap3,fast,light,20260810_133647,False
1297510,0.0156,0.0273,0.9048,1297.51,500000,0.003899999999999999,-0.0038999999999999972,-0.0038999999999999035,0.006754998149518563,tap3,fast,light,20260810_133647,False
1300026,0.0078,0.0351,0.9048,1300.026,500000,-0.0039000000000000007,0.0039000000000000007,-0.0038999999999999035,0.006754998149518567,tap3,fast,light,20260810_133647,False
1302512,0.0156,0.0351,0.9204,1302.512,500000,0.003899999999999999,0.0039000000000000007,0.011700000000000044,0.012934836682386099,tap3,fast,light,20260810_133647,False
1305014,0.0156,0.0273,0.9126,1305.014,500000,0.003899999999999999,-0.0038999999999999972,0.0039000000000000146,0.006754998149518627,tap3,fast,light,20260810_133647,False
1307516,0.0117,0.0351,0.9243,1307.516,500000,0.0,0.0039000000000000007,0.015600000000000058,0.016080111939908933,tap3,fast,light,20260810_133647,False
1310021,0.0156,0.0351,0.9204,1310.021,500000,0.003899999999999999,0.0039000000000000007,0.011700000000000044,0.012934836682386099,tap3,fast,light,20260810_133647,False
1312501,0.0117,0.0234,0.897,1312.501,500000,0.0,-0.007799999999999998,-0.011699999999999933,0.014061649974309502,tap3,fast,light,20260810_133647,False
1315003,0.0117,0.0351,0.9126,1315.003,500000,0.0,0.0039000000000000007,0.0039000000000000146,0.005515432893255082,tap3,fast,light,20260810_133647,False
1317529,0.0156,0.0273,0.9087,1317.529,500000,0.003899999999999999,-0.0038999999999999972,0.0,0.005515432893255068,tap3,fast,light,20260810_133647,False
1320019,0.0117,0.0351,0.9048,1320.019,500000,0.0,0.0039000000000000007,-0.0038999999999999035,0.005515432893255003,tap3,fast,light,20260810_133647,False
1322507,0.0156,0.0234,0.897,1322.507,500000,0.003899999999999999,-0.007799999999999998,-0.011699999999999933,0.014592463808418317,tap3,fast,light,20260810_133647,False
1325021,0.0078,0.0273,0.9126,1325.021,500000,-0.0039000000000000007,-0.0038999999999999972,0.0039000000000000146,0.006754998149518628,tap3,fast,light,20260810_133647,False
1327524,0.0078,0.0312,0.9087,1327.524,500000,-0.0039000000000000007,0.0,0.0,0.0039000000000000007,tap3,fast,light,20260810_133647,False
1330016,0.0156,0.0312,0.9087,1330.016,500000,0.003899999999999999,0.0,0.0,0.003899999999999999,tap3,fast,light,20260810_133647,False
1332506,0.0156,0.0273,0.9204,1332.506,500000,0.003899999999999999,-0.0038999999999999972,0.011700000000000044,0.012934836682386097,tap3,fast,light,20260810_133647,False
1335019,0.0117,0.0312,0.9009,1335.019,500000,0.0,0.0,-0.007799999999999918,0.007799999999999918,tap3,fast,light,20260810_133647,False
1337508,0.0117,0.0273,0.9048,1337.508,500000,0.0,-0.0038999999999999972,-0.0038999999999999035,0.005515432893255,tap3,fast,light,20260810_133647,False
1340021,0.0117,0.0312,0.9165,1340.021,500000,0.0,0.0,0.007800000000000029,0.007800000000000029,tap3,fast,light,20260810_133647,False
1342502,0.0117,0.0273,0.9126,1342.502,500000,0.0,-0.0038999999999999972,0.0039000000000000146,0.005515432893255079,tap3,fast,light,20260810_133647,False
1345003,0.0117,0.0234,0.9126,1345.003,500000,0.0,-0.007799999999999998,0.0039000000000000146,0.008720665112249185,tap3,fast,light,20260810_133647,False
1347529,0.0117,0.0234,0.897,1347.529,500000,0.0,-0.007799999999999998,-0.011699999999999933,0.014061649974309502,tap3,fast,light,20260810_133647,False
1350011,0.0156,0.0351,0.9165,1350.011,500000,0.003899999999999999,0.0039000000000000007,0.007800000000000029,0.009553009996854418,tap3,fast,light,20260810_133647,False
1352526,0.0195,0.0273,0.9087,1352.526,500000,0.0078,-0.0038999999999999972,0.0,0.00872066511224918,tap3,fast,light,20260810_133647,False
1355025,0.0117,0.0195,0.9165,1355.025,500000,0.0,-0.011699999999999999,0.007800000000000029,0.014061649974309573,tap3,fast,light,20260810_133647,False
1357522,0.0156,0.0273,0.9126,1357.522,500000,0.003899999999999999,-0.0038999999999999972,0.0039000000000000146,0.006754998149518627,tap3,fast,light,20260810_133647,False
1360009,0.0156,0.0312,0.9087,1360.009,500000,0.003899999999999999,0.0,0.0,0.003899999999999999,tap3,fast,light,20260810_133647,False
1362527,0.0156,0.039,0.9126,1362.527,500000,0.003899999999999999,0.007800000000000001,0.0039000000000000146,0.0095530099968544,tap3,fast,light,20260810_133647,False
1365027,0.0156,0.0312,0.9165,1365.027,500000,0.003899999999999999,0.0,0.007800000000000029,0.008720665112249205,tap3,fast,light,20260810_133647,False
1367522,0.0156,0.0273,0.9087,1367.522,500000,0.003899999999999999,-0.0038999999999999972,0.0,0.005515432893255068,tap3,fast,light,20260810_133647,False
1370006,0.0117,0.0273,0.9087,1370.006,500000,0.0,-0.0038999999999999972,0.0,0.0038999999999999972,tap3,fast,light,20260810_133647,False
1372518,0.0078,0.039,0.9048,1372.518,500000,-0.0039000000000000007,0.007800000000000001,-0.0038999999999999035,0.009553009996854357,tap3,fast,light,20260810_133647,False
1375017,0.0078,0.0351,0.9009,1375.017,500000,-0.0039000000000000007,0.0039000000000000007,-0.007799999999999918,0.009553009996854328,tap3,fast,light,20260810_133647,False
1377528,0.0039,0.0312,0.9087,1377.528,500000,-0.0078000000000000005,0.0,0.0,0.0078000000000000005,tap3,fast,light,20260810_133647,False
1380021,0.0078,0.039,0.9165,1380.021,500000,-0.0039000000000000007,0.007800000000000001,0.007800000000000029,0.011700000000000021,tap3,fast,light,20260810_133647,False
1382505,0.0078,0.0312,0.9048,1382.505,500000,-0.0039000000000000007,0.0,-0.0038999999999999035,0.005515432893255003,tap3,fast,light,20260810_133647,False
1385012,0.0156,0.0312,0.9165,1385.012,500000,0.003899999999999999,0.0,0.007800000000000029,0.008720665112249205,tap3,fast,light,20260810_133647,False
1387511,0.0078,0.0234,0.9087,1387.511,500000,-0.0039000000000000007,-0.007799999999999998,0.0,0.00872066511224918,tap3,fast,light,20260810_133647,False
1390027,0.0156,0.0312,0.9048,1390.027,500000,0.003899999999999999,0.0,-0.0038999999999999035,0.005515432893255002,tap3,fast,light,20260810_133647,False
1392508,0.0156,0.0312,0.9165,1392.508,500000,0.003899999999999999,0.0,0.007800000000000029,0.008720665112249205,tap3,fast,light,20260810_133647,False
1395006,0.0156,0.0312,0.9009,1395.006,500000,0.003899999999999999,0.0,-0.007799999999999918,0.008720665112249105,tap3,fast,light,20260810_133647,False
1397503,0.0156,0.0234,0.9087,1397.503,500000,0.003899999999999999,-0.007799999999999998,0.0,0.008720665112249178,tap3,fast,light,20260810_133647,False
1400014,0.0078,0.0273,0.9048,1400.014,500000,-0.0039000000000000007,-0.0038999999999999972,-0.0038999999999999035,0.006754998149518564,tap3,fast,light,20260810_133647,False
1402501,0.0078,0.0273,0.9048,1402.501,500000,-0.0039000000000000007,-0.0038999999999999972,-0.0038999999999999035,0.006754998149518564,tap3,fast,light,20260810_133647,False
1405009,0.0117,0.0195,0.9087,1405.009,500000,0.0,-0.011699999999999999,0.0,0.011699999999999999,tap3,fast,light,20260810_133647,False
1407509,0.0195,0.0195,0.9126,1407.509,500000,0.0078,-0.011699999999999999,0.0039000000000000146,0.014592463808418374,tap3,fast,light,20260810_133647,False
1410014,0.0078,0.0273,0.9165,1410.014,500000,-0.0039000000000000007,-0.0038999999999999972,0.007800000000000029,0.009553009996854418,tap3,fast,light,20260810_133647,False
1412514,0.0117,0.0351,0.9165,1412.514,500000,0.0,0.0039000000000000007,0.007800000000000029,0.008720665112249207,tap3,fast,light,20260810_133647,False
1415021,0.0039,0.0312,0.9126,1415.021,500000,-0.0078000000000000005,0.0,0.0039000000000000146,0.008720665112249186,tap3,fast,light,20260810_133647,False
1417519,0.0078,0.0273,0.9204,1417.519,500000,-0.0039000000000000007,-0.0038999999999999972,0.011700000000000044,0.012934836682386099,tap3,fast,light,20260810_133647,False
1420009,0.0039,0.0351,0.9087,1420.009,500000,-0.0078000000000000005,0.0039000000000000007,0.0,0.00872066511224918,tap3,fast,light,20260810_133647,False
1422520,0.0117,0.0312,0.9048,1422.52,500000,0.0,0.0,-0.0038999999999999035,0.0038999999999999035,tap3,fast,light,20260810_133647,False
1425021,0.0156,0.0351,0.9009,1425.021,500000,0.003899999999999999,0.0039000000000000007,-0.007799999999999918,0.009553009996854328,tap3,fast,light,20260810_133647,False
1427522,0.0195,0.0312,0.9165,1427.522,500000,0.0078,0.0,0.007800000000000029,0.011030865786510162,tap3,fast,light,20260810_133647,False
1430015,0.0117,0.0351,0.9087,1430.015,500000,0.0,0.0039000000000000007,0.0,0.0039000000000000007,tap3,fast,light,20260810_133647,False
1432529,0.0156,0.0351,0.9087,1432.529,500000,0.003899999999999999,0.0039000000000000007,0.0,0.00551543289325507,tap3,fast,light,20260810_133647,False
1435006,0.0195,0.0273,0.9126,1435.006,500000,0.0078,-0.0038999999999999972,0.0039000000000000146,0.0095530099968544,tap3,fast,light,20260810_133647,False
1437504,0.0156,0.0312,0.9126,1437.504,500000,0.003899999999999999,0.0,0.0039000000000000146,0.00551543289325508,tap3,fast,light,20260810_133647,False
1440011,0.0078,0.0273,0.9126,1440.011,500000,-0.0039000000000000007,-0.0038999999999999972,0.0039000000000000146,0.006754998149518628,tap3,fast,light,20260810_133647,False
1442500,0.0156,0.0273,0.9165,1442.5,500000,0.003899999999999999,-0.0038999999999999972,0.007800000000000029,0.009553009996854416,tap3,fast,light,20260810_133647,False
1445004,0.0156,0.0273,0.9048,1445.004,500000,0.003899999999999999,-0.0038999999999999972,-0.0038999999999999035,0.006754998149518563,tap3,fast,light,20260810_133647,False
1447508,0.0078,0.0351,0.9048,1447.508,500000,-0.0039000000000000007,0.0039000000000000007,-0.0038999999999999035,0.006754998149518567,tap3,fast,light,20260810_133647,False
1450027,0.0156,0.039,0.9087,1450.027,500000,0.003899999999999999,0.007800000000000001,0.0,0.00872066511224918,tap3,fast,light,20260810_133647,False
1452514,0.0195,0.0273,0.9165,1452.514,500000,0.0078,-0.0038999999999999972,0.007800000000000029,0.011700000000000018,tap3,fast,light,20260810_133647,False
1455020,0.0156,0.0351,0.9126,1455.02,500000,0.003899999999999999,0.0039000000000000007,0.0039000000000000146,0.00675499814951863,tap3,fast,light,20260810_133647,False
1457518,0.0195,0.0273,0.9126,1457.518,500000,0.0078,-0.0038999999999999972,0.0039000000000000146,0.0095530099968544,tap3,fast,light,20260810_133647,False
1460007,0.0195,0.0312,0.9048,1460.007,500000,0.0078,0.0,-0.0038999999999999035,0.008720665112249136,tap3,fast,light,20260810_133647,False
1462524,0.0117,0.0312,0.9048,1462.524,500000,0.0,0.0,-0.0038999999999999035,0.0038999999999999035,tap3,fast,light,20260810_133647,False
1465027,0.0117,0.0312,0.9126,1465.027,500000,0.0,0.0,0.0039000000000000146,0.0039000000000000146,tap3,fast,light,20260810_133647,False
1467524,0.0117,0.0312,0.9087,1467.524,500000,0.0,0.0,0.0,0.0,tap3,fast,light,20260810_133647,False
1470028,0.0117,0.0234,0.9087,1470.028,500000,0.0,-0.007799999999999998,0.0,0.007799999999999998,tap3,fast,light,20260810_133647,False
1472522,0.0039,0.0312,0.9087,1472.522,500000,-0.0078000000000000005,0.0,0.0,0.0078000000000000005,tap3,fast,light,20260810_133647,False
1475026,0.0117,0.0273,0.9048,1475.026,500000,0.0,-0.0038999999999999972,-0.0038999999999999035,0.005515432893255,tap3,fast,light,20260810_133647,False
1477505,0.0195,0.0234,0.9126,1477.505,500000,0.0078,-0.007799999999999998,0.0039000000000000146,0.011700000000000004,tap3,fast,light,20260810_133647,False
1480019,0.0195,0.0273,0.9126,1480.019,500000,0.0078,-0.0038999999999999972,0.0039000000000000146,0.0095530099968544,tap3,fast,light,20260810_133647,False
1482503,0.0195,0.0234,0.9204,1482.503,500000,0.0078,-0.007799999999999998,0.011700000000000044,0.016080111939908905,tap3,fast,light,20260810_133647,False
1485012,0.0078,0.0351,0.9048,1485.012,500000,-0.0039000000000000007,0.0039000000000000007,-0.0038999999999999035,0.006754998149518567,tap3,fast,light,20260810_133647,False
1487513,0.0078,0.0234,0.9087,1487.513,500000,-0.0039000000000000007,-0.007799999999999998,0.0,0.00872066511224918,tap3,fast,light,20260810_133647,False
1490004,0.0156,0.0312,0.897,1490.004,500000,0.003899999999999999,0.0,-0.011699999999999933,0.012332882874656614,tap3,fast,light,20260810_133647,False
1492519,0.0195,0.0273,0.9087,1492.519,500000,0.0078,-0.0038999999999999972,0.0,0.00872066511224918,tap3,fast,light,20260810_133647,False
1495022,0.0195,0.0312,0.9009,1495.022,500000,0.0078,0.0,-0.007799999999999918,0.011030865786510084,tap3,fast,light,20260810_133647,False
1497519,0.0156,0.0273,0.9126,1497.519,500000,0.003899999999999999,-0.0038999999999999972,0.0039000000000000146,0.006754998149518627,tap3,fast,light,20260810_133647,False
1500009,0.0156,0.0312,0.9087,1500.009,500000,0.003899999999999999,0.0,0.0,0.003899999999999999,tap3,fast,light,20260810_133647,False
1502520,0.0117,0.0273,0.9204,1502.52,500000,0.0,-0.0038999999999999972,0.011700000000000044,0.01233288287465672,tap3,fast,light,20260810_133647,False
1505023,0.0117,0.0273,0.9126,1505.023,500000,0.0,-0.0038999999999999972,0.0039000000000000146,0.005515432893255079,tap3,fast,light,20260810_133647,False
1507524,0.0117,0.0273,0.9087,1507.524,500000,0.0,-0.0038999999999999972,0.0,0.0038999999999999972,tap3,fast,light,20260810_133647,False
1510011,0.0117,0.0273,0.9087,1510.011,500000,0.0,-0.0038999999999999972,0.0,0.0038999999999999972,tap3,fast,light,20260810_133647,False
1512527,0.0117,0.0273,0.9087,1512.527,500000,0.0,-0.0038999999999999972,0.0,0.0038999999999999972,tap3,fast,light,20260810_133647,False
1515002,0.0195,0.0312,0.9009,1515.002,500000,0.0078,0.0,-0.007799999999999918,0.011030865786510084,tap3,fast,light,20260810_133647,False
1517505,0.0156,0.0351,0.897,1517.505,500000,0.003899999999999999,0.0039000000000000007,-0.011699999999999933,0.012934836682385998,tap3,fast,light,20260810_133647,False
1520023,0.0039,0.039,0.9087,1520.023,500000,-0.0078000000000000005,0.007800000000000001,0.0,0.011030865786510143,tap3,fast,light,20260810_133647,False
1522509,0.0156,0.0312,0.9165,1522.509,500000,0.003899999999999999,0.0,0.007800000000000029,0.008720665112249205,tap3,fast,light,20260810_133647,False
1525022,0.0078,0.0312,0.9087,1525.022,500000,-0.0039000000000000007,0.0,0.0,0.0039000000000000007,tap3,fast,light,20260810_133647,False
1527527,0.0234,0.0273,0.9204,1527.527,500000,0.0117,-0.0038999999999999972,0.011700000000000044,0.016999705879808657,tap3,fast,light,20260810_133647,False
1530019,0.0195,0.0312,0.9165,1530.019,500000,0.0078,0.0,0.007800000000000029,0.011030865786510162,tap3,fast,light,20260810_133647,False
1532507,0.0156,0.0273,0.9243,1532.507,500000,0.003899999999999999,-0.0038999999999999972,0.015600000000000058,0.016546298679765266,tap3,fast,light,20260810_133647,False
1535028,0.0156,0.0351,0.9087,1535.028,500000,0.003899999999999999,0.0039000000000000007,0.0,0.00551543289325507,tap3,fast,light,20260810_133647,False
1537529,0.0117,0.0273,0.9009,1537.529,500000,0.0,-0.0038999999999999972,-0.007799999999999918,0.008720665112249105,tap3,fast,light,20260810_133647,False
1540001,0.0117,0.0312,0.897,1540.001,500000,0.0,0.0,-0.011699999999999933,0.011699999999999933,tap3,fast,light,20260810_133647,False
1542524,0.0156,0.0351,0.9126,1542.524,500000,0.003899999999999999,0.0039000000000000007,0.0039000000000000146,0.00675499814951863,tap3,fast,light,20260810_133647,False
1545026,0.0156,0.039,0.9087,1545.026,500000,0.003899999999999999,0.007800000000000001,0.0,0.00872066511224918,tap3,fast,light,20260810_133647,False
1547522,0.0156,0.0351,0.9087,1547.522,500000,0.003899999999999999,0.0039000000000000007,0.0,0.00551543289325507,tap3,fast,light,20260810_133647,False
1550009,0.0156,0.0312,0.9126,1550.009,500000,0.003899999999999999,0.0,0.0039000000000000146,0.00551543289325508,tap3,fast,light,20260810_133647,False
1552521,0.0117,0.0273,0.9087,1552.521,500000,0.0,-0.0038999999999999972,0.0,0.0038999999999999972,tap3,fast,light,20260810_133647,False
1555023,0.0078,0.0351,0.9126,1555.023,500000,-0.0039000000000000007,0.0039000000000000007,0.0039000000000000146,0.006754998149518631,tap3,fast,light,20260810_133647,False
1557519,0.0156,0.0273,0.9048,1557.519,500000,0.003899999999999999,-0.0038999999999999972,-0.0038999999999999035,0.006754998149518563,tap3,fast,light,20260810_133647,False
1560010,0.0195,0.0273,0.9048,1560.01,500000,0.0078,-0.0038999999999999972,-0.0038999999999999035,0.009553009996854354,tap3,fast,light,20260810_133647,False
1562523,0.0156,0.0312,0.9126,1562.523,500000,0.003899999999999999,0.0,0.0039000000000000146,0.00551543289325508,tap3,fast,light,20260810_133647,False
1565026,0.0117,0.0273,0.9126,1565.026,500000,0.0,-0.0038999999999999972,0.0039000000000000146,0.005515432893255079,tap3,fast,light,20260810_133647,False
1567522,0.0117,0.0351,0.9087,1567.522,500000,0.0,0.0039000000000000007,0.0,0.0039000000000000007,tap3,fast,light,20260810_133647,False
1570006,0.0117,0.0351,0.9165,1570.006,500000,0.0,0.0039000000000000007,0.007800000000000029,0.008720665112249207,tap3,fast,light,20260810_133647,False
1572519,0.0195,0.0312,0.9165,1572.519,500000,0.0078,0.0,0.007800000000000029,0.011030865786510162,tap3,fast,light,20260810_133647,False
1575021,0.0156,0.0195,0.9126,1575.021,500000,0.003899999999999999,-0.011699999999999999,0.0039000000000000146,0.012934836682386062,tap3,fast,light,20260810_133647,False
1577523,0.0195,0.0273,0.9048,1577.523,500000,0.0078,-0.0038999999999999972,-0.0038999999999999035,0.009553009996854354,tap3,fast,light,20260810_133647,False
1580004,0.0117,0.0273,0.9048,1580.004,500000,0.0,-0.0038999999999999972,-0.0038999999999999035,0.005515432893255,tap3,fast,light,20260810_133647,False
1582519,0.0117,0.0312,0.9165,1582.519,500000,0.0,0.0,0.007800000000000029,0.007800000000000029,tap3,fast,light,20260810_133647,False
1585000,0.0078,0.0273,0.9087,1585.0,500000,-0.0039000000000000007,-0.0038999999999999972,0.0,0.0055154328932550695,tap3,fast,light,20260810_133647,False
1587504,0.0039,0.0312,0.9126,1587.504,500000,-0.0078000000000000005,0.0,0.0039000000000000146,0.008720665112249186,tap3,fast,light,20260810_133647,False
1590022,0.0117,0.0312,0.9126,1590.022,500000,0.0,0.0,0.0039000000000000146,0.0039000000000000146,tap3,fast,light,20260810_133647,False
1592511,0.0117,0.0351,0.9087,1592.511,500000,0.0,0.0039000000000000007,0.0,0.0039000000000000007,tap3,fast,light,20260810_133647,False
1595014,0.0117,0.0351,0.9126,1595.014,500000,0.0,0.0039000000000000007,0.0039000000000000146,0.005515432893255082,tap3,fast,light,20260810_133647,False
1597517,0.0117,0.0273,0.9126,1597.517,500000,0.0,-0.0038999999999999972,0.0039000000000000146,0.005515432893255079,tap3,fast,light,20260810_133647,False
1600020,0.0156,0.0273,0.9087,1600.02,500000,0.003899999999999999,-0.0038999999999999972,0.0,0.005515432893255068,tap3,fast,light,20260810_133647,False
1602506,0.0156,0.0273,0.9087,1602.506,500000,0.003899999999999999,-0.0038999999999999972,0.0,0.005515432893255068,tap3,fast,light,20260810_133647,False
1605010,0.0156,0.0234,0.9126,1605.01,500000,0.003899999999999999,-0.007799999999999998,0.0039000000000000146,0.009553009996854399,tap3,fast,light,20260810_133647,False
1607510,0.0156,0.0351,0.9009,1607.51,500000,0.003899999999999999,0.0039000000000000007,-0.007799999999999918,0.009553009996854328,tap3,fast,light,20260810_133647,False
1610002,0.0117,0.0234,0.9126,1610.002,500000,0.0,-0.007799999999999998,0.0039000000000000146,0.008720665112249185,tap3,fast,light,20260810_133647,False
1612948,0.0195,0.0234,0.9087,1612.948,500000,0.0078,-0.007799999999999998,0.0,0.011030865786510139,tap3,fast,light,20260810_133647,False
1615001,0.0195,0.0234,0.9087,1615.001,500000,0.0078,-0.007799999999999998,0.0,0.011030865786510139,tap3,fast,light,20260810_133647,False
1617501,0.0156,0.0273,0.9087,1617.501,500000,0.003899999999999999,-0.0038999999999999972,0.0,0.005515432893255068,tap3,fast,light,20260810_133647,False
1620019,0.0156,0.0312,0.9126,1620.019,500000,0.003899999999999999,0.0,0.0039000000000000146,0.00551543289325508,tap3,fast,light,20260810_133647,False
1622508,0.0078,0.0234,0.9048,1622.508,500000,-0.0039000000000000007,-0.007799999999999998,-0.0038999999999999035,0.009553009996854354,tap3,fast,light,20260810_133647,False
1625021,0.0156,0.0273,0.9126,1625.021,500000,0.003899999999999999,-0.0038999999999999972,0.0039000000000000146,0.006754998149518627,tap3,fast,light,20260810_133647,False
1627527,0.0078,0.0312,0.9165,1627.527,500000,-0.0039000000000000007,0.0,0.007800000000000029,0.008720665112249207,tap3,fast,light,20260810_133647,False
1630020,0.0156,0.0312,0.9048,1630.02,500000,0.003899999999999999,0.0,-0.0038999999999999035,0.005515432893255002,tap3,fast,light,20260810_133647,False
1632508,0.0156,0.0273,0.9009,1632.508,500000,0.003899999999999999,-0.0038999999999999972,-0.007799999999999918,0.009553009996854326,tap3,fast,light,20260810_133647,False
1635015,0.0195,0.0156,0.9087,1635.015,500000,0.0078,-0.0156,0.0,0.01744133022449836,tap3,fast,light,20260810_133647,False
1637520,0.0117,0.0234,0.9048,1637.52,500000,0.0,-0.007799999999999998,-0.0038999999999999035,0.008720665112249134,tap3,fast,light,20260810_133647,False
1640029,0.0195,0.0351,0.9126,1640.029,500000,0.0078,0.0039000000000000007,0.0039000000000000146,0.0095530099968544,tap3,fast,light,20260810_133647,False
1642519,0.0234,0.0195,0.9087,1642.519,500000,0.0117,-0.011699999999999999,0.0,0.01654629867976521,tap3,fast,light,20260810_133647,False
1645021,0.0117,0.0312,0.9087,1645.021,500000,0.0,0.0,0.0,0.0,tap3,fast,light,20260810_133647,False
1647518,0.0078,0.0351,0.9087,1647.518,500000,-0.0039000000000000007,0.0039000000000000007,0.0,0.005515432893255071,tap3,fast,light,20260810_133647,False
1650006,0.0117,0.0429,0.9048,1650.006,500000,0.0,0.011700000000000002,-0.0038999999999999035,0.01233288287465665,tap3,fast,light,20260810_133647,False
1652526,0.0117,0.039,0.9009,1652.526,500000,0.0,0.007800000000000001,-0.007799999999999918,0.011030865786510084,tap3,fast,light,20260810_133647,False
1655000,0.0117,0.0312,0.9165,1655.0,500000,0.0,0.0,0.007800000000000029,0.007800000000000029,tap3,fast,light,20260810_133647,False
1657527,0.0078,0.039,0.9087,1657.527,500000,-0.0039000000000000007,0.007800000000000001,0.0,0.008720665112249181,tap3,fast,light,20260810_133647,False
1660018,0.0195,0.0429,0.9126,1660.018,500000,0.0078,0.011700000000000002,0.0039000000000000146,0.014592463808418377,tap3,fast,light,20260810_133647,False
1662506,0.0156,0.0234,0.9126,1662.506,500000,0.003899999999999999,-0.007799999999999998,0.0039000000000000146,0.009553009996854399,tap3,fast,light,20260810_133647,False
1665029,0.0117,0.0351,0.9165,1665.029,500000,0.0,0.0039000000000000007,0.007800000000000029,0.008720665112249207,tap3,fast,light,20260810_133647,False
1667504,0.0078,0.0312,0.9087,1667.504,500000,-0.0039000000000000007,0.0,0.0,0.0039000000000000007,tap3,fast,light,20260810_133647,False
1670026,0.0117,0.0273,0.9048,1670.026,500000,0.0,-0.0038999999999999972,-0.0038999999999999035,0.005515432893255,tap3,fast,light,20260810_133647,False
1672513,0.0117,0.0312,0.9087,1672.513,500000,0.0,0.0,0.0,0.0,tap3,fast,light,20260810_133647,False
1675018,0.0117,0.0312,0.9126,1675.018,500000,0.0,0.0,0.0039000000000000146,0.0039000000000000146,tap3,fast,light,20260810_133647,False
1677500,0.0078,0.0312,0.9087,1677.5,500000,-0.0039000000000000007,0.0,0.0,0.0039000000000000007,tap3,fast,light,20260810_133647,False
1680015,0.0078,0.0351,0.9243,1680.015,500000,-0.0039000000000000007,0.0039000000000000007,0.015600000000000058,0.01654629867976527,tap3,fast,light,20260810_133647,False
1682527,0.0117,0.0312,0.9126,1682.527,500000,0.0,0.0,0.0039000000000000146,0.0039000000000000146,tap3,fast,light,20260810_133647,False
1685006,0.0117,0.0273,0.9126,1685.006,500000,0.0,-0.0038999999999999972,0.0039000000000000146,0.005515432893255079,tap3,fast,light,20260810_133647,False
1687504,0.0117,0.0273,0.9087,1687.504,500000,0.0,-0.0038999999999999972,0.0,0.0038999999999999972,tap3,fast,light,20260810_133647,False
1690024,0.0078,0.039,0.9126,1690.024,500000,-0.0039000000000000007,0.007800000000000001,0.0039000000000000146,0.009553009996854402,tap3,fast,light,20260810_133647,False
1692508,0.0156,0.0273,0.9087,1692.508,500000,0.003899999999999999,-0.0038999999999999972,0.0,0.005515432893255068,tap3,fast,light,20260810_133647,False
1695014,0.0117,0.0234,0.9126,1695.014,500000,0.0,-0.007799999999999998,0.0039000000000000146,0.008720665112249185,tap3,fast,light,20260810_133647,False
1697512,0.0078,0.0273,0.9126,1697.512,500000,-0.0039000000000000007,-0.0038999999999999972,0.0039000000000000146,0.006754998149518628,tap3,fast,light,20260810_133647,False
1700011,0.0195,0.0234,0.9126,1700.011,500000,0.0078,-0.007799999999999998,0.0039000000000000146,0.011700000000000004,tap3,fast,light,20260810_133647,False
1702526,0.0117,0.0234,0.9126,1702.526,500000,0.0,-0.007799999999999998,0.0039000000000000146,0.008720665112249185,tap3,fast,light,20260810_133647,False
1705001,0.0117,0.0312,0.9243,1705.001,500000,0.0,0.0,0.015600000000000058,0.015600000000000058,tap3,fast,light,20260810_133647,False
1707529,0.0117,0.0273,0.9126,1707.529,500000,0.0,-0.0038999999999999972,0.0039000000000000146,0.005515432893255079,tap3,fast,light,20260810_133647,False
1710021,0.0117,0.0234,0.9087,1710.021,500000,0.0,-0.007799999999999998,0.0,0.007799999999999998,tap3,fast,light,20260810_133647,False
1712507,0.0195,0.0234,0.9048,1712.507,500000,0.0078,-0.007799999999999998,-0.0038999999999999035,0.011699999999999966,tap3,fast,light,20260810_133647,False
1715328,0.0156,0.0273,0.9204,1715.328,500000,0.003899999999999999,-0.0038999999999999972,0.011700000000000044,0.012934836682386097,tap3,fast,light,20260810_133647,False
1717506,0.0117,0.0273,0.9126,1717.506,500000,0.0,-0.0038999999999999972,0.0039000000000000146,0.005515432893255079,tap3,fast,light,20260810_133647,False
1720018,0.0078,0.0312,0.9165,1720.018,500000,-0.0039000000000000007,0.0,0.007800000000000029,0.008720665112249207,tap3,fast,light,20260810_133647,False
1722502,0.0078,0.0312,0.9165,1722.502,500000,-0.0039000000000000007,0.0,0.007800000000000029,0.008720665112249207,tap3,fast,light,20260810_133647,False
1725022,0.0156,0.0195,0.9126,1725.022,500000,0.003899999999999999,-0.011699999999999999,0.0039000000000000146,0.012934836682386062,tap3,fast,light,20260810_133647,False
1727528,0.0156,0.0312,0.9126,1727.528,500000,0.003899999999999999,0.0,0.0039000000000000146,0.00551543289325508,tap3,fast,light,20260810_133647,False
1730022,0.0117,0.0273,0.9204,1730.022,500000,0.0,-0.0038999999999999972,0.011700000000000044,0.01233288287465672,tap3,fast,light,20260810_133647,False
1732517,0.0156,0.0273,0.9009,1732.517,500000,0.003899999999999999,-0.0038999999999999972,-0.007799999999999918,0.009553009996854326,tap3,fast,light,20260810_133647,False
1735028,0.0156,0.0273,0.9126,1735.028,500000,0.003899999999999999,-0.0038999999999999972,0.0039000000000000146,0.006754998149518627,tap3,fast,light,20260810_133647,False
1737503,0.0195,0.0234,0.9048,1737.503,500000,0.0078,-0.007799999999999998,-0.0038999999999999035,0.011699999999999966,tap3,fast,light,20260810_133647,False
1740015,0.0156,0.0312,0.9126,1740.015,500000,0.003899999999999999,0.0,0.0039000000000000146,0.00551543289325508,tap3,fast,light,20260810_133647,False
1742505,0.0195,0.0273,0.9243,1742.505,500000,0.0078,-0.0038999999999999972,0.015600000000000058,0.017872045210327828,tap3,fast,light,20260810_133647,False
1745008,0.0195,0.0195,0.9087,1745.008,500000,0.0078,-0.011699999999999999,0.0,0.014061649974309557,tap3,fast,light,20260810_133647,False
1747506,0.0156,0.0312,0.9087,1747.506,500000,0.003899999999999999,0.0,0.0,0.003899999999999999,tap3,fast,light,20260810_133647,False
1750025,0.0234,0.0234,0.9204,1750.025,500000,0.0117,-0.007799999999999998,0.011700000000000044,0.0182926214633114,tap3,fast,light,20260810_133647,False
1752511,0.0156,0.0351,0.9087,1752.511,500000,0.003899999999999999,0.0039000000000000007,0.0,0.00551543289325507,tap3,fast,light,20260810_133647,False
1755015,0.0156,0.0312,0.9087,1755.015,500000,0.003899999999999999,0.0,0.0,0.003899999999999999,tap3,fast,light,20260810_133647,False
1757518,0.0156,0.0273,0.9204,1757.518,500000,0.003899999999999999,-0.0038999999999999972,0.011700000000000044,0.012934836682386097,tap3,fast,light,20260810_133647,False
1760009,0.0117,0.0273,0.9087,1760.009,500000,0.0,-0.0038999999999999972,0.0,0.0038999999999999972,tap3,fast,light,20260810_133647,False
1762524,0.0117,0.039,0.9048,1762.524,500000,0.0,0.007800000000000001,-0.0038999999999999035,0.008720665112249138,tap3,fast,light,20260810_133647,False
1765000,0.0078,0.0312,0.9087,1765.0,500000,-0.0039000000000000007,0.0,0.0,0.0039000000000000007,tap3,fast,light,20260810_133647,False
1767503,0.0078,0.0273,0.9165,1767.503,500000,-0.0039000000000000007,-0.0038999999999999972,0.007800000000000029,0.009553009996854418,tap3,fast,light,20260810_133647,False
1770020,0.0195,0.0312,0.9087,1770.02,500000,0.0078,0.0,0.0,0.0078,tap3,fast,light,20260810_133647,False
1772507,0.0117,0.0351,0.9126,1772.507,500000,0.0,0.0039000000000000007,0.0039000000000000146,0.005515432893255082,tap3,fast,light,20260810_133647,False
1775013,0.0117,0.0351,0.9087,1775.013,500000,0.0,0.0039000000000000007,0.0,0.0039000000000000007,tap3,fast,light,20260810_133647,False
1777500,0.0078,0.0273,0.9087,1777.5,500000,-0.0039000000000000007,-0.0038999999999999972,0.0,0.0055154328932550695,tap3,fast,light,20260810_133647,False
1780011,0.0117,0.0312,0.9087,1780.011,500000,0.0,0.0,0.0,0.0,tap3,fast,light,20260810_133647,False
1782524,0.0156,0.0351,0.9087,1782.524,500000,0.003899999999999999,0.0039000000000000007,0.0,0.00551543289325507,tap3,fast,light,20260810_133647,False
1785004,0.0156,0.0351,0.9126,1785.004,500000,0.003899999999999999,0.0039000000000000007,0.0039000000000000146,0.00675499814951863,tap3,fast,light,20260810_133647,False
1787503,0.0078,0.0312,0.9009,1787.503,500000,-0.0039000000000000007,0.0,-0.007799999999999918,0.008720665112249107,tap3,fast,light,20260810_133647,False
1790020,0.0195,0.0273,0.9048,1790.02,500000,0.0078,-0.0038999999999999972,-0.0038999999999999035,0.009553009996854354,tap3,fast,light,20260810_133647,False
1792506,0.0156,0.0312,0.9204,1792.506,500000,0.003899999999999999,0.0,0.011700000000000044,0.01233288287465672,tap3,fast,light,20260810_133647,False
1795013,0.0117,0.0273,0.9126,1795.013,500000,0.0,-0.0038999999999999972,0.0039000000000000146,0.005515432893255079,tap3,fast,light,20260810_133647,False
1797500,0.0156,0.0312,0.9126,1797.5,500000,0.003899999999999999,0.0,0.0039000000000000146,0.00551543289325508,tap3,fast,light,20260810_133647,False
1800025,0.0156,0.0273,0.9087,1800.025,500000,0.003899999999999999,-0.0038999999999999972,0.0,0.005515432893255068,tap3,fast,light,20260810_133647,False
1802510,0.0156,0.0312,0.9126,1802.51,500000,0.003899999999999999,0.0,0.0039000000000000146,0.00551543289325508,tap3,fast,light,20260810_133647,False
1805015,0.0156,0.0234,0.9087,1805.015,500000,0.003899999999999999,-0.007799999999999998,0.0,0.008720665112249178,tap3,fast,light,20260810_133647,False
1807518,0.0117,0.0312,0.9087,1807.518,500000,0.0,0.0,0.0,0.0,tap3,fast,light,20260810_133647,False
1810007,0.0156,0.0312,0.9126,1810.007,500000,0.003899999999999999,0.0,0.0039000000000000146,0.00551543289325508,tap3,fast,light,20260810_133647,False
1812524,0.0117,0.0234,0.9087,1812.524,500000,0.0,-0.007799999999999998,0.0,0.007799999999999998,tap3,fast,light,20260810_133647,False
1815027,0.0078,0.0351,0.9165,1815.027,500000,-0.0039000000000000007,0.0039000000000000007,0.007800000000000029,0.00955300999685442,tap3,fast,light,20260810_133647,False
1817525,0.0156,0.0273,0.9048,1817.525,500000,0.003899999999999999,-0.0038999999999999972,-0.0038999999999999035,0.006754998149518563,tap3,fast,light,20260810_133647,False
1820012,0.0156,0.0273,0.9165,1820.012,500000,0.003899999999999999,-0.0038999999999999972,0.007800000000000029,0.009553009996854416,tap3,fast,light,20260810_133647,False
1822528,0.0156,0.0273,0.9048,1822.528,500000,0.003899999999999999,-0.0038999999999999972,-0.0038999999999999035,0.006754998149518563,tap3,fast,light,20260810_133647,False
1825000,0.0195,0.0273,0.9009,1825.0,500000,0.0078,-0.0038999999999999972,-0.007799999999999918,0.011699999999999945,tap3,fast,light,20260810_133647,False
1827508,0.0195,0.0273,0.9009,1827.508,500000,0.0078,-0.0038999999999999972,-0.007799999999999918,0.011699999999999945,tap3,fast,light,20260810_133647,False
1830003,0.0078,0.0234,0.9048,1830.003,500000,-0.0039000000000000007,-0.007799999999999998,-0.0038999999999999035,0.009553009996854354,tap3,fast,light,20260810_133647,False
1832521,0.0156,0.0234,0.9048,1832.521,500000,0.003899999999999999,-0.007799999999999998,-0.0038999999999999035,0.009553009996854354,tap3,fast,light,20260810_133647,False
1835029,0.0117,0.0312,0.9126,1835.029,500000,0.0,0.0,0.0039000000000000146,0.0039000000000000146,tap3,fast,light,20260810_133647,False
1837502,0.0117,0.0429,0.9126,1837.502,500000,0.0,0.011700000000000002,0.0039000000000000146,0.012332882874656687,tap3,fast,light,20260810_133647,False
1840004,0.0156,0.0351,0.9165,1840.004,500000,0.003899999999999999,0.0039000000000000007,0.007800000000000029,0.009553009996854418,tap3,fast,light,20260810_133647,False
1842521,0.0117,0.0234,0.9048,1842.521,500000,0.0,-0.007799999999999998,-0.0038999999999999035,0.008720665112249134,tap3,fast,light,20260810_133647,False
1845026,0.0117,0.0351,0.897,1845.026,500000,0.0,0.0039000000000000007,-0.011699999999999933,0.012332882874656616,tap3,fast,light,20260810_133647,False
1847522,0.0195,0.0312,0.9087,1847.522,500000,0.0078,0.0,0.0,0.0078,tap3,fast,light,20260810_133647,False
1850010,0.0195,0.0273,0.9009,1850.01,500000,0.0078,-0.0038999999999999972,-0.007799999999999918,0.011699999999999945,tap3,fast,light,20260810_133647,False
1852521,0.0117,0.0351,0.9165,1852.521,500000,0.0,0.0039000000000000007,0.007800000000000029,0.008720665112249207,tap3,fast,light,20260810_133647,False
1855025,0.0078,0.0312,0.9087,1855.025,500000,-0.0039000000000000007,0.0,0.0,0.0039000000000000007,tap3,fast,light,20260810_133647,False
1857527,0.0156,0.039,0.9048,1857.527,500000,0.003899999999999999,0.007800000000000001,-0.0038999999999999035,0.009553009996854355,tap3,fast,light,20260810_133647,False
1860020,0.0156,0.0312,0.9009,1860.02,500000,0.003899999999999999,0.0,-0.007799999999999918,0.008720665112249105,tap3,fast,light,20260810_133647,False
1862510,0.0117,0.0351,0.9126,1862.51,500000,0.0,0.0039000000000000007,0.0039000000000000146,0.005515432893255082,tap3,fast,light,20260810_133647,False
1865018,0.0117,0.0312,0.9087,1865.018,500000,0.0,0.0,0.0,0.0,tap3,fast,light,20260810_133647,False
1867512,0.0156,0.0312,0.9126,1867.512,500000,0.003899999999999999,0.0,0.0039000000000000146,0.00551543289325508,tap3,fast,light,20260810_133647,False
1870001,0.0156,0.0273,0.9048,1870.001,500000,0.003899999999999999,-0.0038999999999999972,-0.0038999999999999035,0.006754998149518563,tap3,fast,light,20260810_133647,False
1872516,0.0117,0.0234,0.9009,1872.516,500000,0.0,-0.007799999999999998,-0.007799999999999918,0.011030865786510082,tap3,fast,light,20260810_133647,False
1875019,0.0078,0.0351,0.9048,1875.019,500000,-0.0039000000000000007,0.0039000000000000007,-0.0038999999999999035,0.006754998149518567,tap3,fast,light,20260810_133647,False
1877518,0.0078,0.0312,0.9009,1877.518,500000,-0.0039000000000000007,0.0,-0.007799999999999918,0.008720665112249107,tap3,fast,light,20260810_133647,False
1880000,0.0039,0.0312,0.9087,1880.0,500000,-0.0078000000000000005,0.0,0.0,0.0078000000000000005,tap3,fast,light,20260810_133647,False
1882513,0.0156,0.0234,0.9087,1882.513,500000,0.003899999999999999,-0.007799999999999998,0.0,0.008720665112249178,tap3,fast,light,20260810_133647,False
1885022,0.0078,0.0351,0.9087,1885.022,500000,-0.0039000000000000007,0.0039000000000000007,0.0,0.005515432893255071,tap3,fast,light,20260810_133647,False
1887523,0.0195,0.0312,0.9087,1887.523,500000,0.0078,0.0,0.0,0.0078,tap3,fast,light,20260810_133647,False
1890010,0.0117,0.0273,0.9165,1890.01,500000,0.0,-0.0038999999999999972,0.007800000000000029,0.008720665112249205,tap3,fast,light,20260810_133647,False
1892524,0.0156,0.0234,0.9126,1892.524,500000,0.003899999999999999,-0.007799999999999998,0.0039000000000000146,0.009553009996854399,tap3,fast,light,20260810_133647,False
1895027,0.0234,0.0273,0.9087,1895.027,500000,0.0117,-0.0038999999999999972,0.0,0.012332882874656679,tap3,fast,light,20260810_133647,False
1897525,0.0156,0.0351,0.9087,1897.525,500000,0.003899999999999999,0.0039000000000000007,0.0,0.00551543289325507,tap3,fast,light,20260810_133647,False
1900011,0.0117,0.0312,0.9048,1900.011,500000,0.0,0.0,-0.0038999999999999035,0.0038999999999999035,tap3,fast,light,20260810_133647,False
1902521,0.0117,0.0273,0.9009,1902.521,500000,0.0,-0.0038999999999999972,-0.007799999999999918,0.008720665112249105,tap3,fast,light,20260810_133647,False
1905029,0.0156,0.0351,0.9087,1905.029,500000,0.003899999999999999,0.0039000000000000007,0.0,0.00551543289325507,tap3,fast,light,20260810_133647,False
1907529,0.0117,0.039,0.9126,1907.529,500000,0.0,0.007800000000000001,0.0039000000000000146,0.008720665112249188,tap3,fast,light,20260810_133647,False
1910019,0.0156,0.0273,0.9087,1910.019,500000,0.003899999999999999,-0.0038999999999999972,0.0,0.005515432893255068,tap3,fast,light,20260810_133647,False
1912506,0.0078,0.0312,0.9087,1912.506,500000,-0.0039000000000000007,0.0,0.0,0.0039000000000000007,tap3,fast,light,20260810_133647,False
1915013,0.0078,0.0273,0.9048,1915.013,500000,-0.0039000000000000007,-0.0038999999999999972,-0.0038999999999999035,0.006754998149518564,tap3,fast,light,20260810_133647,False
1917513,0.0039,0.0312,0.9165,1917.513,500000,-0.0078000000000000005,0.0,0.007800000000000029,0.011030865786510162,tap3,fast,light,20260810_133647,False
1920176,0.0078,0.0273,0.9126,1920.176,500000,-0.0039000000000000007,-0.0038999999999999972,0.0039000000000000146,0.006754998149518628,tap3,fast,light,20260810_133647,False
1922529,0.0117,0.0273,0.9048,1922.529,500000,0.0,-0.0038999999999999972,-0.0038999999999999035,0.005515432893255,tap3,fast,light,20260810_133647,False
1925003,0.0156,0.0312,0.9087,1925.003,500000,0.003899999999999999,0.0,0.0,0.003899999999999999,tap3,fast,light,20260810_133647,False
1927523,0.0117,0.0273,0.9087,1927.523,500000,0.0,-0.0038999999999999972,0.0,0.0038999999999999972,tap3,fast,light,20260810_133647,False
1930011,0.0117,0.0273,0.9087,1930.011,500000,0.0,-0.0038999999999999972,0.0,0.0038999999999999972,tap3,fast,light,20260810_133647,False
1932524,0.0156,0.0312,0.9126,1932.524,500000,0.003899999999999999,0.0,0.0039000000000000146,0.00551543289325508,tap3,fast,light,20260810_133647,False
1935002,0.0156,0.0312,0.9126,1935.002,500000,0.003899999999999999,0.0,0.0039000000000000146,0.00551543289325508,tap3,fast,light,20260810_133647,False
1937505,0.0078,0.039,0.9009,1937.505,500000,-0.0039000000000000007,0.007800000000000001,-0.007799999999999918,0.011699999999999947,tap3,fast,light,20260810_133647,False
1940010,0.0156,0.0351,0.9087,1940.01,500000,0.003899999999999999,0.0039000000000000007,0.0,0.00551543289325507,tap3,fast,light,20260810_133647,False
1942527,0.0156,0.0312,0.9048,1942.527,500000,0.003899999999999999,0.0,-0.0038999999999999035,0.005515432893255002,tap3,fast,light,20260810_133647,False
1945002,0.0117,0.0273,0.9087,1945.002,500000,0.0,-0.0038999999999999972,0.0,0.0038999999999999972,tap3,fast,light,20260810_133647,False
1947506,0.0156,0.0351,0.9009,1947.506,500000,0.003899999999999999,0.0039000000000000007,-0.007799999999999918,0.009553009996854328,tap3,fast,light,20260810_133647,False
1950028,0.0156,0.0195,0.9126,1950.028,500000,0.003899999999999999,-0.011699999999999999,0.0039000000000000146,0.012934836682386062,tap3,fast,light,20260810_133647,False
1952514,0.0117,0.0351,0.9126,1952.514,500000,0.0,0.0039000000000000007,0.0039000000000000146,0.005515432893255082,tap3,fast,light,20260810_133647,False
1955019,0.0117,0.0234,0.9204,1955.019,500000,0.0,-0.007799999999999998,0.011700000000000044,0.014061649974309594,tap3,fast,light,20260810_133647,False
1957518,0.0117,0.0273,0.9126,1957.518,500000,0.0,-0.0038999999999999972,0.0039000000000000146,0.005515432893255079,tap3,fast,light,20260810_133647,False
1960008,0.0117,0.0273,0.9009,1960.008,500000,0.0,-0.0038999999999999972,-0.007799999999999918,0.008720665112249105,tap3,fast,light,20260810_133647,False
1962520,0.0117,0.0312,0.9087,1962.52,500000,0.0,0.0,0.0,0.0,tap3,fast,light,20260810_133647,False
1965022,0.0156,0.0234,0.9126,1965.022,500000,0.003899999999999999,-0.007799999999999998,0.0039000000000000146,0.009553009996854399,tap3,fast,light,20260810_133647,False
1967523,0.0156,0.0234,0.9165,1967.523,500000,0.003899999999999999,-0.007799999999999998,0.007800000000000029,0.011700000000000018,tap3,fast,light,20260810_133647,False
1970011,0.0078,0.039,0.9204,1970.011,500000,-0.0039000000000000007,0.007800000000000001,0.011700000000000044,0.014592463808418409,tap3,fast,light,20260810_133647,False
1972529,0.0117,0.0273,0.9126,1972.529,500000,0.0,-0.0038999999999999972,0.0039000000000000146,0.005515432893255079,tap3,fast,light,20260810_133647,False
1975001,0.0078,0.0312,0.9048,1975.001,500000,-0.0039000000000000007,0.0,-0.0038999999999999035,0.005515432893255003,tap3,fast,light,20260810_133647,False
1977508,0.0156,0.0312,0.9126,1977.508,500000,0.003899999999999999,0.0,0.0039000000000000146,0.00551543289325508,tap3,fast,light,20260810_133647,False
1980023,0.0117,0.0312,0.9087,1980.023,500000,0.0,0.0,0.0,0.0,tap3,fast,light,20260810_133647,False
1982507,0.0078,0.0351,0.9087,1982.507,500000,-0.0039000000000000007,0.0039000000000000007,0.0,0.005515432893255071,tap3,fast,light,20260810_133647,False
1985017,0.0156,0.0312,0.9048,1985.017,500000,0.003899999999999999,0.0,-0.0038999999999999035,0.005515432893255002,tap3,fast,light,20260810_133647,False
1987514,0.0156,0.0273,0.9009,1987.514,500000,0.003899999999999999,-0.0038999999999999972,-0.007799999999999918,0.009553009996854326,tap3,fast,light,20260810_133647,False
1990006,0.0117,0.0273,0.9126,1990.006,500000,0.0,-0.0038999999999999972,0.0039000000000000146,0.005515432893255079,tap3,fast,light,20260810_133647,False
1992504,0.0117,0.0351,0.9126,1992.504,500000,0.0,0.0039000000000000007,0.0039000000000000146,0.005515432893255082,tap3,fast,light,20260810_133647,False
1995015,0.0078,0.039,0.9048,1995.015,500000,-0.0039000000000000007,0.007800000000000001,-0.0038999999999999035,0.009553009996854357,tap3,fast,light,20260810_133647,False
1997513,0.0156,0.0351,0.9009,1997.513,500000,0.003899999999999999,0.0039000000000000007,-0.007799999999999918,0.009553009996854328,tap3,fast,light,20260810_133647,False
2000005,0.0117,0.0273,0.9048,2000.005,500000,0.0,-0.0038999999999999972,-0.0038999999999999035,0.005515432893255,tap3,fast,light,20260810_133647,False
2002523,0.0156,0.0273,0.9009,2002.523,500000,0.003899999999999999,-0.0038999999999999972,-0.007799999999999918,0.009553009996854326,tap3,fast,light,20260810_133647,False
2005027,0.0078,0.0312,0.9165,2005.027,500000,-0.0039000000000000007,0.0,0.007800000000000029,0.008720665112249207,tap3,fast,light,20260810_133647,False
2007527,0.0156,0.0312,0.9048,2007.527,500000,0.003899999999999999,0.0,-0.0038999999999999035,0.005515432893255002,tap3,fast,light,20260810_133647,False
2010019,0.0156,0.0351,0.9087,2010.019,500000,0.003899999999999999,0.0039000000000000007,0.0,0.00551543289325507,tap3,fast,light,20260810_133647,False
2012508,0.0195,0.0312,0.9048,2012.508,500000,0.0078,0.0,-0.0038999999999999035,0.008720665112249136,tap3,fast,light,20260810_133647,False
2015014,0.0195,0.0234,0.9087,2015.014,500000,0.0078,-0.007799999999999998,0.0,0.011030865786510139,tap3,fast,light,20260810_133647,False
2017512,0.0117,0.0312,0.9126,2017.512,500000,0.0,0.0,0.0039000000000000146,0.0039000000000000146,tap3,fast,light,20260810_133647,False
2020028,0.0156,0.0234,0.9087,2020.028,500000,0.003899999999999999,-0.007799999999999998,0.0,0.008720665112249178,tap3,fast,light,20260810_133647,False
2022566,0.0117,0.0273,0.9165,2022.566,500000,0.0,-0.0038999999999999972,0.007800000000000029,0.008720665112249205,tap3,fast,light,20260810_133647,False
2025023,0.0078,0.0312,0.9048,2025.023,500000,-0.0039000000000000007,0.0,-0.0038999999999999035,0.005515432893255003,tap3,fast,light,20260810_133647,False
2027522,0.0117,0.0312,0.9009,2027.522,500000,0.0,0.0,-0.007799999999999918,0.007799999999999918,tap3,fast,light,20260810_133647,False
2030003,0.0156,0.0234,0.9009,2030.003,500000,0.003899999999999999,-0.007799999999999998,-0.007799999999999918,0.011699999999999943,tap3,fast,light,20260810_133647,False
2032516,0.0156,0.0273,0.9048,2032.516,500000,0.003899999999999999,-0.0038999999999999972,-0.0038999999999999035,0.006754998149518563,tap3,fast,light,20260810_133647,False
2035025,0.0156,0.0312,0.9048,2035.025,500000,0.003899999999999999,0.0,-0.0038999999999999035,0.005515432893255002,tap3,fast,light,20260810_133647,False
2037524,0.0195,0.0351,0.9087,2037.524,500000,0.0078,0.0039000000000000007,0.0,0.00872066511224918,tap3,fast,light,20260810_133647,False
2040026,0.0195,0.0234,0.9126,2040.026,500000,0.0078,-0.007799999999999998,0.0039000000000000146,0.011700000000000004,tap3,fast,light,20260810_133647,False
2042513,0.0195,0.0234,0.9126,2042.513,500000,0.0078,-0.007799999999999998,0.0039000000000000146,0.011700000000000004,tap3,fast,light,20260810_133647,False
2045019,0.0117,0.0234,0.9165,2045.019,500000,0.0,-0.007799999999999998,0.007800000000000029,0.01103086578651016,tap3,fast,light,20260810_133647,False
2047520,0.0156,0.0273,0.9087,2047.52,500000,0.003899999999999999,-0.0038999999999999972,0.0,0.005515432893255068,tap3,fast,light,20260810_133647,False
2050005,0.0117,0.0234,0.9087,2050.005,500000,0.0,-0.007799999999999998,0.0,0.007799999999999998,tap3,fast,light,20260810_133647,False
2052514,0.0156,0.0312,0.9087,2052.514,500000,0.003899999999999999,0.0,0.0,0.003899999999999999,tap3,fast,light,20260810_133647,False
2055021,0.0156,0.0351,0.9087,2055.021,500000,0.003899999999999999,0.0039000000000000007,0.0,0.00551543289325507,tap3,fast,light,20260810_133647,False
2057522,0.0195,0.0312,0.9087,2057.522,500000,0.0078,0.0,0.0,0.0078,tap3,fast,light,20260810_133647,False
2060002,0.0078,0.0351,0.9009,2060.002,500000,-0.0039000000000000007,0.0039000000000000007,-0.007799999999999918,0.009553009996854328,tap3,fast,light,20260810_133647,False
2062516,0.0078,0.0429,0.9048,2062.516,500000,-0.0039000000000000007,0.011700000000000002,-0.0038999999999999035,0.012934836682386033,tap3,fast,light,20260810_133647,False
2065021,0.0117,0.039,0.9048,2065.021,500000,0.0,0.007800000000000001,-0.0038999999999999035,0.008720665112249138,tap3,fast,light,20260810_133647,False
2067526,0.0117,0.0312,0.9009,2067.526,500000,0.0,0.0,-0.007799999999999918,0.007799999999999918,tap3,fast,light,20260810_133647,False
2070014,0.0078,0.0312,0.9126,2070.014,500000,-0.0039000000000000007,0.0,0.0039000000000000146,0.005515432893255082,tap3,fast,light,20260810_133647,False
2072528,0.0117,0.0351,0.9204,2072.528,500000,0.0,0.0039000000000000007,0.011700000000000044,0.012332882874656722,tap3,fast,light,20260810_133647,False
2075004,0.0156,0.0351,0.9165,2075.004,500000,0.003899999999999999,0.0039000000000000007,0.007800000000000029,0.009553009996854418,tap3,fast,light,20260810_133647,False
2077515,0.0117,0.0312,0.9126,2077.515,500000,0.0,0.0,0.0039000000000000146,0.0039000000000000146,tap3,fast,light,20260810_133647,False
2080027,0.0117,0.0312,0.9048,2080.027,500000,0.0,0.0,-0.0038999999999999035,0.0038999999999999035,tap3,fast,light,20260810_133647,False
2082508,0.0156,0.0273,0.9009,2082.508,500000,0.003899999999999999,-0.0038999999999999972,-0.007799999999999918,0.009553009996854326,tap3,fast,light,20260810_133647,False
2085021,0.0156,0.0351,0.9048,2085.021,500000,0.003899999999999999,0.0039000000000000007,-0.0038999999999999035,0.006754998149518566,tap3,fast,light,20260810_133647,False
2087525,0.0078,0.0273,0.9009,2087.525,500000,-0.0039000000000000007,-0.0038999999999999972,-0.007799999999999918,0.009553009996854326,tap3,fast,light,20260810_133647,False
2090012,0.0078,0.0312,0.9204,2090.012,500000,-0.0039000000000000007,0.0,0.011700000000000044,0.012332882874656722,tap3,fast,light,20260810_133647,False
2092527,0.0117,0.0273,0.9204,2092.527,500000,0.0,-0.0038999999999999972,0.011700000000000044,0.01233288287465672,tap3,fast,light,20260810_133647,False
2095002,0.0117,0.0351,0.9243,2095.002,500000,0.0,0.0039000000000000007,0.015600000000000058,0.016080111939908933,tap3,fast,light,20260810_133647,False
2097529,0.0156,0.0351,0.9165,2097.529,500000,0.003899999999999999,0.0039000000000000007,0.007800000000000029,0.009553009996854418,tap3,fast,light,20260810_133647,False
2100017,0.0117,0.0351,0.9048,2100.017,500000,0.0,0.0039000000000000007,-0.0038999999999999035,0.005515432893255003,tap3,fast,light,20260810_133647,False
2102504,0.0195,0.0273,0.9048,2102.504,500000,0.0078,-0.0038999999999999972,-0.0038999999999999035,0.009553009996854354,tap3,fast,light,20260810_133647,False
2105008,0.0117,0.0273,0.9126,2105.008,500000,0.0,-0.0038999999999999972,0.0039000000000000146,0.005515432893255079,tap3,fast,light,20260810_133647,False
2107506,0.0117,0.039,0.9126,2107.506,500000,0.0,0.007800000000000001,0.0039000000000000146,0.008720665112249188,tap3,fast,light,20260810_133647,False
2110026,0.0156,0.0273,0.9087,2110.026,500000,0.003899999999999999,-0.0038999999999999972,0.0,0.005515432893255068,tap3,fast,light,20260810_133647,False
2112511,0.0078,0.0273,0.9165,2112.511,500000,-0.0039000000000000007,-0.0038999999999999972,0.007800000000000029,0.009553009996854418,tap3,fast,light,20260810_133647,False
2115019,0.0117,0.0273,0.9048,2115.019,500000,0.0,-0.0038999999999999972,-0.0038999999999999035,0.005515432893255,tap3,fast,light,20260810_133647,False
2117520,0.0117,0.0312,0.9048,2117.52,500000,0.0,0.0,-0.0038999999999999035,0.0038999999999999035,tap3,fast,light,20260810_133647,False
2120009,0.0117,0.0273,0.9126,2120.009,500000,0.0,-0.0038999999999999972,0.0039000000000000146,0.005515432893255079,tap3,fast,light,20260810_133647,False
2122528,0.0117,0.0312,0.9087,2122.528,500000,0.0,0.0,0.0,0.0,tap3,fast,light,20260810_133647,False
2125016,0.0117,0.0312,0.9009,2125.016,500000,0.0,0.0,-0.007799999999999918,0.007799999999999918,tap3,fast,light,20260810_133647,False
2127522,0.0156,0.0195,0.9087,2127.522,500000,0.003899999999999999,-0.011699999999999999,0.0,0.012332882874656677,tap3,fast,light,20260810_133647,False
2130016,0.0078,0.0273,0.9087,2130.016,500000,-0.0039000000000000007,-0.0038999999999999972,0.0,0.0055154328932550695,tap3,fast,light,20260810_133647,False
2132501,0.0117,0.0273,0.9048,2132.501,500000,0.0,-0.0038999999999999972,-0.0038999999999999035,0.005515432893255,tap3,fast,light,20260810_133647,False
2135009,0.0117,0.0312,0.9048,2135.009,500000,0.0,0.0,-0.0038999999999999035,0.0038999999999999035,tap3,fast,light,20260810_133647,False
2137514,0.0078,0.0312,0.9087,2137.514,500000,-0.0039000000000000007,0.0,0.0,0.0039000000000000007,tap3,fast,light,20260810_133647,False
2140017,0.0117,0.039,0.9009,2140.017,500000,0.0,0.007800000000000001,-0.007799999999999918,0.011030865786510084,tap3,fast,light,20260810_133647,False
2142504,0.0117,0.0351,0.9126,2142.504,500000,0.0,0.0039000000000000007,0.0039000000000000146,0.005515432893255082,tap3,fast,light,20260810_133647,False
2145008,0.0117,0.0312,0.9165,2145.008,500000,0.0,0.0,0.007800000000000029,0.007800000000000029,tap3,fast,light,20260810_133647,False
2147511,0.0117,0.0312,0.9165,2147.511,500000,0.0,0.0,0.007800000000000029,0.007800000000000029,tap3,fast,light,20260810_133647,False
2150028,0.0117,0.0312,0.9087,2150.028,500000,0.0,0.0,0.0,0.0,tap3,fast,light,20260810_133647,False
2152515,0.0117,0.0312,0.9126,2152.515,500000,0.0,0.0,0.0039000000000000146,0.0039000000000000146,tap3,fast,light,20260810_133647,False
2155019,0.0156,0.039,0.9126,2155.019,500000,0.003899999999999999,0.007800000000000001,0.0039000000000000146,0.0095530099968544,tap3,fast,light,20260810_133647,False
2157521,0.0156,0.0351,0.9126,2157.521,500000,0.003899999999999999,0.0039000000000000007,0.0039000000000000146,0.00675499814951863,tap3,fast,light,20260810_133647,False
2160010,0.0117,0.0273,0.9165,2160.01,500000,0.0,-0.0038999999999999972,0.007800000000000029,0.008720665112249205,tap3,fast,light,20260810_133647,False
2162519,0.0195,0.0234,0.9165,2162.519,500000,0.0078,-0.007799999999999998,0.007800000000000029,0.013509996299037258,tap3,fast,light,20260810_133647,False
2165025,0.0234,0.0273,0.9282,2165.025,500000,0.0117,-0.0038999999999999972,0.019500000000000073,0.023072711154088564,tap3,fast,light,20260810_133647,False
2167526,0.0195,0.0312,0.9165,2167.526,500000,0.0078,0.0,0.007800000000000029,0.011030865786510162,tap3,fast,light,20260810_133647,False
2170013,0.0195,0.0312,0.9126,2170.013,500000,0.0078,0.0,0.0039000000000000146,0.008720665112249186,tap3,fast,light,20260810_133647,False
2172522,0.0117,0.039,0.9126,2172.522,500000,0.0,0.007800000000000001,0.0039000000000000146,0.008720665112249188,tap3,fast,light,20260810_133647,False
2175027,0.0195,0.0273,0.9087,2175.027,500000,0.0078,-0.0038999999999999972,0.0,0.00872066511224918,tap3,fast,light,20260810_133647,False
2177528,0.0156,0.0312,0.9087,2177.528,500000,0.003899999999999999,0.0,0.0,0.003899999999999999,tap3,fast,light,20260810_133647,False
2180019,0.0156,0.0234,0.9087,2180.019,500000,0.003899999999999999,-0.007799999999999998,0.0,0.008720665112249178,tap3,fast,light,20260810_133647,False
2182501,0.0195,0.0312,0.9126,2182.501,500000,0.0078,0.0,0.0039000000000000146,0.008720665112249186,tap3,fast,light,20260810_133647,False
2185012,0.0195,0.0273,0.9087,2185.012,500000,0.0078,-0.0038999999999999972,0.0,0.00872066511224918,tap3,fast,light,20260810_133647,False
2187515,0.0195,0.039,0.9204,2187.515,500000,0.0078,0.007800000000000001,0.011700000000000044,0.01608011193990891,tap3,fast,light,20260810_133647,False
2190020,0.0078,0.0273,0.9048,2190.02,500000,-0.0039000000000000007,-0.0038999999999999972,-0.0038999999999999035,0.006754998149518564,tap3,fast,light,20260810_133647,False
2192508,0.0234,0.0234,0.9048,2192.508,500000,0.0117,-0.007799999999999998,-0.0038999999999999035,0.014592463808418344,tap3,fast,light,20260810_133647,False
2195014,0.0078,0.0351,0.9048,2195.014,500000,-0.0039000000000000007,0.0039000000000000007,-0.0038999999999999035,0.006754998149518567,tap3,fast,light,20260810_133647,False
2197514,0.0039,0.039,0.9126,2197.514,500000,-0.0078000000000000005,0.007800000000000001,0.0039000000000000146,0.011700000000000006,tap3,fast,light,20260810_133647,False
2200002,0.0078,0.0312,0.9126,2200.002,500000,-0.0039000000000000007,0.0,0.0039000000000000146,0.005515432893255082,tap3,fast,light,20260810_133647,False
2202519,0.0156,0.0312,0.9126,2202.519,500000,0.003899999999999999,0.0,0.0039000000000000146,0.00551543289325508,tap3,fast,light,20260810_133647,False
2205025,0.0078,0.0273,0.9087,2205.025,500000,-0.0039000000000000007,-0.0038999999999999972,0.0,0.0055154328932550695,tap3,fast,light,20260810_133647,False
2207521,0.0156,0.0312,0.9126,2207.521,500000,0.003899999999999999,0.0,0.0039000000000000146,0.00551543289325508,tap3,fast,light,20260810_133647,False
2210009,0.0117,0.0273,0.9087,2210.009,500000,0.0,-0.0038999999999999972,0.0,0.0038999999999999972,tap3,fast,light,20260810_133647,False
2212520,0.0117,0.0273,0.9126,2212.52,500000,0.0,-0.0038999999999999972,0.0039000000000000146,0.005515432893255079,tap3,fast,light,20260810_133647,False
2215025,0.0117,0.0312,0.9009,2215.025,500000,0.0,0.0,-0.007799999999999918,0.007799999999999918,tap3,fast,light,20260810_133647,False
2217522,0.0156,0.0351,0.9165,2217.522,500000,0.003899999999999999,0.0039000000000000007,0.007800000000000029,0.009553009996854418,tap3,fast,light,20260810_133647,False
2220008,0.0117,0.0273,0.9009,2220.008,500000,0.0,-0.0038999999999999972,-0.007799999999999918,0.008720665112249105,tap3,fast,light,20260810_133647,False
2222524,0.0078,0.0351,0.9087,2222.524,500000,-0.0039000000000000007,0.0039000000000000007,0.0,0.005515432893255071,tap3,fast,light,20260810_133647,False
2225015,0.0078,0.0312,0.9087,2225.015,500000,-0.0039000000000000007,0.0,0.0,0.0039000000000000007,tap3,fast,light,20260810_133647,False
2227521,0.0117,0.0195,0.9087,2227.521,500000,0.0,-0.011699999999999999,0.0,0.011699999999999999,tap3,fast,light,20260810_133647,False
2230012,0.0117,0.0312,0.9087,2230.012,500000,0.0,0.0,0.0,0.0,tap3,fast,light,20260810_133647,False
2232524,0.0156,0.0273,0.9009,2232.524,500000,0.003899999999999999,-0.0038999999999999972,-0.007799999999999918,0.009553009996854326,tap3,fast,light,20260810_133647,False
2235001,0.0078,0.0351,0.9087,2235.001,500000,-0.0039000000000000007,0.0039000000000000007,0.0,0.005515432893255071,tap3,fast,light,20260810_133647,False
2237528,0.0156,0.039,0.9048,2237.528,500000,0.003899999999999999,0.007800000000000001,-0.0038999999999999035,0.009553009996854355,tap3,fast,light,20260810_133647,False
2240000,0.0156,0.0273,0.9165,2240.0,500000,0.003899999999999999,-0.0038999999999999972,0.007800000000000029,0.009553009996854416,tap3,fast,light,20260810_133647,False
2242515,0.0117,0.039,0.9126,2242.515,500000,0.0,0.007800000000000001,0.0039000000000000146,0.008720665112249188,tap3,fast,light,20260810_133647,False
2245021,0.0117,0.0312,0.9087,2245.021,500000,0.0,0.0,0.0,0.0,tap3,fast,light,20260810_133647,False
2247520,0.0117,0.039,0.9165,2247.52,500000,0.0,0.007800000000000001,0.007800000000000029,0.011030865786510163,tap3,fast,light,20260810_133647,False
2250005,0.0117,0.0273,0.9087,2250.005,500000,0.0,-0.0038999999999999972,0.0,0.0038999999999999972,tap3,fast,light,20260810_133647,False
2252515,0.0117,0.0273,0.9087,2252.515,500000,0.0,-0.0038999999999999972,0.0,0.0038999999999999972,tap3,fast,light,20260810_133647,False
2255025,0.0117,0.0273,0.9087,2255.025,500000,0.0,-0.0038999999999999972,0.0,0.0038999999999999972,tap3,fast,light,20260810_133647,False
2257524,0.0156,0.0273,0.9087,2257.524,500000,0.003899999999999999,-0.0038999999999999972,0.0,0.005515432893255068,tap3,fast,light,20260810_133647,False
2260020,0.0117,0.0234,0.9009,2260.02,500000,0.0,-0.007799999999999998,-0.007799999999999918,0.011030865786510082,tap3,fast,light,20260810_133647,False
2262529,0.0117,0.0351,0.9126,2262.529,500000,0.0,0.0039000000000000007,0.0039000000000000146,0.005515432893255082,tap3,fast,light,20260810_133647,False
2265003,0.0078,0.0312,0.9048,2265.003,500000,-0.0039000000000000007,0.0,-0.0038999999999999035,0.005515432893255003,tap3,fast,light,20260810_133647,False
2267527,0.0195,0.0273,0.9126,2267.527,500000,0.0078,-0.0038999999999999972,0.0039000000000000146,0.0095530099968544,tap3,fast,light,20260810_133647,False
2270014,0.0078,0.0273,0.9048,2270.014,500000,-0.0039000000000000007,-0.0038999999999999972,-0.0038999999999999035,0.006754998149518564,tap3,fast,light,20260810_133647,False
2272528,0.0117,0.0273,0.9165,2272.528,500000,0.0,-0.0038999999999999972,0.007800000000000029,0.008720665112249205,tap3,fast,light,20260810_133647,False
2275003,0.0156,0.0312,0.9048,2275.003,500000,0.003899999999999999,0.0,-0.0038999999999999035,0.005515432893255002,tap3,fast,light,20260810_133647,False
2277526,0.0117,0.0234,0.9165,2277.526,500000,0.0,-0.007799999999999998,0.007800000000000029,0.01103086578651016,tap3,fast,light,20260810_133647,False
2280023,0.0156,0.0351,0.9126,2280.023,500000,0.003899999999999999,0.0039000000000000007,0.0039000000000000146,0.00675499814951863,tap3,fast,light,20260810_133647,False
2282503,0.0078,0.0312,0.9126,2282.503,500000,-0.0039000000000000007,0.0,0.0039000000000000146,0.005515432893255082,tap3,fast,light,20260810_133647,False
2285012,0.0156,0.0195,0.9087,2285.012,500000,0.003899999999999999,-0.011699999999999999,0.0,0.012332882874656677,tap3,fast,light,20260810_133647,False
2287511,0.0156,0.0312,0.9126,2287.511,500000,0.003899999999999999,0.0,0.0039000000000000146,0.00551543289325508,tap3,fast,light,20260810_133647,False
2290029,0.0195,0.0312,0.9243,2290.029,500000,0.0078,0.0,0.015600000000000058,0.01744133022449841,tap3,fast,light,20260810_133647,False
2292514,0.0234,0.0273,0.9048,2292.514,500000,0.0117,-0.0038999999999999972,-0.0038999999999999035,0.01293483668238603,tap3,fast,light,20260810_133647,False
2295022,0.0195,0.0312,0.9087,2295.022,500000,0.0078,0.0,0.0,0.0078,tap3,fast,light,20260810_133647,False
2297520,0.0117,0.0312,0.9048,2297.52,500000,0.0,0.0,-0.0038999999999999035,0.0038999999999999035,tap3,fast,light,20260810_133647,False
2300004,0.0234,0.0273,0.9087,2300.004,500000,0.0117,-0.0038999999999999972,0.0,0.012332882874656679,tap3,fast,light,20260810_133647,False
2302518,0.0078,0.0312,0.9087,2302.518,500000,-0.0039000000000000007,0.0,0.0,0.0039000000000000007,tap3,fast,light,20260810_133647,False
2305024,0.0156,0.0312,0.9126,2305.024,500000,0.003899999999999999,0.0,0.0039000000000000146,0.00551543289325508,tap3,fast,light,20260810_133647,False
2307521,0.0078,0.0312,0.9087,2307.521,500000,-0.0039000000000000007,0.0,0.0,0.0039000000000000007,tap3,fast,light,20260810_133647,False
2310013,0.0195,0.0273,0.9126,2310.013,500000,0.0078,-0.0038999999999999972,0.0039000000000000146,0.0095530099968544,tap3,fast,light,20260810_133647,False
2312528,0.0117,0.0273,0.9048,2312.528,500000,0.0,-0.0038999999999999972,-0.0038999999999999035,0.005515432893255,tap3,fast,light,20260810_133647,False
2315002,0.0117,0.0351,0.9048,2315.002,500000,0.0,0.0039000000000000007,-0.0038999999999999035,0.005515432893255003,tap3,fast,light,20260810_133647,False
2317506,0.0156,0.0273,0.9165,2317.506,500000,0.003899999999999999,-0.0038999999999999972,0.007800000000000029,0.009553009996854416,tap3,fast,light,20260810_133647,False
2320025,0.0117,0.0273,0.9126,2320.025,500000,0.0,-0.0038999999999999972,0.0039000000000000146,0.005515432893255079,tap3,fast,light,20260810_133647,False
2322518,0.0195,0.0234,0.9126,2322.518,500000,0.0078,-0.007799999999999998,0.0039000000000000146,0.011700000000000004,tap3,fast,light,20260810_133647,False
2325014,0.0156,0.0273,0.9126,2325.014,500000,0.003899999999999999,-0.0038999999999999972,0.0039000000000000146,0.006754998149518627,tap3,fast,light,20260810_133647,False
2327516,0.0156,0.0234,0.9165,2327.516,500000,0.003899999999999999,-0.007799999999999998,0.007800000000000029,0.011700000000000018,tap3,fast,light,20260810_133647,False
2330007,0.0039,0.0273,0.9126,2330.007,500000,-0.0078000000000000005,-0.0038999999999999972,0.0039000000000000146,0.0095530099968544,tap3,fast,light,20260810_133647,False
2332515,0.0117,0.0234,0.9009,2332.515,500000,0.0,-0.007799999999999998,-0.007799999999999918,0.011030865786510082,tap3,fast,light,20260810_133647,False
2335025,0.0195,0.0312,0.9048,2335.025,500000,0.0078,0.0,-0.0038999999999999035,0.008720665112249136,tap3,fast,light,20260810_133647,False
2337522,0.0195,0.0312,0.9126,2337.522,500000,0.0078,0.0,0.0039000000000000146,0.008720665112249186,tap3,fast,light,20260810_133647,False
2340016,0.0117,0.0312,0.9048,2340.016,500000,0.0,0.0,-0.0038999999999999035,0.0038999999999999035,tap3,fast,light,20260810_133647,False
2342505,0.0156,0.0312,0.9048,2342.505,500000,0.003899999999999999,0.0,-0.0038999999999999035,0.005515432893255002,tap3,fast,light,20260810_133647,False
2345006,0.0117,0.0273,0.9048,2345.006,500000,0.0,-0.0038999999999999972,-0.0038999999999999035,0.005515432893255,tap3,fast,light,20260810_133647,False
2347502,0.0195,0.0312,0.9126,2347.502,500000,0.0078,0.0,0.0039000000000000146,0.008720665112249186,tap3,fast,light,20260810_133647,False
2350018,0.0078,0.0351,0.9009,2350.018,500000,-0.0039000000000000007,0.0039000000000000007,-0.007799999999999918,0.009553009996854328,tap3,fast,light,20260810_133647,False
2352504,0.0078,0.0351,0.9048,2352.504,500000,-0.0039000000000000007,0.0039000000000000007,-0.0038999999999999035,0.006754998149518567,tap3,fast,light,20260810_133647,False
2355009,0.0078,0.0273,0.9048,2355.009,500000,-0.0039000000000000007,-0.0038999999999999972,-0.0038999999999999035,0.006754998149518564,tap3,fast,light,20260810_133647,False
2357507,0.0195,0.0312,0.9048,2357.507,500000,0.0078,0.0,-0.0038999999999999035,0.008720665112249136,tap3,fast,light,20260810_133647,False
2360029,0.0117,0.0195,0.9087,2360.029,500000,0.0,-0.011699999999999999,0.0,0.011699999999999999,tap3,fast,light,20260810_133647,False
2362516,0.0117,0.0195,0.9087,2362.516,500000,0.0,-0.011699999999999999,0.0,0.011699999999999999,tap3,fast,light,20260810_133647,False
2365019,0.0195,0.0312,0.9126,2365.019,500000,0.0078,0.0,0.0039000000000000146,0.008720665112249186,tap3,fast,light,20260810_133647,False
2367521,0.0078,0.0351,0.9087,2367.521,500000,-0.0039000000000000007,0.0039000000000000007,0.0,0.005515432893255071,tap3,fast,light,20260810_133647,False
2370008,0.0078,0.0312,0.9126,2370.008,500000,-0.0039000000000000007,0.0,0.0039000000000000146,0.005515432893255082,tap3,fast,light,20260810_133647,False
2372524,0.0156,0.0273,0.9126,2372.524,500000,0.003899999999999999,-0.0038999999999999972,0.0039000000000000146,0.006754998149518627,tap3,fast,light,20260810_133647,False
2375027,0.0078,0.0273,0.9165,2375.027,500000,-0.0039000000000000007,-0.0038999999999999972,0.007800000000000029,0.009553009996854418,tap3,fast,light,20260810_133647,False
2377502,0.0117,0.0351,0.9165,2377.502,500000,0.0,0.0039000000000000007,0.007800000000000029,0.008720665112249207,tap3,fast,light,20260810_133647,False
2380021,0.0156,0.0273,0.9048,2380.021,500000,0.003899999999999999,-0.0038999999999999972,-0.0038999999999999035,0.006754998149518563,tap3,fast,light,20260810_133647,False
2382504,0.0117,0.039,0.9126,2382.504,500000,0.0,0.007800000000000001,0.0039000000000000146,0.008720665112249188,tap3,fast,light,20260810_133647,False
2385013,0.0234,0.0195,0.9048,2385.013,500000,0.0117,-0.011699999999999999,-0.0038999999999999035,0.0169997058798086,tap3,fast,light,20260810_133647,False
2387501,0.0117,0.0351,0.9048,2387.501,500000,0.0,0.0039000000000000007,-0.0038999999999999035,0.005515432893255003,tap3,fast,light,20260810_133647,False
2390027,0.0156,0.0312,0.9048,2390.027,500000,0.003899999999999999,0.0,-0.0038999999999999035,0.005515432893255002,tap3,fast,light,20260810_133647,False
2392513,0.0078,0.039,0.9087,2392.513,500000,-0.0039000000000000007,0.007800000000000001,0.0,0.008720665112249181,tap3,fast,light,20260810_133647,False
2395015,0.0078,0.0312,0.897,2395.015,500000,-0.0039000000000000007,0.0,-0.011699999999999933,0.012332882874656616,tap3,fast,light,20260810_133647,False
2397519,0.0117,0.0312,0.9087,2397.519,500000,0.0,0.0,0.0,0.0,tap3,fast,light,20260810_133647,False
2400004,0.0078,0.0273,0.9048,2400.004,500000,-0.0039000000000000007,-0.0038999999999999972,-0.0038999999999999035,0.006754998149518564,tap3,fast,light,20260810_133647,False
2402521,0.0117,0.0312,0.9204,2402.521,500000,0.0,0.0,0.011700000000000044,0.011700000000000044,tap3,fast,light,20260810_133647,False
2405025,0.0117,0.0312,0.9087,2405.025,500000,0.0,0.0,0.0,0.0,tap3,fast,light,20260810_133647,False
2407527,0.0117,0.0312,0.9165,2407.527,500000,0.0,0.0,0.007800000000000029,0.007800000000000029,tap3,fast,light,20260810_133647,False
2410017,0.0117,0.0312,0.9165,2410.017,500000,0.0,0.0,0.007800000000000029,0.007800000000000029,tap3,fast,light,20260810_133647,False
2412503,0.0156,0.0312,0.9126,2412.503,500000,0.003899999999999999,0.0,0.0039000000000000146,0.00551543289325508,tap3,fast,light,20260810_133647,False
2415006,0.0117,0.0312,0.9087,2415.006,500000,0.0,0.0,0.0,0.0,tap3,fast,light,20260810_133647,False
2417509,0.0234,0.0312,0.9126,2417.509,500000,0.0117,0.0,0.0039000000000000146,0.012332882874656684,tap3,fast,light,20260810_133647,False
2420026,0.0078,0.0312,0.9048,2420.026,500000,-0.0039000000000000007,0.0,-0.0038999999999999035,0.005515432893255003,tap3,fast,light,20260810_133647,False
2422514,0.0117,0.0273,0.9126,2422.514,500000,0.0,-0.0038999999999999972,0.0039000000000000146,0.005515432893255079,tap3,fast,light,20260810_133647,False
2425025,0.0117,0.0312,0.9087,2425.025,500000,0.0,0.0,0.0,0.0,tap3,fast,light,20260810_133647,False
2427526,0.0078,0.0312,0.9126,2427.526,500000,-0.0039000000000000007,0.0,0.0039000000000000146,0.005515432893255082,tap3,fast,light,20260810_133647,False
2430022,0.0117,0.0234,0.9009,2430.022,500000,0.0,-0.007799999999999998,-0.007799999999999918,0.011030865786510082,tap3,fast,light,20260810_133647,False
2432502,0.0078,0.0234,0.9009,2432.502,500000,-0.0039000000000000007,-0.007799999999999998,-0.007799999999999918,0.011699999999999945,tap3,fast,light,20260810_133647,False
2435014,0.0117,0.0234,0.9009,2435.014,500000,0.0,-0.007799999999999998,-0.007799999999999918,0.011030865786510082,tap3,fast,light,20260810_133647,False
2437517,0.0078,0.0273,0.9048,2437.517,500000,-0.0039000000000000007,-0.0038999999999999972,-0.0038999999999999035,0.006754998149518564,tap3,fast,light,20260810_133647,False
2440017,0.0156,0.0273,0.9009,2440.017,500000,0.003899999999999999,-0.0038999999999999972,-0.007799999999999918,0.009553009996854326,tap3,fast,light,20260810_133647,False
2442504,0.0156,0.0351,0.9048,2442.504,500000,0.003899999999999999,0.0039000000000000007,-0.0038999999999999035,0.006754998149518566,tap3,fast,light,20260810_133647,False
2445008,0.0117,0.0312,0.9126,2445.008,500000,0.0,0.0,0.0039000000000000146,0.0039000000000000146,tap3,fast,light,20260810_133647,False
2447507,0.0156,0.0195,0.9126,2447.507,500000,0.003899999999999999,-0.011699999999999999,0.0039000000000000146,0.012934836682386062,tap3,fast,light,20260810_133647,False
2450025,0.0156,0.0312,0.9126,2450.025,500000,0.003899999999999999,0.0,0.0039000000000000146,0.00551543289325508,tap3,fast,light,20260810_133647,False
2452526,0.0156,0.0312,0.9126,2452.526,500000,0.003899999999999999,0.0,0.0039000000000000146,0.00551543289325508,tap3,fast,light,20260810_133647,False
2455003,0.0156,0.0234,0.9126,2455.003,500000,0.003899999999999999,-0.007799999999999998,0.0039000000000000146,0.009553009996854399,tap3,fast,light,20260810_133647,False
2457502,0.0117,0.0273,0.9126,2457.502,500000,0.0,-0.0038999999999999972,0.0039000000000000146,0.005515432893255079,tap3,fast,light,20260810_133647,False
2460023,0.0156,0.0312,0.9126,2460.023,500000,0.003899999999999999,0.0,0.0039000000000000146,0.00551543289325508,tap3,fast,light,20260810_133647,False
2462509,0.0117,0.0312,0.9009,2462.509,500000,0.0,0.0,-0.007799999999999918,0.007799999999999918,tap3,fast,light,20260810_133647,False
2465015,0.0156,0.0234,0.9165,2465.015,500000,0.003899999999999999,-0.007799999999999998,0.007800000000000029,0.011700000000000018,tap3,fast,light,20260810_133647,False
2467519,0.0156,0.0234,0.9165,2467.519,500000,0.003899999999999999,-0.007799999999999998,0.007800000000000029,0.011700000000000018,tap3,fast,light,20260810_133647,False
2470007,0.0156,0.0312,0.9048,2470.007,500000,0.003899999999999999,0.0,-0.0038999999999999035,0.005515432893255002,tap3,fast,light,20260810_133647,False
2472522,0.0156,0.0351,0.9087,2472.522,500000,0.003899999999999999,0.0039000000000000007,0.0,0.00551543289325507,tap3,fast,light,20260810_133647,False
2475025,0.0117,0.0312,0.9126,2475.025,500000,0.0,0.0,0.0039000000000000146,0.0039000000000000146,tap3,fast,light,20260810_133647,False
2477500,0.0117,0.0312,0.9087,2477.5,500000,0.0,0.0,0.0,0.0,tap3,fast,light,20260810_133647,False
2480019,0.0117,0.0468,0.9165,2480.019,500000,0.0,0.015600000000000003,0.007800000000000029,0.017441330224498376,tap3,fast,light,20260810_133647,False
2482500,0.0078,0.0312,0.9087,2482.5,500000,-0.0039000000000000007,0.0,0.0,0.0039000000000000007,tap3,fast,light,20260810_133647,False
2485012,0.0156,0.0312,0.9165,2485.012,500000,0.003899999999999999,0.0,0.007800000000000029,0.008720665112249205,tap3,fast,light,20260810_133647,False
2487515,0.0195,0.0351,0.9126,2487.515,500000,0.0078,0.0039000000000000007,0.0039000000000000146,0.0095530099968544,tap3,fast,light,20260810_133647,False
2490005,0.0195,0.0273,0.9165,2490.005,500000,0.0078,-0.0038999999999999972,0.007800000000000029,0.011700000000000018,tap3,fast,light,20260810_133647,False
2492521,0.0117,0.0312,0.9126,2492.521,500000,0.0,0.0,0.0039000000000000146,0.0039000000000000146,tap3,fast,light,20260810_133647,False
2495026,0.0156,0.0351,0.9009,2495.026,500000,0.003899999999999999,0.0039000000000000007,-0.007799999999999918,0.009553009996854328,tap3,fast,light,20260810_133647,False
2497523,0.0195,0.0273,0.9087,2497.523,500000,0.0078,-0.0038999999999999972,0.0,0.00872066511224918,tap3,fast,light,20260810_133647,False
2500010,0.0156,0.0234,0.9204,2500.01,500000,0.003899999999999999,-0.007799999999999998,0.011700000000000044,0.014592463808418405,tap3,fast,light,20260810_133647,False
2502520,0.0273,0.0273,0.9048,2502.52,500000,0.015600000000000001,-0.0038999999999999972,-0.0038999999999999035,0.01654629867976519,tap3,fast,light,20260810_133647,False
2505023,0.0156,0.0351,0.9165,2505.023,500000,0.003899999999999999,0.0039000000000000007,0.007800000000000029,0.009553009996854418,tap3,fast,light,20260810_133647,False
2507520,0.0195,0.0351,0.9087,2507.52,500000,0.0078,0.0039000000000000007,0.0,0.00872066511224918,tap3,fast,light,20260810_133647,False
2510010,0.0156,0.0273,0.9087,2510.01,500000,0.003899999999999999,-0.0038999999999999972,0.0,0.005515432893255068,tap3,fast,light,20260810_133647,False
2512523,0.0156,0.0273,0.9165,2512.523,500000,0.003899999999999999,-0.0038999999999999972,0.007800000000000029,0.009553009996854416,tap3,fast,light,20260810_133647,False
2515000,0.0078,0.0273,0.9048,2515.0,500000,-0.0039000000000000007,-0.0038999999999999972,-0.0038999999999999035,0.006754998149518564,tap3,fast,light,20260810_133647,False
2517515,0.0156,0.0312,0.9126,2517.515,500000,0.003899999999999999,0.0,0.0039000000000000146,0.00551543289325508,tap3,fast,light,20260810_133647,False
2520011,0.0078,0.0351,0.9087,2520.011,500000,-0.0039000000000000007,0.0039000000000000007,0.0,0.005515432893255071,tap3,fast,light,20260810_133647,False
2522525,0.0156,0.0273,0.9048,2522.525,500000,0.003899999999999999,-0.0038999999999999972,-0.0038999999999999035,0.006754998149518563,tap3,fast,light,20260810_133647,False
2525021,0.0117,0.0351,0.9087,2525.021,500000,0.0,0.0039000000000000007,0.0,0.0039000000000000007,tap3,fast,light,20260810_133647,False
2527528,0.0117,0.0351,0.9087,2527.528,500000,0.0,0.0039000000000000007,0.0,0.0039000000000000007,tap3,fast,light,20260810_133647,False
2530023,0.0156,0.0351,0.9087,2530.023,500000,0.003899999999999999,0.0039000000000000007,0.0,0.00551543289325507,tap3,fast,light,20260810_133647,False
2532509,0.0156,0.0234,0.9126,2532.509,500000,0.003899999999999999,-0.007799999999999998,0.0039000000000000146,0.009553009996854399,tap3,fast,light,20260810_133647,False
2535018,0.0039,0.0351,0.9126,2535.018,500000,-0.0078000000000000005,0.0039000000000000007,0.0039000000000000146,0.0095530099968544,tap3,fast,light,20260810_133647,False
2537521,0.0156,0.0273,0.9087,2537.521,500000,0.003899999999999999,-0.0038999999999999972,0.0,0.005515432893255068,tap3,fast,light,20260810_133647,False
2540010,0.0117,0.0312,0.9048,2540.01,500000,0.0,0.0,-0.0038999999999999035,0.0038999999999999035,tap3,fast,light,20260810_133647,False
2542527,0.0117,0.0234,0.9165,2542.527,500000,0.0,-0.007799999999999998,0.007800000000000029,0.01103086578651016,tap3,fast,light,20260810_133647,False
2545002,0.0156,0.0312,0.9087,2545.002,500000,0.003899999999999999,0.0,0.0,0.003899999999999999,tap3,fast,light,20260810_133647,False
2547528,0.0195,0.0234,0.9126,2547.528,500000,0.0078,-0.007799999999999998,0.0039000000000000146,0.011700000000000004,tap3,fast,light,20260810_133647,False
2550015,0.0156,0.0273,0.9126,2550.015,500000,0.003899999999999999,-0.0038999999999999972,0.0039000000000000146,0.006754998149518627,tap3,fast,light,20260810_133647,False
2552503,0.0117,0.0312,0.9087,2552.503,500000,0.0,0.0,0.0,0.0,tap3,fast,light,20260810_133647,False
2555008,0.0156,0.0351,0.9126,2555.008,500000,0.003899999999999999,0.0039000000000000007,0.0039000000000000146,0.00675499814951863,tap3,fast,light,20260810_133647,False
2557511,0.0117,0.0351,0.9087,2557.511,500000,0.0,0.0039000000000000007,0.0,0.0039000000000000007,tap3,fast,light,20260810_133647,False
2560029,0.0117,0.0273,0.9165,2560.029,500000,0.0,-0.0038999999999999972,0.007800000000000029,0.008720665112249205,tap3,fast,light,20260810_133647,False
2562516,0.0078,0.039,0.9204,2562.516,500000,-0.0039000000000000007,0.007800000000000001,0.011700000000000044,0.014592463808418409,tap3,fast,light,20260810_133647,False
2565020,0.0117,0.0273,0.9126,2565.02,500000,0.0,-0.0038999999999999972,0.0039000000000000146,0.005515432893255079,tap3,fast,light,20260810_133647,False
2567518,0.0078,0.0312,0.9126,2567.518,500000,-0.0039000000000000007,0.0,0.0039000000000000146,0.005515432893255082,tap3,fast,light,20260810_133647,False
2570005,0.0078,0.0312,0.9126,2570.005,500000,-0.0039000000000000007,0.0,0.0039000000000000146,0.005515432893255082,tap3,fast,light,20260810_133647,False
2572523,0.0156,0.0273,0.9087,2572.523,500000,0.003899999999999999,-0.0038999999999999972,0.0,0.005515432893255068,tap3,fast,light,20260810_133647,False
2575024,0.0156,0.0273,0.9087,2575.024,500000,0.003899999999999999,-0.0038999999999999972,0.0,0.005515432893255068,tap3,fast,light,20260810_133647,False
2577519,0.0195,0.0273,0.9087,2577.519,500000,0.0078,-0.0038999999999999972,0.0,0.00872066511224918,tap3,fast,light,20260810_133647,False
2580006,0.0117,0.0273,0.9204,2580.006,500000,0.0,-0.0038999999999999972,0.011700000000000044,0.01233288287465672,tap3,fast,light,20260810_133647,False
2582502,0.0117,0.0351,0.9087,2582.502,500000,0.0,0.0039000000000000007,0.0,0.0039000000000000007,tap3,fast,light,20260810_133647,False
2585017,0.0078,0.0273,0.9165,2585.017,500000,-0.0039000000000000007,-0.0038999999999999972,0.007800000000000029,0.009553009996854418,tap3,fast,light,20260810_133647,False
2587520,0.0117,0.0312,0.9126,2587.52,500000,0.0,0.0,0.0039000000000000146,0.0039000000000000146,tap3,fast,light,20260810_133647,False
2590009,0.0117,0.0312,0.9126,2590.009,500000,0.0,0.0,0.0039000000000000146,0.0039000000000000146,tap3,fast,light,20260810_133647,False
2592524,0.0195,0.0234,0.9087,2592.524,500000,0.0078,-0.007799999999999998,0.0,0.011030865786510139,tap3,fast,light,20260810_133647,False
2595026,0.0156,0.039,0.9048,2595.026,500000,0.003899999999999999,0.007800000000000001,-0.0038999999999999035,0.009553009996854355,tap3,fast,light,20260810_133647,False
2597528,0.0156,0.0351,0.9087,2597.528,500000,0.003899999999999999,0.0039000000000000007,0.0,0.00551543289325507,tap3,fast,light,20260810_133647,False
2600014,0.0156,0.0312,0.9087,2600.014,500000,0.003899999999999999,0.0,0.0,0.003899999999999999,tap3,fast,light,20260810_133647,False
2602529,0.0117,0.0312,0.9087,2602.529,500000,0.0,0.0,0.0,0.0,tap3,fast,light,20260810_133647,False
2605003,0.0078,0.0351,0.9048,2605.003,500000,-0.0039000000000000007,0.0039000000000000007,-0.0038999999999999035,0.006754998149518567,tap3,fast,light,20260810_133647,False
2607506,0.0117,0.039,0.9009,2607.506,500000,0.0,0.007800000000000001,-0.007799999999999918,0.011030865786510084,tap3,fast,light,20260810_133647,False
2610028,0.0117,0.0273,0.9048,2610.028,500000,0.0,-0.0038999999999999972,-0.0038999999999999035,0.005515432893255,tap3,fast,light,20260810_133647,False
2612515,0.0117,0.0351,0.9087,2612.515,500000,0.0,0.0039000000000000007,0.0,0.0039000000000000007,tap3,fast,light,20260810_133647,False
2615017,0.0078,0.0351,0.9126,2615.017,500000,-0.0039000000000000007,0.0039000000000000007,0.0039000000000000146,0.006754998149518631,tap3,fast,light,20260810_133647,False
2617519,0.0078,0.0429,0.9126,2617.519,500000,-0.0039000000000000007,0.011700000000000002,0.0039000000000000146,0.012934836682386066,tap3,fast,light,20260810_133647,False
2620005,0.0195,0.0273,0.9009,2620.005,500000,0.0078,-0.0038999999999999972,-0.007799999999999918,0.011699999999999945,tap3,fast,light,20260810_133647,False
2622516,0.0156,0.039,0.9087,2622.516,500000,0.003899999999999999,0.007800000000000001,0.0,0.00872066511224918,tap3,fast,light,20260810_133647,False
2625015,0.0156,0.0351,0.9126,2625.015,500000,0.003899999999999999,0.0039000000000000007,0.0039000000000000146,0.00675499814951863,tap3,fast,light,20260810_133647,False
2627523,0.0039,0.0351,0.9126,2627.523,500000,-0.0078000000000000005,0.0039000000000000007,0.0039000000000000146,0.0095530099968544,tap3,fast,light,20260810_133647,False
2630015,0.0039,0.0312,0.9048,2630.015,500000,-0.0078000000000000005,0.0,-0.0038999999999999035,0.008720665112249138,tap3,fast,light,20260810_133647,False
2632528,0.0039,0.0312,0.9165,2632.528,500000,-0.0078000000000000005,0.0,0.007800000000000029,0.011030865786510162,tap3,fast,light,20260810_133647,False
2635005,0.0156,0.0312,0.9009,2635.005,500000,0.003899999999999999,0.0,-0.007799999999999918,0.008720665112249105,tap3,fast,light,20260810_133647,False
2637506,0.0078,0.0312,0.9087,2637.506,500000,-0.0039000000000000007,0.0,0.0,0.0039000000000000007,tap3,fast,light,20260810_133647,False
2640011,0.0078,0.0351,0.9087,2640.011,500000,-0.0039000000000000007,0.0039000000000000007,0.0,0.005515432893255071,tap3,fast,light,20260810_133647,False
2642526,0.0117,0.0351,0.9048,2642.526,500000,0.0,0.0039000000000000007,-0.0038999999999999035,0.005515432893255003,tap3,fast,light,20260810_133647,False
2645002,0.0117,0.0312,0.9087,2645.002,500000,0.0,0.0,0.0,0.0,tap3,fast,light,20260810_133647,False
2647506,0.0156,0.0273,0.9087,2647.506,500000,0.003899999999999999,-0.0038999999999999972,0.0,0.005515432893255068,tap3,fast,light,20260810_133647,False
2650003,0.0078,0.0273,0.9126,2650.003,500000,-0.0039000000000000007,-0.0038999999999999972,0.0039000000000000146,0.006754998149518628,tap3,fast,light,20260810_133647,False
2652516,0.0117,0.039,0.9087,2652.516,500000,0.0,0.007800000000000001,0.0,0.007800000000000001,tap3,fast,light,20260810_133647,False
2655021,0.0117,0.0351,0.9009,2655.021,500000,0.0,0.0039000000000000007,-0.007799999999999918,0.008720665112249107,tap3,fast,light,20260810_133647,False
2657522,0.0078,0.0312,0.9048,2657.522,500000,-0.0039000000000000007,0.0,-0.0038999999999999035,0.005515432893255003,tap3,fast,light,20260810_133647,False
2660016,0.0117,0.0312,0.9126,2660.016,500000,0.0,0.0,0.0039000000000000146,0.0039000000000000146,tap3,fast,light,20260810_133647,False
2662500,0.0117,0.0273,0.9009,2662.5,500000,0.0,-0.0038999999999999972,-0.007799999999999918,0.008720665112249105,tap3,fast,light,20260810_133647,False
2665006,0.0156,0.0195,0.9009,2665.006,500000,0.003899999999999999,-0.011699999999999999,-0.007799999999999918,0.014592463808418325,tap3,fast,light,20260810_133647,False
2667510,0.0117,0.0234,0.9087,2667.51,500000,0.0,-0.007799999999999998,0.0,0.007799999999999998,tap3,fast,light,20260810_133647,False
2670027,0.0078,0.0312,0.9126,2670.027,500000,-0.0039000000000000007,0.0,0.0039000000000000146,0.005515432893255082,tap3,fast,light,20260810_133647,False
2672512,0.0156,0.0273,0.9009,2672.512,500000,0.003899999999999999,-0.0038999999999999972,-0.007799999999999918,0.009553009996854326,tap3,fast,light,20260810_133647,False
2675018,0.0117,0.0234,0.9087,2675.018,500000,0.0,-0.007799999999999998,0.0,0.007799999999999998,tap3,fast,light,20260810_133647,False
2677524,0.0117,0.0234,0.9009,2677.524,500000,0.0,-0.007799999999999998,-0.007799999999999918,0.011030865786510082,tap3,fast,light,20260810_133647,False
2680005,0.0117,0.0234,0.9009,2680.005,500000,0.0,-0.007799999999999998,-0.007799999999999918,0.011030865786510082,tap3,fast,light,20260810_133647,False
2682518,0.0156,0.0312,0.9009,2682.518,500000,0.003899999999999999,0.0,-0.007799999999999918,0.008720665112249105,tap3,fast,light,20260810_133647,False
2685027,0.0117,0.039,0.9087,2685.027,500000,0.0,0.007800000000000001,0.0,0.007800000000000001,tap3,fast,light,20260810_133647,False
2687529,0.0117,0.0312,0.9165,2687.529,500000,0.0,0.0,0.007800000000000029,0.007800000000000029,tap3,fast,light,20260810_133647,False
2690015,0.0117,0.0351,0.9087,2690.015,500000,0.0,0.0039000000000000007,0.0,0.0039000000000000007,tap3,fast,light,20260810_133647,False
2692529,0.0117,0.0312,0.9087,2692.529,500000,0.0,0.0,0.0,0.0,tap3,fast,light,20260810_133647,False
2695003,0.0117,0.0273,0.9048,2695.003,500000,0.0,-0.0038999999999999972,-0.0038999999999999035,0.005515432893255,tap3,fast,light,20260810_133647,False
2697501,0.0078,0.0351,0.9087,2697.501,500000,-0.0039000000000000007,0.0039000000000000007,0.0,0.005515432893255071,tap3,fast,light,20260810_133647,False
2700007,0.0078,0.039,0.9126,2700.007,500000,-0.0039000000000000007,0.007800000000000001,0.0039000000000000146,0.009553009996854402,tap3,fast,light,20260810_133647,False
2702523,0.0156,0.0312,0.9087,2702.523,500000,0.003899999999999999,0.0,0.0,0.003899999999999999,tap3,fast,light,20260810_133647,False
2705027,0.0234,0.0273,0.9087,2705.027,500000,0.0117,-0.0038999999999999972,0.0,0.012332882874656679,tap3,fast,light,20260810_133647,False
2707528,0.0156,0.0312,0.9126,2707.528,500000,0.003899999999999999,0.0,0.0039000000000000146,0.00551543289325508,tap3,fast,light,20260810_133647,False
2710016,0.0156,0.0312,0.9126,2710.016,500000,0.003899999999999999,0.0,0.0039000000000000146,0.00551543289325508,tap3,fast,light,20260810_133647,False
2712500,0.0156,0.0273,0.9048,2712.5,500000,0.003899999999999999,-0.0038999999999999972,-0.0038999999999999035,0.006754998149518563,tap3,fast,light,20260810_133647,False
2715018,0.0156,0.0312,0.9087,2715.018,500000,0.003899999999999999,0.0,0.0,0.003899999999999999,tap3,fast,light,20260810_133647,False
2717526,0.0078,0.0351,0.9165,2717.526,500000,-0.0039000000000000007,0.0039000000000000007,0.007800000000000029,0.00955300999685442,tap3,fast,light,20260810_133647,False
2720019,0.0117,0.0351,0.9165,2720.019,500000,0.0,0.0039000000000000007,0.007800000000000029,0.008720665112249207,tap3,fast,light,20260810_133647,False
2722503,0.0195,0.0273,0.9204,2722.503,500000,0.0078,-0.0038999999999999972,0.011700000000000044,0.014592463808418405,tap3,fast,light,20260810_133647,False
2725027,0.0117,0.0273,0.9126,2725.027,500000,0.0,-0.0038999999999999972,0.0039000000000000146,0.005515432893255079,tap3,fast,light,20260810_133647,False
2727528,0.0117,0.0273,0.9087,2727.528,500000,0.0,-0.0038999999999999972,0.0,0.0038999999999999972,tap3,fast,light,20260810_133647,False
2730023,0.0195,0.039,0.9087,2730.023,500000,0.0078,0.007800000000000001,0.0,0.011030865786510143,tap3,fast,light,20260810_133647,False
2732511,0.0117,0.0273,0.9126,2732.511,500000,0.0,-0.0038999999999999972,0.0039000000000000146,0.005515432893255079,tap3,fast,light,20260810_133647,False
2735019,0.0156,0.0273,0.9048,2735.019,500000,0.003899999999999999,-0.0038999999999999972,-0.0038999999999999035,0.006754998149518563,tap3,fast,light,20260810_133647,False
2737520,0.0078,0.0351,0.9048,2737.52,500000,-0.0039000000000000007,0.0039000000000000007,-0.0038999999999999035,0.006754998149518567,tap3,fast,light,20260810_133647,False
2740010,0.0117,0.0273,0.9087,2740.01,500000,0.0,-0.0038999999999999972,0.0,0.0038999999999999972,tap3,fast,light,20260810_133647,False
2742522,0.0195,0.0273,0.9009,2742.522,500000,0.0078,-0.0038999999999999972,-0.007799999999999918,0.011699999999999945,tap3,fast,light,20260810_133647,False
2745000,0.0156,0.0234,0.9165,2745.0,500000,0.003899999999999999,-0.007799999999999998,0.007800000000000029,0.011700000000000018,tap3,fast,light,20260810_133647,False
2747505,0.0117,0.0273,0.9204,2747.505,500000,0.0,-0.0038999999999999972,0.011700000000000044,0.01233288287465672,tap3,fast,light,20260810_133647,False
2750016,0.0117,0.0351,0.9048,2750.016,500000,0.0,0.0039000000000000007,-0.0038999999999999035,0.005515432893255003,tap3,fast,light,20260810_133647,False
2752529,0.0195,0.0234,0.9048,2752.529,500000,0.0078,-0.007799999999999998,-0.0038999999999999035,0.011699999999999966,tap3,fast,light,20260810_133647,False
2755001,0.0195,0.0273,0.9126,2755.001,500000,0.0078,-0.0038999999999999972,0.0039000000000000146,0.0095530099968544,tap3,fast,light,20260810_133647,False
2757527,0.0117,0.039,0.9048,2757.527,500000,0.0,0.007800000000000001,-0.0038999999999999035,0.008720665112249138,tap3,fast,light,20260810_133647,False
2760021,0.0117,0.0312,0.9126,2760.021,500000,0.0,0.0,0.0039000000000000146,0.0039000000000000146,tap3,fast,light,20260810_133647,False
2762518,0.0117,0.0351,0.9048,2762.518,500000,0.0,0.0039000000000000007,-0.0038999999999999035,0.005515432893255003,tap3,fast,light,20260810_133647,False
2765003,0.0117,0.0273,0.9087,2765.003,500000,0.0,-0.0038999999999999972,0.0,0.0038999999999999972,tap3,fast,light,20260810_133647,False
2767503,0.0039,0.0429,0.9009,2767.503,500000,-0.0078000000000000005,0.011700000000000002,-0.007799999999999918,0.01608011193990884,tap3,fast,light,20260810_133647,False
2770015,0.0234,0.0312,0.9126,2770.015,500000,0.0117,0.0,0.0039000000000000146,0.012332882874656684,tap3,fast,light,20260810_133647,False
2772504,0.0156,0.0273,0.9087,2772.504,500000,0.003899999999999999,-0.0038999999999999972,0.0,0.005515432893255068,tap3,fast,light,20260810_133647,False
2775010,0.0156,0.0312,0.9048,2775.01,500000,0.003899999999999999,0.0,-0.0038999999999999035,0.005515432893255002,tap3,fast,light,20260810_133647,False
2777522,0.0117,0.0234,0.897,2777.522,500000,0.0,-0.007799999999999998,-0.011699999999999933,0.014061649974309502,tap3,fast,light,20260810_133647,False
2780020,0.0156,0.0273,0.9009,2780.02,500000,0.003899999999999999,-0.0038999999999999972,-0.007799999999999918,0.009553009996854326,tap3,fast,light,20260810_133647,False
2782503,0.0117,0.0273,0.9126,2782.503,500000,0.0,-0.0038999999999999972,0.0039000000000000146,0.005515432893255079,tap3,fast,light,20260810_133647,False
2785015,0.0078,0.0351,0.9009,2785.015,500000,-0.0039000000000000007,0.0039000000000000007,-0.007799999999999918,0.009553009996854328,tap3,fast,light,20260810_133647,False
2787516,0.0078,0.0351,0.9009,2787.516,500000,-0.0039000000000000007,0.0039000000000000007,-0.007799999999999918,0.009553009996854328,tap3,fast,light,20260810_133647,False
2790003,0.0078,0.0351,0.9087,2790.003,500000,-0.0039000000000000007,0.0039000000000000007,0.0,0.005515432893255071,tap3,fast,light,20260810_133647,False
2792521,0.0156,0.0273,0.9087,2792.521,500000,0.003899999999999999,-0.0038999999999999972,0.0,0.005515432893255068,tap3,fast,light,20260810_133647,False
2795025,0.0156,0.0273,0.9087,2795.025,500000,0.003899999999999999,-0.0038999999999999972,0.0,0.005515432893255068,tap3,fast,light,20260810_133647,False
2797521,0.0195,0.0234,0.9165,2797.521,500000,0.0078,-0.007799999999999998,0.007800000000000029,0.013509996299037258,tap3,fast,light,20260810_133647,False
2800006,0.0195,0.039,0.9165,2800.006,500000,0.0078,0.007800000000000001,0.007800000000000029,0.01350999629903726,tap3,fast,light,20260810_133647,False
2802521,0.0078,0.0312,0.9048,2802.521,500000,-0.0039000000000000007,0.0,-0.0038999999999999035,0.005515432893255003,tap3,fast,light,20260810_133647,False
2805026,0.0195,0.0351,0.9126,2805.026,500000,0.0078,0.0039000000000000007,0.0039000000000000146,0.0095530099968544,tap3,fast,light,20260810_133647,False
2807523,0.0156,0.0351,0.9165,2807.523,500000,0.003899999999999999,0.0039000000000000007,0.007800000000000029,0.009553009996854418,tap3,fast,light,20260810_133647,False
2810014,0.0195,0.0312,0.9087,2810.014,500000,0.0078,0.0,0.0,0.0078,tap3,fast,light,20260810_133647,False
2812528,0.0078,0.0312,0.9087,2812.528,500000,-0.0039000000000000007,0.0,0.0,0.0039000000000000007,tap3,fast,light,20260810_133647,False
2815001,0.0078,0.0312,0.9087,2815.001,500000,-0.0039000000000000007,0.0,0.0,0.0039000000000000007,tap3,fast,light,20260810_133647,False
2817500,0.0117,0.039,0.9165,2817.5,500000,0.0,0.007800000000000001,0.007800000000000029,0.011030865786510163,tap3,fast,light,20260810_133647,False
2820018,0.0195,0.0234,0.9087,2820.018,500000,0.0078,-0.007799999999999998,0.0,0.011030865786510139,tap3,fast,light,20260810_133647,False
2822506,0.0156,0.0312,0.9087,2822.506,500000,0.003899999999999999,0.0,0.0,0.003899999999999999,tap3,fast,light,20260810_133647,False
2825026,0.0078,0.0351,0.897,2825.026,500000,-0.0039000000000000007,0.0039000000000000007,-0.011699999999999933,0.012934836682385998,tap3,fast,light,20260810_133647,False
2827501,0.0078,0.0273,0.9126,2827.501,500000,-0.0039000000000000007,-0.0038999999999999972,0.0039000000000000146,0.006754998149518628,tap3,fast,light,20260810_133647,False
2830027,0.0078,0.0351,0.9126,2830.027,500000,-0.0039000000000000007,0.0039000000000000007,0.0039000000000000146,0.006754998149518631,tap3,fast,light,20260810_133647,False
2832513,0.0156,0.0234,0.9165,2832.513,500000,0.003899999999999999,-0.007799999999999998,0.007800000000000029,0.011700000000000018,tap3,fast,light,20260810_133647,False
2835023,0.0156,0.0351,0.9126,2835.023,500000,0.003899999999999999,0.0039000000000000007,0.0039000000000000146,0.00675499814951863,tap3,fast,light,20260810_133647,False
2837521,0.0078,0.0234,0.9048,2837.521,500000,-0.0039000000000000007,-0.007799999999999998,-0.0038999999999999035,0.009553009996854354,tap3,fast,light,20260810_133647,False
2840008,0.0078,0.0273,0.9087,2840.008,500000,-0.0039000000000000007,-0.0038999999999999972,0.0,0.0055154328932550695,tap3,fast,light,20260810_133647,False
2842524,0.0117,0.0312,0.9126,2842.524,500000,0.0,0.0,0.0039000000000000146,0.0039000000000000146,tap3,fast,light,20260810_133647,False
2845009,0.0078,0.0312,0.9126,2845.009,500000,-0.0039000000000000007,0.0,0.0039000000000000146,0.005515432893255082,tap3,fast,light,20260810_133647,False
2847520,0.0078,0.0312,0.9087,2847.52,500000,-0.0039000000000000007,0.0,0.0,0.0039000000000000007,tap3,fast,light,20260810_133647,False
2850015,0.0156,0.0195,0.9165,2850.015,500000,0.003899999999999999,-0.011699999999999999,0.007800000000000029,0.014592463808418386,tap3,fast,light,20260810_133647,False
2852500,0.0195,0.0234,0.9126,2852.5,500000,0.0078,-0.007799999999999998,0.0039000000000000146,0.011700000000000004,tap3,fast,light,20260810_133647,False
2855006,0.0117,0.0273,0.9048,2855.006,500000,0.0,-0.0038999999999999972,-0.0038999999999999035,0.005515432893255,tap3,fast,light,20260810_133647,False
2857503,0.0117,0.0273,0.9165,2857.503,500000,0.0,-0.0038999999999999972,0.007800000000000029,0.008720665112249205,tap3,fast,light,20260810_133647,False
2860023,0.0117,0.0312,0.9087,2860.023,500000,0.0,0.0,0.0,0.0,tap3,fast,light,20260810_133647,False
2862509,0.0078,0.0234,0.9126,2862.509,500000,-0.0039000000000000007,-0.007799999999999998,0.0039000000000000146,0.0095530099968544,tap3,fast,light,20260810_133647,False
2865013,0.0156,0.0351,0.9165,2865.013,500000,0.003899999999999999,0.0039000000000000007,0.007800000000000029,0.009553009996854418,tap3,fast,light,20260810_133647,False
2867512,0.0078,0.0273,0.9009,2867.512,500000,-0.0039000000000000007,-0.0038999999999999972,-0.007799999999999918,0.009553009996854326,tap3,fast,light,20260810_133647,False
2870002,0.0117,0.0312,0.9048,2870.002,500000,0.0,0.0,-0.0038999999999999035,0.0038999999999999035,tap3,fast,light,20260810_133647,False
2872519,0.0117,0.0273,0.9048,2872.519,500000,0.0,-0.0038999999999999972,-0.0038999999999999035,0.005515432893255,tap3,fast,light,20260810_133647,False
2875024,0.0156,0.0273,0.9087,2875.024,500000,0.003899999999999999,-0.0038999999999999972,0.0,0.005515432893255068,tap3,fast,light,20260810_133647,False
2877524,0.0117,0.0312,0.9087,2877.524,500000,0.0,0.0,0.0,0.0,tap3,fast,light,20260810_133647,False
2880015,0.0117,0.0234,0.9048,2880.015,500000,0.0,-0.007799999999999998,-0.0038999999999999035,0.008720665112249134,tap3,fast,light,20260810_133647,False
2882528,0.0117,0.0273,0.9087,2882.528,500000,0.0,-0.0038999999999999972,0.0,0.0038999999999999972,tap3,fast,light,20260810_133647,False
2885006,0.0156,0.0273,0.9048,2885.006,500000,0.003899999999999999,-0.0038999999999999972,-0.0038999999999999035,0.006754998149518563,tap3,fast,light,20260810_133647,False
2887511,0.0195,0.0312,0.9087,2887.511,500000,0.0078,0.0,0.0,0.0078,tap3,fast,light,20260810_133647,False
2890002,0.0078,0.0312,0.9126,2890.002,500000,-0.0039000000000000007,0.0,0.0039000000000000146,0.005515432893255082,tap3,fast,light,20260810_133647,False
2892518,0.0078,0.0312,0.9126,2892.518,500000,-0.0039000000000000007,0.0,0.0039000000000000146,0.005515432893255082,tap3,fast,light,20260810_133647,False
2895027,0.0117,0.039,0.9048,2895.027,500000,0.0,0.007800000000000001,-0.0038999999999999035,0.008720665112249138,tap3,fast,light,20260810_133647,False
2897523,0.0117,0.039,0.9087,2897.523,500000,0.0,0.007800000000000001,0.0,0.007800000000000001,tap3,fast,light,20260810_133647,False
2900014,0.0117,0.0312,0.9087,2900.014,500000,0.0,0.0,0.0,0.0,tap3,fast,light,20260810_133647,False
2902523,0.0234,0.0273,0.9087,2902.523,500000,0.0117,-0.0038999999999999972,0.0,0.012332882874656679,tap3,fast,light,20260810_133647,False
2905027,0.0117,0.0234,0.9126,2905.027,500000,0.0,-0.007799999999999998,0.0039000000000000146,0.008720665112249185,tap3,fast,light,20260810_133647,False
2907527,0.0195,0.0312,0.9087,2907.527,500000,0.0078,0.0,0.0,0.0078,tap3,fast,light,20260810_133647,False
2910002,0.0078,0.0195,0.9048,2910.002,500000,-0.0039000000000000007,-0.011699999999999999,-0.0038999999999999035,0.01293483668238603,tap3,fast,light,20260810_133647,False
2912521,0.0117,0.0312,0.9165,2912.521,500000,0.0,0.0,0.007800000000000029,0.007800000000000029,tap3,fast,light,20260810_133647,False
2915027,0.0234,0.0195,0.9048,2915.027,500000,0.0117,-0.011699999999999999,-0.0038999999999999035,0.0169997058798086,tap3,fast,light,20260810_133647,False
2917523,0.0195,0.0312,0.9087,2917.523,500000,0.0078,0.0,0.0,0.0078,tap3,fast,light,20260810_133647,False
2920011,0.0156,0.0234,0.9009,2920.011,500000,0.003899999999999999,-0.007799999999999998,-0.007799999999999918,0.011699999999999943,tap3,fast,light,20260810_133647,False
2922526,0.0117,0.0273,0.9126,2922.526,500000,0.0,-0.0038999999999999972,0.0039000000000000146,0.005515432893255079,tap3,fast,light,20260810_133647,False
2925027,0.0195,0.0234,0.897,2925.027,500000,0.0078,-0.007799999999999998,-0.011699999999999933,0.016080111939908825,tap3,fast,light,20260810_133647,False
2927527,0.0117,0.0351,0.9009,2927.527,500000,0.0,0.0039000000000000007,-0.007799999999999918,0.008720665112249107,tap3,fast,light,20260810_133647,False
2930023,0.0117,0.0312,0.9009,2930.023,500000,0.0,0.0,-0.007799999999999918,0.007799999999999918,tap3,fast,light,20260810_133647,False
2932505,0.0195,0.0351,0.9126,2932.505,500000,0.0078,0.0039000000000000007,0.0039000000000000146,0.0095530099968544,tap3,fast,light,20260810_133647,False
2935014,0.0156,0.0273,0.9126,2935.014,500000,0.003899999999999999,-0.0038999999999999972,0.0039000000000000146,0.006754998149518627,tap3,fast,light,20260810_133647,False
2937511,0.0117,0.0234,0.9945,2937.511,500000,0.0,-0.007799999999999998,0.0858000000000001,0.08615381593406073,tap3,fast,light,20260810_133647,False
2940012,0.0156,0.0273,0.9243,2940.012,500000,0.003899999999999999,-0.0038999999999999972,0.015600000000000058,0.016546298679765266,tap3,fast,light,20260810_133647,False
2942529,0.0195,0.0351,0.9243,2942.529,500000,0.0078,0.0039000000000000007,0.015600000000000058,0.017872045210327828,tap3,fast,light,20260810_133647,False
2945025,0.0195,0.0273,0.9048,2945.025,500000,0.0078,-0.0038999999999999972,-0.0038999999999999035,0.009553009996854354,tap3,fast,light,20260810_133647,False
2947527,0.0117,0.0273,0.9009,2947.527,500000,0.0,-0.0038999999999999972,-0.007799999999999918,0.008720665112249105,tap3,fast,light,20260810_133647,False
2950022,0.0117,0.0273,0.9087,2950.022,500000,0.0,-0.0038999999999999972,0.0,0.0038999999999999972,tap3,fast,light,20260810_133647,False
2952508,0.0117,0.039,0.9126,2952.508,500000,0.0,0.007800000000000001,0.0039000000000000146,0.008720665112249188,tap3,fast,light,20260810_133647,False
2955013,0.0156,0.0234,0.9087,2955.013,500000,0.003899999999999999,-0.007799999999999998,0.0,0.008720665112249178,tap3,fast,light,20260810_133647,False
2957511,0.0117,0.0273,0.9126,2957.511,500000,0.0,-0.0038999999999999972,0.0039000000000000146,0.005515432893255079,tap3,fast,light,20260810_133647,False
2960005,0.0156,0.0312,0.9087,2960.005,500000,0.003899999999999999,0.0,0.0,0.003899999999999999,tap3,fast,light,20260810_133647,False
2962522,0.0117,0.0312,0.9087,2962.522,500000,0.0,0.0,0.0,0.0,tap3,fast,light,20260810_133647,False
2965028,0.0156,0.0273,0.9204,2965.028,500000,0.003899999999999999,-0.0038999999999999972,0.011700000000000044,0.012934836682386097,tap3,fast,light,20260810_133647,False
2967524,0.0195,0.0234,0.9126,2967.524,500000,0.0078,-0.007799999999999998,0.0039000000000000146,0.011700000000000004,tap3,fast,light,20260810_133647,False
2970011,0.0156,0.0273,0.9009,2970.011,500000,0.003899999999999999,-0.0038999999999999972,-0.007799999999999918,0.009553009996854326,tap3,fast,light,20260810_133647,False
2972527,0.0156,0.0273,0.9087,2972.527,500000,0.003899999999999999,-0.0038999999999999972,0.0,0.005515432893255068,tap3,fast,light,20260810_133647,False
2975002,0.0117,0.0312,0.9126,2975.002,500000,0.0,0.0,0.0039000000000000146,0.0039000000000000146,tap3,fast,light,20260810_133647,False
2977529,0.0195,0.0312,0.9126,2977.529,500000,0.0078,0.0,0.0039000000000000146,0.008720665112249186,tap3,fast,light,20260810_133647,False
2980029,0.0156,0.0312,0.9204,2980.029,500000,0.003899999999999999,0.0,0.011700000000000044,0.01233288287465672,tap3,fast,light,20260810_133647,False
2982511,0.0117,0.0312,0.9087,2982.511,500000,0.0,0.0,0.0,0.0,tap3,fast,light,20260810_133647,False
2985021,0.0156,0.0234,0.9048,2985.021,500000,0.003899999999999999,-0.007799999999999998,-0.0038999999999999035,0.009553009996854354,tap3,fast,light,20260810_133647,False
2987524,0.0156,0.0234,0.9126,2987.524,500000,0.003899999999999999,-0.007799999999999998,0.0039000000000000146,0.009553009996854399,tap3,fast,light,20260810_133647,False
2990012,0.0156,0.0234,0.9165,2990.012,500000,0.003899999999999999,-0.007799999999999998,0.007800000000000029,0.011700000000000018,tap3,fast,light,20260810_133647,False
2992527,0.0117,0.039,0.9048,2992.527,500000,0.0,0.007800000000000001,-0.0038999999999999035,0.008720665112249138,tap3,fast,light,20260810_133647,False
2995003,0.0117,0.0234,0.9087,2995.003,500000,0.0,-0.007799999999999998,0.0,0.007799999999999998,tap3,fast,light,20260810_133647,False
2997506,0.0078,0.0312,0.9048,2997.506,500000,-0.0039000000000000007,0.0,-0.0038999999999999035,0.005515432893255003,tap3,fast,light,20260810_133647,False
