time_us,x_g,y_g,z_g,time_ms,cue_time_us,x_delta_g,y_delta_g,z_delta_g,dynamic_magnitude_g,label,requested_pace,requested_force,session_id,operator_accepted
20706,0.0195,0.0312,0.9087,20.706,500000,0.0039000000000000007,0.0,0.0,0.0039000000000000007,tap3,natural,firm,20260810_133647,False
21155,0.0195,0.0312,0.9087,21.155,500000,0.0039000000000000007,0.0,0.0,0.0039000000000000007,tap3,natural,firm,20260810_133647,False
21557,0.0195,0.0312,0.9087,21.557,500000,0.0039000000000000007,0.0,0.0,0.0039000000000000007,tap3,natural,firm,20260810_133647,False
21968,0.0195,0.0312,0.9087,21.968,500000,0.0039000000000000007,0.0,0.0,0.0039000000000000007,tap3,natural,firm,20260810_133647,False
22364,0.0195,0.0312,0.9087,22.364,500000,0.0039000000000000007,0.0,0.0,0.0039000000000000007,tap3,natural,firm,20260810_133647,False
22768,0.0273,0.0351,0.9048,22.768,500000,0.011700000000000002,0.0039000000000000007,-0.0038999999999999035,0.012934836682386033,tap3,natural,firm,20260810_133647,False
23172,0.0273,0.0351,0.9048,23.172,500000,0.011700000000000002,0.0039000000000000007,-0.0038999999999999035,0.012934836682386033,tap3,natural,firm,20260810_133647,False
23577,0.0273,0.0351,0.9048,23.577,500000,0.011700000000000002,0.0039000000000000007,-0.0038999999999999035,0.012934836682386033,tap3,natural,firm,20260810_133647,False
23995,0.0273,0.0351,0.9048,23.995,500000,0.011700000000000002,0.0039000000000000007,-0.0038999999999999035,0.012934836682386033,tap3,natural,firm,20260810_133647,False
24400,0.0273,0.0351,0.9048,24.4,500000,0.011700000000000002,0.0039000000000000007,-0.0038999999999999035,0.012934836682386033,tap3,natural,firm,20260810_133647,False
25004,0.0273,0.0351,0.9048,25.004,500000,0.011700000000000002,0.0039000000000000007,-0.0038999999999999035,0.012934836682386033,tap3,natural,firm,20260810_133647,False
27519,0.0117,0.039,0.9204,27.519,500000,-0.003899999999999999,0.007800000000000001,0.011700000000000044,0.014592463808418407,tap3,natural,firm,20260810_133647,False
30003,0.0156,0.0273,0.9126,30.003,500000,0.0,-0.0038999999999999972,0.0039000000000000146,0.005515432893255079,tap3,natural,firm,20260810_133647,False
32529,0.0195,0.0234,0.897,32.529,500000,0.0039000000000000007,-0.007799999999999998,-0.011699999999999933,0.014592463808418317,tap3,natural,firm,20260810_133647,False
35026,0.0195,0.0312,0.9165,35.026,500000,0.0039000000000000007,0.0,0.007800000000000029,0.008720665112249207,tap3,natural,firm,20260810_133647,False
37512,0.0195,0.039,0.9048,37.512,500000,0.0039000000000000007,0.007800000000000001,-0.0038999999999999035,0.009553009996854357,tap3,natural,firm,20260810_133647,False
40018,0.0117,0.0312,0.897,40.018,500000,-0.003899999999999999,0.0,-0.011699999999999933,0.012332882874656614,tap3,natural,firm,20260810_133647,False
42522,0.0117,0.039,0.9126,42.522,500000,-0.003899999999999999,0.007800000000000001,0.0039000000000000146,0.0095530099968544,tap3,natural,firm,20260810_133647,False
45010,0.0156,0.0273,0.9048,45.01,500000,0.0,-0.0038999999999999972,-0.0038999999999999035,0.005515432893255,tap3,natural,firm,20260810_133647,False
47526,0.0156,0.0234,0.9204,47.526,500000,0.0,-0.007799999999999998,0.011700000000000044,0.014061649974309594,tap3,natural,firm,20260810_133647,False
50029,0.0039,0.0234,0.9009,50.029,500000,-0.011699999999999999,-0.007799999999999998,-0.007799999999999918,0.016080111939908836,tap3,natural,firm,20260810_133647,False
52525,0.0195,0.0273,0.9126,52.525,500000,0.0039000000000000007,-0.0038999999999999972,0.0039000000000000146,0.006754998149518628,tap3,natural,firm,20260810_133647,False
55013,0.0117,0.0312,0.9126,55.013,500000,-0.003899999999999999,0.0,0.0039000000000000146,0.00551543289325508,tap3,natural,firm,20260810_133647,False
57529,0.0195,0.0273,0.897,57.529,500000,0.0039000000000000007,-0.0038999999999999972,-0.011699999999999933,0.012934836682385998,tap3,natural,firm,20260810_133647,False
60011,0.0156,0.0195,0.9204,60.011,500000,0.0,-0.011699999999999999,0.011700000000000044,0.01654629867976524,tap3,natural,firm,20260810_133647,False
62515,0.0195,0.0312,0.9087,62.515,500000,0.0039000000000000007,0.0,0.0,0.0039000000000000007,tap3,natural,firm,20260810_133647,False
65008,0.0156,0.0351,0.9087,65.008,500000,0.0,0.0039000000000000007,0.0,0.0039000000000000007,tap3,natural,firm,20260810_133647,False
67526,0.0078,0.0273,0.9087,67.526,500000,-0.0078,-0.0038999999999999972,0.0,0.00872066511224918,tap3,natural,firm,20260810_133647,False
70000,0.0156,0.0351,0.9165,70.0,500000,0.0,0.0039000000000000007,0.007800000000000029,0.008720665112249207,tap3,natural,firm,20260810_133647,False
72529,0.0156,0.0429,0.9009,72.529,500000,0.0,0.011700000000000002,-0.007799999999999918,0.014061649974309514,tap3,natural,firm,20260810_133647,False
75027,0.0117,0.0351,0.9204,75.027,500000,-0.003899999999999999,0.0039000000000000007,0.011700000000000044,0.012934836682386099,tap3,natural,firm,20260810_133647,False
77527,0.0117,0.0351,0.9165,77.527,500000,-0.003899999999999999,0.0039000000000000007,0.007800000000000029,0.009553009996854418,tap3,natural,firm,20260810_133647,False
80020,0.0117,0.0312,0.9048,80.02,500000,-0.003899999999999999,0.0,-0.0038999999999999035,0.005515432893255002,tap3,natural,firm,20260810_133647,False
82504,0.0039,0.0351,0.9048,82.504,500000,-0.011699999999999999,0.0039000000000000007,-0.0038999999999999035,0.01293483668238603,tap3,natural,firm,20260810_133647,False
85013,0.0078,0.0273,0.9087,85.013,500000,-0.0078,-0.0038999999999999972,0.0,0.00872066511224918,tap3,natural,firm,20260810_133647,False
87500,0.0117,0.0312,0.9087,87.5,500000,-0.003899999999999999,0.0,0.0,0.003899999999999999,tap3,natural,firm,20260810_133647,False
90005,0.0156,0.0273,0.9165,90.005,500000,0.0,-0.0038999999999999972,0.007800000000000029,0.008720665112249205,tap3,natural,firm,20260810_133647,False
92506,0.0078,0.0312,0.9087,92.506,500000,-0.0078,0.0,0.0,0.0078,tap3,natural,firm,20260810_133647,False
95017,0.0078,0.0351,0.9048,95.017,500000,-0.0078,0.0039000000000000007,-0.0038999999999999035,0.009553009996854355,tap3,natural,firm,20260810_133647,False
97506,0.0078,0.0273,0.9048,97.506,500000,-0.0078,-0.0038999999999999972,-0.0038999999999999035,0.009553009996854354,tap3,natural,firm,20260810_133647,False
100011,0.0117,0.0312,0.9165,100.011,500000,-0.003899999999999999,0.0,0.007800000000000029,0.008720665112249205,tap3,natural,firm,20260810_133647,False
102507,0.0117,0.0312,0.9126,102.507,500000,-0.003899999999999999,0.0,0.0039000000000000146,0.00551543289325508,tap3,natural,firm,20260810_133647,False
105025,0.0156,0.0273,0.9048,105.025,500000,0.0,-0.0038999999999999972,-0.0038999999999999035,0.005515432893255,tap3,natural,firm,20260810_133647,False
107510,0.0117,0.0234,0.9087,107.51,500000,-0.003899999999999999,-0.007799999999999998,0.0,0.008720665112249178,tap3,natural,firm,20260810_133647,False
110013,0.0078,0.0234,0.9126,110.013,500000,-0.0078,-0.007799999999999998,0.0039000000000000146,0.011700000000000004,tap3,natural,firm,20260810_133647,False
112515,0.0156,0.0234,0.9009,112.515,500000,0.0,-0.007799999999999998,-0.007799999999999918,0.011030865786510082,tap3,natural,firm,20260810_133647,False
115005,0.0117,0.0312,0.9126,115.005,500000,-0.003899999999999999,0.0,0.0039000000000000146,0.00551543289325508,tap3,natural,firm,20260810_133647,False
117517,0.0156,0.0234,0.9126,117.517,500000,0.0,-0.007799999999999998,0.0039000000000000146,0.008720665112249185,tap3,natural,firm,20260810_133647,False
120020,0.0117,0.0351,0.9126,120.02,500000,-0.003899999999999999,0.0039000000000000007,0.0039000000000000146,0.00675499814951863,tap3,natural,firm,20260810_133647,False
122516,0.0117,0.0312,0.9009,122.516,500000,-0.003899999999999999,0.0,-0.007799999999999918,0.008720665112249105,tap3,natural,firm,20260810_133647,False
125003,0.0156,0.0312,0.9087,125.003,500000,0.0,0.0,0.0,0.0,tap3,natural,firm,20260810_133647,False
127522,0.0156,0.0273,0.9087,127.522,500000,0.0,-0.0038999999999999972,0.0,0.0038999999999999972,tap3,natural,firm,20260810_133647,False
130026,0.0117,0.0351,0.9048,130.026,500000,-0.003899999999999999,0.0039000000000000007,-0.0038999999999999035,0.006754998149518566,tap3,natural,firm,20260810_133647,False
132523,0.0156,0.0234,0.9165,132.523,500000,0.0,-0.007799999999999998,0.007800000000000029,0.01103086578651016,tap3,natural,firm,20260810_133647,False
135012,0.0156,0.0234,0.9165,135.012,500000,0.0,-0.007799999999999998,0.007800000000000029,0.01103086578651016,tap3,natural,firm,20260810_133647,False
137528,0.0156,0.0312,0.9204,137.528,500000,0.0,0.0,0.011700000000000044,0.011700000000000044,tap3,natural,firm,20260810_133647,False
140004,0.0156,0.0234,0.9165,140.004,500000,0.0,-0.007799999999999998,0.007800000000000029,0.01103086578651016,tap3,natural,firm,20260810_133647,False
142506,0.0078,0.0351,0.9165,142.506,500000,-0.0078,0.0039000000000000007,0.007800000000000029,0.01170000000000002,tap3,natural,firm,20260810_133647,False
145028,0.0117,0.0312,0.9165,145.028,500000,-0.003899999999999999,0.0,0.007800000000000029,0.008720665112249205,tap3,natural,firm,20260810_133647,False
147523,0.0117,0.0234,0.9048,147.523,500000,-0.003899999999999999,-0.007799999999999998,-0.0038999999999999035,0.009553009996854354,tap3,natural,firm,20260810_133647,False
150029,0.0117,0.0234,0.9048,150.029,500000,-0.003899999999999999,-0.007799999999999998,-0.0038999999999999035,0.009553009996854354,tap3,natural,firm,20260810_133647,False
152505,0.0117,0.0312,0.9009,152.505,500000,-0.003899999999999999,0.0,-0.007799999999999918,0.008720665112249105,tap3,natural,firm,20260810_133647,False
155022,0.0117,0.0312,0.9048,155.022,500000,-0.003899999999999999,0.0,-0.0038999999999999035,0.005515432893255002,tap3,natural,firm,20260810_133647,False
157508,0.0117,0.0351,0.9126,157.508,500000,-0.003899999999999999,0.0039000000000000007,0.0039000000000000146,0.00675499814951863,tap3,natural,firm,20260810_133647,False
160014,0.0234,0.0351,0.9048,160.014,500000,0.007800000000000001,0.0039000000000000007,-0.0038999999999999035,0.009553009996854357,tap3,natural,firm,20260810_133647,False
162516,0.0156,0.0195,0.9087,162.516,500000,0.0,-0.011699999999999999,0.0,0.011699999999999999,tap3,natural,firm,20260810_133647,False
165008,0.0039,0.0312,0.9126,165.008,500000,-0.011699999999999999,0.0,0.0039000000000000146,0.012332882874656684,tap3,natural,firm,20260810_133647,False
167523,0.0234,0.0351,0.9048,167.523,500000,0.007800000000000001,0.0039000000000000007,-0.0038999999999999035,0.009553009996854357,tap3,natural,firm,20260810_133647,False
170027,0.0117,0.0273,0.9048,170.027,500000,-0.003899999999999999,-0.0038999999999999972,-0.0038999999999999035,0.006754998149518563,tap3,natural,firm,20260810_133647,False
172500,0.0117,0.0195,0.9126,172.5,500000,-0.003899999999999999,-0.011699999999999999,0.0039000000000000146,0.012934836682386062,tap3,natural,firm,20260810_133647,False
175017,0.0117,0.0312,0.9126,175.017,500000,-0.003899999999999999,0.0,0.0039000000000000146,0.00551543289325508,tap3,natural,firm,20260810_133647,False
177513,0.0078,0.0273,0.9087,177.513,500000,-0.0078,-0.0038999999999999972,0.0,0.00872066511224918,tap3,natural,firm,20260810_133647,False
180001,0.0195,0.0273,0.9048,180.001,500000,0.0039000000000000007,-0.0038999999999999972,-0.0038999999999999035,0.006754998149518564,tap3,natural,firm,20260810_133647,False
182504,0.0156,0.0351,0.9009,182.504,500000,0.0,0.0039000000000000007,-0.007799999999999918,0.008720665112249107,tap3,natural,firm,20260810_133647,False
185001,0.0117,0.039,0.9126,185.001,500000,-0.003899999999999999,0.007800000000000001,0.0039000000000000146,0.0095530099968544,tap3,natural,firm,20260810_133647,False
187517,0.0117,0.0312,0.9048,187.517,500000,-0.003899999999999999,0.0,-0.0038999999999999035,0.005515432893255002,tap3,natural,firm,20260810_133647,False
190025,0.0078,0.0312,0.9087,190.025,500000,-0.0078,0.0,0.0,0.0078,tap3,natural,firm,20260810_133647,False
192520,0.0039,0.0351,0.9087,192.52,500000,-0.011699999999999999,0.0039000000000000007,0.0,0.012332882874656679,tap3,natural,firm,20260810_133647,False
195012,0.0156,0.0312,0.9087,195.012,500000,0.0,0.0,0.0,0.0,tap3,natural,firm,20260810_133647,False
197528,0.0117,0.0273,0.9126,197.528,500000,-0.003899999999999999,-0.0038999999999999972,0.0039000000000000146,0.006754998149518627,tap3,natural,firm,20260810_133647,False
200004,0.0195,0.0273,0.9126,200.004,500000,0.0039000000000000007,-0.0038999999999999972,0.0039000000000000146,0.006754998149518628,tap3,natural,firm,20260810_133647,False
202506,0.0234,0.0312,0.9165,202.506,500000,0.007800000000000001,0.0,0.007800000000000029,0.011030865786510163,tap3,natural,firm,20260810_133647,False
205027,0.0195,0.0273,0.9087,205.027,500000,0.0039000000000000007,-0.0038999999999999972,0.0,0.0055154328932550695,tap3,natural,firm,20260810_133647,False
207513,0.0078,0.0273,0.9126,207.513,500000,-0.0078,-0.0038999999999999972,0.0039000000000000146,0.0095530099968544,tap3,natural,firm,20260810_133647,False
210018,0.0156,0.0273,0.9087,210.018,500000,0.0,-0.0038999999999999972,0.0,0.0038999999999999972,tap3,natural,firm,20260810_133647,False
212515,0.0156,0.0273,0.9126,212.515,500000,0.0,-0.0038999999999999972,0.0039000000000000146,0.005515432893255079,tap3,natural,firm,20260810_133647,False
215023,0.0156,0.0234,0.9126,215.023,500000,0.0,-0.007799999999999998,0.0039000000000000146,0.008720665112249185,tap3,natural,firm,20260810_133647,False
217510,0.0117,0.0273,0.9087,217.51,500000,-0.003899999999999999,-0.0038999999999999972,0.0,0.005515432893255068,tap3,natural,firm,20260810_133647,False
220017,0.0156,0.0351,0.9165,220.017,500000,0.0,0.0039000000000000007,0.007800000000000029,0.008720665112249207,tap3,natural,firm,20260810_133647,False
222515,0.0195,0.0234,0.9087,222.515,500000,0.0039000000000000007,-0.007799999999999998,0.0,0.00872066511224918,tap3,natural,firm,20260810_133647,False
225001,0.0156,0.0195,0.9009,225.001,500000,0.0,-0.011699999999999999,-0.007799999999999918,0.014061649974309512,tap3,natural,firm,20260810_133647,False
227517,0.0156,0.0351,0.9048,227.517,500000,0.0,0.0039000000000000007,-0.0038999999999999035,0.005515432893255003,tap3,natural,firm,20260810_133647,False
230024,0.0195,0.0234,0.9048,230.024,500000,0.0039000000000000007,-0.007799999999999998,-0.0038999999999999035,0.009553009996854354,tap3,natural,firm,20260810_133647,False
232527,0.0195,0.0312,0.9087,232.527,500000,0.0039000000000000007,0.0,0.0,0.0039000000000000007,tap3,natural,firm,20260810_133647,False
235012,0.0039,0.039,0.9126,235.012,500000,-0.011699999999999999,0.007800000000000001,0.0039000000000000146,0.014592463808418376,tap3,natural,firm,20260810_133647,False
237528,0.0078,0.0312,0.9048,237.528,500000,-0.0078,0.0,-0.0038999999999999035,0.008720665112249136,tap3,natural,firm,20260810_133647,False
240004,0.0078,0.0312,0.9048,240.004,500000,-0.0078,0.0,-0.0038999999999999035,0.008720665112249136,tap3,natural,firm,20260810_133647,False
242508,0.0273,0.0351,0.9048,242.508,500000,0.011700000000000002,0.0039000000000000007,-0.0038999999999999035,0.012934836682386033,tap3,natural,firm,20260810_133647,False
245024,0.0078,0.0273,0.9126,245.024,500000,-0.0078,-0.0038999999999999972,0.0039000000000000146,0.0095530099968544,tap3,natural,firm,20260810_133647,False
247510,0.0195,0.0351,0.9126,247.51,500000,0.0039000000000000007,0.0039000000000000007,0.0039000000000000146,0.006754998149518631,tap3,natural,firm,20260810_133647,False
250013,0.0117,0.0273,0.9165,250.013,500000,-0.003899999999999999,-0.0038999999999999972,0.007800000000000029,0.009553009996854416,tap3,natural,firm,20260810_133647,False
252515,0.0078,0.0273,0.9087,252.515,500000,-0.0078,-0.0038999999999999972,0.0,0.00872066511224918,tap3,natural,firm,20260810_133647,False
255005,0.0156,0.039,0.9126,255.005,500000,0.0,0.007800000000000001,0.0039000000000000146,0.008720665112249188,tap3,natural,firm,20260810_133647,False
257519,0.0156,0.0312,0.9126,257.519,500000,0.0,0.0,0.0039000000000000146,0.0039000000000000146,tap3,natural,firm,20260810_133647,False
260024,0.0156,0.0234,0.9087,260.024,500000,0.0,-0.007799999999999998,0.0,0.007799999999999998,tap3,natural,firm,20260810_133647,False
262520,0.0117,0.0195,0.9204,262.52,500000,-0.003899999999999999,-0.011699999999999999,0.011700000000000044,0.016999705879808657,tap3,natural,firm,20260810_133647,False
265013,0.0078,0.039,0.9087,265.013,500000,-0.0078,0.007800000000000001,0.0,0.011030865786510143,tap3,natural,firm,20260810_133647,False
267527,0.0117,0.0312,0.9048,267.527,500000,-0.003899999999999999,0.0,-0.0038999999999999035,0.005515432893255002,tap3,natural,firm,20260810_133647,False
270002,0.0117,0.039,0.9048,270.002,500000,-0.003899999999999999,0.007800000000000001,-0.0038999999999999035,0.009553009996854355,tap3,natural,firm,20260810_133647,False
272505,0.0117,0.0312,0.9126,272.505,500000,-0.003899999999999999,0.0,0.0039000000000000146,0.00551543289325508,tap3,natural,firm,20260810_133647,False
275024,0.0117,0.0273,0.897,275.024,500000,-0.003899999999999999,-0.0038999999999999972,-0.011699999999999933,0.012934836682385997,tap3,natural,firm,20260810_133647,False
277511,0.0117,0.0351,0.9126,277.511,500000,-0.003899999999999999,0.0039000000000000007,0.0039000000000000146,0.00675499814951863,tap3,natural,firm,20260810_133647,False
280012,0.0078,0.0312,0.9048,280.012,500000,-0.0078,0.0,-0.0038999999999999035,0.008720665112249136,tap3,natural,firm,20260810_133647,False
282520,0.0156,0.0234,0.9126,282.52,500000,0.0,-0.007799999999999998,0.0039000000000000146,0.008720665112249185,tap3,natural,firm,20260810_133647,False
285022,0.0117,0.0351,0.9087,285.022,500000,-0.003899999999999999,0.0039000000000000007,0.0,0.00551543289325507,tap3,natural,firm,20260810_133647,False
287510,0.0195,0.0273,0.9087,287.51,500000,0.0039000000000000007,-0.0038999999999999972,0.0,0.0055154328932550695,tap3,natural,firm,20260810_133647,False
290019,0.0195,0.0273,0.9009,290.019,500000,0.0039000000000000007,-0.0038999999999999972,-0.007799999999999918,0.009553009996854326,tap3,natural,firm,20260810_133647,False
292519,0.0078,0.0312,0.9087,292.519,500000,-0.0078,0.0,0.0,0.0078,tap3,natural,firm,20260810_133647,False
295000,0.0078,0.0312,0.9126,295.0,500000,-0.0078,0.0,0.0039000000000000146,0.008720665112249186,tap3,natural,firm,20260810_133647,False
297518,0.0078,0.0312,0.9048,297.518,500000,-0.0078,0.0,-0.0038999999999999035,0.008720665112249136,tap3,natural,firm,20260810_133647,False
300021,0.0156,0.0312,0.9009,300.021,500000,0.0,0.0,-0.007799999999999918,0.007799999999999918,tap3,natural,firm,20260810_133647,False
302517,0.0156,0.0312,0.9048,302.517,500000,0.0,0.0,-0.0038999999999999035,0.0038999999999999035,tap3,natural,firm,20260810_133647,False
305003,0.0117,0.0234,0.9126,305.003,500000,-0.003899999999999999,-0.007799999999999998,0.0039000000000000146,0.009553009996854399,tap3,natural,firm,20260810_133647,False
307517,0.0195,0.0273,0.9087,307.517,500000,0.0039000000000000007,-0.0038999999999999972,0.0,0.0055154328932550695,tap3,natural,firm,20260810_133647,False
310023,0.0117,0.0156,0.9087,310.023,500000,-0.003899999999999999,-0.0156,0.0,0.016080111939908874,tap3,natural,firm,20260810_133647,False
312524,0.0156,0.0273,0.9087,312.524,500000,0.0,-0.0038999999999999972,0.0,0.0038999999999999972,tap3,natural,firm,20260810_133647,False
315016,0.0156,0.0273,0.9087,315.016,500000,0.0,-0.0038999999999999972,0.0,0.0038999999999999972,tap3,natural,firm,20260810_133647,False
317504,0.0117,0.0351,0.9087,317.504,500000,-0.003899999999999999,0.0039000000000000007,0.0,0.00551543289325507,tap3,natural,firm,20260810_133647,False
320010,0.0078,0.0312,0.9009,320.01,500000,-0.0078,0.0,-0.007799999999999918,0.011030865786510084,tap3,natural,firm,20260810_133647,False
322511,0.0078,0.0312,0.9126,322.511,500000,-0.0078,0.0,0.0039000000000000146,0.008720665112249186,tap3,natural,firm,20260810_133647,False
325029,0.0117,0.0351,0.9165,325.029,500000,-0.003899999999999999,0.0039000000000000007,0.007800000000000029,0.009553009996854418,tap3,natural,firm,20260810_133647,False
327509,0.0156,0.0351,0.9165,327.509,500000,0.0,0.0039000000000000007,0.007800000000000029,0.008720665112249207,tap3,natural,firm,20260810_133647,False
330016,0.0156,0.0351,0.9048,330.016,500000,0.0,0.0039000000000000007,-0.0038999999999999035,0.005515432893255003,tap3,natural,firm,20260810_133647,False
332512,0.0039,0.039,0.9048,332.512,500000,-0.011699999999999999,0.007800000000000001,-0.0038999999999999035,0.014592463808418346,tap3,natural,firm,20260810_133647,False
335030,0.0078,0.0351,0.9165,335.03,500000,-0.0078,0.0039000000000000007,0.007800000000000029,0.01170000000000002,tap3,natural,firm,20260810_133647,False
337515,0.0156,0.0312,0.9165,337.515,500000,0.0,0.0,0.007800000000000029,0.007800000000000029,tap3,natural,firm,20260810_133647,False
340023,0.0117,0.0312,0.9048,340.023,500000,-0.003899999999999999,0.0,-0.0038999999999999035,0.005515432893255002,tap3,natural,firm,20260810_133647,False
342530,0.0195,0.0312,0.9126,342.53,500000,0.0039000000000000007,0.0,0.0039000000000000146,0.005515432893255082,tap3,natural,firm,20260810_133647,False
345012,0.0156,0.0312,0.9048,345.012,500000,0.0,0.0,-0.0038999999999999035,0.0038999999999999035,tap3,natural,firm,20260810_133647,False
347502,0.0156,0.0312,0.9048,347.502,500000,0.0,0.0,-0.0038999999999999035,0.0038999999999999035,tap3,natural,firm,20260810_133647,False
350008,0.0156,0.0312,0.9087,350.008,500000,0.0,0.0,0.0,0.0,tap3,natural,firm,20260810_133647,False
352507,0.0117,0.0312,0.9204,352.507,500000,-0.003899999999999999,0.0,0.011700000000000044,0.01233288287465672,tap3,natural,firm,20260810_133647,False
355018,0.0117,0.0234,0.9087,355.018,500000,-0.003899999999999999,-0.007799999999999998,0.0,0.008720665112249178,tap3,natural,firm,20260810_133647,False
357501,0.0078,0.0312,0.9126,357.501,500000,-0.0078,0.0,0.0039000000000000146,0.008720665112249186,tap3,natural,firm,20260810_133647,False
360004,0.0156,0.0312,0.9126,360.004,500000,0.0,0.0,0.0039000000000000146,0.0039000000000000146,tap3,natural,firm,20260810_133647,False
362501,0.0117,0.0234,0.9009,362.501,500000,-0.003899999999999999,-0.007799999999999998,-0.007799999999999918,0.011699999999999943,tap3,natural,firm,20260810_133647,False
365000,0.0117,0.0273,0.9087,365.0,500000,-0.003899999999999999,-0.0038999999999999972,0.0,0.005515432893255068,tap3,natural,firm,20260810_133647,False
367517,0.0117,0.0351,0.9087,367.517,500000,-0.003899999999999999,0.0039000000000000007,0.0,0.00551543289325507,tap3,natural,firm,20260810_133647,False
370017,0.0156,0.0273,0.897,370.017,500000,0.0,-0.0038999999999999972,-0.011699999999999933,0.012332882874656614,tap3,natural,firm,20260810_133647,False
372518,0.0234,0.0312,0.9126,372.518,500000,0.007800000000000001,0.0,0.0039000000000000146,0.008720665112249188,tap3,natural,firm,20260810_133647,False
375003,0.0078,0.0351,0.9048,375.003,500000,-0.0078,0.0039000000000000007,-0.0038999999999999035,0.009553009996854355,tap3,natural,firm,20260810_133647,False
377506,0.0156,0.0234,0.9087,377.506,500000,0.0,-0.007799999999999998,0.0,0.007799999999999998,tap3,natural,firm,20260810_133647,False
380021,0.0195,0.0351,0.9126,380.021,500000,0.0039000000000000007,0.0039000000000000007,0.0039000000000000146,0.006754998149518631,tap3,natural,firm,20260810_133647,False
382526,0.0078,0.0312,0.9165,382.526,500000,-0.0078,0.0,0.007800000000000029,0.011030865786510162,tap3,natural,firm,20260810_133647,False
385022,0.0156,0.0234,0.9126,385.022,500000,0.0,-0.007799999999999998,0.0039000000000000146,0.008720665112249185,tap3,natural,firm,20260810_133647,False
387510,0.0156,0.0312,0.9204,387.51,500000,0.0,0.0,0.011700000000000044,0.011700000000000044,tap3,natural,firm,20260810_133647,False
390015,0.0195,0.0273,0.9165,390.015,500000,0.0039000000000000007,-0.0038999999999999972,0.007800000000000029,0.009553009996854418,tap3,natural,firm,20260810_133647,False
392513,0.0078,0.0312,0.9126,392.513,500000,-0.0078,0.0,0.0039000000000000146,0.008720665112249186,tap3,natural,firm,20260810_133647,False
395023,0.0156,0.0273,0.9087,395.023,500000,0.0,-0.0038999999999999972,0.0,0.0038999999999999972,tap3,natural,firm,20260810_133647,False
397510,0.0117,0.0312,0.9009,397.51,500000,-0.003899999999999999,0.0,-0.007799999999999918,0.008720665112249105,tap3,natural,firm,20260810_133647,False
400016,0.0117,0.0312,0.9087,400.016,500000,-0.003899999999999999,0.0,0.0,0.003899999999999999,tap3,natural,firm,20260810_133647,False
402515,0.0234,0.0234,0.9048,402.515,500000,0.007800000000000001,-0.007799999999999998,-0.0038999999999999035,0.011699999999999967,tap3,natural,firm,20260810_133647,False
405004,0.0156,0.0351,0.9087,405.004,500000,0.0,0.0039000000000000007,0.0,0.0039000000000000007,tap3,natural,firm,20260810_133647,False
407517,0.0117,0.0273,0.9087,407.517,500000,-0.003899999999999999,-0.0038999999999999972,0.0,0.005515432893255068,tap3,natural,firm,20260810_133647,False
410019,0.0117,0.0312,0.9048,410.019,500000,-0.003899999999999999,0.0,-0.0038999999999999035,0.005515432893255002,tap3,natural,firm,20260810_133647,False
412523,0.0117,0.0312,0.9126,412.523,500000,-0.003899999999999999,0.0,0.0039000000000000146,0.00551543289325508,tap3,natural,firm,20260810_133647,False
415020,0.0156,0.0312,0.9126,415.02,500000,0.0,0.0,0.0039000000000000146,0.0039000000000000146,tap3,natural,firm,20260810_133647,False
417503,0.0156,0.0195,0.9048,417.503,500000,0.0,-0.011699999999999999,-0.0038999999999999035,0.012332882874656647,tap3,natural,firm,20260810_133647,False
420006,0.0195,0.0273,0.9165,420.006,500000,0.0039000000000000007,-0.0038999999999999972,0.007800000000000029,0.009553009996854418,tap3,natural,firm,20260810_133647,False
422503,0.0078,0.0312,0.9009,422.503,500000,-0.0078,0.0,-0.007799999999999918,0.011030865786510084,tap3,natural,firm,20260810_133647,False
425024,0.0117,0.0273,0.9048,425.024,500000,-0.003899999999999999,-0.0038999999999999972,-0.0038999999999999035,0.006754998149518563,tap3,natural,firm,20260810_133647,False
427513,0.0156,0.0234,0.9126,427.513,500000,0.0,-0.007799999999999998,0.0039000000000000146,0.008720665112249185,tap3,natural,firm,20260810_133647,False
430017,0.0156,0.0312,0.9087,430.017,500000,0.0,0.0,0.0,0.0,tap3,natural,firm,20260810_133647,False
432516,0.0156,0.0312,0.9126,432.516,500000,0.0,0.0,0.0039000000000000146,0.0039000000000000146,tap3,natural,firm,20260810_133647,False
435003,0.0117,0.0273,0.9087,435.003,500000,-0.003899999999999999,-0.0038999999999999972,0.0,0.005515432893255068,tap3,natural,firm,20260810_133647,False
437521,0.0117,0.0312,0.9087,437.521,500000,-0.003899999999999999,0.0,0.0,0.003899999999999999,tap3,natural,firm,20260810_133647,False
440000,0.0117,0.0273,0.9048,440.0,500000,-0.003899999999999999,-0.0038999999999999972,-0.0038999999999999035,0.006754998149518563,tap3,natural,firm,20260810_133647,False
442505,0.0195,0.0234,0.9087,442.505,500000,0.0039000000000000007,-0.007799999999999998,0.0,0.00872066511224918,tap3,natural,firm,20260810_133647,False
445022,0.0156,0.0312,0.9165,445.022,500000,0.0,0.0,0.007800000000000029,0.007800000000000029,tap3,natural,firm,20260810_133647,False
447505,0.0078,0.0312,0.9126,447.505,500000,-0.0078,0.0,0.0039000000000000146,0.008720665112249186,tap3,natural,firm,20260810_133647,False
450009,0.0117,0.0273,0.9048,450.009,500000,-0.003899999999999999,-0.0038999999999999972,-0.0038999999999999035,0.006754998149518563,tap3,natural,firm,20260810_133647,False
452508,0.0117,0.0273,0.9165,452.508,500000,-0.003899999999999999,-0.0038999999999999972,0.007800000000000029,0.009553009996854416,tap3,natural,firm,20260810_133647,False
455016,0.0156,0.0273,0.9087,455.016,500000,0.0,-0.0038999999999999972,0.0,0.0038999999999999972,tap3,natural,firm,20260810_133647,False
457511,0.0156,0.0273,0.9087,457.511,500000,0.0,-0.0038999999999999972,0.0,0.0038999999999999972,tap3,natural,firm,20260810_133647,False
460015,0.0156,0.0351,0.9204,460.015,500000,0.0,0.0039000000000000007,0.011700000000000044,0.012332882874656722,tap3,natural,firm,20260810_133647,False
462519,0.0117,0.0273,0.9087,462.519,500000,-0.003899999999999999,-0.0038999999999999972,0.0,0.005515432893255068,tap3,natural,firm,20260810_133647,False
465012,0.0117,0.0312,0.9165,465.012,500000,-0.003899999999999999,0.0,0.007800000000000029,0.008720665112249205,tap3,natural,firm,20260810_133647,False
467502,0.0195,0.0234,0.9165,467.502,500000,0.0039000000000000007,-0.007799999999999998,0.007800000000000029,0.011700000000000018,tap3,natural,firm,20260810_133647,False
470004,0.0156,0.0312,0.9165,470.004,500000,0.0,0.0,0.007800000000000029,0.007800000000000029,tap3,natural,firm,20260810_133647,False
472502,0.0195,0.0273,0.9204,472.502,500000,0.0039000000000000007,-0.0038999999999999972,0.011700000000000044,0.012934836682386099,tap3,natural,firm,20260810_133647,False
475018,0.0195,0.0312,0.9243,475.018,500000,0.0039000000000000007,0.0,0.015600000000000058,0.016080111939908933,tap3,natural,firm,20260810_133647,False
477502,0.0156,0.039,0.9087,477.502,500000,0.0,0.007800000000000001,0.0,0.007800000000000001,tap3,natural,firm,20260810_133647,False
480024,0.0156,0.039,0.9087,480.024,500000,0.0,0.007800000000000001,0.0,0.007800000000000001,tap3,natural,firm,20260810_133647,False
482526,0.0117,0.0351,0.9204,482.526,500000,-0.003899999999999999,0.0039000000000000007,0.011700000000000044,0.012934836682386099,tap3,natural,firm,20260810_133647,False
485024,0.0156,0.039,0.9087,485.024,500000,0.0,0.007800000000000001,0.0,0.007800000000000001,tap3,natural,firm,20260810_133647,False
487513,0.0195,0.0312,0.9165,487.513,500000,0.0039000000000000007,0.0,0.007800000000000029,0.008720665112249207,tap3,natural,firm,20260810_133647,False
490019,0.0195,0.0429,0.9087,490.019,500000,0.0039000000000000007,0.011700000000000002,0.0,0.012332882874656682,tap3,natural,firm,20260810_133647,False
492523,0.0117,0.0312,0.9087,492.523,500000,-0.003899999999999999,0.0,0.0,0.003899999999999999,tap3,natural,firm,20260810_133647,False
495006,0.0078,0.0429,0.9048,495.006,500000,-0.0078,0.011700000000000002,-0.0038999999999999035,0.014592463808418348,tap3,natural,firm,20260810_133647,False
497524,0.0156,0.0234,0.9087,497.524,500000,0.0,-0.007799999999999998,0.0,0.007799999999999998,tap3,natural,firm,20260810_133647,False
500027,0.0117,0.0351,0.9126,500.027,500000,-0.003899999999999999,0.0039000000000000007,0.0039000000000000146,0.00675499814951863,tap3,natural,firm,20260810_133647,False
510629,0.0117,0.0351,0.9126,510.629,500000,-0.003899999999999999,0.0039000000000000007,0.0039000000000000146,0.00675499814951863,tap3,natural,firm,20260810_133647,False
511027,0.0117,0.0351,0.9126,511.027,500000,-0.003899999999999999,0.0039000000000000007,0.0039000000000000146,0.00675499814951863,tap3,natural,firm,20260810_133647,False
511430,0.0273,0.0351,0.9048,511.43,500000,0.011700000000000002,0.0039000000000000007,-0.0038999999999999035,0.012934836682386033,tap3,natural,firm,20260810_133647,False
511845,0.0273,0.0351,0.9048,511.845,500000,0.011700000000000002,0.0039000000000000007,-0.0038999999999999035,0.012934836682386033,tap3,natural,firm,20260810_133647,False
512524,0.0273,0.0351,0.9048,512.524,500000,0.011700000000000002,0.0039000000000000007,-0.0038999999999999035,0.012934836682386033,tap3,natural,firm,20260810_133647,False
515005,0.0078,0.0351,0.9126,515.005,500000,-0.0078,0.0039000000000000007,0.0039000000000000146,0.0095530099968544,tap3,natural,firm,20260810_133647,False
517528,0.0195,0.0312,0.9087,517.528,500000,0.0039000000000000007,0.0,0.0,0.0039000000000000007,tap3,natural,firm,20260810_133647,False
520006,0.0078,0.0351,0.9126,520.006,500000,-0.0078,0.0039000000000000007,0.0039000000000000146,0.0095530099968544,tap3,natural,firm,20260810_133647,False
522503,0.0234,0.0351,0.9009,522.503,500000,0.007800000000000001,0.0039000000000000007,-0.007799999999999918,0.011699999999999947,tap3,natural,firm,20260810_133647,False
525019,0.0156,0.0312,0.9126,525.019,500000,0.0,0.0,0.0039000000000000146,0.0039000000000000146,tap3,natural,firm,20260810_133647,False
527507,0.0078,0.0312,0.9048,527.507,500000,-0.0078,0.0,-0.0038999999999999035,0.008720665112249136,tap3,natural,firm,20260810_133647,False
530011,0.0156,0.0234,0.9126,530.011,500000,0.0,-0.007799999999999998,0.0039000000000000146,0.008720665112249185,tap3,natural,firm,20260810_133647,False
532516,0.0117,0.0273,0.9126,532.516,500000,-0.003899999999999999,-0.0038999999999999972,0.0039000000000000146,0.006754998149518627,tap3,natural,firm,20260810_133647,False
535003,0.0078,0.039,0.9048,535.003,500000,-0.0078,0.007800000000000001,-0.0038999999999999035,0.011699999999999969,tap3,natural,firm,20260810_133647,False
537518,0.0195,0.0234,0.9009,537.518,500000,0.0039000000000000007,-0.007799999999999998,-0.007799999999999918,0.011699999999999945,tap3,natural,firm,20260810_133647,False
540024,0.0117,0.0273,0.9126,540.024,500000,-0.003899999999999999,-0.0038999999999999972,0.0039000000000000146,0.006754998149518627,tap3,natural,firm,20260810_133647,False
542509,0.0156,0.0312,0.9087,542.509,500000,0.0,0.0,0.0,0.0,tap3,natural,firm,20260810_133647,False
545005,0.0117,0.0312,0.9204,545.005,500000,-0.003899999999999999,0.0,0.011700000000000044,0.01233288287465672,tap3,natural,firm,20260810_133647,False
547523,0.0195,0.039,0.9126,547.523,500000,0.0039000000000000007,0.007800000000000001,0.0039000000000000146,0.009553009996854402,tap3,natural,firm,20260810_133647,False
550028,0.0156,0.0273,0.9126,550.028,500000,0.0,-0.0038999999999999972,0.0039000000000000146,0.005515432893255079,tap3,natural,firm,20260810_133647,False
552501,0.0156,0.0351,0.9009,552.501,500000,0.0,0.0039000000000000007,-0.007799999999999918,0.008720665112249107,tap3,natural,firm,20260810_133647,False
555018,0.0156,0.0234,0.9087,555.018,500000,0.0,-0.007799999999999998,0.0,0.007799999999999998,tap3,natural,firm,20260810_133647,False
557505,0.0117,0.0351,0.9126,557.505,500000,-0.003899999999999999,0.0039000000000000007,0.0039000000000000146,0.00675499814951863,tap3,natural,firm,20260810_133647,False
560019,0.0156,0.0273,0.9087,560.019,500000,0.0,-0.0038999999999999972,0.0,0.0038999999999999972,tap3,natural,firm,20260810_133647,False
562517,0.0195,0.0234,0.9009,562.517,500000,0.0039000000000000007,-0.007799999999999998,-0.007799999999999918,0.011699999999999945,tap3,natural,firm,20260810_133647,False
565005,0.0195,0.0234,0.9009,565.005,500000,0.0039000000000000007,-0.007799999999999998,-0.007799999999999918,0.011699999999999945,tap3,natural,firm,20260810_133647,False
567522,0.0117,0.0312,0.9126,567.522,500000,-0.003899999999999999,0.0,0.0039000000000000146,0.00551543289325508,tap3,natural,firm,20260810_133647,False
570028,0.0078,0.0351,0.9048,570.028,500000,-0.0078,0.0039000000000000007,-0.0038999999999999035,0.009553009996854355,tap3,natural,firm,20260810_133647,False
572526,0.0078,0.0312,0.9126,572.526,500000,-0.0078,0.0,0.0039000000000000146,0.008720665112249186,tap3,natural,firm,20260810_133647,False
575012,0.0117,0.0312,0.9126,575.012,500000,-0.003899999999999999,0.0,0.0039000000000000146,0.00551543289325508,tap3,natural,firm,20260810_133647,False
577519,0.0078,0.0351,0.9009,577.519,500000,-0.0078,0.0039000000000000007,-0.007799999999999918,0.011699999999999945,tap3,natural,firm,20260810_133647,False
580029,0.0117,0.0234,0.9048,580.029,500000,-0.003899999999999999,-0.007799999999999998,-0.0038999999999999035,0.009553009996854354,tap3,natural,firm,20260810_133647,False
582500,0.0156,0.0273,0.9087,582.5,500000,0.0,-0.0038999999999999972,0.0,0.0038999999999999972,tap3,natural,firm,20260810_133647,False
585027,0.0078,0.0312,0.9048,585.027,500000,-0.0078,0.0,-0.0038999999999999035,0.008720665112249136,tap3,natural,firm,20260810_133647,False
587516,0.0117,0.0273,0.9204,587.516,500000,-0.003899999999999999,-0.0038999999999999972,0.011700000000000044,0.012934836682386097,tap3,natural,firm,20260810_133647,False
590022,0.0117,0.0351,0.9126,590.022,500000,-0.003899999999999999,0.0039000000000000007,0.0039000000000000146,0.00675499814951863,tap3,natural,firm,20260810_133647,False
592523,0.0078,0.0312,0.9126,592.523,500000,-0.0078,0.0,0.0039000000000000146,0.008720665112249186,tap3,natural,firm,20260810_133647,False
595028,0.0156,0.0351,0.9126,595.028,500000,0.0,0.0039000000000000007,0.0039000000000000146,0.005515432893255082,tap3,natural,firm,20260810_133647,False
597516,0.0117,0.0234,0.9126,597.516,500000,-0.003899999999999999,-0.007799999999999998,0.0039000000000000146,0.009553009996854399,tap3,natural,firm,20260810_133647,False
600022,0.0117,0.0312,0.9126,600.022,500000,-0.003899999999999999,0.0,0.0039000000000000146,0.00551543289325508,tap3,natural,firm,20260810_133647,False
602523,0.0156,0.039,0.9126,602.523,500000,0.0,0.007800000000000001,0.0039000000000000146,0.008720665112249188,tap3,natural,firm,20260810_133647,False
605011,0.0117,0.0312,0.9087,605.011,500000,-0.003899999999999999,0.0,0.0,0.003899999999999999,tap3,natural,firm,20260810_133647,False
607504,0.0117,0.0351,0.9048,607.504,500000,-0.003899999999999999,0.0039000000000000007,-0.0038999999999999035,0.006754998149518566,tap3,natural,firm,20260810_133647,False
610011,0.0156,0.039,0.9009,610.011,500000,0.0,0.007800000000000001,-0.007799999999999918,0.011030865786510084,tap3,natural,firm,20260810_133647,False
612512,0.0117,0.0351,0.9009,612.512,500000,-0.003899999999999999,0.0039000000000000007,-0.007799999999999918,0.009553009996854328,tap3,natural,firm,20260810_133647,False
615002,0.0117,0.0273,0.9126,615.002,500000,-0.003899999999999999,-0.0038999999999999972,0.0039000000000000146,0.006754998149518627,tap3,natural,firm,20260810_133647,False
617519,0.0117,0.0312,0.9126,617.519,500000,-0.003899999999999999,0.0,0.0039000000000000146,0.00551543289325508,tap3,natural,firm,20260810_133647,False
620024,0.0156,0.0273,0.9048,620.024,500000,0.0,-0.0038999999999999972,-0.0038999999999999035,0.005515432893255,tap3,natural,firm,20260810_133647,False
622518,0.0156,0.0273,0.9048,622.518,500000,0.0,-0.0038999999999999972,-0.0038999999999999035,0.005515432893255,tap3,natural,firm,20260810_133647,False
625002,0.0117,0.0312,0.9165,625.002,500000,-0.003899999999999999,0.0,0.007800000000000029,0.008720665112249205,tap3,natural,firm,20260810_133647,False
627515,0.0117,0.0351,0.9048,627.515,500000,-0.003899999999999999,0.0039000000000000007,-0.0038999999999999035,0.006754998149518566,tap3,natural,firm,20260810_133647,False
630020,0.0078,0.039,0.9126,630.02,500000,-0.0078,0.007800000000000001,0.0039000000000000146,0.011700000000000006,tap3,natural,firm,20260810_133647,False
632521,0.0117,0.0351,0.9009,632.521,500000,-0.003899999999999999,0.0039000000000000007,-0.007799999999999918,0.009553009996854328,tap3,natural,firm,20260810_133647,False
635007,0.0117,0.0351,0.9165,635.007,500000,-0.003899999999999999,0.0039000000000000007,0.007800000000000029,0.009553009996854418,tap3,natural,firm,20260810_133647,False
637516,0.0117,0.0312,0.9087,637.516,500000,-0.003899999999999999,0.0,0.0,0.003899999999999999,tap3,natural,firm,20260810_133647,False
640022,0.0195,0.039,0.9126,640.022,500000,0.0039000000000000007,0.007800000000000001,0.0039000000000000146,0.009553009996854402,tap3,natural,firm,20260810_133647,False
642524,0.0156,0.0351,0.9165,642.524,500000,0.0,0.0039000000000000007,0.007800000000000029,0.008720665112249207,tap3,natural,firm,20260810_133647,False
645010,0.0117,0.0312,0.9165,645.01,500000,-0.003899999999999999,0.0,0.007800000000000029,0.008720665112249205,tap3,natural,firm,20260810_133647,False
647527,0.0156,0.0312,0.9087,647.527,500000,0.0,0.0,0.0,0.0,tap3,natural,firm,20260810_133647,False
650001,0.0156,0.0234,0.9126,650.001,500000,0.0,-0.007799999999999998,0.0039000000000000146,0.008720665112249185,tap3,natural,firm,20260810_133647,False
652500,0.0117,0.0234,0.9048,652.5,500000,-0.003899999999999999,-0.007799999999999998,-0.0038999999999999035,0.009553009996854354,tap3,natural,firm,20260810_133647,False
655017,0.0156,0.0234,0.9126,655.017,500000,0.0,-0.007799999999999998,0.0039000000000000146,0.008720665112249185,tap3,natural,firm,20260810_133647,False
657505,0.0078,0.0312,0.9009,657.505,500000,-0.0078,0.0,-0.007799999999999918,0.011030865786510084,tap3,natural,firm,20260810_133647,False
660008,0.0117,0.0234,0.9087,660.008,500000,-0.003899999999999999,-0.007799999999999998,0.0,0.008720665112249178,tap3,natural,firm,20260810_133647,False
662515,0.0117,0.0312,0.9087,662.515,500000,-0.003899999999999999,0.0,0.0,0.003899999999999999,tap3,natural,firm,20260810_133647,False
665029,0.0156,0.0273,0.9165,665.029,500000,0.0,-0.0038999999999999972,0.007800000000000029,0.008720665112249205,tap3,natural,firm,20260810_133647,False
667516,0.0117,0.0273,0.9087,667.516,500000,-0.003899999999999999,-0.0038999999999999972,0.0,0.005515432893255068,tap3,natural,firm,20260810_133647,False
670019,0.0117,0.0273,0.9126,670.019,500000,-0.003899999999999999,-0.0038999999999999972,0.0039000000000000146,0.006754998149518627,tap3,natural,firm,20260810_133647,False
672504,0.0117,0.0273,0.9126,672.504,500000,-0.003899999999999999,-0.0038999999999999972,0.0039000000000000146,0.006754998149518627,tap3,natural,firm,20260810_133647,False
675000,0.0156,0.0312,0.9048,675.0,500000,0.0,0.0,-0.0038999999999999035,0.0038999999999999035,tap3,natural,firm,20260810_133647,False
677520,0.0195,0.0195,0.9204,677.52,500000,0.0039000000000000007,-0.011699999999999999,0.011700000000000044,0.016999705879808657,tap3,natural,firm,20260810_133647,False
680022,0.0117,0.0351,0.9126,680.022,500000,-0.003899999999999999,0.0039000000000000007,0.0039000000000000146,0.00675499814951863,tap3,natural,firm,20260810_133647,False
682523,0.0156,0.0273,0.9009,682.523,500000,0.0,-0.0038999999999999972,-0.007799999999999918,0.008720665112249105,tap3,natural,firm,20260810_133647,False
685021,0.0156,0.0351,0.9126,685.021,500000,0.0,0.0039000000000000007,0.0039000000000000146,0.005515432893255082,tap3,natural,firm,20260810_133647,False
687510,0.0117,0.039,0.9048,687.51,500000,-0.003899999999999999,0.007800000000000001,-0.0038999999999999035,0.009553009996854355,tap3,natural,firm,20260810_133647,False
690016,0.0156,0.039,0.897,690.016,500000,0.0,0.007800000000000001,-0.011699999999999933,0.014061649974309504,tap3,natural,firm,20260810_133647,False
692514,0.0156,0.0273,0.9165,692.514,500000,0.0,-0.0038999999999999972,0.007800000000000029,0.008720665112249205,tap3,natural,firm,20260810_133647,False
695000,0.0195,0.0273,0.9048,695.0,500000,0.0039000000000000007,-0.0038999999999999972,-0.0038999999999999035,0.006754998149518564,tap3,natural,firm,20260810_133647,False
697519,0.0117,0.0273,0.9087,697.519,500000,-0.003899999999999999,-0.0038999999999999972,0.0,0.005515432893255068,tap3,natural,firm,20260810_133647,False
700024,0.0117,0.0312,0.9165,700.024,500000,-0.003899999999999999,0.0,0.007800000000000029,0.008720665112249205,tap3,natural,firm,20260810_133647,False
702525,0.0195,0.0273,0.9126,702.525,500000,0.0039000000000000007,-0.0038999999999999972,0.0039000000000000146,0.006754998149518628,tap3,natural,firm,20260810_133647,False
705015,0.0234,0.0273,0.9087,705.015,500000,0.007800000000000001,-0.0038999999999999972,0.0,0.00872066511224918,tap3,natural,firm,20260810_133647,False
707503,0.0078,0.0312,0.9048,707.503,500000,-0.0078,0.0,-0.0038999999999999035,0.008720665112249136,tap3,natural,firm,20260810_133647,False
710006,0.0117,0.0312,0.9165,710.006,500000,-0.003899999999999999,0.0,0.007800000000000029,0.008720665112249205,tap3,natural,firm,20260810_133647,False
712509,0.0117,0.0273,0.9009,712.509,500000,-0.003899999999999999,-0.0038999999999999972,-0.007799999999999918,0.009553009996854326,tap3,natural,firm,20260810_133647,False
715029,0.0078,0.0351,0.9087,715.029,500000,-0.0078,0.0039000000000000007,0.0,0.00872066511224918,tap3,natural,firm,20260810_133647,False
717518,0.0078,0.0273,0.9048,717.518,500000,-0.0078,-0.0038999999999999972,-0.0038999999999999035,0.009553009996854354,tap3,natural,firm,20260810_133647,False
720021,0.0078,0.0351,0.9009,720.021,500000,-0.0078,0.0039000000000000007,-0.007799999999999918,0.011699999999999945,tap3,natural,firm,20260810_133647,False
722523,0.0195,0.0234,0.9165,722.523,500000,0.0039000000000000007,-0.007799999999999998,0.007800000000000029,0.011700000000000018,tap3,natural,firm,20260810_133647,False
725010,0.0117,0.0312,0.9165,725.01,500000,-0.003899999999999999,0.0,0.007800000000000029,0.008720665112249205,tap3,natural,firm,20260810_133647,False
727521,0.0156,0.0312,0.9087,727.521,500000,0.0,0.0,0.0,0.0,tap3,natural,firm,20260810_133647,False
730026,0.0156,0.0312,0.9165,730.026,500000,0.0,0.0,0.007800000000000029,0.007800000000000029,tap3,natural,firm,20260810_133647,False
732520,0.0039,0.0351,0.9126,732.52,500000,-0.011699999999999999,0.0039000000000000007,0.0039000000000000146,0.012934836682386064,tap3,natural,firm,20260810_133647,False
735003,0.0117,0.0351,0.9165,735.003,500000,-0.003899999999999999,0.0039000000000000007,0.007800000000000029,0.009553009996854418,tap3,natural,firm,20260810_133647,False
737515,0.0156,0.0273,0.9087,737.515,500000,0.0,-0.0038999999999999972,0.0,0.0038999999999999972,tap3,natural,firm,20260810_133647,False
740008,0.0039,0.0351,0.9009,740.008,500000,-0.011699999999999999,0.0039000000000000007,-0.007799999999999918,0.014592463808418327,tap3,natural,firm,20260810_133647,False
742514,0.0156,0.0351,0.9126,742.514,500000,0.0,0.0039000000000000007,0.0039000000000000146,0.005515432893255082,tap3,natural,firm,20260810_133647,False
745004,0.0195,0.0312,0.9048,745.004,500000,0.0039000000000000007,0.0,-0.0038999999999999035,0.005515432893255003,tap3,natural,firm,20260810_133647,False
747522,0.0117,0.0351,0.9087,747.522,500000,-0.003899999999999999,0.0039000000000000007,0.0,0.00551543289325507,tap3,natural,firm,20260810_133647,False
750027,0.0156,0.0312,0.9087,750.027,500000,0.0,0.0,0.0,0.0,tap3,natural,firm,20260810_133647,False
752525,0.0117,0.0273,0.9126,752.525,500000,-0.003899999999999999,-0.0038999999999999972,0.0039000000000000146,0.006754998149518627,tap3,natural,firm,20260810_133647,False
755010,0.0117,0.0312,0.9087,755.01,500000,-0.003899999999999999,0.0,0.0,0.003899999999999999,tap3,natural,firm,20260810_133647,False
757528,0.0078,0.0273,0.9009,757.528,500000,-0.0078,-0.0038999999999999972,-0.007799999999999918,0.011699999999999945,tap3,natural,firm,20260810_133647,False
760405,0.0078,0.0312,0.9126,760.405,500000,-0.0078,0.0,0.0039000000000000146,0.008720665112249186,tap3,natural,firm,20260810_133647,False
762518,0.0117,0.0273,0.9009,762.518,500000,-0.003899999999999999,-0.0038999999999999972,-0.007799999999999918,0.009553009996854326,tap3,natural,firm,20260810_133647,False
765003,0.0156,0.0234,0.9087,765.003,500000,0.0,-0.007799999999999998,0.0,0.007799999999999998,tap3,natural,firm,20260810_133647,False
767517,0.0117,0.0312,0.9165,767.517,500000,-0.003899999999999999,0.0,0.007800000000000029,0.008720665112249205,tap3,natural,firm,20260810_133647,False
770018,0.0117,0.0312,0.9165,770.018,500000,-0.003899999999999999,0.0,0.007800000000000029,0.008720665112249205,tap3,natural,firm,20260810_133647,False
772518,0.0078,0.0312,0.9087,772.518,500000,-0.0078,0.0,0.0,0.0078,tap3,natural,firm,20260810_133647,False
775003,0.0117,0.0273,0.9126,775.003,500000,-0.003899999999999999,-0.0038999999999999972,0.0039000000000000146,0.006754998149518627,tap3,natural,firm,20260810_133647,False
777503,0.0195,0.0273,0.9048,777.503,500000,0.0039000000000000007,-0.0038999999999999972,-0.0038999999999999035,0.006754998149518564,tap3,natural,firm,20260810_133647,False
780019,0.0195,0.0273,0.9048,780.019,500000,0.0039000000000000007,-0.0038999999999999972,-0.0038999999999999035,0.006754998149518564,tap3,natural,firm,20260810_133647,False
782524,0.0156,0.0351,0.9204,782.524,500000,0.0,0.0039000000000000007,0.011700000000000044,0.012332882874656722,tap3,natural,firm,20260810_133647,False
785021,0.0156,0.0273,0.9087,785.021,500000,0.0,-0.0038999999999999972,0.0,0.0038999999999999972,tap3,natural,firm,20260810_133647,False
787510,0.0156,0.0312,0.9126,787.51,500000,0.0,0.0,0.0039000000000000146,0.0039000000000000146,tap3,natural,firm,20260810_133647,False
790020,0.0156,0.0312,0.9048,790.02,500000,0.0,0.0,-0.0038999999999999035,0.0038999999999999035,tap3,natural,firm,20260810_133647,False
792523,0.0117,0.0273,0.9126,792.523,500000,-0.003899999999999999,-0.0038999999999999972,0.0039000000000000146,0.006754998149518627,tap3,natural,firm,20260810_133647,False
795007,0.0117,0.0312,0.9087,795.007,500000,-0.003899999999999999,0.0,0.0,0.003899999999999999,tap3,natural,firm,20260810_133647,False
797523,0.0117,0.0351,0.9126,797.523,500000,-0.003899999999999999,0.0039000000000000007,0.0039000000000000146,0.00675499814951863,tap3,natural,firm,20260810_133647,False
800026,0.0117,0.0429,0.9204,800.026,500000,-0.003899999999999999,0.011700000000000002,0.011700000000000044,0.016999705879808657,tap3,natural,firm,20260810_133647,False
802528,0.0234,0.0312,0.9165,802.528,500000,0.007800000000000001,0.0,0.007800000000000029,0.011030865786510163,tap3,natural,firm,20260810_133647,False
805005,0.0117,0.0351,0.9087,805.005,500000,-0.003899999999999999,0.0039000000000000007,0.0,0.00551543289325507,tap3,natural,firm,20260810_133647,False
807523,0.0156,0.0351,0.9126,807.523,500000,0.0,0.0039000000000000007,0.0039000000000000146,0.005515432893255082,tap3,natural,firm,20260810_133647,False
810028,0.0156,0.0312,0.9048,810.028,500000,0.0,0.0,-0.0038999999999999035,0.0038999999999999035,tap3,natural,firm,20260810_133647,False
812524,0.0117,0.039,0.9204,812.524,500000,-0.003899999999999999,0.007800000000000001,0.011700000000000044,0.014592463808418407,tap3,natural,firm,20260810_133647,False
815013,0.0234,0.0351,0.9048,815.013,500000,0.007800000000000001,0.0039000000000000007,-0.0038999999999999035,0.009553009996854357,tap3,natural,firm,20260810_133647,False
817525,0.0156,0.0351,0.9087,817.525,500000,0.0,0.0039000000000000007,0.0,0.0039000000000000007,tap3,natural,firm,20260810_133647,False
820026,0.0117,0.0273,0.9165,820.026,500000,-0.003899999999999999,-0.0038999999999999972,0.007800000000000029,0.009553009996854416,tap3,natural,firm,20260810_133647,False
822527,0.0156,0.0312,0.9126,822.527,500000,0.0,0.0,0.0039000000000000146,0.0039000000000000146,tap3,natural,firm,20260810_133647,False
825010,0.0195,0.0312,0.897,825.01,500000,0.0039000000000000007,0.0,-0.011699999999999933,0.012332882874656616,tap3,natural,firm,20260810_133647,False
827522,0.0078,0.0351,0.9048,827.522,500000,-0.0078,0.0039000000000000007,-0.0038999999999999035,0.009553009996854355,tap3,natural,firm,20260810_133647,False
830022,0.0078,0.039,0.9204,830.022,500000,-0.0078,0.007800000000000001,0.011700000000000044,0.01608011193990891,tap3,natural,firm,20260810_133647,False
832522,0.0078,0.0351,0.9048,832.522,500000,-0.0078,0.0039000000000000007,-0.0038999999999999035,0.009553009996854355,tap3,natural,firm,20260810_133647,False
835002,0.0156,0.0351,0.9126,835.002,500000,0.0,0.0039000000000000007,0.0039000000000000146,0.005515432893255082,tap3,natural,firm,20260810_133647,False
837516,0.0195,0.0273,0.9087,837.516,500000,0.0039000000000000007,-0.0038999999999999972,0.0,0.0055154328932550695,tap3,natural,firm,20260810_133647,False
840020,0.0195,0.0312,0.9087,840.02,500000,0.0039000000000000007,0.0,0.0,0.0039000000000000007,tap3,natural,firm,20260810_133647,False
842516,0.0117,0.0273,0.9087,842.516,500000,-0.003899999999999999,-0.0038999999999999972,0.0,0.005515432893255068,tap3,natural,firm,20260810_133647,False
845001,0.0156,0.0312,0.9087,845.001,500000,0.0,0.0,0.0,0.0,tap3,natural,firm,20260810_133647,False
847517,0.0195,0.0273,0.9126,847.517,500000,0.0039000000000000007,-0.0038999999999999972,0.0039000000000000146,0.006754998149518628,tap3,natural,firm,20260810_133647,False
850017,0.0156,0.0273,0.9126,850.017,500000,0.0,-0.0038999999999999972,0.0039000000000000146,0.005515432893255079,tap3,natural,firm,20260810_133647,False
852518,0.0156,0.0312,0.9165,852.518,500000,0.0,0.0,0.007800000000000029,0.007800000000000029,tap3,natural,firm,20260810_133647,False
855000,0.0156,0.0273,0.9165,855.0,500000,0.0,-0.0038999999999999972,0.007800000000000029,0.008720665112249205,tap3,natural,firm,20260810_133647,False
857516,0.0156,0.0351,0.9126,857.516,500000,0.0,0.0039000000000000007,0.0039000000000000146,0.005515432893255082,tap3,natural,firm,20260810_133647,False
860016,0.0039,0.039,0.9048,860.016,500000,-0.011699999999999999,0.007800000000000001,-0.0038999999999999035,0.014592463808418346,tap3,natural,firm,20260810_133647,False
862803,0.0156,0.0234,0.9126,862.803,500000,0.0,-0.007799999999999998,0.0039000000000000146,0.008720665112249185,tap3,natural,firm,20260810_133647,False
865015,0.0156,0.0273,0.9087,865.015,500000,0.0,-0.0038999999999999972,0.0,0.0038999999999999972,tap3,natural,firm,20260810_133647,False
867506,0.0156,0.0273,0.9126,867.506,500000,0.0,-0.0038999999999999972,0.0039000000000000146,0.005515432893255079,tap3,natural,firm,20260810_133647,False
870022,0.0156,0.0273,0.9048,870.022,500000,0.0,-0.0038999999999999972,-0.0038999999999999035,0.005515432893255,tap3,natural,firm,20260810_133647,False
872500,0.0156,0.0312,0.9048,872.5,500000,0.0,0.0,-0.0038999999999999035,0.0038999999999999035,tap3,natural,firm,20260810_133647,False
875027,0.0156,0.0312,0.9048,875.027,500000,0.0,0.0,-0.0038999999999999035,0.0038999999999999035,tap3,natural,firm,20260810_133647,False
877500,0.0195,0.0273,0.9165,877.5,500000,0.0039000000000000007,-0.0038999999999999972,0.007800000000000029,0.009553009996854418,tap3,natural,firm,20260810_133647,False
880021,0.0117,0.0234,0.9087,880.021,500000,-0.003899999999999999,-0.007799999999999998,0.0,0.008720665112249178,tap3,natural,firm,20260810_133647,False
882525,0.0156,0.0273,0.9126,882.525,500000,0.0,-0.0038999999999999972,0.0039000000000000146,0.005515432893255079,tap3,natural,firm,20260810_133647,False
885023,0.0195,0.0312,0.9126,885.023,500000,0.0039000000000000007,0.0,0.0039000000000000146,0.005515432893255082,tap3,natural,firm,20260810_133647,False
887512,0.0195,0.0312,0.9126,887.512,500000,0.0039000000000000007,0.0,0.0039000000000000146,0.005515432893255082,tap3,natural,firm,20260810_133647,False
890019,0.0234,0.0273,0.9087,890.019,500000,0.007800000000000001,-0.0038999999999999972,0.0,0.00872066511224918,tap3,natural,firm,20260810_133647,False
892517,0.0156,0.039,0.9048,892.517,500000,0.0,0.007800000000000001,-0.0038999999999999035,0.008720665112249138,tap3,natural,firm,20260810_133647,False
895006,0.0117,0.039,0.9126,895.006,500000,-0.003899999999999999,0.007800000000000001,0.0039000000000000146,0.0095530099968544,tap3,natural,firm,20260810_133647,False
897525,0.0156,0.0312,0.9048,897.525,500000,0.0,0.0,-0.0038999999999999035,0.0038999999999999035,tap3,natural,firm,20260810_133647,False
900028,0.0195,0.0312,0.9126,900.028,500000,0.0039000000000000007,0.0,0.0039000000000000146,0.005515432893255082,tap3,natural,firm,20260810_133647,False
902524,0.0117,0.0312,0.9048,902.524,500000,-0.003899999999999999,0.0,-0.0038999999999999035,0.005515432893255002,tap3,natural,firm,20260810_133647,False
905012,0.0156,0.0351,0.9126,905.012,500000,0.0,0.0039000000000000007,0.0039000000000000146,0.005515432893255082,tap3,natural,firm,20260810_133647,False
907529,0.0117,0.0273,0.9165,907.529,500000,-0.003899999999999999,-0.0038999999999999972,0.007800000000000029,0.009553009996854416,tap3,natural,firm,20260810_133647,False
910010,0.0078,0.0312,0.9009,910.01,500000,-0.0078,0.0,-0.007799999999999918,0.011030865786510084,tap3,natural,firm,20260810_133647,False
912509,0.0156,0.0273,0.9087,912.509,500000,0.0,-0.0038999999999999972,0.0,0.0038999999999999972,tap3,natural,firm,20260810_133647,False
915025,0.0234,0.0234,0.9048,915.025,500000,0.007800000000000001,-0.007799999999999998,-0.0038999999999999035,0.011699999999999967,tap3,natural,firm,20260810_133647,False
917513,0.0117,0.0234,0.9165,917.513,500000,-0.003899999999999999,-0.007799999999999998,0.007800000000000029,0.011700000000000018,tap3,natural,firm,20260810_133647,False
920013,0.0156,0.0312,0.9009,920.013,500000,0.0,0.0,-0.007799999999999918,0.007799999999999918,tap3,natural,firm,20260810_133647,False
922510,0.0117,0.0195,0.9087,922.51,500000,-0.003899999999999999,-0.011699999999999999,0.0,0.012332882874656677,tap3,natural,firm,20260810_133647,False
925022,0.0156,0.0312,0.9165,925.022,500000,0.0,0.0,0.007800000000000029,0.007800000000000029,tap3,natural,firm,20260810_133647,False
927509,0.0195,0.0351,0.9165,927.509,500000,0.0039000000000000007,0.0039000000000000007,0.007800000000000029,0.00955300999685442,tap3,natural,firm,20260810_133647,False
930009,0.0117,0.0273,0.9126,930.009,500000,-0.003899999999999999,-0.0038999999999999972,0.0039000000000000146,0.006754998149518627,tap3,natural,firm,20260810_133647,False
932510,0.0195,0.0312,0.9126,932.51,500000,0.0039000000000000007,0.0,0.0039000000000000146,0.005515432893255082,tap3,natural,firm,20260810_133647,False
935015,0.0078,0.039,0.9009,935.015,500000,-0.0078,0.007800000000000001,-0.007799999999999918,0.013509996299037196,tap3,natural,firm,20260810_133647,False
937501,0.0117,0.0312,0.9126,937.501,500000,-0.003899999999999999,0.0,0.0039000000000000146,0.00551543289325508,tap3,natural,firm,20260810_133647,False
940007,0.0117,0.0312,0.9087,940.007,500000,-0.003899999999999999,0.0,0.0,0.003899999999999999,tap3,natural,firm,20260810_133647,False
942508,0.0156,0.0312,0.9126,942.508,500000,0.0,0.0,0.0039000000000000146,0.0039000000000000146,tap3,natural,firm,20260810_133647,False
945025,0.0156,0.039,0.9048,945.025,500000,0.0,0.007800000000000001,-0.0038999999999999035,0.008720665112249138,tap3,natural,firm,20260810_133647,False
947506,0.0273,0.0234,0.9087,947.506,500000,0.011700000000000002,-0.007799999999999998,0.0,0.014061649974309559,tap3,natural,firm,20260810_133647,False
950004,0.0156,0.0234,0.9009,950.004,500000,0.0,-0.007799999999999998,-0.007799999999999918,0.011030865786510082,tap3,natural,firm,20260810_133647,False
952500,0.0195,0.0312,0.9126,952.5,500000,0.0039000000000000007,0.0,0.0039000000000000146,0.005515432893255082,tap3,natural,firm,20260810_133647,False
955013,0.0195,0.0312,0.9126,955.013,500000,0.0039000000000000007,0.0,0.0039000000000000146,0.005515432893255082,tap3,natural,firm,20260810_133647,False
957525,0.0156,0.0351,0.9009,957.525,500000,0.0,0.0039000000000000007,-0.007799999999999918,0.008720665112249107,tap3,natural,firm,20260810_133647,False
960019,0.0078,0.0273,0.9048,960.019,500000,-0.0078,-0.0038999999999999972,-0.0038999999999999035,0.009553009996854354,tap3,natural,firm,20260810_133647,False
962508,0.0117,0.0273,0.9087,962.508,500000,-0.003899999999999999,-0.0038999999999999972,0.0,0.005515432893255068,tap3,natural,firm,20260810_133647,False
965016,0.0156,0.0312,0.9048,965.016,500000,0.0,0.0,-0.0038999999999999035,0.0038999999999999035,tap3,natural,firm,20260810_133647,False
967501,0.0078,0.0312,0.9009,967.501,500000,-0.0078,0.0,-0.007799999999999918,0.011030865786510084,tap3,natural,firm,20260810_133647,False
970005,0.0078,0.0234,0.9048,970.005,500000,-0.0078,-0.007799999999999998,-0.0038999999999999035,0.011699999999999966,tap3,natural,firm,20260810_133647,False
972502,0.0078,0.0351,0.9087,972.502,500000,-0.0078,0.0039000000000000007,0.0,0.00872066511224918,tap3,natural,firm,20260810_133647,False
975017,0.0117,0.0312,0.9048,975.017,500000,-0.003899999999999999,0.0,-0.0038999999999999035,0.005515432893255002,tap3,natural,firm,20260810_133647,False
977509,0.0234,0.0234,0.9126,977.509,500000,0.007800000000000001,-0.007799999999999998,0.0039000000000000146,0.011700000000000004,tap3,natural,firm,20260810_133647,False
980013,0.0156,0.0312,0.9009,980.013,500000,0.0,0.0,-0.007799999999999918,0.007799999999999918,tap3,natural,firm,20260810_133647,False
982516,0.0156,0.0312,0.9048,982.516,500000,0.0,0.0,-0.0038999999999999035,0.0038999999999999035,tap3,natural,firm,20260810_133647,False
985010,0.0117,0.0312,0.9048,985.01,500000,-0.003899999999999999,0.0,-0.0038999999999999035,0.005515432893255002,tap3,natural,firm,20260810_133647,False
987501,0.0117,0.0273,0.9165,987.501,500000,-0.003899999999999999,-0.0038999999999999972,0.007800000000000029,0.009553009996854416,tap3,natural,firm,20260810_133647,False
990009,0.0078,0.0351,0.9087,990.009,500000,-0.0078,0.0039000000000000007,0.0,0.00872066511224918,tap3,natural,firm,20260810_133647,False
992508,0.0078,0.0195,0.9009,992.508,500000,-0.0078,-0.011699999999999999,-0.007799999999999918,0.016080111939908836,tap3,natural,firm,20260810_133647,False
995024,0.0117,0.0312,0.9087,995.024,500000,-0.003899999999999999,0.0,0.0,0.003899999999999999,tap3,natural,firm,20260810_133647,False
997513,0.0117,0.0312,0.9087,997.513,500000,-0.003899999999999999,0.0,0.0,0.003899999999999999,tap3,natural,firm,20260810_133647,False
1000031,0.0156,0.0234,0.9087,1000.031,500000,0.0,-0.007799999999999998,0.0,0.007799999999999998,tap3,natural,firm,20260810_133647,False
1002501,0.0195,0.0234,0.9048,1002.501,500000,0.0039000000000000007,-0.007799999999999998,-0.0038999999999999035,0.009553009996854354,tap3,natural,firm,20260810_133647,False
1005022,0.0156,0.0273,0.9087,1005.022,500000,0.0,-0.0038999999999999972,0.0,0.0038999999999999972,tap3,natural,firm,20260810_133647,False
1007509,0.0156,0.0312,0.9087,1007.509,500000,0.0,0.0,0.0,0.0,tap3,natural,firm,20260810_133647,False
1010013,0.0195,0.0273,0.9048,1010.013,500000,0.0039000000000000007,-0.0038999999999999972,-0.0038999999999999035,0.006754998149518564,tap3,natural,firm,20260810_133647,False
1012515,0.0117,0.0273,0.9126,1012.515,500000,-0.003899999999999999,-0.0038999999999999972,0.0039000000000000146,0.006754998149518627,tap3,natural,firm,20260810_133647,False
1015005,0.0195,0.0234,0.9087,1015.005,500000,0.0039000000000000007,-0.007799999999999998,0.0,0.00872066511224918,tap3,natural,firm,20260810_133647,False
1017519,0.0273,0.0234,0.9087,1017.519,500000,0.011700000000000002,-0.007799999999999998,0.0,0.014061649974309559,tap3,natural,firm,20260810_133647,False
1020023,0.0195,0.0312,0.9126,1020.023,500000,0.0039000000000000007,0.0,0.0039000000000000146,0.005515432893255082,tap3,natural,firm,20260810_133647,False
1022525,0.0117,0.0234,0.9048,1022.525,500000,-0.003899999999999999,-0.007799999999999998,-0.0038999999999999035,0.009553009996854354,tap3,natural,firm,20260810_133647,False
1025011,0.0156,0.0273,0.9126,1025.011,500000,0.0,-0.0038999999999999972,0.0039000000000000146,0.005515432893255079,tap3,natural,firm,20260810_133647,False
1027529,0.0156,0.0273,0.9087,1027.529,500000,0.0,-0.0038999999999999972,0.0,0.0038999999999999972,tap3,natural,firm,20260810_133647,False
1030015,0.0195,0.0234,0.9087,1030.015,500000,0.0039000000000000007,-0.007799999999999998,0.0,0.00872066511224918,tap3,natural,firm,20260810_133647,False
1032513,0.0195,0.0273,0.9087,1032.513,500000,0.0039000000000000007,-0.0038999999999999972,0.0,0.0055154328932550695,tap3,natural,firm,20260810_133647,False
1035003,0.0078,0.0234,0.9165,1035.003,500000,-0.0078,-0.007799999999999998,0.007800000000000029,0.013509996299037258,tap3,natural,firm,20260810_133647,False
1037523,0.0117,0.0273,0.9165,1037.523,500000,-0.003899999999999999,-0.0038999999999999972,0.007800000000000029,0.009553009996854416,tap3,natural,firm,20260810_133647,False
1040000,0.0117,0.0312,0.9048,1040.0,500000,-0.003899999999999999,0.0,-0.0038999999999999035,0.005515432893255002,tap3,natural,firm,20260810_133647,False
1042504,0.0039,0.039,0.9048,1042.504,500000,-0.011699999999999999,0.007800000000000001,-0.0038999999999999035,0.014592463808418346,tap3,natural,firm,20260810_133647,False
1045021,0.0117,0.039,0.9165,1045.021,500000,-0.003899999999999999,0.007800000000000001,0.007800000000000029,0.01170000000000002,tap3,natural,firm,20260810_133647,False
1047510,0.0117,0.0273,0.9087,1047.51,500000,-0.003899999999999999,-0.0038999999999999972,0.0,0.005515432893255068,tap3,natural,firm,20260810_133647,False
1050014,0.0117,0.0312,0.9165,1050.014,500000,-0.003899999999999999,0.0,0.007800000000000029,0.008720665112249205,tap3,natural,firm,20260810_133647,False
1052516,0.0078,0.039,0.9087,1052.516,500000,-0.0078,0.007800000000000001,0.0,0.011030865786510143,tap3,natural,firm,20260810_133647,False
1055001,0.0156,0.0273,0.9048,1055.001,500000,0.0,-0.0038999999999999972,-0.0038999999999999035,0.005515432893255,tap3,natural,firm,20260810_133647,False
1057519,0.0117,0.0351,0.897,1057.519,500000,-0.003899999999999999,0.0039000000000000007,-0.011699999999999933,0.012934836682385998,tap3,natural,firm,20260810_133647,False
1060023,0.0195,0.0312,0.9087,1060.023,500000,0.0039000000000000007,0.0,0.0,0.0039000000000000007,tap3,natural,firm,20260810_133647,False
1062524,0.0078,0.0312,0.9126,1062.524,500000,-0.0078,0.0,0.0039000000000000146,0.008720665112249186,tap3,natural,firm,20260810_133647,False
1065013,0.0117,0.0273,0.9048,1065.013,500000,-0.003899999999999999,-0.0038999999999999972,-0.0038999999999999035,0.006754998149518563,tap3,natural,firm,20260810_133647,False
1067515,0.0117,0.0273,0.9048,1067.515,500000,-0.003899999999999999,-0.0038999999999999972,-0.0038999999999999035,0.006754998149518563,tap3,natural,firm,20260810_133647,False
1070000,0.0156,0.0273,0.9009,1070.0,500000,0.0,-0.0038999999999999972,-0.007799999999999918,0.008720665112249105,tap3,natural,firm,20260810_133647,False
1072503,0.0156,0.0273,0.9126,1072.503,500000,0.0,-0.0038999999999999972,0.0039000000000000146,0.005515432893255079,tap3,natural,firm,20260810_133647,False
1075020,0.0156,0.0273,0.9048,1075.02,500000,0.0,-0.0038999999999999972,-0.0038999999999999035,0.005515432893255,tap3,natural,firm,20260810_133647,False
1077520,0.0117,0.0312,0.9087,1077.52,500000,-0.003899999999999999,0.0,0.0,0.003899999999999999,tap3,natural,firm,20260810_133647,False
1080006,0.0078,0.0273,0.9048,1080.006,500000,-0.0078,-0.0038999999999999972,-0.0038999999999999035,0.009553009996854354,tap3,natural,firm,20260810_133647,False
1082513,0.0117,0.0273,0.9126,1082.513,500000,-0.003899999999999999,-0.0038999999999999972,0.0039000000000000146,0.006754998149518627,tap3,natural,firm,20260810_133647,False
1085010,0.0078,0.0351,0.9087,1085.01,500000,-0.0078,0.0039000000000000007,0.0,0.00872066511224918,tap3,natural,firm,20260810_133647,False
1087527,0.0117,0.0351,0.9126,1087.527,500000,-0.003899999999999999,0.0039000000000000007,0.0039000000000000146,0.00675499814951863,tap3,natural,firm,20260810_133647,False
1090005,0.0117,0.0312,0.9126,1090.005,500000,-0.003899999999999999,0.0,0.0039000000000000146,0.00551543289325508,tap3,natural,firm,20260810_133647,False
1092507,0.0117,0.0351,0.9126,1092.507,500000,-0.003899999999999999,0.0039000000000000007,0.0039000000000000146,0.00675499814951863,tap3,natural,firm,20260810_133647,False
1095025,0.0117,0.0273,0.9126,1095.025,500000,-0.003899999999999999,-0.0038999999999999972,0.0039000000000000146,0.006754998149518627,tap3,natural,firm,20260810_133647,False
1097512,0.0117,0.0273,0.9126,1097.512,500000,-0.003899999999999999,-0.0038999999999999972,0.0039000000000000146,0.006754998149518627,tap3,natural,firm,20260810_133647,False
1100016,0.0078,0.0312,0.9087,1100.016,500000,-0.0078,0.0,0.0,0.0078,tap3,natural,firm,20260810_133647,False
1102514,0.0078,0.0351,0.9165,1102.514,500000,-0.0078,0.0039000000000000007,0.007800000000000029,0.01170000000000002,tap3,natural,firm,20260810_133647,False
1105002,0.0078,0.0351,0.9165,1105.002,500000,-0.0078,0.0039000000000000007,0.007800000000000029,0.01170000000000002,tap3,natural,firm,20260810_133647,False
1107515,0.0156,0.0273,0.9087,1107.515,500000,0.0,-0.0038999999999999972,0.0,0.0038999999999999972,tap3,natural,firm,20260810_133647,False
1110018,0.0195,0.0351,0.9009,1110.018,500000,0.0039000000000000007,0.0039000000000000007,-0.007799999999999918,0.009553009996854328,tap3,natural,firm,20260810_133647,False
1112519,0.0195,0.0234,0.9165,1112.519,500000,0.0039000000000000007,-0.007799999999999998,0.007800000000000029,0.011700000000000018,tap3,natural,firm,20260810_133647,False
1115010,0.0117,0.0351,0.9048,1115.01,500000,-0.003899999999999999,0.0039000000000000007,-0.0038999999999999035,0.006754998149518566,tap3,natural,firm,20260810_133647,False
1117526,0.0195,0.0273,0.9009,1117.526,500000,0.0039000000000000007,-0.0038999999999999972,-0.007799999999999918,0.009553009996854326,tap3,natural,firm,20260810_133647,False
1120029,0.0156,0.0273,0.9126,1120.029,500000,0.0,-0.0038999999999999972,0.0039000000000000146,0.005515432893255079,tap3,natural,firm,20260810_133647,False
1122526,0.0078,0.0312,0.9126,1122.526,500000,-0.0078,0.0,0.0039000000000000146,0.008720665112249186,tap3,natural,firm,20260810_133647,False
1125013,0.0156,0.039,0.9087,1125.013,500000,0.0,0.007800000000000001,0.0,0.007800000000000001,tap3,natural,firm,20260810_133647,False
1127502,0.0195,0.0351,0.9048,1127.502,500000,0.0039000000000000007,0.0039000000000000007,-0.0038999999999999035,0.006754998149518567,tap3,natural,firm,20260810_133647,False
1130007,0.0195,0.0273,0.9048,1130.007,500000,0.0039000000000000007,-0.0038999999999999972,-0.0038999999999999035,0.006754998149518564,tap3,natural,firm,20260810_133647,False
1132523,0.0078,0.039,0.9087,1132.523,500000,-0.0078,0.007800000000000001,0.0,0.011030865786510143,tap3,natural,firm,20260810_133647,False
1135019,0.0117,0.0351,0.9126,1135.019,500000,-0.003899999999999999,0.0039000000000000007,0.0039000000000000146,0.00675499814951863,tap3,natural,firm,20260810_133647,False
1137506,0.0156,0.039,0.9048,1137.506,500000,0.0,0.007800000000000001,-0.0038999999999999035,0.008720665112249138,tap3,natural,firm,20260810_133647,False
1140013,0.0195,0.0273,0.9087,1140.013,500000,0.0039000000000000007,-0.0038999999999999972,0.0,0.0055154328932550695,tap3,natural,firm,20260810_133647,False
1142513,0.0156,0.039,0.9126,1142.513,500000,0.0,0.007800000000000001,0.0039000000000000146,0.008720665112249188,tap3,natural,firm,20260810_133647,False
1145005,0.0117,0.0312,0.9204,1145.005,500000,-0.003899999999999999,0.0,0.011700000000000044,0.01233288287465672,tap3,natural,firm,20260810_133647,False
1147515,0.0039,0.0351,0.9087,1147.515,500000,-0.011699999999999999,0.0039000000000000007,0.0,0.012332882874656679,tap3,natural,firm,20260810_133647,False
1150021,0.0117,0.0351,0.9009,1150.021,500000,-0.003899999999999999,0.0039000000000000007,-0.007799999999999918,0.009553009996854328,tap3,natural,firm,20260810_133647,False
1152517,0.0156,0.0273,0.9009,1152.517,500000,0.0,-0.0038999999999999972,-0.007799999999999918,0.008720665112249105,tap3,natural,firm,20260810_133647,False
1155005,0.0156,0.0312,0.9009,1155.005,500000,0.0,0.0,-0.007799999999999918,0.007799999999999918,tap3,natural,firm,20260810_133647,False
1157521,0.0195,0.0273,0.9048,1157.521,500000,0.0039000000000000007,-0.0038999999999999972,-0.0038999999999999035,0.006754998149518564,tap3,natural,firm,20260810_133647,False
1160026,0.0117,0.0273,0.9009,1160.026,500000,-0.003899999999999999,-0.0038999999999999972,-0.007799999999999918,0.009553009996854326,tap3,natural,firm,20260810_133647,False
1162524,0.0117,0.0312,0.9126,1162.524,500000,-0.003899999999999999,0.0,0.0039000000000000146,0.00551543289325508,tap3,natural,firm,20260810_133647,False
1165017,0.0078,0.0273,0.9165,1165.017,500000,-0.0078,-0.0038999999999999972,0.007800000000000029,0.011700000000000018,tap3,natural,firm,20260810_133647,False
1167503,0.0156,0.0312,0.9126,1167.503,500000,0.0,0.0,0.0039000000000000146,0.0039000000000000146,tap3,natural,firm,20260810_133647,False
1170009,0.0078,0.0234,0.9126,1170.009,500000,-0.0078,-0.007799999999999998,0.0039000000000000146,0.011700000000000004,tap3,natural,firm,20260810_133647,False
1172509,0.0078,0.0351,0.9087,1172.509,500000,-0.0078,0.0039000000000000007,0.0,0.00872066511224918,tap3,natural,firm,20260810_133647,False
1175025,0.0195,0.0234,0.9087,1175.025,500000,0.0039000000000000007,-0.007799999999999998,0.0,0.00872066511224918,tap3,natural,firm,20260810_133647,False
1177504,0.0156,0.0234,0.9204,1177.504,500000,0.0,-0.007799999999999998,0.011700000000000044,0.014061649974309594,tap3,natural,firm,20260810_133647,False
1180024,0.0117,0.0234,0.9087,1180.024,500000,-0.003899999999999999,-0.007799999999999998,0.0,0.008720665112249178,tap3,natural,firm,20260810_133647,False
1182525,0.0078,0.0312,0.9165,1182.525,500000,-0.0078,0.0,0.007800000000000029,0.011030865786510162,tap3,natural,firm,20260810_133647,False
1185022,0.0156,0.0312,0.9126,1185.022,500000,0.0,0.0,0.0039000000000000146,0.0039000000000000146,tap3,natural,firm,20260810_133647,False
1187509,0.0039,0.0273,0.9009,1187.509,500000,-0.011699999999999999,-0.0038999999999999972,-0.007799999999999918,0.014592463808418325,tap3,natural,firm,20260810_133647,False
1190015,0.0156,0.0351,0.9048,1190.015,500000,0.0,0.0039000000000000007,-0.0038999999999999035,0.005515432893255003,tap3,natural,firm,20260810_133647,False
1192517,0.0156,0.0273,0.9126,1192.517,500000,0.0,-0.0038999999999999972,0.0039000000000000146,0.005515432893255079,tap3,natural,firm,20260810_133647,False
1195019,0.0156,0.0312,0.9048,1195.019,500000,0.0,0.0,-0.0038999999999999035,0.0038999999999999035,tap3,natural,firm,20260810_133647,False
1197518,0.0078,0.0312,0.9009,1197.518,500000,-0.0078,0.0,-0.007799999999999918,0.011030865786510084,tap3,natural,firm,20260810_133647,False
1200026,0.0195,0.0312,0.9126,1200.026,500000,0.0039000000000000007,0.0,0.0039000000000000146,0.005515432893255082,tap3,natural,firm,20260810_133647,False
1202523,0.0117,0.0273,0.9048,1202.523,500000,-0.003899999999999999,-0.0038999999999999972,-0.0038999999999999035,0.006754998149518563,tap3,natural,firm,20260810_133647,False
1205015,0.0078,0.0351,0.9087,1205.015,500000,-0.0078,0.0039000000000000007,0.0,0.00872066511224918,tap3,natural,firm,20260810_133647,False
1207524,0.0156,0.0312,0.9165,1207.524,500000,0.0,0.0,0.007800000000000029,0.007800000000000029,tap3,natural,firm,20260810_133647,False
1210029,0.0195,0.0312,0.9087,1210.029,500000,0.0039000000000000007,0.0,0.0,0.0039000000000000007,tap3,natural,firm,20260810_133647,False
1212501,0.0195,0.0312,0.9087,1212.501,500000,0.0039000000000000007,0.0,0.0,0.0039000000000000007,tap3,natural,firm,20260810_133647,False
1215021,0.0156,0.0234,0.9087,1215.021,500000,0.0,-0.007799999999999998,0.0,0.007799999999999998,tap3,natural,firm,20260810_133647,False
1217503,0.0078,0.0312,0.9126,1217.503,500000,-0.0078,0.0,0.0039000000000000146,0.008720665112249186,tap3,natural,firm,20260810_133647,False
1220008,0.0156,0.0234,0.9087,1220.008,500000,0.0,-0.007799999999999998,0.0,0.007799999999999998,tap3,natural,firm,20260810_133647,False
1222506,0.0117,0.0312,0.9204,1222.506,500000,-0.003899999999999999,0.0,0.011700000000000044,0.01233288287465672,tap3,natural,firm,20260810_133647,False
1225023,0.0156,0.0195,0.9048,1225.023,500000,0.0,-0.011699999999999999,-0.0038999999999999035,0.012332882874656647,tap3,natural,firm,20260810_133647,False
1227510,0.0156,0.0312,0.9165,1227.51,500000,0.0,0.0,0.007800000000000029,0.007800000000000029,tap3,natural,firm,20260810_133647,False
1230017,0.0234,0.0273,0.9048,1230.017,500000,0.007800000000000001,-0.0038999999999999972,-0.0038999999999999035,0.009553009996854355,tap3,natural,firm,20260810_133647,False
1232513,0.0195,0.0195,0.9087,1232.513,500000,0.0039000000000000007,-0.011699999999999999,0.0,0.012332882874656679,tap3,natural,firm,20260810_133647,False
1235000,0.0117,0.0273,0.9087,1235.0,500000,-0.003899999999999999,-0.0038999999999999972,0.0,0.005515432893255068,tap3,natural,firm,20260810_133647,False
1237516,0.0195,0.0351,0.9243,1237.516,500000,0.0039000000000000007,0.0039000000000000007,0.015600000000000058,0.01654629867976527,tap3,natural,firm,20260810_133647,False
1240022,0.0195,0.0312,0.9204,1240.022,500000,0.0039000000000000007,0.0,0.011700000000000044,0.012332882874656722,tap3,natural,firm,20260810_133647,False
1242520,0.0117,0.039,0.9165,1242.52,500000,-0.003899999999999999,0.007800000000000001,0.007800000000000029,0.01170000000000002,tap3,natural,firm,20260810_133647,False
1245009,0.0117,0.0351,0.9048,1245.009,500000,-0.003899999999999999,0.0039000000000000007,-0.0038999999999999035,0.006754998149518566,tap3,natural,firm,20260810_133647,False
1247526,0.0156,0.0351,0.9087,1247.526,500000,0.0,0.0039000000000000007,0.0,0.0039000000000000007,tap3,natural,firm,20260810_133647,False
1250000,0.0234,0.0312,0.9009,1250.0,500000,0.007800000000000001,0.0,-0.007799999999999918,0.011030865786510084,tap3,natural,firm,20260810_133647,False
1252500,0.0156,0.0312,0.9126,1252.5,500000,0.0,0.0,0.0039000000000000146,0.0039000000000000146,tap3,natural,firm,20260810_133647,False
1255019,0.0156,0.0234,0.9048,1255.019,500000,0.0,-0.007799999999999998,-0.0038999999999999035,0.008720665112249134,tap3,natural,firm,20260810_133647,False
1257508,0.0117,0.0351,0.9087,1257.508,500000,-0.003899999999999999,0.0039000000000000007,0.0,0.00551543289325507,tap3,natural,firm,20260810_133647,False
1260014,0.0078,0.0312,0.9048,1260.014,500000,-0.0078,0.0,-0.0038999999999999035,0.008720665112249136,tap3,natural,firm,20260810_133647,False
1262528,0.0078,0.0312,0.9126,1262.528,500000,-0.0078,0.0,0.0039000000000000146,0.008720665112249186,tap3,natural,firm,20260810_133647,False
1265010,0.0156,0.0312,0.9009,1265.01,500000,0.0,0.0,-0.007799999999999918,0.007799999999999918,tap3,natural,firm,20260810_133647,False
1267523,0.0117,0.0234,0.9009,1267.523,500000,-0.003899999999999999,-0.007799999999999998,-0.007799999999999918,0.011699999999999943,tap3,natural,firm,20260810_133647,False
1270028,0.0195,0.0273,0.9165,1270.028,500000,0.0039000000000000007,-0.0038999999999999972,0.007800000000000029,0.009553009996854418,tap3,natural,firm,20260810_133647,False
1272520,0.0156,0.0273,0.9126,1272.52,500000,0.0,-0.0038999999999999972,0.0039000000000000146,0.005515432893255079,tap3,natural,firm,20260810_133647,False
1275020,0.0117,0.0234,0.9048,1275.02,500000,-0.003899999999999999,-0.007799999999999998,-0.0038999999999999035,0.009553009996854354,tap3,natural,firm,20260810_133647,False
1277506,0.0117,0.0273,0.9048,1277.506,500000,-0.003899999999999999,-0.0038999999999999972,-0.0038999999999999035,0.006754998149518563,tap3,natural,firm,20260810_133647,False
1280028,0.0117,0.039,0.9165,1280.028,500000,-0.003899999999999999,0.007800000000000001,0.007800000000000029,0.01170000000000002,tap3,natural,firm,20260810_133647,False
1282500,0.0117,0.0351,0.9009,1282.5,500000,-0.003899999999999999,0.0039000000000000007,-0.007799999999999918,0.009553009996854328,tap3,natural,firm,20260810_133647,False
1285028,0.0195,0.0312,0.9126,1285.028,500000,0.0039000000000000007,0.0,0.0039000000000000146,0.005515432893255082,tap3,natural,firm,20260810_133647,False
1287515,0.0195,0.0234,0.9048,1287.515,500000,0.0039000000000000007,-0.007799999999999998,-0.0038999999999999035,0.009553009996854354,tap3,natural,firm,20260810_133647,False
1290023,0.0117,0.0312,0.9126,1290.023,500000,-0.003899999999999999,0.0,0.0039000000000000146,0.00551543289325508,tap3,natural,firm,20260810_133647,False
1292528,0.0078,0.0195,0.9087,1292.528,500000,-0.0078,-0.011699999999999999,0.0,0.014061649974309557,tap3,natural,firm,20260810_133647,False
1295015,0.0078,0.0312,0.9087,1295.015,500000,-0.0078,0.0,0.0,0.0078,tap3,natural,firm,20260810_133647,False
1297504,0.0156,0.0312,0.9087,1297.504,500000,0.0,0.0,0.0,0.0,tap3,natural,firm,20260810_133647,False
1300010,0.0156,0.0312,0.9087,1300.01,500000,0.0,0.0,0.0,0.0,tap3,natural,firm,20260810_133647,False
1302508,0.0156,0.0234,0.9087,1302.508,500000,0.0,-0.007799999999999998,0.0,0.007799999999999998,tap3,natural,firm,20260810_133647,False
1305026,0.0156,0.0273,0.9126,1305.026,500000,0.0,-0.0038999999999999972,0.0039000000000000146,0.005515432893255079,tap3,natural,firm,20260810_133647,False
1307513,0.0156,0.0273,0.9048,1307.513,500000,0.0,-0.0038999999999999972,-0.0038999999999999035,0.005515432893255,tap3,natural,firm,20260810_133647,False
1310017,0.0195,0.0234,0.9204,1310.017,500000,0.0039000000000000007,-0.007799999999999998,0.011700000000000044,0.014592463808418405,tap3,natural,firm,20260810_133647,False
1312515,0.0156,0.0312,0.9009,1312.515,500000,0.0,0.0,-0.007799999999999918,0.007799999999999918,tap3,natural,firm,20260810_133647,False
1315009,0.0078,0.0273,0.9165,1315.009,500000,-0.0078,-0.0038999999999999972,0.007800000000000029,0.011700000000000018,tap3,natural,firm,20260810_133647,False
1317527,0.0156,0.0351,0.9087,1317.527,500000,0.0,0.0039000000000000007,0.0,0.0039000000000000007,tap3,natural,firm,20260810_133647,False
1320001,0.0156,0.0351,0.9087,1320.001,500000,0.0,0.0039000000000000007,0.0,0.0039000000000000007,tap3,natural,firm,20260810_133647,False
1322529,0.0117,0.0312,0.9126,1322.529,500000,-0.003899999999999999,0.0,0.0039000000000000146,0.00551543289325508,tap3,natural,firm,20260810_133647,False
1325026,0.0156,0.0351,0.9087,1325.026,500000,0.0,0.0039000000000000007,0.0,0.0039000000000000007,tap3,natural,firm,20260810_133647,False
1327507,0.0156,0.0312,0.9087,1327.507,500000,0.0,0.0,0.0,0.0,tap3,natural,firm,20260810_133647,False
1330017,0.0195,0.039,0.9126,1330.017,500000,0.0039000000000000007,0.007800000000000001,0.0039000000000000146,0.009553009996854402,tap3,natural,firm,20260810_133647,False
1332523,0.0117,0.0312,0.9165,1332.523,500000,-0.003899999999999999,0.0,0.007800000000000029,0.008720665112249205,tap3,natural,firm,20260810_133647,False
1335013,0.0117,0.0273,0.9165,1335.013,500000,-0.003899999999999999,-0.0038999999999999972,0.007800000000000029,0.009553009996854416,tap3,natural,firm,20260810_133647,False
1337500,0.0078,0.039,0.8931,1337.5,500000,-0.0078,0.007800000000000001,-0.015599999999999947,0.019106019993708746,tap3,natural,firm,20260810_133647,False
1340008,0.0156,0.0312,0.9087,1340.008,500000,0.0,0.0,0.0,0.0,tap3,natural,firm,20260810_133647,False
1342506,0.0234,0.0312,0.9087,1342.506,500000,0.007800000000000001,0.0,0.0,0.007800000000000001,tap3,natural,firm,20260810_133647,False
1345024,0.0195,0.0312,0.897,1345.024,500000,0.0039000000000000007,0.0,-0.011699999999999933,0.012332882874656616,tap3,natural,firm,20260810_133647,False
1347510,0.0195,0.0273,0.9048,1347.51,500000,0.0039000000000000007,-0.0038999999999999972,-0.0038999999999999035,0.006754998149518564,tap3,natural,firm,20260810_133647,False
1350018,0.0156,0.0273,0.9087,1350.018,500000,0.0,-0.0038999999999999972,0.0,0.0038999999999999972,tap3,natural,firm,20260810_133647,False
1352519,0.0195,0.0273,0.9087,1352.519,500000,0.0039000000000000007,-0.0038999999999999972,0.0,0.0055154328932550695,tap3,natural,firm,20260810_133647,False
1355016,0.0195,0.0312,0.9087,1355.016,500000,0.0039000000000000007,0.0,0.0,0.0039000000000000007,tap3,natural,firm,20260810_133647,False
1357530,0.0234,0.039,0.9087,1357.53,500000,0.007800000000000001,0.007800000000000001,0.0,0.011030865786510143,tap3,natural,firm,20260810_133647,False
1360018,0.0156,0.0312,0.9165,1360.018,500000,0.0,0.0,0.007800000000000029,0.007800000000000029,tap3,natural,firm,20260810_133647,False
1362516,0.0195,0.0312,0.9126,1362.516,500000,0.0039000000000000007,0.0,0.0039000000000000146,0.005515432893255082,tap3,natural,firm,20260810_133647,False
1365006,0.0078,0.0312,0.9165,1365.006,500000,-0.0078,0.0,0.007800000000000029,0.011030865786510162,tap3,natural,firm,20260810_133647,False
1367519,0.0117,0.0351,0.9165,1367.519,500000,-0.003899999999999999,0.0039000000000000007,0.007800000000000029,0.009553009996854418,tap3,natural,firm,20260810_133647,False
1370024,0.0117,0.0312,0.9126,1370.024,500000,-0.003899999999999999,0.0,0.0039000000000000146,0.00551543289325508,tap3,natural,firm,20260810_133647,False
1372525,0.0117,0.0312,0.9165,1372.525,500000,-0.003899999999999999,0.0,0.007800000000000029,0.008720665112249205,tap3,natural,firm,20260810_133647,False
1375009,0.0039,0.0273,0.9204,1375.009,500000,-0.011699999999999999,-0.0038999999999999972,0.011700000000000044,0.016999705879808657,tap3,natural,firm,20260810_133647,False
1377507,0.0117,0.0312,0.9009,1377.507,500000,-0.003899999999999999,0.0,-0.007799999999999918,0.008720665112249105,tap3,natural,firm,20260810_133647,False
1380026,0.0117,0.0234,0.9165,1380.026,500000,-0.003899999999999999,-0.007799999999999998,0.007800000000000029,0.011700000000000018,tap3,natural,firm,20260810_133647,False
1382520,0.0117,0.0273,0.9087,1382.52,500000,-0.003899999999999999,-0.0038999999999999972,0.0,0.005515432893255068,tap3,natural,firm,20260810_133647,False
1385000,0.0156,0.0234,0.9165,1385.0,500000,0.0,-0.007799999999999998,0.007800000000000029,0.01103086578651016,tap3,natural,firm,20260810_133647,False
1387515,0.0156,0.0312,0.9087,1387.515,500000,0.0,0.0,0.0,0.0,tap3,natural,firm,20260810_133647,False
1390021,0.0195,0.039,0.9087,1390.021,500000,0.0039000000000000007,0.007800000000000001,0.0,0.008720665112249181,tap3,natural,firm,20260810_133647,False
1392520,0.0195,0.0273,0.9048,1392.52,500000,0.0039000000000000007,-0.0038999999999999972,-0.0038999999999999035,0.006754998149518564,tap3,natural,firm,20260810_133647,False
1395010,0.0156,0.0312,0.9126,1395.01,500000,0.0,0.0,0.0039000000000000146,0.0039000000000000146,tap3,natural,firm,20260810_133647,False
1397501,0.0156,0.0273,0.9048,1397.501,500000,0.0,-0.0038999999999999972,-0.0038999999999999035,0.005515432893255,tap3,natural,firm,20260810_133647,False
1400002,0.0156,0.0234,0.9126,1400.002,500000,0.0,-0.007799999999999998,0.0039000000000000146,0.008720665112249185,tap3,natural,firm,20260810_133647,False
1402505,0.0078,0.0351,0.9126,1402.505,500000,-0.0078,0.0039000000000000007,0.0039000000000000146,0.0095530099968544,tap3,natural,firm,20260810_133647,False
1405025,0.0156,0.0273,0.9087,1405.025,500000,0.0,-0.0038999999999999972,0.0,0.0038999999999999972,tap3,natural,firm,20260810_133647,False
1407512,0.0117,0.0273,0.9048,1407.512,500000,-0.003899999999999999,-0.0038999999999999972,-0.0038999999999999035,0.006754998149518563,tap3,natural,firm,20260810_133647,False
1410017,0.0156,0.0273,0.9165,1410.017,500000,0.0,-0.0038999999999999972,0.007800000000000029,0.008720665112249205,tap3,natural,firm,20260810_133647,False
1412518,0.0117,0.039,0.9126,1412.518,500000,-0.003899999999999999,0.007800000000000001,0.0039000000000000146,0.0095530099968544,tap3,natural,firm,20260810_133647,False
1415006,0.0195,0.0312,0.9126,1415.006,500000,0.0039000000000000007,0.0,0.0039000000000000146,0.005515432893255082,tap3,natural,firm,20260810_133647,False
1417504,0.0195,0.0312,0.9126,1417.504,500000,0.0039000000000000007,0.0,0.0039000000000000146,0.005515432893255082,tap3,natural,firm,20260810_133647,False
1420014,0.0156,0.0312,0.9087,1420.014,500000,0.0,0.0,0.0,0.0,tap3,natural,firm,20260810_133647,False
1422512,0.0117,0.0312,0.9009,1422.512,500000,-0.003899999999999999,0.0,-0.007799999999999918,0.008720665112249105,tap3,natural,firm,20260810_133647,False
1425021,0.0156,0.0234,0.9009,1425.021,500000,0.0,-0.007799999999999998,-0.007799999999999918,0.011030865786510082,tap3,natural,firm,20260810_133647,False
1427505,0.0156,0.0234,0.9009,1427.505,500000,0.0,-0.007799999999999998,-0.007799999999999918,0.011030865786510082,tap3,natural,firm,20260810_133647,False
1430014,0.0078,0.0312,0.9048,1430.014,500000,-0.0078,0.0,-0.0038999999999999035,0.008720665112249136,tap3,natural,firm,20260810_133647,False
1432510,0.0195,0.0312,0.9009,1432.51,500000,0.0039000000000000007,0.0,-0.007799999999999918,0.008720665112249107,tap3,natural,firm,20260810_133647,False
1435000,0.0195,0.0234,0.9087,1435.0,500000,0.0039000000000000007,-0.007799999999999998,0.0,0.00872066511224918,tap3,natural,firm,20260810_133647,False
1437516,0.0117,0.0312,0.9048,1437.516,500000,-0.003899999999999999,0.0,-0.0038999999999999035,0.005515432893255002,tap3,natural,firm,20260810_133647,False
1440024,0.0234,0.0312,0.9009,1440.024,500000,0.007800000000000001,0.0,-0.007799999999999918,0.011030865786510084,tap3,natural,firm,20260810_133647,False
1442528,0.0156,0.0312,0.9048,1442.528,500000,0.0,0.0,-0.0038999999999999035,0.0038999999999999035,tap3,natural,firm,20260810_133647,False
1445018,0.0117,0.039,0.9165,1445.018,500000,-0.003899999999999999,0.007800000000000001,0.007800000000000029,0.01170000000000002,tap3,natural,firm,20260810_133647,False
1447506,0.0156,0.0312,0.9126,1447.506,500000,0.0,0.0,0.0039000000000000146,0.0039000000000000146,tap3,natural,firm,20260810_133647,False
1450011,0.0195,0.039,0.9087,1450.011,500000,0.0039000000000000007,0.007800000000000001,0.0,0.008720665112249181,tap3,natural,firm,20260810_133647,False
1452509,0.0195,0.039,0.9165,1452.509,500000,0.0039000000000000007,0.007800000000000001,0.007800000000000029,0.011700000000000021,tap3,natural,firm,20260810_133647,False
1455027,0.0117,0.0234,0.9087,1455.027,500000,-0.003899999999999999,-0.007799999999999998,0.0,0.008720665112249178,tap3,natural,firm,20260810_133647,False
1457514,0.0156,0.0312,0.9048,1457.514,500000,0.0,0.0,-0.0038999999999999035,0.0038999999999999035,tap3,natural,firm,20260810_133647,False
1460002,0.0117,0.0312,0.9087,1460.002,500000,-0.003899999999999999,0.0,0.0,0.003899999999999999,tap3,natural,firm,20260810_133647,False
1462509,0.0195,0.0273,0.9087,1462.509,500000,0.0039000000000000007,-0.0038999999999999972,0.0,0.0055154328932550695,tap3,natural,firm,20260810_133647,False
1465006,0.0195,0.0234,0.9048,1465.006,500000,0.0039000000000000007,-0.007799999999999998,-0.0038999999999999035,0.009553009996854354,tap3,natural,firm,20260810_133647,False
1467516,0.0117,0.0312,0.9048,1467.516,500000,-0.003899999999999999,0.0,-0.0038999999999999035,0.005515432893255002,tap3,natural,firm,20260810_133647,False
1470021,0.0117,0.0351,0.9165,1470.021,500000,-0.003899999999999999,0.0039000000000000007,0.007800000000000029,0.009553009996854418,tap3,natural,firm,20260810_133647,False
1472518,0.0156,0.0273,0.9009,1472.518,500000,0.0,-0.0038999999999999972,-0.007799999999999918,0.008720665112249105,tap3,natural,firm,20260810_133647,False
1475004,0.0078,0.0351,0.9087,1475.004,500000,-0.0078,0.0039000000000000007,0.0,0.00872066511224918,tap3,natural,firm,20260810_133647,False
1477500,0.0156,0.0312,0.9126,1477.5,500000,0.0,0.0,0.0039000000000000146,0.0039000000000000146,tap3,natural,firm,20260810_133647,False
1480027,0.0156,0.0273,0.9048,1480.027,500000,0.0,-0.0038999999999999972,-0.0038999999999999035,0.005515432893255,tap3,natural,firm,20260810_133647,False
1482527,0.0078,0.0273,0.9087,1482.527,500000,-0.0078,-0.0038999999999999972,0.0,0.00872066511224918,tap3,natural,firm,20260810_133647,False
1485009,0.0156,0.0312,0.9087,1485.009,500000,0.0,0.0,0.0,0.0,tap3,natural,firm,20260810_133647,False
1487520,0.0117,0.0312,0.9126,1487.52,500000,-0.003899999999999999,0.0,0.0039000000000000146,0.00551543289325508,tap3,natural,firm,20260810_133647,False
1490029,0.0078,0.0312,0.9204,1490.029,500000,-0.0078,0.0,0.011700000000000044,0.014061649974309594,tap3,natural,firm,20260810_133647,False
1492502,0.0078,0.0351,0.9048,1492.502,500000,-0.0078,0.0039000000000000007,-0.0038999999999999035,0.009553009996854355,tap3,natural,firm,20260810_133647,False
1495023,0.0117,0.0273,0.9087,1495.023,500000,-0.003899999999999999,-0.0038999999999999972,0.0,0.005515432893255068,tap3,natural,firm,20260810_133647,False
1497509,0.0117,0.0273,0.9126,1497.509,500000,-0.003899999999999999,-0.0038999999999999972,0.0039000000000000146,0.006754998149518627,tap3,natural,firm,20260810_133647,False
1500017,0.0156,0.0312,0.9087,1500.017,500000,0.0,0.0,0.0,0.0,tap3,natural,firm,20260810_133647,False
1502518,0.0117,0.0312,0.9204,1502.518,500000,-0.003899999999999999,0.0,0.011700000000000044,0.01233288287465672,tap3,natural,firm,20260810_133647,False
1505004,0.0156,0.0273,0.9087,1505.004,500000,0.0,-0.0038999999999999972,0.0,0.0038999999999999972,tap3,natural,firm,20260810_133647,False
1507515,0.0078,0.0273,0.9204,1507.515,500000,-0.0078,-0.0038999999999999972,0.011700000000000044,0.014592463808418405,tap3,natural,firm,20260810_133647,False
1510021,0.0117,0.0234,0.9009,1510.021,500000,-0.003899999999999999,-0.007799999999999998,-0.007799999999999918,0.011699999999999943,tap3,natural,firm,20260810_133647,False
1512517,0.0156,0.0273,0.9165,1512.517,500000,0.0,-0.0038999999999999972,0.007800000000000029,0.008720665112249205,tap3,natural,firm,20260810_133647,False
1515006,0.0117,0.0351,0.9087,1515.006,500000,-0.003899999999999999,0.0039000000000000007,0.0,0.00551543289325507,tap3,natural,firm,20260810_133647,False
1517523,0.0195,0.0273,0.9087,1517.523,500000,0.0039000000000000007,-0.0038999999999999972,0.0,0.0055154328932550695,tap3,natural,firm,20260810_133647,False
1520028,0.0078,0.0351,0.9126,1520.028,500000,-0.0078,0.0039000000000000007,0.0039000000000000146,0.0095530099968544,tap3,natural,firm,20260810_133647,False
1522530,0.0078,0.0312,0.9126,1522.53,500000,-0.0078,0.0,0.0039000000000000146,0.008720665112249186,tap3,natural,firm,20260810_133647,False
1525021,0.0117,0.0312,0.9204,1525.021,500000,-0.003899999999999999,0.0,0.011700000000000044,0.01233288287465672,tap3,natural,firm,20260810_133647,False
1527504,0.0156,0.0312,0.9087,1527.504,500000,0.0,0.0,0.0,0.0,tap3,natural,firm,20260810_133647,False
1530012,0.0156,0.0234,0.9126,1530.012,500000,0.0,-0.007799999999999998,0.0039000000000000146,0.008720665112249185,tap3,natural,firm,20260810_133647,False
1532515,0.0078,0.0312,0.9087,1532.515,500000,-0.0078,0.0,0.0,0.0078,tap3,natural,firm,20260810_133647,False
1535002,0.0078,0.0312,0.9087,1535.002,500000,-0.0078,0.0,0.0,0.0078,tap3,natural,firm,20260810_133647,False
1537518,0.0039,0.039,0.9165,1537.518,500000,-0.011699999999999999,0.007800000000000001,0.007800000000000029,0.01608011193990889,tap3,natural,firm,20260810_133647,False
1540028,0.0117,0.0312,0.9048,1540.028,500000,-0.003899999999999999,0.0,-0.0038999999999999035,0.005515432893255002,tap3,natural,firm,20260810_133647,False
1542529,0.0117,0.0312,0.9048,1542.529,500000,-0.003899999999999999,0.0,-0.0038999999999999035,0.005515432893255002,tap3,natural,firm,20260810_133647,False
1545027,0.0117,0.0273,0.9126,1545.027,500000,-0.003899999999999999,-0.0038999999999999972,0.0039000000000000146,0.006754998149518627,tap3,natural,firm,20260810_133647,False
1547508,0.0117,0.039,0.9126,1547.508,500000,-0.003899999999999999,0.007800000000000001,0.0039000000000000146,0.0095530099968544,tap3,natural,firm,20260810_133647,False
1550015,0.0078,0.0273,0.9126,1550.015,500000,-0.0078,-0.0038999999999999972,0.0039000000000000146,0.0095530099968544,tap3,natural,firm,20260810_133647,False
1552515,0.0117,0.0429,0.9165,1552.515,500000,-0.003899999999999999,0.011700000000000002,0.007800000000000029,0.014592463808418388,tap3,natural,firm,20260810_133647,False
1555000,0.0156,0.0312,0.9243,1555.0,500000,0.0,0.0,0.015600000000000058,0.015600000000000058,tap3,natural,firm,20260810_133647,False
1557516,0.0156,0.0273,0.9126,1557.516,500000,0.0,-0.0038999999999999972,0.0039000000000000146,0.005515432893255079,tap3,natural,firm,20260810_133647,False
1560019,0.0195,0.0312,0.9165,1560.019,500000,0.0039000000000000007,0.0,0.007800000000000029,0.008720665112249207,tap3,natural,firm,20260810_133647,False
1562517,0.0156,0.0312,0.9087,1562.517,500000,0.0,0.0,0.0,0.0,tap3,natural,firm,20260810_133647,False
1565006,0.0156,0.0312,0.9087,1565.006,500000,0.0,0.0,0.0,0.0,tap3,natural,firm,20260810_133647,False
1567519,0.0117,0.0273,0.9087,1567.519,500000,-0.003899999999999999,-0.0038999999999999972,0.0,0.005515432893255068,tap3,natural,firm,20260810_133647,False
1570023,0.0273,0.0273,0.897,1570.023,500000,0.011700000000000002,-0.0038999999999999972,-0.011699999999999933,0.01699970587980858,tap3,natural,firm,20260810_133647,False
1572521,0.0078,0.0351,0.9087,1572.521,500000,-0.0078,0.0039000000000000007,0.0,0.00872066511224918,tap3,natural,firm,20260810_133647,False
1575009,0.0156,0.0351,0.8931,1575.009,500000,0.0,0.0039000000000000007,-0.015599999999999947,0.016080111939908825,tap3,natural,firm,20260810_133647,False
1577502,0.0078,0.0312,0.9048,1577.502,500000,-0.0078,0.0,-0.0038999999999999035,0.008720665112249136,tap3,natural,firm,20260810_133647,False
1580002,0.0156,0.0312,0.9048,1580.002,500000,0.0,0.0,-0.0038999999999999035,0.0038999999999999035,tap3,natural,firm,20260810_133647,False
1582509,0.0195,0.0273,0.9204,1582.509,500000,0.0039000000000000007,-0.0038999999999999972,0.011700000000000044,0.012934836682386099,tap3,natural,firm,20260810_133647,False
1585026,0.0117,0.0312,0.9048,1585.026,500000,-0.003899999999999999,0.0,-0.0038999999999999035,0.005515432893255002,tap3,natural,firm,20260810_133647,False
1587510,0.0117,0.039,0.9165,1587.51,500000,-0.003899999999999999,0.007800000000000001,0.007800000000000029,0.01170000000000002,tap3,natural,firm,20260810_133647,False
1590005,0.0156,0.0273,0.9165,1590.005,500000,0.0,-0.0038999999999999972,0.007800000000000029,0.008720665112249205,tap3,natural,firm,20260810_133647,False
1592507,0.0156,0.0273,0.9087,1592.507,500000,0.0,-0.0038999999999999972,0.0,0.0038999999999999972,tap3,natural,firm,20260810_133647,False
1595029,0.0117,0.039,0.9126,1595.029,500000,-0.003899999999999999,0.007800000000000001,0.0039000000000000146,0.0095530099968544,tap3,natural,firm,20260810_133647,False
1597516,0.0117,0.0351,0.9126,1597.516,500000,-0.003899999999999999,0.0039000000000000007,0.0039000000000000146,0.00675499814951863,tap3,natural,firm,20260810_133647,False
1600022,0.0117,0.0312,0.9087,1600.022,500000,-0.003899999999999999,0.0,0.0,0.003899999999999999,tap3,natural,firm,20260810_133647,False
1602516,0.0117,0.0312,0.9009,1602.516,500000,-0.003899999999999999,0.0,-0.007799999999999918,0.008720665112249105,tap3,natural,firm,20260810_133647,False
1605004,0.0156,0.039,0.9087,1605.004,500000,0.0,0.007800000000000001,0.0,0.007800000000000001,tap3,natural,firm,20260810_133647,False
1607518,0.0234,0.0351,0.9243,1607.518,500000,0.007800000000000001,0.0039000000000000007,0.015600000000000058,0.017872045210327828,tap3,natural,firm,20260810_133647,False
1610023,0.0156,0.0273,0.9204,1610.023,500000,0.0,-0.0038999999999999972,0.011700000000000044,0.01233288287465672,tap3,natural,firm,20260810_133647,False
1612522,0.0078,0.0351,0.9204,1612.522,500000,-0.0078,0.0039000000000000007,0.011700000000000044,0.014592463808418407,tap3,natural,firm,20260810_133647,False
1615015,0.0117,0.0351,0.9165,1615.015,500000,-0.003899999999999999,0.0039000000000000007,0.007800000000000029,0.009553009996854418,tap3,natural,firm,20260810_133647,False
1617500,0.0078,0.0351,0.9009,1617.5,500000,-0.0078,0.0039000000000000007,-0.007799999999999918,0.011699999999999945,tap3,natural,firm,20260810_133647,False
1620004,0.0117,0.0273,0.9126,1620.004,500000,-0.003899999999999999,-0.0038999999999999972,0.0039000000000000146,0.006754998149518627,tap3,natural,firm,20260810_133647,False
1622504,0.0039,0.0312,0.9048,1622.504,500000,-0.011699999999999999,0.0,-0.0038999999999999035,0.012332882874656647,tap3,natural,firm,20260810_133647,False
1625026,0.0078,0.0273,0.9126,1625.026,500000,-0.0078,-0.0038999999999999972,0.0039000000000000146,0.0095530099968544,tap3,natural,firm,20260810_133647,False
1627516,0.0195,0.0273,0.9087,1627.516,500000,0.0039000000000000007,-0.0038999999999999972,0.0,0.0055154328932550695,tap3,natural,firm,20260810_133647,False
1630025,0.0078,0.0273,0.9009,1630.025,500000,-0.0078,-0.0038999999999999972,-0.007799999999999918,0.011699999999999945,tap3,natural,firm,20260810_133647,False
1632523,0.0156,0.0351,0.9048,1632.523,500000,0.0,0.0039000000000000007,-0.0038999999999999035,0.005515432893255003,tap3,natural,firm,20260810_133647,False
1635009,0.0156,0.0273,0.9165,1635.009,500000,0.0,-0.0038999999999999972,0.007800000000000029,0.008720665112249205,tap3,natural,firm,20260810_133647,False
1637519,0.0156,0.0273,0.9165,1637.519,500000,0.0,-0.0038999999999999972,0.007800000000000029,0.008720665112249205,tap3,natural,firm,20260810_133647,False
1640025,0.0156,0.0351,0.9087,1640.025,500000,0.0,0.0039000000000000007,0.0,0.0039000000000000007,tap3,natural,firm,20260810_133647,False
1642528,0.0156,0.0351,0.9087,1642.528,500000,0.0,0.0039000000000000007,0.0,0.0039000000000000007,tap3,natural,firm,20260810_133647,False
1645013,0.0156,0.0273,0.9165,1645.013,500000,0.0,-0.0038999999999999972,0.007800000000000029,0.008720665112249205,tap3,natural,firm,20260810_133647,False
1647500,0.0234,0.0312,0.9126,1647.5,500000,0.007800000000000001,0.0,0.0039000000000000146,0.008720665112249188,tap3,natural,firm,20260810_133647,False
1650002,0.0273,0.0312,0.9165,1650.002,500000,0.011700000000000002,0.0,0.007800000000000029,0.014061649974309576,tap3,natural,firm,20260810_133647,False
1652506,0.0117,0.0273,0.9087,1652.506,500000,-0.003899999999999999,-0.0038999999999999972,0.0,0.005515432893255068,tap3,natural,firm,20260810_133647,False
1655022,0.0117,0.0234,0.9204,1655.022,500000,-0.003899999999999999,-0.007799999999999998,0.011700000000000044,0.014592463808418405,tap3,natural,firm,20260810_133647,False
1657516,0.0195,0.0312,0.9165,1657.516,500000,0.0039000000000000007,0.0,0.007800000000000029,0.008720665112249207,tap3,natural,firm,20260810_133647,False
1660025,0.0195,0.0312,0.897,1660.025,500000,0.0039000000000000007,0.0,-0.011699999999999933,0.012332882874656616,tap3,natural,firm,20260810_133647,False
1662527,0.0156,0.0351,0.9087,1662.527,500000,0.0,0.0039000000000000007,0.0,0.0039000000000000007,tap3,natural,firm,20260810_133647,False
1665018,0.0156,0.0351,0.9165,1665.018,500000,0.0,0.0039000000000000007,0.007800000000000029,0.008720665112249207,tap3,natural,firm,20260810_133647,False
1667504,0.0234,0.0351,0.9126,1667.504,500000,0.007800000000000001,0.0039000000000000007,0.0039000000000000146,0.009553009996854402,tap3,natural,firm,20260810_133647,False
1670010,0.0156,0.0234,0.9087,1670.01,500000,0.0,-0.007799999999999998,0.0,0.007799999999999998,tap3,natural,firm,20260810_133647,False
1672506,0.0117,0.0312,0.9165,1672.506,500000,-0.003899999999999999,0.0,0.007800000000000029,0.008720665112249205,tap3,natural,firm,20260810_133647,False
1675023,0.0117,0.0429,0.9009,1675.023,500000,-0.003899999999999999,0.011700000000000002,-0.007799999999999918,0.014592463808418329,tap3,natural,firm,20260810_133647,False
1677515,0.0195,0.0312,0.9165,1677.515,500000,0.0039000000000000007,0.0,0.007800000000000029,0.008720665112249207,tap3,natural,firm,20260810_133647,False
1680027,0.0078,0.0312,0.9048,1680.027,500000,-0.0078,0.0,-0.0038999999999999035,0.008720665112249136,tap3,natural,firm,20260810_133647,False
1682502,0.0156,0.0234,0.9087,1682.502,500000,0.0,-0.007799999999999998,0.0,0.007799999999999998,tap3,natural,firm,20260810_133647,False
1685000,0.0156,0.0273,0.9126,1685.0,500000,0.0,-0.0038999999999999972,0.0039000000000000146,0.005515432893255079,tap3,natural,firm,20260810_133647,False
1687525,0.0195,0.0312,0.9126,1687.525,500000,0.0039000000000000007,0.0,0.0039000000000000146,0.005515432893255082,tap3,natural,firm,20260810_133647,False
1690016,0.0,0.0351,0.9048,1690.016,500000,-0.0156,0.0039000000000000007,-0.0038999999999999035,0.016546298679765186,tap3,natural,firm,20260810_133647,False
1692518,0.0195,0.0312,0.9165,1692.518,500000,0.0039000000000000007,0.0,0.007800000000000029,0.008720665112249207,tap3,natural,firm,20260810_133647,False
1695023,0.0156,0.0351,0.9126,1695.023,500000,0.0,0.0039000000000000007,0.0039000000000000146,0.005515432893255082,tap3,natural,firm,20260810_133647,False
1697510,0.0195,0.0234,0.9087,1697.51,500000,0.0039000000000000007,-0.007799999999999998,0.0,0.00872066511224918,tap3,natural,firm,20260810_133647,False
1700013,0.0078,0.039,0.9204,1700.013,500000,-0.0078,0.007800000000000001,0.011700000000000044,0.01608011193990891,tap3,natural,firm,20260810_133647,False
1702510,0.0156,0.0273,0.9204,1702.51,500000,0.0,-0.0038999999999999972,0.011700000000000044,0.01233288287465672,tap3,natural,firm,20260810_133647,False
1705028,0.0078,0.0312,0.9126,1705.028,500000,-0.0078,0.0,0.0039000000000000146,0.008720665112249186,tap3,natural,firm,20260810_133647,False
1707510,0.0117,0.0312,0.9126,1707.51,500000,-0.003899999999999999,0.0,0.0039000000000000146,0.00551543289325508,tap3,natural,firm,20260810_133647,False
1710016,0.0078,0.039,0.9048,1710.016,500000,-0.0078,0.007800000000000001,-0.0038999999999999035,0.011699999999999969,tap3,natural,firm,20260810_133647,False
1712513,0.0117,0.0312,0.897,1712.513,500000,-0.003899999999999999,0.0,-0.011699999999999933,0.012332882874656614,tap3,natural,firm,20260810_133647,False
1715004,0.0195,0.0312,0.9087,1715.004,500000,0.0039000000000000007,0.0,0.0,0.0039000000000000007,tap3,natural,firm,20260810_133647,False
1717520,0.0117,0.0312,0.9087,1717.52,500000,-0.003899999999999999,0.0,0.0,0.003899999999999999,tap3,natural,firm,20260810_133647,False
1720027,0.0156,0.0312,0.9048,1720.027,500000,0.0,0.0,-0.0038999999999999035,0.0038999999999999035,tap3,natural,firm,20260810_133647,False
1722511,0.0078,0.0312,0.9009,1722.511,500000,-0.0078,0.0,-0.007799999999999918,0.011030865786510084,tap3,natural,firm,20260810_133647,False
1725007,0.0117,0.0273,0.9009,1725.007,500000,-0.003899999999999999,-0.0038999999999999972,-0.007799999999999918,0.009553009996854326,tap3,natural,firm,20260810_133647,False
1727524,0.0117,0.0312,0.9087,1727.524,500000,-0.003899999999999999,0.0,0.0,0.003899999999999999,tap3,natural,firm,20260810_133647,False
1730029,0.0195,0.0273,0.9087,1730.029,500000,0.0039000000000000007,-0.0038999999999999972,0.0,0.0055154328932550695,tap3,natural,firm,20260810_133647,False
1732501,0.0156,0.0312,0.9087,1732.501,500000,0.0,0.0,0.0,0.0,tap3,natural,firm,20260810_133647,False
1735018,0.0156,0.0273,0.9126,1735.018,500000,0.0,-0.0038999999999999972,0.0039000000000000146,0.005515432893255079,tap3,natural,firm,20260810_133647,False
1737505,0.0078,0.039,0.9126,1737.505,500000,-0.0078,0.007800000000000001,0.0039000000000000146,0.011700000000000006,tap3,natural,firm,20260810_133647,False
1740013,0.0195,0.0312,0.9048,1740.013,500000,0.0039000000000000007,0.0,-0.0038999999999999035,0.005515432893255003,tap3,natural,firm,20260810_133647,False
1742514,0.0156,0.0273,0.9087,1742.514,500000,0.0,-0.0038999999999999972,0.0,0.0038999999999999972,tap3,natural,firm,20260810_133647,False
1745002,0.0156,0.0195,0.9126,1745.002,500000,0.0,-0.011699999999999999,0.0039000000000000146,0.012332882874656684,tap3,natural,firm,20260810_133647,False
1747515,0.0039,0.0273,0.9126,1747.515,500000,-0.011699999999999999,-0.0038999999999999972,0.0039000000000000146,0.012934836682386062,tap3,natural,firm,20260810_133647,False
1750021,0.0039,0.0273,0.9126,1750.021,500000,-0.011699999999999999,-0.0038999999999999972,0.0039000000000000146,0.012934836682386062,tap3,natural,firm,20260810_133647,False
1752517,0.0156,0.0273,0.9087,1752.517,500000,0.0,-0.0038999999999999972,0.0,0.0038999999999999972,tap3,natural,firm,20260810_133647,False
1755004,0.0156,0.0312,0.9165,1755.004,500000,0.0,0.0,0.007800000000000029,0.007800000000000029,tap3,natural,firm,20260810_133647,False
1757515,0.0156,0.0351,0.9048,1757.515,500000,0.0,0.0039000000000000007,-0.0038999999999999035,0.005515432893255003,tap3,natural,firm,20260810_133647,False
1760019,0.0078,0.039,0.9009,1760.019,500000,-0.0078,0.007800000000000001,-0.007799999999999918,0.013509996299037196,tap3,natural,firm,20260810_133647,False
1762519,0.0117,0.0312,0.9087,1762.519,500000,-0.003899999999999999,0.0,0.0,0.003899999999999999,tap3,natural,firm,20260810_133647,False
1765009,0.0078,0.039,0.9126,1765.009,500000,-0.0078,0.007800000000000001,0.0039000000000000146,0.011700000000000006,tap3,natural,firm,20260810_133647,False
1767525,0.0195,0.0273,0.9126,1767.525,500000,0.0039000000000000007,-0.0038999999999999972,0.0039000000000000146,0.006754998149518628,tap3,natural,firm,20260810_133647,False
1770000,0.0117,0.039,0.9087,1770.0,500000,-0.003899999999999999,0.007800000000000001,0.0,0.00872066511224918,tap3,natural,firm,20260810_133647,False
1772528,0.0195,0.0273,0.9009,1772.528,500000,0.0039000000000000007,-0.0038999999999999972,-0.007799999999999918,0.009553009996854326,tap3,natural,firm,20260810_133647,False
1775013,0.0117,0.039,0.9009,1775.013,500000,-0.003899999999999999,0.007800000000000001,-0.007799999999999918,0.011699999999999945,tap3,natural,firm,20260810_133647,False
1777513,0.0156,0.0351,0.9087,1777.513,500000,0.0,0.0039000000000000007,0.0,0.0039000000000000007,tap3,natural,firm,20260810_133647,False
1780027,0.0039,0.0312,0.9204,1780.027,500000,-0.011699999999999999,0.0,0.011700000000000044,0.01654629867976524,tap3,natural,firm,20260810_133647,False
1782529,0.0078,0.0273,0.9126,1782.529,500000,-0.0078,-0.0038999999999999972,0.0039000000000000146,0.0095530099968544,tap3,natural,firm,20260810_133647,False
1785011,0.0117,0.0273,0.9204,1785.011,500000,-0.003899999999999999,-0.0038999999999999972,0.011700000000000044,0.012934836682386097,tap3,natural,firm,20260810_133647,False
1787507,0.0156,0.0156,0.8892,1787.507,500000,0.0,-0.0156,-0.019499999999999962,0.02497218452598808,tap3,natural,firm,20260810_133647,False
1790019,0.0195,0.0312,0.9009,1790.019,500000,0.0039000000000000007,0.0,-0.007799999999999918,0.008720665112249107,tap3,natural,firm,20260810_133647,False
1792517,0.0156,0.0195,0.9126,1792.517,500000,0.0,-0.011699999999999999,0.0039000000000000146,0.012332882874656684,tap3,natural,firm,20260810_133647,False
1795010,0.0156,0.0312,0.9087,1795.01,500000,0.0,0.0,0.0,0.0,tap3,natural,firm,20260810_133647,False
1797500,0.0117,0.0312,0.9087,1797.5,500000,-0.003899999999999999,0.0,0.0,0.003899999999999999,tap3,natural,firm,20260810_133647,False
1800001,0.0117,0.039,0.9087,1800.001,500000,-0.003899999999999999,0.007800000000000001,0.0,0.00872066511224918,tap3,natural,firm,20260810_133647,False
1802500,0.0078,0.0351,0.9048,1802.5,500000,-0.0078,0.0039000000000000007,-0.0038999999999999035,0.009553009996854355,tap3,natural,firm,20260810_133647,False
1805019,0.0117,0.0234,0.9165,1805.019,500000,-0.003899999999999999,-0.007799999999999998,0.007800000000000029,0.011700000000000018,tap3,natural,firm,20260810_133647,False
1807507,0.0117,0.0312,0.9126,1807.507,500000,-0.003899999999999999,0.0,0.0039000000000000146,0.00551543289325508,tap3,natural,firm,20260810_133647,False
1810010,0.0117,0.0312,0.9126,1810.01,500000,-0.003899999999999999,0.0,0.0039000000000000146,0.00551543289325508,tap3,natural,firm,20260810_133647,False
1812507,0.0195,0.0234,0.9087,1812.507,500000,0.0039000000000000007,-0.007799999999999998,0.0,0.00872066511224918,tap3,natural,firm,20260810_133647,False
1815029,0.0117,0.0351,0.9087,1815.029,500000,-0.003899999999999999,0.0039000000000000007,0.0,0.00551543289325507,tap3,natural,firm,20260810_133647,False
1817511,0.0117,0.0234,0.9009,1817.511,500000,-0.003899999999999999,-0.007799999999999998,-0.007799999999999918,0.011699999999999943,tap3,natural,firm,20260810_133647,False
1820014,0.0195,0.0351,0.9126,1820.014,500000,0.0039000000000000007,0.0039000000000000007,0.0039000000000000146,0.006754998149518631,tap3,natural,firm,20260810_133647,False
1822516,0.0156,0.0273,0.9048,1822.516,500000,0.0,-0.0038999999999999972,-0.0038999999999999035,0.005515432893255,tap3,natural,firm,20260810_133647,False
1825004,0.0156,0.039,0.9087,1825.004,500000,0.0,0.007800000000000001,0.0,0.007800000000000001,tap3,natural,firm,20260810_133647,False
1827516,0.0156,0.0312,0.9126,1827.516,500000,0.0,0.0,0.0039000000000000146,0.0039000000000000146,tap3,natural,firm,20260810_133647,False
1830018,0.0156,0.0273,0.9087,1830.018,500000,0.0,-0.0038999999999999972,0.0,0.0038999999999999972,tap3,natural,firm,20260810_133647,False
1832521,0.0117,0.039,0.9087,1832.521,500000,-0.003899999999999999,0.007800000000000001,0.0,0.00872066511224918,tap3,natural,firm,20260810_133647,False
1835010,0.0156,0.0234,0.9087,1835.01,500000,0.0,-0.007799999999999998,0.0,0.007799999999999998,tap3,natural,firm,20260810_133647,False
1837521,0.0117,0.0351,0.9165,1837.521,500000,-0.003899999999999999,0.0039000000000000007,0.007800000000000029,0.009553009996854418,tap3,natural,firm,20260810_133647,False
1840029,0.0156,0.0351,0.9048,1840.029,500000,0.0,0.0039000000000000007,-0.0038999999999999035,0.005515432893255003,tap3,natural,firm,20260810_133647,False
1842502,0.0195,0.0273,0.9087,1842.502,500000,0.0039000000000000007,-0.0038999999999999972,0.0,0.0055154328932550695,tap3,natural,firm,20260810_133647,False
1845017,0.0156,0.0273,0.9126,1845.017,500000,0.0,-0.0038999999999999972,0.0039000000000000146,0.005515432893255079,tap3,natural,firm,20260810_133647,False
1847504,0.0195,0.0234,0.9087,1847.504,500000,0.0039000000000000007,-0.007799999999999998,0.0,0.00872066511224918,tap3,natural,firm,20260810_133647,False
1850010,0.0195,0.0234,0.9048,1850.01,500000,0.0039000000000000007,-0.007799999999999998,-0.0038999999999999035,0.009553009996854354,tap3,natural,firm,20260810_133647,False
1852526,0.0156,0.0234,0.9048,1852.526,500000,0.0,-0.007799999999999998,-0.0038999999999999035,0.008720665112249134,tap3,natural,firm,20260810_133647,False
1855005,0.0156,0.0234,0.9087,1855.005,500000,0.0,-0.007799999999999998,0.0,0.007799999999999998,tap3,natural,firm,20260810_133647,False
1857521,0.0156,0.0234,0.9087,1857.521,500000,0.0,-0.007799999999999998,0.0,0.007799999999999998,tap3,natural,firm,20260810_133647,False
1860026,0.0156,0.0351,0.9165,1860.026,500000,0.0,0.0039000000000000007,0.007800000000000029,0.008720665112249207,tap3,natural,firm,20260810_133647,False
1862528,0.0156,0.0351,0.9204,1862.528,500000,0.0,0.0039000000000000007,0.011700000000000044,0.012332882874656722,tap3,natural,firm,20260810_133647,False
1865015,0.0156,0.0312,0.9204,1865.015,500000,0.0,0.0,0.011700000000000044,0.011700000000000044,tap3,natural,firm,20260810_133647,False
1867502,0.0117,0.039,0.9165,1867.502,500000,-0.003899999999999999,0.007800000000000001,0.007800000000000029,0.01170000000000002,tap3,natural,firm,20260810_133647,False
1870009,0.0195,0.0273,0.9009,1870.009,500000,0.0039000000000000007,-0.0038999999999999972,-0.007799999999999918,0.009553009996854326,tap3,natural,firm,20260810_133647,False
1872509,0.0156,0.0312,0.9126,1872.509,500000,0.0,0.0,0.0039000000000000146,0.0039000000000000146,tap3,natural,firm,20260810_133647,False
1875026,0.0078,0.0351,0.9204,1875.026,500000,-0.0078,0.0039000000000000007,0.011700000000000044,0.014592463808418407,tap3,natural,firm,20260810_133647,False
1877502,0.0117,0.0429,0.9204,1877.502,500000,-0.003899999999999999,0.011700000000000002,0.011700000000000044,0.016999705879808657,tap3,natural,firm,20260810_133647,False
1880015,0.0195,0.0312,0.897,1880.015,500000,0.0039000000000000007,0.0,-0.011699999999999933,0.012332882874656616,tap3,natural,firm,20260810_133647,False
1882520,0.0234,0.0351,0.9048,1882.52,500000,0.007800000000000001,0.0039000000000000007,-0.0038999999999999035,0.009553009996854357,tap3,natural,firm,20260810_133647,False
1885014,0.0117,0.0312,0.9087,1885.014,500000,-0.003899999999999999,0.0,0.0,0.003899999999999999,tap3,natural,firm,20260810_133647,False
1887501,0.0117,0.0273,0.9048,1887.501,500000,-0.003899999999999999,-0.0038999999999999972,-0.0038999999999999035,0.006754998149518563,tap3,natural,firm,20260810_133647,False
1890008,0.0156,0.0273,0.9126,1890.008,500000,0.0,-0.0038999999999999972,0.0039000000000000146,0.005515432893255079,tap3,natural,firm,20260810_133647,False
1892512,0.0117,0.0351,0.9165,1892.512,500000,-0.003899999999999999,0.0039000000000000007,0.007800000000000029,0.009553009996854418,tap3,natural,firm,20260810_133647,False
1895005,0.0078,0.0351,0.9048,1895.005,500000,-0.0078,0.0039000000000000007,-0.0038999999999999035,0.009553009996854355,tap3,natural,firm,20260810_133647,False
1897523,0.0195,0.0351,0.9204,1897.523,500000,0.0039000000000000007,0.0039000000000000007,0.011700000000000044,0.012934836682386099,tap3,natural,firm,20260810_133647,False
1900029,0.0078,0.0351,0.9087,1900.029,500000,-0.0078,0.0039000000000000007,0.0,0.00872066511224918,tap3,natural,firm,20260810_133647,False
1902502,0.0156,0.0273,0.9048,1902.502,500000,0.0,-0.0038999999999999972,-0.0038999999999999035,0.005515432893255,tap3,natural,firm,20260810_133647,False
1905020,0.0078,0.039,0.9126,1905.02,500000,-0.0078,0.007800000000000001,0.0039000000000000146,0.011700000000000006,tap3,natural,firm,20260810_133647,False
1907508,0.0156,0.0273,0.9048,1907.508,500000,0.0,-0.0038999999999999972,-0.0038999999999999035,0.005515432893255,tap3,natural,firm,20260810_133647,False
1910013,0.0156,0.0312,0.9048,1910.013,500000,0.0,0.0,-0.0038999999999999035,0.0038999999999999035,tap3,natural,firm,20260810_133647,False
1912507,0.0078,0.0351,0.9126,1912.507,500000,-0.0078,0.0039000000000000007,0.0039000000000000146,0.0095530099968544,tap3,natural,firm,20260810_133647,False
1915001,0.0117,0.0351,0.9165,1915.001,500000,-0.003899999999999999,0.0039000000000000007,0.007800000000000029,0.009553009996854418,tap3,natural,firm,20260810_133647,False
1917531,0.0078,0.0351,0.9087,1917.531,500000,-0.0078,0.0039000000000000007,0.0,0.00872066511224918,tap3,natural,firm,20260810_133647,False
1920017,0.0117,0.0273,0.9087,1920.017,500000,-0.003899999999999999,-0.0038999999999999972,0.0,0.005515432893255068,tap3,natural,firm,20260810_133647,False
1922514,0.0156,0.0273,0.9087,1922.514,500000,0.0,-0.0038999999999999972,0.0,0.0038999999999999972,tap3,natural,firm,20260810_133647,False
1925005,0.0156,0.0351,0.9126,1925.005,500000,0.0,0.0039000000000000007,0.0039000000000000146,0.005515432893255082,tap3,natural,firm,20260810_133647,False
1927518,0.0078,0.0273,0.9048,1927.518,500000,-0.0078,-0.0038999999999999972,-0.0038999999999999035,0.009553009996854354,tap3,natural,firm,20260810_133647,False
1930023,0.0117,0.0273,0.9087,1930.023,500000,-0.003899999999999999,-0.0038999999999999972,0.0,0.005515432893255068,tap3,natural,firm,20260810_133647,False
1932520,0.0156,0.0234,0.9126,1932.52,500000,0.0,-0.007799999999999998,0.0039000000000000146,0.008720665112249185,tap3,natural,firm,20260810_133647,False
1935007,0.0156,0.0273,0.8931,1935.007,500000,0.0,-0.0038999999999999972,-0.015599999999999947,0.016080111939908825,tap3,natural,firm,20260810_133647,False
1937525,0.0195,0.0234,0.9165,1937.525,500000,0.0039000000000000007,-0.007799999999999998,0.007800000000000029,0.011700000000000018,tap3,natural,firm,20260810_133647,False
1940002,0.0117,0.0312,0.9087,1940.002,500000,-0.003899999999999999,0.0,0.0,0.003899999999999999,tap3,natural,firm,20260810_133647,False
1942502,0.0117,0.0351,0.9126,1942.502,500000,-0.003899999999999999,0.0039000000000000007,0.0039000000000000146,0.00675499814951863,tap3,natural,firm,20260810_133647,False
1945019,0.0195,0.0234,0.9087,1945.019,500000,0.0039000000000000007,-0.007799999999999998,0.0,0.00872066511224918,tap3,natural,firm,20260810_133647,False
1947506,0.0156,0.0273,0.9087,1947.506,500000,0.0,-0.0038999999999999972,0.0,0.0038999999999999972,tap3,natural,firm,20260810_133647,False
1950009,0.0117,0.0312,0.9204,1950.009,500000,-0.003899999999999999,0.0,0.011700000000000044,0.01233288287465672,tap3,natural,firm,20260810_133647,False
1952508,0.0156,0.0312,0.9087,1952.508,500000,0.0,0.0,0.0,0.0,tap3,natural,firm,20260810_133647,False
1955027,0.0156,0.0273,0.9165,1955.027,500000,0.0,-0.0038999999999999972,0.007800000000000029,0.008720665112249205,tap3,natural,firm,20260810_133647,False
1957513,0.0156,0.0234,0.9087,1957.513,500000,0.0,-0.007799999999999998,0.0,0.007799999999999998,tap3,natural,firm,20260810_133647,False
1960018,0.0117,0.0312,0.9126,1960.018,500000,-0.003899999999999999,0.0,0.0039000000000000146,0.00551543289325508,tap3,natural,firm,20260810_133647,False
1962515,0.0156,0.0273,0.9087,1962.515,500000,0.0,-0.0038999999999999972,0.0,0.0038999999999999972,tap3,natural,firm,20260810_133647,False
1965005,0.0156,0.0273,0.9087,1965.005,500000,0.0,-0.0038999999999999972,0.0,0.0038999999999999972,tap3,natural,firm,20260810_133647,False
1967524,0.0195,0.0351,0.9126,1967.524,500000,0.0039000000000000007,0.0039000000000000007,0.0039000000000000146,0.006754998149518631,tap3,natural,firm,20260810_133647,False
1970029,0.0195,0.0273,0.9204,1970.029,500000,0.0039000000000000007,-0.0038999999999999972,0.011700000000000044,0.012934836682386099,tap3,natural,firm,20260810_133647,False
1972502,0.0117,0.0234,0.9165,1972.502,500000,-0.003899999999999999,-0.007799999999999998,0.007800000000000029,0.011700000000000018,tap3,natural,firm,20260810_133647,False
1975018,0.0156,0.0273,0.9048,1975.018,500000,0.0,-0.0038999999999999972,-0.0038999999999999035,0.005515432893255,tap3,natural,firm,20260810_133647,False
1977507,0.0117,0.0312,0.9126,1977.507,500000,-0.003899999999999999,0.0,0.0039000000000000146,0.00551543289325508,tap3,natural,firm,20260810_133647,False
1980022,0.0156,0.0312,0.9087,1980.022,500000,0.0,0.0,0.0,0.0,tap3,natural,firm,20260810_133647,False
1982500,0.0117,0.0234,0.9204,1982.5,500000,-0.003899999999999999,-0.007799999999999998,0.011700000000000044,0.014592463808418405,tap3,natural,firm,20260810_133647,False
1985012,0.0156,0.0273,0.9243,1985.012,500000,0.0,-0.0038999999999999972,0.015600000000000058,0.016080111939908933,tap3,natural,firm,20260810_133647,False
1987500,0.0195,0.0351,0.9087,1987.5,500000,0.0039000000000000007,0.0039000000000000007,0.0,0.005515432893255071,tap3,natural,firm,20260810_133647,False
1990009,0.0117,0.0273,0.9087,1990.009,500000,-0.003899999999999999,-0.0038999999999999972,0.0,0.005515432893255068,tap3,natural,firm,20260810_133647,False
1992515,0.0039,0.0234,0.9126,1992.515,500000,-0.011699999999999999,-0.007799999999999998,0.0039000000000000146,0.014592463808418374,tap3,natural,firm,20260810_133647,False
1995021,0.0117,0.0312,0.9126,1995.021,500000,-0.003899999999999999,0.0,0.0039000000000000146,0.00551543289325508,tap3,natural,firm,20260810_133647,False
1997510,0.0117,0.0312,0.9165,1997.51,500000,-0.003899999999999999,0.0,0.007800000000000029,0.008720665112249205,tap3,natural,firm,20260810_133647,False
2000016,0.0117,0.0273,0.9087,2000.016,500000,-0.003899999999999999,-0.0038999999999999972,0.0,0.005515432893255068,tap3,natural,firm,20260810_133647,False
2002517,0.0117,0.0273,0.9126,2002.517,500000,-0.003899999999999999,-0.0038999999999999972,0.0039000000000000146,0.006754998149518627,tap3,natural,firm,20260810_133647,False
2005004,0.0078,0.0312,0.9087,2005.004,500000,-0.0078,0.0,0.0,0.0078,tap3,natural,firm,20260810_133647,False
2007522,0.0117,0.0234,0.9048,2007.522,500000,-0.003899999999999999,-0.007799999999999998,-0.0038999999999999035,0.009553009996854354,tap3,natural,firm,20260810_133647,False
2010025,0.0117,0.0351,0.9165,2010.025,500000,-0.003899999999999999,0.0039000000000000007,0.007800000000000029,0.009553009996854418,tap3,natural,firm,20260810_133647,False
2012521,0.0156,0.0273,0.9048,2012.521,500000,0.0,-0.0038999999999999972,-0.0038999999999999035,0.005515432893255,tap3,natural,firm,20260810_133647,False
2015010,0.0156,0.0351,0.9087,2015.01,500000,0.0,0.0039000000000000007,0.0,0.0039000000000000007,tap3,natural,firm,20260810_133647,False
2017526,0.0195,0.0312,0.9165,2017.526,500000,0.0039000000000000007,0.0,0.007800000000000029,0.008720665112249207,tap3,natural,firm,20260810_133647,False
2020027,0.0117,0.0273,0.9087,2020.027,500000,-0.003899999999999999,-0.0038999999999999972,0.0,0.005515432893255068,tap3,natural,firm,20260810_133647,False
2022526,0.0117,0.0312,0.9048,2022.526,500000,-0.003899999999999999,0.0,-0.0038999999999999035,0.005515432893255002,tap3,natural,firm,20260810_133647,False
2025011,0.0156,0.0351,0.9204,2025.011,500000,0.0,0.0039000000000000007,0.011700000000000044,0.012332882874656722,tap3,natural,firm,20260810_133647,False
2027527,0.0195,0.0312,0.9087,2027.527,500000,0.0039000000000000007,0.0,0.0,0.0039000000000000007,tap3,natural,firm,20260810_133647,False
2030029,0.0195,0.0312,0.9204,2030.029,500000,0.0039000000000000007,0.0,0.011700000000000044,0.012332882874656722,tap3,natural,firm,20260810_133647,False
2032500,0.0234,0.0351,0.9126,2032.5,500000,0.007800000000000001,0.0039000000000000007,0.0039000000000000146,0.009553009996854402,tap3,natural,firm,20260810_133647,False
2035014,0.0195,0.0312,0.9087,2035.014,500000,0.0039000000000000007,0.0,0.0,0.0039000000000000007,tap3,natural,firm,20260810_133647,False
2037524,0.0117,0.0312,0.9126,2037.524,500000,-0.003899999999999999,0.0,0.0039000000000000146,0.00551543289325508,tap3,natural,firm,20260810_133647,False
2040000,0.0195,0.0351,0.9087,2040.0,500000,0.0039000000000000007,0.0039000000000000007,0.0,0.005515432893255071,tap3,natural,firm,20260810_133647,False
2042500,0.0156,0.0312,0.9087,2042.5,500000,0.0,0.0,0.0,0.0,tap3,natural,firm,20260810_133647,False
2045015,0.0156,0.0351,0.9165,2045.015,500000,0.0,0.0039000000000000007,0.007800000000000029,0.008720665112249207,tap3,natural,firm,20260810_133647,False
2047502,0.0117,0.0273,0.9048,2047.502,500000,-0.003899999999999999,-0.0038999999999999972,-0.0038999999999999035,0.006754998149518563,tap3,natural,firm,20260810_133647,False
2050021,0.0117,0.039,0.9048,2050.021,500000,-0.003899999999999999,0.007800000000000001,-0.0038999999999999035,0.009553009996854355,tap3,natural,firm,20260810_133647,False
2052528,0.0117,0.0312,0.9204,2052.528,500000,-0.003899999999999999,0.0,0.011700000000000044,0.01233288287465672,tap3,natural,firm,20260810_133647,False
2055017,0.0039,0.0351,0.9126,2055.017,500000,-0.011699999999999999,0.0039000000000000007,0.0039000000000000146,0.012934836682386064,tap3,natural,firm,20260810_133647,False
2057505,0.0117,0.0273,0.9087,2057.505,500000,-0.003899999999999999,-0.0038999999999999972,0.0,0.005515432893255068,tap3,natural,firm,20260810_133647,False
2060010,0.0078,0.0312,0.9087,2060.01,500000,-0.0078,0.0,0.0,0.0078,tap3,natural,firm,20260810_133647,False
2062512,0.0117,0.0312,0.9165,2062.512,500000,-0.003899999999999999,0.0,0.007800000000000029,0.008720665112249205,tap3,natural,firm,20260810_133647,False
2065005,0.0156,0.0273,0.9126,2065.005,500000,0.0,-0.0038999999999999972,0.0039000000000000146,0.005515432893255079,tap3,natural,firm,20260810_133647,False
2067521,0.0156,0.0351,0.9048,2067.521,500000,0.0,0.0039000000000000007,-0.0038999999999999035,0.005515432893255003,tap3,natural,firm,20260810_133647,False
2070027,0.0117,0.0351,0.9126,2070.027,500000,-0.003899999999999999,0.0039000000000000007,0.0039000000000000146,0.00675499814951863,tap3,natural,firm,20260810_133647,False
2072523,0.0117,0.0351,0.9126,2072.523,500000,-0.003899999999999999,0.0039000000000000007,0.0039000000000000146,0.00675499814951863,tap3,natural,firm,20260810_133647,False
2075010,0.0195,0.0351,0.9126,2075.01,500000,0.0039000000000000007,0.0039000000000000007,0.0039000000000000146,0.006754998149518631,tap3,natural,firm,20260810_133647,False
2077508,0.0195,0.0234,0.9126,2077.508,500000,0.0039000000000000007,-0.007799999999999998,0.0039000000000000146,0.0095530099968544,tap3,natural,firm,20260810_133647,False
2080023,0.0156,0.0351,0.9126,2080.023,500000,0.0,0.0039000000000000007,0.0039000000000000146,0.005515432893255082,tap3,natural,firm,20260810_133647,False
2082525,0.0195,0.0273,0.9087,2082.525,500000,0.0039000000000000007,-0.0038999999999999972,0.0,0.0055154328932550695,tap3,natural,firm,20260810_133647,False
2085019,0.0195,0.0312,0.9009,2085.019,500000,0.0039000000000000007,0.0,-0.007799999999999918,0.008720665112249107,tap3,natural,firm,20260810_133647,False
2087509,0.0195,0.0195,0.9009,2087.509,500000,0.0039000000000000007,-0.011699999999999999,-0.007799999999999918,0.014592463808418327,tap3,natural,firm,20260810_133647,False
2090019,0.0195,0.0195,0.9165,2090.019,500000,0.0039000000000000007,-0.011699999999999999,0.007800000000000029,0.014592463808418386,tap3,natural,firm,20260810_133647,False
2092518,0.0117,0.0195,0.9126,2092.518,500000,-0.003899999999999999,-0.011699999999999999,0.0039000000000000146,0.012934836682386062,tap3,natural,firm,20260810_133647,False
2095001,0.0117,0.0273,0.9087,2095.001,500000,-0.003899999999999999,-0.0038999999999999972,0.0,0.005515432893255068,tap3,natural,firm,20260810_133647,False
2097524,0.0195,0.0273,0.9165,2097.524,500000,0.0039000000000000007,-0.0038999999999999972,0.007800000000000029,0.009553009996854418,tap3,natural,firm,20260810_133647,False
2100000,0.0195,0.0429,0.9009,2100.0,500000,0.0039000000000000007,0.011700000000000002,-0.007799999999999918,0.01459246380841833,tap3,natural,firm,20260810_133647,False
2102502,0.0156,0.039,0.9048,2102.502,500000,0.0,0.007800000000000001,-0.0038999999999999035,0.008720665112249138,tap3,natural,firm,20260810_133647,False
2105019,0.0078,0.0312,0.9204,2105.019,500000,-0.0078,0.0,0.011700000000000044,0.014061649974309594,tap3,natural,firm,20260810_133647,False
2107502,0.0195,0.0312,0.9087,2107.502,500000,0.0039000000000000007,0.0,0.0,0.0039000000000000007,tap3,natural,firm,20260810_133647,False
2110008,0.0234,0.0273,0.9087,2110.008,500000,0.007800000000000001,-0.0038999999999999972,0.0,0.00872066511224918,tap3,natural,firm,20260810_133647,False
2112504,0.0156,0.0351,0.9165,2112.504,500000,0.0,0.0039000000000000007,0.007800000000000029,0.008720665112249207,tap3,natural,firm,20260810_133647,False
2115013,0.0078,0.0351,0.9087,2115.013,500000,-0.0078,0.0039000000000000007,0.0,0.00872066511224918,tap3,natural,firm,20260810_133647,False
2117503,0.0156,0.0273,0.9126,2117.503,500000,0.0,-0.0038999999999999972,0.0039000000000000146,0.005515432893255079,tap3,natural,firm,20260810_133647,False
2120009,0.0156,0.0234,0.9165,2120.009,500000,0.0,-0.007799999999999998,0.007800000000000029,0.01103086578651016,tap3,natural,firm,20260810_133647,False
2122507,0.0195,0.0234,0.9126,2122.507,500000,0.0039000000000000007,-0.007799999999999998,0.0039000000000000146,0.0095530099968544,tap3,natural,firm,20260810_133647,False
2125027,0.0117,0.0273,0.9126,2125.027,500000,-0.003899999999999999,-0.0038999999999999972,0.0039000000000000146,0.006754998149518627,tap3,natural,firm,20260810_133647,False
2127508,0.0156,0.0312,0.9009,2127.508,500000,0.0,0.0,-0.007799999999999918,0.007799999999999918,tap3,natural,firm,20260810_133647,False
2130015,0.0117,0.0273,0.9165,2130.015,500000,-0.003899999999999999,-0.0038999999999999972,0.007800000000000029,0.009553009996854416,tap3,natural,firm,20260810_133647,False
2132510,0.0117,0.0273,0.9009,2132.51,500000,-0.003899999999999999,-0.0038999999999999972,-0.007799999999999918,0.009553009996854326,tap3,natural,firm,20260810_133647,False
2135027,0.0117,0.0273,0.9165,2135.027,500000,-0.003899999999999999,-0.0038999999999999972,0.007800000000000029,0.009553009996854416,tap3,natural,firm,20260810_133647,False
2137510,0.0156,0.0312,0.9087,2137.51,500000,0.0,0.0,0.0,0.0,tap3,natural,firm,20260810_133647,False
2140020,0.0156,0.0234,0.9126,2140.02,500000,0.0,-0.007799999999999998,0.0039000000000000146,0.008720665112249185,tap3,natural,firm,20260810_133647,False
2142518,0.0234,0.0312,0.9087,2142.518,500000,0.007800000000000001,0.0,0.0,0.007800000000000001,tap3,natural,firm,20260810_133647,False
2145002,0.0195,0.0234,0.9243,2145.002,500000,0.0039000000000000007,-0.007799999999999998,0.015600000000000058,0.017872045210327828,tap3,natural,firm,20260810_133647,False
2147514,0.0195,0.0195,0.9126,2147.514,500000,0.0039000000000000007,-0.011699999999999999,0.0039000000000000146,0.012934836682386064,tap3,natural,firm,20260810_133647,False
2150018,0.0117,0.0312,0.9126,2150.018,500000,-0.003899999999999999,0.0,0.0039000000000000146,0.00551543289325508,tap3,natural,firm,20260810_133647,False
2152520,0.0117,0.0312,0.9126,2152.52,500000,-0.003899999999999999,0.0,0.0039000000000000146,0.00551543289325508,tap3,natural,firm,20260810_133647,False
2155007,0.0117,0.0312,0.9165,2155.007,500000,-0.003899999999999999,0.0,0.007800000000000029,0.008720665112249205,tap3,natural,firm,20260810_133647,False
2157516,0.0117,0.0312,0.9165,2157.516,500000,-0.003899999999999999,0.0,0.007800000000000029,0.008720665112249205,tap3,natural,firm,20260810_133647,False
2160020,0.0117,0.0273,0.9126,2160.02,500000,-0.003899999999999999,-0.0038999999999999972,0.0039000000000000146,0.006754998149518627,tap3,natural,firm,20260810_133647,False
2162523,0.0117,0.039,0.9087,2162.523,500000,-0.003899999999999999,0.007800000000000001,0.0,0.00872066511224918,tap3,natural,firm,20260810_133647,False
2165013,0.0156,0.0312,0.9009,2165.013,500000,0.0,0.0,-0.007799999999999918,0.007799999999999918,tap3,natural,firm,20260810_133647,False
2167525,0.0078,0.039,0.9126,2167.525,500000,-0.0078,0.007800000000000001,0.0039000000000000146,0.011700000000000006,tap3,natural,firm,20260810_133647,False
2170028,0.0117,0.0273,0.9087,2170.028,500000,-0.003899999999999999,-0.0038999999999999972,0.0,0.005515432893255068,tap3,natural,firm,20260810_133647,False
2172500,0.0117,0.0351,0.9087,2172.5,500000,-0.003899999999999999,0.0039000000000000007,0.0,0.00551543289325507,tap3,natural,firm,20260810_133647,False
2175018,0.0156,0.0273,0.9048,2175.018,500000,0.0,-0.0038999999999999972,-0.0038999999999999035,0.005515432893255,tap3,natural,firm,20260810_133647,False
2177511,0.0156,0.0312,0.9087,2177.511,500000,0.0,0.0,0.0,0.0,tap3,natural,firm,20260810_133647,False
2180009,0.0156,0.0312,0.9087,2180.009,500000,0.0,0.0,0.0,0.0,tap3,natural,firm,20260810_133647,False
2182523,0.0195,0.0312,0.9087,2182.523,500000,0.0039000000000000007,0.0,0.0,0.0039000000000000007,tap3,natural,firm,20260810_133647,False
2185025,0.0117,0.0273,0.9165,2185.025,500000,-0.003899999999999999,-0.0038999999999999972,0.007800000000000029,0.009553009996854416,tap3,natural,firm,20260810_133647,False
2187507,0.0156,0.0351,0.9087,2187.507,500000,0.0,0.0039000000000000007,0.0,0.0039000000000000007,tap3,natural,firm,20260810_133647,False
2190013,0.0156,0.0351,0.9165,2190.013,500000,0.0,0.0039000000000000007,0.007800000000000029,0.008720665112249207,tap3,natural,firm,20260810_133647,False
2192515,0.0078,0.0273,0.9126,2192.515,500000,-0.0078,-0.0038999999999999972,0.0039000000000000146,0.0095530099968544,tap3,natural,firm,20260810_133647,False
2195014,0.0156,0.0234,0.9048,2195.014,500000,0.0,-0.007799999999999998,-0.0038999999999999035,0.008720665112249134,tap3,natural,firm,20260810_133647,False
2197500,0.0117,0.0273,0.9048,2197.5,500000,-0.003899999999999999,-0.0038999999999999972,-0.0038999999999999035,0.006754998149518563,tap3,natural,firm,20260810_133647,False
2200022,0.0117,0.0273,0.9048,2200.022,500000,-0.003899999999999999,-0.0038999999999999972,-0.0038999999999999035,0.006754998149518563,tap3,natural,firm,20260810_133647,False
2202526,0.0117,0.0351,0.9009,2202.526,500000,-0.003899999999999999,0.0039000000000000007,-0.007799999999999918,0.009553009996854328,tap3,natural,firm,20260810_133647,False
2205009,0.0195,0.0351,0.9087,2205.009,500000,0.0039000000000000007,0.0039000000000000007,0.0,0.005515432893255071,tap3,natural,firm,20260810_133647,False
2207522,0.0156,0.0273,0.9165,2207.522,500000,0.0,-0.0038999999999999972,0.007800000000000029,0.008720665112249205,tap3,natural,firm,20260810_133647,False
2210026,0.0156,0.0234,0.9126,2210.026,500000,0.0,-0.007799999999999998,0.0039000000000000146,0.008720665112249185,tap3,natural,firm,20260810_133647,False
2212527,0.0117,0.0273,0.9165,2212.527,500000,-0.003899999999999999,-0.0038999999999999972,0.007800000000000029,0.009553009996854416,tap3,natural,firm,20260810_133647,False
2215016,0.0234,0.0351,0.9126,2215.016,500000,0.007800000000000001,0.0039000000000000007,0.0039000000000000146,0.009553009996854402,tap3,natural,firm,20260810_133647,False
2217505,0.0195,0.039,0.9126,2217.505,500000,0.0039000000000000007,0.007800000000000001,0.0039000000000000146,0.009553009996854402,tap3,natural,firm,20260810_133647,False
2220011,0.0078,0.0429,0.9126,2220.011,500000,-0.0078,0.011700000000000002,0.0039000000000000146,0.014592463808418377,tap3,natural,firm,20260810_133647,False
2222508,0.0156,0.0351,0.9204,2222.508,500000,0.0,0.0039000000000000007,0.011700000000000044,0.012332882874656722,tap3,natural,firm,20260810_133647,False
2225025,0.0117,0.0273,0.9048,2225.025,500000,-0.003899999999999999,-0.0038999999999999972,-0.0038999999999999035,0.006754998149518563,tap3,natural,firm,20260810_133647,False
2227512,0.0156,0.0351,0.9009,2227.512,500000,0.0,0.0039000000000000007,-0.007799999999999918,0.008720665112249107,tap3,natural,firm,20260810_133647,False
2230017,0.0117,0.0351,0.9087,2230.017,500000,-0.003899999999999999,0.0039000000000000007,0.0,0.00551543289325507,tap3,natural,firm,20260810_133647,False
2232519,0.0195,0.0273,0.9048,2232.519,500000,0.0039000000000000007,-0.0038999999999999972,-0.0038999999999999035,0.006754998149518564,tap3,natural,firm,20260810_133647,False
2235006,0.0156,0.0312,0.9087,2235.006,500000,0.0,0.0,0.0,0.0,tap3,natural,firm,20260810_133647,False
2237524,0.0117,0.0351,0.9048,2237.524,500000,-0.003899999999999999,0.0039000000000000007,-0.0038999999999999035,0.006754998149518566,tap3,natural,firm,20260810_133647,False
2240002,0.0195,0.0351,0.9009,2240.002,500000,0.0039000000000000007,0.0039000000000000007,-0.007799999999999918,0.009553009996854328,tap3,natural,firm,20260810_133647,False
2242501,0.0195,0.0312,0.9087,2242.501,500000,0.0039000000000000007,0.0,0.0,0.0039000000000000007,tap3,natural,firm,20260810_133647,False
2245019,0.0156,0.0351,0.9087,2245.019,500000,0.0,0.0039000000000000007,0.0,0.0039000000000000007,tap3,natural,firm,20260810_133647,False
2247508,0.0156,0.039,0.9009,2247.508,500000,0.0,0.007800000000000001,-0.007799999999999918,0.011030865786510084,tap3,natural,firm,20260810_133647,False
2250017,0.0195,0.0312,0.9126,2250.017,500000,0.0039000000000000007,0.0,0.0039000000000000146,0.005515432893255082,tap3,natural,firm,20260810_133647,False
2252514,0.0234,0.0273,0.9009,2252.514,500000,0.007800000000000001,-0.0038999999999999972,-0.007799999999999918,0.011699999999999945,tap3,natural,firm,20260810_133647,False
2255002,0.0156,0.039,0.9087,2255.002,500000,0.0,0.007800000000000001,0.0,0.007800000000000001,tap3,natural,firm,20260810_133647,False
2257520,0.0156,0.0273,0.9048,2257.52,500000,0.0,-0.0038999999999999972,-0.0038999999999999035,0.005515432893255,tap3,natural,firm,20260810_133647,False
2260026,0.0156,0.0312,0.9087,2260.026,500000,0.0,0.0,0.0,0.0,tap3,natural,firm,20260810_133647,False
2262526,0.0156,0.0312,0.9126,2262.526,500000,0.0,0.0,0.0039000000000000146,0.0039000000000000146,tap3,natural,firm,20260810_133647,False
2265015,0.0117,0.0351,0.9126,2265.015,500000,-0.003899999999999999,0.0039000000000000007,0.0039000000000000146,0.00675499814951863,tap3,natural,firm,20260810_133647,False
2267502,0.0156,0.0351,0.9048,2267.502,500000,0.0,0.0039000000000000007,-0.0038999999999999035,0.005515432893255003,tap3,natural,firm,20260810_133647,False
2270009,0.0156,0.0351,0.9126,2270.009,500000,0.0,0.0039000000000000007,0.0039000000000000146,0.005515432893255082,tap3,natural,firm,20260810_133647,False
2272512,0.0117,0.0273,0.9009,2272.512,500000,-0.003899999999999999,-0.0038999999999999972,-0.007799999999999918,0.009553009996854326,tap3,natural,firm,20260810_133647,False
2275029,0.0195,0.0234,0.9087,2275.029,500000,0.0039000000000000007,-0.007799999999999998,0.0,0.00872066511224918,tap3,natural,firm,20260810_133647,False
2277510,0.0156,0.0273,0.9126,2277.51,500000,0.0,-0.0038999999999999972,0.0039000000000000146,0.005515432893255079,tap3,natural,firm,20260810_133647,False
2280022,0.0156,0.0273,0.9087,2280.022,500000,0.0,-0.0038999999999999972,0.0,0.0038999999999999972,tap3,natural,firm,20260810_133647,False
2282523,0.0156,0.0312,0.9126,2282.523,500000,0.0,0.0,0.0039000000000000146,0.0039000000000000146,tap3,natural,firm,20260810_133647,False
2285020,0.0195,0.0273,0.9165,2285.02,500000,0.0039000000000000007,-0.0038999999999999972,0.007800000000000029,0.009553009996854418,tap3,natural,firm,20260810_133647,False
2287509,0.0195,0.0273,0.9165,2287.509,500000,0.0039000000000000007,-0.0038999999999999972,0.007800000000000029,0.009553009996854418,tap3,natural,firm,20260810_133647,False
2290015,0.0156,0.0273,0.9165,2290.015,500000,0.0,-0.0038999999999999972,0.007800000000000029,0.008720665112249205,tap3,natural,firm,20260810_133647,False
2292513,0.0156,0.0234,0.897,2292.513,500000,0.0,-0.007799999999999998,-0.011699999999999933,0.014061649974309502,tap3,natural,firm,20260810_133647,False
2295008,0.0156,0.0312,0.9087,2295.008,500000,0.0,0.0,0.0,0.0,tap3,natural,firm,20260810_133647,False
2297509,0.0156,0.0312,0.9204,2297.509,500000,0.0,0.0,0.011700000000000044,0.011700000000000044,tap3,natural,firm,20260810_133647,False
2300019,0.0117,0.0312,0.9126,2300.019,500000,-0.003899999999999999,0.0,0.0039000000000000146,0.00551543289325508,tap3,natural,firm,20260810_133647,False
2302517,0.0234,0.0273,0.9126,2302.517,500000,0.007800000000000001,-0.0038999999999999972,0.0039000000000000146,0.0095530099968544,tap3,natural,firm,20260810_133647,False
2305005,0.0078,0.0312,0.9048,2305.005,500000,-0.0078,0.0,-0.0038999999999999035,0.008720665112249136,tap3,natural,firm,20260810_133647,False
2307519,0.0078,0.0351,0.9204,2307.519,500000,-0.0078,0.0039000000000000007,0.011700000000000044,0.014592463808418407,tap3,natural,firm,20260810_133647,False
2310025,0.0195,0.039,0.9087,2310.025,500000,0.0039000000000000007,0.007800000000000001,0.0,0.008720665112249181,tap3,natural,firm,20260810_133647,False
2312506,0.0156,0.0312,0.9126,2312.506,500000,0.0,0.0,0.0039000000000000146,0.0039000000000000146,tap3,natural,firm,20260810_133647,False
2315008,0.0195,0.0312,0.9126,2315.008,500000,0.0039000000000000007,0.0,0.0039000000000000146,0.005515432893255082,tap3,natural,firm,20260810_133647,False
2317524,0.0195,0.0234,0.9087,2317.524,500000,0.0039000000000000007,-0.007799999999999998,0.0,0.00872066511224918,tap3,natural,firm,20260810_133647,False
2320000,0.0117,0.0312,0.9165,2320.0,500000,-0.003899999999999999,0.0,0.007800000000000029,0.008720665112249205,tap3,natural,firm,20260810_133647,False
2322528,0.0156,0.0312,0.9126,2322.528,500000,0.0,0.0,0.0039000000000000146,0.0039000000000000146,tap3,natural,firm,20260810_133647,False
2325015,0.0117,0.0351,0.9126,2325.015,500000,-0.003899999999999999,0.0039000000000000007,0.0039000000000000146,0.00675499814951863,tap3,natural,firm,20260810_133647,False
2327503,0.0156,0.0429,0.9087,2327.503,500000,0.0,0.011700000000000002,0.0,0.011700000000000002,tap3,natural,firm,20260810_133647,False
2330009,0.0117,0.0312,0.9087,2330.009,500000,-0.003899999999999999,0.0,0.0,0.003899999999999999,tap3,natural,firm,20260810_133647,False
2332511,0.0117,0.0273,0.9204,2332.511,500000,-0.003899999999999999,-0.0038999999999999972,0.011700000000000044,0.012934836682386097,tap3,natural,firm,20260810_133647,False
2335027,0.0156,0.0273,0.9165,2335.027,500000,0.0,-0.0038999999999999972,0.007800000000000029,0.008720665112249205,tap3,natural,firm,20260810_133647,False
2337507,0.0117,0.0273,0.9087,2337.507,500000,-0.003899999999999999,-0.0038999999999999972,0.0,0.005515432893255068,tap3,natural,firm,20260810_133647,False
2340013,0.0156,0.0273,0.9126,2340.013,500000,0.0,-0.0038999999999999972,0.0039000000000000146,0.005515432893255079,tap3,natural,firm,20260810_133647,False
2342517,0.0156,0.0312,0.9087,2342.517,500000,0.0,0.0,0.0,0.0,tap3,natural,firm,20260810_133647,False
2345005,0.0078,0.0312,0.9126,2345.005,500000,-0.0078,0.0,0.0039000000000000146,0.008720665112249186,tap3,natural,firm,20260810_133647,False
2347520,0.0117,0.0273,0.9087,2347.52,500000,-0.003899999999999999,-0.0038999999999999972,0.0,0.005515432893255068,tap3,natural,firm,20260810_133647,False
2350027,0.0156,0.0351,0.9165,2350.027,500000,0.0,0.0039000000000000007,0.007800000000000029,0.008720665112249207,tap3,natural,firm,20260810_133647,False
2352523,0.0117,0.0234,0.9126,2352.523,500000,-0.003899999999999999,-0.007799999999999998,0.0039000000000000146,0.009553009996854399,tap3,natural,firm,20260810_133647,False
2355025,0.0117,0.0312,0.9087,2355.025,500000,-0.003899999999999999,0.0,0.0,0.003899999999999999,tap3,natural,firm,20260810_133647,False
2357509,0.0078,0.0312,0.9087,2357.509,500000,-0.0078,0.0,0.0,0.0078,tap3,natural,firm,20260810_133647,False
2360013,0.0195,0.0273,0.9048,2360.013,500000,0.0039000000000000007,-0.0038999999999999972,-0.0038999999999999035,0.006754998149518564,tap3,natural,firm,20260810_133647,False
2362516,0.0117,0.0273,0.9087,2362.516,500000,-0.003899999999999999,-0.0038999999999999972,0.0,0.005515432893255068,tap3,natural,firm,20260810_133647,False
2365004,0.0195,0.0195,0.9048,2365.004,500000,0.0039000000000000007,-0.011699999999999999,-0.0038999999999999035,0.01293483668238603,tap3,natural,firm,20260810_133647,False
2367519,0.0117,0.0312,0.9126,2367.519,500000,-0.003899999999999999,0.0,0.0039000000000000146,0.00551543289325508,tap3,natural,firm,20260810_133647,False
2370023,0.0117,0.0312,0.9048,2370.023,500000,-0.003899999999999999,0.0,-0.0038999999999999035,0.005515432893255002,tap3,natural,firm,20260810_133647,False
2372520,0.0078,0.0312,0.9087,2372.52,500000,-0.0078,0.0,0.0,0.0078,tap3,natural,firm,20260810_133647,False
2375008,0.0117,0.0351,0.9087,2375.008,500000,-0.003899999999999999,0.0039000000000000007,0.0,0.00551543289325507,tap3,natural,firm,20260810_133647,False
2377520,0.0156,0.0234,0.9126,2377.52,500000,0.0,-0.007799999999999998,0.0039000000000000146,0.008720665112249185,tap3,natural,firm,20260810_133647,False
2380009,0.0156,0.0312,0.9087,2380.009,500000,0.0,0.0,0.0,0.0,tap3,natural,firm,20260810_133647,False
2382516,0.0078,0.039,0.9009,2382.516,500000,-0.0078,0.007800000000000001,-0.007799999999999918,0.013509996299037196,tap3,natural,firm,20260810_133647,False
2385015,0.0117,0.039,0.9048,2385.015,500000,-0.003899999999999999,0.007800000000000001,-0.0038999999999999035,0.009553009996854355,tap3,natural,firm,20260810_133647,False
2387526,0.0195,0.0312,0.9087,2387.526,500000,0.0039000000000000007,0.0,0.0,0.0039000000000000007,tap3,natural,firm,20260810_133647,False
2390003,0.0195,0.039,0.9048,2390.003,500000,0.0039000000000000007,0.007800000000000001,-0.0038999999999999035,0.009553009996854357,tap3,natural,firm,20260810_133647,False
2392507,0.0156,0.0273,0.9204,2392.507,500000,0.0,-0.0038999999999999972,0.011700000000000044,0.01233288287465672,tap3,natural,firm,20260810_133647,False
2395002,0.0156,0.0273,0.9204,2395.002,500000,0.0,-0.0038999999999999972,0.011700000000000044,0.01233288287465672,tap3,natural,firm,20260810_133647,False
2397520,0.0234,0.0273,0.9165,2397.52,500000,0.007800000000000001,-0.0038999999999999972,0.007800000000000029,0.01170000000000002,tap3,natural,firm,20260810_133647,False
2400020,0.0117,0.0351,0.9048,2400.02,500000,-0.003899999999999999,0.0039000000000000007,-0.0038999999999999035,0.006754998149518566,tap3,natural,firm,20260810_133647,False
2402524,0.0117,0.0195,0.9126,2402.524,500000,-0.003899999999999999,-0.011699999999999999,0.0039000000000000146,0.012934836682386062,tap3,natural,firm,20260810_133647,False
2405009,0.0156,0.0273,0.9009,2405.009,500000,0.0,-0.0038999999999999972,-0.007799999999999918,0.008720665112249105,tap3,natural,firm,20260810_133647,False
2407526,0.0156,0.039,0.9165,2407.526,500000,0.0,0.007800000000000001,0.007800000000000029,0.011030865786510163,tap3,natural,firm,20260810_133647,False
2410029,0.0156,0.0351,0.9126,2410.029,500000,0.0,0.0039000000000000007,0.0039000000000000146,0.005515432893255082,tap3,natural,firm,20260810_133647,False
2412526,0.0039,0.0351,0.9165,2412.526,500000,-0.011699999999999999,0.0039000000000000007,0.007800000000000029,0.014592463808418386,tap3,natural,firm,20260810_133647,False
2415019,0.0195,0.0351,0.9126,2415.019,500000,0.0039000000000000007,0.0039000000000000007,0.0039000000000000146,0.006754998149518631,tap3,natural,firm,20260810_133647,False
2417505,0.0195,0.0312,0.9282,2417.505,500000,0.0039000000000000007,0.0,0.019500000000000073,0.01988617610301193,tap3,natural,firm,20260810_133647,False
2420008,0.0078,0.0351,0.9165,2420.008,500000,-0.0078,0.0039000000000000007,0.007800000000000029,0.01170000000000002,tap3,natural,firm,20260810_133647,False
2422507,0.0234,0.0312,0.9048,2422.507,500000,0.007800000000000001,0.0,-0.0038999999999999035,0.008720665112249138,tap3,natural,firm,20260810_133647,False
2425023,0.0117,0.0351,0.9009,2425.023,500000,-0.003899999999999999,0.0039000000000000007,-0.007799999999999918,0.009553009996854328,tap3,natural,firm,20260810_133647,False
2427509,0.0117,0.0351,0.9165,2427.509,500000,-0.003899999999999999,0.0039000000000000007,0.007800000000000029,0.009553009996854418,tap3,natural,firm,20260810_133647,False
2430015,0.0195,0.039,0.9126,2430.015,500000,0.0039000000000000007,0.007800000000000001,0.0039000000000000146,0.009553009996854402,tap3,natural,firm,20260810_133647,False
2432515,0.0156,0.0312,0.9087,2432.515,500000,0.0,0.0,0.0,0.0,tap3,natural,firm,20260810_133647,False
2435006,0.0117,0.0312,0.9126,2435.006,500000,-0.003899999999999999,0.0,0.0039000000000000146,0.00551543289325508,tap3,natural,firm,20260810_133647,False
2437524,0.0078,0.039,0.9087,2437.524,500000,-0.0078,0.007800000000000001,0.0,0.011030865786510143,tap3,natural,firm,20260810_133647,False
2440003,0.0078,0.039,0.9204,2440.003,500000,-0.0078,0.007800000000000001,0.011700000000000044,0.01608011193990891,tap3,natural,firm,20260810_133647,False
2442522,0.0156,0.0312,0.9048,2442.522,500000,0.0,0.0,-0.0038999999999999035,0.0038999999999999035,tap3,natural,firm,20260810_133647,False
2445018,0.0078,0.039,0.9048,2445.018,500000,-0.0078,0.007800000000000001,-0.0038999999999999035,0.011699999999999969,tap3,natural,firm,20260810_133647,False
2447529,0.0156,0.0273,0.9087,2447.529,500000,0.0,-0.0038999999999999972,0.0,0.0038999999999999972,tap3,natural,firm,20260810_133647,False
2450015,0.0117,0.0312,0.9165,2450.015,500000,-0.003899999999999999,0.0,0.007800000000000029,0.008720665112249205,tap3,natural,firm,20260810_133647,False
2452517,0.0117,0.0273,0.9087,2452.517,500000,-0.003899999999999999,-0.0038999999999999972,0.0,0.005515432893255068,tap3,natural,firm,20260810_133647,False
2455004,0.0117,0.0312,0.9165,2455.004,500000,-0.003899999999999999,0.0,0.007800000000000029,0.008720665112249205,tap3,natural,firm,20260810_133647,False
2457517,0.0156,0.0351,0.9204,2457.517,500000,0.0,0.0039000000000000007,0.011700000000000044,0.012332882874656722,tap3,natural,firm,20260810_133647,False
2460022,0.0156,0.0273,0.9087,2460.022,500000,0.0,-0.0038999999999999972,0.0,0.0038999999999999972,tap3,natural,firm,20260810_133647,False
2462519,0.0117,0.0351,0.9087,2462.519,500000,-0.003899999999999999,0.0039000000000000007,0.0,0.00551543289325507,tap3,natural,firm,20260810_133647,False
2465009,0.0078,0.0312,0.9087,2465.009,500000,-0.0078,0.0,0.0,0.0078,tap3,natural,firm,20260810_133647,False
2467524,0.0117,0.0312,0.9048,2467.524,500000,-0.003899999999999999,0.0,-0.0038999999999999035,0.005515432893255002,tap3,natural,firm,20260810_133647,False
2470029,0.0117,0.0312,0.9087,2470.029,500000,-0.003899999999999999,0.0,0.0,0.003899999999999999,tap3,natural,firm,20260810_133647,False
2472501,0.0078,0.0273,0.9087,2472.501,500000,-0.0078,-0.0038999999999999972,0.0,0.00872066511224918,tap3,natural,firm,20260810_133647,False
2475020,0.0078,0.0351,0.9087,2475.02,500000,-0.0078,0.0039000000000000007,0.0,0.00872066511224918,tap3,natural,firm,20260810_133647,False
2477516,0.0156,0.0195,0.9048,2477.516,500000,0.0,-0.011699999999999999,-0.0038999999999999035,0.012332882874656647,tap3,natural,firm,20260810_133647,False
2480021,0.0078,0.0234,0.9087,2480.021,500000,-0.0078,-0.007799999999999998,0.0,0.011030865786510139,tap3,natural,firm,20260810_133647,False
2482525,0.0156,0.0273,0.9009,2482.525,500000,0.0,-0.0038999999999999972,-0.007799999999999918,0.008720665112249105,tap3,natural,firm,20260810_133647,False
2485025,0.0039,0.0351,0.9087,2485.025,500000,-0.011699999999999999,0.0039000000000000007,0.0,0.012332882874656679,tap3,natural,firm,20260810_133647,False
2487509,0.0156,0.0312,0.9126,2487.509,500000,0.0,0.0,0.0039000000000000146,0.0039000000000000146,tap3,natural,firm,20260810_133647,False
2490018,0.0078,0.0312,0.9087,2490.018,500000,-0.0078,0.0,0.0,0.0078,tap3,natural,firm,20260810_133647,False
2492516,0.0117,0.0351,0.9087,2492.516,500000,-0.003899999999999999,0.0039000000000000007,0.0,0.00551543289325507,tap3,natural,firm,20260810_133647,False
2495001,0.0156,0.0312,0.9009,2495.001,500000,0.0,0.0,-0.007799999999999918,0.007799999999999918,tap3,natural,firm,20260810_133647,False
2497518,0.0156,0.0312,0.9009,2497.518,500000,0.0,0.0,-0.007799999999999918,0.007799999999999918,tap3,natural,firm,20260810_133647,False
2500020,0.0156,0.0234,0.9126,2500.02,500000,0.0,-0.007799999999999998,0.0039000000000000146,0.008720665112249185,tap3,natural,firm,20260810_133647,False
2502513,0.0039,0.0351,0.9087,2502.513,500000,-0.011699999999999999,0.0039000000000000007,0.0,0.012332882874656679,tap3,natural,firm,20260810_133647,False
2505010,0.0039,0.0351,0.9087,2505.01,500000,-0.011699999999999999,0.0039000000000000007,0.0,0.012332882874656679,tap3,natural,firm,20260810_133647,False
2507510,0.0195,0.0234,0.897,2507.51,500000,0.0039000000000000007,-0.007799999999999998,-0.011699999999999933,0.014592463808418317,tap3,natural,firm,20260810_133647,False
2510017,0.0117,0.0312,0.9048,2510.017,500000,-0.003899999999999999,0.0,-0.0038999999999999035,0.005515432893255002,tap3,natural,firm,20260810_133647,False
2512517,0.0234,0.0312,0.9087,2512.517,500000,0.007800000000000001,0.0,0.0,0.007800000000000001,tap3,natural,firm,20260810_133647,False
2515011,0.0195,0.0273,0.9126,2515.011,500000,0.0039000000000000007,-0.0038999999999999972,0.0039000000000000146,0.006754998149518628,tap3,natural,firm,20260810_133647,False
2517525,0.0195,0.0234,0.9126,2517.525,500000,0.0039000000000000007,-0.007799999999999998,0.0039000000000000146,0.0095530099968544,tap3,natural,firm,20260810_133647,False
2520027,0.0117,0.0234,0.9204,2520.027,500000,-0.003899999999999999,-0.007799999999999998,0.011700000000000044,0.014592463808418405,tap3,natural,firm,20260810_133647,False
2522524,0.0195,0.0273,0.9087,2522.524,500000,0.0039000000000000007,-0.0038999999999999972,0.0,0.0055154328932550695,tap3,natural,firm,20260810_133647,False
2525012,0.0312,0.0273,0.9087,2525.012,500000,0.0156,-0.0038999999999999972,0.0,0.016080111939908874,tap3,natural,firm,20260810_133647,False
2527527,0.0156,0.0312,0.9048,2527.527,500000,0.0,0.0,-0.0038999999999999035,0.0038999999999999035,tap3,natural,firm,20260810_133647,False
2530003,0.0117,0.0312,0.9087,2530.003,500000,-0.003899999999999999,0.0,0.0,0.003899999999999999,tap3,natural,firm,20260810_133647,False
2532506,0.0117,0.0312,0.9087,2532.506,500000,-0.003899999999999999,0.0,0.0,0.003899999999999999,tap3,natural,firm,20260810_133647,False
2535026,0.0117,0.0312,0.9048,2535.026,500000,-0.003899999999999999,0.0,-0.0038999999999999035,0.005515432893255002,tap3,natural,firm,20260810_133647,False
2537509,0.0156,0.0312,0.9009,2537.509,500000,0.0,0.0,-0.007799999999999918,0.007799999999999918,tap3,natural,firm,20260810_133647,False
2540016,0.0117,0.0312,0.9048,2540.016,500000,-0.003899999999999999,0.0,-0.0038999999999999035,0.005515432893255002,tap3,natural,firm,20260810_133647,False
2542515,0.0117,0.0312,0.9048,2542.515,500000,-0.003899999999999999,0.0,-0.0038999999999999035,0.005515432893255002,tap3,natural,firm,20260810_133647,False
2545002,0.0195,0.0234,0.9126,2545.002,500000,0.0039000000000000007,-0.007799999999999998,0.0039000000000000146,0.0095530099968544,tap3,natural,firm,20260810_133647,False
2547511,0.0156,0.0312,0.9126,2547.511,500000,0.0,0.0,0.0039000000000000146,0.0039000000000000146,tap3,natural,firm,20260810_133647,False
2550016,0.0156,0.0273,0.9009,2550.016,500000,0.0,-0.0038999999999999972,-0.007799999999999918,0.008720665112249105,tap3,natural,firm,20260810_133647,False
2552513,0.0117,0.0234,0.9126,2552.513,500000,-0.003899999999999999,-0.007799999999999998,0.0039000000000000146,0.009553009996854399,tap3,natural,firm,20260810_133647,False
2555002,0.0156,0.0312,0.9087,2555.002,500000,0.0,0.0,0.0,0.0,tap3,natural,firm,20260810_133647,False
2557517,0.0078,0.0351,0.9048,2557.517,500000,-0.0078,0.0039000000000000007,-0.0038999999999999035,0.009553009996854355,tap3,natural,firm,20260810_133647,False
2560023,0.0117,0.0273,0.9048,2560.023,500000,-0.003899999999999999,-0.0038999999999999972,-0.0038999999999999035,0.006754998149518563,tap3,natural,firm,20260810_133647,False
2562525,0.0156,0.0351,0.9165,2562.525,500000,0.0,0.0039000000000000007,0.007800000000000029,0.008720665112249207,tap3,natural,firm,20260810_133647,False
2565015,0.0117,0.0351,0.9087,2565.015,500000,-0.003899999999999999,0.0039000000000000007,0.0,0.00551543289325507,tap3,natural,firm,20260810_133647,False
2567500,0.0117,0.0351,0.9048,2567.5,500000,-0.003899999999999999,0.0039000000000000007,-0.0038999999999999035,0.006754998149518566,tap3,natural,firm,20260810_133647,False
2570004,0.0078,0.0351,0.9087,2570.004,500000,-0.0078,0.0039000000000000007,0.0,0.00872066511224918,tap3,natural,firm,20260810_133647,False
2572508,0.0156,0.0312,0.9087,2572.508,500000,0.0,0.0,0.0,0.0,tap3,natural,firm,20260810_133647,False
2575018,0.0117,0.0351,0.9165,2575.018,500000,-0.003899999999999999,0.0039000000000000007,0.007800000000000029,0.009553009996854418,tap3,natural,firm,20260810_133647,False
2577521,0.0078,0.0273,0.9048,2577.521,500000,-0.0078,-0.0038999999999999972,-0.0038999999999999035,0.009553009996854354,tap3,natural,firm,20260810_133647,False
2580008,0.0156,0.039,0.9087,2580.008,500000,0.0,0.007800000000000001,0.0,0.007800000000000001,tap3,natural,firm,20260810_133647,False
2582512,0.0117,0.0351,0.9087,2582.512,500000,-0.003899999999999999,0.0039000000000000007,0.0,0.00551543289325507,tap3,natural,firm,20260810_133647,False
2585011,0.0156,0.0429,0.9048,2585.011,500000,0.0,0.011700000000000002,-0.0038999999999999035,0.01233288287465665,tap3,natural,firm,20260810_133647,False
2587528,0.0195,0.039,0.9087,2587.528,500000,0.0039000000000000007,0.007800000000000001,0.0,0.008720665112249181,tap3,natural,firm,20260810_133647,False
2590004,0.0156,0.0312,0.9009,2590.004,500000,0.0,0.0,-0.007799999999999918,0.007799999999999918,tap3,natural,firm,20260810_133647,False
2592503,0.0117,0.0312,0.9165,2592.503,500000,-0.003899999999999999,0.0,0.007800000000000029,0.008720665112249205,tap3,natural,firm,20260810_133647,False
2595022,0.0195,0.039,0.9126,2595.022,500000,0.0039000000000000007,0.007800000000000001,0.0039000000000000146,0.009553009996854402,tap3,natural,firm,20260810_133647,False
2597509,0.0234,0.039,0.9087,2597.509,500000,0.007800000000000001,0.007800000000000001,0.0,0.011030865786510143,tap3,natural,firm,20260810_133647,False
2600014,0.0078,0.0273,0.9048,2600.014,500000,-0.0078,-0.0038999999999999972,-0.0038999999999999035,0.009553009996854354,tap3,natural,firm,20260810_133647,False
2602510,0.0078,0.0234,0.9087,2602.51,500000,-0.0078,-0.007799999999999998,0.0,0.011030865786510139,tap3,natural,firm,20260810_133647,False
2605000,0.0078,0.0312,0.9087,2605.0,500000,-0.0078,0.0,0.0,0.0078,tap3,natural,firm,20260810_133647,False
2607513,0.0117,0.0312,0.9087,2607.513,500000,-0.003899999999999999,0.0,0.0,0.003899999999999999,tap3,natural,firm,20260810_133647,False
2610016,0.0117,0.0312,0.9087,2610.016,500000,-0.003899999999999999,0.0,0.0,0.003899999999999999,tap3,natural,firm,20260810_133647,False
2612517,0.0156,0.039,0.9048,2612.517,500000,0.0,0.007800000000000001,-0.0038999999999999035,0.008720665112249138,tap3,natural,firm,20260810_133647,False
2615012,0.0156,0.0312,0.9126,2615.012,500000,0.0,0.0,0.0039000000000000146,0.0039000000000000146,tap3,natural,firm,20260810_133647,False
2617501,0.0117,0.0273,0.9087,2617.501,500000,-0.003899999999999999,-0.0038999999999999972,0.0,0.005515432893255068,tap3,natural,firm,20260810_133647,False
2620002,0.0117,0.0273,0.9165,2620.002,500000,-0.003899999999999999,-0.0038999999999999972,0.007800000000000029,0.009553009996854416,tap3,natural,firm,20260810_133647,False
2622503,0.0156,0.0312,0.9048,2622.503,500000,0.0,0.0,-0.0038999999999999035,0.0038999999999999035,tap3,natural,firm,20260810_133647,False
2625019,0.0195,0.0351,0.9165,2625.019,500000,0.0039000000000000007,0.0039000000000000007,0.007800000000000029,0.00955300999685442,tap3,natural,firm,20260810_133647,False
2627508,0.0117,0.0312,0.9087,2627.508,500000,-0.003899999999999999,0.0,0.0,0.003899999999999999,tap3,natural,firm,20260810_133647,False
2630010,0.0195,0.0234,0.9165,2630.01,500000,0.0039000000000000007,-0.007799999999999998,0.007800000000000029,0.011700000000000018,tap3,natural,firm,20260810_133647,False
2632515,0.0156,0.0351,0.9087,2632.515,500000,0.0,0.0039000000000000007,0.0,0.0039000000000000007,tap3,natural,firm,20260810_133647,False
2635028,0.0234,0.0351,0.9087,2635.028,500000,0.007800000000000001,0.0039000000000000007,0.0,0.008720665112249181,tap3,natural,firm,20260810_133647,False
2637516,0.0195,0.0429,0.9087,2637.516,500000,0.0039000000000000007,0.011700000000000002,0.0,0.012332882874656682,tap3,natural,firm,20260810_133647,False
2640002,0.0156,0.0312,0.9165,2640.002,500000,0.0,0.0,0.007800000000000029,0.007800000000000029,tap3,natural,firm,20260810_133647,False
2642507,0.0195,0.0312,0.9126,2642.507,500000,0.0039000000000000007,0.0,0.0039000000000000146,0.005515432893255082,tap3,natural,firm,20260810_133647,False
2645000,0.0156,0.0312,0.9165,2645.0,500000,0.0,0.0,0.007800000000000029,0.007800000000000029,tap3,natural,firm,20260810_133647,False
2647519,0.0156,0.0312,0.9087,2647.519,500000,0.0,0.0,0.0,0.0,tap3,natural,firm,20260810_133647,False
2650019,0.0156,0.0273,0.9126,2650.019,500000,0.0,-0.0038999999999999972,0.0039000000000000146,0.005515432893255079,tap3,natural,firm,20260810_133647,False
2652515,0.0117,0.0234,0.9048,2652.515,500000,-0.003899999999999999,-0.007799999999999998,-0.0038999999999999035,0.009553009996854354,tap3,natural,firm,20260810_133647,False
2655001,0.0117,0.0273,0.9048,2655.001,500000,-0.003899999999999999,-0.0038999999999999972,-0.0038999999999999035,0.006754998149518563,tap3,natural,firm,20260810_133647,False
2657520,0.0156,0.0351,0.9087,2657.52,500000,0.0,0.0039000000000000007,0.0,0.0039000000000000007,tap3,natural,firm,20260810_133647,False
2660019,0.0117,0.039,0.9087,2660.019,500000,-0.003899999999999999,0.007800000000000001,0.0,0.00872066511224918,tap3,natural,firm,20260810_133647,False
2662516,0.0156,0.0273,0.9087,2662.516,500000,0.0,-0.0038999999999999972,0.0,0.0038999999999999972,tap3,natural,firm,20260810_133647,False
2665005,0.0078,0.0234,0.9126,2665.005,500000,-0.0078,-0.007799999999999998,0.0039000000000000146,0.011700000000000004,tap3,natural,firm,20260810_133647,False
2667523,0.0195,0.0273,0.9126,2667.523,500000,0.0039000000000000007,-0.0038999999999999972,0.0039000000000000146,0.006754998149518628,tap3,natural,firm,20260810_133647,False
2670020,0.0156,0.0312,0.9126,2670.02,500000,0.0,0.0,0.0039000000000000146,0.0039000000000000146,tap3,natural,firm,20260810_133647,False
2672520,0.0117,0.0273,0.9126,2672.52,500000,-0.003899999999999999,-0.0038999999999999972,0.0039000000000000146,0.006754998149518627,tap3,natural,firm,20260810_133647,False
2675002,0.0117,0.0273,0.9165,2675.002,500000,-0.003899999999999999,-0.0038999999999999972,0.007800000000000029,0.009553009996854416,tap3,natural,firm,20260810_133647,False
2677522,0.0234,0.0234,0.9165,2677.522,500000,0.007800000000000001,-0.007799999999999998,0.007800000000000029,0.01350999629903726,tap3,natural,firm,20260810_133647,False
2680010,0.0195,0.0273,0.9087,2680.01,500000,0.0039000000000000007,-0.0038999999999999972,0.0,0.0055154328932550695,tap3,natural,firm,20260810_133647,False
2682516,0.0156,0.0234,0.9048,2682.516,500000,0.0,-0.007799999999999998,-0.0038999999999999035,0.008720665112249134,tap3,natural,firm,20260810_133647,False
2685012,0.0039,0.0351,0.9165,2685.012,500000,-0.011699999999999999,0.0039000000000000007,0.007800000000000029,0.014592463808418386,tap3,natural,firm,20260810_133647,False
2687500,0.0156,0.0312,0.9087,2687.5,500000,0.0,0.0,0.0,0.0,tap3,natural,firm,20260810_133647,False
2690002,0.0117,0.0312,0.9087,2690.002,500000,-0.003899999999999999,0.0,0.0,0.003899999999999999,tap3,natural,firm,20260810_133647,False
2692507,0.0117,0.0312,0.9087,2692.507,500000,-0.003899999999999999,0.0,0.0,0.003899999999999999,tap3,natural,firm,20260810_133647,False
2695021,0.0156,0.0273,0.9087,2695.021,500000,0.0,-0.0038999999999999972,0.0,0.0038999999999999972,tap3,natural,firm,20260810_133647,False
2697509,0.0117,0.0351,0.9009,2697.509,500000,-0.003899999999999999,0.0039000000000000007,-0.007799999999999918,0.009553009996854328,tap3,natural,firm,20260810_133647,False
2700013,0.0117,0.0234,0.9048,2700.013,500000,-0.003899999999999999,-0.007799999999999998,-0.0038999999999999035,0.009553009996854354,tap3,natural,firm,20260810_133647,False
2702510,0.0078,0.0273,0.9087,2702.51,500000,-0.0078,-0.0038999999999999972,0.0,0.00872066511224918,tap3,natural,firm,20260810_133647,False
2705016,0.0156,0.0234,0.9048,2705.016,500000,0.0,-0.007799999999999998,-0.0038999999999999035,0.008720665112249134,tap3,natural,firm,20260810_133647,False
2707502,0.0078,0.0273,0.9087,2707.502,500000,-0.0078,-0.0038999999999999972,0.0,0.00872066511224918,tap3,natural,firm,20260810_133647,False
2710341,0.0117,0.0234,0.9087,2710.341,500000,-0.003899999999999999,-0.007799999999999998,0.0,0.008720665112249178,tap3,natural,firm,20260810_133647,False
2712505,0.0078,0.0273,0.9009,2712.505,500000,-0.0078,-0.0038999999999999972,-0.007799999999999918,0.011699999999999945,tap3,natural,firm,20260810_133647,False
2715023,0.0117,0.0312,0.9087,2715.023,500000,-0.003899999999999999,0.0,0.0,0.003899999999999999,tap3,natural,firm,20260810_133647,False
2717509,0.0117,0.0312,0.9087,2717.509,500000,-0.003899999999999999,0.0,0.0,0.003899999999999999,tap3,natural,firm,20260810_133647,False
2720016,0.0195,0.0351,0.897,2720.016,500000,0.0039000000000000007,0.0039000000000000007,-0.011699999999999933,0.012934836682385998,tap3,natural,firm,20260810_133647,False
2722518,0.0195,0.0195,0.9009,2722.518,500000,0.0039000000000000007,-0.011699999999999999,-0.007799999999999918,0.014592463808418327,tap3,natural,firm,20260810_133647,False
2725007,0.0234,0.0234,0.9048,2725.007,500000,0.007800000000000001,-0.007799999999999998,-0.0038999999999999035,0.011699999999999967,tap3,natural,firm,20260810_133647,False
2727523,0.0156,0.0234,0.9048,2727.523,500000,0.0,-0.007799999999999998,-0.0038999999999999035,0.008720665112249134,tap3,natural,firm,20260810_133647,False
2730027,0.0156,0.0273,0.9165,2730.027,500000,0.0,-0.0038999999999999972,0.007800000000000029,0.008720665112249205,tap3,natural,firm,20260810_133647,False
2732524,0.0195,0.0273,0.9048,2732.524,500000,0.0039000000000000007,-0.0038999999999999972,-0.0038999999999999035,0.006754998149518564,tap3,natural,firm,20260810_133647,False
2735013,0.0117,0.0507,0.9165,2735.013,500000,-0.003899999999999999,0.019500000000000003,0.007800000000000029,0.02136117974270149,tap3,natural,firm,20260810_133647,False
2737500,0.0195,0.0351,0.9243,2737.5,500000,0.0039000000000000007,0.0039000000000000007,0.015600000000000058,0.01654629867976527,tap3,natural,firm,20260810_133647,False
2740007,0.0117,0.0312,0.9048,2740.007,500000,-0.003899999999999999,0.0,-0.0038999999999999035,0.005515432893255002,tap3,natural,firm,20260810_133647,False
2742510,0.0195,0.0156,0.9087,2742.51,500000,0.0039000000000000007,-0.0156,0.0,0.016080111939908874,tap3,natural,firm,20260810_133647,False
2745029,0.0117,0.0429,0.9087,2745.029,500000,-0.003899999999999999,0.011700000000000002,0.0,0.01233288287465668,tap3,natural,firm,20260810_133647,False
2747515,0.0117,0.0351,0.9126,2747.515,500000,-0.003899999999999999,0.0039000000000000007,0.0039000000000000146,0.00675499814951863,tap3,natural,firm,20260810_133647,False
2750020,0.0156,0.0351,0.9126,2750.02,500000,0.0,0.0039000000000000007,0.0039000000000000146,0.005515432893255082,tap3,natural,firm,20260810_133647,False
2752520,0.0156,0.0312,0.9204,2752.52,500000,0.0,0.0,0.011700000000000044,0.011700000000000044,tap3,natural,firm,20260810_133647,False
2755008,0.0234,0.0273,0.9048,2755.008,500000,0.007800000000000001,-0.0038999999999999972,-0.0038999999999999035,0.009553009996854355,tap3,natural,firm,20260810_133647,False
2757524,0.0195,0.0351,0.9087,2757.524,500000,0.0039000000000000007,0.0039000000000000007,0.0,0.005515432893255071,tap3,natural,firm,20260810_133647,False
2760028,0.0195,0.0312,0.9009,2760.028,500000,0.0039000000000000007,0.0,-0.007799999999999918,0.008720665112249107,tap3,natural,firm,20260810_133647,False
2762524,0.0117,0.0312,0.9087,2762.524,500000,-0.003899999999999999,0.0,0.0,0.003899999999999999,tap3,natural,firm,20260810_133647,False
2765014,0.0078,0.0429,0.9165,2765.014,500000,-0.0078,0.011700000000000002,0.007800000000000029,0.01608011193990889,tap3,natural,firm,20260810_133647,False
2767501,0.0156,0.0312,0.9204,2767.501,500000,0.0,0.0,0.011700000000000044,0.011700000000000044,tap3,natural,firm,20260810_133647,False
2770021,0.0117,0.0351,0.9165,2770.021,500000,-0.003899999999999999,0.0039000000000000007,0.007800000000000029,0.009553009996854418,tap3,natural,firm,20260810_133647,False
2772501,0.0078,0.039,0.9087,2772.501,500000,-0.0078,0.007800000000000001,0.0,0.011030865786510143,tap3,natural,firm,20260810_133647,False
2775023,0.0156,0.0351,0.9087,2775.023,500000,0.0,0.0039000000000000007,0.0,0.0039000000000000007,tap3,natural,firm,20260810_133647,False
2777525,0.0117,0.039,0.9165,2777.525,500000,-0.003899999999999999,0.007800000000000001,0.007800000000000029,0.01170000000000002,tap3,natural,firm,20260810_133647,False
2780016,0.0234,0.0234,0.9009,2780.016,500000,0.007800000000000001,-0.007799999999999998,-0.007799999999999918,0.013509996299037196,tap3,natural,firm,20260810_133647,False
2782522,0.0117,0.039,0.9087,2782.522,500000,-0.003899999999999999,0.007800000000000001,0.0,0.00872066511224918,tap3,natural,firm,20260810_133647,False
2785019,0.0156,0.0351,0.9087,2785.019,500000,0.0,0.0039000000000000007,0.0,0.0039000000000000007,tap3,natural,firm,20260810_133647,False
2787507,0.0156,0.039,0.9087,2787.507,500000,0.0,0.007800000000000001,0.0,0.007800000000000001,tap3,natural,firm,20260810_133647,False
2790016,0.0195,0.0312,0.9048,2790.016,500000,0.0039000000000000007,0.0,-0.0038999999999999035,0.005515432893255003,tap3,natural,firm,20260810_133647,False
2792517,0.0078,0.0312,0.897,2792.517,500000,-0.0078,0.0,-0.011699999999999933,0.014061649974309502,tap3,natural,firm,20260810_133647,False
2795011,0.0117,0.0351,0.9126,2795.011,500000,-0.003899999999999999,0.0039000000000000007,0.0039000000000000146,0.00675499814951863,tap3,natural,firm,20260810_133647,False
2797500,0.0078,0.0351,0.9126,2797.5,500000,-0.0078,0.0039000000000000007,0.0039000000000000146,0.0095530099968544,tap3,natural,firm,20260810_133647,False
2800004,0.0117,0.0273,0.9126,2800.004,500000,-0.003899999999999999,-0.0038999999999999972,0.0039000000000000146,0.006754998149518627,tap3,natural,firm,20260810_133647,False
2802506,0.0,0.0312,0.9126,2802.506,500000,-0.0156,0.0,0.0039000000000000146,0.016080111939908878,tap3,natural,firm,20260810_133647,False
2805025,0.0156,0.0273,0.9009,2805.025,500000,0.0,-0.0038999999999999972,-0.007799999999999918,0.008720665112249105,tap3,natural,firm,20260810_133647,False
2807508,0.0156,0.0312,0.9126,2807.508,500000,0.0,0.0,0.0039000000000000146,0.0039000000000000146,tap3,natural,firm,20260810_133647,False
2810000,0.0078,0.0273,0.9048,2810.0,500000,-0.0078,-0.0038999999999999972,-0.0038999999999999035,0.009553009996854354,tap3,natural,firm,20260810_133647,False
2812526,0.0117,0.0234,0.9009,2812.526,500000,-0.003899999999999999,-0.007799999999999998,-0.007799999999999918,0.011699999999999943,tap3,natural,firm,20260810_133647,False
2815022,0.0078,0.0351,0.9126,2815.022,500000,-0.0078,0.0039000000000000007,0.0039000000000000146,0.0095530099968544,tap3,natural,firm,20260810_133647,False
2817522,0.0117,0.0351,0.9087,2817.522,500000,-0.003899999999999999,0.0039000000000000007,0.0,0.00551543289325507,tap3,natural,firm,20260810_133647,False
2820027,0.0117,0.0312,0.9087,2820.027,500000,-0.003899999999999999,0.0,0.0,0.003899999999999999,tap3,natural,firm,20260810_133647,False
2822528,0.0156,0.0351,0.9165,2822.528,500000,0.0,0.0039000000000000007,0.007800000000000029,0.008720665112249207,tap3,natural,firm,20260810_133647,False
2825013,0.0117,0.0312,0.9126,2825.013,500000,-0.003899999999999999,0.0,0.0039000000000000146,0.00551543289325508,tap3,natural,firm,20260810_133647,False
2827501,0.0117,0.0312,0.9126,2827.501,500000,-0.003899999999999999,0.0,0.0039000000000000146,0.00551543289325508,tap3,natural,firm,20260810_133647,False
2830005,0.0195,0.0312,0.9048,2830.005,500000,0.0039000000000000007,0.0,-0.0038999999999999035,0.005515432893255003,tap3,natural,firm,20260810_133647,False
2832508,0.0117,0.0351,0.9126,2832.508,500000,-0.003899999999999999,0.0039000000000000007,0.0039000000000000146,0.00675499814951863,tap3,natural,firm,20260810_133647,False
2835010,0.0156,0.039,0.9087,2835.01,500000,0.0,0.007800000000000001,0.0,0.007800000000000001,tap3,natural,firm,20260810_133647,False
2837500,0.0117,0.0351,0.9087,2837.5,500000,-0.003899999999999999,0.0039000000000000007,0.0,0.00551543289325507,tap3,natural,firm,20260810_133647,False
2840008,0.0078,0.0273,0.9204,2840.008,500000,-0.0078,-0.0038999999999999972,0.011700000000000044,0.014592463808418405,tap3,natural,firm,20260810_133647,False
2842507,0.0078,0.0312,0.9165,2842.507,500000,-0.0078,0.0,0.007800000000000029,0.011030865786510162,tap3,natural,firm,20260810_133647,False
2845027,0.0156,0.0273,0.9048,2845.027,500000,0.0,-0.0038999999999999972,-0.0038999999999999035,0.005515432893255,tap3,natural,firm,20260810_133647,False
2847509,0.0156,0.0273,0.9009,2847.509,500000,0.0,-0.0038999999999999972,-0.007799999999999918,0.008720665112249105,tap3,natural,firm,20260810_133647,False
2850013,0.0156,0.0351,0.9087,2850.013,500000,0.0,0.0039000000000000007,0.0,0.0039000000000000007,tap3,natural,firm,20260810_133647,False
2852509,0.0117,0.0273,0.9048,2852.509,500000,-0.003899999999999999,-0.0038999999999999972,-0.0038999999999999035,0.006754998149518563,tap3,natural,firm,20260810_133647,False
2855025,0.0117,0.0351,0.9087,2855.025,500000,-0.003899999999999999,0.0039000000000000007,0.0,0.00551543289325507,tap3,natural,firm,20260810_133647,False
2857512,0.0078,0.0351,0.9165,2857.512,500000,-0.0078,0.0039000000000000007,0.007800000000000029,0.01170000000000002,tap3,natural,firm,20260810_133647,False
2860017,0.0117,0.0273,0.9048,2860.017,500000,-0.003899999999999999,-0.0038999999999999972,-0.0038999999999999035,0.006754998149518563,tap3,natural,firm,20260810_133647,False
2862516,0.0117,0.0312,0.9165,2862.516,500000,-0.003899999999999999,0.0,0.007800000000000029,0.008720665112249205,tap3,natural,firm,20260810_133647,False
2865007,0.0039,0.0312,0.9243,2865.007,500000,-0.011699999999999999,0.0,0.015600000000000058,0.019500000000000045,tap3,natural,firm,20260810_133647,False
2867525,0.0117,0.0312,0.9048,2867.525,500000,-0.003899999999999999,0.0,-0.0038999999999999035,0.005515432893255002,tap3,natural,firm,20260810_133647,False
2870028,0.0078,0.0351,0.9165,2870.028,500000,-0.0078,0.0039000000000000007,0.007800000000000029,0.01170000000000002,tap3,natural,firm,20260810_133647,False
2872502,0.0234,0.0273,0.9087,2872.502,500000,0.007800000000000001,-0.0038999999999999972,0.0,0.00872066511224918,tap3,natural,firm,20260810_133647,False
2875020,0.0156,0.0351,0.9126,2875.02,500000,0.0,0.0039000000000000007,0.0039000000000000146,0.005515432893255082,tap3,natural,firm,20260810_133647,False
2877520,0.0156,0.0273,0.9087,2877.52,500000,0.0,-0.0038999999999999972,0.0,0.0038999999999999972,tap3,natural,firm,20260810_133647,False
2880027,0.0117,0.0351,0.9204,2880.027,500000,-0.003899999999999999,0.0039000000000000007,0.011700000000000044,0.012934836682386099,tap3,natural,firm,20260810_133647,False
2882528,0.0234,0.0273,0.9087,2882.528,500000,0.007800000000000001,-0.0038999999999999972,0.0,0.00872066511224918,tap3,natural,firm,20260810_133647,False
2885022,0.0117,0.039,0.9009,2885.022,500000,-0.003899999999999999,0.007800000000000001,-0.007799999999999918,0.011699999999999945,tap3,natural,firm,20260810_133647,False
2887510,0.0117,0.0351,0.9165,2887.51,500000,-0.003899999999999999,0.0039000000000000007,0.007800000000000029,0.009553009996854418,tap3,natural,firm,20260810_133647,False
2890019,0.0156,0.039,0.9087,2890.019,500000,0.0,0.007800000000000001,0.0,0.007800000000000001,tap3,natural,firm,20260810_133647,False
2892517,0.0117,0.0351,0.9048,2892.517,500000,-0.003899999999999999,0.0039000000000000007,-0.0038999999999999035,0.006754998149518566,tap3,natural,firm,20260810_133647,False
2895019,0.0078,0.0351,0.9126,2895.019,500000,-0.0078,0.0039000000000000007,0.0039000000000000146,0.0095530099968544,tap3,natural,firm,20260810_133647,False
2897507,0.0117,0.0312,0.9048,2897.507,500000,-0.003899999999999999,0.0,-0.0038999999999999035,0.005515432893255002,tap3,natural,firm,20260810_133647,False
2900011,0.0117,0.0312,0.9126,2900.011,500000,-0.003899999999999999,0.0,0.0039000000000000146,0.00551543289325508,tap3,natural,firm,20260810_133647,False
2902500,0.0156,0.0273,0.9126,2902.5,500000,0.0,-0.0038999999999999972,0.0039000000000000146,0.005515432893255079,tap3,natural,firm,20260810_133647,False
2905023,0.0507,0.0234,0.9204,2905.023,500000,0.035100000000000006,-0.007799999999999998,0.011700000000000044,0.03781190288784739,tap3,natural,firm,20260810_133647,False
2907509,0.0156,0.0273,0.9126,2907.509,500000,0.0,-0.0038999999999999972,0.0039000000000000146,0.005515432893255079,tap3,natural,firm,20260810_133647,False
2910014,0.0117,0.0234,0.9126,2910.014,500000,-0.003899999999999999,-0.007799999999999998,0.0039000000000000146,0.009553009996854399,tap3,natural,firm,20260810_133647,False
2912520,0.0078,0.0312,0.9009,2912.52,500000,-0.0078,0.0,-0.007799999999999918,0.011030865786510084,tap3,natural,firm,20260810_133647,False
2915002,0.0078,0.0312,0.9087,2915.002,500000,-0.0078,0.0,0.0,0.0078,tap3,natural,firm,20260810_133647,False
2917515,0.0117,0.0312,0.9126,2917.515,500000,-0.003899999999999999,0.0,0.0039000000000000146,0.00551543289325508,tap3,natural,firm,20260810_133647,False
2920018,0.0078,0.0312,0.9087,2920.018,500000,-0.0078,0.0,0.0,0.0078,tap3,natural,firm,20260810_133647,False
2922519,0.0117,0.0312,0.9087,2922.519,500000,-0.003899999999999999,0.0,0.0,0.003899999999999999,tap3,natural,firm,20260810_133647,False
2925006,0.0156,0.0312,0.9243,2925.006,500000,0.0,0.0,0.015600000000000058,0.015600000000000058,tap3,natural,firm,20260810_133647,False
2927519,0.0156,0.0273,0.9087,2927.519,500000,0.0,-0.0038999999999999972,0.0,0.0038999999999999972,tap3,natural,firm,20260810_133647,False
2930021,0.0078,0.0351,0.9087,2930.021,500000,-0.0078,0.0039000000000000007,0.0,0.00872066511224918,tap3,natural,firm,20260810_133647,False
2932517,0.0078,0.0351,0.9087,2932.517,500000,-0.0078,0.0039000000000000007,0.0,0.00872066511224918,tap3,natural,firm,20260810_133647,False
2935005,0.0078,0.0351,0.9048,2935.005,500000,-0.0078,0.0039000000000000007,-0.0038999999999999035,0.009553009996854355,tap3,natural,firm,20260810_133647,False
2937516,0.0117,0.0312,0.9087,2937.516,500000,-0.003899999999999999,0.0,0.0,0.003899999999999999,tap3,natural,firm,20260810_133647,False
2940023,0.0195,0.0273,0.9165,2940.023,500000,0.0039000000000000007,-0.0038999999999999972,0.007800000000000029,0.009553009996854418,tap3,natural,firm,20260810_133647,False
2942524,0.0234,0.0312,0.9087,2942.524,500000,0.007800000000000001,0.0,0.0,0.007800000000000001,tap3,natural,firm,20260810_133647,False
2945009,0.0195,0.0273,0.9048,2945.009,500000,0.0039000000000000007,-0.0038999999999999972,-0.0038999999999999035,0.006754998149518564,tap3,natural,firm,20260810_133647,False
2947520,0.0117,0.0351,0.9204,2947.52,500000,-0.003899999999999999,0.0039000000000000007,0.011700000000000044,0.012934836682386099,tap3,natural,firm,20260810_133647,False
2950026,0.0078,0.0351,0.9048,2950.026,500000,-0.0078,0.0039000000000000007,-0.0038999999999999035,0.009553009996854355,tap3,natural,firm,20260810_133647,False
2952521,0.0195,0.0312,0.9126,2952.521,500000,0.0039000000000000007,0.0,0.0039000000000000146,0.005515432893255082,tap3,natural,firm,20260810_133647,False
2955007,0.0078,0.0429,0.897,2955.007,500000,-0.0078,0.011700000000000002,-0.011699999999999933,0.018292621463311332,tap3,natural,firm,20260810_133647,False
2957519,0.0117,0.0273,0.9165,2957.519,500000,-0.003899999999999999,-0.0038999999999999972,0.007800000000000029,0.009553009996854416,tap3,natural,firm,20260810_133647,False
2960021,0.0156,0.0351,0.9087,2960.021,500000,0.0,0.0039000000000000007,0.0,0.0039000000000000007,tap3,natural,firm,20260810_133647,False
2962518,0.0078,0.0429,0.9009,2962.518,500000,-0.0078,0.011700000000000002,-0.007799999999999918,0.01608011193990884,tap3,natural,firm,20260810_133647,False
2965005,0.0117,0.0273,0.9009,2965.005,500000,-0.003899999999999999,-0.0038999999999999972,-0.007799999999999918,0.009553009996854326,tap3,natural,firm,20260810_133647,False
2967509,0.0117,0.0312,0.9204,2967.509,500000,-0.003899999999999999,0.0,0.011700000000000044,0.01233288287465672,tap3,natural,firm,20260810_133647,False
2970017,0.0234,0.0273,0.9165,2970.017,500000,0.007800000000000001,-0.0038999999999999972,0.007800000000000029,0.01170000000000002,tap3,natural,firm,20260810_133647,False
2972511,0.0156,0.0312,0.9048,2972.511,500000,0.0,0.0,-0.0038999999999999035,0.0038999999999999035,tap3,natural,firm,20260810_133647,False
2975000,0.0078,0.0273,0.9087,2975.0,500000,-0.0078,-0.0038999999999999972,0.0,0.00872066511224918,tap3,natural,firm,20260810_133647,False
2977525,0.0156,0.0273,0.9165,2977.525,500000,0.0,-0.0038999999999999972,0.007800000000000029,0.008720665112249205,tap3,natural,firm,20260810_133647,False
2980014,0.0117,0.0273,0.9087,2980.014,500000,-0.003899999999999999,-0.0038999999999999972,0.0,0.005515432893255068,tap3,natural,firm,20260810_133647,False
2982520,0.0156,0.0234,0.9126,2982.52,500000,0.0,-0.007799999999999998,0.0039000000000000146,0.008720665112249185,tap3,natural,firm,20260810_133647,False
2985020,0.0234,0.0273,0.9087,2985.02,500000,0.007800000000000001,-0.0038999999999999972,0.0,0.00872066511224918,tap3,natural,firm,20260810_133647,False
2987504,0.0117,0.0429,0.9165,2987.504,500000,-0.003899999999999999,0.011700000000000002,0.007800000000000029,0.014592463808418388,tap3,natural,firm,20260810_133647,False
2990012,0.0156,0.0273,0.9048,2990.012,500000,0.0,-0.0038999999999999972,-0.0038999999999999035,0.005515432893255,tap3,natural,firm,20260810_133647,False
2992510,0.0156,0.0273,0.9126,2992.51,500000,0.0,-0.0038999999999999972,0.0039000000000000146,0.005515432893255079,tap3,natural,firm,20260810_133647,False
2995000,0.0078,0.0273,0.9048,2995.0,500000,-0.0078,-0.0038999999999999972,-0.0038999999999999035,0.009553009996854354,tap3,natural,firm,20260810_133647,False
2997518,0.0156,0.0312,0.9165,2997.518,500000,0.0,0.0,0.007800000000000029,0.007800000000000029,tap3,natural,firm,20260810_133647,False
