time_us,x_g,y_g,z_g,time_ms,cue_time_us,x_delta_g,y_delta_g,z_delta_g,dynamic_magnitude_g,label,requested_pace,requested_force,session_id,operator_accepted
20836,0.0195,0.0195,0.9048,20.836,500000,0.0,-0.007800000000000001,-0.0038999999999999035,0.008720665112249138,tap3,slow,normal,20260810_133647,False
21285,0.0195,0.0195,0.9048,21.285,500000,0.0,-0.007800000000000001,-0.0038999999999999035,0.008720665112249138,tap3,slow,normal,20260810_133647,False
21692,0.0195,0.0195,0.9048,21.692,500000,0.0,-0.007800000000000001,-0.0038999999999999035,0.008720665112249138,tap3,slow,normal,20260810_133647,False
22086,0.0195,0.0195,0.9048,22.086,500000,0.0,-0.007800000000000001,-0.0038999999999999035,0.008720665112249138,tap3,slow,normal,20260810_133647,False
22482,0.0273,0.0312,0.9321,22.482,500000,0.007800000000000001,0.0038999999999999972,0.023400000000000087,0.024972184525988192,tap3,slow,normal,20260810_133647,False
22892,0.0273,0.0312,0.9321,22.892,500000,0.007800000000000001,0.0038999999999999972,0.023400000000000087,0.024972184525988192,tap3,slow,normal,20260810_133647,False
23293,0.0273,0.0312,0.9321,23.293,500000,0.007800000000000001,0.0038999999999999972,0.023400000000000087,0.024972184525988192,tap3,slow,normal,20260810_133647,False
23712,0.0273,0.0312,0.9321,23.712,500000,0.007800000000000001,0.0038999999999999972,0.023400000000000087,0.024972184525988192,tap3,slow,normal,20260810_133647,False
24114,0.0273,0.0312,0.9321,24.114,500000,0.007800000000000001,0.0038999999999999972,0.023400000000000087,0.024972184525988192,tap3,slow,normal,20260810_133647,False
24517,0.0273,0.0312,0.9321,24.517,500000,0.007800000000000001,0.0038999999999999972,0.023400000000000087,0.024972184525988192,tap3,slow,normal,20260810_133647,False
25019,0.0234,0.0312,0.9165,25.019,500000,0.0039000000000000007,0.0038999999999999972,0.007800000000000029,0.009553009996854418,tap3,slow,normal,20260810_133647,False
27524,0.0195,0.0273,0.9126,27.524,500000,0.0,0.0,0.0039000000000000146,0.0039000000000000146,tap3,slow,normal,20260810_133647,False
30015,0.0195,0.0273,0.9126,30.015,500000,0.0,0.0,0.0039000000000000146,0.0039000000000000146,tap3,slow,normal,20260810_133647,False
32527,0.0234,0.0156,0.9126,32.527,500000,0.0039000000000000007,-0.011700000000000002,0.0039000000000000146,0.012934836682386066,tap3,slow,normal,20260810_133647,False
35017,0.0234,0.0156,0.9126,35.017,500000,0.0039000000000000007,-0.011700000000000002,0.0039000000000000146,0.012934836682386066,tap3,slow,normal,20260810_133647,False
37519,0.0234,0.0156,0.9165,37.519,500000,0.0039000000000000007,-0.011700000000000002,0.007800000000000029,0.01459246380841839,tap3,slow,normal,20260810_133647,False
40005,0.0273,0.0234,0.9009,40.005,500000,0.007800000000000001,-0.0039000000000000007,-0.007799999999999918,0.011699999999999947,tap3,slow,normal,20260810_133647,False
42511,0.0195,0.0273,0.9087,42.511,500000,0.0,0.0,0.0,0.0,tap3,slow,normal,20260810_133647,False
45021,0.0273,0.0234,0.9204,45.021,500000,0.007800000000000001,-0.0039000000000000007,0.011700000000000044,0.014592463808418409,tap3,slow,normal,20260810_133647,False
47517,0.0195,0.0195,0.9204,47.517,500000,0.0,-0.007800000000000001,0.011700000000000044,0.014061649974309596,tap3,slow,normal,20260810_133647,False
50002,0.0156,0.0273,0.897,50.002,500000,-0.0039000000000000007,0.0,-0.011699999999999933,0.012332882874656616,tap3,slow,normal,20260810_133647,False
52505,0.0195,0.0312,0.9087,52.505,500000,0.0,0.0038999999999999972,0.0,0.0038999999999999972,tap3,slow,normal,20260810_133647,False
55014,0.0117,0.0273,0.9165,55.014,500000,-0.0078,0.0,0.007800000000000029,0.011030865786510162,tap3,slow,normal,20260810_133647,False
57515,0.0234,0.0273,0.9126,57.515,500000,0.0039000000000000007,0.0,0.0039000000000000146,0.005515432893255082,tap3,slow,normal,20260810_133647,False
60006,0.0156,0.0312,0.9048,60.006,500000,-0.0039000000000000007,0.0038999999999999972,-0.0038999999999999035,0.006754998149518564,tap3,slow,normal,20260810_133647,False
62516,0.0156,0.0234,0.897,62.516,500000,-0.0039000000000000007,-0.0039000000000000007,-0.011699999999999933,0.012934836682385998,tap3,slow,normal,20260810_133647,False
65024,0.0117,0.0273,0.9165,65.024,500000,-0.0078,0.0,0.007800000000000029,0.011030865786510162,tap3,slow,normal,20260810_133647,False
67524,0.0117,0.0351,0.9048,67.524,500000,-0.0078,0.007799999999999998,-0.0038999999999999035,0.011699999999999966,tap3,slow,normal,20260810_133647,False
70013,0.0195,0.0312,0.9126,70.013,500000,0.0,0.0038999999999999972,0.0039000000000000146,0.005515432893255079,tap3,slow,normal,20260810_133647,False
72524,0.0156,0.0273,0.9009,72.524,500000,-0.0039000000000000007,0.0,-0.007799999999999918,0.008720665112249107,tap3,slow,normal,20260810_133647,False
75002,0.0195,0.0273,0.9087,75.002,500000,0.0,0.0,0.0,0.0,tap3,slow,normal,20260810_133647,False
77501,0.0117,0.0273,0.9087,77.501,500000,-0.0078,0.0,0.0,0.0078,tap3,slow,normal,20260810_133647,False
80005,0.0156,0.0273,0.9009,80.005,500000,-0.0039000000000000007,0.0,-0.007799999999999918,0.008720665112249107,tap3,slow,normal,20260810_133647,False
82514,0.0195,0.0351,0.9087,82.514,500000,0.0,0.007799999999999998,0.0,0.007799999999999998,tap3,slow,normal,20260810_133647,False
85027,0.0195,0.0234,0.9087,85.027,500000,0.0,-0.0039000000000000007,0.0,0.0039000000000000007,tap3,slow,normal,20260810_133647,False
87529,0.0234,0.0312,0.9126,87.529,500000,0.0039000000000000007,0.0038999999999999972,0.0039000000000000146,0.006754998149518628,tap3,slow,normal,20260810_133647,False
90004,0.0156,0.0273,0.9087,90.004,500000,-0.0039000000000000007,0.0,0.0,0.0039000000000000007,tap3,slow,normal,20260810_133647,False
92505,0.0156,0.0312,0.9087,92.505,500000,-0.0039000000000000007,0.0038999999999999972,0.0,0.0055154328932550695,tap3,slow,normal,20260810_133647,False
95010,0.0117,0.0273,0.9165,95.01,500000,-0.0078,0.0,0.007800000000000029,0.011030865786510162,tap3,slow,normal,20260810_133647,False
97525,0.0195,0.0234,0.9087,97.525,500000,0.0,-0.0039000000000000007,0.0,0.0039000000000000007,tap3,slow,normal,20260810_133647,False
100013,0.0156,0.0273,0.9087,100.013,500000,-0.0039000000000000007,0.0,0.0,0.0039000000000000007,tap3,slow,normal,20260810_133647,False
102527,0.0273,0.0195,0.9126,102.527,500000,0.007800000000000001,-0.007800000000000001,0.0039000000000000146,0.011700000000000007,tap3,slow,normal,20260810_133647,False
105019,0.0234,0.0234,0.9126,105.019,500000,0.0039000000000000007,-0.0039000000000000007,0.0039000000000000146,0.006754998149518631,tap3,slow,normal,20260810_133647,False
107521,0.0195,0.0234,0.9165,107.521,500000,0.0,-0.0039000000000000007,0.007800000000000029,0.008720665112249207,tap3,slow,normal,20260810_133647,False
110020,0.0156,0.0273,0.9009,110.02,500000,-0.0039000000000000007,0.0,-0.007799999999999918,0.008720665112249107,tap3,slow,normal,20260810_133647,False
112523,0.0195,0.0234,0.9087,112.523,500000,0.0,-0.0039000000000000007,0.0,0.0039000000000000007,tap3,slow,normal,20260810_133647,False
115029,0.0156,0.0273,0.9048,115.029,500000,-0.0039000000000000007,0.0,-0.0038999999999999035,0.005515432893255003,tap3,slow,normal,20260810_133647,False
117525,0.0195,0.0312,0.9126,117.525,500000,0.0,0.0038999999999999972,0.0039000000000000146,0.005515432893255079,tap3,slow,normal,20260810_133647,False
120008,0.0195,0.0273,0.9087,120.008,500000,0.0,0.0,0.0,0.0,tap3,slow,normal,20260810_133647,False
122515,0.0195,0.0312,0.9048,122.515,500000,0.0,0.0038999999999999972,-0.0038999999999999035,0.005515432893255,tap3,slow,normal,20260810_133647,False
125017,0.0156,0.0351,0.9048,125.017,500000,-0.0039000000000000007,0.007799999999999998,-0.0038999999999999035,0.009553009996854354,tap3,slow,normal,20260810_133647,False
127520,0.0156,0.0234,0.9048,127.52,500000,-0.0039000000000000007,-0.0039000000000000007,-0.0038999999999999035,0.006754998149518567,tap3,slow,normal,20260810_133647,False
130017,0.0156,0.0234,0.9048,130.017,500000,-0.0039000000000000007,-0.0039000000000000007,-0.0038999999999999035,0.006754998149518567,tap3,slow,normal,20260810_133647,False
132526,0.0156,0.0273,0.9087,132.526,500000,-0.0039000000000000007,0.0,0.0,0.0039000000000000007,tap3,slow,normal,20260810_133647,False
135027,0.0156,0.0273,0.9087,135.027,500000,-0.0039000000000000007,0.0,0.0,0.0039000000000000007,tap3,slow,normal,20260810_133647,False
137508,0.0234,0.0273,0.9087,137.508,500000,0.0039000000000000007,0.0,0.0,0.0039000000000000007,tap3,slow,normal,20260810_133647,False
140005,0.0117,0.0234,0.9048,140.005,500000,-0.0078,-0.0039000000000000007,-0.0038999999999999035,0.009553009996854355,tap3,slow,normal,20260810_133647,False
142513,0.0195,0.0312,0.9165,142.513,500000,0.0,0.0038999999999999972,0.007800000000000029,0.008720665112249205,tap3,slow,normal,20260810_133647,False
145020,0.0195,0.0273,0.9087,145.02,500000,0.0,0.0,0.0,0.0,tap3,slow,normal,20260810_133647,False
147520,0.0156,0.0273,0.9048,147.52,500000,-0.0039000000000000007,0.0,-0.0038999999999999035,0.005515432893255003,tap3,slow,normal,20260810_133647,False
150007,0.0195,0.0234,0.9204,150.007,500000,0.0,-0.0039000000000000007,0.011700000000000044,0.012332882874656722,tap3,slow,normal,20260810_133647,False
152517,0.0351,0.0273,0.9126,152.517,500000,0.0156,0.0,0.0039000000000000146,0.016080111939908878,tap3,slow,normal,20260810_133647,False
155022,0.0312,0.0273,0.9126,155.022,500000,0.011699999999999999,0.0,0.0039000000000000146,0.012332882874656684,tap3,slow,normal,20260810_133647,False
157518,0.0351,0.0273,0.9126,157.518,500000,0.0156,0.0,0.0039000000000000146,0.016080111939908878,tap3,slow,normal,20260810_133647,False
160005,0.0234,0.0234,0.9087,160.005,500000,0.0039000000000000007,-0.0039000000000000007,0.0,0.005515432893255071,tap3,slow,normal,20260810_133647,False
162519,0.0234,0.0273,0.9048,162.519,500000,0.0039000000000000007,0.0,-0.0038999999999999035,0.005515432893255003,tap3,slow,normal,20260810_133647,False
165002,0.0156,0.0273,0.9048,165.002,500000,-0.0039000000000000007,0.0,-0.0038999999999999035,0.005515432893255003,tap3,slow,normal,20260810_133647,False
167506,0.0117,0.0234,0.9048,167.506,500000,-0.0078,-0.0039000000000000007,-0.0038999999999999035,0.009553009996854355,tap3,slow,normal,20260810_133647,False
170018,0.0195,0.0351,0.9243,170.018,500000,0.0,0.007799999999999998,0.015600000000000058,0.01744133022449841,tap3,slow,normal,20260810_133647,False
172528,0.0195,0.0312,0.9087,172.528,500000,0.0,0.0038999999999999972,0.0,0.0038999999999999972,tap3,slow,normal,20260810_133647,False
175001,0.0156,0.0273,0.9048,175.001,500000,-0.0039000000000000007,0.0,-0.0038999999999999035,0.005515432893255003,tap3,slow,normal,20260810_133647,False
177529,0.0117,0.0351,0.9048,177.529,500000,-0.0078,0.007799999999999998,-0.0038999999999999035,0.011699999999999966,tap3,slow,normal,20260810_133647,False
180027,0.0195,0.0273,0.9165,180.027,500000,0.0,0.0,0.007800000000000029,0.007800000000000029,tap3,slow,normal,20260810_133647,False
182504,0.0156,0.0312,0.9126,182.504,500000,-0.0039000000000000007,0.0038999999999999972,0.0039000000000000146,0.006754998149518628,tap3,slow,normal,20260810_133647,False
185013,0.0195,0.0273,0.9048,185.013,500000,0.0,0.0,-0.0038999999999999035,0.0038999999999999035,tap3,slow,normal,20260810_133647,False
187515,0.0195,0.0351,0.9048,187.515,500000,0.0,0.007799999999999998,-0.0038999999999999035,0.008720665112249134,tap3,slow,normal,20260810_133647,False
190009,0.0117,0.0273,0.9126,190.009,500000,-0.0078,0.0,0.0039000000000000146,0.008720665112249186,tap3,slow,normal,20260810_133647,False
192520,0.0195,0.0273,0.9009,192.52,500000,0.0,0.0,-0.007799999999999918,0.007799999999999918,tap3,slow,normal,20260810_133647,False
195028,0.0156,0.0234,0.9126,195.028,500000,-0.0039000000000000007,-0.0039000000000000007,0.0039000000000000146,0.006754998149518631,tap3,slow,normal,20260810_133647,False
197526,0.0195,0.0273,0.9087,197.526,500000,0.0,0.0,0.0,0.0,tap3,slow,normal,20260810_133647,False
200008,0.0156,0.0234,0.9087,200.008,500000,-0.0039000000000000007,-0.0039000000000000007,0.0,0.005515432893255071,tap3,slow,normal,20260810_133647,False
202515,0.0156,0.0273,0.897,202.515,500000,-0.0039000000000000007,0.0,-0.011699999999999933,0.012332882874656616,tap3,slow,normal,20260810_133647,False
205026,0.0195,0.0234,0.9126,205.026,500000,0.0,-0.0039000000000000007,0.0039000000000000146,0.005515432893255082,tap3,slow,normal,20260810_133647,False
207529,0.0195,0.0273,0.9048,207.529,500000,0.0,0.0,-0.0038999999999999035,0.0038999999999999035,tap3,slow,normal,20260810_133647,False
210005,0.0195,0.0234,0.9087,210.005,500000,0.0,-0.0039000000000000007,0.0,0.0039000000000000007,tap3,slow,normal,20260810_133647,False
212510,0.0273,0.0312,0.9087,212.51,500000,0.007800000000000001,0.0038999999999999972,0.0,0.00872066511224918,tap3,slow,normal,20260810_133647,False
215017,0.0195,0.0273,0.9087,215.017,500000,0.0,0.0,0.0,0.0,tap3,slow,normal,20260810_133647,False
217517,0.0195,0.0312,0.9048,217.517,500000,0.0,0.0038999999999999972,-0.0038999999999999035,0.005515432893255,tap3,slow,normal,20260810_133647,False
220005,0.0273,0.0234,0.9165,220.005,500000,0.007800000000000001,-0.0039000000000000007,0.007800000000000029,0.011700000000000021,tap3,slow,normal,20260810_133647,False
222509,0.0195,0.0312,0.9087,222.509,500000,0.0,0.0038999999999999972,0.0,0.0038999999999999972,tap3,slow,normal,20260810_133647,False
225012,0.0234,0.0195,0.9087,225.012,500000,0.0039000000000000007,-0.007800000000000001,0.0,0.008720665112249181,tap3,slow,normal,20260810_133647,False
227520,0.0156,0.0312,0.9048,227.52,500000,-0.0039000000000000007,0.0038999999999999972,-0.0038999999999999035,0.006754998149518564,tap3,slow,normal,20260810_133647,False
230015,0.0156,0.0312,0.9087,230.015,500000,-0.0039000000000000007,0.0038999999999999972,0.0,0.0055154328932550695,tap3,slow,normal,20260810_133647,False
232523,0.0156,0.0273,0.9087,232.523,500000,-0.0039000000000000007,0.0,0.0,0.0039000000000000007,tap3,slow,normal,20260810_133647,False
235027,0.0156,0.0234,0.9165,235.027,500000,-0.0039000000000000007,-0.0039000000000000007,0.007800000000000029,0.00955300999685442,tap3,slow,normal,20260810_133647,False
237504,0.0195,0.0234,0.9126,237.504,500000,0.0,-0.0039000000000000007,0.0039000000000000146,0.005515432893255082,tap3,slow,normal,20260810_133647,False
240009,0.0195,0.0234,0.9126,240.009,500000,0.0,-0.0039000000000000007,0.0039000000000000146,0.005515432893255082,tap3,slow,normal,20260810_133647,False
242520,0.0117,0.0312,0.9048,242.52,500000,-0.0078,0.0038999999999999972,-0.0038999999999999035,0.009553009996854354,tap3,slow,normal,20260810_133647,False
245028,0.0234,0.0273,0.9126,245.028,500000,0.0039000000000000007,0.0,0.0039000000000000146,0.005515432893255082,tap3,slow,normal,20260810_133647,False
247500,0.0195,0.0273,0.9165,247.5,500000,0.0,0.0,0.007800000000000029,0.007800000000000029,tap3,slow,normal,20260810_133647,False
250009,0.0234,0.0312,0.9204,250.009,500000,0.0039000000000000007,0.0038999999999999972,0.011700000000000044,0.012934836682386099,tap3,slow,normal,20260810_133647,False
252517,0.0156,0.0273,0.9126,252.517,500000,-0.0039000000000000007,0.0,0.0039000000000000146,0.005515432893255082,tap3,slow,normal,20260810_133647,False
255018,0.0195,0.0312,0.9165,255.018,500000,0.0,0.0038999999999999972,0.007800000000000029,0.008720665112249205,tap3,slow,normal,20260810_133647,False
257516,0.0234,0.0234,0.9126,257.516,500000,0.0039000000000000007,-0.0039000000000000007,0.0039000000000000146,0.006754998149518631,tap3,slow,normal,20260810_133647,False
260004,0.0195,0.0234,0.9165,260.004,500000,0.0,-0.0039000000000000007,0.007800000000000029,0.008720665112249207,tap3,slow,normal,20260810_133647,False
262508,0.0273,0.0195,0.9087,262.508,500000,0.007800000000000001,-0.007800000000000001,0.0,0.011030865786510143,tap3,slow,normal,20260810_133647,False
265015,0.0156,0.0312,0.9126,265.015,500000,-0.0039000000000000007,0.0038999999999999972,0.0039000000000000146,0.006754998149518628,tap3,slow,normal,20260810_133647,False
267513,0.0195,0.0351,0.9165,267.513,500000,0.0,0.007799999999999998,0.007800000000000029,0.01103086578651016,tap3,slow,normal,20260810_133647,False
270022,0.0117,0.0273,0.9048,270.022,500000,-0.0078,0.0,-0.0038999999999999035,0.008720665112249136,tap3,slow,normal,20260810_133647,False
272505,0.0195,0.0273,0.9087,272.505,500000,0.0,0.0,0.0,0.0,tap3,slow,normal,20260810_133647,False
275012,0.0195,0.0351,0.9165,275.012,500000,0.0,0.007799999999999998,0.007800000000000029,0.01103086578651016,tap3,slow,normal,20260810_133647,False
277512,0.0234,0.0273,0.9009,277.512,500000,0.0039000000000000007,0.0,-0.007799999999999918,0.008720665112249107,tap3,slow,normal,20260810_133647,False
280004,0.0117,0.0273,0.9087,280.004,500000,-0.0078,0.0,0.0,0.0078,tap3,slow,normal,20260810_133647,False
282514,0.0156,0.0234,0.9087,282.514,500000,-0.0039000000000000007,-0.0039000000000000007,0.0,0.005515432893255071,tap3,slow,normal,20260810_133647,False
285017,0.0156,0.0312,0.9087,285.017,500000,-0.0039000000000000007,0.0038999999999999972,0.0,0.0055154328932550695,tap3,slow,normal,20260810_133647,False
287520,0.0156,0.0273,0.9126,287.52,500000,-0.0039000000000000007,0.0,0.0039000000000000146,0.005515432893255082,tap3,slow,normal,20260810_133647,False
290013,0.0234,0.0273,0.9126,290.013,500000,0.0039000000000000007,0.0,0.0039000000000000146,0.005515432893255082,tap3,slow,normal,20260810_133647,False
292508,0.0156,0.0312,0.9048,292.508,500000,-0.0039000000000000007,0.0038999999999999972,-0.0038999999999999035,0.006754998149518564,tap3,slow,normal,20260810_133647,False
295020,0.0195,0.0273,0.9087,295.02,500000,0.0,0.0,0.0,0.0,tap3,slow,normal,20260810_133647,False
297517,0.0195,0.0234,0.9165,297.517,500000,0.0,-0.0039000000000000007,0.007800000000000029,0.008720665112249207,tap3,slow,normal,20260810_133647,False
300014,0.0234,0.0195,0.9009,300.014,500000,0.0039000000000000007,-0.007800000000000001,-0.007799999999999918,0.011699999999999947,tap3,slow,normal,20260810_133647,False
302519,0.0195,0.0195,0.9087,302.519,500000,0.0,-0.007800000000000001,0.0,0.007800000000000001,tap3,slow,normal,20260810_133647,False
305005,0.0234,0.0312,0.9126,305.005,500000,0.0039000000000000007,0.0038999999999999972,0.0039000000000000146,0.006754998149518628,tap3,slow,normal,20260810_133647,False
307506,0.0195,0.0351,0.9048,307.506,500000,0.0,0.007799999999999998,-0.0038999999999999035,0.008720665112249134,tap3,slow,normal,20260810_133647,False
310012,0.0195,0.0234,0.8931,310.012,500000,0.0,-0.0039000000000000007,-0.015599999999999947,0.016080111939908825,tap3,slow,normal,20260810_133647,False
312515,0.0273,0.0234,0.9048,312.515,500000,0.007800000000000001,-0.0039000000000000007,-0.0038999999999999035,0.009553009996854357,tap3,slow,normal,20260810_133647,False
315020,0.0195,0.0195,0.9165,315.02,500000,0.0,-0.007800000000000001,0.007800000000000029,0.011030865786510163,tap3,slow,normal,20260810_133647,False
317522,0.0195,0.0234,0.9048,317.522,500000,0.0,-0.0039000000000000007,-0.0038999999999999035,0.005515432893255003,tap3,slow,normal,20260810_133647,False
320008,0.0078,0.0312,0.9048,320.008,500000,-0.0117,0.0038999999999999972,-0.0038999999999999035,0.01293483668238603,tap3,slow,normal,20260810_133647,False
322515,0.0273,0.0273,0.9165,322.515,500000,0.007800000000000001,0.0,0.007800000000000029,0.011030865786510163,tap3,slow,normal,20260810_133647,False
325022,0.0195,0.0234,0.9165,325.022,500000,0.0,-0.0039000000000000007,0.007800000000000029,0.008720665112249207,tap3,slow,normal,20260810_133647,False
327523,0.0195,0.0234,0.9048,327.523,500000,0.0,-0.0039000000000000007,-0.0038999999999999035,0.005515432893255003,tap3,slow,normal,20260810_133647,False
330016,0.0234,0.0312,0.9087,330.016,500000,0.0039000000000000007,0.0038999999999999972,0.0,0.0055154328932550695,tap3,slow,normal,20260810_133647,False
332519,0.0234,0.0273,0.9087,332.519,500000,0.0039000000000000007,0.0,0.0,0.0039000000000000007,tap3,slow,normal,20260810_133647,False
335022,0.0156,0.0234,0.9126,335.022,500000,-0.0039000000000000007,-0.0039000000000000007,0.0039000000000000146,0.006754998149518631,tap3,slow,normal,20260810_133647,False
337503,0.0156,0.0312,0.9048,337.503,500000,-0.0039000000000000007,0.0038999999999999972,-0.0038999999999999035,0.006754998149518564,tap3,slow,normal,20260810_133647,False
340007,0.0195,0.0312,0.9126,340.007,500000,0.0,0.0038999999999999972,0.0039000000000000146,0.005515432893255079,tap3,slow,normal,20260810_133647,False
342518,0.0195,0.0273,0.9126,342.518,500000,0.0,0.0,0.0039000000000000146,0.0039000000000000146,tap3,slow,normal,20260810_133647,False
345026,0.0195,0.0273,0.9126,345.026,500000,0.0,0.0,0.0039000000000000146,0.0039000000000000146,tap3,slow,normal,20260810_133647,False
347525,0.0195,0.0234,0.9087,347.525,500000,0.0,-0.0039000000000000007,0.0,0.0039000000000000007,tap3,slow,normal,20260810_133647,False
350011,0.0156,0.0234,0.9165,350.011,500000,-0.0039000000000000007,-0.0039000000000000007,0.007800000000000029,0.00955300999685442,tap3,slow,normal,20260810_133647,False
352513,0.0234,0.0429,0.9087,352.513,500000,0.0039000000000000007,0.0156,0.0,0.016080111939908874,tap3,slow,normal,20260810_133647,False
355016,0.0195,0.0351,0.9087,355.016,500000,0.0,0.007799999999999998,0.0,0.007799999999999998,tap3,slow,normal,20260810_133647,False
357527,0.0234,0.0195,0.9048,357.527,500000,0.0039000000000000007,-0.007800000000000001,-0.0038999999999999035,0.009553009996854357,tap3,slow,normal,20260810_133647,False
360009,0.0312,0.0234,0.9087,360.009,500000,0.011699999999999999,-0.0039000000000000007,0.0,0.012332882874656679,tap3,slow,normal,20260810_133647,False
362515,0.0195,0.0273,0.897,362.515,500000,0.0,0.0,-0.011699999999999933,0.011699999999999933,tap3,slow,normal,20260810_133647,False
365024,0.0234,0.0312,0.9087,365.024,500000,0.0039000000000000007,0.0038999999999999972,0.0,0.0055154328932550695,tap3,slow,normal,20260810_133647,False
367522,0.0156,0.039,0.9048,367.522,500000,-0.0039000000000000007,0.011699999999999999,-0.0038999999999999035,0.01293483668238603,tap3,slow,normal,20260810_133647,False
370351,0.0117,0.039,0.9087,370.351,500000,-0.0078,0.011699999999999999,0.0,0.014061649974309557,tap3,slow,normal,20260810_133647,False
372655,0.0156,0.0195,0.9165,372.655,500000,-0.0039000000000000007,-0.007800000000000001,0.007800000000000029,0.011700000000000021,tap3,slow,normal,20260810_133647,False
375023,0.0156,0.0234,0.9204,375.023,500000,-0.0039000000000000007,-0.0039000000000000007,0.011700000000000044,0.012934836682386099,tap3,slow,normal,20260810_133647,False
377520,0.0234,0.0234,0.9204,377.52,500000,0.0039000000000000007,-0.0039000000000000007,0.011700000000000044,0.012934836682386099,tap3,slow,normal,20260810_133647,False
380003,0.0156,0.0234,0.9009,380.003,500000,-0.0039000000000000007,-0.0039000000000000007,-0.007799999999999918,0.009553009996854328,tap3,slow,normal,20260810_133647,False
382515,0.0156,0.0273,0.9165,382.515,500000,-0.0039000000000000007,0.0,0.007800000000000029,0.008720665112249207,tap3,slow,normal,20260810_133647,False
385022,0.0156,0.0273,0.9165,385.022,500000,-0.0039000000000000007,0.0,0.007800000000000029,0.008720665112249207,tap3,slow,normal,20260810_133647,False
387517,0.0195,0.0273,0.9048,387.517,500000,0.0,0.0,-0.0038999999999999035,0.0038999999999999035,tap3,slow,normal,20260810_133647,False
390010,0.0195,0.0195,0.9126,390.01,500000,0.0,-0.007800000000000001,0.0039000000000000146,0.008720665112249188,tap3,slow,normal,20260810_133647,False
392520,0.0234,0.0273,0.9087,392.52,500000,0.0039000000000000007,0.0,0.0,0.0039000000000000007,tap3,slow,normal,20260810_133647,False
395024,0.0195,0.0273,0.9126,395.024,500000,0.0,0.0,0.0039000000000000146,0.0039000000000000146,tap3,slow,normal,20260810_133647,False
397519,0.0195,0.0234,0.9126,397.519,500000,0.0,-0.0039000000000000007,0.0039000000000000146,0.005515432893255082,tap3,slow,normal,20260810_133647,False
400004,0.0156,0.0312,0.9126,400.004,500000,-0.0039000000000000007,0.0038999999999999972,0.0039000000000000146,0.006754998149518628,tap3,slow,normal,20260810_133647,False
402514,0.0156,0.0273,0.9165,402.514,500000,-0.0039000000000000007,0.0,0.007800000000000029,0.008720665112249207,tap3,slow,normal,20260810_133647,False
405026,0.0117,0.0234,0.897,405.026,500000,-0.0078,-0.0039000000000000007,-0.011699999999999933,0.014592463808418318,tap3,slow,normal,20260810_133647,False
407524,0.0078,0.0312,0.9126,407.524,500000,-0.0117,0.0038999999999999972,0.0039000000000000146,0.012934836682386064,tap3,slow,normal,20260810_133647,False
410022,0.0156,0.0234,0.9087,410.022,500000,-0.0039000000000000007,-0.0039000000000000007,0.0,0.005515432893255071,tap3,slow,normal,20260810_133647,False
412500,0.0156,0.0273,0.9048,412.5,500000,-0.0039000000000000007,0.0,-0.0038999999999999035,0.005515432893255003,tap3,slow,normal,20260810_133647,False
415008,0.0156,0.0351,0.9087,415.008,500000,-0.0039000000000000007,0.007799999999999998,0.0,0.00872066511224918,tap3,slow,normal,20260810_133647,False
417505,0.0156,0.0195,0.9165,417.505,500000,-0.0039000000000000007,-0.007800000000000001,0.007800000000000029,0.011700000000000021,tap3,slow,normal,20260810_133647,False
420011,0.0195,0.0312,0.9126,420.011,500000,0.0,0.0038999999999999972,0.0039000000000000146,0.005515432893255079,tap3,slow,normal,20260810_133647,False
422515,0.0078,0.0273,0.9126,422.515,500000,-0.0117,0.0,0.0039000000000000146,0.012332882874656684,tap3,slow,normal,20260810_133647,False
425011,0.0234,0.0234,0.9048,425.011,500000,0.0039000000000000007,-0.0039000000000000007,-0.0038999999999999035,0.006754998149518567,tap3,slow,normal,20260810_133647,False
427518,0.0195,0.0312,0.9087,427.518,500000,0.0,0.0038999999999999972,0.0,0.0038999999999999972,tap3,slow,normal,20260810_133647,False
430014,0.0156,0.0273,0.9087,430.014,500000,-0.0039000000000000007,0.0,0.0,0.0039000000000000007,tap3,slow,normal,20260810_133647,False
432523,0.0195,0.0156,0.9126,432.523,500000,0.0,-0.011700000000000002,0.0039000000000000146,0.012332882874656687,tap3,slow,normal,20260810_133647,False
435021,0.0195,0.0273,0.9009,435.021,500000,0.0,0.0,-0.007799999999999918,0.007799999999999918,tap3,slow,normal,20260810_133647,False
437524,0.0156,0.0234,0.9048,437.524,500000,-0.0039000000000000007,-0.0039000000000000007,-0.0038999999999999035,0.006754998149518567,tap3,slow,normal,20260810_133647,False
440011,0.0156,0.0312,0.9165,440.011,500000,-0.0039000000000000007,0.0038999999999999972,0.007800000000000029,0.009553009996854418,tap3,slow,normal,20260810_133647,False
442523,0.0117,0.0234,0.9087,442.523,500000,-0.0078,-0.0039000000000000007,0.0,0.00872066511224918,tap3,slow,normal,20260810_133647,False
445029,0.0156,0.0273,0.9126,445.029,500000,-0.0039000000000000007,0.0,0.0039000000000000146,0.005515432893255082,tap3,slow,normal,20260810_133647,False
447501,0.0195,0.0195,0.8931,447.501,500000,0.0,-0.007800000000000001,-0.015599999999999947,0.017441330224498314,tap3,slow,normal,20260810_133647,False
450003,0.0195,0.0195,0.8931,450.003,500000,0.0,-0.007800000000000001,-0.015599999999999947,0.017441330224498314,tap3,slow,normal,20260810_133647,False
452515,0.0195,0.0273,0.8931,452.515,500000,0.0,0.0,-0.015599999999999947,0.015599999999999947,tap3,slow,normal,20260810_133647,False
455024,0.0078,0.0312,0.9048,455.024,500000,-0.0117,0.0038999999999999972,-0.0038999999999999035,0.01293483668238603,tap3,slow,normal,20260810_133647,False
457526,0.0156,0.0234,0.9048,457.526,500000,-0.0039000000000000007,-0.0039000000000000007,-0.0038999999999999035,0.006754998149518567,tap3,slow,normal,20260810_133647,False
460009,0.0234,0.0273,0.9204,460.009,500000,0.0039000000000000007,0.0,0.011700000000000044,0.012332882874656722,tap3,slow,normal,20260810_133647,False
462514,0.0195,0.0273,0.9126,462.514,500000,0.0,0.0,0.0039000000000000146,0.0039000000000000146,tap3,slow,normal,20260810_133647,False
465020,0.0195,0.0273,0.9087,465.02,500000,0.0,0.0,0.0,0.0,tap3,slow,normal,20260810_133647,False
467517,0.0078,0.0312,0.9048,467.517,500000,-0.0117,0.0038999999999999972,-0.0038999999999999035,0.01293483668238603,tap3,slow,normal,20260810_133647,False
470006,0.0117,0.039,0.9165,470.006,500000,-0.0078,0.011699999999999999,0.007800000000000029,0.016080111939908888,tap3,slow,normal,20260810_133647,False
472509,0.0156,0.0156,0.9048,472.509,500000,-0.0039000000000000007,-0.011700000000000002,-0.0038999999999999035,0.012934836682386033,tap3,slow,normal,20260810_133647,False
475013,0.0234,0.0195,0.9048,475.013,500000,0.0039000000000000007,-0.007800000000000001,-0.0038999999999999035,0.009553009996854357,tap3,slow,normal,20260810_133647,False
477510,0.0195,0.0273,0.9048,477.51,500000,0.0,0.0,-0.0038999999999999035,0.0038999999999999035,tap3,slow,normal,20260810_133647,False
480009,0.0156,0.0312,0.9126,480.009,500000,-0.0039000000000000007,0.0038999999999999972,0.0039000000000000146,0.006754998149518628,tap3,slow,normal,20260810_133647,False
482520,0.0195,0.0351,0.9087,482.52,500000,0.0,0.007799999999999998,0.0,0.007799999999999998,tap3,slow,normal,20260810_133647,False
485024,0.0234,0.0351,0.9087,485.024,500000,0.0039000000000000007,0.007799999999999998,0.0,0.00872066511224918,tap3,slow,normal,20260810_133647,False
487526,0.0195,0.0273,0.9126,487.526,500000,0.0,0.0,0.0039000000000000146,0.0039000000000000146,tap3,slow,normal,20260810_133647,False
490023,0.0117,0.0429,0.9126,490.023,500000,-0.0078,0.0156,0.0039000000000000146,0.01787204521032778,tap3,slow,normal,20260810_133647,False
492501,0.0195,0.0234,0.9165,492.501,500000,0.0,-0.0039000000000000007,0.007800000000000029,0.008720665112249207,tap3,slow,normal,20260810_133647,False
495005,0.0195,0.0273,0.9048,495.005,500000,0.0,0.0,-0.0038999999999999035,0.0038999999999999035,tap3,slow,normal,20260810_133647,False
497527,0.0195,0.0312,0.9165,497.527,500000,0.0,0.0038999999999999972,0.007800000000000029,0.008720665112249205,tap3,slow,normal,20260810_133647,False
500014,0.0195,0.0234,0.9048,500.014,500000,0.0,-0.0039000000000000007,-0.0038999999999999035,0.005515432893255003,tap3,slow,normal,20260810_133647,False
510596,0.0195,0.0234,0.9048,510.596,500000,0.0,-0.0039000000000000007,-0.0038999999999999035,0.005515432893255003,tap3,slow,normal,20260810_133647,False
510998,0.0195,0.0234,0.9048,510.998,500000,0.0,-0.0039000000000000007,-0.0038999999999999035,0.005515432893255003,tap3,slow,normal,20260810_133647,False
511393,0.0195,0.0234,0.9048,511.393,500000,0.0,-0.0039000000000000007,-0.0038999999999999035,0.005515432893255003,tap3,slow,normal,20260810_133647,False
511808,0.0078,0.0429,0.9048,511.808,500000,-0.0117,0.0156,-0.0038999999999999035,0.01988617610301184,tap3,slow,normal,20260810_133647,False
512519,0.0078,0.0429,0.9048,512.519,500000,-0.0117,0.0156,-0.0038999999999999035,0.01988617610301184,tap3,slow,normal,20260810_133647,False
515001,0.0234,0.0234,0.9126,515.001,500000,0.0039000000000000007,-0.0039000000000000007,0.0039000000000000146,0.006754998149518631,tap3,slow,normal,20260810_133647,False
517505,0.0273,0.0273,0.9087,517.505,500000,0.007800000000000001,0.0,0.0,0.007800000000000001,tap3,slow,normal,20260810_133647,False
520002,0.0117,0.0312,0.9126,520.002,500000,-0.0078,0.0038999999999999972,0.0039000000000000146,0.0095530099968544,tap3,slow,normal,20260810_133647,False
522511,0.0195,0.0312,0.9165,522.511,500000,0.0,0.0038999999999999972,0.007800000000000029,0.008720665112249205,tap3,slow,normal,20260810_133647,False
525024,0.0234,0.0312,0.9009,525.024,500000,0.0039000000000000007,0.0038999999999999972,-0.007799999999999918,0.009553009996854326,tap3,slow,normal,20260810_133647,False
527522,0.0156,0.0312,0.9087,527.522,500000,-0.0039000000000000007,0.0038999999999999972,0.0,0.0055154328932550695,tap3,slow,normal,20260810_133647,False
530009,0.0156,0.0273,0.9087,530.009,500000,-0.0039000000000000007,0.0,0.0,0.0039000000000000007,tap3,slow,normal,20260810_133647,False
532517,0.0156,0.0312,0.9126,532.517,500000,-0.0039000000000000007,0.0038999999999999972,0.0039000000000000146,0.006754998149518628,tap3,slow,normal,20260810_133647,False
535017,0.0195,0.0234,0.9126,535.017,500000,0.0,-0.0039000000000000007,0.0039000000000000146,0.005515432893255082,tap3,slow,normal,20260810_133647,False
537524,0.0156,0.0234,0.897,537.524,500000,-0.0039000000000000007,-0.0039000000000000007,-0.011699999999999933,0.012934836682385998,tap3,slow,normal,20260810_133647,False
540015,0.0156,0.0234,0.9126,540.015,500000,-0.0039000000000000007,-0.0039000000000000007,0.0039000000000000146,0.006754998149518631,tap3,slow,normal,20260810_133647,False
542528,0.0195,0.0273,0.9165,542.528,500000,0.0,0.0,0.007800000000000029,0.007800000000000029,tap3,slow,normal,20260810_133647,False
545006,0.0195,0.0234,0.9087,545.006,500000,0.0,-0.0039000000000000007,0.0,0.0039000000000000007,tap3,slow,normal,20260810_133647,False
547509,0.0117,0.0312,0.9087,547.509,500000,-0.0078,0.0038999999999999972,0.0,0.00872066511224918,tap3,slow,normal,20260810_133647,False
550005,0.0156,0.0234,0.9048,550.005,500000,-0.0039000000000000007,-0.0039000000000000007,-0.0038999999999999035,0.006754998149518567,tap3,slow,normal,20260810_133647,False
552516,0.0195,0.0312,0.9165,552.516,500000,0.0,0.0038999999999999972,0.007800000000000029,0.008720665112249205,tap3,slow,normal,20260810_133647,False
555010,0.0195,0.0234,0.9165,555.01,500000,0.0,-0.0039000000000000007,0.007800000000000029,0.008720665112249207,tap3,slow,normal,20260810_133647,False
557516,0.0195,0.0234,0.9087,557.516,500000,0.0,-0.0039000000000000007,0.0,0.0039000000000000007,tap3,slow,normal,20260810_133647,False
560009,0.0195,0.0234,0.9087,560.009,500000,0.0,-0.0039000000000000007,0.0,0.0039000000000000007,tap3,slow,normal,20260810_133647,False
562518,0.0195,0.0234,0.9048,562.518,500000,0.0,-0.0039000000000000007,-0.0038999999999999035,0.005515432893255003,tap3,slow,normal,20260810_133647,False
565024,0.0156,0.0312,0.9087,565.024,500000,-0.0039000000000000007,0.0038999999999999972,0.0,0.0055154328932550695,tap3,slow,normal,20260810_133647,False
567528,0.0195,0.0273,0.9165,567.528,500000,0.0,0.0,0.007800000000000029,0.007800000000000029,tap3,slow,normal,20260810_133647,False
570013,0.0117,0.0234,0.9009,570.013,500000,-0.0078,-0.0039000000000000007,-0.007799999999999918,0.011699999999999945,tap3,slow,normal,20260810_133647,False
572523,0.0273,0.0195,0.9087,572.523,500000,0.007800000000000001,-0.007800000000000001,0.0,0.011030865786510143,tap3,slow,normal,20260810_133647,False
575004,0.0156,0.0312,0.9204,575.004,500000,-0.0039000000000000007,0.0038999999999999972,0.011700000000000044,0.012934836682386099,tap3,slow,normal,20260810_133647,False
577505,0.0234,0.0234,0.9087,577.505,500000,0.0039000000000000007,-0.0039000000000000007,0.0,0.005515432893255071,tap3,slow,normal,20260810_133647,False
580004,0.0156,0.0312,0.897,580.004,500000,-0.0039000000000000007,0.0038999999999999972,-0.011699999999999933,0.012934836682385998,tap3,slow,normal,20260810_133647,False
582516,0.0156,0.0234,0.9048,582.516,500000,-0.0039000000000000007,-0.0039000000000000007,-0.0038999999999999035,0.006754998149518567,tap3,slow,normal,20260810_133647,False
585023,0.0156,0.0234,0.9204,585.023,500000,-0.0039000000000000007,-0.0039000000000000007,0.011700000000000044,0.012934836682386099,tap3,slow,normal,20260810_133647,False
587519,0.0117,0.0273,0.9165,587.519,500000,-0.0078,0.0,0.007800000000000029,0.011030865786510162,tap3,slow,normal,20260810_133647,False
590013,0.0156,0.0312,0.9087,590.013,500000,-0.0039000000000000007,0.0038999999999999972,0.0,0.0055154328932550695,tap3,slow,normal,20260810_133647,False
592518,0.0117,0.0312,0.9126,592.518,500000,-0.0078,0.0038999999999999972,0.0039000000000000146,0.0095530099968544,tap3,slow,normal,20260810_133647,False
595024,0.0195,0.0312,0.9126,595.024,500000,0.0,0.0038999999999999972,0.0039000000000000146,0.005515432893255079,tap3,slow,normal,20260810_133647,False
597526,0.0156,0.0312,0.9087,597.526,500000,-0.0039000000000000007,0.0038999999999999972,0.0,0.0055154328932550695,tap3,slow,normal,20260810_133647,False
600006,0.0195,0.0351,0.9087,600.006,500000,0.0,0.007799999999999998,0.0,0.007799999999999998,tap3,slow,normal,20260810_133647,False
602508,0.0234,0.0234,0.9009,602.508,500000,0.0039000000000000007,-0.0039000000000000007,-0.007799999999999918,0.009553009996854328,tap3,slow,normal,20260810_133647,False
605022,0.0195,0.0234,0.9126,605.022,500000,0.0,-0.0039000000000000007,0.0039000000000000146,0.005515432893255082,tap3,slow,normal,20260810_133647,False
607518,0.0234,0.0273,0.9243,607.518,500000,0.0039000000000000007,0.0,0.015600000000000058,0.016080111939908933,tap3,slow,normal,20260810_133647,False
610012,0.0234,0.0273,0.9126,610.012,500000,0.0039000000000000007,0.0,0.0039000000000000146,0.005515432893255082,tap3,slow,normal,20260810_133647,False
612516,0.0195,0.0312,0.9126,612.516,500000,0.0,0.0038999999999999972,0.0039000000000000146,0.005515432893255079,tap3,slow,normal,20260810_133647,False
615022,0.0195,0.0312,0.9048,615.022,500000,0.0,0.0038999999999999972,-0.0038999999999999035,0.005515432893255,tap3,slow,normal,20260810_133647,False
617525,0.0195,0.0234,0.9048,617.525,500000,0.0,-0.0039000000000000007,-0.0038999999999999035,0.005515432893255003,tap3,slow,normal,20260810_133647,False
620022,0.0156,0.0312,0.9048,620.022,500000,-0.0039000000000000007,0.0038999999999999972,-0.0038999999999999035,0.006754998149518564,tap3,slow,normal,20260810_133647,False
622504,0.0273,0.0273,0.9087,622.504,500000,0.007800000000000001,0.0,0.0,0.007800000000000001,tap3,slow,normal,20260810_133647,False
625011,0.0156,0.0273,0.9009,625.011,500000,-0.0039000000000000007,0.0,-0.007799999999999918,0.008720665112249107,tap3,slow,normal,20260810_133647,False
627515,0.0156,0.0273,0.9048,627.515,500000,-0.0039000000000000007,0.0,-0.0038999999999999035,0.005515432893255003,tap3,slow,normal,20260810_133647,False
630016,0.0156,0.0312,0.9126,630.016,500000,-0.0039000000000000007,0.0038999999999999972,0.0039000000000000146,0.006754998149518628,tap3,slow,normal,20260810_133647,False
632523,0.0156,0.0351,0.9126,632.523,500000,-0.0039000000000000007,0.007799999999999998,0.0039000000000000146,0.0095530099968544,tap3,slow,normal,20260810_133647,False
635004,0.0234,0.0273,0.9048,635.004,500000,0.0039000000000000007,0.0,-0.0038999999999999035,0.005515432893255003,tap3,slow,normal,20260810_133647,False
637511,0.0156,0.0234,0.9126,637.511,500000,-0.0039000000000000007,-0.0039000000000000007,0.0039000000000000146,0.006754998149518631,tap3,slow,normal,20260810_133647,False
640001,0.0195,0.0273,0.9087,640.001,500000,0.0,0.0,0.0,0.0,tap3,slow,normal,20260810_133647,False
642510,0.0195,0.0273,0.9087,642.51,500000,0.0,0.0,0.0,0.0,tap3,slow,normal,20260810_133647,False
645015,0.0234,0.0312,0.9087,645.015,500000,0.0039000000000000007,0.0038999999999999972,0.0,0.0055154328932550695,tap3,slow,normal,20260810_133647,False
647510,0.0195,0.0234,0.9087,647.51,500000,0.0,-0.0039000000000000007,0.0,0.0039000000000000007,tap3,slow,normal,20260810_133647,False
650011,0.0195,0.0234,0.9126,650.011,500000,0.0,-0.0039000000000000007,0.0039000000000000146,0.005515432893255082,tap3,slow,normal,20260810_133647,False
652520,0.0195,0.0195,0.9048,652.52,500000,0.0,-0.007800000000000001,-0.0038999999999999035,0.008720665112249138,tap3,slow,normal,20260810_133647,False
655029,0.0234,0.0312,0.9048,655.029,500000,0.0039000000000000007,0.0038999999999999972,-0.0038999999999999035,0.006754998149518564,tap3,slow,normal,20260810_133647,False
657501,0.0234,0.0273,0.9087,657.501,500000,0.0039000000000000007,0.0,0.0,0.0039000000000000007,tap3,slow,normal,20260810_133647,False
660004,0.0156,0.0273,0.9126,660.004,500000,-0.0039000000000000007,0.0,0.0039000000000000146,0.005515432893255082,tap3,slow,normal,20260810_133647,False
662507,0.0156,0.0273,0.9126,662.507,500000,-0.0039000000000000007,0.0,0.0039000000000000146,0.005515432893255082,tap3,slow,normal,20260810_133647,False
665015,0.0117,0.0351,0.9087,665.015,500000,-0.0078,0.007799999999999998,0.0,0.011030865786510139,tap3,slow,normal,20260810_133647,False
667511,0.0156,0.0234,0.9126,667.511,500000,-0.0039000000000000007,-0.0039000000000000007,0.0039000000000000146,0.006754998149518631,tap3,slow,normal,20260810_133647,False
670014,0.0156,0.0234,0.9243,670.014,500000,-0.0039000000000000007,-0.0039000000000000007,0.015600000000000058,0.01654629867976527,tap3,slow,normal,20260810_133647,False
672519,0.0195,0.0234,0.9048,672.519,500000,0.0,-0.0039000000000000007,-0.0038999999999999035,0.005515432893255003,tap3,slow,normal,20260810_133647,False
675021,0.0195,0.0312,0.9048,675.021,500000,0.0,0.0038999999999999972,-0.0038999999999999035,0.005515432893255,tap3,slow,normal,20260810_133647,False
677507,0.0234,0.0234,0.9087,677.507,500000,0.0039000000000000007,-0.0039000000000000007,0.0,0.005515432893255071,tap3,slow,normal,20260810_133647,False
680006,0.0156,0.0312,0.9126,680.006,500000,-0.0039000000000000007,0.0038999999999999972,0.0039000000000000146,0.006754998149518628,tap3,slow,normal,20260810_133647,False
682510,0.0156,0.039,0.9126,682.51,500000,-0.0039000000000000007,0.011699999999999999,0.0039000000000000146,0.012934836682386064,tap3,slow,normal,20260810_133647,False
685032,0.0234,0.039,0.9087,685.032,500000,0.0039000000000000007,0.011699999999999999,0.0,0.012332882874656679,tap3,slow,normal,20260810_133647,False
687508,0.0156,0.0351,0.9048,687.508,500000,-0.0039000000000000007,0.007799999999999998,-0.0038999999999999035,0.009553009996854354,tap3,slow,normal,20260810_133647,False
690020,0.0195,0.0273,0.897,690.02,500000,0.0,0.0,-0.011699999999999933,0.011699999999999933,tap3,slow,normal,20260810_133647,False
692523,0.0195,0.0312,0.9165,692.523,500000,0.0,0.0038999999999999972,0.007800000000000029,0.008720665112249205,tap3,slow,normal,20260810_133647,False
695026,0.0156,0.0273,0.9126,695.026,500000,-0.0039000000000000007,0.0,0.0039000000000000146,0.005515432893255082,tap3,slow,normal,20260810_133647,False
697522,0.0195,0.0351,0.9087,697.522,500000,0.0,0.007799999999999998,0.0,0.007799999999999998,tap3,slow,normal,20260810_133647,False
700010,0.0156,0.0351,0.9204,700.01,500000,-0.0039000000000000007,0.007799999999999998,0.011700000000000044,0.014592463808418405,tap3,slow,normal,20260810_133647,False
702517,0.0195,0.0273,0.9048,702.517,500000,0.0,0.0,-0.0038999999999999035,0.0038999999999999035,tap3,slow,normal,20260810_133647,False
705030,0.0195,0.0234,0.9048,705.03,500000,0.0,-0.0039000000000000007,-0.0038999999999999035,0.005515432893255003,tap3,slow,normal,20260810_133647,False
707500,0.0195,0.0273,0.9126,707.5,500000,0.0,0.0,0.0039000000000000146,0.0039000000000000146,tap3,slow,normal,20260810_133647,False
710021,0.0195,0.0312,0.9126,710.021,500000,0.0,0.0038999999999999972,0.0039000000000000146,0.005515432893255079,tap3,slow,normal,20260810_133647,False
712500,0.0156,0.0234,0.9165,712.5,500000,-0.0039000000000000007,-0.0039000000000000007,0.007800000000000029,0.00955300999685442,tap3,slow,normal,20260810_133647,False
715011,0.0156,0.0312,0.9048,715.011,500000,-0.0039000000000000007,0.0038999999999999972,-0.0038999999999999035,0.006754998149518564,tap3,slow,normal,20260810_133647,False
717506,0.0195,0.0312,0.9087,717.506,500000,0.0,0.0038999999999999972,0.0,0.0038999999999999972,tap3,slow,normal,20260810_133647,False
720020,0.0117,0.0351,0.9165,720.02,500000,-0.0078,0.007799999999999998,0.007800000000000029,0.013509996299037258,tap3,slow,normal,20260810_133647,False
722528,0.0156,0.0273,0.9009,722.528,500000,-0.0039000000000000007,0.0,-0.007799999999999918,0.008720665112249107,tap3,slow,normal,20260810_133647,False
725001,0.0195,0.0273,0.9126,725.001,500000,0.0,0.0,0.0039000000000000146,0.0039000000000000146,tap3,slow,normal,20260810_133647,False
727505,0.0195,0.0234,0.9087,727.505,500000,0.0,-0.0039000000000000007,0.0,0.0039000000000000007,tap3,slow,normal,20260810_133647,False
730017,0.0156,0.0351,0.9126,730.017,500000,-0.0039000000000000007,0.007799999999999998,0.0039000000000000146,0.0095530099968544,tap3,slow,normal,20260810_133647,False
732523,0.0156,0.0312,0.9087,732.523,500000,-0.0039000000000000007,0.0038999999999999972,0.0,0.0055154328932550695,tap3,slow,normal,20260810_133647,False
735008,0.0156,0.0312,0.897,735.008,500000,-0.0039000000000000007,0.0038999999999999972,-0.011699999999999933,0.012934836682385998,tap3,slow,normal,20260810_133647,False
737516,0.0156,0.0312,0.9087,737.516,500000,-0.0039000000000000007,0.0038999999999999972,0.0,0.0055154328932550695,tap3,slow,normal,20260810_133647,False
740016,0.0195,0.0312,0.9165,740.016,500000,0.0,0.0038999999999999972,0.007800000000000029,0.008720665112249205,tap3,slow,normal,20260810_133647,False
742524,0.0156,0.0234,0.9087,742.524,500000,-0.0039000000000000007,-0.0039000000000000007,0.0,0.005515432893255071,tap3,slow,normal,20260810_133647,False
745027,0.0195,0.0273,0.9087,745.027,500000,0.0,0.0,0.0,0.0,tap3,slow,normal,20260810_133647,False
747501,0.0195,0.0273,0.9087,747.501,500000,0.0,0.0,0.0,0.0,tap3,slow,normal,20260810_133647,False
750008,0.0234,0.0273,0.9048,750.008,500000,0.0039000000000000007,0.0,-0.0038999999999999035,0.005515432893255003,tap3,slow,normal,20260810_133647,False
752501,0.0156,0.0351,0.9048,752.501,500000,-0.0039000000000000007,0.007799999999999998,-0.0038999999999999035,0.009553009996854354,tap3,slow,normal,20260810_133647,False
755010,0.0195,0.0312,0.9087,755.01,500000,0.0,0.0038999999999999972,0.0,0.0038999999999999972,tap3,slow,normal,20260810_133647,False
757508,0.0195,0.0312,0.9126,757.508,500000,0.0,0.0038999999999999972,0.0039000000000000146,0.005515432893255079,tap3,slow,normal,20260810_133647,False
760009,0.0156,0.0273,0.9048,760.009,500000,-0.0039000000000000007,0.0,-0.0038999999999999035,0.005515432893255003,tap3,slow,normal,20260810_133647,False
762518,0.0195,0.0273,0.9087,762.518,500000,0.0,0.0,0.0,0.0,tap3,slow,normal,20260810_133647,False
765025,0.0117,0.0312,0.9126,765.025,500000,-0.0078,0.0038999999999999972,0.0039000000000000146,0.0095530099968544,tap3,slow,normal,20260810_133647,False
767528,0.0117,0.0312,0.9087,767.528,500000,-0.0078,0.0038999999999999972,0.0,0.00872066511224918,tap3,slow,normal,20260810_133647,False
770024,0.0117,0.0312,0.9087,770.024,500000,-0.0078,0.0038999999999999972,0.0,0.00872066511224918,tap3,slow,normal,20260810_133647,False
772528,0.0195,0.0312,0.9126,772.528,500000,0.0,0.0038999999999999972,0.0039000000000000146,0.005515432893255079,tap3,slow,normal,20260810_133647,False
775000,0.0234,0.0195,0.9048,775.0,500000,0.0039000000000000007,-0.007800000000000001,-0.0038999999999999035,0.009553009996854357,tap3,slow,normal,20260810_133647,False
777504,0.0195,0.0273,0.9009,777.504,500000,0.0,0.0,-0.007799999999999918,0.007799999999999918,tap3,slow,normal,20260810_133647,False
780010,0.0156,0.0273,0.9048,780.01,500000,-0.0039000000000000007,0.0,-0.0038999999999999035,0.005515432893255003,tap3,slow,normal,20260810_133647,False
782512,0.0117,0.0234,0.9009,782.512,500000,-0.0078,-0.0039000000000000007,-0.007799999999999918,0.011699999999999945,tap3,slow,normal,20260810_133647,False
785016,0.0273,0.0156,0.9204,785.016,500000,0.007800000000000001,-0.011700000000000002,0.011700000000000044,0.018292621463311405,tap3,slow,normal,20260810_133647,False
787517,0.0234,0.0312,0.9087,787.517,500000,0.0039000000000000007,0.0038999999999999972,0.0,0.0055154328932550695,tap3,slow,normal,20260810_133647,False
790009,0.0117,0.0351,0.9204,790.009,500000,-0.0078,0.007799999999999998,0.011700000000000044,0.016080111939908905,tap3,slow,normal,20260810_133647,False
792516,0.0195,0.0195,0.9087,792.516,500000,0.0,-0.007800000000000001,0.0,0.007800000000000001,tap3,slow,normal,20260810_133647,False
795025,0.0273,0.0312,0.9087,795.025,500000,0.007800000000000001,0.0038999999999999972,0.0,0.00872066511224918,tap3,slow,normal,20260810_133647,False
797528,0.0156,0.0273,0.9048,797.528,500000,-0.0039000000000000007,0.0,-0.0038999999999999035,0.005515432893255003,tap3,slow,normal,20260810_133647,False
800015,0.0156,0.0273,0.9126,800.015,500000,-0.0039000000000000007,0.0,0.0039000000000000146,0.005515432893255082,tap3,slow,normal,20260810_133647,False
802517,0.0195,0.0351,0.9204,802.517,500000,0.0,0.007799999999999998,0.011700000000000044,0.014061649974309594,tap3,slow,normal,20260810_133647,False
805029,0.0195,0.0351,0.9126,805.029,500000,0.0,0.007799999999999998,0.0039000000000000146,0.008720665112249185,tap3,slow,normal,20260810_133647,False
807501,0.0195,0.0273,0.9165,807.501,500000,0.0,0.0,0.007800000000000029,0.007800000000000029,tap3,slow,normal,20260810_133647,False
810013,0.0234,0.0234,0.9126,810.013,500000,0.0039000000000000007,-0.0039000000000000007,0.0039000000000000146,0.006754998149518631,tap3,slow,normal,20260810_133647,False
812521,0.0156,0.0312,0.9009,812.521,500000,-0.0039000000000000007,0.0038999999999999972,-0.007799999999999918,0.009553009996854326,tap3,slow,normal,20260810_133647,False
815028,0.0234,0.0234,0.9087,815.028,500000,0.0039000000000000007,-0.0039000000000000007,0.0,0.005515432893255071,tap3,slow,normal,20260810_133647,False
817510,0.0195,0.0312,0.9126,817.51,500000,0.0,0.0038999999999999972,0.0039000000000000146,0.005515432893255079,tap3,slow,normal,20260810_133647,False
820013,0.0195,0.039,0.9204,820.013,500000,0.0,0.011699999999999999,0.011700000000000044,0.01654629867976524,tap3,slow,normal,20260810_133647,False
822517,0.0156,0.0312,0.9087,822.517,500000,-0.0039000000000000007,0.0038999999999999972,0.0,0.0055154328932550695,tap3,slow,normal,20260810_133647,False
825019,0.0234,0.0156,0.9087,825.019,500000,0.0039000000000000007,-0.011700000000000002,0.0,0.012332882874656682,tap3,slow,normal,20260810_133647,False
827522,0.0156,0.0273,0.9087,827.522,500000,-0.0039000000000000007,0.0,0.0,0.0039000000000000007,tap3,slow,normal,20260810_133647,False
830013,0.0195,0.0273,0.9048,830.013,500000,0.0,0.0,-0.0038999999999999035,0.0038999999999999035,tap3,slow,normal,20260810_133647,False
832514,0.0156,0.0273,0.9204,832.514,500000,-0.0039000000000000007,0.0,0.011700000000000044,0.012332882874656722,tap3,slow,normal,20260810_133647,False
835026,0.0117,0.0234,0.9126,835.026,500000,-0.0078,-0.0039000000000000007,0.0039000000000000146,0.0095530099968544,tap3,slow,normal,20260810_133647,False
837503,0.0234,0.0273,0.9009,837.503,500000,0.0039000000000000007,0.0,-0.007799999999999918,0.008720665112249107,tap3,slow,normal,20260810_133647,False
840008,0.0195,0.0273,0.9009,840.008,500000,0.0,0.0,-0.007799999999999918,0.007799999999999918,tap3,slow,normal,20260810_133647,False
842518,0.0156,0.0273,0.9087,842.518,500000,-0.0039000000000000007,0.0,0.0,0.0039000000000000007,tap3,slow,normal,20260810_133647,False
845027,0.0156,0.0312,0.9126,845.027,500000,-0.0039000000000000007,0.0038999999999999972,0.0039000000000000146,0.006754998149518628,tap3,slow,normal,20260810_133647,False
847503,0.0156,0.0273,0.9126,847.503,500000,-0.0039000000000000007,0.0,0.0039000000000000146,0.005515432893255082,tap3,slow,normal,20260810_133647,False
850010,0.0234,0.0273,0.9165,850.01,500000,0.0039000000000000007,0.0,0.007800000000000029,0.008720665112249207,tap3,slow,normal,20260810_133647,False
852515,0.0195,0.0234,0.9048,852.515,500000,0.0,-0.0039000000000000007,-0.0038999999999999035,0.005515432893255003,tap3,slow,normal,20260810_133647,False
855017,0.0117,0.0273,0.9126,855.017,500000,-0.0078,0.0,0.0039000000000000146,0.008720665112249186,tap3,slow,normal,20260810_133647,False
857514,0.0195,0.0312,0.9165,857.514,500000,0.0,0.0038999999999999972,0.007800000000000029,0.008720665112249205,tap3,slow,normal,20260810_133647,False
860010,0.0195,0.0312,0.897,860.01,500000,0.0,0.0038999999999999972,-0.011699999999999933,0.012332882874656614,tap3,slow,normal,20260810_133647,False
862513,0.0234,0.0234,0.9126,862.513,500000,0.0039000000000000007,-0.0039000000000000007,0.0039000000000000146,0.006754998149518631,tap3,slow,normal,20260810_133647,False
865019,0.0156,0.0273,0.9165,865.019,500000,-0.0039000000000000007,0.0,0.007800000000000029,0.008720665112249207,tap3,slow,normal,20260810_133647,False
867524,0.0195,0.0273,0.9126,867.524,500000,0.0,0.0,0.0039000000000000146,0.0039000000000000146,tap3,slow,normal,20260810_133647,False
870019,0.0234,0.0273,0.9126,870.019,500000,0.0039000000000000007,0.0,0.0039000000000000146,0.005515432893255082,tap3,slow,normal,20260810_133647,False
872500,0.0234,0.0273,0.9126,872.5,500000,0.0039000000000000007,0.0,0.0039000000000000146,0.005515432893255082,tap3,slow,normal,20260810_133647,False
875001,0.0156,0.039,0.9087,875.001,500000,-0.0039000000000000007,0.011699999999999999,0.0,0.012332882874656679,tap3,slow,normal,20260810_133647,False
877527,0.0234,0.0195,0.897,877.527,500000,0.0039000000000000007,-0.007800000000000001,-0.011699999999999933,0.014592463808418318,tap3,slow,normal,20260810_133647,False
880004,0.0234,0.0195,0.897,880.004,500000,0.0039000000000000007,-0.007800000000000001,-0.011699999999999933,0.014592463808418318,tap3,slow,normal,20260810_133647,False
882520,0.0117,0.0312,0.9048,882.52,500000,-0.0078,0.0038999999999999972,-0.0038999999999999035,0.009553009996854354,tap3,slow,normal,20260810_133647,False
885003,0.0195,0.0234,0.9087,885.003,500000,0.0,-0.0039000000000000007,0.0,0.0039000000000000007,tap3,slow,normal,20260810_133647,False
887503,0.0195,0.0312,0.897,887.503,500000,0.0,0.0038999999999999972,-0.011699999999999933,0.012332882874656614,tap3,slow,normal,20260810_133647,False
890016,0.0156,0.0273,0.9087,890.016,500000,-0.0039000000000000007,0.0,0.0,0.0039000000000000007,tap3,slow,normal,20260810_133647,False
892524,0.0156,0.0312,0.9048,892.524,500000,-0.0039000000000000007,0.0038999999999999972,-0.0038999999999999035,0.006754998149518564,tap3,slow,normal,20260810_133647,False
895028,0.0195,0.0234,0.9009,895.028,500000,0.0,-0.0039000000000000007,-0.007799999999999918,0.008720665112249107,tap3,slow,normal,20260810_133647,False
897502,0.0117,0.0312,0.9087,897.502,500000,-0.0078,0.0038999999999999972,0.0,0.00872066511224918,tap3,slow,normal,20260810_133647,False
900015,0.0156,0.0273,0.9087,900.015,500000,-0.0039000000000000007,0.0,0.0,0.0039000000000000007,tap3,slow,normal,20260810_133647,False
902518,0.0117,0.0273,0.9009,902.518,500000,-0.0078,0.0,-0.007799999999999918,0.011030865786510084,tap3,slow,normal,20260810_133647,False
905029,0.0195,0.0312,0.9087,905.029,500000,0.0,0.0038999999999999972,0.0,0.0038999999999999972,tap3,slow,normal,20260810_133647,False
907501,0.0156,0.0273,0.9087,907.501,500000,-0.0039000000000000007,0.0,0.0,0.0039000000000000007,tap3,slow,normal,20260810_133647,False
910015,0.0195,0.0351,0.9048,910.015,500000,0.0,0.007799999999999998,-0.0038999999999999035,0.008720665112249134,tap3,slow,normal,20260810_133647,False
912518,0.0195,0.0273,0.9165,912.518,500000,0.0,0.0,0.007800000000000029,0.007800000000000029,tap3,slow,normal,20260810_133647,False
915027,0.0234,0.0234,0.9048,915.027,500000,0.0039000000000000007,-0.0039000000000000007,-0.0038999999999999035,0.006754998149518567,tap3,slow,normal,20260810_133647,False
917529,0.0117,0.0312,0.9048,917.529,500000,-0.0078,0.0038999999999999972,-0.0038999999999999035,0.009553009996854354,tap3,slow,normal,20260810_133647,False
920028,0.0195,0.0273,0.9126,920.028,500000,0.0,0.0,0.0039000000000000146,0.0039000000000000146,tap3,slow,normal,20260810_133647,False
922505,0.0234,0.0312,0.9126,922.505,500000,0.0039000000000000007,0.0038999999999999972,0.0039000000000000146,0.006754998149518628,tap3,slow,normal,20260810_133647,False
925012,0.0156,0.0312,0.9126,925.012,500000,-0.0039000000000000007,0.0038999999999999972,0.0039000000000000146,0.006754998149518628,tap3,slow,normal,20260810_133647,False
927508,0.0195,0.0273,0.9048,927.508,500000,0.0,0.0,-0.0038999999999999035,0.0038999999999999035,tap3,slow,normal,20260810_133647,False
930008,0.0117,0.0234,0.9126,930.008,500000,-0.0078,-0.0039000000000000007,0.0039000000000000146,0.0095530099968544,tap3,slow,normal,20260810_133647,False
932509,0.0273,0.0195,0.9165,932.509,500000,0.007800000000000001,-0.007800000000000001,0.007800000000000029,0.013509996299037262,tap3,slow,normal,20260810_133647,False
935029,0.0156,0.0312,0.9126,935.029,500000,-0.0039000000000000007,0.0038999999999999972,0.0039000000000000146,0.006754998149518628,tap3,slow,normal,20260810_133647,False
937505,0.0195,0.0234,0.9048,937.505,500000,0.0,-0.0039000000000000007,-0.0038999999999999035,0.005515432893255003,tap3,slow,normal,20260810_133647,False
940025,0.0117,0.039,0.9087,940.025,500000,-0.0078,0.011699999999999999,0.0,0.014061649974309557,tap3,slow,normal,20260810_133647,False
942501,0.0156,0.0312,0.9087,942.501,500000,-0.0039000000000000007,0.0038999999999999972,0.0,0.0055154328932550695,tap3,slow,normal,20260810_133647,False
945005,0.0195,0.0273,0.9126,945.005,500000,0.0,0.0,0.0039000000000000146,0.0039000000000000146,tap3,slow,normal,20260810_133647,False
947521,0.0156,0.0273,0.9048,947.521,500000,-0.0039000000000000007,0.0,-0.0038999999999999035,0.005515432893255003,tap3,slow,normal,20260810_133647,False
950029,0.0156,0.0273,0.9126,950.029,500000,-0.0039000000000000007,0.0,0.0039000000000000146,0.005515432893255082,tap3,slow,normal,20260810_133647,False
952501,0.0234,0.0195,0.9165,952.501,500000,0.0039000000000000007,-0.007800000000000001,0.007800000000000029,0.011700000000000021,tap3,slow,normal,20260810_133647,False
955005,0.0195,0.0273,0.9087,955.005,500000,0.0,0.0,0.0,0.0,tap3,slow,normal,20260810_133647,False
957506,0.0156,0.0234,0.897,957.506,500000,-0.0039000000000000007,-0.0039000000000000007,-0.011699999999999933,0.012934836682385998,tap3,slow,normal,20260810_133647,False
960014,0.0195,0.0273,0.9126,960.014,500000,0.0,0.0,0.0039000000000000146,0.0039000000000000146,tap3,slow,normal,20260810_133647,False
962528,0.0117,0.0273,0.9048,962.528,500000,-0.0078,0.0,-0.0038999999999999035,0.008720665112249136,tap3,slow,normal,20260810_133647,False
965005,0.0156,0.0234,0.9087,965.005,500000,-0.0039000000000000007,-0.0039000000000000007,0.0,0.005515432893255071,tap3,slow,normal,20260810_133647,False
967509,0.0195,0.0195,0.9048,967.509,500000,0.0,-0.007800000000000001,-0.0038999999999999035,0.008720665112249138,tap3,slow,normal,20260810_133647,False
970009,0.0156,0.0234,0.9087,970.009,500000,-0.0039000000000000007,-0.0039000000000000007,0.0,0.005515432893255071,tap3,slow,normal,20260810_133647,False
972516,0.0156,0.0351,0.9126,972.516,500000,-0.0039000000000000007,0.007799999999999998,0.0039000000000000146,0.0095530099968544,tap3,slow,normal,20260810_133647,False
975025,0.0195,0.0273,0.9048,975.025,500000,0.0,0.0,-0.0038999999999999035,0.0038999999999999035,tap3,slow,normal,20260810_133647,False
977526,0.0117,0.0312,0.9087,977.526,500000,-0.0078,0.0038999999999999972,0.0,0.00872066511224918,tap3,slow,normal,20260810_133647,False
980009,0.0117,0.0312,0.9087,980.009,500000,-0.0078,0.0038999999999999972,0.0,0.00872066511224918,tap3,slow,normal,20260810_133647,False
982515,0.0117,0.0273,0.9087,982.515,500000,-0.0078,0.0,0.0,0.0078,tap3,slow,normal,20260810_133647,False
985019,0.0156,0.0312,0.9087,985.019,500000,-0.0039000000000000007,0.0038999999999999972,0.0,0.0055154328932550695,tap3,slow,normal,20260810_133647,False
987520,0.0195,0.0234,0.9087,987.52,500000,0.0,-0.0039000000000000007,0.0,0.0039000000000000007,tap3,slow,normal,20260810_133647,False
990012,0.0273,0.0312,0.9048,990.012,500000,0.007800000000000001,0.0038999999999999972,-0.0038999999999999035,0.009553009996854355,tap3,slow,normal,20260810_133647,False
992523,0.0234,0.0312,0.9009,992.523,500000,0.0039000000000000007,0.0038999999999999972,-0.007799999999999918,0.009553009996854326,tap3,slow,normal,20260810_133647,False
995027,0.0195,0.0273,0.9126,995.027,500000,0.0,0.0,0.0039000000000000146,0.0039000000000000146,tap3,slow,normal,20260810_133647,False
997523,0.0234,0.0195,0.9126,997.523,500000,0.0039000000000000007,-0.007800000000000001,0.0039000000000000146,0.009553009996854402,tap3,slow,normal,20260810_133647,False
1000015,0.0234,0.0195,0.897,1000.015,500000,0.0039000000000000007,-0.007800000000000001,-0.011699999999999933,0.014592463808418318,tap3,slow,normal,20260810_133647,False
1002525,0.0156,0.0351,0.9087,1002.525,500000,-0.0039000000000000007,0.007799999999999998,0.0,0.00872066511224918,tap3,slow,normal,20260810_133647,False
1005013,0.0156,0.0312,0.9165,1005.013,500000,-0.0039000000000000007,0.0038999999999999972,0.007800000000000029,0.009553009996854418,tap3,slow,normal,20260810_133647,False
1007513,0.0234,0.0273,0.9126,1007.513,500000,0.0039000000000000007,0.0,0.0039000000000000146,0.005515432893255082,tap3,slow,normal,20260810_133647,False
1010016,0.0234,0.0234,0.9009,1010.016,500000,0.0039000000000000007,-0.0039000000000000007,-0.007799999999999918,0.009553009996854328,tap3,slow,normal,20260810_133647,False
1012523,0.0117,0.0351,0.897,1012.523,500000,-0.0078,0.007799999999999998,-0.011699999999999933,0.016080111939908825,tap3,slow,normal,20260810_133647,False
1015005,0.0195,0.0234,0.9087,1015.005,500000,0.0,-0.0039000000000000007,0.0,0.0039000000000000007,tap3,slow,normal,20260810_133647,False
1017507,0.0156,0.0312,0.9126,1017.507,500000,-0.0039000000000000007,0.0038999999999999972,0.0039000000000000146,0.006754998149518628,tap3,slow,normal,20260810_133647,False
1020015,0.0273,0.0234,0.9165,1020.015,500000,0.007800000000000001,-0.0039000000000000007,0.007800000000000029,0.011700000000000021,tap3,slow,normal,20260810_133647,False
1022526,0.0234,0.0195,0.9009,1022.526,500000,0.0039000000000000007,-0.007800000000000001,-0.007799999999999918,0.011699999999999947,tap3,slow,normal,20260810_133647,False
1025004,0.0234,0.0273,0.9087,1025.004,500000,0.0039000000000000007,0.0,0.0,0.0039000000000000007,tap3,slow,normal,20260810_133647,False
1027500,0.0273,0.0234,0.9048,1027.5,500000,0.007800000000000001,-0.0039000000000000007,-0.0038999999999999035,0.009553009996854357,tap3,slow,normal,20260810_133647,False
1030008,0.0156,0.0273,0.9126,1030.008,500000,-0.0039000000000000007,0.0,0.0039000000000000146,0.005515432893255082,tap3,slow,normal,20260810_133647,False
1032512,0.0156,0.0273,0.9087,1032.512,500000,-0.0039000000000000007,0.0,0.0,0.0039000000000000007,tap3,slow,normal,20260810_133647,False
1035000,0.0156,0.0312,0.9048,1035.0,500000,-0.0039000000000000007,0.0038999999999999972,-0.0038999999999999035,0.006754998149518564,tap3,slow,normal,20260810_133647,False
1037509,0.0156,0.0234,0.9165,1037.509,500000,-0.0039000000000000007,-0.0039000000000000007,0.007800000000000029,0.00955300999685442,tap3,slow,normal,20260810_133647,False
1040007,0.0156,0.0312,0.9126,1040.007,500000,-0.0039000000000000007,0.0038999999999999972,0.0039000000000000146,0.006754998149518628,tap3,slow,normal,20260810_133647,False
1042511,0.0117,0.0273,0.9126,1042.511,500000,-0.0078,0.0,0.0039000000000000146,0.008720665112249186,tap3,slow,normal,20260810_133647,False
1045019,0.0156,0.0273,0.9009,1045.019,500000,-0.0039000000000000007,0.0,-0.007799999999999918,0.008720665112249107,tap3,slow,normal,20260810_133647,False
1047519,0.0156,0.0234,0.9087,1047.519,500000,-0.0039000000000000007,-0.0039000000000000007,0.0,0.005515432893255071,tap3,slow,normal,20260810_133647,False
1050010,0.0195,0.0273,0.9009,1050.01,500000,0.0,0.0,-0.007799999999999918,0.007799999999999918,tap3,slow,normal,20260810_133647,False
1052520,0.0156,0.0195,0.9165,1052.52,500000,-0.0039000000000000007,-0.007800000000000001,0.007800000000000029,0.011700000000000021,tap3,slow,normal,20260810_133647,False
1055028,0.0156,0.0273,0.9087,1055.028,500000,-0.0039000000000000007,0.0,0.0,0.0039000000000000007,tap3,slow,normal,20260810_133647,False
1057524,0.0195,0.0273,0.9087,1057.524,500000,0.0,0.0,0.0,0.0,tap3,slow,normal,20260810_133647,False
1060014,0.0195,0.0234,0.9165,1060.014,500000,0.0,-0.0039000000000000007,0.007800000000000029,0.008720665112249207,tap3,slow,normal,20260810_133647,False
1062522,0.0195,0.0312,0.9009,1062.522,500000,0.0,0.0038999999999999972,-0.007799999999999918,0.008720665112249105,tap3,slow,normal,20260810_133647,False
1065000,0.0234,0.0273,0.9048,1065.0,500000,0.0039000000000000007,0.0,-0.0038999999999999035,0.005515432893255003,tap3,slow,normal,20260810_133647,False
1067505,0.0234,0.0312,0.9126,1067.505,500000,0.0039000000000000007,0.0038999999999999972,0.0039000000000000146,0.006754998149518628,tap3,slow,normal,20260810_133647,False
1070019,0.0273,0.0273,0.9204,1070.019,500000,0.007800000000000001,0.0,0.011700000000000044,0.014061649974309596,tap3,slow,normal,20260810_133647,False
1072528,0.0156,0.0273,0.9126,1072.528,500000,-0.0039000000000000007,0.0,0.0039000000000000146,0.005515432893255082,tap3,slow,normal,20260810_133647,False
1075001,0.0156,0.0273,0.9009,1075.001,500000,-0.0039000000000000007,0.0,-0.007799999999999918,0.008720665112249107,tap3,slow,normal,20260810_133647,False
1077500,0.0195,0.0234,0.9048,1077.5,500000,0.0,-0.0039000000000000007,-0.0038999999999999035,0.005515432893255003,tap3,slow,normal,20260810_133647,False
1080028,0.0156,0.0195,0.9087,1080.028,500000,-0.0039000000000000007,-0.007800000000000001,0.0,0.008720665112249181,tap3,slow,normal,20260810_133647,False
1082901,0.0117,0.0273,0.9048,1082.901,500000,-0.0078,0.0,-0.0038999999999999035,0.008720665112249136,tap3,slow,normal,20260810_133647,False
1085004,0.0117,0.0273,0.9048,1085.004,500000,-0.0078,0.0,-0.0038999999999999035,0.008720665112249136,tap3,slow,normal,20260810_133647,False
1087504,0.0156,0.0273,0.9048,1087.504,500000,-0.0039000000000000007,0.0,-0.0038999999999999035,0.005515432893255003,tap3,slow,normal,20260810_133647,False
1090013,0.0156,0.0273,0.9048,1090.013,500000,-0.0039000000000000007,0.0,-0.0038999999999999035,0.005515432893255003,tap3,slow,normal,20260810_133647,False
1092522,0.0156,0.0273,0.9009,1092.522,500000,-0.0039000000000000007,0.0,-0.007799999999999918,0.008720665112249107,tap3,slow,normal,20260810_133647,False
1095026,0.0156,0.0312,0.9126,1095.026,500000,-0.0039000000000000007,0.0038999999999999972,0.0039000000000000146,0.006754998149518628,tap3,slow,normal,20260810_133647,False
1097528,0.0117,0.0351,0.9126,1097.528,500000,-0.0078,0.007799999999999998,0.0039000000000000146,0.011700000000000004,tap3,slow,normal,20260810_133647,False
1100020,0.0117,0.0312,0.9048,1100.02,500000,-0.0078,0.0038999999999999972,-0.0038999999999999035,0.009553009996854354,tap3,slow,normal,20260810_133647,False
1102527,0.0195,0.0273,0.9165,1102.527,500000,0.0,0.0,0.007800000000000029,0.007800000000000029,tap3,slow,normal,20260810_133647,False
1105019,0.0234,0.0234,0.9204,1105.019,500000,0.0039000000000000007,-0.0039000000000000007,0.011700000000000044,0.012934836682386099,tap3,slow,normal,20260810_133647,False
1107516,0.0195,0.0195,0.9087,1107.516,500000,0.0,-0.007800000000000001,0.0,0.007800000000000001,tap3,slow,normal,20260810_133647,False
1110024,0.0156,0.0273,0.9087,1110.024,500000,-0.0039000000000000007,0.0,0.0,0.0039000000000000007,tap3,slow,normal,20260810_133647,False
1112502,0.0156,0.0312,0.9126,1112.502,500000,-0.0039000000000000007,0.0038999999999999972,0.0039000000000000146,0.006754998149518628,tap3,slow,normal,20260810_133647,False
1115010,0.0195,0.0312,0.8931,1115.01,500000,0.0,0.0038999999999999972,-0.015599999999999947,0.016080111939908825,tap3,slow,normal,20260810_133647,False
1117507,0.0117,0.0273,0.9087,1117.507,500000,-0.0078,0.0,0.0,0.0078,tap3,slow,normal,20260810_133647,False
1120010,0.0234,0.0273,0.9126,1120.01,500000,0.0039000000000000007,0.0,0.0039000000000000146,0.005515432893255082,tap3,slow,normal,20260810_133647,False
1122517,0.0156,0.0234,0.9048,1122.517,500000,-0.0039000000000000007,-0.0039000000000000007,-0.0038999999999999035,0.006754998149518567,tap3,slow,normal,20260810_133647,False
1125019,0.0234,0.0273,0.9087,1125.019,500000,0.0039000000000000007,0.0,0.0,0.0039000000000000007,tap3,slow,normal,20260810_133647,False
1127520,0.0156,0.0234,0.9126,1127.52,500000,-0.0039000000000000007,-0.0039000000000000007,0.0039000000000000146,0.006754998149518631,tap3,slow,normal,20260810_133647,False
1130008,0.0156,0.0351,0.9165,1130.008,500000,-0.0039000000000000007,0.007799999999999998,0.007800000000000029,0.011700000000000018,tap3,slow,normal,20260810_133647,False
1132515,0.0156,0.0195,0.9087,1132.515,500000,-0.0039000000000000007,-0.007800000000000001,0.0,0.008720665112249181,tap3,slow,normal,20260810_133647,False
1135028,0.0195,0.0312,0.9048,1135.028,500000,0.0,0.0038999999999999972,-0.0038999999999999035,0.005515432893255,tap3,slow,normal,20260810_133647,False
1137507,0.0156,0.0312,0.9048,1137.507,500000,-0.0039000000000000007,0.0038999999999999972,-0.0038999999999999035,0.006754998149518564,tap3,slow,normal,20260810_133647,False
1140002,0.0117,0.0273,0.9048,1140.002,500000,-0.0078,0.0,-0.0038999999999999035,0.008720665112249136,tap3,slow,normal,20260810_133647,False
1142514,0.0156,0.0312,0.9126,1142.514,500000,-0.0039000000000000007,0.0038999999999999972,0.0039000000000000146,0.006754998149518628,tap3,slow,normal,20260810_133647,False
1145009,0.0195,0.0351,0.9126,1145.009,500000,0.0,0.007799999999999998,0.0039000000000000146,0.008720665112249185,tap3,slow,normal,20260810_133647,False
1147514,0.0195,0.0351,0.9048,1147.514,500000,0.0,0.007799999999999998,-0.0038999999999999035,0.008720665112249134,tap3,slow,normal,20260810_133647,False
1150019,0.0234,0.0273,0.9048,1150.019,500000,0.0039000000000000007,0.0,-0.0038999999999999035,0.005515432893255003,tap3,slow,normal,20260810_133647,False
1152522,0.0156,0.0312,0.9009,1152.522,500000,-0.0039000000000000007,0.0038999999999999972,-0.007799999999999918,0.009553009996854326,tap3,slow,normal,20260810_133647,False
1155002,0.0195,0.0234,0.9048,1155.002,500000,0.0,-0.0039000000000000007,-0.0038999999999999035,0.005515432893255003,tap3,slow,normal,20260810_133647,False
1157529,0.0156,0.0312,0.9087,1157.529,500000,-0.0039000000000000007,0.0038999999999999972,0.0,0.0055154328932550695,tap3,slow,normal,20260810_133647,False
1160004,0.0156,0.0312,0.9009,1160.004,500000,-0.0039000000000000007,0.0038999999999999972,-0.007799999999999918,0.009553009996854326,tap3,slow,normal,20260810_133647,False
1162512,0.0117,0.0234,0.9126,1162.512,500000,-0.0078,-0.0039000000000000007,0.0039000000000000146,0.0095530099968544,tap3,slow,normal,20260810_133647,False
1165019,0.0195,0.0234,0.9126,1165.019,500000,0.0,-0.0039000000000000007,0.0039000000000000146,0.005515432893255082,tap3,slow,normal,20260810_133647,False
1167521,0.0195,0.0234,0.9048,1167.521,500000,0.0,-0.0039000000000000007,-0.0038999999999999035,0.005515432893255003,tap3,slow,normal,20260810_133647,False
1170010,0.0234,0.0312,0.9087,1170.01,500000,0.0039000000000000007,0.0038999999999999972,0.0,0.0055154328932550695,tap3,slow,normal,20260810_133647,False
1172514,0.0195,0.0312,0.9126,1172.514,500000,0.0,0.0038999999999999972,0.0039000000000000146,0.005515432893255079,tap3,slow,normal,20260810_133647,False
1175024,0.0195,0.0234,0.9126,1175.024,500000,0.0,-0.0039000000000000007,0.0039000000000000146,0.005515432893255082,tap3,slow,normal,20260810_133647,False
1177525,0.0195,0.0234,0.9048,1177.525,500000,0.0,-0.0039000000000000007,-0.0038999999999999035,0.005515432893255003,tap3,slow,normal,20260810_133647,False
1180008,0.0195,0.0234,0.9087,1180.008,500000,0.0,-0.0039000000000000007,0.0,0.0039000000000000007,tap3,slow,normal,20260810_133647,False
1182515,0.0117,0.0273,0.9087,1182.515,500000,-0.0078,0.0,0.0,0.0078,tap3,slow,normal,20260810_133647,False
1185213,0.0117,0.0273,0.9165,1185.213,500000,-0.0078,0.0,0.007800000000000029,0.011030865786510162,tap3,slow,normal,20260810_133647,False
1187508,0.0195,0.0312,0.9126,1187.508,500000,0.0,0.0038999999999999972,0.0039000000000000146,0.005515432893255079,tap3,slow,normal,20260810_133647,False
1190014,0.0195,0.0312,0.9126,1190.014,500000,0.0,0.0038999999999999972,0.0039000000000000146,0.005515432893255079,tap3,slow,normal,20260810_133647,False
1192518,0.0234,0.0312,0.9126,1192.518,500000,0.0039000000000000007,0.0038999999999999972,0.0039000000000000146,0.006754998149518628,tap3,slow,normal,20260810_133647,False
1195027,0.0273,0.0273,0.9126,1195.027,500000,0.007800000000000001,0.0,0.0039000000000000146,0.008720665112249188,tap3,slow,normal,20260810_133647,False
1197528,0.0156,0.0273,0.9087,1197.528,500000,-0.0039000000000000007,0.0,0.0,0.0039000000000000007,tap3,slow,normal,20260810_133647,False
1200018,0.0234,0.0273,0.9126,1200.018,500000,0.0039000000000000007,0.0,0.0039000000000000146,0.005515432893255082,tap3,slow,normal,20260810_133647,False
1202523,0.0234,0.0312,0.9204,1202.523,500000,0.0039000000000000007,0.0038999999999999972,0.011700000000000044,0.012934836682386099,tap3,slow,normal,20260810_133647,False
1205010,0.0195,0.0234,0.9087,1205.01,500000,0.0,-0.0039000000000000007,0.0,0.0039000000000000007,tap3,slow,normal,20260810_133647,False
1207506,0.0195,0.0351,0.9165,1207.506,500000,0.0,0.007799999999999998,0.007800000000000029,0.01103086578651016,tap3,slow,normal,20260810_133647,False
1210026,0.0156,0.0273,0.9087,1210.026,500000,-0.0039000000000000007,0.0,0.0,0.0039000000000000007,tap3,slow,normal,20260810_133647,False
1212506,0.0195,0.0351,0.9126,1212.506,500000,0.0,0.007799999999999998,0.0039000000000000146,0.008720665112249185,tap3,slow,normal,20260810_133647,False
1215013,0.0156,0.0273,0.9048,1215.013,500000,-0.0039000000000000007,0.0,-0.0038999999999999035,0.005515432893255003,tap3,slow,normal,20260810_133647,False
1217516,0.0156,0.0312,0.9165,1217.516,500000,-0.0039000000000000007,0.0038999999999999972,0.007800000000000029,0.009553009996854418,tap3,slow,normal,20260810_133647,False
1220020,0.0234,0.0312,0.9048,1220.02,500000,0.0039000000000000007,0.0038999999999999972,-0.0038999999999999035,0.006754998149518564,tap3,slow,normal,20260810_133647,False
1222528,0.0234,0.0234,0.9165,1222.528,500000,0.0039000000000000007,-0.0039000000000000007,0.007800000000000029,0.00955300999685442,tap3,slow,normal,20260810_133647,False
1225006,0.0195,0.0273,0.9126,1225.006,500000,0.0,0.0,0.0039000000000000146,0.0039000000000000146,tap3,slow,normal,20260810_133647,False
1227505,0.0156,0.0234,0.9048,1227.505,500000,-0.0039000000000000007,-0.0039000000000000007,-0.0038999999999999035,0.006754998149518567,tap3,slow,normal,20260810_133647,False
1230020,0.0234,0.0312,0.9048,1230.02,500000,0.0039000000000000007,0.0038999999999999972,-0.0038999999999999035,0.006754998149518564,tap3,slow,normal,20260810_133647,False
1232526,0.0156,0.0312,0.9048,1232.526,500000,-0.0039000000000000007,0.0038999999999999972,-0.0038999999999999035,0.006754998149518564,tap3,slow,normal,20260810_133647,False
1235015,0.0156,0.0273,0.9087,1235.015,500000,-0.0039000000000000007,0.0,0.0,0.0039000000000000007,tap3,slow,normal,20260810_133647,False
1237527,0.0156,0.0273,0.9165,1237.527,500000,-0.0039000000000000007,0.0,0.007800000000000029,0.008720665112249207,tap3,slow,normal,20260810_133647,False
1240007,0.0195,0.0234,0.9087,1240.007,500000,0.0,-0.0039000000000000007,0.0,0.0039000000000000007,tap3,slow,normal,20260810_133647,False
1242518,0.0195,0.0273,0.9204,1242.518,500000,0.0,0.0,0.011700000000000044,0.011700000000000044,tap3,slow,normal,20260810_133647,False
1245024,0.0156,0.0273,0.9204,1245.024,500000,-0.0039000000000000007,0.0,0.011700000000000044,0.012332882874656722,tap3,slow,normal,20260810_133647,False
1247523,0.0156,0.0234,0.9126,1247.523,500000,-0.0039000000000000007,-0.0039000000000000007,0.0039000000000000146,0.006754998149518631,tap3,slow,normal,20260810_133647,False
1250016,0.0234,0.0195,0.9087,1250.016,500000,0.0039000000000000007,-0.007800000000000001,0.0,0.008720665112249181,tap3,slow,normal,20260810_133647,False
1252524,0.0156,0.0351,0.9165,1252.524,500000,-0.0039000000000000007,0.007799999999999998,0.007800000000000029,0.011700000000000018,tap3,slow,normal,20260810_133647,False
1255027,0.0156,0.0312,0.9048,1255.027,500000,-0.0039000000000000007,0.0038999999999999972,-0.0038999999999999035,0.006754998149518564,tap3,slow,normal,20260810_133647,False
1257529,0.0195,0.0273,0.9087,1257.529,500000,0.0,0.0,0.0,0.0,tap3,slow,normal,20260810_133647,False
1260002,0.0156,0.0312,0.9048,1260.002,500000,-0.0039000000000000007,0.0038999999999999972,-0.0038999999999999035,0.006754998149518564,tap3,slow,normal,20260810_133647,False
1262508,0.0195,0.0273,0.9087,1262.508,500000,0.0,0.0,0.0,0.0,tap3,slow,normal,20260810_133647,False
1265015,0.0117,0.0312,0.9165,1265.015,500000,-0.0078,0.0038999999999999972,0.007800000000000029,0.011700000000000018,tap3,slow,normal,20260810_133647,False
1267512,0.0195,0.0273,0.8931,1267.512,500000,0.0,0.0,-0.015599999999999947,0.015599999999999947,tap3,slow,normal,20260810_133647,False
1270006,0.0273,0.0273,0.9048,1270.006,500000,0.007800000000000001,0.0,-0.0038999999999999035,0.008720665112249138,tap3,slow,normal,20260810_133647,False
1272508,0.0195,0.0234,0.9126,1272.508,500000,0.0,-0.0039000000000000007,0.0039000000000000146,0.005515432893255082,tap3,slow,normal,20260810_133647,False
1275029,0.0195,0.0351,0.9126,1275.029,500000,0.0,0.007799999999999998,0.0039000000000000146,0.008720665112249185,tap3,slow,normal,20260810_133647,False
1277506,0.0156,0.0234,0.897,1277.506,500000,-0.0039000000000000007,-0.0039000000000000007,-0.011699999999999933,0.012934836682385998,tap3,slow,normal,20260810_133647,False
1280012,0.0195,0.0234,0.9165,1280.012,500000,0.0,-0.0039000000000000007,0.007800000000000029,0.008720665112249207,tap3,slow,normal,20260810_133647,False
1282525,0.0156,0.0273,0.9048,1282.525,500000,-0.0039000000000000007,0.0,-0.0038999999999999035,0.005515432893255003,tap3,slow,normal,20260810_133647,False
1285029,0.0156,0.0273,0.9087,1285.029,500000,-0.0039000000000000007,0.0,0.0,0.0039000000000000007,tap3,slow,normal,20260810_133647,False
1287804,0.0156,0.0234,0.9048,1287.804,500000,-0.0039000000000000007,-0.0039000000000000007,-0.0038999999999999035,0.006754998149518567,tap3,slow,normal,20260810_133647,False
1290019,0.0195,0.0234,0.9048,1290.019,500000,0.0,-0.0039000000000000007,-0.0038999999999999035,0.005515432893255003,tap3,slow,normal,20260810_133647,False
1292528,0.0234,0.0234,0.9009,1292.528,500000,0.0039000000000000007,-0.0039000000000000007,-0.007799999999999918,0.009553009996854328,tap3,slow,normal,20260810_133647,False
1295009,0.0234,0.0234,0.9009,1295.009,500000,0.0039000000000000007,-0.0039000000000000007,-0.007799999999999918,0.009553009996854328,tap3,slow,normal,20260810_133647,False
1297515,0.0156,0.0312,0.9087,1297.515,500000,-0.0039000000000000007,0.0038999999999999972,0.0,0.0055154328932550695,tap3,slow,normal,20260810_133647,False
1300002,0.0156,0.0312,0.9087,1300.002,500000,-0.0039000000000000007,0.0038999999999999972,0.0,0.0055154328932550695,tap3,slow,normal,20260810_133647,False
1302514,0.0195,0.0273,0.9087,1302.514,500000,0.0,0.0,0.0,0.0,tap3,slow,normal,20260810_133647,False
1305027,0.0156,0.0273,0.9165,1305.027,500000,-0.0039000000000000007,0.0,0.007800000000000029,0.008720665112249207,tap3,slow,normal,20260810_133647,False
1307523,0.0195,0.0234,0.9126,1307.523,500000,0.0,-0.0039000000000000007,0.0039000000000000146,0.005515432893255082,tap3,slow,normal,20260810_133647,False
1310015,0.0195,0.0273,0.9126,1310.015,500000,0.0,0.0,0.0039000000000000146,0.0039000000000000146,tap3,slow,normal,20260810_133647,False
1312525,0.0117,0.0234,0.897,1312.525,500000,-0.0078,-0.0039000000000000007,-0.011699999999999933,0.014592463808418318,tap3,slow,normal,20260810_133647,False
1315005,0.0156,0.0234,0.9126,1315.005,500000,-0.0039000000000000007,-0.0039000000000000007,0.0039000000000000146,0.006754998149518631,tap3,slow,normal,20260810_133647,False
1317528,0.0117,0.0312,0.9048,1317.528,500000,-0.0078,0.0038999999999999972,-0.0038999999999999035,0.009553009996854354,tap3,slow,normal,20260810_133647,False
1320017,0.0117,0.0312,0.9048,1320.017,500000,-0.0078,0.0038999999999999972,-0.0038999999999999035,0.009553009996854354,tap3,slow,normal,20260810_133647,False
1322526,0.0156,0.0234,0.9126,1322.526,500000,-0.0039000000000000007,-0.0039000000000000007,0.0039000000000000146,0.006754998149518631,tap3,slow,normal,20260810_133647,False
1325004,0.0156,0.0312,0.9165,1325.004,500000,-0.0039000000000000007,0.0038999999999999972,0.007800000000000029,0.009553009996854418,tap3,slow,normal,20260810_133647,False
1327507,0.0273,0.0195,0.9048,1327.507,500000,0.007800000000000001,-0.007800000000000001,-0.0038999999999999035,0.011699999999999969,tap3,slow,normal,20260810_133647,False
1330006,0.0273,0.0273,0.9087,1330.006,500000,0.007800000000000001,0.0,0.0,0.007800000000000001,tap3,slow,normal,20260810_133647,False
1332514,0.0234,0.0234,0.9087,1332.514,500000,0.0039000000000000007,-0.0039000000000000007,0.0,0.005515432893255071,tap3,slow,normal,20260810_133647,False
1335012,0.0156,0.0312,0.9087,1335.012,500000,-0.0039000000000000007,0.0038999999999999972,0.0,0.0055154328932550695,tap3,slow,normal,20260810_133647,False
1337519,0.0234,0.0273,0.9165,1337.519,500000,0.0039000000000000007,0.0,0.007800000000000029,0.008720665112249207,tap3,slow,normal,20260810_133647,False
1340006,0.0117,0.039,0.9126,1340.006,500000,-0.0078,0.011699999999999999,0.0039000000000000146,0.014592463808418374,tap3,slow,normal,20260810_133647,False
1342526,0.0078,0.0351,0.9165,1342.526,500000,-0.0117,0.007799999999999998,0.007800000000000029,0.016080111939908888,tap3,slow,normal,20260810_133647,False
1345009,0.0234,0.0273,0.9126,1345.009,500000,0.0039000000000000007,0.0,0.0039000000000000146,0.005515432893255082,tap3,slow,normal,20260810_133647,False
1347505,0.0195,0.0273,0.9165,1347.505,500000,0.0,0.0,0.007800000000000029,0.007800000000000029,tap3,slow,normal,20260810_133647,False
1350012,0.0195,0.0273,0.9087,1350.012,500000,0.0,0.0,0.0,0.0,tap3,slow,normal,20260810_133647,False
1352518,0.0117,0.0312,0.9126,1352.518,500000,-0.0078,0.0038999999999999972,0.0039000000000000146,0.0095530099968544,tap3,slow,normal,20260810_133647,False
1355021,0.0156,0.0195,0.9087,1355.021,500000,-0.0039000000000000007,-0.007800000000000001,0.0,0.008720665112249181,tap3,slow,normal,20260810_133647,False
1357517,0.0195,0.0312,0.9048,1357.517,500000,0.0,0.0038999999999999972,-0.0038999999999999035,0.005515432893255,tap3,slow,normal,20260810_133647,False
1360008,0.0195,0.0273,0.9048,1360.008,500000,0.0,0.0,-0.0038999999999999035,0.0038999999999999035,tap3,slow,normal,20260810_133647,False
1362517,0.0195,0.0273,0.9048,1362.517,500000,0.0,0.0,-0.0038999999999999035,0.0038999999999999035,tap3,slow,normal,20260810_133647,False
1365026,0.0195,0.0273,0.9087,1365.026,500000,0.0,0.0,0.0,0.0,tap3,slow,normal,20260810_133647,False
1367517,0.0117,0.0312,0.9087,1367.517,500000,-0.0078,0.0038999999999999972,0.0,0.00872066511224918,tap3,slow,normal,20260810_133647,False
1370010,0.0195,0.0273,0.9048,1370.01,500000,0.0,0.0,-0.0038999999999999035,0.0038999999999999035,tap3,slow,normal,20260810_133647,False
1372519,0.0195,0.0312,0.9087,1372.519,500000,0.0,0.0038999999999999972,0.0,0.0038999999999999972,tap3,slow,normal,20260810_133647,False
1375026,0.0156,0.0234,0.9048,1375.026,500000,-0.0039000000000000007,-0.0039000000000000007,-0.0038999999999999035,0.006754998149518567,tap3,slow,normal,20260810_133647,False
1377529,0.0273,0.0273,0.9165,1377.529,500000,0.007800000000000001,0.0,0.007800000000000029,0.011030865786510163,tap3,slow,normal,20260810_133647,False
1380029,0.0234,0.0195,0.9048,1380.029,500000,0.0039000000000000007,-0.007800000000000001,-0.0038999999999999035,0.009553009996854357,tap3,slow,normal,20260810_133647,False
1382506,0.0195,0.0312,0.9087,1382.506,500000,0.0,0.0038999999999999972,0.0,0.0038999999999999972,tap3,slow,normal,20260810_133647,False
1385014,0.0117,0.0273,0.9282,1385.014,500000,-0.0078,0.0,0.019500000000000073,0.021002142747824634,tap3,slow,normal,20260810_133647,False
1387510,0.0078,0.0312,0.9048,1387.51,500000,-0.0117,0.0038999999999999972,-0.0038999999999999035,0.01293483668238603,tap3,slow,normal,20260810_133647,False
1390099,0.0195,0.0273,0.9126,1390.099,500000,0.0,0.0,0.0039000000000000146,0.0039000000000000146,tap3,slow,normal,20260810_133647,False
1392514,0.0117,0.0273,0.9009,1392.514,500000,-0.0078,0.0,-0.007799999999999918,0.011030865786510084,tap3,slow,normal,20260810_133647,False
1395017,0.0234,0.0234,0.9126,1395.017,500000,0.0039000000000000007,-0.0039000000000000007,0.0039000000000000146,0.006754998149518631,tap3,slow,normal,20260810_133647,False
1397519,0.0195,0.0273,0.9087,1397.519,500000,0.0,0.0,0.0,0.0,tap3,slow,normal,20260810_133647,False
1400004,0.0195,0.0273,0.9087,1400.004,500000,0.0,0.0,0.0,0.0,tap3,slow,normal,20260810_133647,False
1402511,0.0195,0.0195,0.9204,1402.511,500000,0.0,-0.007800000000000001,0.011700000000000044,0.014061649974309596,tap3,slow,normal,20260810_133647,False
1405022,0.0117,0.0234,0.9126,1405.022,500000,-0.0078,-0.0039000000000000007,0.0039000000000000146,0.0095530099968544,tap3,slow,normal,20260810_133647,False
1407513,0.0156,0.0312,0.9165,1407.513,500000,-0.0039000000000000007,0.0038999999999999972,0.007800000000000029,0.009553009996854418,tap3,slow,normal,20260810_133647,False
1410028,0.0234,0.0273,0.9165,1410.028,500000,0.0039000000000000007,0.0,0.007800000000000029,0.008720665112249207,tap3,slow,normal,20260810_133647,False
1412505,0.0156,0.0273,0.9165,1412.505,500000,-0.0039000000000000007,0.0,0.007800000000000029,0.008720665112249207,tap3,slow,normal,20260810_133647,False
1415019,0.0156,0.0273,0.9165,1415.019,500000,-0.0039000000000000007,0.0,0.007800000000000029,0.008720665112249207,tap3,slow,normal,20260810_133647,False
1417513,0.0156,0.0273,0.9087,1417.513,500000,-0.0039000000000000007,0.0,0.0,0.0039000000000000007,tap3,slow,normal,20260810_133647,False
1420006,0.0195,0.0273,0.9165,1420.006,500000,0.0,0.0,0.007800000000000029,0.007800000000000029,tap3,slow,normal,20260810_133647,False
1422509,0.0117,0.039,0.9204,1422.509,500000,-0.0078,0.011699999999999999,0.011700000000000044,0.0182926214633114,tap3,slow,normal,20260810_133647,False
1425015,0.0195,0.0273,0.9126,1425.015,500000,0.0,0.0,0.0039000000000000146,0.0039000000000000146,tap3,slow,normal,20260810_133647,False
1427512,0.0273,0.0234,0.9126,1427.512,500000,0.007800000000000001,-0.0039000000000000007,0.0039000000000000146,0.009553009996854402,tap3,slow,normal,20260810_133647,False
1430009,0.0117,0.0273,0.9048,1430.009,500000,-0.0078,0.0,-0.0038999999999999035,0.008720665112249136,tap3,slow,normal,20260810_133647,False
1432511,0.0234,0.0273,0.9048,1432.511,500000,0.0039000000000000007,0.0,-0.0038999999999999035,0.005515432893255003,tap3,slow,normal,20260810_133647,False
1435006,0.0234,0.0312,0.8931,1435.006,500000,0.0039000000000000007,0.0038999999999999972,-0.015599999999999947,0.016546298679765162,tap3,slow,normal,20260810_133647,False
1437511,0.0195,0.0273,0.9009,1437.511,500000,0.0,0.0,-0.007799999999999918,0.007799999999999918,tap3,slow,normal,20260810_133647,False
1440015,0.0195,0.0351,0.9009,1440.015,500000,0.0,0.007799999999999998,-0.007799999999999918,0.011030865786510082,tap3,slow,normal,20260810_133647,False
1442523,0.0195,0.0273,0.9204,1442.523,500000,0.0,0.0,0.011700000000000044,0.011700000000000044,tap3,slow,normal,20260810_133647,False
1445002,0.0156,0.0273,0.9048,1445.002,500000,-0.0039000000000000007,0.0,-0.0038999999999999035,0.005515432893255003,tap3,slow,normal,20260810_133647,False
1447529,0.0195,0.0273,0.9087,1447.529,500000,0.0,0.0,0.0,0.0,tap3,slow,normal,20260810_133647,False
1450029,0.0195,0.0273,0.9087,1450.029,500000,0.0,0.0,0.0,0.0,tap3,slow,normal,20260810_133647,False
1452503,0.0234,0.0234,0.9087,1452.503,500000,0.0039000000000000007,-0.0039000000000000007,0.0,0.005515432893255071,tap3,slow,normal,20260810_133647,False
1455013,0.0234,0.0273,0.9048,1455.013,500000,0.0039000000000000007,0.0,-0.0038999999999999035,0.005515432893255003,tap3,slow,normal,20260810_133647,False
1457509,0.0195,0.0234,0.9009,1457.509,500000,0.0,-0.0039000000000000007,-0.007799999999999918,0.008720665112249107,tap3,slow,normal,20260810_133647,False
1460007,0.0156,0.0273,0.9087,1460.007,500000,-0.0039000000000000007,0.0,0.0,0.0039000000000000007,tap3,slow,normal,20260810_133647,False
1462511,0.0156,0.0273,0.9126,1462.511,500000,-0.0039000000000000007,0.0,0.0039000000000000146,0.005515432893255082,tap3,slow,normal,20260810_133647,False
1465017,0.0156,0.0234,0.9048,1465.017,500000,-0.0039000000000000007,-0.0039000000000000007,-0.0038999999999999035,0.006754998149518567,tap3,slow,normal,20260810_133647,False
1467516,0.0195,0.0273,0.9048,1467.516,500000,0.0,0.0,-0.0038999999999999035,0.0038999999999999035,tap3,slow,normal,20260810_133647,False
1470020,0.0156,0.0234,0.9048,1470.02,500000,-0.0039000000000000007,-0.0039000000000000007,-0.0038999999999999035,0.006754998149518567,tap3,slow,normal,20260810_133647,False
1472508,0.0156,0.0273,0.9048,1472.508,500000,-0.0039000000000000007,0.0,-0.0038999999999999035,0.005515432893255003,tap3,slow,normal,20260810_133647,False
1475020,0.0195,0.0273,0.9126,1475.02,500000,0.0,0.0,0.0039000000000000146,0.0039000000000000146,tap3,slow,normal,20260810_133647,False
1477518,0.0234,0.0312,0.9087,1477.518,500000,0.0039000000000000007,0.0038999999999999972,0.0,0.0055154328932550695,tap3,slow,normal,20260810_133647,False
1480013,0.0234,0.0234,0.9087,1480.013,500000,0.0039000000000000007,-0.0039000000000000007,0.0,0.005515432893255071,tap3,slow,normal,20260810_133647,False
1482520,0.0234,0.0273,0.9048,1482.52,500000,0.0039000000000000007,0.0,-0.0038999999999999035,0.005515432893255003,tap3,slow,normal,20260810_133647,False
1485026,0.0156,0.0273,0.9087,1485.026,500000,-0.0039000000000000007,0.0,0.0,0.0039000000000000007,tap3,slow,normal,20260810_133647,False
1487527,0.0117,0.0234,0.9087,1487.527,500000,-0.0078,-0.0039000000000000007,0.0,0.00872066511224918,tap3,slow,normal,20260810_133647,False
1490010,0.0195,0.0312,0.9126,1490.01,500000,0.0,0.0038999999999999972,0.0039000000000000146,0.005515432893255079,tap3,slow,normal,20260810_133647,False
1492513,0.0195,0.0312,0.9126,1492.513,500000,0.0,0.0038999999999999972,0.0039000000000000146,0.005515432893255079,tap3,slow,normal,20260810_133647,False
1495017,0.0234,0.0195,0.9087,1495.017,500000,0.0039000000000000007,-0.007800000000000001,0.0,0.008720665112249181,tap3,slow,normal,20260810_133647,False
1497520,0.0117,0.0312,0.9087,1497.52,500000,-0.0078,0.0038999999999999972,0.0,0.00872066511224918,tap3,slow,normal,20260810_133647,False
1500009,0.0156,0.0312,0.9165,1500.009,500000,-0.0039000000000000007,0.0038999999999999972,0.007800000000000029,0.009553009996854418,tap3,slow,normal,20260810_133647,False
1502509,0.0117,0.0273,0.9126,1502.509,500000,-0.0078,0.0,0.0039000000000000146,0.008720665112249186,tap3,slow,normal,20260810_133647,False
1505019,0.0195,0.0312,0.9087,1505.019,500000,0.0,0.0038999999999999972,0.0,0.0038999999999999972,tap3,slow,normal,20260810_133647,False
1507519,0.0156,0.0273,0.9204,1507.519,500000,-0.0039000000000000007,0.0,0.011700000000000044,0.012332882874656722,tap3,slow,normal,20260810_133647,False
1510012,0.0156,0.0273,0.9204,1510.012,500000,-0.0039000000000000007,0.0,0.011700000000000044,0.012332882874656722,tap3,slow,normal,20260810_133647,False
1512520,0.0156,0.0234,0.9243,1512.52,500000,-0.0039000000000000007,-0.0039000000000000007,0.015600000000000058,0.01654629867976527,tap3,slow,normal,20260810_133647,False
1515024,0.0156,0.0234,0.9165,1515.024,500000,-0.0039000000000000007,-0.0039000000000000007,0.007800000000000029,0.00955300999685442,tap3,slow,normal,20260810_133647,False
1517521,0.0195,0.0273,0.9165,1517.521,500000,0.0,0.0,0.007800000000000029,0.007800000000000029,tap3,slow,normal,20260810_133647,False
1520008,0.0312,0.0273,0.9009,1520.008,500000,0.011699999999999999,0.0,-0.007799999999999918,0.014061649974309512,tap3,slow,normal,20260810_133647,False
1522516,0.0234,0.0273,0.9087,1522.516,500000,0.0039000000000000007,0.0,0.0,0.0039000000000000007,tap3,slow,normal,20260810_133647,False
1525022,0.0156,0.0273,0.9204,1525.022,500000,-0.0039000000000000007,0.0,0.011700000000000044,0.012332882874656722,tap3,slow,normal,20260810_133647,False
1527522,0.0234,0.0312,0.9087,1527.522,500000,0.0039000000000000007,0.0038999999999999972,0.0,0.0055154328932550695,tap3,slow,normal,20260810_133647,False
1530012,0.0156,0.0195,0.9087,1530.012,500000,-0.0039000000000000007,-0.007800000000000001,0.0,0.008720665112249181,tap3,slow,normal,20260810_133647,False
1532514,0.0195,0.0234,0.9087,1532.514,500000,0.0,-0.0039000000000000007,0.0,0.0039000000000000007,tap3,slow,normal,20260810_133647,False
1535009,0.0234,0.0234,0.9165,1535.009,500000,0.0039000000000000007,-0.0039000000000000007,0.007800000000000029,0.00955300999685442,tap3,slow,normal,20260810_133647,False
1537502,0.0195,0.0273,0.9126,1537.502,500000,0.0,0.0,0.0039000000000000146,0.0039000000000000146,tap3,slow,normal,20260810_133647,False
1540018,0.0156,0.039,0.9126,1540.018,500000,-0.0039000000000000007,0.011699999999999999,0.0039000000000000146,0.012934836682386064,tap3,slow,normal,20260810_133647,False
1542522,0.0234,0.0312,0.9165,1542.522,500000,0.0039000000000000007,0.0038999999999999972,0.007800000000000029,0.009553009996854418,tap3,slow,normal,20260810_133647,False
1545029,0.0234,0.0312,0.9126,1545.029,500000,0.0039000000000000007,0.0038999999999999972,0.0039000000000000146,0.006754998149518628,tap3,slow,normal,20260810_133647,False
1547502,0.0195,0.0234,0.9126,1547.502,500000,0.0,-0.0039000000000000007,0.0039000000000000146,0.005515432893255082,tap3,slow,normal,20260810_133647,False
1550004,0.0156,0.0312,0.9048,1550.004,500000,-0.0039000000000000007,0.0038999999999999972,-0.0038999999999999035,0.006754998149518564,tap3,slow,normal,20260810_133647,False
1552508,0.0195,0.0234,0.9048,1552.508,500000,0.0,-0.0039000000000000007,-0.0038999999999999035,0.005515432893255003,tap3,slow,normal,20260810_133647,False
1555011,0.0156,0.0273,0.9048,1555.011,500000,-0.0039000000000000007,0.0,-0.0038999999999999035,0.005515432893255003,tap3,slow,normal,20260810_133647,False
1557512,0.0156,0.0234,0.9048,1557.512,500000,-0.0039000000000000007,-0.0039000000000000007,-0.0038999999999999035,0.006754998149518567,tap3,slow,normal,20260810_133647,False
1560007,0.0195,0.0234,0.9126,1560.007,500000,0.0,-0.0039000000000000007,0.0039000000000000146,0.005515432893255082,tap3,slow,normal,20260810_133647,False
1562515,0.0156,0.0234,0.9087,1562.515,500000,-0.0039000000000000007,-0.0039000000000000007,0.0,0.005515432893255071,tap3,slow,normal,20260810_133647,False
1565022,0.0078,0.0273,0.9165,1565.022,500000,-0.0117,0.0,0.007800000000000029,0.014061649974309575,tap3,slow,normal,20260810_133647,False
1567518,0.0156,0.0312,0.9126,1567.518,500000,-0.0039000000000000007,0.0038999999999999972,0.0039000000000000146,0.006754998149518628,tap3,slow,normal,20260810_133647,False
1570004,0.0156,0.0273,0.9087,1570.004,500000,-0.0039000000000000007,0.0,0.0,0.0039000000000000007,tap3,slow,normal,20260810_133647,False
1572510,0.0234,0.0312,0.9087,1572.51,500000,0.0039000000000000007,0.0038999999999999972,0.0,0.0055154328932550695,tap3,slow,normal,20260810_133647,False
1575014,0.0195,0.0312,0.9087,1575.014,500000,0.0,0.0038999999999999972,0.0,0.0038999999999999972,tap3,slow,normal,20260810_133647,False
1577515,0.0156,0.0312,0.9087,1577.515,500000,-0.0039000000000000007,0.0038999999999999972,0.0,0.0055154328932550695,tap3,slow,normal,20260810_133647,False
1580010,0.0156,0.0234,0.9165,1580.01,500000,-0.0039000000000000007,-0.0039000000000000007,0.007800000000000029,0.00955300999685442,tap3,slow,normal,20260810_133647,False
1582517,0.0234,0.0273,0.9087,1582.517,500000,0.0039000000000000007,0.0,0.0,0.0039000000000000007,tap3,slow,normal,20260810_133647,False
1585019,0.0156,0.0312,0.9009,1585.019,500000,-0.0039000000000000007,0.0038999999999999972,-0.007799999999999918,0.009553009996854326,tap3,slow,normal,20260810_133647,False
1587521,0.0117,0.0234,0.9087,1587.521,500000,-0.0078,-0.0039000000000000007,0.0,0.00872066511224918,tap3,slow,normal,20260810_133647,False
1590013,0.0312,0.0273,0.9087,1590.013,500000,0.011699999999999999,0.0,0.0,0.011699999999999999,tap3,slow,normal,20260810_133647,False
1592515,0.0117,0.0351,0.9126,1592.515,500000,-0.0078,0.007799999999999998,0.0039000000000000146,0.011700000000000004,tap3,slow,normal,20260810_133647,False
1595018,0.0117,0.0234,0.9087,1595.018,500000,-0.0078,-0.0039000000000000007,0.0,0.00872066511224918,tap3,slow,normal,20260810_133647,False
1597518,0.0156,0.0312,0.9087,1597.518,500000,-0.0039000000000000007,0.0038999999999999972,0.0,0.0055154328932550695,tap3,slow,normal,20260810_133647,False
1600017,0.0156,0.0273,0.9009,1600.017,500000,-0.0039000000000000007,0.0,-0.007799999999999918,0.008720665112249107,tap3,slow,normal,20260810_133647,False
1602535,0.0078,0.0195,0.9048,1602.535,500000,-0.0117,-0.007800000000000001,-0.0038999999999999035,0.014592463808418346,tap3,slow,normal,20260810_133647,False
1605010,0.0156,0.0273,0.9048,1605.01,500000,-0.0039000000000000007,0.0,-0.0038999999999999035,0.005515432893255003,tap3,slow,normal,20260810_133647,False
1607509,0.0156,0.0273,0.9087,1607.509,500000,-0.0039000000000000007,0.0,0.0,0.0039000000000000007,tap3,slow,normal,20260810_133647,False
1610001,0.0273,0.0234,0.9048,1610.001,500000,0.007800000000000001,-0.0039000000000000007,-0.0038999999999999035,0.009553009996854357,tap3,slow,normal,20260810_133647,False
1612510,0.0273,0.0234,0.9048,1612.51,500000,0.007800000000000001,-0.0039000000000000007,-0.0038999999999999035,0.009553009996854357,tap3,slow,normal,20260810_133647,False
1615020,0.0156,0.0273,0.9048,1615.02,500000,-0.0039000000000000007,0.0,-0.0038999999999999035,0.005515432893255003,tap3,slow,normal,20260810_133647,False
1617516,0.0312,0.0234,0.9165,1617.516,500000,0.011699999999999999,-0.0039000000000000007,0.007800000000000029,0.014592463808418386,tap3,slow,normal,20260810_133647,False
1620018,0.0234,0.0273,0.9126,1620.018,500000,0.0039000000000000007,0.0,0.0039000000000000146,0.005515432893255082,tap3,slow,normal,20260810_133647,False
1622522,0.0195,0.0273,0.9087,1622.522,500000,0.0,0.0,0.0,0.0,tap3,slow,normal,20260810_133647,False
1625001,0.0234,0.0195,0.9087,1625.001,500000,0.0039000000000000007,-0.007800000000000001,0.0,0.008720665112249181,tap3,slow,normal,20260810_133647,False
1627528,0.0273,0.0234,0.9009,1627.528,500000,0.007800000000000001,-0.0039000000000000007,-0.007799999999999918,0.011699999999999947,tap3,slow,normal,20260810_133647,False
1630017,0.0195,0.0234,0.9126,1630.017,500000,0.0,-0.0039000000000000007,0.0039000000000000146,0.005515432893255082,tap3,slow,normal,20260810_133647,False
1632527,0.0195,0.0234,0.9165,1632.527,500000,0.0,-0.0039000000000000007,0.007800000000000029,0.008720665112249207,tap3,slow,normal,20260810_133647,False
1635027,0.0117,0.0312,0.9048,1635.027,500000,-0.0078,0.0038999999999999972,-0.0038999999999999035,0.009553009996854354,tap3,slow,normal,20260810_133647,False
1637503,0.0156,0.0273,0.9165,1637.503,500000,-0.0039000000000000007,0.0,0.007800000000000029,0.008720665112249207,tap3,slow,normal,20260810_133647,False
1640007,0.0234,0.0234,0.9165,1640.007,500000,0.0039000000000000007,-0.0039000000000000007,0.007800000000000029,0.00955300999685442,tap3,slow,normal,20260810_133647,False
1642510,0.0156,0.039,0.9126,1642.51,500000,-0.0039000000000000007,0.011699999999999999,0.0039000000000000146,0.012934836682386064,tap3,slow,normal,20260810_133647,False
1645017,0.0195,0.0312,0.9087,1645.017,500000,0.0,0.0038999999999999972,0.0,0.0038999999999999972,tap3,slow,normal,20260810_133647,False
1647515,0.0195,0.0234,0.9204,1647.515,500000,0.0,-0.0039000000000000007,0.011700000000000044,0.012332882874656722,tap3,slow,normal,20260810_133647,False
1650016,0.0195,0.0273,0.9165,1650.016,500000,0.0,0.0,0.007800000000000029,0.007800000000000029,tap3,slow,normal,20260810_133647,False
1652522,0.0156,0.0312,0.9048,1652.522,500000,-0.0039000000000000007,0.0038999999999999972,-0.0038999999999999035,0.006754998149518564,tap3,slow,normal,20260810_133647,False
1655000,0.0156,0.0273,0.9126,1655.0,500000,-0.0039000000000000007,0.0,0.0039000000000000146,0.005515432893255082,tap3,slow,normal,20260810_133647,False
1657502,0.0156,0.0273,0.9126,1657.502,500000,-0.0039000000000000007,0.0,0.0039000000000000146,0.005515432893255082,tap3,slow,normal,20260810_133647,False
1660013,0.0117,0.0312,0.9087,1660.013,500000,-0.0078,0.0038999999999999972,0.0,0.00872066511224918,tap3,slow,normal,20260810_133647,False
1662521,0.0156,0.0351,0.9009,1662.521,500000,-0.0039000000000000007,0.007799999999999998,-0.007799999999999918,0.011699999999999945,tap3,slow,normal,20260810_133647,False
1665028,0.0117,0.0312,0.9048,1665.028,500000,-0.0078,0.0038999999999999972,-0.0038999999999999035,0.009553009996854354,tap3,slow,normal,20260810_133647,False
1667501,0.0234,0.0312,0.9126,1667.501,500000,0.0039000000000000007,0.0038999999999999972,0.0039000000000000146,0.006754998149518628,tap3,slow,normal,20260810_133647,False
1670019,0.0234,0.0273,0.9126,1670.019,500000,0.0039000000000000007,0.0,0.0039000000000000146,0.005515432893255082,tap3,slow,normal,20260810_133647,False
1672526,0.0156,0.0312,0.9087,1672.526,500000,-0.0039000000000000007,0.0038999999999999972,0.0,0.0055154328932550695,tap3,slow,normal,20260810_133647,False
1675029,0.0195,0.0273,0.9048,1675.029,500000,0.0,0.0,-0.0038999999999999035,0.0038999999999999035,tap3,slow,normal,20260810_133647,False
1677527,0.0195,0.0273,0.9048,1677.527,500000,0.0,0.0,-0.0038999999999999035,0.0038999999999999035,tap3,slow,normal,20260810_133647,False
1680009,0.0195,0.0273,0.9126,1680.009,500000,0.0,0.0,0.0039000000000000146,0.0039000000000000146,tap3,slow,normal,20260810_133647,False
1682513,0.0117,0.0273,0.9087,1682.513,500000,-0.0078,0.0,0.0,0.0078,tap3,slow,normal,20260810_133647,False
1685018,0.0234,0.0234,0.9165,1685.018,500000,0.0039000000000000007,-0.0039000000000000007,0.007800000000000029,0.00955300999685442,tap3,slow,normal,20260810_133647,False
1687520,0.0117,0.0273,0.9165,1687.52,500000,-0.0078,0.0,0.007800000000000029,0.011030865786510162,tap3,slow,normal,20260810_133647,False
1690016,0.0234,0.0234,0.9165,1690.016,500000,0.0039000000000000007,-0.0039000000000000007,0.007800000000000029,0.00955300999685442,tap3,slow,normal,20260810_133647,False
1692527,0.0156,0.0234,0.9048,1692.527,500000,-0.0039000000000000007,-0.0039000000000000007,-0.0038999999999999035,0.006754998149518567,tap3,slow,normal,20260810_133647,False
1695029,0.0273,0.0156,0.9126,1695.029,500000,0.007800000000000001,-0.011700000000000002,0.0039000000000000146,0.014592463808418377,tap3,slow,normal,20260810_133647,False
1697503,0.0156,0.0195,0.9009,1697.503,500000,-0.0039000000000000007,-0.007800000000000001,-0.007799999999999918,0.011699999999999947,tap3,slow,normal,20260810_133647,False
1700022,0.0195,0.0273,0.9087,1700.022,500000,0.0,0.0,0.0,0.0,tap3,slow,normal,20260810_133647,False
1702529,0.0195,0.0234,0.9048,1702.529,500000,0.0,-0.0039000000000000007,-0.0038999999999999035,0.005515432893255003,tap3,slow,normal,20260810_133647,False
1705017,0.0195,0.0273,0.9009,1705.017,500000,0.0,0.0,-0.007799999999999918,0.007799999999999918,tap3,slow,normal,20260810_133647,False
1707516,0.0195,0.0351,0.9087,1707.516,500000,0.0,0.007799999999999998,0.0,0.007799999999999998,tap3,slow,normal,20260810_133647,False
1710021,0.0156,0.0234,0.9048,1710.021,500000,-0.0039000000000000007,-0.0039000000000000007,-0.0038999999999999035,0.006754998149518567,tap3,slow,normal,20260810_133647,False
1712523,0.0234,0.0195,0.9009,1712.523,500000,0.0039000000000000007,-0.007800000000000001,-0.007799999999999918,0.011699999999999947,tap3,slow,normal,20260810_133647,False
1715006,0.0156,0.0312,0.9087,1715.006,500000,-0.0039000000000000007,0.0038999999999999972,0.0,0.0055154328932550695,tap3,slow,normal,20260810_133647,False
1717529,0.0156,0.0234,0.9126,1717.529,500000,-0.0039000000000000007,-0.0039000000000000007,0.0039000000000000146,0.006754998149518631,tap3,slow,normal,20260810_133647,False
1720003,0.0156,0.0234,0.9126,1720.003,500000,-0.0039000000000000007,-0.0039000000000000007,0.0039000000000000146,0.006754998149518631,tap3,slow,normal,20260810_133647,False
1722506,0.0195,0.0234,0.9165,1722.506,500000,0.0,-0.0039000000000000007,0.007800000000000029,0.008720665112249207,tap3,slow,normal,20260810_133647,False
1725016,0.0234,0.0234,0.9048,1725.016,500000,0.0039000000000000007,-0.0039000000000000007,-0.0038999999999999035,0.006754998149518567,tap3,slow,normal,20260810_133647,False
1727512,0.0156,0.0234,0.9243,1727.512,500000,-0.0039000000000000007,-0.0039000000000000007,0.015600000000000058,0.01654629867976527,tap3,slow,normal,20260810_133647,False
1730004,0.0273,0.0234,0.9087,1730.004,500000,0.007800000000000001,-0.0039000000000000007,0.0,0.008720665112249181,tap3,slow,normal,20260810_133647,False
1732507,0.0234,0.0156,0.9009,1732.507,500000,0.0039000000000000007,-0.011700000000000002,-0.007799999999999918,0.01459246380841833,tap3,slow,normal,20260810_133647,False
1735026,0.0195,0.0351,0.9009,1735.026,500000,0.0,0.007799999999999998,-0.007799999999999918,0.011030865786510082,tap3,slow,normal,20260810_133647,False
1737507,0.0156,0.0234,0.9048,1737.507,500000,-0.0039000000000000007,-0.0039000000000000007,-0.0038999999999999035,0.006754998149518567,tap3,slow,normal,20260810_133647,False
1740006,0.0195,0.0351,0.9009,1740.006,500000,0.0,0.007799999999999998,-0.007799999999999918,0.011030865786510082,tap3,slow,normal,20260810_133647,False
1742513,0.0117,0.0312,0.9048,1742.513,500000,-0.0078,0.0038999999999999972,-0.0038999999999999035,0.009553009996854354,tap3,slow,normal,20260810_133647,False
1745018,0.0234,0.0234,0.897,1745.018,500000,0.0039000000000000007,-0.0039000000000000007,-0.011699999999999933,0.012934836682385998,tap3,slow,normal,20260810_133647,False
1747512,0.0234,0.0312,0.9165,1747.512,500000,0.0039000000000000007,0.0038999999999999972,0.007800000000000029,0.009553009996854418,tap3,slow,normal,20260810_133647,False
1750006,0.0234,0.0234,0.9048,1750.006,500000,0.0039000000000000007,-0.0039000000000000007,-0.0038999999999999035,0.006754998149518567,tap3,slow,normal,20260810_133647,False
1752509,0.0234,0.0273,0.9048,1752.509,500000,0.0039000000000000007,0.0,-0.0038999999999999035,0.005515432893255003,tap3,slow,normal,20260810_133647,False
1755017,0.0156,0.0351,0.9048,1755.017,500000,-0.0039000000000000007,0.007799999999999998,-0.0038999999999999035,0.009553009996854354,tap3,slow,normal,20260810_133647,False
1757514,0.0156,0.0273,0.897,1757.514,500000,-0.0039000000000000007,0.0,-0.011699999999999933,0.012332882874656616,tap3,slow,normal,20260810_133647,False
1760009,0.0195,0.0195,0.9087,1760.009,500000,0.0,-0.007800000000000001,0.0,0.007800000000000001,tap3,slow,normal,20260810_133647,False
1762512,0.0156,0.0273,0.9165,1762.512,500000,-0.0039000000000000007,0.0,0.007800000000000029,0.008720665112249207,tap3,slow,normal,20260810_133647,False
1765017,0.0234,0.0273,0.9048,1765.017,500000,0.0039000000000000007,0.0,-0.0038999999999999035,0.005515432893255003,tap3,slow,normal,20260810_133647,False
1767516,0.0117,0.0234,0.9009,1767.516,500000,-0.0078,-0.0039000000000000007,-0.007799999999999918,0.011699999999999945,tap3,slow,normal,20260810_133647,False
1770021,0.0195,0.0273,0.9048,1770.021,500000,0.0,0.0,-0.0038999999999999035,0.0038999999999999035,tap3,slow,normal,20260810_133647,False
1772523,0.0195,0.0234,0.9126,1772.523,500000,0.0,-0.0039000000000000007,0.0039000000000000146,0.005515432893255082,tap3,slow,normal,20260810_133647,False
1775028,0.0156,0.0312,0.9048,1775.028,500000,-0.0039000000000000007,0.0038999999999999972,-0.0038999999999999035,0.006754998149518564,tap3,slow,normal,20260810_133647,False
1777526,0.0195,0.0234,0.9087,1777.526,500000,0.0,-0.0039000000000000007,0.0,0.0039000000000000007,tap3,slow,normal,20260810_133647,False
1780006,0.0195,0.0273,0.9126,1780.006,500000,0.0,0.0,0.0039000000000000146,0.0039000000000000146,tap3,slow,normal,20260810_133647,False
1782514,0.0195,0.0312,0.9048,1782.514,500000,0.0,0.0038999999999999972,-0.0038999999999999035,0.005515432893255,tap3,slow,normal,20260810_133647,False
1785017,0.0234,0.0234,0.9048,1785.017,500000,0.0039000000000000007,-0.0039000000000000007,-0.0038999999999999035,0.006754998149518567,tap3,slow,normal,20260810_133647,False
1787520,0.0195,0.0234,0.9126,1787.52,500000,0.0,-0.0039000000000000007,0.0039000000000000146,0.005515432893255082,tap3,slow,normal,20260810_133647,False
1790012,0.0117,0.0234,0.9165,1790.012,500000,-0.0078,-0.0039000000000000007,0.007800000000000029,0.01170000000000002,tap3,slow,normal,20260810_133647,False
1792516,0.0156,0.0234,0.9087,1792.516,500000,-0.0039000000000000007,-0.0039000000000000007,0.0,0.005515432893255071,tap3,slow,normal,20260810_133647,False
1795027,0.0195,0.0273,0.9165,1795.027,500000,0.0,0.0,0.007800000000000029,0.007800000000000029,tap3,slow,normal,20260810_133647,False
1797523,0.0156,0.0234,0.9048,1797.523,500000,-0.0039000000000000007,-0.0039000000000000007,-0.0038999999999999035,0.006754998149518567,tap3,slow,normal,20260810_133647,False
1800019,0.0195,0.0117,0.9048,1800.019,500000,0.0,-0.015600000000000001,-0.0038999999999999035,0.016080111939908853,tap3,slow,normal,20260810_133647,False
1802524,0.0156,0.0195,0.9009,1802.524,500000,-0.0039000000000000007,-0.007800000000000001,-0.007799999999999918,0.011699999999999947,tap3,slow,normal,20260810_133647,False
1805019,0.0195,0.0234,0.9048,1805.019,500000,0.0,-0.0039000000000000007,-0.0038999999999999035,0.005515432893255003,tap3,slow,normal,20260810_133647,False
1807514,0.0234,0.0234,0.9009,1807.514,500000,0.0039000000000000007,-0.0039000000000000007,-0.007799999999999918,0.009553009996854328,tap3,slow,normal,20260810_133647,False
1810027,0.0195,0.0273,0.9087,1810.027,500000,0.0,0.0,0.0,0.0,tap3,slow,normal,20260810_133647,False
1812506,0.0234,0.0195,0.9048,1812.506,500000,0.0039000000000000007,-0.007800000000000001,-0.0038999999999999035,0.009553009996854357,tap3,slow,normal,20260810_133647,False
1815017,0.0156,0.0312,0.9243,1815.017,500000,-0.0039000000000000007,0.0038999999999999972,0.015600000000000058,0.016546298679765266,tap3,slow,normal,20260810_133647,False
1817513,0.0195,0.0312,0.9126,1817.513,500000,0.0,0.0038999999999999972,0.0039000000000000146,0.005515432893255079,tap3,slow,normal,20260810_133647,False
1820007,0.0117,0.039,0.9126,1820.007,500000,-0.0078,0.011699999999999999,0.0039000000000000146,0.014592463808418374,tap3,slow,normal,20260810_133647,False
1822519,0.0117,0.039,0.9126,1822.519,500000,-0.0078,0.011699999999999999,0.0039000000000000146,0.014592463808418374,tap3,slow,normal,20260810_133647,False
1825021,0.0195,0.0273,0.9126,1825.021,500000,0.0,0.0,0.0039000000000000146,0.0039000000000000146,tap3,slow,normal,20260810_133647,False
1827524,0.0156,0.0273,0.9126,1827.524,500000,-0.0039000000000000007,0.0,0.0039000000000000146,0.005515432893255082,tap3,slow,normal,20260810_133647,False
1830017,0.0234,0.0312,0.9165,1830.017,500000,0.0039000000000000007,0.0038999999999999972,0.007800000000000029,0.009553009996854418,tap3,slow,normal,20260810_133647,False
1832503,0.0195,0.0312,0.9048,1832.503,500000,0.0,0.0038999999999999972,-0.0038999999999999035,0.005515432893255,tap3,slow,normal,20260810_133647,False
1835000,0.0195,0.039,0.9126,1835.0,500000,0.0,0.011699999999999999,0.0039000000000000146,0.012332882874656684,tap3,slow,normal,20260810_133647,False
1837509,0.0156,0.0234,0.9126,1837.509,500000,-0.0039000000000000007,-0.0039000000000000007,0.0039000000000000146,0.006754998149518631,tap3,slow,normal,20260810_133647,False
1840006,0.0156,0.0273,0.9126,1840.006,500000,-0.0039000000000000007,0.0,0.0039000000000000146,0.005515432893255082,tap3,slow,normal,20260810_133647,False
1842509,0.0117,0.0273,0.9048,1842.509,500000,-0.0078,0.0,-0.0038999999999999035,0.008720665112249136,tap3,slow,normal,20260810_133647,False
1845017,0.0156,0.0351,0.9009,1845.017,500000,-0.0039000000000000007,0.007799999999999998,-0.007799999999999918,0.011699999999999945,tap3,slow,normal,20260810_133647,False
1847519,0.0156,0.0234,0.9087,1847.519,500000,-0.0039000000000000007,-0.0039000000000000007,0.0,0.005515432893255071,tap3,slow,normal,20260810_133647,False
1850007,0.0195,0.0273,0.9165,1850.007,500000,0.0,0.0,0.007800000000000029,0.007800000000000029,tap3,slow,normal,20260810_133647,False
1852515,0.0117,0.0351,0.9048,1852.515,500000,-0.0078,0.007799999999999998,-0.0038999999999999035,0.011699999999999966,tap3,slow,normal,20260810_133647,False
1855018,0.0234,0.0273,0.9087,1855.018,500000,0.0039000000000000007,0.0,0.0,0.0039000000000000007,tap3,slow,normal,20260810_133647,False
1857517,0.0195,0.0312,0.9087,1857.517,500000,0.0,0.0038999999999999972,0.0,0.0038999999999999972,tap3,slow,normal,20260810_133647,False
1860002,0.0195,0.0351,0.9048,1860.002,500000,0.0,0.007799999999999998,-0.0038999999999999035,0.008720665112249134,tap3,slow,normal,20260810_133647,False
1862507,0.0273,0.0273,0.9087,1862.507,500000,0.007800000000000001,0.0,0.0,0.007800000000000001,tap3,slow,normal,20260810_133647,False
1865029,0.0195,0.0312,0.9126,1865.029,500000,0.0,0.0038999999999999972,0.0039000000000000146,0.005515432893255079,tap3,slow,normal,20260810_133647,False
1867505,0.0117,0.0312,0.9087,1867.505,500000,-0.0078,0.0038999999999999972,0.0,0.00872066511224918,tap3,slow,normal,20260810_133647,False
1870020,0.0234,0.0273,0.9126,1870.02,500000,0.0039000000000000007,0.0,0.0039000000000000146,0.005515432893255082,tap3,slow,normal,20260810_133647,False
1872524,0.0156,0.0273,0.9126,1872.524,500000,-0.0039000000000000007,0.0,0.0039000000000000146,0.005515432893255082,tap3,slow,normal,20260810_133647,False
1875002,0.0156,0.0273,0.9126,1875.002,500000,-0.0039000000000000007,0.0,0.0039000000000000146,0.005515432893255082,tap3,slow,normal,20260810_133647,False
1877524,0.0195,0.0273,0.9048,1877.524,500000,0.0,0.0,-0.0038999999999999035,0.0038999999999999035,tap3,slow,normal,20260810_133647,False
1880010,0.0234,0.0195,0.9048,1880.01,500000,0.0039000000000000007,-0.007800000000000001,-0.0038999999999999035,0.009553009996854357,tap3,slow,normal,20260810_133647,False
1882515,0.0117,0.0273,0.9048,1882.515,500000,-0.0078,0.0,-0.0038999999999999035,0.008720665112249136,tap3,slow,normal,20260810_133647,False
1885018,0.0195,0.0273,0.9087,1885.018,500000,0.0,0.0,0.0,0.0,tap3,slow,normal,20260810_133647,False
1887519,0.0195,0.0351,0.9204,1887.519,500000,0.0,0.007799999999999998,0.011700000000000044,0.014061649974309594,tap3,slow,normal,20260810_133647,False
1890013,0.0195,0.0312,0.9126,1890.013,500000,0.0,0.0038999999999999972,0.0039000000000000146,0.005515432893255079,tap3,slow,normal,20260810_133647,False
1892524,0.0117,0.0351,0.9126,1892.524,500000,-0.0078,0.007799999999999998,0.0039000000000000146,0.011700000000000004,tap3,slow,normal,20260810_133647,False
1895002,0.0195,0.0273,0.9087,1895.002,500000,0.0,0.0,0.0,0.0,tap3,slow,normal,20260810_133647,False
1897502,0.0156,0.0234,0.9087,1897.502,500000,-0.0039000000000000007,-0.0039000000000000007,0.0,0.005515432893255071,tap3,slow,normal,20260810_133647,False
1900008,0.0156,0.0273,0.897,1900.008,500000,-0.0039000000000000007,0.0,-0.011699999999999933,0.012332882874656616,tap3,slow,normal,20260810_133647,False
1902526,0.0195,0.0234,0.9165,1902.526,500000,0.0,-0.0039000000000000007,0.007800000000000029,0.008720665112249207,tap3,slow,normal,20260810_133647,False
1905017,0.0234,0.0195,0.9087,1905.017,500000,0.0039000000000000007,-0.007800000000000001,0.0,0.008720665112249181,tap3,slow,normal,20260810_133647,False
1907522,0.0195,0.0234,0.9165,1907.522,500000,0.0,-0.0039000000000000007,0.007800000000000029,0.008720665112249207,tap3,slow,normal,20260810_133647,False
1910029,0.0195,0.0273,0.9048,1910.029,500000,0.0,0.0,-0.0038999999999999035,0.0038999999999999035,tap3,slow,normal,20260810_133647,False
1912505,0.0195,0.0273,0.9048,1912.505,500000,0.0,0.0,-0.0038999999999999035,0.0038999999999999035,tap3,slow,normal,20260810_133647,False
1915014,0.0234,0.0273,0.897,1915.014,500000,0.0039000000000000007,0.0,-0.011699999999999933,0.012332882874656616,tap3,slow,normal,20260810_133647,False
1917508,0.0195,0.0234,0.9087,1917.508,500000,0.0,-0.0039000000000000007,0.0,0.0039000000000000007,tap3,slow,normal,20260810_133647,False
1920008,0.0156,0.0273,0.9204,1920.008,500000,-0.0039000000000000007,0.0,0.011700000000000044,0.012332882874656722,tap3,slow,normal,20260810_133647,False
1922516,0.0195,0.0273,0.9048,1922.516,500000,0.0,0.0,-0.0038999999999999035,0.0038999999999999035,tap3,slow,normal,20260810_133647,False
1925025,0.0195,0.0273,0.9048,1925.025,500000,0.0,0.0,-0.0038999999999999035,0.0038999999999999035,tap3,slow,normal,20260810_133647,False
1927526,0.0234,0.0234,0.9087,1927.526,500000,0.0039000000000000007,-0.0039000000000000007,0.0,0.005515432893255071,tap3,slow,normal,20260810_133647,False
1930009,0.0234,0.0234,0.9087,1930.009,500000,0.0039000000000000007,-0.0039000000000000007,0.0,0.005515432893255071,tap3,slow,normal,20260810_133647,False
1932501,0.0195,0.0273,0.897,1932.501,500000,0.0,0.0,-0.011699999999999933,0.011699999999999933,tap3,slow,normal,20260810_133647,False
1935001,0.0195,0.0273,0.897,1935.001,500000,0.0,0.0,-0.011699999999999933,0.011699999999999933,tap3,slow,normal,20260810_133647,False
1937510,0.0156,0.0234,0.9048,1937.51,500000,-0.0039000000000000007,-0.0039000000000000007,-0.0038999999999999035,0.006754998149518567,tap3,slow,normal,20260810_133647,False
1940005,0.0195,0.0351,0.9204,1940.005,500000,0.0,0.007799999999999998,0.011700000000000044,0.014061649974309594,tap3,slow,normal,20260810_133647,False
1942508,0.0195,0.0234,0.9087,1942.508,500000,0.0,-0.0039000000000000007,0.0,0.0039000000000000007,tap3,slow,normal,20260810_133647,False
1945017,0.0195,0.0234,0.9087,1945.017,500000,0.0,-0.0039000000000000007,0.0,0.0039000000000000007,tap3,slow,normal,20260810_133647,False
1947519,0.0234,0.0234,0.9087,1947.519,500000,0.0039000000000000007,-0.0039000000000000007,0.0,0.005515432893255071,tap3,slow,normal,20260810_133647,False
1950007,0.0234,0.0234,0.9165,1950.007,500000,0.0039000000000000007,-0.0039000000000000007,0.007800000000000029,0.00955300999685442,tap3,slow,normal,20260810_133647,False
1952515,0.0117,0.0273,0.9087,1952.515,500000,-0.0078,0.0,0.0,0.0078,tap3,slow,normal,20260810_133647,False
1955018,0.0156,0.0273,0.9048,1955.018,500000,-0.0039000000000000007,0.0,-0.0038999999999999035,0.005515432893255003,tap3,slow,normal,20260810_133647,False
1957520,0.0156,0.0312,0.9087,1957.52,500000,-0.0039000000000000007,0.0038999999999999972,0.0,0.0055154328932550695,tap3,slow,normal,20260810_133647,False
1960004,0.0117,0.0234,0.9009,1960.004,500000,-0.0078,-0.0039000000000000007,-0.007799999999999918,0.011699999999999945,tap3,slow,normal,20260810_133647,False
1962511,0.0234,0.0273,0.9204,1962.511,500000,0.0039000000000000007,0.0,0.011700000000000044,0.012332882874656722,tap3,slow,normal,20260810_133647,False
1965018,0.0234,0.0273,0.9126,1965.018,500000,0.0039000000000000007,0.0,0.0039000000000000146,0.005515432893255082,tap3,slow,normal,20260810_133647,False
1967517,0.0273,0.0234,0.9204,1967.517,500000,0.007800000000000001,-0.0039000000000000007,0.011700000000000044,0.014592463808418409,tap3,slow,normal,20260810_133647,False
1970010,0.0156,0.0312,0.9087,1970.01,500000,-0.0039000000000000007,0.0038999999999999972,0.0,0.0055154328932550695,tap3,slow,normal,20260810_133647,False
1972518,0.0195,0.0312,0.9087,1972.518,500000,0.0,0.0038999999999999972,0.0,0.0038999999999999972,tap3,slow,normal,20260810_133647,False
1975026,0.0195,0.0351,0.9126,1975.026,500000,0.0,0.007799999999999998,0.0039000000000000146,0.008720665112249185,tap3,slow,normal,20260810_133647,False
1977529,0.0234,0.0273,0.9048,1977.529,500000,0.0039000000000000007,0.0,-0.0038999999999999035,0.005515432893255003,tap3,slow,normal,20260810_133647,False
1980028,0.0156,0.0273,0.9126,1980.028,500000,-0.0039000000000000007,0.0,0.0039000000000000146,0.005515432893255082,tap3,slow,normal,20260810_133647,False
1982502,0.0234,0.0234,0.9087,1982.502,500000,0.0039000000000000007,-0.0039000000000000007,0.0,0.005515432893255071,tap3,slow,normal,20260810_133647,False
1985005,0.0195,0.0234,0.9087,1985.005,500000,0.0,-0.0039000000000000007,0.0,0.0039000000000000007,tap3,slow,normal,20260810_133647,False
1987501,0.0156,0.0273,0.9087,1987.501,500000,-0.0039000000000000007,0.0,0.0,0.0039000000000000007,tap3,slow,normal,20260810_133647,False
1990008,0.0234,0.0234,0.9165,1990.008,500000,0.0039000000000000007,-0.0039000000000000007,0.007800000000000029,0.00955300999685442,tap3,slow,normal,20260810_133647,False
1992512,0.0156,0.0234,0.9087,1992.512,500000,-0.0039000000000000007,-0.0039000000000000007,0.0,0.005515432893255071,tap3,slow,normal,20260810_133647,False
1995019,0.0195,0.0234,0.9048,1995.019,500000,0.0,-0.0039000000000000007,-0.0038999999999999035,0.005515432893255003,tap3,slow,normal,20260810_133647,False
1997505,0.0156,0.0312,0.9126,1997.505,500000,-0.0039000000000000007,0.0038999999999999972,0.0039000000000000146,0.006754998149518628,tap3,slow,normal,20260810_133647,False
2000012,0.0156,0.0234,0.9126,2000.012,500000,-0.0039000000000000007,-0.0039000000000000007,0.0039000000000000146,0.006754998149518631,tap3,slow,normal,20260810_133647,False
2002520,0.0156,0.0351,0.9126,2002.52,500000,-0.0039000000000000007,0.007799999999999998,0.0039000000000000146,0.0095530099968544,tap3,slow,normal,20260810_133647,False
2005020,0.0195,0.0273,0.9048,2005.02,500000,0.0,0.0,-0.0038999999999999035,0.0038999999999999035,tap3,slow,normal,20260810_133647,False
2007519,0.0195,0.0273,0.9087,2007.519,500000,0.0,0.0,0.0,0.0,tap3,slow,normal,20260810_133647,False
2010008,0.0156,0.0195,0.897,2010.008,500000,-0.0039000000000000007,-0.007800000000000001,-0.011699999999999933,0.014592463808418318,tap3,slow,normal,20260810_133647,False
2012514,0.0234,0.0273,0.9087,2012.514,500000,0.0039000000000000007,0.0,0.0,0.0039000000000000007,tap3,slow,normal,20260810_133647,False
2015023,0.0195,0.0273,0.9126,2015.023,500000,0.0,0.0,0.0039000000000000146,0.0039000000000000146,tap3,slow,normal,20260810_133647,False
2017517,0.0117,0.0351,0.9048,2017.517,500000,-0.0078,0.007799999999999998,-0.0038999999999999035,0.011699999999999966,tap3,slow,normal,20260810_133647,False
2020006,0.0117,0.0312,0.9087,2020.006,500000,-0.0078,0.0038999999999999972,0.0,0.00872066511224918,tap3,slow,normal,20260810_133647,False
2022517,0.0117,0.0273,0.9087,2022.517,500000,-0.0078,0.0,0.0,0.0078,tap3,slow,normal,20260810_133647,False
2025020,0.0234,0.0273,0.9087,2025.02,500000,0.0039000000000000007,0.0,0.0,0.0039000000000000007,tap3,slow,normal,20260810_133647,False
2027516,0.0195,0.0351,0.9204,2027.516,500000,0.0,0.007799999999999998,0.011700000000000044,0.014061649974309594,tap3,slow,normal,20260810_133647,False
2030018,0.0195,0.0273,0.9126,2030.018,500000,0.0,0.0,0.0039000000000000146,0.0039000000000000146,tap3,slow,normal,20260810_133647,False
2032529,0.0195,0.0195,0.9048,2032.529,500000,0.0,-0.007800000000000001,-0.0038999999999999035,0.008720665112249138,tap3,slow,normal,20260810_133647,False
2035018,0.0195,0.0195,0.9048,2035.018,500000,0.0,-0.007800000000000001,-0.0038999999999999035,0.008720665112249138,tap3,slow,normal,20260810_133647,False
2037523,0.0117,0.0312,0.9126,2037.523,500000,-0.0078,0.0038999999999999972,0.0039000000000000146,0.0095530099968544,tap3,slow,normal,20260810_133647,False
2040000,0.0117,0.0273,0.9087,2040.0,500000,-0.0078,0.0,0.0,0.0078,tap3,slow,normal,20260810_133647,False
2042509,0.0156,0.0273,0.9087,2042.509,500000,-0.0039000000000000007,0.0,0.0,0.0039000000000000007,tap3,slow,normal,20260810_133647,False
2045018,0.0195,0.0351,0.9165,2045.018,500000,0.0,0.007799999999999998,0.007800000000000029,0.01103086578651016,tap3,slow,normal,20260810_133647,False
2047521,0.0195,0.0312,0.9165,2047.521,500000,0.0,0.0038999999999999972,0.007800000000000029,0.008720665112249205,tap3,slow,normal,20260810_133647,False
2050010,0.0117,0.0273,0.9048,2050.01,500000,-0.0078,0.0,-0.0038999999999999035,0.008720665112249136,tap3,slow,normal,20260810_133647,False
2052517,0.0156,0.0312,0.9204,2052.517,500000,-0.0039000000000000007,0.0038999999999999972,0.011700000000000044,0.012934836682386099,tap3,slow,normal,20260810_133647,False
2055021,0.0195,0.0273,0.9204,2055.021,500000,0.0,0.0,0.011700000000000044,0.011700000000000044,tap3,slow,normal,20260810_133647,False
2057515,0.0156,0.0234,0.9204,2057.515,500000,-0.0039000000000000007,-0.0039000000000000007,0.011700000000000044,0.012934836682386099,tap3,slow,normal,20260810_133647,False
2060012,0.0195,0.0234,0.9087,2060.012,500000,0.0,-0.0039000000000000007,0.0,0.0039000000000000007,tap3,slow,normal,20260810_133647,False
2062506,0.0195,0.0234,0.897,2062.506,500000,0.0,-0.0039000000000000007,-0.011699999999999933,0.012332882874656616,tap3,slow,normal,20260810_133647,False
2065018,0.0195,0.0234,0.9009,2065.018,500000,0.0,-0.0039000000000000007,-0.007799999999999918,0.008720665112249107,tap3,slow,normal,20260810_133647,False
2067515,0.0234,0.0234,0.9165,2067.515,500000,0.0039000000000000007,-0.0039000000000000007,0.007800000000000029,0.00955300999685442,tap3,slow,normal,20260810_133647,False
2070017,0.0195,0.0351,0.9126,2070.017,500000,0.0,0.007799999999999998,0.0039000000000000146,0.008720665112249185,tap3,slow,normal,20260810_133647,False
2072519,0.0234,0.0312,0.9126,2072.519,500000,0.0039000000000000007,0.0038999999999999972,0.0039000000000000146,0.006754998149518628,tap3,slow,normal,20260810_133647,False
2075029,0.0195,0.0234,0.9087,2075.029,500000,0.0,-0.0039000000000000007,0.0,0.0039000000000000007,tap3,slow,normal,20260810_133647,False
2077524,0.0195,0.0195,0.9087,2077.524,500000,0.0,-0.007800000000000001,0.0,0.007800000000000001,tap3,slow,normal,20260810_133647,False
2080020,0.0078,0.0351,0.9048,2080.02,500000,-0.0117,0.007799999999999998,-0.0038999999999999035,0.014592463808418344,tap3,slow,normal,20260810_133647,False
2082524,0.0234,0.0273,0.9087,2082.524,500000,0.0039000000000000007,0.0,0.0,0.0039000000000000007,tap3,slow,normal,20260810_133647,False
2085027,0.0234,0.0234,0.9048,2085.027,500000,0.0039000000000000007,-0.0039000000000000007,-0.0038999999999999035,0.006754998149518567,tap3,slow,normal,20260810_133647,False
2087523,0.0195,0.0273,0.9009,2087.523,500000,0.0,0.0,-0.007799999999999918,0.007799999999999918,tap3,slow,normal,20260810_133647,False
2090011,0.0156,0.0234,0.9009,2090.011,500000,-0.0039000000000000007,-0.0039000000000000007,-0.007799999999999918,0.009553009996854328,tap3,slow,normal,20260810_133647,False
2092516,0.0195,0.0273,0.9087,2092.516,500000,0.0,0.0,0.0,0.0,tap3,slow,normal,20260810_133647,False
2095024,0.0234,0.0234,0.9126,2095.024,500000,0.0039000000000000007,-0.0039000000000000007,0.0039000000000000146,0.006754998149518631,tap3,slow,normal,20260810_133647,False
2097521,0.0156,0.0234,0.9087,2097.521,500000,-0.0039000000000000007,-0.0039000000000000007,0.0,0.005515432893255071,tap3,slow,normal,20260810_133647,False
2100011,0.0195,0.0234,0.9087,2100.011,500000,0.0,-0.0039000000000000007,0.0,0.0039000000000000007,tap3,slow,normal,20260810_133647,False
2102515,0.0195,0.0312,0.9048,2102.515,500000,0.0,0.0038999999999999972,-0.0038999999999999035,0.005515432893255,tap3,slow,normal,20260810_133647,False
2105028,0.0195,0.0234,0.9087,2105.028,500000,0.0,-0.0039000000000000007,0.0,0.0039000000000000007,tap3,slow,normal,20260810_133647,False
2107500,0.0156,0.0234,0.9126,2107.5,500000,-0.0039000000000000007,-0.0039000000000000007,0.0039000000000000146,0.006754998149518631,tap3,slow,normal,20260810_133647,False
2110012,0.0195,0.0273,0.9048,2110.012,500000,0.0,0.0,-0.0038999999999999035,0.0038999999999999035,tap3,slow,normal,20260810_133647,False
2112515,0.0117,0.0195,0.9048,2112.515,500000,-0.0078,-0.007800000000000001,-0.0038999999999999035,0.011699999999999969,tap3,slow,normal,20260810_133647,False
2115020,0.0117,0.0312,0.9165,2115.02,500000,-0.0078,0.0038999999999999972,0.007800000000000029,0.011700000000000018,tap3,slow,normal,20260810_133647,False
2117522,0.0195,0.0312,0.9087,2117.522,500000,0.0,0.0038999999999999972,0.0,0.0038999999999999972,tap3,slow,normal,20260810_133647,False
2120008,0.0195,0.0312,0.9048,2120.008,500000,0.0,0.0038999999999999972,-0.0038999999999999035,0.005515432893255,tap3,slow,normal,20260810_133647,False
2122511,0.0195,0.0273,0.9048,2122.511,500000,0.0,0.0,-0.0038999999999999035,0.0038999999999999035,tap3,slow,normal,20260810_133647,False
2125019,0.0156,0.0234,0.9087,2125.019,500000,-0.0039000000000000007,-0.0039000000000000007,0.0,0.005515432893255071,tap3,slow,normal,20260810_133647,False
2127500,0.0234,0.0234,0.9165,2127.5,500000,0.0039000000000000007,-0.0039000000000000007,0.007800000000000029,0.00955300999685442,tap3,slow,normal,20260810_133647,False
2130020,0.0234,0.0273,0.9087,2130.02,500000,0.0039000000000000007,0.0,0.0,0.0039000000000000007,tap3,slow,normal,20260810_133647,False
2132529,0.0234,0.0234,0.9126,2132.529,500000,0.0039000000000000007,-0.0039000000000000007,0.0039000000000000146,0.006754998149518631,tap3,slow,normal,20260810_133647,False
2135014,0.0195,0.0195,0.9126,2135.014,500000,0.0,-0.007800000000000001,0.0039000000000000146,0.008720665112249188,tap3,slow,normal,20260810_133647,False
2137518,0.0156,0.0195,0.9087,2137.518,500000,-0.0039000000000000007,-0.007800000000000001,0.0,0.008720665112249181,tap3,slow,normal,20260810_133647,False
2140029,0.0156,0.0195,0.9087,2140.029,500000,-0.0039000000000000007,-0.007800000000000001,0.0,0.008720665112249181,tap3,slow,normal,20260810_133647,False
2142503,0.0156,0.0273,0.9087,2142.503,500000,-0.0039000000000000007,0.0,0.0,0.0039000000000000007,tap3,slow,normal,20260810_133647,False
2145006,0.0234,0.0273,0.9165,2145.006,500000,0.0039000000000000007,0.0,0.007800000000000029,0.008720665112249207,tap3,slow,normal,20260810_133647,False
2147503,0.0195,0.0273,0.9087,2147.503,500000,0.0,0.0,0.0,0.0,tap3,slow,normal,20260810_133647,False
2150009,0.0234,0.0351,0.9165,2150.009,500000,0.0039000000000000007,0.007799999999999998,0.007800000000000029,0.011700000000000018,tap3,slow,normal,20260810_133647,False
2152511,0.0156,0.0312,0.9126,2152.511,500000,-0.0039000000000000007,0.0038999999999999972,0.0039000000000000146,0.006754998149518628,tap3,slow,normal,20260810_133647,False
2155016,0.0234,0.0273,0.9087,2155.016,500000,0.0039000000000000007,0.0,0.0,0.0039000000000000007,tap3,slow,normal,20260810_133647,False
2157514,0.0156,0.0312,0.9126,2157.514,500000,-0.0039000000000000007,0.0038999999999999972,0.0039000000000000146,0.006754998149518628,tap3,slow,normal,20260810_133647,False
2160009,0.0078,0.0351,0.9048,2160.009,500000,-0.0117,0.007799999999999998,-0.0038999999999999035,0.014592463808418344,tap3,slow,normal,20260810_133647,False
2162519,0.0195,0.0312,0.9126,2162.519,500000,0.0,0.0038999999999999972,0.0039000000000000146,0.005515432893255079,tap3,slow,normal,20260810_133647,False
2165026,0.0195,0.0273,0.9165,2165.026,500000,0.0,0.0,0.007800000000000029,0.007800000000000029,tap3,slow,normal,20260810_133647,False
2167500,0.0156,0.0273,0.9048,2167.5,500000,-0.0039000000000000007,0.0,-0.0038999999999999035,0.005515432893255003,tap3,slow,normal,20260810_133647,False
2170019,0.0195,0.0273,0.9048,2170.019,500000,0.0,0.0,-0.0038999999999999035,0.0038999999999999035,tap3,slow,normal,20260810_133647,False
2172526,0.0156,0.0273,0.9165,2172.526,500000,-0.0039000000000000007,0.0,0.007800000000000029,0.008720665112249207,tap3,slow,normal,20260810_133647,False
2175005,0.0234,0.0234,0.9165,2175.005,500000,0.0039000000000000007,-0.0039000000000000007,0.007800000000000029,0.00955300999685442,tap3,slow,normal,20260810_133647,False
2177504,0.0195,0.0273,0.9126,2177.504,500000,0.0,0.0,0.0039000000000000146,0.0039000000000000146,tap3,slow,normal,20260810_133647,False
2180013,0.0156,0.0273,0.9048,2180.013,500000,-0.0039000000000000007,0.0,-0.0038999999999999035,0.005515432893255003,tap3,slow,normal,20260810_133647,False
2182521,0.0156,0.0312,0.9048,2182.521,500000,-0.0039000000000000007,0.0038999999999999972,-0.0038999999999999035,0.006754998149518564,tap3,slow,normal,20260810_133647,False
2185028,0.0234,0.0273,0.9087,2185.028,500000,0.0039000000000000007,0.0,0.0,0.0039000000000000007,tap3,slow,normal,20260810_133647,False
2187529,0.0156,0.0312,0.9126,2187.529,500000,-0.0039000000000000007,0.0038999999999999972,0.0039000000000000146,0.006754998149518628,tap3,slow,normal,20260810_133647,False
2190003,0.0234,0.0273,0.9126,2190.003,500000,0.0039000000000000007,0.0,0.0039000000000000146,0.005515432893255082,tap3,slow,normal,20260810_133647,False
2192519,0.0156,0.0273,0.9048,2192.519,500000,-0.0039000000000000007,0.0,-0.0038999999999999035,0.005515432893255003,tap3,slow,normal,20260810_133647,False
2195008,0.0156,0.0312,0.9087,2195.008,500000,-0.0039000000000000007,0.0038999999999999972,0.0,0.0055154328932550695,tap3,slow,normal,20260810_133647,False
2197505,0.0156,0.039,0.9126,2197.505,500000,-0.0039000000000000007,0.011699999999999999,0.0039000000000000146,0.012934836682386064,tap3,slow,normal,20260810_133647,False
2200013,0.0195,0.0351,0.9165,2200.013,500000,0.0,0.007799999999999998,0.007800000000000029,0.01103086578651016,tap3,slow,normal,20260810_133647,False
2202518,0.0234,0.0273,0.9126,2202.518,500000,0.0039000000000000007,0.0,0.0039000000000000146,0.005515432893255082,tap3,slow,normal,20260810_133647,False
2205001,0.0195,0.0273,0.9243,2205.001,500000,0.0,0.0,0.015600000000000058,0.015600000000000058,tap3,slow,normal,20260810_133647,False
2207526,0.0195,0.0195,0.9048,2207.526,500000,0.0,-0.007800000000000001,-0.0038999999999999035,0.008720665112249138,tap3,slow,normal,20260810_133647,False
2210015,0.0156,0.0273,0.9126,2210.015,500000,-0.0039000000000000007,0.0,0.0039000000000000146,0.005515432893255082,tap3,slow,normal,20260810_133647,False
2212515,0.0078,0.0273,0.9087,2212.515,500000,-0.0117,0.0,0.0,0.0117,tap3,slow,normal,20260810_133647,False
2215026,0.0195,0.0234,0.9009,2215.026,500000,0.0,-0.0039000000000000007,-0.007799999999999918,0.008720665112249107,tap3,slow,normal,20260810_133647,False
2217524,0.0156,0.0312,0.9087,2217.524,500000,-0.0039000000000000007,0.0038999999999999972,0.0,0.0055154328932550695,tap3,slow,normal,20260810_133647,False
2220013,0.0195,0.0234,0.9009,2220.013,500000,0.0,-0.0039000000000000007,-0.007799999999999918,0.008720665112249107,tap3,slow,normal,20260810_133647,False
2222521,0.0117,0.0273,0.9126,2222.521,500000,-0.0078,0.0,0.0039000000000000146,0.008720665112249186,tap3,slow,normal,20260810_133647,False
2225029,0.0117,0.0273,0.9126,2225.029,500000,-0.0078,0.0,0.0039000000000000146,0.008720665112249186,tap3,slow,normal,20260810_133647,False
2227500,0.0195,0.0273,0.9165,2227.5,500000,0.0,0.0,0.007800000000000029,0.007800000000000029,tap3,slow,normal,20260810_133647,False
2230005,0.0195,0.0312,0.9087,2230.005,500000,0.0,0.0038999999999999972,0.0,0.0038999999999999972,tap3,slow,normal,20260810_133647,False
2232515,0.0234,0.0273,0.9087,2232.515,500000,0.0039000000000000007,0.0,0.0,0.0039000000000000007,tap3,slow,normal,20260810_133647,False
2235006,0.0195,0.0273,0.9165,2235.006,500000,0.0,0.0,0.007800000000000029,0.007800000000000029,tap3,slow,normal,20260810_133647,False
2237510,0.0156,0.0273,0.9165,2237.51,500000,-0.0039000000000000007,0.0,0.007800000000000029,0.008720665112249207,tap3,slow,normal,20260810_133647,False
2240012,0.0156,0.0273,0.9165,2240.012,500000,-0.0039000000000000007,0.0,0.007800000000000029,0.008720665112249207,tap3,slow,normal,20260810_133647,False
2242523,0.0156,0.0273,0.9165,2242.523,500000,-0.0039000000000000007,0.0,0.007800000000000029,0.008720665112249207,tap3,slow,normal,20260810_133647,False
2245000,0.0195,0.0234,0.9048,2245.0,500000,0.0,-0.0039000000000000007,-0.0038999999999999035,0.005515432893255003,tap3,slow,normal,20260810_133647,False
2247527,0.0273,0.0195,0.9087,2247.527,500000,0.007800000000000001,-0.007800000000000001,0.0,0.011030865786510143,tap3,slow,normal,20260810_133647,False
2250013,0.0234,0.0273,0.9126,2250.013,500000,0.0039000000000000007,0.0,0.0039000000000000146,0.005515432893255082,tap3,slow,normal,20260810_133647,False
2252520,0.0234,0.0273,0.9087,2252.52,500000,0.0039000000000000007,0.0,0.0,0.0039000000000000007,tap3,slow,normal,20260810_133647,False
2255026,0.0273,0.0312,0.9048,2255.026,500000,0.007800000000000001,0.0038999999999999972,-0.0038999999999999035,0.009553009996854355,tap3,slow,normal,20260810_133647,False
2257523,0.0156,0.0273,0.9048,2257.523,500000,-0.0039000000000000007,0.0,-0.0038999999999999035,0.005515432893255003,tap3,slow,normal,20260810_133647,False
2260022,0.0156,0.0273,0.9009,2260.022,500000,-0.0039000000000000007,0.0,-0.007799999999999918,0.008720665112249107,tap3,slow,normal,20260810_133647,False
2262526,0.0156,0.0273,0.9087,2262.526,500000,-0.0039000000000000007,0.0,0.0,0.0039000000000000007,tap3,slow,normal,20260810_133647,False
2265001,0.0234,0.0273,0.9087,2265.001,500000,0.0039000000000000007,0.0,0.0,0.0039000000000000007,tap3,slow,normal,20260810_133647,False
2267505,0.0195,0.039,0.9243,2267.505,500000,0.0,0.011699999999999999,0.015600000000000058,0.019500000000000045,tap3,slow,normal,20260810_133647,False
2270023,0.0273,0.0273,0.9165,2270.023,500000,0.007800000000000001,0.0,0.007800000000000029,0.011030865786510163,tap3,slow,normal,20260810_133647,False
2272503,0.0117,0.0273,0.9048,2272.503,500000,-0.0078,0.0,-0.0038999999999999035,0.008720665112249136,tap3,slow,normal,20260810_133647,False
2275008,0.0234,0.0312,0.9126,2275.008,500000,0.0039000000000000007,0.0038999999999999972,0.0039000000000000146,0.006754998149518628,tap3,slow,normal,20260810_133647,False
2277504,0.0156,0.0273,0.9009,2277.504,500000,-0.0039000000000000007,0.0,-0.007799999999999918,0.008720665112249107,tap3,slow,normal,20260810_133647,False
2280015,0.0156,0.039,0.9087,2280.015,500000,-0.0039000000000000007,0.011699999999999999,0.0,0.012332882874656679,tap3,slow,normal,20260810_133647,False
2282519,0.0234,0.0195,0.9048,2282.519,500000,0.0039000000000000007,-0.007800000000000001,-0.0038999999999999035,0.009553009996854357,tap3,slow,normal,20260810_133647,False
2285028,0.0234,0.0273,0.9087,2285.028,500000,0.0039000000000000007,0.0,0.0,0.0039000000000000007,tap3,slow,normal,20260810_133647,False
2287500,0.0312,0.0195,0.9087,2287.5,500000,0.011699999999999999,-0.007800000000000001,0.0,0.014061649974309557,tap3,slow,normal,20260810_133647,False
2290020,0.0195,0.0273,0.9126,2290.02,500000,0.0,0.0,0.0039000000000000146,0.0039000000000000146,tap3,slow,normal,20260810_133647,False
2292525,0.0234,0.0312,0.9165,2292.525,500000,0.0039000000000000007,0.0038999999999999972,0.007800000000000029,0.009553009996854418,tap3,slow,normal,20260810_133647,False
2295001,0.0195,0.0273,0.9087,2295.001,500000,0.0,0.0,0.0,0.0,tap3,slow,normal,20260810_133647,False
2297527,0.0195,0.0195,0.9087,2297.527,500000,0.0,-0.007800000000000001,0.0,0.007800000000000001,tap3,slow,normal,20260810_133647,False
2300016,0.0195,0.0312,0.9087,2300.016,500000,0.0,0.0038999999999999972,0.0,0.0038999999999999972,tap3,slow,normal,20260810_133647,False
2302522,0.0195,0.0312,0.9087,2302.522,500000,0.0,0.0038999999999999972,0.0,0.0038999999999999972,tap3,slow,normal,20260810_133647,False
2305009,0.0156,0.0312,0.9087,2305.009,500000,-0.0039000000000000007,0.0038999999999999972,0.0,0.0055154328932550695,tap3,slow,normal,20260810_133647,False
2307511,0.0429,0.0156,0.9126,2307.511,500000,0.0234,-0.011700000000000002,0.0039000000000000146,0.026451086934188548,tap3,slow,normal,20260810_133647,False
2310013,0.0195,0.0312,0.9048,2310.013,500000,0.0,0.0038999999999999972,-0.0038999999999999035,0.005515432893255,tap3,slow,normal,20260810_133647,False
2312517,0.0156,0.0273,0.9126,2312.517,500000,-0.0039000000000000007,0.0,0.0039000000000000146,0.005515432893255082,tap3,slow,normal,20260810_133647,False
2315005,0.0156,0.0234,0.9048,2315.005,500000,-0.0039000000000000007,-0.0039000000000000007,-0.0038999999999999035,0.006754998149518567,tap3,slow,normal,20260810_133647,False
2317507,0.0195,0.0273,0.9048,2317.507,500000,0.0,0.0,-0.0038999999999999035,0.0038999999999999035,tap3,slow,normal,20260810_133647,False
2320002,0.0156,0.0312,0.9087,2320.002,500000,-0.0039000000000000007,0.0038999999999999972,0.0,0.0055154328932550695,tap3,slow,normal,20260810_133647,False
2322515,0.0156,0.0351,0.9087,2322.515,500000,-0.0039000000000000007,0.007799999999999998,0.0,0.00872066511224918,tap3,slow,normal,20260810_133647,False
2325008,0.0195,0.0195,0.9204,2325.008,500000,0.0,-0.007800000000000001,0.011700000000000044,0.014061649974309596,tap3,slow,normal,20260810_133647,False
2327510,0.0117,0.0273,0.9009,2327.51,500000,-0.0078,0.0,-0.007799999999999918,0.011030865786510084,tap3,slow,normal,20260810_133647,False
2330020,0.0156,0.0351,0.9048,2330.02,500000,-0.0039000000000000007,0.007799999999999998,-0.0038999999999999035,0.009553009996854354,tap3,slow,normal,20260810_133647,False
2332525,0.0156,0.0351,0.9087,2332.525,500000,-0.0039000000000000007,0.007799999999999998,0.0,0.00872066511224918,tap3,slow,normal,20260810_133647,False
2335014,0.0195,0.0273,0.9126,2335.014,500000,0.0,0.0,0.0039000000000000146,0.0039000000000000146,tap3,slow,normal,20260810_133647,False
2337516,0.0156,0.0234,0.9165,2337.516,500000,-0.0039000000000000007,-0.0039000000000000007,0.007800000000000029,0.00955300999685442,tap3,slow,normal,20260810_133647,False
2340014,0.0156,0.0273,0.9048,2340.014,500000,-0.0039000000000000007,0.0,-0.0038999999999999035,0.005515432893255003,tap3,slow,normal,20260810_133647,False
2342520,0.0156,0.0312,0.9009,2342.52,500000,-0.0039000000000000007,0.0038999999999999972,-0.007799999999999918,0.009553009996854326,tap3,slow,normal,20260810_133647,False
2345023,0.0195,0.0273,0.9009,2345.023,500000,0.0,0.0,-0.007799999999999918,0.007799999999999918,tap3,slow,normal,20260810_133647,False
2347518,0.0156,0.0351,0.9087,2347.518,500000,-0.0039000000000000007,0.007799999999999998,0.0,0.00872066511224918,tap3,slow,normal,20260810_133647,False
2350005,0.0156,0.0351,0.9087,2350.005,500000,-0.0039000000000000007,0.007799999999999998,0.0,0.00872066511224918,tap3,slow,normal,20260810_133647,False
2352509,0.0234,0.0273,0.9048,2352.509,500000,0.0039000000000000007,0.0,-0.0038999999999999035,0.005515432893255003,tap3,slow,normal,20260810_133647,False
2355021,0.0156,0.0234,0.9126,2355.021,500000,-0.0039000000000000007,-0.0039000000000000007,0.0039000000000000146,0.006754998149518631,tap3,slow,normal,20260810_133647,False
2357525,0.0156,0.0351,0.9126,2357.525,500000,-0.0039000000000000007,0.007799999999999998,0.0039000000000000146,0.0095530099968544,tap3,slow,normal,20260810_133647,False
2360005,0.0156,0.0273,0.9243,2360.005,500000,-0.0039000000000000007,0.0,0.015600000000000058,0.016080111939908933,tap3,slow,normal,20260810_133647,False
2362511,0.0234,0.0195,0.9009,2362.511,500000,0.0039000000000000007,-0.007800000000000001,-0.007799999999999918,0.011699999999999947,tap3,slow,normal,20260810_133647,False
2365018,0.0234,0.0312,0.9165,2365.018,500000,0.0039000000000000007,0.0038999999999999972,0.007800000000000029,0.009553009996854418,tap3,slow,normal,20260810_133647,False
2367517,0.0195,0.0429,0.9087,2367.517,500000,0.0,0.0156,0.0,0.0156,tap3,slow,normal,20260810_133647,False
2370007,0.0156,0.0312,0.9243,2370.007,500000,-0.0039000000000000007,0.0038999999999999972,0.015600000000000058,0.016546298679765266,tap3,slow,normal,20260810_133647,False
2372513,0.0156,0.0273,0.9126,2372.513,500000,-0.0039000000000000007,0.0,0.0039000000000000146,0.005515432893255082,tap3,slow,normal,20260810_133647,False
2375021,0.0234,0.0273,0.9087,2375.021,500000,0.0039000000000000007,0.0,0.0,0.0039000000000000007,tap3,slow,normal,20260810_133647,False
2377523,0.0234,0.0273,0.9048,2377.523,500000,0.0039000000000000007,0.0,-0.0038999999999999035,0.005515432893255003,tap3,slow,normal,20260810_133647,False
2380008,0.0273,0.0234,0.9126,2380.008,500000,0.007800000000000001,-0.0039000000000000007,0.0039000000000000146,0.009553009996854402,tap3,slow,normal,20260810_133647,False
2382517,0.0195,0.0195,0.9204,2382.517,500000,0.0,-0.007800000000000001,0.011700000000000044,0.014061649974309596,tap3,slow,normal,20260810_133647,False
2385018,0.0195,0.0312,0.9009,2385.018,500000,0.0,0.0038999999999999972,-0.007799999999999918,0.008720665112249105,tap3,slow,normal,20260810_133647,False
2387515,0.0195,0.0234,0.9048,2387.515,500000,0.0,-0.0039000000000000007,-0.0038999999999999035,0.005515432893255003,tap3,slow,normal,20260810_133647,False
2390028,0.0195,0.0312,0.9126,2390.028,500000,0.0,0.0038999999999999972,0.0039000000000000146,0.005515432893255079,tap3,slow,normal,20260810_133647,False
2392507,0.0234,0.0273,0.9126,2392.507,500000,0.0039000000000000007,0.0,0.0039000000000000146,0.005515432893255082,tap3,slow,normal,20260810_133647,False
2395011,0.0273,0.0351,0.9087,2395.011,500000,0.007800000000000001,0.007799999999999998,0.0,0.01103086578651014,tap3,slow,normal,20260810_133647,False
2397509,0.0195,0.0312,0.9165,2397.509,500000,0.0,0.0038999999999999972,0.007800000000000029,0.008720665112249205,tap3,slow,normal,20260810_133647,False
2400014,0.0234,0.0273,0.9126,2400.014,500000,0.0039000000000000007,0.0,0.0039000000000000146,0.005515432893255082,tap3,slow,normal,20260810_133647,False
2402525,0.0195,0.0234,0.9126,2402.525,500000,0.0,-0.0039000000000000007,0.0039000000000000146,0.005515432893255082,tap3,slow,normal,20260810_133647,False
2405018,0.0156,0.0234,0.9126,2405.018,500000,-0.0039000000000000007,-0.0039000000000000007,0.0039000000000000146,0.006754998149518631,tap3,slow,normal,20260810_133647,False
2407520,0.0195,0.0312,0.9126,2407.52,500000,0.0,0.0038999999999999972,0.0039000000000000146,0.005515432893255079,tap3,slow,normal,20260810_133647,False
2410014,0.0156,0.0234,0.9087,2410.014,500000,-0.0039000000000000007,-0.0039000000000000007,0.0,0.005515432893255071,tap3,slow,normal,20260810_133647,False
2412518,0.0195,0.0234,0.9087,2412.518,500000,0.0,-0.0039000000000000007,0.0,0.0039000000000000007,tap3,slow,normal,20260810_133647,False
2415019,0.0156,0.0234,0.9087,2415.019,500000,-0.0039000000000000007,-0.0039000000000000007,0.0,0.005515432893255071,tap3,slow,normal,20260810_133647,False
2417519,0.0156,0.0234,0.9009,2417.519,500000,-0.0039000000000000007,-0.0039000000000000007,-0.007799999999999918,0.009553009996854328,tap3,slow,normal,20260810_133647,False
2420000,0.0195,0.0234,0.9009,2420.0,500000,0.0,-0.0039000000000000007,-0.007799999999999918,0.008720665112249107,tap3,slow,normal,20260810_133647,False
2422507,0.0234,0.0234,0.9204,2422.507,500000,0.0039000000000000007,-0.0039000000000000007,0.011700000000000044,0.012934836682386099,tap3,slow,normal,20260810_133647,False
2425018,0.0273,0.0273,0.9048,2425.018,500000,0.007800000000000001,0.0,-0.0038999999999999035,0.008720665112249138,tap3,slow,normal,20260810_133647,False
2427514,0.0234,0.0234,0.9087,2427.514,500000,0.0039000000000000007,-0.0039000000000000007,0.0,0.005515432893255071,tap3,slow,normal,20260810_133647,False
2430011,0.0195,0.0234,0.9126,2430.011,500000,0.0,-0.0039000000000000007,0.0039000000000000146,0.005515432893255082,tap3,slow,normal,20260810_133647,False
2432519,0.0156,0.0273,0.9165,2432.519,500000,-0.0039000000000000007,0.0,0.007800000000000029,0.008720665112249207,tap3,slow,normal,20260810_133647,False
2435018,0.0117,0.0312,0.9048,2435.018,500000,-0.0078,0.0038999999999999972,-0.0038999999999999035,0.009553009996854354,tap3,slow,normal,20260810_133647,False
2437524,0.0195,0.0312,0.9087,2437.524,500000,0.0,0.0038999999999999972,0.0,0.0038999999999999972,tap3,slow,normal,20260810_133647,False
2440027,0.0195,0.0273,0.9087,2440.027,500000,0.0,0.0,0.0,0.0,tap3,slow,normal,20260810_133647,False
2442506,0.0234,0.0234,0.9126,2442.506,500000,0.0039000000000000007,-0.0039000000000000007,0.0039000000000000146,0.006754998149518631,tap3,slow,normal,20260810_133647,False
2445014,0.0156,0.0234,0.9009,2445.014,500000,-0.0039000000000000007,-0.0039000000000000007,-0.007799999999999918,0.009553009996854328,tap3,slow,normal,20260810_133647,False
2447510,0.0273,0.0234,0.9087,2447.51,500000,0.007800000000000001,-0.0039000000000000007,0.0,0.008720665112249181,tap3,slow,normal,20260810_133647,False
2450010,0.0195,0.0234,0.9165,2450.01,500000,0.0,-0.0039000000000000007,0.007800000000000029,0.008720665112249207,tap3,slow,normal,20260810_133647,False
2452515,0.0195,0.0234,0.9165,2452.515,500000,0.0,-0.0039000000000000007,0.007800000000000029,0.008720665112249207,tap3,slow,normal,20260810_133647,False
2455002,0.0156,0.0273,0.9126,2455.002,500000,-0.0039000000000000007,0.0,0.0039000000000000146,0.005515432893255082,tap3,slow,normal,20260810_133647,False
2457503,0.0117,0.0351,0.9087,2457.503,500000,-0.0078,0.007799999999999998,0.0,0.011030865786510139,tap3,slow,normal,20260810_133647,False
2460016,0.0273,0.0234,0.9087,2460.016,500000,0.007800000000000001,-0.0039000000000000007,0.0,0.008720665112249181,tap3,slow,normal,20260810_133647,False
2462520,0.0156,0.0351,0.9126,2462.52,500000,-0.0039000000000000007,0.007799999999999998,0.0039000000000000146,0.0095530099968544,tap3,slow,normal,20260810_133647,False
2465027,0.0156,0.0351,0.9165,2465.027,500000,-0.0039000000000000007,0.007799999999999998,0.007800000000000029,0.011700000000000018,tap3,slow,normal,20260810_133647,False
2467527,0.0234,0.0273,0.9126,2467.527,500000,0.0039000000000000007,0.0,0.0039000000000000146,0.005515432893255082,tap3,slow,normal,20260810_133647,False
2470010,0.0117,0.0273,0.9087,2470.01,500000,-0.0078,0.0,0.0,0.0078,tap3,slow,normal,20260810_133647,False
2472518,0.0195,0.0312,0.9165,2472.518,500000,0.0,0.0038999999999999972,0.007800000000000029,0.008720665112249205,tap3,slow,normal,20260810_133647,False
2475020,0.0273,0.0234,0.9087,2475.02,500000,0.007800000000000001,-0.0039000000000000007,0.0,0.008720665112249181,tap3,slow,normal,20260810_133647,False
2477522,0.0234,0.0273,0.9165,2477.522,500000,0.0039000000000000007,0.0,0.007800000000000029,0.008720665112249207,tap3,slow,normal,20260810_133647,False
2480009,0.0234,0.0312,0.9087,2480.009,500000,0.0039000000000000007,0.0038999999999999972,0.0,0.0055154328932550695,tap3,slow,normal,20260810_133647,False
2482516,0.0156,0.0312,0.9165,2482.516,500000,-0.0039000000000000007,0.0038999999999999972,0.007800000000000029,0.009553009996854418,tap3,slow,normal,20260810_133647,False
2485028,0.0195,0.0351,0.9165,2485.028,500000,0.0,0.007799999999999998,0.007800000000000029,0.01103086578651016,tap3,slow,normal,20260810_133647,False
2487500,0.0156,0.0312,0.9165,2487.5,500000,-0.0039000000000000007,0.0038999999999999972,0.007800000000000029,0.009553009996854418,tap3,slow,normal,20260810_133647,False
2490021,0.0195,0.0273,0.9126,2490.021,500000,0.0,0.0,0.0039000000000000146,0.0039000000000000146,tap3,slow,normal,20260810_133647,False
2492502,0.0156,0.0273,0.9048,2492.502,500000,-0.0039000000000000007,0.0,-0.0038999999999999035,0.005515432893255003,tap3,slow,normal,20260810_133647,False
2495005,0.0234,0.0312,0.9009,2495.005,500000,0.0039000000000000007,0.0038999999999999972,-0.007799999999999918,0.009553009996854326,tap3,slow,normal,20260810_133647,False
2497507,0.0234,0.0234,0.9126,2497.507,500000,0.0039000000000000007,-0.0039000000000000007,0.0039000000000000146,0.006754998149518631,tap3,slow,normal,20260810_133647,False
2500010,0.0195,0.0273,0.9087,2500.01,500000,0.0,0.0,0.0,0.0,tap3,slow,normal,20260810_133647,False
2502518,0.0156,0.0234,0.9204,2502.518,500000,-0.0039000000000000007,-0.0039000000000000007,0.011700000000000044,0.012934836682386099,tap3,slow,normal,20260810_133647,False
2505002,0.0156,0.0273,0.9126,2505.002,500000,-0.0039000000000000007,0.0,0.0039000000000000146,0.005515432893255082,tap3,slow,normal,20260810_133647,False
2507529,0.0195,0.0273,0.9126,2507.529,500000,0.0,0.0,0.0039000000000000146,0.0039000000000000146,tap3,slow,normal,20260810_133647,False
2510008,0.0195,0.0234,0.9126,2510.008,500000,0.0,-0.0039000000000000007,0.0039000000000000146,0.005515432893255082,tap3,slow,normal,20260810_133647,False
2512517,0.0156,0.0234,0.9087,2512.517,500000,-0.0039000000000000007,-0.0039000000000000007,0.0,0.005515432893255071,tap3,slow,normal,20260810_133647,False
2515022,0.0234,0.0273,0.9009,2515.022,500000,0.0039000000000000007,0.0,-0.007799999999999918,0.008720665112249107,tap3,slow,normal,20260810_133647,False
2517523,0.0156,0.0312,0.9087,2517.523,500000,-0.0039000000000000007,0.0038999999999999972,0.0,0.0055154328932550695,tap3,slow,normal,20260810_133647,False
2520033,0.0156,0.0195,0.9126,2520.033,500000,-0.0039000000000000007,-0.007800000000000001,0.0039000000000000146,0.009553009996854402,tap3,slow,normal,20260810_133647,False
2522512,0.0156,0.0234,0.9048,2522.512,500000,-0.0039000000000000007,-0.0039000000000000007,-0.0038999999999999035,0.006754998149518567,tap3,slow,normal,20260810_133647,False
2525022,0.0195,0.0234,0.9087,2525.022,500000,0.0,-0.0039000000000000007,0.0,0.0039000000000000007,tap3,slow,normal,20260810_133647,False
2527520,0.0195,0.0273,0.9165,2527.52,500000,0.0,0.0,0.007800000000000029,0.007800000000000029,tap3,slow,normal,20260810_133647,False
2530021,0.0156,0.0156,0.9087,2530.021,500000,-0.0039000000000000007,-0.011700000000000002,0.0,0.012332882874656682,tap3,slow,normal,20260810_133647,False
2532522,0.0195,0.0273,0.9243,2532.522,500000,0.0,0.0,0.015600000000000058,0.015600000000000058,tap3,slow,normal,20260810_133647,False
2535020,0.0156,0.0312,0.9126,2535.02,500000,-0.0039000000000000007,0.0038999999999999972,0.0039000000000000146,0.006754998149518628,tap3,slow,normal,20260810_133647,False
2537521,0.0156,0.0312,0.9204,2537.521,500000,-0.0039000000000000007,0.0038999999999999972,0.011700000000000044,0.012934836682386099,tap3,slow,normal,20260810_133647,False
2540001,0.0156,0.0273,0.9126,2540.001,500000,-0.0039000000000000007,0.0,0.0039000000000000146,0.005515432893255082,tap3,slow,normal,20260810_133647,False
2542505,0.0195,0.0273,0.9126,2542.505,500000,0.0,0.0,0.0039000000000000146,0.0039000000000000146,tap3,slow,normal,20260810_133647,False
2545013,0.0117,0.0351,0.9165,2545.013,500000,-0.0078,0.007799999999999998,0.007800000000000029,0.013509996299037258,tap3,slow,normal,20260810_133647,False
2547508,0.0156,0.0273,0.9126,2547.508,500000,-0.0039000000000000007,0.0,0.0039000000000000146,0.005515432893255082,tap3,slow,normal,20260810_133647,False
2550009,0.0156,0.0351,0.9048,2550.009,500000,-0.0039000000000000007,0.007799999999999998,-0.0038999999999999035,0.009553009996854354,tap3,slow,normal,20260810_133647,False
2552516,0.0156,0.0312,0.9126,2552.516,500000,-0.0039000000000000007,0.0038999999999999972,0.0039000000000000146,0.006754998149518628,tap3,slow,normal,20260810_133647,False
2555026,2.3595,0.7917,-2.2893,2555.026,500000,2.3400000000000003,0.7644,-3.198,4.035729346722845,tap3,slow,normal,20260810_133647,False
2557529,-5.2494,-7.2891,1.5366,2557.529,500000,-5.2688999999999995,-7.316400000000001,0.6279,9.037990627346325,tap3,slow,normal,20260810_133647,False
2560002,-5.2494,-7.2891,1.5366,2560.002,500000,-5.2688999999999995,-7.316400000000001,0.6279,9.037990627346325,tap3,slow,normal,20260810_133647,False
2562507,-6.4116,-4.7112,2.1333,2562.507,500000,-6.4311,-4.7385,1.2246000000000001,8.081588619819744,tap3,slow,normal,20260810_133647,False
2565016,-0.8346,2.8704,0.039,2565.016,500000,-0.8541,2.8431,-0.8696999999999999,3.093393364898813,tap3,slow,normal,20260810_133647,False
2567517,0.9984,0.6123,0.9555,2567.517,500000,0.9789,0.585,0.046800000000000064,1.1413415133079143,tap3,slow,normal,20260810_133647,False
2570006,1.1505,3.3969,-0.0546,2570.006,500000,1.131,3.3696,-0.9632999999999999,3.682568675530709,tap3,slow,normal,20260810_133647,False
2572510,0.0624,-0.7059,1.3533,2572.51,500000,0.042899999999999994,-0.7332,0.4446,0.8585405115659948,tap3,slow,normal,20260810_133647,False
2575017,-0.3276,-0.7917,1.2129,2575.017,500000,-0.3471,-0.819,0.30420000000000014,0.9400941708148179,tap3,slow,normal,20260810_133647,False
2577512,-0.0585,-0.507,1.1154,2577.512,500000,-0.078,-0.5343,0.2067,0.5781741779083531,tap3,slow,normal,20260810_133647,False
2580004,0.1638,0.0429,0.9516,2580.004,500000,0.1443,0.0156,0.04290000000000005,0.15134814171307162,tap3,slow,normal,20260810_133647,False
2582514,0.039,0.0312,0.9243,2582.514,500000,0.0195,0.0038999999999999972,0.015600000000000058,0.02527488872379069,tap3,slow,normal,20260810_133647,False
2585029,0.0702,0.2613,0.8541,2585.029,500000,0.050699999999999995,0.23399999999999999,-0.05459999999999998,0.24557615926632614,tap3,slow,normal,20260810_133647,False
2587509,0.117,0.4719,0.7527,2587.509,500000,0.0975,0.4446,-0.15599999999999992,0.4811563259482306,tap3,slow,normal,20260810_133647,False
2590018,-0.0468,0.1443,0.858,2590.018,500000,-0.0663,0.117,-0.05069999999999997,0.14371910102696858,tap3,slow,normal,20260810_133647,False
2592522,-0.1872,-0.3705,1.0452,2592.522,500000,-0.2067,-0.3978,0.13649999999999995,0.46861709315815614,tap3,slow,normal,20260810_133647,False
2595026,0.0273,-0.1716,1.0569,2595.026,500000,0.007800000000000001,-0.1989,0.1482,0.24816383701095532,tap3,slow,normal,20260810_133647,False
2597526,0.0663,0.1599,0.8853,2597.526,500000,0.046799999999999994,0.1326,-0.023399999999999976,0.1425502016834771,tap3,slow,normal,20260810_133647,False
2600013,0.1287,0.3237,0.8346,2600.013,500000,0.1092,0.2964,-0.07409999999999994,0.3244509361983719,tap3,slow,normal,20260810_133647,False
2602524,-0.0546,0.0663,0.8775,2602.524,500000,-0.0741,0.03899999999999999,-0.031200000000000006,0.08936022605163887,tap3,slow,normal,20260810_133647,False
2605020,-0.078,-0.1365,0.9594,2605.02,500000,-0.0975,-0.1638,0.05070000000000008,0.197249030415868,tap3,slow,normal,20260810_133647,False
2607516,-0.0039,-0.0702,0.9672,2607.516,500000,-0.0234,-0.0975,0.058499999999999996,0.1160864333158703,tap3,slow,normal,20260810_133647,False
2610023,0.0078,0.0585,0.9126,2610.023,500000,-0.0117,0.031200000000000002,0.0039000000000000146,0.03354906854146625,tap3,slow,normal,20260810_133647,False
2612500,-0.0078,0.0741,0.9165,2612.5,500000,-0.027299999999999998,0.046799999999999994,0.007800000000000029,0.054739108505710975,tap3,slow,normal,20260810_133647,False
2615006,-0.0156,0.0663,0.9048,2615.006,500000,-0.0351,0.03899999999999999,-0.0038999999999999035,0.05261387649660495,tap3,slow,normal,20260810_133647,False
2617508,0.0,0.0312,0.9282,2617.508,500000,-0.0195,0.0038999999999999972,0.019500000000000073,0.027851570871317167,tap3,slow,normal,20260810_133647,False
2620002,-0.0312,0.0078,0.9321,2620.002,500000,-0.050699999999999995,-0.019500000000000003,0.023400000000000087,0.05914642846360212,tap3,slow,normal,20260810_133647,False
2622507,-0.0078,0.0,0.9516,2622.507,500000,-0.027299999999999998,-0.0273,0.04290000000000005,0.05771472948910013,tap3,slow,normal,20260810_133647,False
2625015,-0.0156,0.0624,0.9087,2625.015,500000,-0.0351,0.03509999999999999,0.0,0.04963889603929563,tap3,slow,normal,20260810_133647,False
2627513,0.0039,0.0897,0.9009,2627.513,500000,-0.0156,0.0624,-0.007799999999999918,0.06479166613076097,tap3,slow,normal,20260810_133647,False
2630000,-0.0078,0.039,0.9204,2630.0,500000,-0.027299999999999998,0.011699999999999999,0.011700000000000044,0.031922875810302564,tap3,slow,normal,20260810_133647,False
2632505,-0.0156,0.0117,0.9243,2632.505,500000,-0.0351,-0.015600000000000001,0.015600000000000058,0.04145756866966515,tap3,slow,normal,20260810_133647,False
2635021,-0.0078,0.0156,0.9438,2635.021,500000,-0.027299999999999998,-0.011700000000000002,0.03510000000000002,0.04598032187795124,tap3,slow,normal,20260810_133647,False
2637524,-0.0039,0.039,0.9243,2637.524,500000,-0.0234,0.011699999999999999,0.015600000000000058,0.03045997373603598,tap3,slow,normal,20260810_133647,False
2640011,-0.0117,0.0663,0.9126,2640.011,500000,-0.0312,0.03899999999999999,0.0039000000000000146,0.050096407056793996,tap3,slow,normal,20260810_133647,False
2642517,-0.0195,0.0468,0.9243,2642.517,500000,-0.039,0.0195,0.015600000000000058,0.046309934139447895,tap3,slow,normal,20260810_133647,False
2645027,-0.0039,0.039,0.9204,2645.027,500000,-0.0234,0.011699999999999999,0.011700000000000044,0.0286590299905632,tap3,slow,normal,20260810_133647,False
2647502,-0.0078,0.0468,0.9477,2647.502,500000,-0.027299999999999998,0.0195,0.039000000000000035,0.05144453323726441,tap3,slow,normal,20260810_133647,False
2650008,-0.0117,0.0468,0.9399,2650.008,500000,-0.0312,0.0195,0.031200000000000006,0.04824033581972663,tap3,slow,normal,20260810_133647,False
2652501,-0.0195,0.0936,0.9672,2652.501,500000,-0.039,0.0663,0.058499999999999996,0.09663819120823816,tap3,slow,normal,20260810_133647,False
2655012,-0.039,0.0819,0.9672,2655.012,500000,-0.058499999999999996,0.054599999999999996,0.058499999999999996,0.0991244672116829,tap3,slow,normal,20260810_133647,False
2657511,-0.0234,0.1326,0.9282,2657.511,500000,-0.0429,0.10529999999999999,0.019500000000000073,0.11536355577044252,tap3,slow,normal,20260810_133647,False
2660016,-0.0078,0.0468,0.9282,2660.016,500000,-0.027299999999999998,0.0195,0.019500000000000073,0.038804510047158215,tap3,slow,normal,20260810_133647,False
2662526,-0.0078,0.0468,0.9282,2662.526,500000,-0.027299999999999998,0.0195,0.019500000000000073,0.038804510047158215,tap3,slow,normal,20260810_133647,False
2665001,0.0078,0.0117,0.9087,2665.001,500000,-0.0117,-0.015600000000000001,0.0,0.0195,tap3,slow,normal,20260810_133647,False
2667530,0.0078,-0.0039,0.9048,2667.53,500000,-0.0117,-0.031200000000000002,-0.0038999999999999035,0.033549068541466234,tap3,slow,normal,20260810_133647,False
2670005,0.0078,-0.0039,0.9048,2670.005,500000,-0.0117,-0.031200000000000002,-0.0038999999999999035,0.033549068541466234,tap3,slow,normal,20260810_133647,False
2672512,0.0195,-0.0039,0.8931,2672.512,500000,0.0,-0.031200000000000002,-0.015599999999999947,0.0348826604489967,tap3,slow,normal,20260810_133647,False
2675019,0.0195,0.0429,0.9321,2675.019,500000,0.0,0.0156,0.023400000000000087,0.028123299948619188,tap3,slow,normal,20260810_133647,False
2677518,-0.0078,0.0624,0.9126,2677.518,500000,-0.027299999999999998,0.03509999999999999,0.0039000000000000146,0.044637540254812424,tap3,slow,normal,20260810_133647,False
2680005,0.0,0.0546,0.9165,2680.005,500000,-0.0195,0.0273,0.007800000000000029,0.03444386737867861,tap3,slow,normal,20260810_133647,False
2682519,0.0,0.0429,0.9048,2682.519,500000,-0.0195,0.0156,-0.0038999999999999035,0.025274888723790637,tap3,slow,normal,20260810_133647,False
2685000,0.0078,0.039,0.9126,2685.0,500000,-0.0117,0.011699999999999999,0.0039000000000000146,0.01699970587980863,tap3,slow,normal,20260810_133647,False
2687501,0.0078,0.0273,0.9126,2687.501,500000,-0.0117,0.0,0.0039000000000000146,0.012332882874656684,tap3,slow,normal,20260810_133647,False
2690015,0.0039,0.0312,0.9087,2690.015,500000,-0.0156,0.0038999999999999972,0.0,0.016080111939908874,tap3,slow,normal,20260810_133647,False
2692523,0.0351,0.0078,0.8736,2692.523,500000,0.0156,-0.019500000000000003,-0.03509999999999991,0.043076907967030245,tap3,slow,normal,20260810_133647,False
2695000,0.0468,0.0507,0.9126,2695.0,500000,0.0273,0.0234,0.0039000000000000146,0.036167112132433246,tap3,slow,normal,20260810_133647,False
2697505,0.0429,0.0468,0.8619,2697.505,500000,0.0234,0.0195,-0.04679999999999995,0.055839502146777735,tap3,slow,normal,20260810_133647,False
2700017,0.0039,0.0507,0.9516,2700.017,500000,-0.0156,0.0234,0.04290000000000005,0.05129649110806707,tap3,slow,normal,20260810_133647,False
2702524,0.0117,0.0273,0.8736,2702.524,500000,-0.0078,0.0,-0.03509999999999991,0.03595622338344217,tap3,slow,normal,20260810_133647,False
2705015,0.0624,0.0585,0.9048,2705.015,500000,0.042899999999999994,0.031200000000000002,-0.0038999999999999035,0.05318890861824483,tap3,slow,normal,20260810_133647,False
2707512,-0.0078,0.039,0.9087,2707.512,500000,-0.027299999999999998,0.011699999999999999,0.0,0.02970151511286924,tap3,slow,normal,20260810_133647,False
2710013,0.0117,0.0663,0.8931,2710.013,500000,-0.0078,0.03899999999999999,-0.015599999999999947,0.04272235948540293,tap3,slow,normal,20260810_133647,False
2712520,-0.0078,0.0741,0.9243,2712.52,500000,-0.027299999999999998,0.046799999999999994,0.015600000000000058,0.05638164594972376,tap3,slow,normal,20260810_133647,False
2715026,0.0156,0.0975,0.9087,2715.026,500000,-0.0039000000000000007,0.0702,0.0,0.0703082498715478,tap3,slow,normal,20260810_133647,False
2717511,0.0195,0.0312,0.897,2717.511,500000,0.0,0.0038999999999999972,-0.011699999999999933,0.012332882874656614,tap3,slow,normal,20260810_133647,False
2720013,-0.0039,0.0273,0.9087,2720.013,500000,-0.0234,0.0,0.0,0.0234,tap3,slow,normal,20260810_133647,False
2722521,-0.0078,0.0039,0.8931,2722.521,500000,-0.027299999999999998,-0.0234,-0.015599999999999947,0.03919451492237145,tap3,slow,normal,20260810_133647,False
2725027,0.0195,-0.0117,0.9048,2725.027,500000,0.0,-0.039,-0.0038999999999999035,0.039194514922371464,tap3,slow,normal,20260810_133647,False
2727529,0.0156,0.0,0.8931,2727.529,500000,-0.0039000000000000007,-0.0273,-0.015599999999999947,0.03168374977808022,tap3,slow,normal,20260810_133647,False
2730002,0.0078,0.0117,0.9009,2730.002,500000,-0.0117,-0.015600000000000001,-0.007799999999999918,0.021002142747824536,tap3,slow,normal,20260810_133647,False
2732507,0.0039,0.0234,0.9126,2732.507,500000,-0.0156,-0.0039000000000000007,0.0039000000000000146,0.016546298679765214,tap3,slow,normal,20260810_133647,False
2735014,0.0039,0.0429,0.9204,2735.014,500000,-0.0156,0.0156,0.011700000000000044,0.02497218452598813,tap3,slow,normal,20260810_133647,False
2737517,0.0078,0.039,0.9126,2737.517,500000,-0.0117,0.011699999999999999,0.0039000000000000146,0.01699970587980863,tap3,slow,normal,20260810_133647,False
2740029,0.0,0.0351,0.9087,2740.029,500000,-0.0195,0.007799999999999998,0.0,0.021002142747824564,tap3,slow,normal,20260810_133647,False
2742507,0.0,0.039,0.9165,2742.507,500000,-0.0195,0.011699999999999999,0.007800000000000029,0.024041214611579015,tap3,slow,normal,20260810_133647,False
2745012,-0.0039,0.0312,0.9126,2745.012,500000,-0.0234,0.0038999999999999972,0.0039000000000000146,0.02404121461157901,tap3,slow,normal,20260810_133647,False
2747517,0.0039,0.0234,0.9165,2747.517,500000,-0.0156,-0.0039000000000000007,0.007800000000000029,0.01787204521032779,tap3,slow,normal,20260810_133647,False
2750004,0.0039,0.0312,0.9204,2750.004,500000,-0.0156,0.0038999999999999972,0.011700000000000044,0.019886176103011886,tap3,slow,normal,20260810_133647,False
2752511,-0.0039,0.0429,0.9126,2752.511,500000,-0.0234,0.0156,0.0039000000000000146,0.028392428568194024,tap3,slow,normal,20260810_133647,False
2755015,0.0,0.0429,0.9204,2755.015,500000,-0.0195,0.0156,0.011700000000000044,0.02757716446627537,tap3,slow,normal,20260810_133647,False
2757517,0.0039,0.0429,0.9243,2757.517,500000,-0.0156,0.0156,0.015600000000000058,0.02701999259807452,tap3,slow,normal,20260810_133647,False
2760006,0.0,0.0312,0.9126,2760.006,500000,-0.0195,0.0038999999999999972,0.0039000000000000146,0.020264994448555868,tap3,slow,normal,20260810_133647,False
2762508,0.0,0.0273,0.9165,2762.508,500000,-0.0195,0.0,0.007800000000000029,0.021002142747824575,tap3,slow,normal,20260810_133647,False
2765013,0.0,0.0312,0.9048,2765.013,500000,-0.0195,0.0038999999999999972,-0.0038999999999999035,0.020264994448555843,tap3,slow,normal,20260810_133647,False
2767512,0.0,0.0234,0.9087,2767.512,500000,-0.0195,-0.0039000000000000007,0.0,0.01988617610301186,tap3,slow,normal,20260810_133647,False
2770002,0.0,0.0234,0.9087,2770.002,500000,-0.0195,-0.0039000000000000007,0.0,0.01988617610301186,tap3,slow,normal,20260810_133647,False
2772510,0.0039,0.0195,0.9126,2772.51,500000,-0.0156,-0.007800000000000001,0.0039000000000000146,0.01787204521032778,tap3,slow,normal,20260810_133647,False
2775018,0.0039,0.0351,0.9243,2775.018,500000,-0.0156,0.007799999999999998,0.015600000000000058,0.023400000000000035,tap3,slow,normal,20260810_133647,False
2777514,0.0,0.039,0.9087,2777.514,500000,-0.0195,0.011699999999999999,0.0,0.02274071238989667,tap3,slow,normal,20260810_133647,False
2780008,-0.0039,0.0429,0.9243,2780.008,500000,-0.0234,0.0156,0.015600000000000058,0.03216022387981778,tap3,slow,normal,20260810_133647,False
2782525,0.0,0.0351,0.9204,2782.525,500000,-0.0195,0.007799999999999998,0.011700000000000044,0.02404121461157903,tap3,slow,normal,20260810_133647,False
2785009,0.0,0.0468,0.9243,2785.009,500000,-0.0195,0.0195,0.015600000000000058,0.03168374977808027,tap3,slow,normal,20260810_133647,False
2787506,0.0078,0.0312,0.9243,2787.506,500000,-0.0117,0.0038999999999999972,0.015600000000000058,0.019886176103011906,tap3,slow,normal,20260810_133647,False
2790022,0.0039,0.039,0.9282,2790.022,500000,-0.0156,0.011699999999999999,0.019500000000000073,0.0275771644662754,tap3,slow,normal,20260810_133647,False
2792501,0.0039,0.039,0.9165,2792.501,500000,-0.0156,0.011699999999999999,0.007800000000000029,0.021002142747824575,tap3,slow,normal,20260810_133647,False
2795005,0.0,0.0351,0.9087,2795.005,500000,-0.0195,0.007799999999999998,0.0,0.021002142747824564,tap3,slow,normal,20260810_133647,False
2797501,0.0078,0.0351,0.9087,2797.501,500000,-0.0117,0.007799999999999998,0.0,0.014061649974309557,tap3,slow,normal,20260810_133647,False
2800010,0.0,0.0351,0.9126,2800.01,500000,-0.0195,0.007799999999999998,0.0039000000000000146,0.02136117974270148,tap3,slow,normal,20260810_133647,False
2802509,0.0039,0.0312,0.9126,2802.509,500000,-0.0156,0.0038999999999999972,0.0039000000000000146,0.016546298679765214,tap3,slow,normal,20260810_133647,False
2805019,0.0117,0.0273,0.9204,2805.019,500000,-0.0078,0.0,0.011700000000000044,0.014061649974309594,tap3,slow,normal,20260810_133647,False
2807516,0.0117,0.0156,0.9204,2807.516,500000,-0.0078,-0.011700000000000002,0.011700000000000044,0.018292621463311405,tap3,slow,normal,20260810_133647,False
2810022,0.0,0.0234,0.9048,2810.022,500000,-0.0195,-0.0039000000000000007,-0.0038999999999999035,0.020264994448555843,tap3,slow,normal,20260810_133647,False
2812500,0.0078,0.0195,0.9087,2812.5,500000,-0.0117,-0.007800000000000001,0.0,0.014061649974309559,tap3,slow,normal,20260810_133647,False
2815010,0.0039,0.0351,0.9048,2815.01,500000,-0.0156,0.007799999999999998,-0.0038999999999999035,0.01787204521032775,tap3,slow,normal,20260810_133647,False
2817509,0.0039,0.0351,0.9165,2817.509,500000,-0.0156,0.007799999999999998,0.007800000000000029,0.0191060199937088,tap3,slow,normal,20260810_133647,False
2820007,0.0039,0.0312,0.9048,2820.007,500000,-0.0156,0.0038999999999999972,-0.0038999999999999035,0.016546298679765186,tap3,slow,normal,20260810_133647,False
2822509,0.0078,0.0234,0.9165,2822.509,500000,-0.0117,-0.0039000000000000007,0.007800000000000029,0.014592463808418388,tap3,slow,normal,20260810_133647,False
2825012,0.0117,0.0273,0.9087,2825.012,500000,-0.0078,0.0,0.0,0.0078,tap3,slow,normal,20260810_133647,False
2827517,0.0117,0.0312,0.9048,2827.517,500000,-0.0078,0.0038999999999999972,-0.0038999999999999035,0.009553009996854354,tap3,slow,normal,20260810_133647,False
2830006,0.0039,0.0351,0.9048,2830.006,500000,-0.0156,0.007799999999999998,-0.0038999999999999035,0.01787204521032775,tap3,slow,normal,20260810_133647,False
2832524,0.0039,0.039,0.9048,2832.524,500000,-0.0156,0.011699999999999999,-0.0038999999999999035,0.01988617610301184,tap3,slow,normal,20260810_133647,False
2835022,0.0,0.0351,0.9087,2835.022,500000,-0.0195,0.007799999999999998,0.0,0.021002142747824564,tap3,slow,normal,20260810_133647,False
2837524,0.0078,0.0273,0.9009,2837.524,500000,-0.0117,0.0,-0.007799999999999918,0.014061649974309512,tap3,slow,normal,20260810_133647,False
2840002,0.0039,0.0312,0.9009,2840.002,500000,-0.0156,0.0038999999999999972,-0.007799999999999918,0.01787204521032774,tap3,slow,normal,20260810_133647,False
2842513,0.0078,0.0234,0.9048,2842.513,500000,-0.0117,-0.0039000000000000007,-0.0038999999999999035,0.012934836682386031,tap3,slow,normal,20260810_133647,False
2845017,0.0078,0.0273,0.9087,2845.017,500000,-0.0117,0.0,0.0,0.0117,tap3,slow,normal,20260810_133647,False
2847516,0.0078,0.0195,0.9165,2847.516,500000,-0.0117,-0.007800000000000001,0.007800000000000029,0.01608011193990889,tap3,slow,normal,20260810_133647,False
2850001,0.0117,0.0273,0.9126,2850.001,500000,-0.0078,0.0,0.0039000000000000146,0.008720665112249186,tap3,slow,normal,20260810_133647,False
2852511,0.0039,0.0273,0.9204,2852.511,500000,-0.0156,0.0,0.011700000000000044,0.019500000000000028,tap3,slow,normal,20260810_133647,False
2855020,0.0078,0.0234,0.9048,2855.02,500000,-0.0117,-0.0039000000000000007,-0.0038999999999999035,0.012934836682386031,tap3,slow,normal,20260810_133647,False
2857516,0.0078,0.0234,0.897,2857.516,500000,-0.0117,-0.0039000000000000007,-0.011699999999999933,0.01699970587980858,tap3,slow,normal,20260810_133647,False
2860021,0.0039,0.0273,0.9165,2860.021,500000,-0.0156,0.0,0.007800000000000029,0.017441330224498373,tap3,slow,normal,20260810_133647,False
2862500,0.0039,0.0273,0.9204,2862.5,500000,-0.0156,0.0,0.011700000000000044,0.019500000000000028,tap3,slow,normal,20260810_133647,False
2865005,0.0039,0.0312,0.9087,2865.005,500000,-0.0156,0.0038999999999999972,0.0,0.016080111939908874,tap3,slow,normal,20260810_133647,False
2867507,0.0,0.0312,0.9126,2867.507,500000,-0.0195,0.0038999999999999972,0.0039000000000000146,0.020264994448555868,tap3,slow,normal,20260810_133647,False
2870012,0.0039,0.0273,0.9048,2870.012,500000,-0.0156,0.0,-0.0038999999999999035,0.01608011193990885,tap3,slow,normal,20260810_133647,False
2872520,0.0039,0.0273,0.9048,2872.52,500000,-0.0156,0.0,-0.0038999999999999035,0.01608011193990885,tap3,slow,normal,20260810_133647,False
2875027,0.0039,0.0312,0.9048,2875.027,500000,-0.0156,0.0038999999999999972,-0.0038999999999999035,0.016546298679765186,tap3,slow,normal,20260810_133647,False
2877519,0.0,0.0351,0.9165,2877.519,500000,-0.0195,0.007799999999999998,0.007800000000000029,0.022403794321498322,tap3,slow,normal,20260810_133647,False
2880008,0.0039,0.0351,0.9048,2880.008,500000,-0.0156,0.007799999999999998,-0.0038999999999999035,0.01787204521032775,tap3,slow,normal,20260810_133647,False
2882510,0.0,0.0351,0.9087,2882.51,500000,-0.0195,0.007799999999999998,0.0,0.021002142747824564,tap3,slow,normal,20260810_133647,False
2885013,0.0039,0.0234,0.9009,2885.013,500000,-0.0156,-0.0039000000000000007,-0.007799999999999918,0.01787204521032774,tap3,slow,normal,20260810_133647,False
2887514,0.0,0.0312,0.9087,2887.514,500000,-0.0195,0.0038999999999999972,0.0,0.01988617610301186,tap3,slow,normal,20260810_133647,False
2890018,0.0,0.0273,0.9087,2890.018,500000,-0.0195,0.0,0.0,0.0195,tap3,slow,normal,20260810_133647,False
2892526,0.0039,0.0312,0.9087,2892.526,500000,-0.0156,0.0038999999999999972,0.0,0.016080111939908874,tap3,slow,normal,20260810_133647,False
2895002,0.0039,0.039,0.9204,2895.002,500000,-0.0156,0.011699999999999999,0.011700000000000044,0.022740712389896695,tap3,slow,normal,20260810_133647,False
2897506,0.0078,0.0312,0.9048,2897.506,500000,-0.0117,0.0038999999999999972,-0.0038999999999999035,0.01293483668238603,tap3,slow,normal,20260810_133647,False
2900010,0.0,0.0312,0.9204,2900.01,500000,-0.0195,0.0038999999999999972,0.011700000000000044,0.023072711154088522,tap3,slow,normal,20260810_133647,False
2902518,0.0039,0.0351,0.9126,2902.518,500000,-0.0156,0.007799999999999998,0.0039000000000000146,0.017872045210327776,tap3,slow,normal,20260810_133647,False
2905000,0.0078,0.0351,0.9165,2905.0,500000,-0.0117,0.007799999999999998,0.007800000000000029,0.016080111939908888,tap3,slow,normal,20260810_133647,False
2907501,0.0039,0.039,0.9048,2907.501,500000,-0.0156,0.011699999999999999,-0.0038999999999999035,0.01988617610301184,tap3,slow,normal,20260810_133647,False
2910014,0.0039,0.0312,0.9087,2910.014,500000,-0.0156,0.0038999999999999972,0.0,0.016080111939908874,tap3,slow,normal,20260810_133647,False
2912523,0.0039,0.0312,0.9087,2912.523,500000,-0.0156,0.0038999999999999972,0.0,0.016080111939908874,tap3,slow,normal,20260810_133647,False
2915011,0.0,0.039,0.9009,2915.011,500000,-0.0195,0.011699999999999999,-0.007799999999999918,0.02404121461157898,tap3,slow,normal,20260810_133647,False
2917520,0.0039,0.0351,0.9087,2917.52,500000,-0.0156,0.007799999999999998,0.0,0.01744133022449836,tap3,slow,normal,20260810_133647,False
2920011,0.0117,0.0351,0.9048,2920.011,500000,-0.0078,0.007799999999999998,-0.0038999999999999035,0.011699999999999966,tap3,slow,normal,20260810_133647,False
2922514,0.0039,0.0351,0.9048,2922.514,500000,-0.0156,0.007799999999999998,-0.0038999999999999035,0.01787204521032775,tap3,slow,normal,20260810_133647,False
2925017,0.0,0.0273,0.9087,2925.017,500000,-0.0195,0.0,0.0,0.0195,tap3,slow,normal,20260810_133647,False
2927519,0.0039,0.0234,0.9087,2927.519,500000,-0.0156,-0.0039000000000000007,0.0,0.016080111939908874,tap3,slow,normal,20260810_133647,False
2930010,0.0,0.039,0.9087,2930.01,500000,-0.0195,0.011699999999999999,0.0,0.02274071238989667,tap3,slow,normal,20260810_133647,False
2932520,0.0078,0.0156,0.9126,2932.52,500000,-0.0117,-0.011700000000000002,0.0039000000000000146,0.016999705879808633,tap3,slow,normal,20260810_133647,False
2935005,0.0078,0.0273,0.9009,2935.005,500000,-0.0117,0.0,-0.007799999999999918,0.014061649974309512,tap3,slow,normal,20260810_133647,False
2937507,0.0039,0.0312,0.9126,2937.507,500000,-0.0156,0.0038999999999999972,0.0039000000000000146,0.016546298679765214,tap3,slow,normal,20260810_133647,False
2940023,0.0078,0.0312,0.9087,2940.023,500000,-0.0117,0.0038999999999999972,0.0,0.012332882874656679,tap3,slow,normal,20260810_133647,False
2942524,0.0078,0.0195,0.9087,2942.524,500000,-0.0117,-0.007800000000000001,0.0,0.014061649974309559,tap3,slow,normal,20260810_133647,False
2945027,0.0039,0.0312,0.9048,2945.027,500000,-0.0156,0.0038999999999999972,-0.0038999999999999035,0.016546298679765186,tap3,slow,normal,20260810_133647,False
2947522,0.0039,0.0351,0.9087,2947.522,500000,-0.0156,0.007799999999999998,0.0,0.01744133022449836,tap3,slow,normal,20260810_133647,False
2950027,0.0039,0.0312,0.897,2950.027,500000,-0.0156,0.0038999999999999972,-0.011699999999999933,0.01988617610301182,tap3,slow,normal,20260810_133647,False
2952500,0.0039,0.0312,0.9048,2952.5,500000,-0.0156,0.0038999999999999972,-0.0038999999999999035,0.016546298679765186,tap3,slow,normal,20260810_133647,False
2955002,0.0,0.0312,0.9009,2955.002,500000,-0.0195,0.0038999999999999972,-0.007799999999999918,0.021361179742701446,tap3,slow,normal,20260810_133647,False
2957506,0.0078,0.0273,0.9087,2957.506,500000,-0.0117,0.0,0.0,0.0117,tap3,slow,normal,20260810_133647,False
2960017,0.0,0.0312,0.9048,2960.017,500000,-0.0195,0.0038999999999999972,-0.0038999999999999035,0.020264994448555843,tap3,slow,normal,20260810_133647,False
2962525,0.0039,0.0234,0.9009,2962.525,500000,-0.0156,-0.0039000000000000007,-0.007799999999999918,0.01787204521032774,tap3,slow,normal,20260810_133647,False
2965006,0.0078,0.0234,0.9009,2965.006,500000,-0.0117,-0.0039000000000000007,-0.007799999999999918,0.014592463808418327,tap3,slow,normal,20260810_133647,False
2967505,0.0078,0.0195,0.9048,2967.505,500000,-0.0117,-0.007800000000000001,-0.0038999999999999035,0.014592463808418346,tap3,slow,normal,20260810_133647,False
2970015,0.0039,0.0234,0.9204,2970.015,500000,-0.0156,-0.0039000000000000007,0.011700000000000044,0.019886176103011886,tap3,slow,normal,20260810_133647,False
2972525,0.0039,0.0234,0.9087,2972.525,500000,-0.0156,-0.0039000000000000007,0.0,0.016080111939908874,tap3,slow,normal,20260810_133647,False
2975027,0.0078,0.0273,0.9009,2975.027,500000,-0.0117,0.0,-0.007799999999999918,0.014061649974309512,tap3,slow,normal,20260810_133647,False
2977523,0.0039,0.0234,0.9087,2977.523,500000,-0.0156,-0.0039000000000000007,0.0,0.016080111939908874,tap3,slow,normal,20260810_133647,False
2980023,0.0039,0.0234,0.9087,2980.023,500000,-0.0156,-0.0039000000000000007,0.0,0.016080111939908874,tap3,slow,normal,20260810_133647,False
2982500,0.0078,0.0351,0.9126,2982.5,500000,-0.0117,0.007799999999999998,0.0039000000000000146,0.014592463808418374,tap3,slow,normal,20260810_133647,False
2985005,0.0039,0.0312,0.9048,2985.005,500000,-0.0156,0.0038999999999999972,-0.0038999999999999035,0.016546298679765186,tap3,slow,normal,20260810_133647,False
2987502,0.0,0.0351,0.9165,2987.502,500000,-0.0195,0.007799999999999998,0.007800000000000029,0.022403794321498322,tap3,slow,normal,20260810_133647,False
2990019,0.0078,0.0273,0.9087,2990.019,500000,-0.0117,0.0,0.0,0.0117,tap3,slow,normal,20260810_133647,False
2992500,0.0039,0.0312,0.9087,2992.5,500000,-0.0156,0.0038999999999999972,0.0,0.016080111939908874,tap3,slow,normal,20260810_133647,False
2995004,0.0,0.0234,0.9243,2995.004,500000,-0.0195,-0.0039000000000000007,0.015600000000000058,0.02527488872379069,tap3,slow,normal,20260810_133647,False
2997503,0.0,0.0234,0.9087,2997.503,500000,-0.0195,-0.0039000000000000007,0.0,0.01988617610301186,tap3,slow,normal,20260810_133647,False
