time_us,x_g,y_g,z_g,time_ms,cue_time_us,x_delta_g,y_delta_g,z_delta_g,dynamic_magnitude_g,label,requested_pace,requested_force,session_id,operator_accepted
21079,0.0273,0.0273,0.9009,21.079,500000,0.011700000000000002,0.0,-0.011699999999999933,0.016546298679765165,tap3,fast,normal,20260810_133647,False
21520,0.0273,0.0273,0.9009,21.52,500000,0.011700000000000002,0.0,-0.011699999999999933,0.016546298679765165,tap3,fast,normal,20260810_133647,False
21926,0.0273,0.0273,0.9009,21.926,500000,0.011700000000000002,0.0,-0.011699999999999933,0.016546298679765165,tap3,fast,normal,20260810_133647,False
22325,0.0273,0.0273,0.9009,22.325,500000,0.011700000000000002,0.0,-0.011699999999999933,0.016546298679765165,tap3,fast,normal,20260810_133647,False
22736,0.0156,0.0273,0.9009,22.736,500000,0.0,0.0,-0.011699999999999933,0.011699999999999933,tap3,fast,normal,20260810_133647,False
23130,0.0156,0.0273,0.9009,23.13,500000,0.0,0.0,-0.011699999999999933,0.011699999999999933,tap3,fast,normal,20260810_133647,False
23531,0.0156,0.0273,0.9009,23.531,500000,0.0,0.0,-0.011699999999999933,0.011699999999999933,tap3,fast,normal,20260810_133647,False
23993,0.0156,0.0273,0.9009,23.993,500000,0.0,0.0,-0.011699999999999933,0.011699999999999933,tap3,fast,normal,20260810_133647,False
24404,0.0156,0.0273,0.9009,24.404,500000,0.0,0.0,-0.011699999999999933,0.011699999999999933,tap3,fast,normal,20260810_133647,False
25029,0.0156,0.0273,0.9009,25.029,500000,0.0,0.0,-0.011699999999999933,0.011699999999999933,tap3,fast,normal,20260810_133647,False
25449,0.0156,0.0234,0.9204,25.449,500000,0.0,-0.0039000000000000007,0.007800000000000029,0.008720665112249207,tap3,fast,normal,20260810_133647,False
27529,0.0156,0.0234,0.9204,27.529,500000,0.0,-0.0039000000000000007,0.007800000000000029,0.008720665112249207,tap3,fast,normal,20260810_133647,False
30004,0.0195,0.0273,0.9048,30.004,500000,0.0039000000000000007,0.0,-0.007799999999999918,0.008720665112249107,tap3,fast,normal,20260810_133647,False
32505,0.0156,0.0273,0.9048,32.505,500000,0.0,0.0,-0.007799999999999918,0.007799999999999918,tap3,fast,normal,20260810_133647,False
35002,0.0156,0.0234,0.9126,35.002,500000,0.0,-0.0039000000000000007,0.0,0.0039000000000000007,tap3,fast,normal,20260810_133647,False
37522,0.0195,0.0273,0.9243,37.522,500000,0.0039000000000000007,0.0,0.011700000000000044,0.012332882874656722,tap3,fast,normal,20260810_133647,False
40025,0.0156,0.0156,0.9204,40.025,500000,0.0,-0.011700000000000002,0.007800000000000029,0.014061649974309576,tap3,fast,normal,20260810_133647,False
42522,0.0156,0.0273,0.897,42.522,500000,0.0,0.0,-0.015599999999999947,0.015599999999999947,tap3,fast,normal,20260810_133647,False
45010,0.0195,0.0234,0.9126,45.01,500000,0.0039000000000000007,-0.0039000000000000007,0.0,0.005515432893255071,tap3,fast,normal,20260810_133647,False
47526,0.0078,0.0312,0.9126,47.526,500000,-0.0078,0.0038999999999999972,0.0,0.00872066511224918,tap3,fast,normal,20260810_133647,False
50001,0.0117,0.0234,0.9126,50.001,500000,-0.003899999999999999,-0.0039000000000000007,0.0,0.00551543289325507,tap3,fast,normal,20260810_133647,False
52512,0.0234,0.0273,0.9165,52.512,500000,0.007800000000000001,0.0,0.0039000000000000146,0.008720665112249188,tap3,fast,normal,20260810_133647,False
55004,0.0195,0.0273,0.9165,55.004,500000,0.0039000000000000007,0.0,0.0039000000000000146,0.005515432893255082,tap3,fast,normal,20260810_133647,False
57518,0.0195,0.0234,0.9087,57.518,500000,0.0039000000000000007,-0.0039000000000000007,-0.0039000000000000146,0.006754998149518631,tap3,fast,normal,20260810_133647,False
60023,0.0156,0.0312,0.9126,60.023,500000,0.0,0.0038999999999999972,0.0,0.0038999999999999972,tap3,fast,normal,20260810_133647,False
62526,0.0156,0.0156,0.9204,62.526,500000,0.0,-0.011700000000000002,0.007800000000000029,0.014061649974309576,tap3,fast,normal,20260810_133647,False
65233,0.0195,0.0273,0.9243,65.233,500000,0.0039000000000000007,0.0,0.011700000000000044,0.012332882874656722,tap3,fast,normal,20260810_133647,False
67503,0.0195,0.0195,0.9048,67.503,500000,0.0039000000000000007,-0.007800000000000001,-0.007799999999999918,0.011699999999999947,tap3,fast,normal,20260810_133647,False
70006,0.0078,0.0273,0.9087,70.006,500000,-0.0078,0.0,-0.0039000000000000146,0.008720665112249186,tap3,fast,normal,20260810_133647,False
72503,0.0234,0.0351,0.9087,72.503,500000,0.007800000000000001,0.007799999999999998,-0.0039000000000000146,0.011700000000000004,tap3,fast,normal,20260810_133647,False
75024,0.0117,0.0234,0.9048,75.024,500000,-0.003899999999999999,-0.0039000000000000007,-0.007799999999999918,0.009553009996854328,tap3,fast,normal,20260810_133647,False
77509,0.0156,0.0234,0.9048,77.509,500000,0.0,-0.0039000000000000007,-0.007799999999999918,0.008720665112249107,tap3,fast,normal,20260810_133647,False
80013,0.0195,0.0312,0.9126,80.013,500000,0.0039000000000000007,0.0038999999999999972,0.0,0.0055154328932550695,tap3,fast,normal,20260810_133647,False
82517,0.0156,0.0312,0.9087,82.517,500000,0.0,0.0038999999999999972,-0.0039000000000000146,0.005515432893255079,tap3,fast,normal,20260810_133647,False
85002,0.0195,0.0273,0.9048,85.002,500000,0.0039000000000000007,0.0,-0.007799999999999918,0.008720665112249107,tap3,fast,normal,20260810_133647,False
87520,0.0195,0.0351,0.9126,87.52,500000,0.0039000000000000007,0.007799999999999998,0.0,0.00872066511224918,tap3,fast,normal,20260810_133647,False
90009,0.0156,0.0234,0.9165,90.009,500000,0.0,-0.0039000000000000007,0.0039000000000000146,0.005515432893255082,tap3,fast,normal,20260810_133647,False
92516,0.0117,0.0234,0.9087,92.516,500000,-0.003899999999999999,-0.0039000000000000007,-0.0039000000000000146,0.00675499814951863,tap3,fast,normal,20260810_133647,False
95010,0.0156,0.0312,0.9126,95.01,500000,0.0,0.0038999999999999972,0.0,0.0038999999999999972,tap3,fast,normal,20260810_133647,False
97501,0.0117,0.0312,0.9165,97.501,500000,-0.003899999999999999,0.0038999999999999972,0.0039000000000000146,0.006754998149518627,tap3,fast,normal,20260810_133647,False
100010,0.0156,0.0234,0.9165,100.01,500000,0.0,-0.0039000000000000007,0.0039000000000000146,0.005515432893255082,tap3,fast,normal,20260810_133647,False
102514,0.0234,0.0273,0.9087,102.514,500000,0.007800000000000001,0.0,-0.0039000000000000146,0.008720665112249188,tap3,fast,normal,20260810_133647,False
105000,0.0156,0.0273,0.9087,105.0,500000,0.0,0.0,-0.0039000000000000146,0.0039000000000000146,tap3,fast,normal,20260810_133647,False
107517,0.0117,0.0273,0.9087,107.517,500000,-0.003899999999999999,0.0,-0.0039000000000000146,0.00551543289325508,tap3,fast,normal,20260810_133647,False
110020,0.0156,0.0273,0.9048,110.02,500000,0.0,0.0,-0.007799999999999918,0.007799999999999918,tap3,fast,normal,20260810_133647,False
112515,0.0156,0.0273,0.9126,112.515,500000,0.0,0.0,0.0,0.0,tap3,fast,normal,20260810_133647,False
115003,0.0195,0.0195,0.9087,115.003,500000,0.0039000000000000007,-0.007800000000000001,-0.0039000000000000146,0.009553009996854402,tap3,fast,normal,20260810_133647,False
117521,0.0195,0.0273,0.9048,117.521,500000,0.0039000000000000007,0.0,-0.007799999999999918,0.008720665112249107,tap3,fast,normal,20260810_133647,False
120012,0.0156,0.0312,0.9048,120.012,500000,0.0,0.0038999999999999972,-0.007799999999999918,0.008720665112249105,tap3,fast,normal,20260810_133647,False
122517,0.0117,0.0273,0.9087,122.517,500000,-0.003899999999999999,0.0,-0.0039000000000000146,0.00551543289325508,tap3,fast,normal,20260810_133647,False
125007,0.0117,0.0273,0.9087,125.007,500000,-0.003899999999999999,0.0,-0.0039000000000000146,0.00551543289325508,tap3,fast,normal,20260810_133647,False
127520,0.0117,0.0234,0.9126,127.52,500000,-0.003899999999999999,-0.0039000000000000007,0.0,0.00551543289325507,tap3,fast,normal,20260810_133647,False
130024,0.0195,0.0273,0.9126,130.024,500000,0.0039000000000000007,0.0,0.0,0.0039000000000000007,tap3,fast,normal,20260810_133647,False
132526,0.0117,0.0312,0.9087,132.526,500000,-0.003899999999999999,0.0038999999999999972,-0.0039000000000000146,0.006754998149518627,tap3,fast,normal,20260810_133647,False
135021,0.0117,0.0312,0.9087,135.021,500000,-0.003899999999999999,0.0038999999999999972,-0.0039000000000000146,0.006754998149518627,tap3,fast,normal,20260810_133647,False
137501,0.0195,0.0234,0.9087,137.501,500000,0.0039000000000000007,-0.0039000000000000007,-0.0039000000000000146,0.006754998149518631,tap3,fast,normal,20260810_133647,False
140004,0.0195,0.0195,0.9126,140.004,500000,0.0039000000000000007,-0.007800000000000001,0.0,0.008720665112249181,tap3,fast,normal,20260810_133647,False
142500,0.0195,0.0312,0.9126,142.5,500000,0.0039000000000000007,0.0038999999999999972,0.0,0.0055154328932550695,tap3,fast,normal,20260810_133647,False
145020,0.0156,0.0117,0.9204,145.02,500000,0.0,-0.015600000000000001,0.007800000000000029,0.017441330224498373,tap3,fast,normal,20260810_133647,False
147500,0.0156,0.0312,0.9126,147.5,500000,0.0,0.0038999999999999972,0.0,0.0038999999999999972,tap3,fast,normal,20260810_133647,False
150009,0.0078,0.0234,0.9126,150.009,500000,-0.0078,-0.0039000000000000007,0.0,0.00872066511224918,tap3,fast,normal,20260810_133647,False
152514,0.0195,0.0273,0.9048,152.514,500000,0.0039000000000000007,0.0,-0.007799999999999918,0.008720665112249107,tap3,fast,normal,20260810_133647,False
155002,0.0195,0.0195,0.9243,155.002,500000,0.0039000000000000007,-0.007800000000000001,0.011700000000000044,0.014592463808418409,tap3,fast,normal,20260810_133647,False
157522,0.0195,0.0234,0.9165,157.522,500000,0.0039000000000000007,-0.0039000000000000007,0.0039000000000000146,0.006754998149518631,tap3,fast,normal,20260810_133647,False
160027,0.0195,0.0273,0.9126,160.027,500000,0.0039000000000000007,0.0,0.0,0.0039000000000000007,tap3,fast,normal,20260810_133647,False
162524,0.0117,0.0234,0.9165,162.524,500000,-0.003899999999999999,-0.0039000000000000007,0.0039000000000000146,0.00675499814951863,tap3,fast,normal,20260810_133647,False
165012,0.0156,0.0312,0.9087,165.012,500000,0.0,0.0038999999999999972,-0.0039000000000000146,0.005515432893255079,tap3,fast,normal,20260810_133647,False
167501,0.0195,0.0156,0.9126,167.501,500000,0.0039000000000000007,-0.011700000000000002,0.0,0.012332882874656682,tap3,fast,normal,20260810_133647,False
170005,0.0234,0.0273,0.9165,170.005,500000,0.007800000000000001,0.0,0.0039000000000000146,0.008720665112249188,tap3,fast,normal,20260810_133647,False
172501,0.0195,0.0234,0.9087,172.501,500000,0.0039000000000000007,-0.0039000000000000007,-0.0039000000000000146,0.006754998149518631,tap3,fast,normal,20260810_133647,False
175019,0.0156,0.0273,0.9204,175.019,500000,0.0,0.0,0.007800000000000029,0.007800000000000029,tap3,fast,normal,20260810_133647,False
177502,0.0195,0.0234,0.9165,177.502,500000,0.0039000000000000007,-0.0039000000000000007,0.0039000000000000146,0.006754998149518631,tap3,fast,normal,20260810_133647,False
180008,0.0117,0.0312,0.9087,180.008,500000,-0.003899999999999999,0.0038999999999999972,-0.0039000000000000146,0.006754998149518627,tap3,fast,normal,20260810_133647,False
182508,0.0195,0.0195,0.9165,182.508,500000,0.0039000000000000007,-0.007800000000000001,0.0039000000000000146,0.009553009996854402,tap3,fast,normal,20260810_133647,False
185010,0.0078,0.0234,0.9165,185.01,500000,-0.0078,-0.0039000000000000007,0.0039000000000000146,0.0095530099968544,tap3,fast,normal,20260810_133647,False
187527,0.0195,0.0312,0.9087,187.527,500000,0.0039000000000000007,0.0038999999999999972,-0.0039000000000000146,0.006754998149518628,tap3,fast,normal,20260810_133647,False
190000,0.0234,0.0312,0.9165,190.0,500000,0.007800000000000001,0.0038999999999999972,0.0039000000000000146,0.0095530099968544,tap3,fast,normal,20260810_133647,False
192504,0.0156,0.0234,0.9243,192.504,500000,0.0,-0.0039000000000000007,0.011700000000000044,0.012332882874656722,tap3,fast,normal,20260810_133647,False
195027,0.0156,0.0273,0.9126,195.027,500000,0.0,0.0,0.0,0.0,tap3,fast,normal,20260810_133647,False
197514,0.0195,0.0195,0.9009,197.514,500000,0.0039000000000000007,-0.007800000000000001,-0.011699999999999933,0.014592463808418318,tap3,fast,normal,20260810_133647,False
200023,0.0195,0.0312,0.9048,200.023,500000,0.0039000000000000007,0.0038999999999999972,-0.007799999999999918,0.009553009996854326,tap3,fast,normal,20260810_133647,False
202522,0.0156,0.0234,0.9087,202.522,500000,0.0,-0.0039000000000000007,-0.0039000000000000146,0.005515432893255082,tap3,fast,normal,20260810_133647,False
205007,0.0195,0.0273,0.9087,205.007,500000,0.0039000000000000007,0.0,-0.0039000000000000146,0.005515432893255082,tap3,fast,normal,20260810_133647,False
207520,0.0078,0.0273,0.9126,207.52,500000,-0.0078,0.0,0.0,0.0078,tap3,fast,normal,20260810_133647,False
210023,0.0156,0.0312,0.9126,210.023,500000,0.0,0.0038999999999999972,0.0,0.0038999999999999972,tap3,fast,normal,20260810_133647,False
212519,0.0195,0.0156,0.9048,212.519,500000,0.0039000000000000007,-0.011700000000000002,-0.007799999999999918,0.01459246380841833,tap3,fast,normal,20260810_133647,False
215002,0.0156,0.0312,0.9087,215.002,500000,0.0,0.0038999999999999972,-0.0039000000000000146,0.005515432893255079,tap3,fast,normal,20260810_133647,False
217519,0.0156,0.0273,0.9087,217.519,500000,0.0,0.0,-0.0039000000000000146,0.0039000000000000146,tap3,fast,normal,20260810_133647,False
220021,0.0156,0.0312,0.9126,220.021,500000,0.0,0.0038999999999999972,0.0,0.0038999999999999972,tap3,fast,normal,20260810_133647,False
222524,0.0234,0.0312,0.9087,222.524,500000,0.007800000000000001,0.0038999999999999972,-0.0039000000000000146,0.0095530099968544,tap3,fast,normal,20260810_133647,False
225026,0.0156,0.0312,0.9048,225.026,500000,0.0,0.0038999999999999972,-0.007799999999999918,0.008720665112249105,tap3,fast,normal,20260810_133647,False
227514,0.0273,0.0312,0.9165,227.514,500000,0.011700000000000002,0.0038999999999999972,0.0039000000000000146,0.012934836682386066,tap3,fast,normal,20260810_133647,False
230016,0.0156,0.0273,0.9126,230.016,500000,0.0,0.0,0.0,0.0,tap3,fast,normal,20260810_133647,False
232519,0.0156,0.0273,0.9126,232.519,500000,0.0,0.0,0.0,0.0,tap3,fast,normal,20260810_133647,False
235012,0.0156,0.0312,0.9204,235.012,500000,0.0,0.0038999999999999972,0.007800000000000029,0.008720665112249205,tap3,fast,normal,20260810_133647,False
237528,0.0117,0.0234,0.9048,237.528,500000,-0.003899999999999999,-0.0039000000000000007,-0.007799999999999918,0.009553009996854328,tap3,fast,normal,20260810_133647,False
240001,0.0156,0.039,0.9126,240.001,500000,0.0,0.011699999999999999,0.0,0.011699999999999999,tap3,fast,normal,20260810_133647,False
242501,0.0156,0.0351,0.9048,242.501,500000,0.0,0.007799999999999998,-0.007799999999999918,0.011030865786510082,tap3,fast,normal,20260810_133647,False
245019,0.0156,0.0273,0.9165,245.019,500000,0.0,0.0,0.0039000000000000146,0.0039000000000000146,tap3,fast,normal,20260810_133647,False
247506,0.0273,0.0273,0.9087,247.506,500000,0.011700000000000002,0.0,-0.0039000000000000146,0.012332882874656687,tap3,fast,normal,20260810_133647,False
250025,0.0312,0.0234,0.9009,250.025,500000,0.0156,-0.0039000000000000007,-0.011699999999999933,0.01988617610301182,tap3,fast,normal,20260810_133647,False
252503,0.0273,0.0195,0.9126,252.503,500000,0.011700000000000002,-0.007800000000000001,0.0,0.01406164997430956,tap3,fast,normal,20260810_133647,False
255024,0.0117,0.0273,0.9165,255.024,500000,-0.003899999999999999,0.0,0.0039000000000000146,0.00551543289325508,tap3,fast,normal,20260810_133647,False
257505,0.0117,0.0312,0.9204,257.505,500000,-0.003899999999999999,0.0038999999999999972,0.007800000000000029,0.009553009996854416,tap3,fast,normal,20260810_133647,False
260010,0.0117,0.0273,0.9087,260.01,500000,-0.003899999999999999,0.0,-0.0039000000000000146,0.00551543289325508,tap3,fast,normal,20260810_133647,False
262514,0.0156,0.0273,0.9126,262.514,500000,0.0,0.0,0.0,0.0,tap3,fast,normal,20260810_133647,False
265003,0.0195,0.0273,0.9087,265.003,500000,0.0039000000000000007,0.0,-0.0039000000000000146,0.005515432893255082,tap3,fast,normal,20260810_133647,False
267521,0.0117,0.0312,0.9087,267.521,500000,-0.003899999999999999,0.0038999999999999972,-0.0039000000000000146,0.006754998149518627,tap3,fast,normal,20260810_133647,False
270024,0.0195,0.0234,0.9048,270.024,500000,0.0039000000000000007,-0.0039000000000000007,-0.007799999999999918,0.009553009996854328,tap3,fast,normal,20260810_133647,False
272508,0.0117,0.0312,0.9009,272.508,500000,-0.003899999999999999,0.0038999999999999972,-0.011699999999999933,0.012934836682385997,tap3,fast,normal,20260810_133647,False
275030,0.0156,0.0351,0.9126,275.03,500000,0.0,0.007799999999999998,0.0,0.007799999999999998,tap3,fast,normal,20260810_133647,False
277521,0.0195,0.0156,0.9048,277.521,500000,0.0039000000000000007,-0.011700000000000002,-0.007799999999999918,0.01459246380841833,tap3,fast,normal,20260810_133647,False
280027,0.0195,0.0273,0.9087,280.027,500000,0.0039000000000000007,0.0,-0.0039000000000000146,0.005515432893255082,tap3,fast,normal,20260810_133647,False
282529,0.0195,0.0234,0.9048,282.529,500000,0.0039000000000000007,-0.0039000000000000007,-0.007799999999999918,0.009553009996854328,tap3,fast,normal,20260810_133647,False
285015,0.0117,0.0312,0.9126,285.015,500000,-0.003899999999999999,0.0038999999999999972,0.0,0.005515432893255068,tap3,fast,normal,20260810_133647,False
287500,0.0195,0.0273,0.9126,287.5,500000,0.0039000000000000007,0.0,0.0,0.0039000000000000007,tap3,fast,normal,20260810_133647,False
290005,0.0156,0.0312,0.9048,290.005,500000,0.0,0.0038999999999999972,-0.007799999999999918,0.008720665112249105,tap3,fast,normal,20260810_133647,False
292512,0.0195,0.0234,0.9165,292.512,500000,0.0039000000000000007,-0.0039000000000000007,0.0039000000000000146,0.006754998149518631,tap3,fast,normal,20260810_133647,False
295009,0.0156,0.0273,0.9087,295.009,500000,0.0,0.0,-0.0039000000000000146,0.0039000000000000146,tap3,fast,normal,20260810_133647,False
297526,0.0117,0.0312,0.9126,297.526,500000,-0.003899999999999999,0.0038999999999999972,0.0,0.005515432893255068,tap3,fast,normal,20260810_133647,False
300005,0.0156,0.0273,0.9009,300.005,500000,0.0,0.0,-0.011699999999999933,0.011699999999999933,tap3,fast,normal,20260810_133647,False
302509,0.0117,0.0312,0.9165,302.509,500000,-0.003899999999999999,0.0038999999999999972,0.0039000000000000146,0.006754998149518627,tap3,fast,normal,20260810_133647,False
305026,0.0156,0.039,0.9087,305.026,500000,0.0,0.011699999999999999,-0.0039000000000000146,0.012332882874656684,tap3,fast,normal,20260810_133647,False
307507,0.0117,0.0234,0.9009,307.507,500000,-0.003899999999999999,-0.0039000000000000007,-0.011699999999999933,0.012934836682385998,tap3,fast,normal,20260810_133647,False
310014,0.0195,0.0273,0.9087,310.014,500000,0.0039000000000000007,0.0,-0.0039000000000000146,0.005515432893255082,tap3,fast,normal,20260810_133647,False
312500,0.0117,0.0273,0.9048,312.5,500000,-0.003899999999999999,0.0,-0.007799999999999918,0.008720665112249105,tap3,fast,normal,20260810_133647,False
315030,0.0117,0.0312,0.9087,315.03,500000,-0.003899999999999999,0.0038999999999999972,-0.0039000000000000146,0.006754998149518627,tap3,fast,normal,20260810_133647,False
317510,0.0156,0.0312,0.9165,317.51,500000,0.0,0.0038999999999999972,0.0039000000000000146,0.005515432893255079,tap3,fast,normal,20260810_133647,False
320014,0.0156,0.0273,0.9126,320.014,500000,0.0,0.0,0.0,0.0,tap3,fast,normal,20260810_133647,False
322517,0.0156,0.0312,0.9165,322.517,500000,0.0,0.0038999999999999972,0.0039000000000000146,0.005515432893255079,tap3,fast,normal,20260810_133647,False
325005,0.0156,0.0273,0.9087,325.005,500000,0.0,0.0,-0.0039000000000000146,0.0039000000000000146,tap3,fast,normal,20260810_133647,False
327523,0.0117,0.0273,0.9048,327.523,500000,-0.003899999999999999,0.0,-0.007799999999999918,0.008720665112249105,tap3,fast,normal,20260810_133647,False
330026,0.0117,0.0312,0.9048,330.026,500000,-0.003899999999999999,0.0038999999999999972,-0.007799999999999918,0.009553009996854326,tap3,fast,normal,20260810_133647,False
332500,0.0195,0.0273,0.9087,332.5,500000,0.0039000000000000007,0.0,-0.0039000000000000146,0.005515432893255082,tap3,fast,normal,20260810_133647,False
335022,0.0156,0.0312,0.9126,335.022,500000,0.0,0.0038999999999999972,0.0,0.0038999999999999972,tap3,fast,normal,20260810_133647,False
337503,0.0156,0.0312,0.9126,337.503,500000,0.0,0.0038999999999999972,0.0,0.0038999999999999972,tap3,fast,normal,20260810_133647,False
340008,0.0117,0.0234,0.9126,340.008,500000,-0.003899999999999999,-0.0039000000000000007,0.0,0.00551543289325507,tap3,fast,normal,20260810_133647,False
342508,0.0195,0.0273,0.9048,342.508,500000,0.0039000000000000007,0.0,-0.007799999999999918,0.008720665112249107,tap3,fast,normal,20260810_133647,False
345025,0.0195,0.0273,0.9126,345.025,500000,0.0039000000000000007,0.0,0.0,0.0039000000000000007,tap3,fast,normal,20260810_133647,False
347509,0.0195,0.0195,0.9204,347.509,500000,0.0039000000000000007,-0.007800000000000001,0.007800000000000029,0.011700000000000021,tap3,fast,normal,20260810_133647,False
350016,0.0117,0.0312,0.9165,350.016,500000,-0.003899999999999999,0.0038999999999999972,0.0039000000000000146,0.006754998149518627,tap3,fast,normal,20260810_133647,False
352523,0.0078,0.0273,0.9126,352.523,500000,-0.0078,0.0,0.0,0.0078,tap3,fast,normal,20260810_133647,False
355003,0.0156,0.0195,0.9126,355.003,500000,0.0,-0.007800000000000001,0.0,0.007800000000000001,tap3,fast,normal,20260810_133647,False
357514,0.0117,0.0312,0.9165,357.514,500000,-0.003899999999999999,0.0038999999999999972,0.0039000000000000146,0.006754998149518627,tap3,fast,normal,20260810_133647,False
360019,0.0234,0.0273,0.9165,360.019,500000,0.007800000000000001,0.0,0.0039000000000000146,0.008720665112249188,tap3,fast,normal,20260810_133647,False
362515,0.0156,0.0273,0.9243,362.515,500000,0.0,0.0,0.011700000000000044,0.011700000000000044,tap3,fast,normal,20260810_133647,False
365029,0.0234,0.0234,0.9126,365.029,500000,0.007800000000000001,-0.0039000000000000007,0.0,0.008720665112249181,tap3,fast,normal,20260810_133647,False
367516,0.0429,0.0117,0.9321,367.516,500000,0.0273,-0.015600000000000001,0.019500000000000073,0.03699864862397008,tap3,fast,normal,20260810_133647,False
370021,0.0117,0.0234,0.9204,370.021,500000,-0.003899999999999999,-0.0039000000000000007,0.007800000000000029,0.009553009996854418,tap3,fast,normal,20260810_133647,False
372509,0.0195,0.0195,0.9282,372.509,500000,0.0039000000000000007,-0.007800000000000001,0.015600000000000058,0.017872045210327828,tap3,fast,normal,20260810_133647,False
375025,0.0195,0.0156,0.9204,375.025,500000,0.0039000000000000007,-0.011700000000000002,0.007800000000000029,0.01459246380841839,tap3,fast,normal,20260810_133647,False
377508,0.0117,0.0234,0.9126,377.508,500000,-0.003899999999999999,-0.0039000000000000007,0.0,0.00551543289325507,tap3,fast,normal,20260810_133647,False
380015,0.0117,0.0351,0.9048,380.015,500000,-0.003899999999999999,0.007799999999999998,-0.007799999999999918,0.011699999999999943,tap3,fast,normal,20260810_133647,False
382501,0.0234,0.0273,0.9048,382.501,500000,0.007800000000000001,0.0,-0.007799999999999918,0.011030865786510084,tap3,fast,normal,20260810_133647,False
385025,0.0195,0.0351,0.9048,385.025,500000,0.0039000000000000007,0.007799999999999998,-0.007799999999999918,0.011699999999999945,tap3,fast,normal,20260810_133647,False
387503,0.0195,0.0273,0.9165,387.503,500000,0.0039000000000000007,0.0,0.0039000000000000146,0.005515432893255082,tap3,fast,normal,20260810_133647,False
390005,0.0156,0.0273,0.9126,390.005,500000,0.0,0.0,0.0,0.0,tap3,fast,normal,20260810_133647,False
392507,0.0156,0.0234,0.9126,392.507,500000,0.0,-0.0039000000000000007,0.0,0.0039000000000000007,tap3,fast,normal,20260810_133647,False
395003,0.0156,0.0234,0.9087,395.003,500000,0.0,-0.0039000000000000007,-0.0039000000000000146,0.005515432893255082,tap3,fast,normal,20260810_133647,False
397520,0.0234,0.0195,0.9087,397.52,500000,0.007800000000000001,-0.007800000000000001,-0.0039000000000000146,0.011700000000000007,tap3,fast,normal,20260810_133647,False
400029,0.0195,0.0234,0.9087,400.029,500000,0.0039000000000000007,-0.0039000000000000007,-0.0039000000000000146,0.006754998149518631,tap3,fast,normal,20260810_133647,False
402500,0.0156,0.0312,0.9087,402.5,500000,0.0,0.0038999999999999972,-0.0039000000000000146,0.005515432893255079,tap3,fast,normal,20260810_133647,False
405020,0.0156,0.0312,0.9126,405.02,500000,0.0,0.0038999999999999972,0.0,0.0038999999999999972,tap3,fast,normal,20260810_133647,False
407502,0.0117,0.0312,0.9009,407.502,500000,-0.003899999999999999,0.0038999999999999972,-0.011699999999999933,0.012934836682385997,tap3,fast,normal,20260810_133647,False
410005,0.0156,0.0312,0.9126,410.005,500000,0.0,0.0038999999999999972,0.0,0.0038999999999999972,tap3,fast,normal,20260810_133647,False
412526,0.0156,0.0234,0.9087,412.526,500000,0.0,-0.0039000000000000007,-0.0039000000000000146,0.005515432893255082,tap3,fast,normal,20260810_133647,False
415011,0.0117,0.0351,0.9009,415.011,500000,-0.003899999999999999,0.007799999999999998,-0.011699999999999933,0.014592463808418317,tap3,fast,normal,20260810_133647,False
417524,0.0156,0.0351,0.9165,417.524,500000,0.0,0.007799999999999998,0.0039000000000000146,0.008720665112249185,tap3,fast,normal,20260810_133647,False
420030,0.0156,0.0234,0.9204,420.03,500000,0.0,-0.0039000000000000007,0.007800000000000029,0.008720665112249207,tap3,fast,normal,20260810_133647,False
422528,0.0156,0.0273,0.9126,422.528,500000,0.0,0.0,0.0,0.0,tap3,fast,normal,20260810_133647,False
425019,0.0156,0.0234,0.9048,425.019,500000,0.0,-0.0039000000000000007,-0.007799999999999918,0.008720665112249107,tap3,fast,normal,20260810_133647,False
427508,0.0195,0.0312,0.9204,427.508,500000,0.0039000000000000007,0.0038999999999999972,0.007800000000000029,0.009553009996854418,tap3,fast,normal,20260810_133647,False
430013,0.0156,0.0312,0.9126,430.013,500000,0.0,0.0038999999999999972,0.0,0.0038999999999999972,tap3,fast,normal,20260810_133647,False
432517,0.0156,0.0273,0.9165,432.517,500000,0.0,0.0,0.0039000000000000146,0.0039000000000000146,tap3,fast,normal,20260810_133647,False
435007,0.0195,0.0195,0.9165,435.007,500000,0.0039000000000000007,-0.007800000000000001,0.0039000000000000146,0.009553009996854402,tap3,fast,normal,20260810_133647,False
437521,0.0156,0.0234,0.9204,437.521,500000,0.0,-0.0039000000000000007,0.007800000000000029,0.008720665112249207,tap3,fast,normal,20260810_133647,False
440025,0.0195,0.0312,0.9165,440.025,500000,0.0039000000000000007,0.0038999999999999972,0.0039000000000000146,0.006754998149518628,tap3,fast,normal,20260810_133647,False
442522,0.0195,0.0312,0.9165,442.522,500000,0.0039000000000000007,0.0038999999999999972,0.0039000000000000146,0.006754998149518628,tap3,fast,normal,20260810_133647,False
445011,0.0156,0.0312,0.9087,445.011,500000,0.0,0.0038999999999999972,-0.0039000000000000146,0.005515432893255079,tap3,fast,normal,20260810_133647,False
447513,0.0234,0.0273,0.9087,447.513,500000,0.007800000000000001,0.0,-0.0039000000000000146,0.008720665112249188,tap3,fast,normal,20260810_133647,False
450025,0.0195,0.0234,0.9009,450.025,500000,0.0039000000000000007,-0.0039000000000000007,-0.011699999999999933,0.012934836682385998,tap3,fast,normal,20260810_133647,False
452524,0.0195,0.0312,0.9087,452.524,500000,0.0039000000000000007,0.0038999999999999972,-0.0039000000000000146,0.006754998149518628,tap3,fast,normal,20260810_133647,False
455012,0.0195,0.0273,0.9126,455.012,500000,0.0039000000000000007,0.0,0.0,0.0039000000000000007,tap3,fast,normal,20260810_133647,False
457529,0.0156,0.0273,0.9009,457.529,500000,0.0,0.0,-0.011699999999999933,0.011699999999999933,tap3,fast,normal,20260810_133647,False
460004,0.0195,0.0273,0.9126,460.004,500000,0.0039000000000000007,0.0,0.0,0.0039000000000000007,tap3,fast,normal,20260810_133647,False
462505,0.0078,0.0351,0.897,462.505,500000,-0.0078,0.007799999999999998,-0.015599999999999947,0.019106019993708746,tap3,fast,normal,20260810_133647,False
465023,0.0156,0.0312,0.9087,465.023,500000,0.0,0.0038999999999999972,-0.0039000000000000146,0.005515432893255079,tap3,fast,normal,20260810_133647,False
467504,0.0117,0.0312,0.9009,467.504,500000,-0.003899999999999999,0.0038999999999999972,-0.011699999999999933,0.012934836682385997,tap3,fast,normal,20260810_133647,False
470013,0.0195,0.0156,0.897,470.013,500000,0.0039000000000000007,-0.011700000000000002,-0.015599999999999947,0.01988617610301182,tap3,fast,normal,20260810_133647,False
472517,0.0156,0.0273,0.9048,472.517,500000,0.0,0.0,-0.007799999999999918,0.007799999999999918,tap3,fast,normal,20260810_133647,False
475025,0.0117,0.0273,0.9204,475.025,500000,-0.003899999999999999,0.0,0.007800000000000029,0.008720665112249205,tap3,fast,normal,20260810_133647,False
477504,0.0156,0.0195,0.9087,477.504,500000,0.0,-0.007800000000000001,-0.0039000000000000146,0.008720665112249188,tap3,fast,normal,20260810_133647,False
480007,0.0117,0.0273,0.9126,480.007,500000,-0.003899999999999999,0.0,0.0,0.003899999999999999,tap3,fast,normal,20260810_133647,False
482502,0.0195,0.0273,0.9165,482.502,500000,0.0039000000000000007,0.0,0.0039000000000000146,0.005515432893255082,tap3,fast,normal,20260810_133647,False
485004,0.0117,0.0273,0.9009,485.004,500000,-0.003899999999999999,0.0,-0.011699999999999933,0.012332882874656614,tap3,fast,normal,20260810_133647,False
487520,0.0195,0.0234,0.9087,487.52,500000,0.0039000000000000007,-0.0039000000000000007,-0.0039000000000000146,0.006754998149518631,tap3,fast,normal,20260810_133647,False
490003,0.0117,0.0312,0.9165,490.003,500000,-0.003899999999999999,0.0038999999999999972,0.0039000000000000146,0.006754998149518627,tap3,fast,normal,20260810_133647,False
492509,0.0156,0.0273,0.9243,492.509,500000,0.0,0.0,0.011700000000000044,0.011700000000000044,tap3,fast,normal,20260810_133647,False
495003,0.0117,0.0273,0.9126,495.003,500000,-0.003899999999999999,0.0,0.0,0.003899999999999999,tap3,fast,normal,20260810_133647,False
497521,0.0195,0.0234,0.9087,497.521,500000,0.0039000000000000007,-0.0039000000000000007,-0.0039000000000000146,0.006754998149518631,tap3,fast,normal,20260810_133647,False
500030,0.0195,0.0234,0.9087,500.03,500000,0.0039000000000000007,-0.0039000000000000007,-0.0039000000000000146,0.006754998149518631,tap3,fast,normal,20260810_133647,False
510626,0.0195,0.0234,0.9087,510.626,500000,0.0039000000000000007,-0.0039000000000000007,-0.0039000000000000146,0.006754998149518631,tap3,fast,normal,20260810_133647,False
511030,0.0195,0.0234,0.9087,511.03,500000,0.0039000000000000007,-0.0039000000000000007,-0.0039000000000000146,0.006754998149518631,tap3,fast,normal,20260810_133647,False
511438,0.0195,0.0234,0.9087,511.438,500000,0.0039000000000000007,-0.0039000000000000007,-0.0039000000000000146,0.006754998149518631,tap3,fast,normal,20260810_133647,False
512101,0.0156,0.0351,0.9204,512.101,500000,0.0,0.007799999999999998,0.007800000000000029,0.01103086578651016,tap3,fast,normal,20260810_133647,False
512515,0.0156,0.0351,0.9204,512.515,500000,0.0,0.007799999999999998,0.007800000000000029,0.01103086578651016,tap3,fast,normal,20260810_133647,False
515002,0.0156,0.0273,0.9126,515.002,500000,0.0,0.0,0.0,0.0,tap3,fast,normal,20260810_133647,False
517523,0.0078,0.0351,0.9087,517.523,500000,-0.0078,0.007799999999999998,-0.0039000000000000146,0.011700000000000004,tap3,fast,normal,20260810_133647,False
520029,0.0117,0.0234,0.9126,520.029,500000,-0.003899999999999999,-0.0039000000000000007,0.0,0.00551543289325507,tap3,fast,normal,20260810_133647,False
522524,0.0156,0.0273,0.9126,522.524,500000,0.0,0.0,0.0,0.0,tap3,fast,normal,20260810_133647,False
525026,0.0195,0.0195,0.9087,525.026,500000,0.0039000000000000007,-0.007800000000000001,-0.0039000000000000146,0.009553009996854402,tap3,fast,normal,20260810_133647,False
527513,0.0156,0.0234,0.9048,527.513,500000,0.0,-0.0039000000000000007,-0.007799999999999918,0.008720665112249107,tap3,fast,normal,20260810_133647,False
530019,0.0156,0.0156,0.9048,530.019,500000,0.0,-0.011700000000000002,-0.007799999999999918,0.014061649974309514,tap3,fast,normal,20260810_133647,False
532517,0.0195,0.0273,0.9087,532.517,500000,0.0039000000000000007,0.0,-0.0039000000000000146,0.005515432893255082,tap3,fast,normal,20260810_133647,False
535006,0.0195,0.0234,0.9048,535.006,500000,0.0039000000000000007,-0.0039000000000000007,-0.007799999999999918,0.009553009996854328,tap3,fast,normal,20260810_133647,False
537524,0.0117,0.0273,0.9126,537.524,500000,-0.003899999999999999,0.0,0.0,0.003899999999999999,tap3,fast,normal,20260810_133647,False
540029,0.0156,0.0273,0.9126,540.029,500000,0.0,0.0,0.0,0.0,tap3,fast,normal,20260810_133647,False
542527,0.0156,0.0273,0.9204,542.527,500000,0.0,0.0,0.007800000000000029,0.007800000000000029,tap3,fast,normal,20260810_133647,False
545013,0.0117,0.0312,0.9126,545.013,500000,-0.003899999999999999,0.0038999999999999972,0.0,0.005515432893255068,tap3,fast,normal,20260810_133647,False
547529,0.0117,0.0312,0.9126,547.529,500000,-0.003899999999999999,0.0038999999999999972,0.0,0.005515432893255068,tap3,fast,normal,20260810_133647,False
550006,0.0195,0.0195,0.9165,550.006,500000,0.0039000000000000007,-0.007800000000000001,0.0039000000000000146,0.009553009996854402,tap3,fast,normal,20260810_133647,False
552509,0.0156,0.0312,0.9126,552.509,500000,0.0,0.0038999999999999972,0.0,0.0038999999999999972,tap3,fast,normal,20260810_133647,False
555025,0.0195,0.0273,0.9126,555.025,500000,0.0039000000000000007,0.0,0.0,0.0039000000000000007,tap3,fast,normal,20260810_133647,False
557511,0.0195,0.0273,0.9165,557.511,500000,0.0039000000000000007,0.0,0.0039000000000000146,0.005515432893255082,tap3,fast,normal,20260810_133647,False
560015,0.0234,0.0156,0.9009,560.015,500000,0.007800000000000001,-0.011700000000000002,-0.011699999999999933,0.018292621463311332,tap3,fast,normal,20260810_133647,False
562517,0.0117,0.0234,0.9126,562.517,500000,-0.003899999999999999,-0.0039000000000000007,0.0,0.00551543289325507,tap3,fast,normal,20260810_133647,False
565003,0.0195,0.0273,0.9087,565.003,500000,0.0039000000000000007,0.0,-0.0039000000000000146,0.005515432893255082,tap3,fast,normal,20260810_133647,False
567513,0.0195,0.0351,0.9204,567.513,500000,0.0039000000000000007,0.007799999999999998,0.007800000000000029,0.011700000000000018,tap3,fast,normal,20260810_133647,False
570017,0.0156,0.0234,0.9009,570.017,500000,0.0,-0.0039000000000000007,-0.011699999999999933,0.012332882874656616,tap3,fast,normal,20260810_133647,False
572515,0.0078,0.0234,0.9204,572.515,500000,-0.0078,-0.0039000000000000007,0.007800000000000029,0.01170000000000002,tap3,fast,normal,20260810_133647,False
575005,0.0156,0.0234,0.9087,575.005,500000,0.0,-0.0039000000000000007,-0.0039000000000000146,0.005515432893255082,tap3,fast,normal,20260810_133647,False
577508,0.0156,0.0273,0.9048,577.508,500000,0.0,0.0,-0.007799999999999918,0.007799999999999918,tap3,fast,normal,20260810_133647,False
580021,0.0117,0.0351,0.9009,580.021,500000,-0.003899999999999999,0.007799999999999998,-0.011699999999999933,0.014592463808418317,tap3,fast,normal,20260810_133647,False
582522,0.0273,0.0273,0.9165,582.522,500000,0.011700000000000002,0.0,0.0039000000000000146,0.012332882874656687,tap3,fast,normal,20260810_133647,False
585008,0.0117,0.0234,0.9048,585.008,500000,-0.003899999999999999,-0.0039000000000000007,-0.007799999999999918,0.009553009996854328,tap3,fast,normal,20260810_133647,False
587521,0.0195,0.0273,0.9165,587.521,500000,0.0039000000000000007,0.0,0.0039000000000000146,0.005515432893255082,tap3,fast,normal,20260810_133647,False
590012,0.0156,0.0234,0.9126,590.012,500000,0.0,-0.0039000000000000007,0.0,0.0039000000000000007,tap3,fast,normal,20260810_133647,False
592521,0.0234,0.0234,0.9126,592.521,500000,0.007800000000000001,-0.0039000000000000007,0.0,0.008720665112249181,tap3,fast,normal,20260810_133647,False
595014,0.0195,0.0195,0.9204,595.014,500000,0.0039000000000000007,-0.007800000000000001,0.007800000000000029,0.011700000000000021,tap3,fast,normal,20260810_133647,False
597501,0.0156,0.0195,0.9087,597.501,500000,0.0,-0.007800000000000001,-0.0039000000000000146,0.008720665112249188,tap3,fast,normal,20260810_133647,False
600010,0.0156,0.039,0.9087,600.01,500000,0.0,0.011699999999999999,-0.0039000000000000146,0.012332882874656684,tap3,fast,normal,20260810_133647,False
602516,0.0195,0.0234,0.9126,602.516,500000,0.0039000000000000007,-0.0039000000000000007,0.0,0.005515432893255071,tap3,fast,normal,20260810_133647,False
605003,0.0156,0.0234,0.9087,605.003,500000,0.0,-0.0039000000000000007,-0.0039000000000000146,0.005515432893255082,tap3,fast,normal,20260810_133647,False
607521,0.0117,0.0234,0.9087,607.521,500000,-0.003899999999999999,-0.0039000000000000007,-0.0039000000000000146,0.00675499814951863,tap3,fast,normal,20260810_133647,False
610027,0.0117,0.0312,0.9087,610.027,500000,-0.003899999999999999,0.0038999999999999972,-0.0039000000000000146,0.006754998149518627,tap3,fast,normal,20260810_133647,False
612509,0.0156,0.0312,0.9126,612.509,500000,0.0,0.0038999999999999972,0.0,0.0038999999999999972,tap3,fast,normal,20260810_133647,False
615023,0.0117,0.0234,0.9048,615.023,500000,-0.003899999999999999,-0.0039000000000000007,-0.007799999999999918,0.009553009996854328,tap3,fast,normal,20260810_133647,False
617509,0.0117,0.0273,0.9126,617.509,500000,-0.003899999999999999,0.0,0.0,0.003899999999999999,tap3,fast,normal,20260810_133647,False
620014,0.0156,0.0312,0.9126,620.014,500000,0.0,0.0038999999999999972,0.0,0.0038999999999999972,tap3,fast,normal,20260810_133647,False
622510,0.0156,0.0312,0.9126,622.51,500000,0.0,0.0038999999999999972,0.0,0.0038999999999999972,tap3,fast,normal,20260810_133647,False
625029,0.0117,0.0273,0.9165,625.029,500000,-0.003899999999999999,0.0,0.0039000000000000146,0.00551543289325508,tap3,fast,normal,20260810_133647,False
627516,0.0117,0.0273,0.9126,627.516,500000,-0.003899999999999999,0.0,0.0,0.003899999999999999,tap3,fast,normal,20260810_133647,False
630022,0.0195,0.0234,0.9126,630.022,500000,0.0039000000000000007,-0.0039000000000000007,0.0,0.005515432893255071,tap3,fast,normal,20260810_133647,False
632520,0.0117,0.0234,0.9009,632.52,500000,-0.003899999999999999,-0.0039000000000000007,-0.011699999999999933,0.012934836682385998,tap3,fast,normal,20260810_133647,False
635012,0.0195,0.0234,0.9048,635.012,500000,0.0039000000000000007,-0.0039000000000000007,-0.007799999999999918,0.009553009996854328,tap3,fast,normal,20260810_133647,False
637501,0.0078,0.0273,0.9087,637.501,500000,-0.0078,0.0,-0.0039000000000000146,0.008720665112249186,tap3,fast,normal,20260810_133647,False
640005,0.0156,0.0273,0.9048,640.005,500000,0.0,0.0,-0.007799999999999918,0.007799999999999918,tap3,fast,normal,20260810_133647,False
642522,0.0156,0.0234,0.9243,642.522,500000,0.0,-0.0039000000000000007,0.011700000000000044,0.012332882874656722,tap3,fast,normal,20260810_133647,False
645022,0.0156,0.0234,0.9087,645.022,500000,0.0,-0.0039000000000000007,-0.0039000000000000146,0.005515432893255082,tap3,fast,normal,20260810_133647,False
647507,0.0234,0.0234,0.9087,647.507,500000,0.007800000000000001,-0.0039000000000000007,-0.0039000000000000146,0.009553009996854402,tap3,fast,normal,20260810_133647,False
650014,0.0156,0.0234,0.9048,650.014,500000,0.0,-0.0039000000000000007,-0.007799999999999918,0.008720665112249107,tap3,fast,normal,20260810_133647,False
652513,0.0156,0.0234,0.9048,652.513,500000,0.0,-0.0039000000000000007,-0.007799999999999918,0.008720665112249107,tap3,fast,normal,20260810_133647,False
655027,0.0156,0.0156,0.9048,655.027,500000,0.0,-0.011700000000000002,-0.007799999999999918,0.014061649974309514,tap3,fast,normal,20260810_133647,False
657513,0.0156,0.0273,0.9009,657.513,500000,0.0,0.0,-0.011699999999999933,0.011699999999999933,tap3,fast,normal,20260810_133647,False
660021,0.0195,0.0234,0.9126,660.021,500000,0.0039000000000000007,-0.0039000000000000007,0.0,0.005515432893255071,tap3,fast,normal,20260810_133647,False
662523,0.0156,0.0234,0.9165,662.523,500000,0.0,-0.0039000000000000007,0.0039000000000000146,0.005515432893255082,tap3,fast,normal,20260810_133647,False
665010,0.0156,0.0273,0.9087,665.01,500000,0.0,0.0,-0.0039000000000000146,0.0039000000000000146,tap3,fast,normal,20260810_133647,False
667521,0.0078,0.0273,0.9087,667.521,500000,-0.0078,0.0,-0.0039000000000000146,0.008720665112249186,tap3,fast,normal,20260810_133647,False
670027,0.0156,0.0312,0.9165,670.027,500000,0.0,0.0038999999999999972,0.0039000000000000146,0.005515432893255079,tap3,fast,normal,20260810_133647,False
672501,0.0078,0.0195,0.9243,672.501,500000,-0.0078,-0.007800000000000001,0.011700000000000044,0.01608011193990891,tap3,fast,normal,20260810_133647,False
675020,0.0195,0.0195,0.9204,675.02,500000,0.0039000000000000007,-0.007800000000000001,0.007800000000000029,0.011700000000000021,tap3,fast,normal,20260810_133647,False
677508,0.0195,0.0312,0.9126,677.508,500000,0.0039000000000000007,0.0038999999999999972,0.0,0.0055154328932550695,tap3,fast,normal,20260810_133647,False
680012,0.0156,0.0234,0.9165,680.012,500000,0.0,-0.0039000000000000007,0.0039000000000000146,0.005515432893255082,tap3,fast,normal,20260810_133647,False
682512,0.0156,0.0195,0.9204,682.512,500000,0.0,-0.007800000000000001,0.007800000000000029,0.011030865786510163,tap3,fast,normal,20260810_133647,False
685001,0.0195,0.0273,0.9048,685.001,500000,0.0039000000000000007,0.0,-0.007799999999999918,0.008720665112249107,tap3,fast,normal,20260810_133647,False
687521,0.0195,0.0312,0.9126,687.521,500000,0.0039000000000000007,0.0038999999999999972,0.0,0.0055154328932550695,tap3,fast,normal,20260810_133647,False
690024,0.0234,0.0195,0.9048,690.024,500000,0.007800000000000001,-0.007800000000000001,-0.007799999999999918,0.013509996299037198,tap3,fast,normal,20260810_133647,False
692500,0.0117,0.0312,0.9087,692.5,500000,-0.003899999999999999,0.0038999999999999972,-0.0039000000000000146,0.006754998149518627,tap3,fast,normal,20260810_133647,False
695025,0.0078,0.0234,0.9126,695.025,500000,-0.0078,-0.0039000000000000007,0.0,0.00872066511224918,tap3,fast,normal,20260810_133647,False
697506,0.0195,0.0234,0.9087,697.506,500000,0.0039000000000000007,-0.0039000000000000007,-0.0039000000000000146,0.006754998149518631,tap3,fast,normal,20260810_133647,False
700012,0.0156,0.0273,0.9126,700.012,500000,0.0,0.0,0.0,0.0,tap3,fast,normal,20260810_133647,False
702514,0.0117,0.0273,0.9009,702.514,500000,-0.003899999999999999,0.0,-0.011699999999999933,0.012332882874656614,tap3,fast,normal,20260810_133647,False
705000,0.0156,0.0273,0.9165,705.0,500000,0.0,0.0,0.0039000000000000146,0.0039000000000000146,tap3,fast,normal,20260810_133647,False
707519,0.0117,0.0351,0.9087,707.519,500000,-0.003899999999999999,0.007799999999999998,-0.0039000000000000146,0.009553009996854399,tap3,fast,normal,20260810_133647,False
710003,0.0156,0.0273,0.9087,710.003,500000,0.0,0.0,-0.0039000000000000146,0.0039000000000000146,tap3,fast,normal,20260810_133647,False
712503,0.0156,0.0312,0.9087,712.503,500000,0.0,0.0038999999999999972,-0.0039000000000000146,0.005515432893255079,tap3,fast,normal,20260810_133647,False
715015,0.0156,0.0273,0.9126,715.015,500000,0.0,0.0,0.0,0.0,tap3,fast,normal,20260810_133647,False
717526,0.0156,0.0273,0.9165,717.526,500000,0.0,0.0,0.0039000000000000146,0.0039000000000000146,tap3,fast,normal,20260810_133647,False
720001,0.0117,0.0234,0.9087,720.001,500000,-0.003899999999999999,-0.0039000000000000007,-0.0039000000000000146,0.00675499814951863,tap3,fast,normal,20260810_133647,False
722503,0.0195,0.0312,0.9165,722.503,500000,0.0039000000000000007,0.0038999999999999972,0.0039000000000000146,0.006754998149518628,tap3,fast,normal,20260810_133647,False
725004,0.0156,0.0195,0.9126,725.004,500000,0.0,-0.007800000000000001,0.0,0.007800000000000001,tap3,fast,normal,20260810_133647,False
727523,0.0117,0.0312,0.9087,727.523,500000,-0.003899999999999999,0.0038999999999999972,-0.0039000000000000146,0.006754998149518627,tap3,fast,normal,20260810_133647,False
730027,0.0117,0.0351,0.9126,730.027,500000,-0.003899999999999999,0.007799999999999998,0.0,0.008720665112249178,tap3,fast,normal,20260810_133647,False
732524,0.0117,0.0273,0.9048,732.524,500000,-0.003899999999999999,0.0,-0.007799999999999918,0.008720665112249105,tap3,fast,normal,20260810_133647,False
735019,0.0156,0.0195,0.9126,735.019,500000,0.0,-0.007800000000000001,0.0,0.007800000000000001,tap3,fast,normal,20260810_133647,False
737502,0.0195,0.0312,0.9048,737.502,500000,0.0039000000000000007,0.0038999999999999972,-0.007799999999999918,0.009553009996854326,tap3,fast,normal,20260810_133647,False
740006,0.0117,0.0312,0.9087,740.006,500000,-0.003899999999999999,0.0038999999999999972,-0.0039000000000000146,0.006754998149518627,tap3,fast,normal,20260810_133647,False
742503,0.0117,0.0234,0.9165,742.503,500000,-0.003899999999999999,-0.0039000000000000007,0.0039000000000000146,0.00675499814951863,tap3,fast,normal,20260810_133647,False
745021,0.0195,0.0156,0.9087,745.021,500000,0.0039000000000000007,-0.011700000000000002,-0.0039000000000000146,0.012934836682386066,tap3,fast,normal,20260810_133647,False
747502,0.0234,0.0273,0.9087,747.502,500000,0.007800000000000001,0.0,-0.0039000000000000146,0.008720665112249188,tap3,fast,normal,20260810_133647,False
750008,0.0156,0.0273,0.9126,750.008,500000,0.0,0.0,0.0,0.0,tap3,fast,normal,20260810_133647,False
752512,0.0156,0.0273,0.9087,752.512,500000,0.0,0.0,-0.0039000000000000146,0.0039000000000000146,tap3,fast,normal,20260810_133647,False
755027,0.0078,0.0312,0.9009,755.027,500000,-0.0078,0.0038999999999999972,-0.011699999999999933,0.014592463808418317,tap3,fast,normal,20260810_133647,False
757515,0.0195,0.0351,0.9087,757.515,500000,0.0039000000000000007,0.007799999999999998,-0.0039000000000000146,0.0095530099968544,tap3,fast,normal,20260810_133647,False
760019,0.0195,0.0351,0.9087,760.019,500000,0.0039000000000000007,0.007799999999999998,-0.0039000000000000146,0.0095530099968544,tap3,fast,normal,20260810_133647,False
762520,0.0078,0.0351,0.9087,762.52,500000,-0.0078,0.007799999999999998,-0.0039000000000000146,0.011700000000000004,tap3,fast,normal,20260810_133647,False
765007,0.0117,0.0273,0.9009,765.007,500000,-0.003899999999999999,0.0,-0.011699999999999933,0.012332882874656614,tap3,fast,normal,20260810_133647,False
767525,0.0234,0.0234,0.9087,767.525,500000,0.007800000000000001,-0.0039000000000000007,-0.0039000000000000146,0.009553009996854402,tap3,fast,normal,20260810_133647,False
770028,0.0195,0.0234,0.9126,770.028,500000,0.0039000000000000007,-0.0039000000000000007,0.0,0.005515432893255071,tap3,fast,normal,20260810_133647,False
772501,0.0156,0.0234,0.9087,772.501,500000,0.0,-0.0039000000000000007,-0.0039000000000000146,0.005515432893255082,tap3,fast,normal,20260810_133647,False
775008,0.0156,0.0312,0.9126,775.008,500000,0.0,0.0038999999999999972,0.0,0.0038999999999999972,tap3,fast,normal,20260810_133647,False
777500,0.0078,0.0351,0.9204,777.5,500000,-0.0078,0.007799999999999998,0.007800000000000029,0.013509996299037258,tap3,fast,normal,20260810_133647,False
780007,0.0156,0.0351,0.9048,780.007,500000,0.0,0.007799999999999998,-0.007799999999999918,0.011030865786510082,tap3,fast,normal,20260810_133647,False
782525,0.0195,0.0273,0.9087,782.525,500000,0.0039000000000000007,0.0,-0.0039000000000000146,0.005515432893255082,tap3,fast,normal,20260810_133647,False
785023,0.0156,0.0195,0.9165,785.023,500000,0.0,-0.007800000000000001,0.0039000000000000146,0.008720665112249188,tap3,fast,normal,20260810_133647,False
787507,0.0117,0.0273,0.9087,787.507,500000,-0.003899999999999999,0.0,-0.0039000000000000146,0.00551543289325508,tap3,fast,normal,20260810_133647,False
790005,0.0117,0.0312,0.9126,790.005,500000,-0.003899999999999999,0.0038999999999999972,0.0,0.005515432893255068,tap3,fast,normal,20260810_133647,False
792506,0.0039,0.0351,0.9204,792.506,500000,-0.011699999999999999,0.007799999999999998,0.007800000000000029,0.016080111939908888,tap3,fast,normal,20260810_133647,False
795002,0.0117,0.0312,0.9048,795.002,500000,-0.003899999999999999,0.0038999999999999972,-0.007799999999999918,0.009553009996854326,tap3,fast,normal,20260810_133647,False
797519,0.0195,0.0234,0.9126,797.519,500000,0.0039000000000000007,-0.0039000000000000007,0.0,0.005515432893255071,tap3,fast,normal,20260810_133647,False
800027,0.0117,0.0312,0.9126,800.027,500000,-0.003899999999999999,0.0038999999999999972,0.0,0.005515432893255068,tap3,fast,normal,20260810_133647,False
802500,0.0117,0.0312,0.9048,802.5,500000,-0.003899999999999999,0.0038999999999999972,-0.007799999999999918,0.009553009996854326,tap3,fast,normal,20260810_133647,False
805019,0.0195,0.0273,0.9048,805.019,500000,0.0039000000000000007,0.0,-0.007799999999999918,0.008720665112249107,tap3,fast,normal,20260810_133647,False
807504,0.0195,0.0234,0.9204,807.504,500000,0.0039000000000000007,-0.0039000000000000007,0.007800000000000029,0.00955300999685442,tap3,fast,normal,20260810_133647,False
810007,0.0195,0.0234,0.9087,810.007,500000,0.0039000000000000007,-0.0039000000000000007,-0.0039000000000000146,0.006754998149518631,tap3,fast,normal,20260810_133647,False
812519,0.0117,0.0234,0.9087,812.519,500000,-0.003899999999999999,-0.0039000000000000007,-0.0039000000000000146,0.00675499814951863,tap3,fast,normal,20260810_133647,False
815003,0.0156,0.0273,0.9165,815.003,500000,0.0,0.0,0.0039000000000000146,0.0039000000000000146,tap3,fast,normal,20260810_133647,False
817522,0.0156,0.0273,0.9087,817.522,500000,0.0,0.0,-0.0039000000000000146,0.0039000000000000146,tap3,fast,normal,20260810_133647,False
820026,0.0156,0.0312,0.9165,820.026,500000,0.0,0.0038999999999999972,0.0039000000000000146,0.005515432893255079,tap3,fast,normal,20260810_133647,False
822528,0.0195,0.0351,0.9126,822.528,500000,0.0039000000000000007,0.007799999999999998,0.0,0.00872066511224918,tap3,fast,normal,20260810_133647,False
825021,0.0117,0.0312,0.9048,825.021,500000,-0.003899999999999999,0.0038999999999999972,-0.007799999999999918,0.009553009996854326,tap3,fast,normal,20260810_133647,False
827505,0.0156,0.0195,0.9126,827.505,500000,0.0,-0.007800000000000001,0.0,0.007800000000000001,tap3,fast,normal,20260810_133647,False
830008,0.0195,0.0195,0.9087,830.008,500000,0.0039000000000000007,-0.007800000000000001,-0.0039000000000000146,0.009553009996854402,tap3,fast,normal,20260810_133647,False
832509,0.0039,0.0273,0.9087,832.509,500000,-0.011699999999999999,0.0,-0.0039000000000000146,0.012332882874656684,tap3,fast,normal,20260810_133647,False
835003,0.0117,0.0312,0.9087,835.003,500000,-0.003899999999999999,0.0038999999999999972,-0.0039000000000000146,0.006754998149518627,tap3,fast,normal,20260810_133647,False
837523,0.0195,0.0273,0.9087,837.523,500000,0.0039000000000000007,0.0,-0.0039000000000000146,0.005515432893255082,tap3,fast,normal,20260810_133647,False
840012,0.0117,0.0312,0.9126,840.012,500000,-0.003899999999999999,0.0038999999999999972,0.0,0.005515432893255068,tap3,fast,normal,20260810_133647,False
842522,0.0195,0.0273,0.9126,842.522,500000,0.0039000000000000007,0.0,0.0,0.0039000000000000007,tap3,fast,normal,20260810_133647,False
845011,0.0195,0.0234,0.9087,845.011,500000,0.0039000000000000007,-0.0039000000000000007,-0.0039000000000000146,0.006754998149518631,tap3,fast,normal,20260810_133647,False
847527,0.0117,0.0312,0.9048,847.527,500000,-0.003899999999999999,0.0038999999999999972,-0.007799999999999918,0.009553009996854326,tap3,fast,normal,20260810_133647,False
850004,0.0117,0.0195,0.9048,850.004,500000,-0.003899999999999999,-0.007800000000000001,-0.007799999999999918,0.011699999999999945,tap3,fast,normal,20260810_133647,False
852507,0.0234,0.0234,0.9165,852.507,500000,0.007800000000000001,-0.0039000000000000007,0.0039000000000000146,0.009553009996854402,tap3,fast,normal,20260810_133647,False
855024,0.0156,0.0312,0.9165,855.024,500000,0.0,0.0038999999999999972,0.0039000000000000146,0.005515432893255079,tap3,fast,normal,20260810_133647,False
857512,0.0156,0.0273,0.9087,857.512,500000,0.0,0.0,-0.0039000000000000146,0.0039000000000000146,tap3,fast,normal,20260810_133647,False
860015,0.0117,0.0312,0.9204,860.015,500000,-0.003899999999999999,0.0038999999999999972,0.007800000000000029,0.009553009996854416,tap3,fast,normal,20260810_133647,False
862519,0.0156,0.0312,0.9165,862.519,500000,0.0,0.0038999999999999972,0.0039000000000000146,0.005515432893255079,tap3,fast,normal,20260810_133647,False
865021,0.0156,0.0312,0.9165,865.021,500000,0.0,0.0038999999999999972,0.0039000000000000146,0.005515432893255079,tap3,fast,normal,20260810_133647,False
867508,0.0117,0.0273,0.9009,867.508,500000,-0.003899999999999999,0.0,-0.011699999999999933,0.012332882874656614,tap3,fast,normal,20260810_133647,False
870012,0.0195,0.0273,0.9126,870.012,500000,0.0039000000000000007,0.0,0.0,0.0039000000000000007,tap3,fast,normal,20260810_133647,False
872511,0.0195,0.0351,0.9126,872.511,500000,0.0039000000000000007,0.007799999999999998,0.0,0.00872066511224918,tap3,fast,normal,20260810_133647,False
875000,0.0234,0.0273,0.9165,875.0,500000,0.007800000000000001,0.0,0.0039000000000000146,0.008720665112249188,tap3,fast,normal,20260810_133647,False
877517,0.0195,0.0273,0.9126,877.517,500000,0.0039000000000000007,0.0,0.0,0.0039000000000000007,tap3,fast,normal,20260810_133647,False
880019,0.0117,0.0234,0.9009,880.019,500000,-0.003899999999999999,-0.0039000000000000007,-0.011699999999999933,0.012934836682385998,tap3,fast,normal,20260810_133647,False
882516,0.0078,0.0273,0.9009,882.516,500000,-0.0078,0.0,-0.011699999999999933,0.014061649974309502,tap3,fast,normal,20260810_133647,False
885017,0.0078,0.0273,0.9009,885.017,500000,-0.0078,0.0,-0.011699999999999933,0.014061649974309502,tap3,fast,normal,20260810_133647,False
887529,0.0117,0.0312,0.9204,887.529,500000,-0.003899999999999999,0.0038999999999999972,0.007800000000000029,0.009553009996854416,tap3,fast,normal,20260810_133647,False
890006,0.0195,0.0273,0.9087,890.006,500000,0.0039000000000000007,0.0,-0.0039000000000000146,0.005515432893255082,tap3,fast,normal,20260810_133647,False
892508,0.0117,0.0312,0.9165,892.508,500000,-0.003899999999999999,0.0038999999999999972,0.0039000000000000146,0.006754998149518627,tap3,fast,normal,20260810_133647,False
895007,0.0195,0.0234,0.9126,895.007,500000,0.0039000000000000007,-0.0039000000000000007,0.0,0.005515432893255071,tap3,fast,normal,20260810_133647,False
897529,0.0156,0.0312,0.9048,897.529,500000,0.0,0.0038999999999999972,-0.007799999999999918,0.008720665112249105,tap3,fast,normal,20260810_133647,False
900008,0.0156,0.0195,0.9048,900.008,500000,0.0,-0.007800000000000001,-0.007799999999999918,0.011030865786510084,tap3,fast,normal,20260810_133647,False
902513,0.0195,0.0312,0.9048,902.513,500000,0.0039000000000000007,0.0038999999999999972,-0.007799999999999918,0.009553009996854326,tap3,fast,normal,20260810_133647,False
905020,0.0195,0.0312,0.9087,905.02,500000,0.0039000000000000007,0.0038999999999999972,-0.0039000000000000146,0.006754998149518628,tap3,fast,normal,20260810_133647,False
907510,0.0156,0.0195,0.9087,907.51,500000,0.0,-0.007800000000000001,-0.0039000000000000146,0.008720665112249188,tap3,fast,normal,20260810_133647,False
910012,0.0156,0.0312,0.9165,910.012,500000,0.0,0.0038999999999999972,0.0039000000000000146,0.005515432893255079,tap3,fast,normal,20260810_133647,False
912524,0.0195,0.0312,0.9126,912.524,500000,0.0039000000000000007,0.0038999999999999972,0.0,0.0055154328932550695,tap3,fast,normal,20260810_133647,False
915012,0.0117,0.0312,0.9165,915.012,500000,-0.003899999999999999,0.0038999999999999972,0.0039000000000000146,0.006754998149518627,tap3,fast,normal,20260810_133647,False
917501,0.0195,0.0273,0.9165,917.501,500000,0.0039000000000000007,0.0,0.0039000000000000146,0.005515432893255082,tap3,fast,normal,20260810_133647,False
920006,0.0117,0.0351,0.9126,920.006,500000,-0.003899999999999999,0.007799999999999998,0.0,0.008720665112249178,tap3,fast,normal,20260810_133647,False
922503,0.0117,0.0351,0.9204,922.503,500000,-0.003899999999999999,0.007799999999999998,0.007800000000000029,0.011700000000000018,tap3,fast,normal,20260810_133647,False
925021,0.0234,0.0312,0.9087,925.021,500000,0.007800000000000001,0.0038999999999999972,-0.0039000000000000146,0.0095530099968544,tap3,fast,normal,20260810_133647,False
927503,0.0195,0.0234,0.9204,927.503,500000,0.0039000000000000007,-0.0039000000000000007,0.007800000000000029,0.00955300999685442,tap3,fast,normal,20260810_133647,False
930002,0.0195,0.0156,0.9165,930.002,500000,0.0039000000000000007,-0.011700000000000002,0.0039000000000000146,0.012934836682386066,tap3,fast,normal,20260810_133647,False
932500,0.0156,0.0273,0.9087,932.5,500000,0.0,0.0,-0.0039000000000000146,0.0039000000000000146,tap3,fast,normal,20260810_133647,False
935018,0.0156,0.0312,0.9126,935.018,500000,0.0,0.0038999999999999972,0.0,0.0038999999999999972,tap3,fast,normal,20260810_133647,False
937507,0.0156,0.0273,0.9048,937.507,500000,0.0,0.0,-0.007799999999999918,0.007799999999999918,tap3,fast,normal,20260810_133647,False
940008,0.0156,0.0273,0.9126,940.008,500000,0.0,0.0,0.0,0.0,tap3,fast,normal,20260810_133647,False
942504,0.0078,0.0351,0.9126,942.504,500000,-0.0078,0.007799999999999998,0.0,0.011030865786510139,tap3,fast,normal,20260810_133647,False
945017,0.0156,0.0234,0.9126,945.017,500000,0.0,-0.0039000000000000007,0.0,0.0039000000000000007,tap3,fast,normal,20260810_133647,False
947500,0.0156,0.0273,0.9048,947.5,500000,0.0,0.0,-0.007799999999999918,0.007799999999999918,tap3,fast,normal,20260810_133647,False
950003,0.0195,0.0273,0.9009,950.003,500000,0.0039000000000000007,0.0,-0.011699999999999933,0.012332882874656616,tap3,fast,normal,20260810_133647,False
952510,0.0195,0.0273,0.9126,952.51,500000,0.0039000000000000007,0.0,0.0,0.0039000000000000007,tap3,fast,normal,20260810_133647,False
955021,0.0195,0.0273,0.9126,955.021,500000,0.0039000000000000007,0.0,0.0,0.0039000000000000007,tap3,fast,normal,20260810_133647,False
957509,0.0117,0.0312,0.9243,957.509,500000,-0.003899999999999999,0.0038999999999999972,0.011700000000000044,0.012934836682386097,tap3,fast,normal,20260810_133647,False
960007,0.0195,0.0195,0.9126,960.007,500000,0.0039000000000000007,-0.007800000000000001,0.0,0.008720665112249181,tap3,fast,normal,20260810_133647,False
962501,0.0195,0.0195,0.9243,962.501,500000,0.0039000000000000007,-0.007800000000000001,0.011700000000000044,0.014592463808418409,tap3,fast,normal,20260810_133647,False
965016,0.0117,0.0351,0.9087,965.016,500000,-0.003899999999999999,0.007799999999999998,-0.0039000000000000146,0.009553009996854399,tap3,fast,normal,20260810_133647,False
967504,0.0156,0.0351,0.9087,967.504,500000,0.0,0.007799999999999998,-0.0039000000000000146,0.008720665112249185,tap3,fast,normal,20260810_133647,False
970019,0.0156,0.0351,0.9087,970.019,500000,0.0,0.007799999999999998,-0.0039000000000000146,0.008720665112249185,tap3,fast,normal,20260810_133647,False
972525,0.0117,0.0312,0.9126,972.525,500000,-0.003899999999999999,0.0038999999999999972,0.0,0.005515432893255068,tap3,fast,normal,20260810_133647,False
975019,0.0195,0.0234,0.9087,975.019,500000,0.0039000000000000007,-0.0039000000000000007,-0.0039000000000000146,0.006754998149518631,tap3,fast,normal,20260810_133647,False
977501,0.0195,0.0156,0.9165,977.501,500000,0.0039000000000000007,-0.011700000000000002,0.0039000000000000146,0.012934836682386066,tap3,fast,normal,20260810_133647,False
980001,0.0195,0.0273,0.9204,980.001,500000,0.0039000000000000007,0.0,0.007800000000000029,0.008720665112249207,tap3,fast,normal,20260810_133647,False
982526,0.0195,0.0234,0.9165,982.526,500000,0.0039000000000000007,-0.0039000000000000007,0.0039000000000000146,0.006754998149518631,tap3,fast,normal,20260810_133647,False
985007,0.0195,0.0156,0.9165,985.007,500000,0.0039000000000000007,-0.011700000000000002,0.0039000000000000146,0.012934836682386066,tap3,fast,normal,20260810_133647,False
987524,0.0195,0.0195,0.9165,987.524,500000,0.0039000000000000007,-0.007800000000000001,0.0039000000000000146,0.009553009996854402,tap3,fast,normal,20260810_133647,False
990002,0.0234,0.0156,0.9165,990.002,500000,0.007800000000000001,-0.011700000000000002,0.0039000000000000146,0.014592463808418377,tap3,fast,normal,20260810_133647,False
992508,0.0078,0.0351,0.9126,992.508,500000,-0.0078,0.007799999999999998,0.0,0.011030865786510139,tap3,fast,normal,20260810_133647,False
995004,0.0117,0.0351,0.9165,995.004,500000,-0.003899999999999999,0.007799999999999998,0.0039000000000000146,0.009553009996854399,tap3,fast,normal,20260810_133647,False
997519,0.0078,0.0312,0.9165,997.519,500000,-0.0078,0.0038999999999999972,0.0039000000000000146,0.0095530099968544,tap3,fast,normal,20260810_133647,False
1000027,0.0078,0.0312,0.9204,1000.027,500000,-0.0078,0.0038999999999999972,0.007800000000000029,0.011700000000000018,tap3,fast,normal,20260810_133647,False
1002524,0.0156,0.0273,0.9243,1002.524,500000,0.0,0.0,0.011700000000000044,0.011700000000000044,tap3,fast,normal,20260810_133647,False
1005011,0.0156,0.0312,0.9126,1005.011,500000,0.0,0.0038999999999999972,0.0,0.0038999999999999972,tap3,fast,normal,20260810_133647,False
1007528,0.0156,0.0273,0.9243,1007.528,500000,0.0,0.0,0.011700000000000044,0.011700000000000044,tap3,fast,normal,20260810_133647,False
1010002,0.0195,0.0234,0.9126,1010.002,500000,0.0039000000000000007,-0.0039000000000000007,0.0,0.005515432893255071,tap3,fast,normal,20260810_133647,False
1012504,0.0195,0.0234,0.9048,1012.504,500000,0.0039000000000000007,-0.0039000000000000007,-0.007799999999999918,0.009553009996854328,tap3,fast,normal,20260810_133647,False
1015018,0.0156,0.0351,0.9087,1015.018,500000,0.0,0.007799999999999998,-0.0039000000000000146,0.008720665112249185,tap3,fast,normal,20260810_133647,False
1017508,0.0117,0.0351,0.9048,1017.508,500000,-0.003899999999999999,0.007799999999999998,-0.007799999999999918,0.011699999999999943,tap3,fast,normal,20260810_133647,False
1020015,0.0195,0.0273,0.9165,1020.015,500000,0.0039000000000000007,0.0,0.0039000000000000146,0.005515432893255082,tap3,fast,normal,20260810_133647,False
1022514,0.0078,0.0351,0.9126,1022.514,500000,-0.0078,0.007799999999999998,0.0,0.011030865786510139,tap3,fast,normal,20260810_133647,False
1025027,0.0117,0.0234,0.9087,1025.027,500000,-0.003899999999999999,-0.0039000000000000007,-0.0039000000000000146,0.00675499814951863,tap3,fast,normal,20260810_133647,False
1027510,0.0195,0.0273,0.9126,1027.51,500000,0.0039000000000000007,0.0,0.0,0.0039000000000000007,tap3,fast,normal,20260810_133647,False
1030013,0.0156,0.0195,0.897,1030.013,500000,0.0,-0.007800000000000001,-0.015599999999999947,0.017441330224498314,tap3,fast,normal,20260810_133647,False
1032516,0.0117,0.0312,0.9087,1032.516,500000,-0.003899999999999999,0.0038999999999999972,-0.0039000000000000146,0.006754998149518627,tap3,fast,normal,20260810_133647,False
1035012,0.0117,0.0312,0.9087,1035.012,500000,-0.003899999999999999,0.0038999999999999972,-0.0039000000000000146,0.006754998149518627,tap3,fast,normal,20260810_133647,False
1037516,0.0156,0.0312,0.9126,1037.516,500000,0.0,0.0038999999999999972,0.0,0.0038999999999999972,tap3,fast,normal,20260810_133647,False
1040025,0.0117,0.0351,0.897,1040.025,500000,-0.003899999999999999,0.007799999999999998,-0.015599999999999947,0.017872045210327727,tap3,fast,normal,20260810_133647,False
1042523,0.0195,0.0273,0.9048,1042.523,500000,0.0039000000000000007,0.0,-0.007799999999999918,0.008720665112249107,tap3,fast,normal,20260810_133647,False
1045010,0.0117,0.0273,0.9165,1045.01,500000,-0.003899999999999999,0.0,0.0039000000000000146,0.00551543289325508,tap3,fast,normal,20260810_133647,False
1047500,0.0078,0.0195,0.9204,1047.5,500000,-0.0078,-0.007800000000000001,0.007800000000000029,0.01350999629903726,tap3,fast,normal,20260810_133647,False
1050005,0.0156,0.0234,0.9087,1050.005,500000,0.0,-0.0039000000000000007,-0.0039000000000000146,0.005515432893255082,tap3,fast,normal,20260810_133647,False
1052507,0.0117,0.0234,0.9126,1052.507,500000,-0.003899999999999999,-0.0039000000000000007,0.0,0.00551543289325507,tap3,fast,normal,20260810_133647,False
1055023,0.0156,0.0312,0.9126,1055.023,500000,0.0,0.0038999999999999972,0.0,0.0038999999999999972,tap3,fast,normal,20260810_133647,False
1057511,0.0117,0.0273,0.9048,1057.511,500000,-0.003899999999999999,0.0,-0.007799999999999918,0.008720665112249105,tap3,fast,normal,20260810_133647,False
1060012,0.0156,0.0234,0.9087,1060.012,500000,0.0,-0.0039000000000000007,-0.0039000000000000146,0.005515432893255082,tap3,fast,normal,20260810_133647,False
1062516,0.0117,0.0273,0.9048,1062.516,500000,-0.003899999999999999,0.0,-0.007799999999999918,0.008720665112249105,tap3,fast,normal,20260810_133647,False
1065003,0.0078,0.0273,0.9204,1065.003,500000,-0.0078,0.0,0.007800000000000029,0.011030865786510162,tap3,fast,normal,20260810_133647,False
1067522,0.0117,0.0273,0.9087,1067.522,500000,-0.003899999999999999,0.0,-0.0039000000000000146,0.00551543289325508,tap3,fast,normal,20260810_133647,False
1070025,0.0195,0.0195,0.9009,1070.025,500000,0.0039000000000000007,-0.007800000000000001,-0.011699999999999933,0.014592463808418318,tap3,fast,normal,20260810_133647,False
1072529,0.0156,0.0273,0.9126,1072.529,500000,0.0,0.0,0.0,0.0,tap3,fast,normal,20260810_133647,False
1075019,0.0156,0.0273,0.9126,1075.019,500000,0.0,0.0,0.0,0.0,tap3,fast,normal,20260810_133647,False
1077507,0.0195,0.0234,0.9087,1077.507,500000,0.0039000000000000007,-0.0039000000000000007,-0.0039000000000000146,0.006754998149518631,tap3,fast,normal,20260810_133647,False
1080008,0.0117,0.0273,0.9048,1080.008,500000,-0.003899999999999999,0.0,-0.007799999999999918,0.008720665112249105,tap3,fast,normal,20260810_133647,False
1082508,0.0234,0.0156,0.9048,1082.508,500000,0.007800000000000001,-0.011700000000000002,-0.007799999999999918,0.01608011193990884,tap3,fast,normal,20260810_133647,False
1085028,0.0156,0.0195,0.9165,1085.028,500000,0.0,-0.007800000000000001,0.0039000000000000146,0.008720665112249188,tap3,fast,normal,20260810_133647,False
1087516,0.0117,0.0273,0.9048,1087.516,500000,-0.003899999999999999,0.0,-0.007799999999999918,0.008720665112249105,tap3,fast,normal,20260810_133647,False
1090020,0.0117,0.0312,0.9165,1090.02,500000,-0.003899999999999999,0.0038999999999999972,0.0039000000000000146,0.006754998149518627,tap3,fast,normal,20260810_133647,False
1092523,0.0117,0.0234,0.9165,1092.523,500000,-0.003899999999999999,-0.0039000000000000007,0.0039000000000000146,0.00675499814951863,tap3,fast,normal,20260810_133647,False
1095008,0.0117,0.0273,0.9126,1095.008,500000,-0.003899999999999999,0.0,0.0,0.003899999999999999,tap3,fast,normal,20260810_133647,False
1097524,0.0156,0.0156,0.9087,1097.524,500000,0.0,-0.011700000000000002,-0.0039000000000000146,0.012332882874656687,tap3,fast,normal,20260810_133647,False
1100001,0.0156,0.0234,0.9204,1100.001,500000,0.0,-0.0039000000000000007,0.007800000000000029,0.008720665112249207,tap3,fast,normal,20260810_133647,False
1102517,0.0117,0.0234,0.9126,1102.517,500000,-0.003899999999999999,-0.0039000000000000007,0.0,0.00551543289325507,tap3,fast,normal,20260810_133647,False
1105012,0.0117,0.0312,0.9087,1105.012,500000,-0.003899999999999999,0.0038999999999999972,-0.0039000000000000146,0.006754998149518627,tap3,fast,normal,20260810_133647,False
1107528,0.0156,0.0234,0.9126,1107.528,500000,0.0,-0.0039000000000000007,0.0,0.0039000000000000007,tap3,fast,normal,20260810_133647,False
1110003,0.0156,0.0312,0.9087,1110.003,500000,0.0,0.0038999999999999972,-0.0039000000000000146,0.005515432893255079,tap3,fast,normal,20260810_133647,False
1112512,0.0273,0.0234,0.9204,1112.512,500000,0.011700000000000002,-0.0039000000000000007,0.007800000000000029,0.01459246380841839,tap3,fast,normal,20260810_133647,False
1115025,0.0195,0.0234,0.9087,1115.025,500000,0.0039000000000000007,-0.0039000000000000007,-0.0039000000000000146,0.006754998149518631,tap3,fast,normal,20260810_133647,False
1117510,0.0078,0.0351,0.9126,1117.51,500000,-0.0078,0.007799999999999998,0.0,0.011030865786510139,tap3,fast,normal,20260810_133647,False
1120015,0.0156,0.0234,0.9126,1120.015,500000,0.0,-0.0039000000000000007,0.0,0.0039000000000000007,tap3,fast,normal,20260810_133647,False
1122520,0.0195,0.0234,0.9087,1122.52,500000,0.0039000000000000007,-0.0039000000000000007,-0.0039000000000000146,0.006754998149518631,tap3,fast,normal,20260810_133647,False
1125009,0.0078,0.0234,0.9087,1125.009,500000,-0.0078,-0.0039000000000000007,-0.0039000000000000146,0.0095530099968544,tap3,fast,normal,20260810_133647,False
1127522,0.0195,0.0195,0.9165,1127.522,500000,0.0039000000000000007,-0.007800000000000001,0.0039000000000000146,0.009553009996854402,tap3,fast,normal,20260810_133647,False
1130027,0.0195,0.0273,0.9087,1130.027,500000,0.0039000000000000007,0.0,-0.0039000000000000146,0.005515432893255082,tap3,fast,normal,20260810_133647,False
1132522,0.0234,0.0273,0.9126,1132.522,500000,0.007800000000000001,0.0,0.0,0.007800000000000001,tap3,fast,normal,20260810_133647,False
1135012,0.0156,0.0273,0.9165,1135.012,500000,0.0,0.0,0.0039000000000000146,0.0039000000000000146,tap3,fast,normal,20260810_133647,False
1137500,0.0195,0.0273,0.9204,1137.5,500000,0.0039000000000000007,0.0,0.007800000000000029,0.008720665112249207,tap3,fast,normal,20260810_133647,False
1140004,0.0156,0.0312,0.9126,1140.004,500000,0.0,0.0038999999999999972,0.0,0.0038999999999999972,tap3,fast,normal,20260810_133647,False
1142504,0.0117,0.0312,0.9087,1142.504,500000,-0.003899999999999999,0.0038999999999999972,-0.0039000000000000146,0.006754998149518627,tap3,fast,normal,20260810_133647,False
1145021,0.0195,0.0312,0.9165,1145.021,500000,0.0039000000000000007,0.0038999999999999972,0.0039000000000000146,0.006754998149518628,tap3,fast,normal,20260810_133647,False
1147502,0.0156,0.0273,0.9126,1147.502,500000,0.0,0.0,0.0,0.0,tap3,fast,normal,20260810_133647,False
1150014,0.0195,0.0312,0.9126,1150.014,500000,0.0039000000000000007,0.0038999999999999972,0.0,0.0055154328932550695,tap3,fast,normal,20260810_133647,False
1152514,0.0195,0.0312,0.9009,1152.514,500000,0.0039000000000000007,0.0038999999999999972,-0.011699999999999933,0.012934836682385998,tap3,fast,normal,20260810_133647,False
1155003,0.0234,0.0234,0.9009,1155.003,500000,0.007800000000000001,-0.0039000000000000007,-0.011699999999999933,0.014592463808418318,tap3,fast,normal,20260810_133647,False
1157516,0.0156,0.0312,0.9048,1157.516,500000,0.0,0.0038999999999999972,-0.007799999999999918,0.008720665112249105,tap3,fast,normal,20260810_133647,False
1160021,0.0117,0.0351,0.9087,1160.021,500000,-0.003899999999999999,0.007799999999999998,-0.0039000000000000146,0.009553009996854399,tap3,fast,normal,20260810_133647,False
1162521,0.0156,0.0234,0.9126,1162.521,500000,0.0,-0.0039000000000000007,0.0,0.0039000000000000007,tap3,fast,normal,20260810_133647,False
1165012,0.0234,0.0273,0.9126,1165.012,500000,0.007800000000000001,0.0,0.0,0.007800000000000001,tap3,fast,normal,20260810_133647,False
1167515,0.0156,0.0273,0.9048,1167.515,500000,0.0,0.0,-0.007799999999999918,0.007799999999999918,tap3,fast,normal,20260810_133647,False
1170024,0.0117,0.0351,0.9087,1170.024,500000,-0.003899999999999999,0.007799999999999998,-0.0039000000000000146,0.009553009996854399,tap3,fast,normal,20260810_133647,False
1172523,0.0117,0.0312,0.9087,1172.523,500000,-0.003899999999999999,0.0038999999999999972,-0.0039000000000000146,0.006754998149518627,tap3,fast,normal,20260810_133647,False
1175014,0.0195,0.0312,0.9126,1175.014,500000,0.0039000000000000007,0.0038999999999999972,0.0,0.0055154328932550695,tap3,fast,normal,20260810_133647,False
1177501,0.0156,0.0312,0.9087,1177.501,500000,0.0,0.0038999999999999972,-0.0039000000000000146,0.005515432893255079,tap3,fast,normal,20260810_133647,False
1180005,0.0156,0.0312,0.9087,1180.005,500000,0.0,0.0038999999999999972,-0.0039000000000000146,0.005515432893255079,tap3,fast,normal,20260810_133647,False
1182502,0.0117,0.0273,0.9165,1182.502,500000,-0.003899999999999999,0.0,0.0039000000000000146,0.00551543289325508,tap3,fast,normal,20260810_133647,False
1185019,0.0195,0.0273,0.9126,1185.019,500000,0.0039000000000000007,0.0,0.0,0.0039000000000000007,tap3,fast,normal,20260810_133647,False
1187506,0.0234,0.0195,0.9048,1187.506,500000,0.007800000000000001,-0.007800000000000001,-0.007799999999999918,0.013509996299037198,tap3,fast,normal,20260810_133647,False
1190007,0.0117,0.0351,0.9048,1190.007,500000,-0.003899999999999999,0.007799999999999998,-0.007799999999999918,0.011699999999999943,tap3,fast,normal,20260810_133647,False
1192515,0.0117,0.0195,0.9087,1192.515,500000,-0.003899999999999999,-0.007800000000000001,-0.0039000000000000146,0.0095530099968544,tap3,fast,normal,20260810_133647,False
1195007,0.0117,0.0273,0.9126,1195.007,500000,-0.003899999999999999,0.0,0.0,0.003899999999999999,tap3,fast,normal,20260810_133647,False
1197523,0.0078,0.0312,0.9087,1197.523,500000,-0.0078,0.0038999999999999972,-0.0039000000000000146,0.0095530099968544,tap3,fast,normal,20260810_133647,False
1200028,0.0234,0.0234,0.9126,1200.028,500000,0.007800000000000001,-0.0039000000000000007,0.0,0.008720665112249181,tap3,fast,normal,20260810_133647,False
1202500,0.0195,0.0312,0.9282,1202.5,500000,0.0039000000000000007,0.0038999999999999972,0.015600000000000058,0.016546298679765266,tap3,fast,normal,20260810_133647,False
1205017,0.0117,0.0351,0.9165,1205.017,500000,-0.003899999999999999,0.007799999999999998,0.0039000000000000146,0.009553009996854399,tap3,fast,normal,20260810_133647,False
1207502,0.0195,0.0234,0.9087,1207.502,500000,0.0039000000000000007,-0.0039000000000000007,-0.0039000000000000146,0.006754998149518631,tap3,fast,normal,20260810_133647,False
1210005,0.0117,0.0273,0.9087,1210.005,500000,-0.003899999999999999,0.0,-0.0039000000000000146,0.00551543289325508,tap3,fast,normal,20260810_133647,False
1212501,0.0117,0.0351,0.9048,1212.501,500000,-0.003899999999999999,0.007799999999999998,-0.007799999999999918,0.011699999999999943,tap3,fast,normal,20260810_133647,False
1215014,0.0156,0.0312,0.9243,1215.014,500000,0.0,0.0038999999999999972,0.011700000000000044,0.01233288287465672,tap3,fast,normal,20260810_133647,False
1217502,0.0156,0.0351,0.9087,1217.502,500000,0.0,0.007799999999999998,-0.0039000000000000146,0.008720665112249185,tap3,fast,normal,20260810_133647,False
1220008,0.0195,0.0273,0.9048,1220.008,500000,0.0039000000000000007,0.0,-0.007799999999999918,0.008720665112249107,tap3,fast,normal,20260810_133647,False
1222512,0.0156,0.0273,0.9165,1222.512,500000,0.0,0.0,0.0039000000000000146,0.0039000000000000146,tap3,fast,normal,20260810_133647,False
1225014,0.0234,0.0312,0.9048,1225.014,500000,0.007800000000000001,0.0038999999999999972,-0.007799999999999918,0.011699999999999945,tap3,fast,normal,20260810_133647,False
1227526,0.0273,0.0234,0.9048,1227.526,500000,0.011700000000000002,-0.0039000000000000007,-0.007799999999999918,0.01459246380841833,tap3,fast,normal,20260810_133647,False
1230031,0.0117,0.0234,0.9204,1230.031,500000,-0.003899999999999999,-0.0039000000000000007,0.007800000000000029,0.009553009996854418,tap3,fast,normal,20260810_133647,False
1232517,0.0156,0.0195,0.9048,1232.517,500000,0.0,-0.007800000000000001,-0.007799999999999918,0.011030865786510084,tap3,fast,normal,20260810_133647,False
1235016,0.0156,0.0234,0.9165,1235.016,500000,0.0,-0.0039000000000000007,0.0039000000000000146,0.005515432893255082,tap3,fast,normal,20260810_133647,False
1237506,0.0156,0.0312,0.9009,1237.506,500000,0.0,0.0038999999999999972,-0.011699999999999933,0.012332882874656614,tap3,fast,normal,20260810_133647,False
1240012,0.0195,0.0273,0.9009,1240.012,500000,0.0039000000000000007,0.0,-0.011699999999999933,0.012332882874656616,tap3,fast,normal,20260810_133647,False
1242515,0.0156,0.0234,0.9087,1242.515,500000,0.0,-0.0039000000000000007,-0.0039000000000000146,0.005515432893255082,tap3,fast,normal,20260810_133647,False
1245000,0.0117,0.0273,0.9087,1245.0,500000,-0.003899999999999999,0.0,-0.0039000000000000146,0.00551543289325508,tap3,fast,normal,20260810_133647,False
1247519,0.0234,0.0234,0.9048,1247.519,500000,0.007800000000000001,-0.0039000000000000007,-0.007799999999999918,0.011699999999999947,tap3,fast,normal,20260810_133647,False
1250028,0.0156,0.0234,0.9087,1250.028,500000,0.0,-0.0039000000000000007,-0.0039000000000000146,0.005515432893255082,tap3,fast,normal,20260810_133647,False
1252529,0.0156,0.0312,0.9165,1252.529,500000,0.0,0.0038999999999999972,0.0039000000000000146,0.005515432893255079,tap3,fast,normal,20260810_133647,False
1255015,0.0117,0.0273,0.9087,1255.015,500000,-0.003899999999999999,0.0,-0.0039000000000000146,0.00551543289325508,tap3,fast,normal,20260810_133647,False
1257502,0.0117,0.0234,0.9126,1257.502,500000,-0.003899999999999999,-0.0039000000000000007,0.0,0.00551543289325507,tap3,fast,normal,20260810_133647,False
1260009,0.0156,0.0234,0.9204,1260.009,500000,0.0,-0.0039000000000000007,0.007800000000000029,0.008720665112249207,tap3,fast,normal,20260810_133647,False
1262510,0.0195,0.0273,0.9204,1262.51,500000,0.0039000000000000007,0.0,0.007800000000000029,0.008720665112249207,tap3,fast,normal,20260810_133647,False
1265026,0.0117,0.0273,0.9087,1265.026,500000,-0.003899999999999999,0.0,-0.0039000000000000146,0.00551543289325508,tap3,fast,normal,20260810_133647,False
1267513,0.0117,0.0234,0.9126,1267.513,500000,-0.003899999999999999,-0.0039000000000000007,0.0,0.00551543289325507,tap3,fast,normal,20260810_133647,False
1270017,0.0078,0.0234,0.9126,1270.017,500000,-0.0078,-0.0039000000000000007,0.0,0.00872066511224918,tap3,fast,normal,20260810_133647,False
1272515,0.0156,0.0312,0.9165,1272.515,500000,0.0,0.0038999999999999972,0.0039000000000000146,0.005515432893255079,tap3,fast,normal,20260810_133647,False
1275004,0.0195,0.0273,0.9126,1275.004,500000,0.0039000000000000007,0.0,0.0,0.0039000000000000007,tap3,fast,normal,20260810_133647,False
1277523,0.0117,0.0234,0.9087,1277.523,500000,-0.003899999999999999,-0.0039000000000000007,-0.0039000000000000146,0.00675499814951863,tap3,fast,normal,20260810_133647,False
1280030,0.0117,0.0351,0.9126,1280.03,500000,-0.003899999999999999,0.007799999999999998,0.0,0.008720665112249178,tap3,fast,normal,20260810_133647,False
1282528,0.0117,0.0273,0.9126,1282.528,500000,-0.003899999999999999,0.0,0.0,0.003899999999999999,tap3,fast,normal,20260810_133647,False
1285016,0.0078,0.0273,0.9048,1285.016,500000,-0.0078,0.0,-0.007799999999999918,0.011030865786510084,tap3,fast,normal,20260810_133647,False
1287505,0.0078,0.0273,0.9048,1287.505,500000,-0.0078,0.0,-0.007799999999999918,0.011030865786510084,tap3,fast,normal,20260810_133647,False
1290001,0.0156,0.0234,0.9204,1290.001,500000,0.0,-0.0039000000000000007,0.007800000000000029,0.008720665112249207,tap3,fast,normal,20260810_133647,False
1292508,0.0078,0.0234,0.9048,1292.508,500000,-0.0078,-0.0039000000000000007,-0.007799999999999918,0.011699999999999945,tap3,fast,normal,20260810_133647,False
1295013,0.0156,0.0312,0.9087,1295.013,500000,0.0,0.0038999999999999972,-0.0039000000000000146,0.005515432893255079,tap3,fast,normal,20260810_133647,False
1297524,0.0156,0.0351,0.9165,1297.524,500000,0.0,0.007799999999999998,0.0039000000000000146,0.008720665112249185,tap3,fast,normal,20260810_133647,False
1300020,0.0195,0.0312,0.9126,1300.02,500000,0.0039000000000000007,0.0038999999999999972,0.0,0.0055154328932550695,tap3,fast,normal,20260810_133647,False
1302524,0.0117,0.0273,0.9126,1302.524,500000,-0.003899999999999999,0.0,0.0,0.003899999999999999,tap3,fast,normal,20260810_133647,False
1305018,0.0117,0.0273,0.9165,1305.018,500000,-0.003899999999999999,0.0,0.0039000000000000146,0.00551543289325508,tap3,fast,normal,20260810_133647,False
1307504,0.0156,0.039,0.9087,1307.504,500000,0.0,0.011699999999999999,-0.0039000000000000146,0.012332882874656684,tap3,fast,normal,20260810_133647,False
1310007,0.0156,0.0312,0.9087,1310.007,500000,0.0,0.0038999999999999972,-0.0039000000000000146,0.005515432893255079,tap3,fast,normal,20260810_133647,False
1312516,0.0117,0.0312,0.9243,1312.516,500000,-0.003899999999999999,0.0038999999999999972,0.011700000000000044,0.012934836682386097,tap3,fast,normal,20260810_133647,False
1315003,0.0117,0.0273,0.9126,1315.003,500000,-0.003899999999999999,0.0,0.0,0.003899999999999999,tap3,fast,normal,20260810_133647,False
1317522,0.0156,0.0273,0.9126,1317.522,500000,0.0,0.0,0.0,0.0,tap3,fast,normal,20260810_133647,False
1320026,0.0195,0.0312,0.9087,1320.026,500000,0.0039000000000000007,0.0038999999999999972,-0.0039000000000000146,0.006754998149518628,tap3,fast,normal,20260810_133647,False
1322528,0.0156,0.0234,0.9165,1322.528,500000,0.0,-0.0039000000000000007,0.0039000000000000146,0.005515432893255082,tap3,fast,normal,20260810_133647,False
1325022,0.0195,0.0312,0.9048,1325.022,500000,0.0039000000000000007,0.0038999999999999972,-0.007799999999999918,0.009553009996854326,tap3,fast,normal,20260810_133647,False
1327505,0.0156,0.0273,0.9126,1327.505,500000,0.0,0.0,0.0,0.0,tap3,fast,normal,20260810_133647,False
1330012,0.0234,0.0312,0.9126,1330.012,500000,0.007800000000000001,0.0038999999999999972,0.0,0.00872066511224918,tap3,fast,normal,20260810_133647,False
1332514,0.0195,0.0273,0.9204,1332.514,500000,0.0039000000000000007,0.0,0.007800000000000029,0.008720665112249207,tap3,fast,normal,20260810_133647,False
1335008,0.0195,0.0234,0.9087,1335.008,500000,0.0039000000000000007,-0.0039000000000000007,-0.0039000000000000146,0.006754998149518631,tap3,fast,normal,20260810_133647,False
1337528,0.0156,0.0234,0.9048,1337.528,500000,0.0,-0.0039000000000000007,-0.007799999999999918,0.008720665112249107,tap3,fast,normal,20260810_133647,False
1340002,0.0195,0.0234,0.9009,1340.002,500000,0.0039000000000000007,-0.0039000000000000007,-0.011699999999999933,0.012934836682385998,tap3,fast,normal,20260810_133647,False
1342503,0.0156,0.0273,0.9126,1342.503,500000,0.0,0.0,0.0,0.0,tap3,fast,normal,20260810_133647,False
1345021,0.0195,0.0234,0.9087,1345.021,500000,0.0039000000000000007,-0.0039000000000000007,-0.0039000000000000146,0.006754998149518631,tap3,fast,normal,20260810_133647,False
1347510,0.0195,0.0273,0.9165,1347.51,500000,0.0039000000000000007,0.0,0.0039000000000000146,0.005515432893255082,tap3,fast,normal,20260810_133647,False
1350019,0.0156,0.0273,0.9126,1350.019,500000,0.0,0.0,0.0,0.0,tap3,fast,normal,20260810_133647,False
1352523,0.0156,0.0195,0.9126,1352.523,500000,0.0,-0.007800000000000001,0.0,0.007800000000000001,tap3,fast,normal,20260810_133647,False
1355011,0.0195,0.0195,0.9126,1355.011,500000,0.0039000000000000007,-0.007800000000000001,0.0,0.008720665112249181,tap3,fast,normal,20260810_133647,False
1357523,0.0156,0.0234,0.9048,1357.523,500000,0.0,-0.0039000000000000007,-0.007799999999999918,0.008720665112249107,tap3,fast,normal,20260810_133647,False
1360026,0.0156,0.0273,0.9243,1360.026,500000,0.0,0.0,0.011700000000000044,0.011700000000000044,tap3,fast,normal,20260810_133647,False
1362500,0.0195,0.0195,0.9165,1362.5,500000,0.0039000000000000007,-0.007800000000000001,0.0039000000000000146,0.009553009996854402,tap3,fast,normal,20260810_133647,False
1365006,0.0156,0.0273,0.9126,1365.006,500000,0.0,0.0,0.0,0.0,tap3,fast,normal,20260810_133647,False
1367523,0.0156,0.0273,0.9165,1367.523,500000,0.0,0.0,0.0039000000000000146,0.0039000000000000146,tap3,fast,normal,20260810_133647,False
1370027,0.0117,0.0312,0.9165,1370.027,500000,-0.003899999999999999,0.0038999999999999972,0.0039000000000000146,0.006754998149518627,tap3,fast,normal,20260810_133647,False
1372523,0.0156,0.0234,0.9165,1372.523,500000,0.0,-0.0039000000000000007,0.0039000000000000146,0.005515432893255082,tap3,fast,normal,20260810_133647,False
1375014,0.0117,0.0273,0.9165,1375.014,500000,-0.003899999999999999,0.0,0.0039000000000000146,0.00551543289325508,tap3,fast,normal,20260810_133647,False
1377500,0.0156,0.0234,0.9126,1377.5,500000,0.0,-0.0039000000000000007,0.0,0.0039000000000000007,tap3,fast,normal,20260810_133647,False
1380003,0.0117,0.0312,0.9087,1380.003,500000,-0.003899999999999999,0.0038999999999999972,-0.0039000000000000146,0.006754998149518627,tap3,fast,normal,20260810_133647,False
1382527,0.0195,0.0156,0.9126,1382.527,500000,0.0039000000000000007,-0.011700000000000002,0.0,0.012332882874656682,tap3,fast,normal,20260810_133647,False
1385015,0.0195,0.0234,0.9087,1385.015,500000,0.0039000000000000007,-0.0039000000000000007,-0.0039000000000000146,0.006754998149518631,tap3,fast,normal,20260810_133647,False
1387501,0.0156,0.0234,0.9165,1387.501,500000,0.0,-0.0039000000000000007,0.0039000000000000146,0.005515432893255082,tap3,fast,normal,20260810_133647,False
1390011,0.0156,0.0234,0.9165,1390.011,500000,0.0,-0.0039000000000000007,0.0039000000000000146,0.005515432893255082,tap3,fast,normal,20260810_133647,False
1392521,0.0195,0.0195,0.9126,1392.521,500000,0.0039000000000000007,-0.007800000000000001,0.0,0.008720665112249181,tap3,fast,normal,20260810_133647,False
1395015,0.0195,0.0195,0.9165,1395.015,500000,0.0039000000000000007,-0.007800000000000001,0.0039000000000000146,0.009553009996854402,tap3,fast,normal,20260810_133647,False
1397528,0.0156,0.0195,0.9126,1397.528,500000,0.0,-0.007800000000000001,0.0,0.007800000000000001,tap3,fast,normal,20260810_133647,False
1400016,0.0117,0.0273,0.9009,1400.016,500000,-0.003899999999999999,0.0,-0.011699999999999933,0.012332882874656614,tap3,fast,normal,20260810_133647,False
1402515,0.0156,0.0234,0.9126,1402.515,500000,0.0,-0.0039000000000000007,0.0,0.0039000000000000007,tap3,fast,normal,20260810_133647,False
1405003,0.0117,0.0273,0.9087,1405.003,500000,-0.003899999999999999,0.0,-0.0039000000000000146,0.00551543289325508,tap3,fast,normal,20260810_133647,False
1407522,0.0156,0.0234,0.9087,1407.522,500000,0.0,-0.0039000000000000007,-0.0039000000000000146,0.005515432893255082,tap3,fast,normal,20260810_133647,False
1410027,0.0156,0.0312,0.9087,1410.027,500000,0.0,0.0038999999999999972,-0.0039000000000000146,0.005515432893255079,tap3,fast,normal,20260810_133647,False
1412507,0.0156,0.0351,0.9204,1412.507,500000,0.0,0.007799999999999998,0.007800000000000029,0.01103086578651016,tap3,fast,normal,20260810_133647,False
1415021,0.0117,0.0312,0.9126,1415.021,500000,-0.003899999999999999,0.0038999999999999972,0.0,0.005515432893255068,tap3,fast,normal,20260810_133647,False
1417503,0.0195,0.0234,0.9165,1417.503,500000,0.0039000000000000007,-0.0039000000000000007,0.0039000000000000146,0.006754998149518631,tap3,fast,normal,20260810_133647,False
1420007,0.0117,0.0312,0.9048,1420.007,500000,-0.003899999999999999,0.0038999999999999972,-0.007799999999999918,0.009553009996854326,tap3,fast,normal,20260810_133647,False
1422502,0.0078,0.0273,0.9087,1422.502,500000,-0.0078,0.0,-0.0039000000000000146,0.008720665112249186,tap3,fast,normal,20260810_133647,False
1425024,0.0117,0.0234,0.9087,1425.024,500000,-0.003899999999999999,-0.0039000000000000007,-0.0039000000000000146,0.00675499814951863,tap3,fast,normal,20260810_133647,False
1427505,0.0195,0.0312,0.9048,1427.505,500000,0.0039000000000000007,0.0038999999999999972,-0.007799999999999918,0.009553009996854326,tap3,fast,normal,20260810_133647,False
1430026,0.0156,0.0234,0.9087,1430.026,500000,0.0,-0.0039000000000000007,-0.0039000000000000146,0.005515432893255082,tap3,fast,normal,20260810_133647,False
1432502,0.0195,0.0273,0.9126,1432.502,500000,0.0039000000000000007,0.0,0.0,0.0039000000000000007,tap3,fast,normal,20260810_133647,False
1435028,0.0156,0.0312,0.9243,1435.028,500000,0.0,0.0038999999999999972,0.011700000000000044,0.01233288287465672,tap3,fast,normal,20260810_133647,False
1437515,0.0117,0.0312,0.9087,1437.515,500000,-0.003899999999999999,0.0038999999999999972,-0.0039000000000000146,0.006754998149518627,tap3,fast,normal,20260810_133647,False
1440019,0.0117,0.039,0.9009,1440.019,500000,-0.003899999999999999,0.011699999999999999,-0.011699999999999933,0.01699970587980858,tap3,fast,normal,20260810_133647,False
1442523,0.0117,0.0273,0.9126,1442.523,500000,-0.003899999999999999,0.0,0.0,0.003899999999999999,tap3,fast,normal,20260810_133647,False
1445009,0.0117,0.0273,0.9126,1445.009,500000,-0.003899999999999999,0.0,0.0,0.003899999999999999,tap3,fast,normal,20260810_133647,False
1447525,0.0195,0.0273,0.9048,1447.525,500000,0.0039000000000000007,0.0,-0.007799999999999918,0.008720665112249107,tap3,fast,normal,20260810_133647,False
1450003,0.0195,0.0312,0.9165,1450.003,500000,0.0039000000000000007,0.0038999999999999972,0.0039000000000000146,0.006754998149518628,tap3,fast,normal,20260810_133647,False
1452505,0.0156,0.0273,0.9126,1452.505,500000,0.0,0.0,0.0,0.0,tap3,fast,normal,20260810_133647,False
1455020,0.0156,0.0312,0.9048,1455.02,500000,0.0,0.0038999999999999972,-0.007799999999999918,0.008720665112249105,tap3,fast,normal,20260810_133647,False
1457506,0.0156,0.0312,0.9165,1457.506,500000,0.0,0.0038999999999999972,0.0039000000000000146,0.005515432893255079,tap3,fast,normal,20260810_133647,False
1460013,0.0156,0.0312,0.9204,1460.013,500000,0.0,0.0038999999999999972,0.007800000000000029,0.008720665112249205,tap3,fast,normal,20260810_133647,False
1462510,0.0078,0.0273,0.9087,1462.51,500000,-0.0078,0.0,-0.0039000000000000146,0.008720665112249186,tap3,fast,normal,20260810_133647,False
1465000,0.0195,0.0351,0.9126,1465.0,500000,0.0039000000000000007,0.007799999999999998,0.0,0.00872066511224918,tap3,fast,normal,20260810_133647,False
1467518,0.0195,0.0273,0.9126,1467.518,500000,0.0039000000000000007,0.0,0.0,0.0039000000000000007,tap3,fast,normal,20260810_133647,False
1470024,0.0117,0.0312,0.9126,1470.024,500000,-0.003899999999999999,0.0038999999999999972,0.0,0.005515432893255068,tap3,fast,normal,20260810_133647,False
1472529,0.0117,0.0234,0.9165,1472.529,500000,-0.003899999999999999,-0.0039000000000000007,0.0039000000000000146,0.00675499814951863,tap3,fast,normal,20260810_133647,False
1475018,0.0078,0.0429,0.9126,1475.018,500000,-0.0078,0.0156,0.0,0.01744133022449836,tap3,fast,normal,20260810_133647,False
1477504,0.0156,0.0273,0.9087,1477.504,500000,0.0,0.0,-0.0039000000000000146,0.0039000000000000146,tap3,fast,normal,20260810_133647,False
1480009,0.0117,0.0273,0.9087,1480.009,500000,-0.003899999999999999,0.0,-0.0039000000000000146,0.00551543289325508,tap3,fast,normal,20260810_133647,False
1482505,0.0117,0.0273,0.9165,1482.505,500000,-0.003899999999999999,0.0,0.0039000000000000146,0.00551543289325508,tap3,fast,normal,20260810_133647,False
1485022,0.0117,0.0195,0.9126,1485.022,500000,-0.003899999999999999,-0.007800000000000001,0.0,0.00872066511224918,tap3,fast,normal,20260810_133647,False
1487508,0.0195,0.0273,0.9165,1487.508,500000,0.0039000000000000007,0.0,0.0039000000000000146,0.005515432893255082,tap3,fast,normal,20260810_133647,False
1490005,0.0156,0.0234,0.9048,1490.005,500000,0.0,-0.0039000000000000007,-0.007799999999999918,0.008720665112249107,tap3,fast,normal,20260810_133647,False
1492515,0.0156,0.0195,0.9048,1492.515,500000,0.0,-0.007800000000000001,-0.007799999999999918,0.011030865786510084,tap3,fast,normal,20260810_133647,False
1495026,0.0078,0.0312,0.9009,1495.026,500000,-0.0078,0.0038999999999999972,-0.011699999999999933,0.014592463808418317,tap3,fast,normal,20260810_133647,False
1497516,0.0078,0.0312,0.9009,1497.516,500000,-0.0078,0.0038999999999999972,-0.011699999999999933,0.014592463808418317,tap3,fast,normal,20260810_133647,False
1500018,0.0156,0.0195,0.9087,1500.018,500000,0.0,-0.007800000000000001,-0.0039000000000000146,0.008720665112249188,tap3,fast,normal,20260810_133647,False
1502521,0.0078,0.0234,0.9048,1502.521,500000,-0.0078,-0.0039000000000000007,-0.007799999999999918,0.011699999999999945,tap3,fast,normal,20260810_133647,False
1505008,0.0117,0.0312,0.9204,1505.008,500000,-0.003899999999999999,0.0038999999999999972,0.007800000000000029,0.009553009996854416,tap3,fast,normal,20260810_133647,False
1507522,0.0234,0.0351,0.9204,1507.522,500000,0.007800000000000001,0.007799999999999998,0.007800000000000029,0.01350999629903726,tap3,fast,normal,20260810_133647,False
1510026,0.0273,0.0195,0.9087,1510.026,500000,0.011700000000000002,-0.007800000000000001,-0.0039000000000000146,0.014592463808418377,tap3,fast,normal,20260810_133647,False
1512506,0.0156,0.0312,0.9321,1512.506,500000,0.0,0.0038999999999999972,0.019500000000000073,0.01988617610301193,tap3,fast,normal,20260810_133647,False
1515018,0.0195,0.0195,0.9243,1515.018,500000,0.0039000000000000007,-0.007800000000000001,0.011700000000000044,0.014592463808418409,tap3,fast,normal,20260810_133647,False
1517503,0.0156,0.039,0.9204,1517.503,500000,0.0,0.011699999999999999,0.007800000000000029,0.014061649974309573,tap3,fast,normal,20260810_133647,False
1520006,0.0234,0.0351,0.9204,1520.006,500000,0.007800000000000001,0.007799999999999998,0.007800000000000029,0.01350999629903726,tap3,fast,normal,20260810_133647,False
1522506,0.0156,0.0273,0.9048,1522.506,500000,0.0,0.0,-0.007799999999999918,0.007799999999999918,tap3,fast,normal,20260810_133647,False
1525030,0.0117,0.0234,0.9204,1525.03,500000,-0.003899999999999999,-0.0039000000000000007,0.007800000000000029,0.009553009996854418,tap3,fast,normal,20260810_133647,False
1527515,0.0117,0.0234,0.9087,1527.515,500000,-0.003899999999999999,-0.0039000000000000007,-0.0039000000000000146,0.00675499814951863,tap3,fast,normal,20260810_133647,False
1530015,0.0078,0.0351,0.9087,1530.015,500000,-0.0078,0.007799999999999998,-0.0039000000000000146,0.011700000000000004,tap3,fast,normal,20260810_133647,False
1532517,0.0156,0.0351,0.9165,1532.517,500000,0.0,0.007799999999999998,0.0039000000000000146,0.008720665112249185,tap3,fast,normal,20260810_133647,False
1535005,0.0156,0.0273,0.9087,1535.005,500000,0.0,0.0,-0.0039000000000000146,0.0039000000000000146,tap3,fast,normal,20260810_133647,False
1537522,0.0195,0.0234,0.9126,1537.522,500000,0.0039000000000000007,-0.0039000000000000007,0.0,0.005515432893255071,tap3,fast,normal,20260810_133647,False
1540026,0.0156,0.0195,0.9165,1540.026,500000,0.0,-0.007800000000000001,0.0039000000000000146,0.008720665112249188,tap3,fast,normal,20260810_133647,False
1542525,0.0156,0.0312,0.9087,1542.525,500000,0.0,0.0038999999999999972,-0.0039000000000000146,0.005515432893255079,tap3,fast,normal,20260810_133647,False
1545012,0.0156,0.0312,0.9048,1545.012,500000,0.0,0.0038999999999999972,-0.007799999999999918,0.008720665112249105,tap3,fast,normal,20260810_133647,False
1547500,0.0078,0.0273,0.9165,1547.5,500000,-0.0078,0.0,0.0039000000000000146,0.008720665112249186,tap3,fast,normal,20260810_133647,False
1550004,0.0117,0.0273,0.9126,1550.004,500000,-0.003899999999999999,0.0,0.0,0.003899999999999999,tap3,fast,normal,20260810_133647,False
1552507,0.0156,0.0273,0.9204,1552.507,500000,0.0,0.0,0.007800000000000029,0.007800000000000029,tap3,fast,normal,20260810_133647,False
1555025,0.0273,0.0234,0.9126,1555.025,500000,0.011700000000000002,-0.0039000000000000007,0.0,0.012332882874656682,tap3,fast,normal,20260810_133647,False
1557506,0.0117,0.0312,0.9126,1557.506,500000,-0.003899999999999999,0.0038999999999999972,0.0,0.005515432893255068,tap3,fast,normal,20260810_133647,False
1560026,0.0156,0.0312,0.9087,1560.026,500000,0.0,0.0038999999999999972,-0.0039000000000000146,0.005515432893255079,tap3,fast,normal,20260810_133647,False
1562527,0.0156,0.0273,0.9165,1562.527,500000,0.0,0.0,0.0039000000000000146,0.0039000000000000146,tap3,fast,normal,20260810_133647,False
1565017,0.0156,0.0234,0.9126,1565.017,500000,0.0,-0.0039000000000000007,0.0,0.0039000000000000007,tap3,fast,normal,20260810_133647,False
1567502,0.0156,0.0312,0.9126,1567.502,500000,0.0,0.0038999999999999972,0.0,0.0038999999999999972,tap3,fast,normal,20260810_133647,False
1570003,0.0117,0.0273,0.9165,1570.003,500000,-0.003899999999999999,0.0,0.0039000000000000146,0.00551543289325508,tap3,fast,normal,20260810_133647,False
1572504,0.0117,0.0234,0.9126,1572.504,500000,-0.003899999999999999,-0.0039000000000000007,0.0,0.00551543289325507,tap3,fast,normal,20260810_133647,False
1575024,0.0156,0.0195,0.9087,1575.024,500000,0.0,-0.007800000000000001,-0.0039000000000000146,0.008720665112249188,tap3,fast,normal,20260810_133647,False
1577509,0.0156,0.0234,0.9087,1577.509,500000,0.0,-0.0039000000000000007,-0.0039000000000000146,0.005515432893255082,tap3,fast,normal,20260810_133647,False
1580015,0.0195,0.0312,0.9048,1580.015,500000,0.0039000000000000007,0.0038999999999999972,-0.007799999999999918,0.009553009996854326,tap3,fast,normal,20260810_133647,False
1582509,0.0156,0.0273,0.9087,1582.509,500000,0.0,0.0,-0.0039000000000000146,0.0039000000000000146,tap3,fast,normal,20260810_133647,False
1585026,0.0156,0.0273,0.9165,1585.026,500000,0.0,0.0,0.0039000000000000146,0.0039000000000000146,tap3,fast,normal,20260810_133647,False
1587515,0.0195,0.0273,0.9165,1587.515,500000,0.0039000000000000007,0.0,0.0039000000000000146,0.005515432893255082,tap3,fast,normal,20260810_133647,False
1590002,0.0156,0.0195,0.9126,1590.002,500000,0.0,-0.007800000000000001,0.0,0.007800000000000001,tap3,fast,normal,20260810_133647,False
1592511,0.0078,0.0312,0.9048,1592.511,500000,-0.0078,0.0038999999999999972,-0.007799999999999918,0.011699999999999945,tap3,fast,normal,20260810_133647,False
1595002,0.0195,0.0234,0.9126,1595.002,500000,0.0039000000000000007,-0.0039000000000000007,0.0,0.005515432893255071,tap3,fast,normal,20260810_133647,False
1597519,0.0117,0.0273,0.9087,1597.519,500000,-0.003899999999999999,0.0,-0.0039000000000000146,0.00551543289325508,tap3,fast,normal,20260810_133647,False
1600027,0.0234,0.0234,0.9126,1600.027,500000,0.007800000000000001,-0.0039000000000000007,0.0,0.008720665112249181,tap3,fast,normal,20260810_133647,False
1602524,0.0234,0.0234,0.9126,1602.524,500000,0.007800000000000001,-0.0039000000000000007,0.0,0.008720665112249181,tap3,fast,normal,20260810_133647,False
1605017,0.0156,0.0234,0.9087,1605.017,500000,0.0,-0.0039000000000000007,-0.0039000000000000146,0.005515432893255082,tap3,fast,normal,20260810_133647,False
1607525,0.0156,0.0273,0.9204,1607.525,500000,0.0,0.0,0.007800000000000029,0.007800000000000029,tap3,fast,normal,20260810_133647,False
1610002,0.0156,0.0273,0.897,1610.002,500000,0.0,0.0,-0.015599999999999947,0.015599999999999947,tap3,fast,normal,20260810_133647,False
1612523,0.0195,0.0156,0.9087,1612.523,500000,0.0039000000000000007,-0.011700000000000002,-0.0039000000000000146,0.012934836682386066,tap3,fast,normal,20260810_133647,False
1615008,0.0195,0.0273,0.9126,1615.008,500000,0.0039000000000000007,0.0,0.0,0.0039000000000000007,tap3,fast,normal,20260810_133647,False
1617523,0.0195,0.0234,0.9087,1617.523,500000,0.0039000000000000007,-0.0039000000000000007,-0.0039000000000000146,0.006754998149518631,tap3,fast,normal,20260810_133647,False
1620030,0.0195,0.0273,0.9204,1620.03,500000,0.0039000000000000007,0.0,0.007800000000000029,0.008720665112249207,tap3,fast,normal,20260810_133647,False
1622504,0.0195,0.0234,0.9243,1622.504,500000,0.0039000000000000007,-0.0039000000000000007,0.011700000000000044,0.012934836682386099,tap3,fast,normal,20260810_133647,False
1625027,0.0156,0.0312,0.9126,1625.027,500000,0.0,0.0038999999999999972,0.0,0.0038999999999999972,tap3,fast,normal,20260810_133647,False
1627521,0.0117,0.0273,0.9087,1627.521,500000,-0.003899999999999999,0.0,-0.0039000000000000146,0.00551543289325508,tap3,fast,normal,20260810_133647,False
1630028,0.0117,0.0312,0.9087,1630.028,500000,-0.003899999999999999,0.0038999999999999972,-0.0039000000000000146,0.006754998149518627,tap3,fast,normal,20260810_133647,False
1632526,0.0195,0.0312,0.9126,1632.526,500000,0.0039000000000000007,0.0038999999999999972,0.0,0.0055154328932550695,tap3,fast,normal,20260810_133647,False
1635021,0.0156,0.0312,0.9048,1635.021,500000,0.0,0.0038999999999999972,-0.007799999999999918,0.008720665112249105,tap3,fast,normal,20260810_133647,False
1637508,0.0234,0.0234,0.9126,1637.508,500000,0.007800000000000001,-0.0039000000000000007,0.0,0.008720665112249181,tap3,fast,normal,20260810_133647,False
1640012,0.0195,0.0273,0.9126,1640.012,500000,0.0039000000000000007,0.0,0.0,0.0039000000000000007,tap3,fast,normal,20260810_133647,False
1642509,0.0117,0.0351,0.9165,1642.509,500000,-0.003899999999999999,0.007799999999999998,0.0039000000000000146,0.009553009996854399,tap3,fast,normal,20260810_133647,False
1645026,0.0195,0.0273,0.9048,1645.026,500000,0.0039000000000000007,0.0,-0.007799999999999918,0.008720665112249107,tap3,fast,normal,20260810_133647,False
1647515,0.0156,0.0273,0.9165,1647.515,500000,0.0,0.0,0.0039000000000000146,0.0039000000000000146,tap3,fast,normal,20260810_133647,False
1650023,0.0195,0.0312,0.9048,1650.023,500000,0.0039000000000000007,0.0038999999999999972,-0.007799999999999918,0.009553009996854326,tap3,fast,normal,20260810_133647,False
1652502,0.0195,0.0234,0.9126,1652.502,500000,0.0039000000000000007,-0.0039000000000000007,0.0,0.005515432893255071,tap3,fast,normal,20260810_133647,False
1655020,0.0156,0.0234,0.9243,1655.02,500000,0.0,-0.0039000000000000007,0.011700000000000044,0.012332882874656722,tap3,fast,normal,20260810_133647,False
1657504,0.0078,0.0234,0.9087,1657.504,500000,-0.0078,-0.0039000000000000007,-0.0039000000000000146,0.0095530099968544,tap3,fast,normal,20260810_133647,False
1660009,0.0078,0.0234,0.9126,1660.009,500000,-0.0078,-0.0039000000000000007,0.0,0.00872066511224918,tap3,fast,normal,20260810_133647,False
1662515,0.0156,0.0273,0.9165,1662.515,500000,0.0,0.0,0.0039000000000000146,0.0039000000000000146,tap3,fast,normal,20260810_133647,False
1665002,0.0156,0.0234,0.9087,1665.002,500000,0.0,-0.0039000000000000007,-0.0039000000000000146,0.005515432893255082,tap3,fast,normal,20260810_133647,False
1667521,0.0195,0.0234,0.9087,1667.521,500000,0.0039000000000000007,-0.0039000000000000007,-0.0039000000000000146,0.006754998149518631,tap3,fast,normal,20260810_133647,False
1670025,0.0156,0.0273,0.9165,1670.025,500000,0.0,0.0,0.0039000000000000146,0.0039000000000000146,tap3,fast,normal,20260810_133647,False
1672528,0.0117,0.0273,0.9165,1672.528,500000,-0.003899999999999999,0.0,0.0039000000000000146,0.00551543289325508,tap3,fast,normal,20260810_133647,False
1675016,0.0156,0.0273,0.9087,1675.016,500000,0.0,0.0,-0.0039000000000000146,0.0039000000000000146,tap3,fast,normal,20260810_133647,False
1677503,0.0195,0.0273,0.9165,1677.503,500000,0.0039000000000000007,0.0,0.0039000000000000146,0.005515432893255082,tap3,fast,normal,20260810_133647,False
1680008,0.0234,0.0273,0.9048,1680.008,500000,0.007800000000000001,0.0,-0.007799999999999918,0.011030865786510084,tap3,fast,normal,20260810_133647,False
1682507,0.0156,0.0312,0.9048,1682.507,500000,0.0,0.0038999999999999972,-0.007799999999999918,0.008720665112249105,tap3,fast,normal,20260810_133647,False
1685025,0.0156,0.0273,0.9204,1685.025,500000,0.0,0.0,0.007800000000000029,0.007800000000000029,tap3,fast,normal,20260810_133647,False
1687513,0.0117,0.0273,0.9126,1687.513,500000,-0.003899999999999999,0.0,0.0,0.003899999999999999,tap3,fast,normal,20260810_133647,False
1690008,0.0156,0.0234,0.9087,1690.008,500000,0.0,-0.0039000000000000007,-0.0039000000000000146,0.005515432893255082,tap3,fast,normal,20260810_133647,False
1692523,0.0156,0.0273,0.9165,1692.523,500000,0.0,0.0,0.0039000000000000146,0.0039000000000000146,tap3,fast,normal,20260810_133647,False
1695026,0.0117,0.0312,0.9009,1695.026,500000,-0.003899999999999999,0.0038999999999999972,-0.011699999999999933,0.012934836682385997,tap3,fast,normal,20260810_133647,False
1697513,0.0156,0.0273,0.9126,1697.513,500000,0.0,0.0,0.0,0.0,tap3,fast,normal,20260810_133647,False
1700019,0.0039,0.0273,0.9087,1700.019,500000,-0.011699999999999999,0.0,-0.0039000000000000146,0.012332882874656684,tap3,fast,normal,20260810_133647,False
1702517,0.0117,0.0273,0.9048,1702.517,500000,-0.003899999999999999,0.0,-0.007799999999999918,0.008720665112249105,tap3,fast,normal,20260810_133647,False
1705025,0.0117,0.0273,0.9087,1705.025,500000,-0.003899999999999999,0.0,-0.0039000000000000146,0.00551543289325508,tap3,fast,normal,20260810_133647,False
1707504,0.0117,0.0273,0.9087,1707.504,500000,-0.003899999999999999,0.0,-0.0039000000000000146,0.00551543289325508,tap3,fast,normal,20260810_133647,False
1710012,0.0156,0.0312,0.9126,1710.012,500000,0.0,0.0038999999999999972,0.0,0.0038999999999999972,tap3,fast,normal,20260810_133647,False
1712526,0.0156,0.0195,0.9126,1712.526,500000,0.0,-0.007800000000000001,0.0,0.007800000000000001,tap3,fast,normal,20260810_133647,False
1715011,0.0156,0.0273,0.9204,1715.011,500000,0.0,0.0,0.007800000000000029,0.007800000000000029,tap3,fast,normal,20260810_133647,False
1717525,0.0117,0.0273,0.9165,1717.525,500000,-0.003899999999999999,0.0,0.0039000000000000146,0.00551543289325508,tap3,fast,normal,20260810_133647,False
1720030,0.0195,0.0195,0.9126,1720.03,500000,0.0039000000000000007,-0.007800000000000001,0.0,0.008720665112249181,tap3,fast,normal,20260810_133647,False
1722501,0.0156,0.0312,0.9126,1722.501,500000,0.0,0.0038999999999999972,0.0,0.0038999999999999972,tap3,fast,normal,20260810_133647,False
1725028,0.0156,0.0234,0.9126,1725.028,500000,0.0,-0.0039000000000000007,0.0,0.0039000000000000007,tap3,fast,normal,20260810_133647,False
1727517,0.0117,0.0351,0.9165,1727.517,500000,-0.003899999999999999,0.007799999999999998,0.0039000000000000146,0.009553009996854399,tap3,fast,normal,20260810_133647,False
1730016,0.0195,0.0273,0.9009,1730.016,500000,0.0039000000000000007,0.0,-0.011699999999999933,0.012332882874656616,tap3,fast,normal,20260810_133647,False
1732509,0.0156,0.0195,0.9126,1732.509,500000,0.0,-0.007800000000000001,0.0,0.007800000000000001,tap3,fast,normal,20260810_133647,False
1735000,0.0117,0.0273,0.9087,1735.0,500000,-0.003899999999999999,0.0,-0.0039000000000000146,0.00551543289325508,tap3,fast,normal,20260810_133647,False
1737518,0.0195,0.0234,0.9126,1737.518,500000,0.0039000000000000007,-0.0039000000000000007,0.0,0.005515432893255071,tap3,fast,normal,20260810_133647,False
1740022,0.0117,0.0195,0.9087,1740.022,500000,-0.003899999999999999,-0.007800000000000001,-0.0039000000000000146,0.0095530099968544,tap3,fast,normal,20260810_133647,False
1742523,0.0195,0.0312,0.9204,1742.523,500000,0.0039000000000000007,0.0038999999999999972,0.007800000000000029,0.009553009996854418,tap3,fast,normal,20260810_133647,False
1745010,0.0156,0.0195,0.9165,1745.01,500000,0.0,-0.007800000000000001,0.0039000000000000146,0.008720665112249188,tap3,fast,normal,20260810_133647,False
1747528,0.0156,0.0312,0.9243,1747.528,500000,0.0,0.0038999999999999972,0.011700000000000044,0.01233288287465672,tap3,fast,normal,20260810_133647,False
1750000,0.0117,0.0312,0.9009,1750.0,500000,-0.003899999999999999,0.0038999999999999972,-0.011699999999999933,0.012934836682385997,tap3,fast,normal,20260810_133647,False
1752501,0.0156,0.0273,0.9165,1752.501,500000,0.0,0.0,0.0039000000000000146,0.0039000000000000146,tap3,fast,normal,20260810_133647,False
1755014,0.0117,0.0351,0.9204,1755.014,500000,-0.003899999999999999,0.007799999999999998,0.007800000000000029,0.011700000000000018,tap3,fast,normal,20260810_133647,False
1757520,0.0117,0.0312,0.9087,1757.52,500000,-0.003899999999999999,0.0038999999999999972,-0.0039000000000000146,0.006754998149518627,tap3,fast,normal,20260810_133647,False
1760002,0.0156,0.0234,0.9087,1760.002,500000,0.0,-0.0039000000000000007,-0.0039000000000000146,0.005515432893255082,tap3,fast,normal,20260810_133647,False
1762527,0.0156,0.0273,0.9048,1762.527,500000,0.0,0.0,-0.007799999999999918,0.007799999999999918,tap3,fast,normal,20260810_133647,False
1765016,0.0156,0.0156,0.9165,1765.016,500000,0.0,-0.011700000000000002,0.0039000000000000146,0.012332882874656687,tap3,fast,normal,20260810_133647,False
1767504,0.0195,0.0312,0.9126,1767.504,500000,0.0039000000000000007,0.0038999999999999972,0.0,0.0055154328932550695,tap3,fast,normal,20260810_133647,False
1770003,0.0195,0.0273,0.9204,1770.003,500000,0.0039000000000000007,0.0,0.007800000000000029,0.008720665112249207,tap3,fast,normal,20260810_133647,False
1772501,0.0156,0.0234,0.9087,1772.501,500000,0.0,-0.0039000000000000007,-0.0039000000000000146,0.005515432893255082,tap3,fast,normal,20260810_133647,False
1775018,0.0195,0.0234,0.9048,1775.018,500000,0.0039000000000000007,-0.0039000000000000007,-0.007799999999999918,0.009553009996854328,tap3,fast,normal,20260810_133647,False
1777501,0.0156,0.0273,0.9087,1777.501,500000,0.0,0.0,-0.0039000000000000146,0.0039000000000000146,tap3,fast,normal,20260810_133647,False
1780001,0.0156,0.0234,0.9126,1780.001,500000,0.0,-0.0039000000000000007,0.0,0.0039000000000000007,tap3,fast,normal,20260810_133647,False
1782501,0.0117,0.0312,0.9165,1782.501,500000,-0.003899999999999999,0.0038999999999999972,0.0039000000000000146,0.006754998149518627,tap3,fast,normal,20260810_133647,False
1785016,0.0156,0.0273,0.9165,1785.016,500000,0.0,0.0,0.0039000000000000146,0.0039000000000000146,tap3,fast,normal,20260810_133647,False
1787505,0.0117,0.0312,0.9126,1787.505,500000,-0.003899999999999999,0.0038999999999999972,0.0,0.005515432893255068,tap3,fast,normal,20260810_133647,False
1790026,0.0195,0.0195,0.9165,1790.026,500000,0.0039000000000000007,-0.007800000000000001,0.0039000000000000146,0.009553009996854402,tap3,fast,normal,20260810_133647,False
1792501,0.0117,0.0312,0.9048,1792.501,500000,-0.003899999999999999,0.0038999999999999972,-0.007799999999999918,0.009553009996854326,tap3,fast,normal,20260810_133647,False
1795023,0.0156,0.0312,0.9126,1795.023,500000,0.0,0.0038999999999999972,0.0,0.0038999999999999972,tap3,fast,normal,20260810_133647,False
1797515,0.0117,0.0312,0.9126,1797.515,500000,-0.003899999999999999,0.0038999999999999972,0.0,0.005515432893255068,tap3,fast,normal,20260810_133647,False
1800024,0.0234,0.0234,0.897,1800.024,500000,0.007800000000000001,-0.0039000000000000007,-0.015599999999999947,0.01787204521032773,tap3,fast,normal,20260810_133647,False
1802523,0.0117,0.0273,0.9165,1802.523,500000,-0.003899999999999999,0.0,0.0039000000000000146,0.00551543289325508,tap3,fast,normal,20260810_133647,False
1805011,0.0234,0.0273,0.9048,1805.011,500000,0.007800000000000001,0.0,-0.007799999999999918,0.011030865786510084,tap3,fast,normal,20260810_133647,False
1807520,0.0156,0.0273,0.9126,1807.52,500000,0.0,0.0,0.0,0.0,tap3,fast,normal,20260810_133647,False
1810028,0.0078,0.0273,0.9087,1810.028,500000,-0.0078,0.0,-0.0039000000000000146,0.008720665112249186,tap3,fast,normal,20260810_133647,False
1812510,0.0078,0.0273,0.9087,1812.51,500000,-0.0078,0.0,-0.0039000000000000146,0.008720665112249186,tap3,fast,normal,20260810_133647,False
1815005,0.0117,0.0273,0.9165,1815.005,500000,-0.003899999999999999,0.0,0.0039000000000000146,0.00551543289325508,tap3,fast,normal,20260810_133647,False
1817524,0.0195,0.0234,0.9048,1817.524,500000,0.0039000000000000007,-0.0039000000000000007,-0.007799999999999918,0.009553009996854328,tap3,fast,normal,20260810_133647,False
1820029,0.0195,0.0351,0.9126,1820.029,500000,0.0039000000000000007,0.007799999999999998,0.0,0.00872066511224918,tap3,fast,normal,20260810_133647,False
1822511,0.0312,0.0195,0.9243,1822.511,500000,0.0156,-0.007800000000000001,0.011700000000000044,0.021002142747824592,tap3,fast,normal,20260810_133647,False
1825008,0.0234,0.0273,0.9126,1825.008,500000,0.007800000000000001,0.0,0.0,0.007800000000000001,tap3,fast,normal,20260810_133647,False
1827527,0.0078,0.0312,0.9048,1827.527,500000,-0.0078,0.0038999999999999972,-0.007799999999999918,0.011699999999999945,tap3,fast,normal,20260810_133647,False
1830000,0.0195,0.0234,0.9204,1830.0,500000,0.0039000000000000007,-0.0039000000000000007,0.007800000000000029,0.00955300999685442,tap3,fast,normal,20260810_133647,False
1832501,0.0117,0.0234,0.8892,1832.501,500000,-0.003899999999999999,-0.0039000000000000007,-0.023399999999999976,0.024041214611578984,tap3,fast,normal,20260810_133647,False
1835022,0.0156,0.0351,0.9165,1835.022,500000,0.0,0.007799999999999998,0.0039000000000000146,0.008720665112249185,tap3,fast,normal,20260810_133647,False
1837509,0.0156,0.0312,0.9126,1837.509,500000,0.0,0.0038999999999999972,0.0,0.0038999999999999972,tap3,fast,normal,20260810_133647,False
1840009,0.0117,0.0312,0.9126,1840.009,500000,-0.003899999999999999,0.0038999999999999972,0.0,0.005515432893255068,tap3,fast,normal,20260810_133647,False
1842503,0.0156,0.0312,0.9009,1842.503,500000,0.0,0.0038999999999999972,-0.011699999999999933,0.012332882874656614,tap3,fast,normal,20260810_133647,False
1845015,0.0078,0.0312,0.9204,1845.015,500000,-0.0078,0.0038999999999999972,0.007800000000000029,0.011700000000000018,tap3,fast,normal,20260810_133647,False
1847502,0.0078,0.0312,0.9126,1847.502,500000,-0.0078,0.0038999999999999972,0.0,0.00872066511224918,tap3,fast,normal,20260810_133647,False
1850008,0.0156,0.0273,0.9087,1850.008,500000,0.0,0.0,-0.0039000000000000146,0.0039000000000000146,tap3,fast,normal,20260810_133647,False
1852507,0.0195,0.0195,0.9087,1852.507,500000,0.0039000000000000007,-0.007800000000000001,-0.0039000000000000146,0.009553009996854402,tap3,fast,normal,20260810_133647,False
1855018,0.0156,0.0273,0.9087,1855.018,500000,0.0,0.0,-0.0039000000000000146,0.0039000000000000146,tap3,fast,normal,20260810_133647,False
1857503,0.0039,0.0312,0.9087,1857.503,500000,-0.011699999999999999,0.0038999999999999972,-0.0039000000000000146,0.012934836682386062,tap3,fast,normal,20260810_133647,False
1860003,0.0156,0.0273,0.9048,1860.003,500000,0.0,0.0,-0.007799999999999918,0.007799999999999918,tap3,fast,normal,20260810_133647,False
1862503,0.0195,0.0273,0.9087,1862.503,500000,0.0039000000000000007,0.0,-0.0039000000000000146,0.005515432893255082,tap3,fast,normal,20260810_133647,False
1865019,0.0195,0.0234,0.9087,1865.019,500000,0.0039000000000000007,-0.0039000000000000007,-0.0039000000000000146,0.006754998149518631,tap3,fast,normal,20260810_133647,False
1867501,0.0156,0.0273,0.9087,1867.501,500000,0.0,0.0,-0.0039000000000000146,0.0039000000000000146,tap3,fast,normal,20260810_133647,False
1870002,0.0195,0.0273,0.9009,1870.002,500000,0.0039000000000000007,0.0,-0.011699999999999933,0.012332882874656616,tap3,fast,normal,20260810_133647,False
1872503,0.0195,0.0273,0.9126,1872.503,500000,0.0039000000000000007,0.0,0.0,0.0039000000000000007,tap3,fast,normal,20260810_133647,False
1875016,0.0156,0.0273,0.9087,1875.016,500000,0.0,0.0,-0.0039000000000000146,0.0039000000000000146,tap3,fast,normal,20260810_133647,False
1877503,0.0078,0.0351,0.9126,1877.503,500000,-0.0078,0.007799999999999998,0.0,0.011030865786510139,tap3,fast,normal,20260810_133647,False
1880007,0.0195,0.0312,0.9048,1880.007,500000,0.0039000000000000007,0.0038999999999999972,-0.007799999999999918,0.009553009996854326,tap3,fast,normal,20260810_133647,False
1882503,0.0156,0.0234,0.9204,1882.503,500000,0.0,-0.0039000000000000007,0.007800000000000029,0.008720665112249207,tap3,fast,normal,20260810_133647,False
1885019,0.0156,0.0273,0.9126,1885.019,500000,0.0,0.0,0.0,0.0,tap3,fast,normal,20260810_133647,False
1887514,0.0156,0.0351,0.9165,1887.514,500000,0.0,0.007799999999999998,0.0039000000000000146,0.008720665112249185,tap3,fast,normal,20260810_133647,False
1890004,0.0117,0.0234,0.9087,1890.004,500000,-0.003899999999999999,-0.0039000000000000007,-0.0039000000000000146,0.00675499814951863,tap3,fast,normal,20260810_133647,False
1892506,0.0117,0.0195,0.9048,1892.506,500000,-0.003899999999999999,-0.007800000000000001,-0.007799999999999918,0.011699999999999945,tap3,fast,normal,20260810_133647,False
1895004,0.0117,0.0273,0.9126,1895.004,500000,-0.003899999999999999,0.0,0.0,0.003899999999999999,tap3,fast,normal,20260810_133647,False
1897523,0.0195,0.0273,0.9048,1897.523,500000,0.0039000000000000007,0.0,-0.007799999999999918,0.008720665112249107,tap3,fast,normal,20260810_133647,False
1900030,0.0195,0.0273,0.9126,1900.03,500000,0.0039000000000000007,0.0,0.0,0.0039000000000000007,tap3,fast,normal,20260810_133647,False
1902528,0.0156,0.0195,0.9009,1902.528,500000,0.0,-0.007800000000000001,-0.011699999999999933,0.014061649974309504,tap3,fast,normal,20260810_133647,False
1905015,0.0156,0.0273,0.9087,1905.015,500000,0.0,0.0,-0.0039000000000000146,0.0039000000000000146,tap3,fast,normal,20260810_133647,False
1907503,0.0156,0.0273,0.9165,1907.503,500000,0.0,0.0,0.0039000000000000146,0.0039000000000000146,tap3,fast,normal,20260810_133647,False
1910019,0.0156,0.0234,0.9048,1910.019,500000,0.0,-0.0039000000000000007,-0.007799999999999918,0.008720665112249107,tap3,fast,normal,20260810_133647,False
1912527,0.0195,0.0312,0.9048,1912.527,500000,0.0039000000000000007,0.0038999999999999972,-0.007799999999999918,0.009553009996854326,tap3,fast,normal,20260810_133647,False
1915029,0.0156,0.0312,0.9165,1915.029,500000,0.0,0.0038999999999999972,0.0039000000000000146,0.005515432893255079,tap3,fast,normal,20260810_133647,False
1917513,0.0156,0.0312,0.9165,1917.513,500000,0.0,0.0038999999999999972,0.0039000000000000146,0.005515432893255079,tap3,fast,normal,20260810_133647,False
1920020,0.0195,0.0273,0.9087,1920.02,500000,0.0039000000000000007,0.0,-0.0039000000000000146,0.005515432893255082,tap3,fast,normal,20260810_133647,False
1922517,0.0234,0.0312,0.9126,1922.517,500000,0.007800000000000001,0.0038999999999999972,0.0,0.00872066511224918,tap3,fast,normal,20260810_133647,False
1925002,0.0117,0.0273,0.9126,1925.002,500000,-0.003899999999999999,0.0,0.0,0.003899999999999999,tap3,fast,normal,20260810_133647,False
1927503,0.0117,0.0312,0.9048,1927.503,500000,-0.003899999999999999,0.0038999999999999972,-0.007799999999999918,0.009553009996854326,tap3,fast,normal,20260810_133647,False
1930013,0.0156,0.0312,0.9165,1930.013,500000,0.0,0.0038999999999999972,0.0039000000000000146,0.005515432893255079,tap3,fast,normal,20260810_133647,False
1932511,0.0195,0.0234,0.9087,1932.511,500000,0.0039000000000000007,-0.0039000000000000007,-0.0039000000000000146,0.006754998149518631,tap3,fast,normal,20260810_133647,False
1935014,0.0195,0.0312,0.9243,1935.014,500000,0.0039000000000000007,0.0038999999999999972,0.011700000000000044,0.012934836682386099,tap3,fast,normal,20260810_133647,False
1937503,0.0195,0.0351,0.9165,1937.503,500000,0.0039000000000000007,0.007799999999999998,0.0039000000000000146,0.0095530099968544,tap3,fast,normal,20260810_133647,False
1940008,0.0273,0.0312,0.9126,1940.008,500000,0.011700000000000002,0.0038999999999999972,0.0,0.01233288287465668,tap3,fast,normal,20260810_133647,False
1942504,0.0234,0.0273,0.9126,1942.504,500000,0.007800000000000001,0.0,0.0,0.007800000000000001,tap3,fast,normal,20260810_133647,False
1945024,0.0156,0.0273,0.9126,1945.024,500000,0.0,0.0,0.0,0.0,tap3,fast,normal,20260810_133647,False
1947509,0.0117,0.0195,0.9165,1947.509,500000,-0.003899999999999999,-0.007800000000000001,0.0039000000000000146,0.0095530099968544,tap3,fast,normal,20260810_133647,False
1950016,0.0156,0.0351,0.9165,1950.016,500000,0.0,0.007799999999999998,0.0039000000000000146,0.008720665112249185,tap3,fast,normal,20260810_133647,False
1952517,0.0195,0.0234,0.9204,1952.517,500000,0.0039000000000000007,-0.0039000000000000007,0.007800000000000029,0.00955300999685442,tap3,fast,normal,20260810_133647,False
1955020,0.0156,0.039,0.9126,1955.02,500000,0.0,0.011699999999999999,0.0,0.011699999999999999,tap3,fast,normal,20260810_133647,False
1957507,0.0117,0.0312,0.9087,1957.507,500000,-0.003899999999999999,0.0038999999999999972,-0.0039000000000000146,0.006754998149518627,tap3,fast,normal,20260810_133647,False
1960012,0.0195,0.0273,0.9165,1960.012,500000,0.0039000000000000007,0.0,0.0039000000000000146,0.005515432893255082,tap3,fast,normal,20260810_133647,False
1962513,0.0195,0.0312,0.9204,1962.513,500000,0.0039000000000000007,0.0038999999999999972,0.007800000000000029,0.009553009996854418,tap3,fast,normal,20260810_133647,False
1965028,0.0078,0.0312,0.9165,1965.028,500000,-0.0078,0.0038999999999999972,0.0039000000000000146,0.0095530099968544,tap3,fast,normal,20260810_133647,False
1967508,0.0195,0.0234,0.9165,1967.508,500000,0.0039000000000000007,-0.0039000000000000007,0.0039000000000000146,0.006754998149518631,tap3,fast,normal,20260810_133647,False
1970012,0.0156,0.0273,0.9087,1970.012,500000,0.0,0.0,-0.0039000000000000146,0.0039000000000000146,tap3,fast,normal,20260810_133647,False
1972513,0.0195,0.0273,0.9048,1972.513,500000,0.0039000000000000007,0.0,-0.007799999999999918,0.008720665112249107,tap3,fast,normal,20260810_133647,False
1975029,0.0156,0.0195,0.9009,1975.029,500000,0.0,-0.007800000000000001,-0.011699999999999933,0.014061649974309504,tap3,fast,normal,20260810_133647,False
1977517,0.0117,0.0312,0.9048,1977.517,500000,-0.003899999999999999,0.0038999999999999972,-0.007799999999999918,0.009553009996854326,tap3,fast,normal,20260810_133647,False
1980019,0.0156,0.0273,0.9087,1980.019,500000,0.0,0.0,-0.0039000000000000146,0.0039000000000000146,tap3,fast,normal,20260810_133647,False
1982518,0.0156,0.0273,0.9165,1982.518,500000,0.0,0.0,0.0039000000000000146,0.0039000000000000146,tap3,fast,normal,20260810_133647,False
1985003,0.0117,0.0234,0.9126,1985.003,500000,-0.003899999999999999,-0.0039000000000000007,0.0,0.00551543289325507,tap3,fast,normal,20260810_133647,False
1987523,0.0156,0.0273,0.9009,1987.523,500000,0.0,0.0,-0.011699999999999933,0.011699999999999933,tap3,fast,normal,20260810_133647,False
1990012,0.0156,0.0273,0.9243,1990.012,500000,0.0,0.0,0.011700000000000044,0.011700000000000044,tap3,fast,normal,20260810_133647,False
1992518,0.0156,0.0312,0.9126,1992.518,500000,0.0,0.0038999999999999972,0.0,0.0038999999999999972,tap3,fast,normal,20260810_133647,False
1995010,0.0156,0.0312,0.9048,1995.01,500000,0.0,0.0038999999999999972,-0.007799999999999918,0.008720665112249105,tap3,fast,normal,20260810_133647,False
1997529,0.0117,0.0234,0.9126,1997.529,500000,-0.003899999999999999,-0.0039000000000000007,0.0,0.00551543289325507,tap3,fast,normal,20260810_133647,False
2000005,0.0234,0.0234,0.9087,2000.005,500000,0.007800000000000001,-0.0039000000000000007,-0.0039000000000000146,0.009553009996854402,tap3,fast,normal,20260810_133647,False
2002508,0.0156,0.0234,0.9087,2002.508,500000,0.0,-0.0039000000000000007,-0.0039000000000000146,0.005515432893255082,tap3,fast,normal,20260810_133647,False
2005025,0.0234,0.0273,0.9087,2005.025,500000,0.007800000000000001,0.0,-0.0039000000000000146,0.008720665112249188,tap3,fast,normal,20260810_133647,False
2007507,0.0078,0.0195,0.9165,2007.507,500000,-0.0078,-0.007800000000000001,0.0039000000000000146,0.011700000000000006,tap3,fast,normal,20260810_133647,False
2010009,0.0156,0.0234,0.9087,2010.009,500000,0.0,-0.0039000000000000007,-0.0039000000000000146,0.005515432893255082,tap3,fast,normal,20260810_133647,False
2012517,0.0156,0.0234,0.9048,2012.517,500000,0.0,-0.0039000000000000007,-0.007799999999999918,0.008720665112249107,tap3,fast,normal,20260810_133647,False
2015005,0.0156,0.0234,0.9087,2015.005,500000,0.0,-0.0039000000000000007,-0.0039000000000000146,0.005515432893255082,tap3,fast,normal,20260810_133647,False
2017519,0.0156,0.0234,0.9126,2017.519,500000,0.0,-0.0039000000000000007,0.0,0.0039000000000000007,tap3,fast,normal,20260810_133647,False
2020008,0.0117,0.0273,0.9243,2020.008,500000,-0.003899999999999999,0.0,0.011700000000000044,0.01233288287465672,tap3,fast,normal,20260810_133647,False
2022511,0.0117,0.0273,0.9243,2022.511,500000,-0.003899999999999999,0.0,0.011700000000000044,0.01233288287465672,tap3,fast,normal,20260810_133647,False
2025009,0.0156,0.0234,0.9126,2025.009,500000,0.0,-0.0039000000000000007,0.0,0.0039000000000000007,tap3,fast,normal,20260810_133647,False
2027500,0.0195,0.0351,0.9126,2027.5,500000,0.0039000000000000007,0.007799999999999998,0.0,0.00872066511224918,tap3,fast,normal,20260810_133647,False
2030030,0.0156,0.0234,0.9165,2030.03,500000,0.0,-0.0039000000000000007,0.0039000000000000146,0.005515432893255082,tap3,fast,normal,20260810_133647,False
2032526,0.0117,0.0234,0.9165,2032.526,500000,-0.003899999999999999,-0.0039000000000000007,0.0039000000000000146,0.00675499814951863,tap3,fast,normal,20260810_133647,False
2035013,0.0234,0.0156,0.9165,2035.013,500000,0.007800000000000001,-0.011700000000000002,0.0039000000000000146,0.014592463808418377,tap3,fast,normal,20260810_133647,False
2037502,0.0156,0.0234,0.9204,2037.502,500000,0.0,-0.0039000000000000007,0.007800000000000029,0.008720665112249207,tap3,fast,normal,20260810_133647,False
2040001,0.0234,0.0195,0.9165,2040.001,500000,0.007800000000000001,-0.007800000000000001,0.0039000000000000146,0.011700000000000007,tap3,fast,normal,20260810_133647,False
2042501,0.0195,0.0351,0.9165,2042.501,500000,0.0039000000000000007,0.007799999999999998,0.0039000000000000146,0.0095530099968544,tap3,fast,normal,20260810_133647,False
2045016,0.0234,0.0312,0.9165,2045.016,500000,0.007800000000000001,0.0038999999999999972,0.0039000000000000146,0.0095530099968544,tap3,fast,normal,20260810_133647,False
2047502,0.0156,0.0273,0.9087,2047.502,500000,0.0,0.0,-0.0039000000000000146,0.0039000000000000146,tap3,fast,normal,20260810_133647,False
2050004,0.0156,0.0195,0.9165,2050.004,500000,0.0,-0.007800000000000001,0.0039000000000000146,0.008720665112249188,tap3,fast,normal,20260810_133647,False
2052507,0.0195,0.0273,0.9165,2052.507,500000,0.0039000000000000007,0.0,0.0039000000000000146,0.005515432893255082,tap3,fast,normal,20260810_133647,False
2055019,0.0195,0.0234,0.9204,2055.019,500000,0.0039000000000000007,-0.0039000000000000007,0.007800000000000029,0.00955300999685442,tap3,fast,normal,20260810_133647,False
2057503,0.0195,0.0195,0.9087,2057.503,500000,0.0039000000000000007,-0.007800000000000001,-0.0039000000000000146,0.009553009996854402,tap3,fast,normal,20260810_133647,False
2060001,0.0195,0.0312,0.9165,2060.001,500000,0.0039000000000000007,0.0038999999999999972,0.0039000000000000146,0.006754998149518628,tap3,fast,normal,20260810_133647,False
2062501,0.0156,0.0234,0.9087,2062.501,500000,0.0,-0.0039000000000000007,-0.0039000000000000146,0.005515432893255082,tap3,fast,normal,20260810_133647,False
2065014,0.0117,0.0234,0.9087,2065.014,500000,-0.003899999999999999,-0.0039000000000000007,-0.0039000000000000146,0.00675499814951863,tap3,fast,normal,20260810_133647,False
2067528,0.0156,0.0234,0.9126,2067.528,500000,0.0,-0.0039000000000000007,0.0,0.0039000000000000007,tap3,fast,normal,20260810_133647,False
2070029,0.0117,0.0312,0.9048,2070.029,500000,-0.003899999999999999,0.0038999999999999972,-0.007799999999999918,0.009553009996854326,tap3,fast,normal,20260810_133647,False
2072524,0.0156,0.0195,0.9048,2072.524,500000,0.0,-0.007800000000000001,-0.007799999999999918,0.011030865786510084,tap3,fast,normal,20260810_133647,False
2075007,0.0156,0.0234,0.9048,2075.007,500000,0.0,-0.0039000000000000007,-0.007799999999999918,0.008720665112249107,tap3,fast,normal,20260810_133647,False
2077527,0.0234,0.0195,0.9087,2077.527,500000,0.007800000000000001,-0.007800000000000001,-0.0039000000000000146,0.011700000000000007,tap3,fast,normal,20260810_133647,False
2080025,0.0156,0.0234,0.9048,2080.025,500000,0.0,-0.0039000000000000007,-0.007799999999999918,0.008720665112249107,tap3,fast,normal,20260810_133647,False
2082525,0.0078,0.0234,0.9126,2082.525,500000,-0.0078,-0.0039000000000000007,0.0,0.00872066511224918,tap3,fast,normal,20260810_133647,False
2085024,0.0156,0.0312,0.9126,2085.024,500000,0.0,0.0038999999999999972,0.0,0.0038999999999999972,tap3,fast,normal,20260810_133647,False
2087514,0.0234,0.0273,0.9087,2087.514,500000,0.007800000000000001,0.0,-0.0039000000000000146,0.008720665112249188,tap3,fast,normal,20260810_133647,False
2090029,0.0117,0.0273,0.9087,2090.029,500000,-0.003899999999999999,0.0,-0.0039000000000000146,0.00551543289325508,tap3,fast,normal,20260810_133647,False
2092505,0.0195,0.0234,0.9126,2092.505,500000,0.0039000000000000007,-0.0039000000000000007,0.0,0.005515432893255071,tap3,fast,normal,20260810_133647,False
2095029,0.0156,0.0234,0.9087,2095.029,500000,0.0,-0.0039000000000000007,-0.0039000000000000146,0.005515432893255082,tap3,fast,normal,20260810_133647,False
2097519,0.0156,0.0195,0.9126,2097.519,500000,0.0,-0.007800000000000001,0.0,0.007800000000000001,tap3,fast,normal,20260810_133647,False
2100025,0.0117,0.0351,0.9087,2100.025,500000,-0.003899999999999999,0.007799999999999998,-0.0039000000000000146,0.009553009996854399,tap3,fast,normal,20260810_133647,False
2102522,0.0156,0.0234,0.9126,2102.522,500000,0.0,-0.0039000000000000007,0.0,0.0039000000000000007,tap3,fast,normal,20260810_133647,False
2105008,0.0156,0.0273,0.9165,2105.008,500000,0.0,0.0,0.0039000000000000146,0.0039000000000000146,tap3,fast,normal,20260810_133647,False
2107525,0.0234,0.0195,0.9126,2107.525,500000,0.007800000000000001,-0.007800000000000001,0.0,0.011030865786510143,tap3,fast,normal,20260810_133647,False
2110025,0.0156,0.0234,0.9048,2110.025,500000,0.0,-0.0039000000000000007,-0.007799999999999918,0.008720665112249107,tap3,fast,normal,20260810_133647,False
2112519,0.0117,0.0234,0.9087,2112.519,500000,-0.003899999999999999,-0.0039000000000000007,-0.0039000000000000146,0.00675499814951863,tap3,fast,normal,20260810_133647,False
2115004,0.0117,0.0195,0.9048,2115.004,500000,-0.003899999999999999,-0.007800000000000001,-0.007799999999999918,0.011699999999999945,tap3,fast,normal,20260810_133647,False
2117506,0.0156,0.0234,0.9048,2117.506,500000,0.0,-0.0039000000000000007,-0.007799999999999918,0.008720665112249107,tap3,fast,normal,20260810_133647,False
2120008,0.0195,0.0273,0.9126,2120.008,500000,0.0039000000000000007,0.0,0.0,0.0039000000000000007,tap3,fast,normal,20260810_133647,False
2122504,0.0234,0.0234,0.9126,2122.504,500000,0.007800000000000001,-0.0039000000000000007,0.0,0.008720665112249181,tap3,fast,normal,20260810_133647,False
2125024,0.0117,0.0273,0.9126,2125.024,500000,-0.003899999999999999,0.0,0.0,0.003899999999999999,tap3,fast,normal,20260810_133647,False
2127510,0.0117,0.0273,0.9126,2127.51,500000,-0.003899999999999999,0.0,0.0,0.003899999999999999,tap3,fast,normal,20260810_133647,False
2130014,0.0156,0.0234,0.9048,2130.014,500000,0.0,-0.0039000000000000007,-0.007799999999999918,0.008720665112249107,tap3,fast,normal,20260810_133647,False
2132517,0.0156,0.039,0.9126,2132.517,500000,0.0,0.011699999999999999,0.0,0.011699999999999999,tap3,fast,normal,20260810_133647,False
2135008,0.0117,0.0234,0.9126,2135.008,500000,-0.003899999999999999,-0.0039000000000000007,0.0,0.00551543289325507,tap3,fast,normal,20260810_133647,False
2137527,0.0234,0.0234,0.9165,2137.527,500000,0.007800000000000001,-0.0039000000000000007,0.0039000000000000146,0.009553009996854402,tap3,fast,normal,20260810_133647,False
2140001,0.0195,0.0273,0.9126,2140.001,500000,0.0039000000000000007,0.0,0.0,0.0039000000000000007,tap3,fast,normal,20260810_133647,False
2142502,0.0156,0.0273,0.9165,2142.502,500000,0.0,0.0,0.0039000000000000146,0.0039000000000000146,tap3,fast,normal,20260810_133647,False
2145017,0.0117,0.0273,0.9243,2145.017,500000,-0.003899999999999999,0.0,0.011700000000000044,0.01233288287465672,tap3,fast,normal,20260810_133647,False
2147506,0.0156,0.0312,0.9009,2147.506,500000,0.0,0.0038999999999999972,-0.011699999999999933,0.012332882874656614,tap3,fast,normal,20260810_133647,False
2150029,0.0195,0.0351,0.9087,2150.029,500000,0.0039000000000000007,0.007799999999999998,-0.0039000000000000146,0.0095530099968544,tap3,fast,normal,20260810_133647,False
2152505,0.0195,0.0273,0.9126,2152.505,500000,0.0039000000000000007,0.0,0.0,0.0039000000000000007,tap3,fast,normal,20260810_133647,False
2155023,0.0195,0.0195,0.9087,2155.023,500000,0.0039000000000000007,-0.007800000000000001,-0.0039000000000000146,0.009553009996854402,tap3,fast,normal,20260810_133647,False
2157510,0.0156,0.0195,0.9204,2157.51,500000,0.0,-0.007800000000000001,0.007800000000000029,0.011030865786510163,tap3,fast,normal,20260810_133647,False
2160014,0.0156,0.0234,0.9165,2160.014,500000,0.0,-0.0039000000000000007,0.0039000000000000146,0.005515432893255082,tap3,fast,normal,20260810_133647,False
2162516,0.0156,0.0312,0.9048,2162.516,500000,0.0,0.0038999999999999972,-0.007799999999999918,0.008720665112249105,tap3,fast,normal,20260810_133647,False
2165000,0.0195,0.0312,0.9165,2165.0,500000,0.0039000000000000007,0.0038999999999999972,0.0039000000000000146,0.006754998149518628,tap3,fast,normal,20260810_133647,False
2167516,0.0156,0.0273,0.9009,2167.516,500000,0.0,0.0,-0.011699999999999933,0.011699999999999933,tap3,fast,normal,20260810_133647,False
2170018,0.0117,0.0273,0.9087,2170.018,500000,-0.003899999999999999,0.0,-0.0039000000000000146,0.00551543289325508,tap3,fast,normal,20260810_133647,False
2172516,0.0078,0.0195,0.9126,2172.516,500000,-0.0078,-0.007800000000000001,0.0,0.011030865786510143,tap3,fast,normal,20260810_133647,False
2175005,0.0195,0.0195,0.9126,2175.005,500000,0.0039000000000000007,-0.007800000000000001,0.0,0.008720665112249181,tap3,fast,normal,20260810_133647,False
2177518,0.0156,0.0273,0.9165,2177.518,500000,0.0,0.0,0.0039000000000000146,0.0039000000000000146,tap3,fast,normal,20260810_133647,False
2180021,0.0234,0.0351,0.9204,2180.021,500000,0.007800000000000001,0.007799999999999998,0.007800000000000029,0.01350999629903726,tap3,fast,normal,20260810_133647,False
2182519,0.0156,0.0195,0.9048,2182.519,500000,0.0,-0.007800000000000001,-0.007799999999999918,0.011030865786510084,tap3,fast,normal,20260810_133647,False
2185010,0.0078,0.0312,0.9204,2185.01,500000,-0.0078,0.0038999999999999972,0.007800000000000029,0.011700000000000018,tap3,fast,normal,20260810_133647,False
2187523,0.0156,0.0273,0.9204,2187.523,500000,0.0,0.0,0.007800000000000029,0.007800000000000029,tap3,fast,normal,20260810_133647,False
2190002,0.0117,0.0312,0.9204,2190.002,500000,-0.003899999999999999,0.0038999999999999972,0.007800000000000029,0.009553009996854416,tap3,fast,normal,20260810_133647,False
2192501,0.0195,0.0273,0.9126,2192.501,500000,0.0039000000000000007,0.0,0.0,0.0039000000000000007,tap3,fast,normal,20260810_133647,False
2195025,0.0117,0.0312,0.9087,2195.025,500000,-0.003899999999999999,0.0038999999999999972,-0.0039000000000000146,0.006754998149518627,tap3,fast,normal,20260810_133647,False
2197514,0.0117,0.0273,0.9087,2197.514,500000,-0.003899999999999999,0.0,-0.0039000000000000146,0.00551543289325508,tap3,fast,normal,20260810_133647,False
2200022,0.0234,0.0195,0.9204,2200.022,500000,0.007800000000000001,-0.007800000000000001,0.007800000000000029,0.013509996299037262,tap3,fast,normal,20260810_133647,False
2202520,0.0234,0.0273,0.9126,2202.52,500000,0.007800000000000001,0.0,0.0,0.007800000000000001,tap3,fast,normal,20260810_133647,False
2205006,0.0195,0.0234,0.9048,2205.006,500000,0.0039000000000000007,-0.0039000000000000007,-0.007799999999999918,0.009553009996854328,tap3,fast,normal,20260810_133647,False
2207525,0.0156,0.0195,0.9126,2207.525,500000,0.0,-0.007800000000000001,0.0,0.007800000000000001,tap3,fast,normal,20260810_133647,False
2210029,0.0117,0.0195,0.9165,2210.029,500000,-0.003899999999999999,-0.007800000000000001,0.0039000000000000146,0.0095530099968544,tap3,fast,normal,20260810_133647,False
2212507,0.0156,0.0234,0.9087,2212.507,500000,0.0,-0.0039000000000000007,-0.0039000000000000146,0.005515432893255082,tap3,fast,normal,20260810_133647,False
2215017,0.0156,0.0234,0.9126,2215.017,500000,0.0,-0.0039000000000000007,0.0,0.0039000000000000007,tap3,fast,normal,20260810_133647,False
2217524,0.0156,0.0195,0.9126,2217.524,500000,0.0,-0.007800000000000001,0.0,0.007800000000000001,tap3,fast,normal,20260810_133647,False
2220029,0.0117,0.0234,0.9087,2220.029,500000,-0.003899999999999999,-0.0039000000000000007,-0.0039000000000000146,0.00675499814951863,tap3,fast,normal,20260810_133647,False
2222500,0.0156,0.0234,0.9126,2222.5,500000,0.0,-0.0039000000000000007,0.0,0.0039000000000000007,tap3,fast,normal,20260810_133647,False
2225029,0.0234,0.0234,0.9204,2225.029,500000,0.007800000000000001,-0.0039000000000000007,0.007800000000000029,0.011700000000000021,tap3,fast,normal,20260810_133647,False
2227516,0.0195,0.0234,0.9087,2227.516,500000,0.0039000000000000007,-0.0039000000000000007,-0.0039000000000000146,0.006754998149518631,tap3,fast,normal,20260810_133647,False
2230024,0.0195,0.0234,0.9126,2230.024,500000,0.0039000000000000007,-0.0039000000000000007,0.0,0.005515432893255071,tap3,fast,normal,20260810_133647,False
2232526,0.0117,0.0234,0.9126,2232.526,500000,-0.003899999999999999,-0.0039000000000000007,0.0,0.00551543289325507,tap3,fast,normal,20260810_133647,False
2235023,0.0117,0.0234,0.9126,2235.023,500000,-0.003899999999999999,-0.0039000000000000007,0.0,0.00551543289325507,tap3,fast,normal,20260810_133647,False
2237508,0.0156,0.0156,0.9087,2237.508,500000,0.0,-0.011700000000000002,-0.0039000000000000146,0.012332882874656687,tap3,fast,normal,20260810_133647,False
2240014,0.0234,0.0195,0.9165,2240.014,500000,0.007800000000000001,-0.007800000000000001,0.0039000000000000146,0.011700000000000007,tap3,fast,normal,20260810_133647,False
2242512,0.0156,0.0273,0.9165,2242.512,500000,0.0,0.0,0.0039000000000000146,0.0039000000000000146,tap3,fast,normal,20260810_133647,False
2245000,0.0156,0.0234,0.9204,2245.0,500000,0.0,-0.0039000000000000007,0.007800000000000029,0.008720665112249207,tap3,fast,normal,20260810_133647,False
2247518,0.0234,0.0156,0.9165,2247.518,500000,0.007800000000000001,-0.011700000000000002,0.0039000000000000146,0.014592463808418377,tap3,fast,normal,20260810_133647,False
2250023,0.0156,0.0117,0.9087,2250.023,500000,0.0,-0.015600000000000001,-0.0039000000000000146,0.01608011193990888,tap3,fast,normal,20260810_133647,False
2252520,0.0234,0.0195,0.9126,2252.52,500000,0.007800000000000001,-0.007800000000000001,0.0,0.011030865786510143,tap3,fast,normal,20260810_133647,False
2255009,0.0195,0.0234,0.9048,2255.009,500000,0.0039000000000000007,-0.0039000000000000007,-0.007799999999999918,0.009553009996854328,tap3,fast,normal,20260810_133647,False
2257525,0.0234,0.0273,0.9165,2257.525,500000,0.007800000000000001,0.0,0.0039000000000000146,0.008720665112249188,tap3,fast,normal,20260810_133647,False
2260000,0.0156,0.039,0.9126,2260.0,500000,0.0,0.011699999999999999,0.0,0.011699999999999999,tap3,fast,normal,20260810_133647,False
2262529,0.0195,0.0273,0.9126,2262.529,500000,0.0039000000000000007,0.0,0.0,0.0039000000000000007,tap3,fast,normal,20260810_133647,False
2265017,0.0195,0.0234,0.9009,2265.017,500000,0.0039000000000000007,-0.0039000000000000007,-0.011699999999999933,0.012934836682385998,tap3,fast,normal,20260810_133647,False
2267504,0.0195,0.0273,0.9126,2267.504,500000,0.0039000000000000007,0.0,0.0,0.0039000000000000007,tap3,fast,normal,20260810_133647,False
2270012,0.0156,0.0312,0.9048,2270.012,500000,0.0,0.0038999999999999972,-0.007799999999999918,0.008720665112249105,tap3,fast,normal,20260810_133647,False
2272514,0.0195,0.0273,0.9126,2272.514,500000,0.0039000000000000007,0.0,0.0,0.0039000000000000007,tap3,fast,normal,20260810_133647,False
2275006,0.0117,0.0234,0.9204,2275.006,500000,-0.003899999999999999,-0.0039000000000000007,0.007800000000000029,0.009553009996854418,tap3,fast,normal,20260810_133647,False
2277524,0.0117,0.0234,0.9126,2277.524,500000,-0.003899999999999999,-0.0039000000000000007,0.0,0.00551543289325507,tap3,fast,normal,20260810_133647,False
2280029,0.0195,0.0273,0.9087,2280.029,500000,0.0039000000000000007,0.0,-0.0039000000000000146,0.005515432893255082,tap3,fast,normal,20260810_133647,False
2282510,0.0195,0.0273,0.9204,2282.51,500000,0.0039000000000000007,0.0,0.007800000000000029,0.008720665112249207,tap3,fast,normal,20260810_133647,False
2285002,0.0078,0.0234,0.9087,2285.002,500000,-0.0078,-0.0039000000000000007,-0.0039000000000000146,0.0095530099968544,tap3,fast,normal,20260810_133647,False
2287519,0.0156,0.0273,0.9126,2287.519,500000,0.0,0.0,0.0,0.0,tap3,fast,normal,20260810_133647,False
2290007,0.0156,0.0312,0.9126,2290.007,500000,0.0,0.0038999999999999972,0.0,0.0038999999999999972,tap3,fast,normal,20260810_133647,False
2292510,0.0156,0.0273,0.9243,2292.51,500000,0.0,0.0,0.011700000000000044,0.011700000000000044,tap3,fast,normal,20260810_133647,False
2295002,0.0156,0.0273,0.9165,2295.002,500000,0.0,0.0,0.0039000000000000146,0.0039000000000000146,tap3,fast,normal,20260810_133647,False
2297523,0.0195,0.0195,0.9087,2297.523,500000,0.0039000000000000007,-0.007800000000000001,-0.0039000000000000146,0.009553009996854402,tap3,fast,normal,20260810_133647,False
2300029,0.0195,0.0234,0.9126,2300.029,500000,0.0039000000000000007,-0.0039000000000000007,0.0,0.005515432893255071,tap3,fast,normal,20260810_133647,False
2302527,0.0117,0.0312,0.9126,2302.527,500000,-0.003899999999999999,0.0038999999999999972,0.0,0.005515432893255068,tap3,fast,normal,20260810_133647,False
2305016,0.0156,0.0312,0.9087,2305.016,500000,0.0,0.0038999999999999972,-0.0039000000000000146,0.005515432893255079,tap3,fast,normal,20260810_133647,False
2307501,0.0156,0.0195,0.9126,2307.501,500000,0.0,-0.007800000000000001,0.0,0.007800000000000001,tap3,fast,normal,20260810_133647,False
2310005,0.0117,0.0234,0.9126,2310.005,500000,-0.003899999999999999,-0.0039000000000000007,0.0,0.00551543289325507,tap3,fast,normal,20260810_133647,False
2312512,0.0156,0.0273,0.9087,2312.512,500000,0.0,0.0,-0.0039000000000000146,0.0039000000000000146,tap3,fast,normal,20260810_133647,False
2315023,0.0156,0.0195,0.9048,2315.023,500000,0.0,-0.007800000000000001,-0.007799999999999918,0.011030865786510084,tap3,fast,normal,20260810_133647,False
2317932,0.0195,0.0195,0.9048,2317.932,500000,0.0039000000000000007,-0.007800000000000001,-0.007799999999999918,0.011699999999999947,tap3,fast,normal,20260810_133647,False
2320017,0.0117,0.0273,0.9048,2320.017,500000,-0.003899999999999999,0.0,-0.007799999999999918,0.008720665112249105,tap3,fast,normal,20260810_133647,False
2322513,0.0156,0.0234,0.9126,2322.513,500000,0.0,-0.0039000000000000007,0.0,0.0039000000000000007,tap3,fast,normal,20260810_133647,False
2325000,0.0156,0.0195,0.9126,2325.0,500000,0.0,-0.007800000000000001,0.0,0.007800000000000001,tap3,fast,normal,20260810_133647,False
2327523,0.0117,0.0234,0.9165,2327.523,500000,-0.003899999999999999,-0.0039000000000000007,0.0039000000000000146,0.00675499814951863,tap3,fast,normal,20260810_133647,False
2330029,0.0156,0.0312,0.9126,2330.029,500000,0.0,0.0038999999999999972,0.0,0.0038999999999999972,tap3,fast,normal,20260810_133647,False
2332525,0.0195,0.0312,0.9126,2332.525,500000,0.0039000000000000007,0.0038999999999999972,0.0,0.0055154328932550695,tap3,fast,normal,20260810_133647,False
2335017,0.0156,0.0195,0.9165,2335.017,500000,0.0,-0.007800000000000001,0.0039000000000000146,0.008720665112249188,tap3,fast,normal,20260810_133647,False
2337502,0.0156,0.0195,0.9165,2337.502,500000,0.0,-0.007800000000000001,0.0039000000000000146,0.008720665112249188,tap3,fast,normal,20260810_133647,False
2340006,0.0195,0.0234,0.9165,2340.006,500000,0.0039000000000000007,-0.0039000000000000007,0.0039000000000000146,0.006754998149518631,tap3,fast,normal,20260810_133647,False
2342504,0.0234,0.0156,0.9087,2342.504,500000,0.007800000000000001,-0.011700000000000002,-0.0039000000000000146,0.014592463808418377,tap3,fast,normal,20260810_133647,False
2345023,0.0234,0.0273,0.9204,2345.023,500000,0.007800000000000001,0.0,0.007800000000000029,0.011030865786510163,tap3,fast,normal,20260810_133647,False
2347519,0.0234,0.0273,0.9165,2347.519,500000,0.007800000000000001,0.0,0.0039000000000000146,0.008720665112249188,tap3,fast,normal,20260810_133647,False
2350002,0.0156,0.0312,0.9204,2350.002,500000,0.0,0.0038999999999999972,0.007800000000000029,0.008720665112249205,tap3,fast,normal,20260810_133647,False
2352529,0.0195,0.0195,0.9048,2352.529,500000,0.0039000000000000007,-0.007800000000000001,-0.007799999999999918,0.011699999999999947,tap3,fast,normal,20260810_133647,False
2355025,0.0117,0.0351,0.9087,2355.025,500000,-0.003899999999999999,0.007799999999999998,-0.0039000000000000146,0.009553009996854399,tap3,fast,normal,20260810_133647,False
2357509,0.0117,0.0234,0.9126,2357.509,500000,-0.003899999999999999,-0.0039000000000000007,0.0,0.00551543289325507,tap3,fast,normal,20260810_133647,False
2360013,0.0195,0.0273,0.9048,2360.013,500000,0.0039000000000000007,0.0,-0.007799999999999918,0.008720665112249107,tap3,fast,normal,20260810_133647,False
2362516,0.0156,0.0312,0.9126,2362.516,500000,0.0,0.0038999999999999972,0.0,0.0038999999999999972,tap3,fast,normal,20260810_133647,False
2365002,0.0117,0.0273,0.9165,2365.002,500000,-0.003899999999999999,0.0,0.0039000000000000146,0.00551543289325508,tap3,fast,normal,20260810_133647,False
2367520,0.0039,0.0234,0.9087,2367.52,500000,-0.011699999999999999,-0.0039000000000000007,-0.0039000000000000146,0.012934836682386064,tap3,fast,normal,20260810_133647,False
2370024,0.0117,0.0312,0.9048,2370.024,500000,-0.003899999999999999,0.0038999999999999972,-0.007799999999999918,0.009553009996854326,tap3,fast,normal,20260810_133647,False
2372527,0.0156,0.0273,0.9204,2372.527,500000,0.0,0.0,0.007800000000000029,0.007800000000000029,tap3,fast,normal,20260810_133647,False
2375019,0.0156,0.0351,0.9165,2375.019,500000,0.0,0.007799999999999998,0.0039000000000000146,0.008720665112249185,tap3,fast,normal,20260810_133647,False
2377501,0.0195,0.0312,0.9165,2377.501,500000,0.0039000000000000007,0.0038999999999999972,0.0039000000000000146,0.006754998149518628,tap3,fast,normal,20260810_133647,False
2380007,0.0156,0.0195,0.9048,2380.007,500000,0.0,-0.007800000000000001,-0.007799999999999918,0.011030865786510084,tap3,fast,normal,20260810_133647,False
2382501,0.0156,0.0234,0.9165,2382.501,500000,0.0,-0.0039000000000000007,0.0039000000000000146,0.005515432893255082,tap3,fast,normal,20260810_133647,False
2385020,0.0117,0.0234,0.9048,2385.02,500000,-0.003899999999999999,-0.0039000000000000007,-0.007799999999999918,0.009553009996854328,tap3,fast,normal,20260810_133647,False
2387501,0.0195,0.0234,0.9087,2387.501,500000,0.0039000000000000007,-0.0039000000000000007,-0.0039000000000000146,0.006754998149518631,tap3,fast,normal,20260810_133647,False
2390010,0.0117,0.0351,0.9087,2390.01,500000,-0.003899999999999999,0.007799999999999998,-0.0039000000000000146,0.009553009996854399,tap3,fast,normal,20260810_133647,False
2392512,0.0195,0.0234,0.9126,2392.512,500000,0.0039000000000000007,-0.0039000000000000007,0.0,0.005515432893255071,tap3,fast,normal,20260810_133647,False
2395012,0.0156,0.0312,0.9087,2395.012,500000,0.0,0.0038999999999999972,-0.0039000000000000146,0.005515432893255079,tap3,fast,normal,20260810_133647,False
2397500,0.0117,0.0312,0.9165,2397.5,500000,-0.003899999999999999,0.0038999999999999972,0.0039000000000000146,0.006754998149518627,tap3,fast,normal,20260810_133647,False
2400006,0.0117,0.0273,0.9165,2400.006,500000,-0.003899999999999999,0.0,0.0039000000000000146,0.00551543289325508,tap3,fast,normal,20260810_133647,False
2402507,0.0117,0.0273,0.9243,2402.507,500000,-0.003899999999999999,0.0,0.011700000000000044,0.01233288287465672,tap3,fast,normal,20260810_133647,False
2405026,0.0117,0.0312,0.9204,2405.026,500000,-0.003899999999999999,0.0038999999999999972,0.007800000000000029,0.009553009996854416,tap3,fast,normal,20260810_133647,False
2407505,0.0156,0.0312,0.9126,2407.505,500000,0.0,0.0038999999999999972,0.0,0.0038999999999999972,tap3,fast,normal,20260810_133647,False
2410009,0.0234,0.0156,0.9165,2410.009,500000,0.007800000000000001,-0.011700000000000002,0.0039000000000000146,0.014592463808418377,tap3,fast,normal,20260810_133647,False
2412522,0.0195,0.0273,0.9126,2412.522,500000,0.0039000000000000007,0.0,0.0,0.0039000000000000007,tap3,fast,normal,20260810_133647,False
2415007,0.0156,0.0234,0.9126,2415.007,500000,0.0,-0.0039000000000000007,0.0,0.0039000000000000007,tap3,fast,normal,20260810_133647,False
2417523,0.0078,0.0234,0.9165,2417.523,500000,-0.0078,-0.0039000000000000007,0.0039000000000000146,0.0095530099968544,tap3,fast,normal,20260810_133647,False
2420333,0.0117,0.0312,0.9087,2420.333,500000,-0.003899999999999999,0.0038999999999999972,-0.0039000000000000146,0.006754998149518627,tap3,fast,normal,20260810_133647,False
2422511,0.0078,0.0234,0.9087,2422.511,500000,-0.0078,-0.0039000000000000007,-0.0039000000000000146,0.0095530099968544,tap3,fast,normal,20260810_133647,False
2425026,0.0195,0.0273,0.9165,2425.026,500000,0.0039000000000000007,0.0,0.0039000000000000146,0.005515432893255082,tap3,fast,normal,20260810_133647,False
2427512,0.0117,0.0273,0.9165,2427.512,500000,-0.003899999999999999,0.0,0.0039000000000000146,0.00551543289325508,tap3,fast,normal,20260810_133647,False
2430012,0.0156,0.0312,0.9204,2430.012,500000,0.0,0.0038999999999999972,0.007800000000000029,0.008720665112249205,tap3,fast,normal,20260810_133647,False
2432513,0.0117,0.0234,0.9126,2432.513,500000,-0.003899999999999999,-0.0039000000000000007,0.0,0.00551543289325507,tap3,fast,normal,20260810_133647,False
2435003,0.0195,0.0312,0.9126,2435.003,500000,0.0039000000000000007,0.0038999999999999972,0.0,0.0055154328932550695,tap3,fast,normal,20260810_133647,False
2437520,0.0195,0.0234,0.9087,2437.52,500000,0.0039000000000000007,-0.0039000000000000007,-0.0039000000000000146,0.006754998149518631,tap3,fast,normal,20260810_133647,False
2440026,0.0117,0.0234,0.9165,2440.026,500000,-0.003899999999999999,-0.0039000000000000007,0.0039000000000000146,0.00675499814951863,tap3,fast,normal,20260810_133647,False
2442529,0.0195,0.0273,0.9087,2442.529,500000,0.0039000000000000007,0.0,-0.0039000000000000146,0.005515432893255082,tap3,fast,normal,20260810_133647,False
2445014,0.0195,0.0273,0.9087,2445.014,500000,0.0039000000000000007,0.0,-0.0039000000000000146,0.005515432893255082,tap3,fast,normal,20260810_133647,False
2447500,0.0117,0.0195,0.9165,2447.5,500000,-0.003899999999999999,-0.007800000000000001,0.0039000000000000146,0.0095530099968544,tap3,fast,normal,20260810_133647,False
2450008,0.0156,0.0273,0.9204,2450.008,500000,0.0,0.0,0.007800000000000029,0.007800000000000029,tap3,fast,normal,20260810_133647,False
2452507,0.0117,0.0312,0.9282,2452.507,500000,-0.003899999999999999,0.0038999999999999972,0.015600000000000058,0.016546298679765266,tap3,fast,normal,20260810_133647,False
2455023,0.0156,0.0273,0.9126,2455.023,500000,0.0,0.0,0.0,0.0,tap3,fast,normal,20260810_133647,False
2457502,0.0195,0.0351,0.9204,2457.502,500000,0.0039000000000000007,0.007799999999999998,0.007800000000000029,0.011700000000000018,tap3,fast,normal,20260810_133647,False
2460008,0.0117,0.0312,0.9243,2460.008,500000,-0.003899999999999999,0.0038999999999999972,0.011700000000000044,0.012934836682386097,tap3,fast,normal,20260810_133647,False
2462503,0.0117,0.0273,0.9165,2462.503,500000,-0.003899999999999999,0.0,0.0039000000000000146,0.00551543289325508,tap3,fast,normal,20260810_133647,False
2465021,0.0195,0.0351,0.9126,2465.021,500000,0.0039000000000000007,0.007799999999999998,0.0,0.00872066511224918,tap3,fast,normal,20260810_133647,False
2467506,0.0195,0.0234,0.9087,2467.506,500000,0.0039000000000000007,-0.0039000000000000007,-0.0039000000000000146,0.006754998149518631,tap3,fast,normal,20260810_133647,False
2470012,0.0273,0.0273,0.9087,2470.012,500000,0.011700000000000002,0.0,-0.0039000000000000146,0.012332882874656687,tap3,fast,normal,20260810_133647,False
2472512,0.0156,0.0234,0.9165,2472.512,500000,0.0,-0.0039000000000000007,0.0039000000000000146,0.005515432893255082,tap3,fast,normal,20260810_133647,False
2475000,0.0117,0.0273,0.9126,2475.0,500000,-0.003899999999999999,0.0,0.0,0.003899999999999999,tap3,fast,normal,20260810_133647,False
2477502,0.0156,0.0273,0.9087,2477.502,500000,0.0,0.0,-0.0039000000000000146,0.0039000000000000146,tap3,fast,normal,20260810_133647,False
2480011,0.0234,0.0234,0.9087,2480.011,500000,0.007800000000000001,-0.0039000000000000007,-0.0039000000000000146,0.009553009996854402,tap3,fast,normal,20260810_133647,False
2482509,0.0156,0.0273,0.9165,2482.509,500000,0.0,0.0,0.0039000000000000146,0.0039000000000000146,tap3,fast,normal,20260810_133647,False
2485024,0.0156,0.0273,0.9126,2485.024,500000,0.0,0.0,0.0,0.0,tap3,fast,normal,20260810_133647,False
2487505,0.0195,0.0234,0.9087,2487.505,500000,0.0039000000000000007,-0.0039000000000000007,-0.0039000000000000146,0.006754998149518631,tap3,fast,normal,20260810_133647,False
2490003,0.0156,0.0234,0.9126,2490.003,500000,0.0,-0.0039000000000000007,0.0,0.0039000000000000007,tap3,fast,normal,20260810_133647,False
2492505,0.0117,0.0312,0.9165,2492.505,500000,-0.003899999999999999,0.0038999999999999972,0.0039000000000000146,0.006754998149518627,tap3,fast,normal,20260810_133647,False
2495027,0.0195,0.0273,0.9048,2495.027,500000,0.0039000000000000007,0.0,-0.007799999999999918,0.008720665112249107,tap3,fast,normal,20260810_133647,False
2497513,0.0195,0.0273,0.9165,2497.513,500000,0.0039000000000000007,0.0,0.0039000000000000146,0.005515432893255082,tap3,fast,normal,20260810_133647,False
2500022,0.0156,0.0234,0.9126,2500.022,500000,0.0,-0.0039000000000000007,0.0,0.0039000000000000007,tap3,fast,normal,20260810_133647,False
2502521,0.0195,0.0273,0.9126,2502.521,500000,0.0039000000000000007,0.0,0.0,0.0039000000000000007,tap3,fast,normal,20260810_133647,False
2505007,0.0078,0.0273,0.9126,2505.007,500000,-0.0078,0.0,0.0,0.0078,tap3,fast,normal,20260810_133647,False
2507524,0.0195,0.0195,0.9126,2507.524,500000,0.0039000000000000007,-0.007800000000000001,0.0,0.008720665112249181,tap3,fast,normal,20260810_133647,False
2510001,0.0195,0.0312,0.9243,2510.001,500000,0.0039000000000000007,0.0038999999999999972,0.011700000000000044,0.012934836682386099,tap3,fast,normal,20260810_133647,False
2512510,0.0117,0.0312,0.9126,2512.51,500000,-0.003899999999999999,0.0038999999999999972,0.0,0.005515432893255068,tap3,fast,normal,20260810_133647,False
2515022,0.0234,0.0234,0.9087,2515.022,500000,0.007800000000000001,-0.0039000000000000007,-0.0039000000000000146,0.009553009996854402,tap3,fast,normal,20260810_133647,False
2517507,0.0117,0.0234,0.9048,2517.507,500000,-0.003899999999999999,-0.0039000000000000007,-0.007799999999999918,0.009553009996854328,tap3,fast,normal,20260810_133647,False
2520013,0.0156,0.0195,0.9048,2520.013,500000,0.0,-0.007800000000000001,-0.007799999999999918,0.011030865786510084,tap3,fast,normal,20260810_133647,False
2522713,0.0156,0.0195,0.9126,2522.713,500000,0.0,-0.007800000000000001,0.0,0.007800000000000001,tap3,fast,normal,20260810_133647,False
2525023,0.0117,0.0234,0.9009,2525.023,500000,-0.003899999999999999,-0.0039000000000000007,-0.011699999999999933,0.012934836682385998,tap3,fast,normal,20260810_133647,False
2527514,0.0156,0.0312,0.9087,2527.514,500000,0.0,0.0038999999999999972,-0.0039000000000000146,0.005515432893255079,tap3,fast,normal,20260810_133647,False
2530019,0.0117,0.0312,0.9165,2530.019,500000,-0.003899999999999999,0.0038999999999999972,0.0039000000000000146,0.006754998149518627,tap3,fast,normal,20260810_133647,False
2532516,0.0195,0.0234,0.9204,2532.516,500000,0.0039000000000000007,-0.0039000000000000007,0.007800000000000029,0.00955300999685442,tap3,fast,normal,20260810_133647,False
2535012,0.0117,0.0273,0.9165,2535.012,500000,-0.003899999999999999,0.0,0.0039000000000000146,0.00551543289325508,tap3,fast,normal,20260810_133647,False
2537500,0.0156,0.0234,0.9204,2537.5,500000,0.0,-0.0039000000000000007,0.007800000000000029,0.008720665112249207,tap3,fast,normal,20260810_133647,False
2540005,0.0195,0.0351,0.9204,2540.005,500000,0.0039000000000000007,0.007799999999999998,0.007800000000000029,0.011700000000000018,tap3,fast,normal,20260810_133647,False
2542505,0.0195,0.0234,0.9126,2542.505,500000,0.0039000000000000007,-0.0039000000000000007,0.0,0.005515432893255071,tap3,fast,normal,20260810_133647,False
2545003,0.0156,0.0312,0.9126,2545.003,500000,0.0,0.0038999999999999972,0.0,0.0038999999999999972,tap3,fast,normal,20260810_133647,False
2547522,0.0156,0.0234,0.9126,2547.522,500000,0.0,-0.0039000000000000007,0.0,0.0039000000000000007,tap3,fast,normal,20260810_133647,False
2550030,0.0156,0.0234,0.9126,2550.03,500000,0.0,-0.0039000000000000007,0.0,0.0039000000000000007,tap3,fast,normal,20260810_133647,False
2552500,0.0117,0.0195,0.9243,2552.5,500000,-0.003899999999999999,-0.007800000000000001,0.011700000000000044,0.014592463808418407,tap3,fast,normal,20260810_133647,False
2555018,0.0117,0.0312,0.9126,2555.018,500000,-0.003899999999999999,0.0038999999999999972,0.0,0.005515432893255068,tap3,fast,normal,20260810_133647,False
2557505,0.0078,0.0273,0.9087,2557.505,500000,-0.0078,0.0,-0.0039000000000000146,0.008720665112249186,tap3,fast,normal,20260810_133647,False
2560013,0.0117,0.0195,0.9204,2560.013,500000,-0.003899999999999999,-0.007800000000000001,0.007800000000000029,0.01170000000000002,tap3,fast,normal,20260810_133647,False
2562515,0.0195,0.0234,0.9048,2562.515,500000,0.0039000000000000007,-0.0039000000000000007,-0.007799999999999918,0.009553009996854328,tap3,fast,normal,20260810_133647,False
2565000,0.0195,0.0273,0.9087,2565.0,500000,0.0039000000000000007,0.0,-0.0039000000000000146,0.005515432893255082,tap3,fast,normal,20260810_133647,False
2567517,0.0156,0.0312,0.9204,2567.517,500000,0.0,0.0038999999999999972,0.007800000000000029,0.008720665112249205,tap3,fast,normal,20260810_133647,False
2570023,0.0195,0.0312,0.9126,2570.023,500000,0.0039000000000000007,0.0038999999999999972,0.0,0.0055154328932550695,tap3,fast,normal,20260810_133647,False
2572522,0.0117,0.0273,0.9087,2572.522,500000,-0.003899999999999999,0.0,-0.0039000000000000146,0.00551543289325508,tap3,fast,normal,20260810_133647,False
2575013,0.0117,0.0312,0.9048,2575.013,500000,-0.003899999999999999,0.0038999999999999972,-0.007799999999999918,0.009553009996854326,tap3,fast,normal,20260810_133647,False
2577500,0.0117,0.0312,0.9204,2577.5,500000,-0.003899999999999999,0.0038999999999999972,0.007800000000000029,0.009553009996854416,tap3,fast,normal,20260810_133647,False
2580004,0.0117,0.0312,0.9087,2580.004,500000,-0.003899999999999999,0.0038999999999999972,-0.0039000000000000146,0.006754998149518627,tap3,fast,normal,20260810_133647,False
2582501,0.0195,0.0273,0.9087,2582.501,500000,0.0039000000000000007,0.0,-0.0039000000000000146,0.005515432893255082,tap3,fast,normal,20260810_133647,False
2585018,0.0156,0.0312,0.9165,2585.018,500000,0.0,0.0038999999999999972,0.0039000000000000146,0.005515432893255079,tap3,fast,normal,20260810_133647,False
2587504,0.0078,0.0312,0.9126,2587.504,500000,-0.0078,0.0038999999999999972,0.0,0.00872066511224918,tap3,fast,normal,20260810_133647,False
2590003,0.0117,0.0312,0.9165,2590.003,500000,-0.003899999999999999,0.0038999999999999972,0.0039000000000000146,0.006754998149518627,tap3,fast,normal,20260810_133647,False
2592509,0.0156,0.0234,0.9087,2592.509,500000,0.0,-0.0039000000000000007,-0.0039000000000000146,0.005515432893255082,tap3,fast,normal,20260810_133647,False
2595002,0.0195,0.0312,0.9048,2595.002,500000,0.0039000000000000007,0.0038999999999999972,-0.007799999999999918,0.009553009996854326,tap3,fast,normal,20260810_133647,False
2597516,0.0156,0.0312,0.9126,2597.516,500000,0.0,0.0038999999999999972,0.0,0.0038999999999999972,tap3,fast,normal,20260810_133647,False
2600023,0.0156,0.0273,0.9165,2600.023,500000,0.0,0.0,0.0039000000000000146,0.0039000000000000146,tap3,fast,normal,20260810_133647,False
2602526,0.0195,0.0234,0.9009,2602.526,500000,0.0039000000000000007,-0.0039000000000000007,-0.011699999999999933,0.012934836682385998,tap3,fast,normal,20260810_133647,False
2605015,0.0117,0.0273,0.9087,2605.015,500000,-0.003899999999999999,0.0,-0.0039000000000000146,0.00551543289325508,tap3,fast,normal,20260810_133647,False
2607503,0.0234,0.0273,0.9126,2607.503,500000,0.007800000000000001,0.0,0.0,0.007800000000000001,tap3,fast,normal,20260810_133647,False
2610023,0.0156,0.0156,0.9126,2610.023,500000,0.0,-0.011700000000000002,0.0,0.011700000000000002,tap3,fast,normal,20260810_133647,False
2612509,0.0078,0.0234,0.9009,2612.509,500000,-0.0078,-0.0039000000000000007,-0.011699999999999933,0.014592463808418318,tap3,fast,normal,20260810_133647,False
2615027,0.0117,0.0234,0.9165,2615.027,500000,-0.003899999999999999,-0.0039000000000000007,0.0039000000000000146,0.00675499814951863,tap3,fast,normal,20260810_133647,False
2617513,0.0195,0.0273,0.9204,2617.513,500000,0.0039000000000000007,0.0,0.007800000000000029,0.008720665112249207,tap3,fast,normal,20260810_133647,False
2620016,0.0156,0.0234,0.9126,2620.016,500000,0.0,-0.0039000000000000007,0.0,0.0039000000000000007,tap3,fast,normal,20260810_133647,False
2622521,0.0078,0.0234,0.9126,2622.521,500000,-0.0078,-0.0039000000000000007,0.0,0.00872066511224918,tap3,fast,normal,20260810_133647,False
2625258,0.0117,0.0273,0.9126,2625.258,500000,-0.003899999999999999,0.0,0.0,0.003899999999999999,tap3,fast,normal,20260810_133647,False
2627520,0.0078,0.0273,0.9009,2627.52,500000,-0.0078,0.0,-0.011699999999999933,0.014061649974309502,tap3,fast,normal,20260810_133647,False
2630025,0.0195,0.0273,0.9126,2630.025,500000,0.0039000000000000007,0.0,0.0,0.0039000000000000007,tap3,fast,normal,20260810_133647,False
2632522,0.0078,0.0351,0.9087,2632.522,500000,-0.0078,0.007799999999999998,-0.0039000000000000146,0.011700000000000004,tap3,fast,normal,20260810_133647,False
2635006,0.0078,0.0273,0.9243,2635.006,500000,-0.0078,0.0,0.011700000000000044,0.014061649974309594,tap3,fast,normal,20260810_133647,False
2637525,0.0195,0.0312,0.9204,2637.525,500000,0.0039000000000000007,0.0038999999999999972,0.007800000000000029,0.009553009996854418,tap3,fast,normal,20260810_133647,False
2640026,0.0078,0.0273,0.9087,2640.026,500000,-0.0078,0.0,-0.0039000000000000146,0.008720665112249186,tap3,fast,normal,20260810_133647,False
2642520,0.0156,0.0273,0.9087,2642.52,500000,0.0,0.0,-0.0039000000000000146,0.0039000000000000146,tap3,fast,normal,20260810_133647,False
2645001,0.0195,0.0234,0.9126,2645.001,500000,0.0039000000000000007,-0.0039000000000000007,0.0,0.005515432893255071,tap3,fast,normal,20260810_133647,False
2647522,0.0195,0.0195,0.9165,2647.522,500000,0.0039000000000000007,-0.007800000000000001,0.0039000000000000146,0.009553009996854402,tap3,fast,normal,20260810_133647,False
2650003,0.0078,0.0312,0.9126,2650.003,500000,-0.0078,0.0038999999999999972,0.0,0.00872066511224918,tap3,fast,normal,20260810_133647,False
2652505,0.0156,0.0195,0.9165,2652.505,500000,0.0,-0.007800000000000001,0.0039000000000000146,0.008720665112249188,tap3,fast,normal,20260810_133647,False
2655023,0.0156,0.0195,0.9165,2655.023,500000,0.0,-0.007800000000000001,0.0039000000000000146,0.008720665112249188,tap3,fast,normal,20260810_133647,False
2657508,0.0117,0.0234,0.9204,2657.508,500000,-0.003899999999999999,-0.0039000000000000007,0.007800000000000029,0.009553009996854418,tap3,fast,normal,20260810_133647,False
2660014,0.0156,0.0312,0.9204,2660.014,500000,0.0,0.0038999999999999972,0.007800000000000029,0.008720665112249205,tap3,fast,normal,20260810_133647,False
2662512,0.0195,0.0273,0.9126,2662.512,500000,0.0039000000000000007,0.0,0.0,0.0039000000000000007,tap3,fast,normal,20260810_133647,False
2665029,0.0156,0.0234,0.9126,2665.029,500000,0.0,-0.0039000000000000007,0.0,0.0039000000000000007,tap3,fast,normal,20260810_133647,False
2667516,0.0156,0.0234,0.9087,2667.516,500000,0.0,-0.0039000000000000007,-0.0039000000000000146,0.005515432893255082,tap3,fast,normal,20260810_133647,False
2670021,0.0156,0.0273,0.9243,2670.021,500000,0.0,0.0,0.011700000000000044,0.011700000000000044,tap3,fast,normal,20260810_133647,False
2672521,0.0117,0.0351,0.9087,2672.521,500000,-0.003899999999999999,0.007799999999999998,-0.0039000000000000146,0.009553009996854399,tap3,fast,normal,20260810_133647,False
2675029,0.0156,0.039,0.9204,2675.029,500000,0.0,0.011699999999999999,0.007800000000000029,0.014061649974309573,tap3,fast,normal,20260810_133647,False
2677517,0.0078,0.0351,0.9126,2677.517,500000,-0.0078,0.007799999999999998,0.0,0.011030865786510139,tap3,fast,normal,20260810_133647,False
2680019,0.0195,0.0273,0.9087,2680.019,500000,0.0039000000000000007,0.0,-0.0039000000000000146,0.005515432893255082,tap3,fast,normal,20260810_133647,False
2682522,0.0156,0.0195,0.9126,2682.522,500000,0.0,-0.007800000000000001,0.0,0.007800000000000001,tap3,fast,normal,20260810_133647,False
2685011,0.0195,0.0312,0.9087,2685.011,500000,0.0039000000000000007,0.0038999999999999972,-0.0039000000000000146,0.006754998149518628,tap3,fast,normal,20260810_133647,False
2687529,0.0117,0.0273,0.9126,2687.529,500000,-0.003899999999999999,0.0,0.0,0.003899999999999999,tap3,fast,normal,20260810_133647,False
2690006,0.0117,0.0312,0.9165,2690.006,500000,-0.003899999999999999,0.0038999999999999972,0.0039000000000000146,0.006754998149518627,tap3,fast,normal,20260810_133647,False
2692512,0.0156,0.0273,0.9204,2692.512,500000,0.0,0.0,0.007800000000000029,0.007800000000000029,tap3,fast,normal,20260810_133647,False
2695009,0.0156,0.0273,0.9087,2695.009,500000,0.0,0.0,-0.0039000000000000146,0.0039000000000000146,tap3,fast,normal,20260810_133647,False
2697525,0.0156,0.0312,0.9126,2697.525,500000,0.0,0.0038999999999999972,0.0,0.0038999999999999972,tap3,fast,normal,20260810_133647,False
2700003,0.0234,0.0273,0.9048,2700.003,500000,0.007800000000000001,0.0,-0.007799999999999918,0.011030865786510084,tap3,fast,normal,20260810_133647,False
2702507,0.0156,0.0234,0.9165,2702.507,500000,0.0,-0.0039000000000000007,0.0039000000000000146,0.005515432893255082,tap3,fast,normal,20260810_133647,False
2705025,0.0078,0.0273,0.9165,2705.025,500000,-0.0078,0.0,0.0039000000000000146,0.008720665112249186,tap3,fast,normal,20260810_133647,False
2707510,0.0117,0.0273,0.9087,2707.51,500000,-0.003899999999999999,0.0,-0.0039000000000000146,0.00551543289325508,tap3,fast,normal,20260810_133647,False
2710013,0.0156,0.0312,0.9087,2710.013,500000,0.0,0.0038999999999999972,-0.0039000000000000146,0.005515432893255079,tap3,fast,normal,20260810_133647,False
2712528,0.0156,0.0312,0.9048,2712.528,500000,0.0,0.0038999999999999972,-0.007799999999999918,0.008720665112249105,tap3,fast,normal,20260810_133647,False
2715012,0.0195,0.0234,0.9243,2715.012,500000,0.0039000000000000007,-0.0039000000000000007,0.011700000000000044,0.012934836682386099,tap3,fast,normal,20260810_133647,False
2717500,0.0156,0.0234,0.9048,2717.5,500000,0.0,-0.0039000000000000007,-0.007799999999999918,0.008720665112249107,tap3,fast,normal,20260810_133647,False
2720005,0.0117,0.0312,0.9204,2720.005,500000,-0.003899999999999999,0.0038999999999999972,0.007800000000000029,0.009553009996854416,tap3,fast,normal,20260810_133647,False
2722529,0.0117,0.0312,0.9087,2722.529,500000,-0.003899999999999999,0.0038999999999999972,-0.0039000000000000146,0.006754998149518627,tap3,fast,normal,20260810_133647,False
2725010,0.0156,0.0312,0.9165,2725.01,500000,0.0,0.0038999999999999972,0.0039000000000000146,0.005515432893255079,tap3,fast,normal,20260810_133647,False
2727501,0.0195,0.0234,0.9126,2727.501,500000,0.0039000000000000007,-0.0039000000000000007,0.0,0.005515432893255071,tap3,fast,normal,20260810_133647,False
2730004,0.0117,0.0195,0.9126,2730.004,500000,-0.003899999999999999,-0.007800000000000001,0.0,0.00872066511224918,tap3,fast,normal,20260810_133647,False
2732529,0.0117,0.0195,0.9048,2732.529,500000,-0.003899999999999999,-0.007800000000000001,-0.007799999999999918,0.011699999999999945,tap3,fast,normal,20260810_133647,False
2735023,0.0195,0.0234,0.9165,2735.023,500000,0.0039000000000000007,-0.0039000000000000007,0.0039000000000000146,0.006754998149518631,tap3,fast,normal,20260810_133647,False
2737506,0.0156,0.0273,0.9087,2737.506,500000,0.0,0.0,-0.0039000000000000146,0.0039000000000000146,tap3,fast,normal,20260810_133647,False
2740022,0.0039,0.0312,0.9204,2740.022,500000,-0.011699999999999999,0.0038999999999999972,0.007800000000000029,0.014592463808418386,tap3,fast,normal,20260810_133647,False
2742500,0.0078,0.0312,0.9126,2742.5,500000,-0.0078,0.0038999999999999972,0.0,0.00872066511224918,tap3,fast,normal,20260810_133647,False
2745023,0.0156,0.0273,0.9048,2745.023,500000,0.0,0.0,-0.007799999999999918,0.007799999999999918,tap3,fast,normal,20260810_133647,False
2747511,0.0234,0.0195,0.9126,2747.511,500000,0.007800000000000001,-0.007800000000000001,0.0,0.011030865786510143,tap3,fast,normal,20260810_133647,False
2750017,0.0156,0.0195,0.9126,2750.017,500000,0.0,-0.007800000000000001,0.0,0.007800000000000001,tap3,fast,normal,20260810_133647,False
2752524,0.0195,0.0234,0.9087,2752.524,500000,0.0039000000000000007,-0.0039000000000000007,-0.0039000000000000146,0.006754998149518631,tap3,fast,normal,20260810_133647,False
2755010,0.0156,0.0234,0.9243,2755.01,500000,0.0,-0.0039000000000000007,0.011700000000000044,0.012332882874656722,tap3,fast,normal,20260810_133647,False
2757526,0.0195,0.0234,0.9126,2757.526,500000,0.0039000000000000007,-0.0039000000000000007,0.0,0.005515432893255071,tap3,fast,normal,20260810_133647,False
2760030,0.0195,0.0234,0.9126,2760.03,500000,0.0039000000000000007,-0.0039000000000000007,0.0,0.005515432893255071,tap3,fast,normal,20260810_133647,False
2762526,0.0234,0.0312,0.9165,2762.526,500000,0.007800000000000001,0.0038999999999999972,0.0039000000000000146,0.0095530099968544,tap3,fast,normal,20260810_133647,False
2765014,0.0117,0.0273,0.9204,2765.014,500000,-0.003899999999999999,0.0,0.007800000000000029,0.008720665112249205,tap3,fast,normal,20260810_133647,False
2767527,0.0117,0.0195,0.9204,2767.527,500000,-0.003899999999999999,-0.007800000000000001,0.007800000000000029,0.01170000000000002,tap3,fast,normal,20260810_133647,False
2770030,0.0117,0.0234,0.9087,2770.03,500000,-0.003899999999999999,-0.0039000000000000007,-0.0039000000000000146,0.00675499814951863,tap3,fast,normal,20260810_133647,False
2772526,0.0195,0.0273,0.9204,2772.526,500000,0.0039000000000000007,0.0,0.007800000000000029,0.008720665112249207,tap3,fast,normal,20260810_133647,False
2775016,0.0195,0.0273,0.9087,2775.016,500000,0.0039000000000000007,0.0,-0.0039000000000000146,0.005515432893255082,tap3,fast,normal,20260810_133647,False
2777504,0.0195,0.0312,0.9204,2777.504,500000,0.0039000000000000007,0.0038999999999999972,0.007800000000000029,0.009553009996854418,tap3,fast,normal,20260810_133647,False
2780009,0.0156,0.0273,0.9204,2780.009,500000,0.0,0.0,0.007800000000000029,0.007800000000000029,tap3,fast,normal,20260810_133647,False
2782509,0.0156,0.0312,0.9126,2782.509,500000,0.0,0.0038999999999999972,0.0,0.0038999999999999972,tap3,fast,normal,20260810_133647,False
2785024,0.0195,0.0234,0.9126,2785.024,500000,0.0039000000000000007,-0.0039000000000000007,0.0,0.005515432893255071,tap3,fast,normal,20260810_133647,False
2787511,0.0156,0.0273,0.9243,2787.511,500000,0.0,0.0,0.011700000000000044,0.011700000000000044,tap3,fast,normal,20260810_133647,False
2790004,0.0156,0.0312,0.9165,2790.004,500000,0.0,0.0038999999999999972,0.0039000000000000146,0.005515432893255079,tap3,fast,normal,20260810_133647,False
2792513,0.0234,0.0273,0.9126,2792.513,500000,0.007800000000000001,0.0,0.0,0.007800000000000001,tap3,fast,normal,20260810_133647,False
2795006,0.0195,0.0273,0.9126,2795.006,500000,0.0039000000000000007,0.0,0.0,0.0039000000000000007,tap3,fast,normal,20260810_133647,False
2797526,0.0156,0.0312,0.9165,2797.526,500000,0.0,0.0038999999999999972,0.0039000000000000146,0.005515432893255079,tap3,fast,normal,20260810_133647,False
2800002,0.0156,0.0195,0.9048,2800.002,500000,0.0,-0.007800000000000001,-0.007799999999999918,0.011030865786510084,tap3,fast,normal,20260810_133647,False
2802504,0.0117,0.0312,0.9048,2802.504,500000,-0.003899999999999999,0.0038999999999999972,-0.007799999999999918,0.009553009996854326,tap3,fast,normal,20260810_133647,False
2805002,0.0078,0.0351,0.9087,2805.002,500000,-0.0078,0.007799999999999998,-0.0039000000000000146,0.011700000000000004,tap3,fast,normal,20260810_133647,False
2807522,0.0234,0.0273,0.9048,2807.522,500000,0.007800000000000001,0.0,-0.007799999999999918,0.011030865786510084,tap3,fast,normal,20260810_133647,False
2810026,0.0234,0.0156,0.9165,2810.026,500000,0.007800000000000001,-0.011700000000000002,0.0039000000000000146,0.014592463808418377,tap3,fast,normal,20260810_133647,False
2812527,0.0156,0.0195,0.9126,2812.527,500000,0.0,-0.007800000000000001,0.0,0.007800000000000001,tap3,fast,normal,20260810_133647,False
2815006,0.0078,0.0273,0.9087,2815.006,500000,-0.0078,0.0,-0.0039000000000000146,0.008720665112249186,tap3,fast,normal,20260810_133647,False
2817524,0.0195,0.0312,0.9126,2817.524,500000,0.0039000000000000007,0.0038999999999999972,0.0,0.0055154328932550695,tap3,fast,normal,20260810_133647,False
2820030,0.0156,0.0234,0.9126,2820.03,500000,0.0,-0.0039000000000000007,0.0,0.0039000000000000007,tap3,fast,normal,20260810_133647,False
2822501,0.0156,0.0312,0.9087,2822.501,500000,0.0,0.0038999999999999972,-0.0039000000000000146,0.005515432893255079,tap3,fast,normal,20260810_133647,False
2825014,0.0195,0.0273,0.9243,2825.014,500000,0.0039000000000000007,0.0,0.011700000000000044,0.012332882874656722,tap3,fast,normal,20260810_133647,False
2827502,0.0195,0.0234,0.9087,2827.502,500000,0.0039000000000000007,-0.0039000000000000007,-0.0039000000000000146,0.006754998149518631,tap3,fast,normal,20260810_133647,False
2830003,0.0078,0.0234,0.9126,2830.003,500000,-0.0078,-0.0039000000000000007,0.0,0.00872066511224918,tap3,fast,normal,20260810_133647,False
2832511,0.0078,0.0195,0.9048,2832.511,500000,-0.0078,-0.007800000000000001,-0.007799999999999918,0.013509996299037196,tap3,fast,normal,20260810_133647,False
2835025,0.0117,0.0273,0.9087,2835.025,500000,-0.003899999999999999,0.0,-0.0039000000000000146,0.00551543289325508,tap3,fast,normal,20260810_133647,False
2837509,0.0195,0.0273,0.9126,2837.509,500000,0.0039000000000000007,0.0,0.0,0.0039000000000000007,tap3,fast,normal,20260810_133647,False
2840012,0.0156,0.0273,0.9087,2840.012,500000,0.0,0.0,-0.0039000000000000146,0.0039000000000000146,tap3,fast,normal,20260810_133647,False
2842515,0.0156,0.0312,0.9243,2842.515,500000,0.0,0.0038999999999999972,0.011700000000000044,0.01233288287465672,tap3,fast,normal,20260810_133647,False
2845000,0.0195,0.0273,0.9165,2845.0,500000,0.0039000000000000007,0.0,0.0039000000000000146,0.005515432893255082,tap3,fast,normal,20260810_133647,False
2847521,0.0156,0.0195,0.9126,2847.521,500000,0.0,-0.007800000000000001,0.0,0.007800000000000001,tap3,fast,normal,20260810_133647,False
2850030,0.0156,0.0195,0.9126,2850.03,500000,0.0,-0.007800000000000001,0.0,0.007800000000000001,tap3,fast,normal,20260810_133647,False
2852504,0.0156,0.0234,0.9165,2852.504,500000,0.0,-0.0039000000000000007,0.0039000000000000146,0.005515432893255082,tap3,fast,normal,20260810_133647,False
2855021,0.0156,0.0234,0.9126,2855.021,500000,0.0,-0.0039000000000000007,0.0,0.0039000000000000007,tap3,fast,normal,20260810_133647,False
2857508,0.0156,0.0273,0.9126,2857.508,500000,0.0,0.0,0.0,0.0,tap3,fast,normal,20260810_133647,False
2860011,0.0156,0.0312,0.9204,2860.011,500000,0.0,0.0038999999999999972,0.007800000000000029,0.008720665112249205,tap3,fast,normal,20260810_133647,False
2862507,0.0156,0.0195,0.9126,2862.507,500000,0.0,-0.007800000000000001,0.0,0.007800000000000001,tap3,fast,normal,20260810_133647,False
2865019,0.0156,0.0195,0.9126,2865.019,500000,0.0,-0.007800000000000001,0.0,0.007800000000000001,tap3,fast,normal,20260810_133647,False
2867505,0.0156,0.0273,0.9126,2867.505,500000,0.0,0.0,0.0,0.0,tap3,fast,normal,20260810_133647,False
2870009,0.0195,0.0273,0.9087,2870.009,500000,0.0039000000000000007,0.0,-0.0039000000000000146,0.005515432893255082,tap3,fast,normal,20260810_133647,False
2872523,0.0156,0.0312,0.9048,2872.523,500000,0.0,0.0038999999999999972,-0.007799999999999918,0.008720665112249105,tap3,fast,normal,20260810_133647,False
2875022,0.0195,0.0273,0.9165,2875.022,500000,0.0039000000000000007,0.0,0.0039000000000000146,0.005515432893255082,tap3,fast,normal,20260810_133647,False
2877508,0.0195,0.0351,0.9009,2877.508,500000,0.0039000000000000007,0.007799999999999998,-0.011699999999999933,0.014592463808418317,tap3,fast,normal,20260810_133647,False
2880012,0.0234,0.0234,0.9165,2880.012,500000,0.007800000000000001,-0.0039000000000000007,0.0039000000000000146,0.009553009996854402,tap3,fast,normal,20260810_133647,False
2882518,0.0156,0.0429,0.9126,2882.518,500000,0.0,0.0156,0.0,0.0156,tap3,fast,normal,20260810_133647,False
2885008,0.0117,0.0312,0.9282,2885.008,500000,-0.003899999999999999,0.0038999999999999972,0.015600000000000058,0.016546298679765266,tap3,fast,normal,20260810_133647,False
2887524,0.0117,0.0312,0.9165,2887.524,500000,-0.003899999999999999,0.0038999999999999972,0.0039000000000000146,0.006754998149518627,tap3,fast,normal,20260810_133647,False
2890003,0.0156,0.0312,0.9126,2890.003,500000,0.0,0.0038999999999999972,0.0,0.0038999999999999972,tap3,fast,normal,20260810_133647,False
2892506,0.0117,0.0312,0.9048,2892.506,500000,-0.003899999999999999,0.0038999999999999972,-0.007799999999999918,0.009553009996854326,tap3,fast,normal,20260810_133647,False
2895001,0.0195,0.0234,0.9204,2895.001,500000,0.0039000000000000007,-0.0039000000000000007,0.007800000000000029,0.00955300999685442,tap3,fast,normal,20260810_133647,False
2897521,0.0195,0.0234,0.9165,2897.521,500000,0.0039000000000000007,-0.0039000000000000007,0.0039000000000000146,0.006754998149518631,tap3,fast,normal,20260810_133647,False
2900027,0.0156,0.0312,0.9087,2900.027,500000,0.0,0.0038999999999999972,-0.0039000000000000146,0.005515432893255079,tap3,fast,normal,20260810_133647,False
2902527,0.0078,0.0351,0.9126,2902.527,500000,-0.0078,0.007799999999999998,0.0,0.011030865786510139,tap3,fast,normal,20260810_133647,False
2905013,0.0117,0.0351,0.9204,2905.013,500000,-0.003899999999999999,0.007799999999999998,0.007800000000000029,0.011700000000000018,tap3,fast,normal,20260810_133647,False
2907500,0.0195,0.0312,0.9126,2907.5,500000,0.0039000000000000007,0.0038999999999999972,0.0,0.0055154328932550695,tap3,fast,normal,20260810_133647,False
2910003,0.0156,0.0195,0.9126,2910.003,500000,0.0,-0.007800000000000001,0.0,0.007800000000000001,tap3,fast,normal,20260810_133647,False
2912510,0.0273,0.0195,0.9126,2912.51,500000,0.011700000000000002,-0.007800000000000001,0.0,0.01406164997430956,tap3,fast,normal,20260810_133647,False
2915023,0.0195,0.0273,0.9048,2915.023,500000,0.0039000000000000007,0.0,-0.007799999999999918,0.008720665112249107,tap3,fast,normal,20260810_133647,False
2917505,0.0156,0.0273,0.9048,2917.505,500000,0.0,0.0,-0.007799999999999918,0.007799999999999918,tap3,fast,normal,20260810_133647,False
2920008,0.0156,0.0273,0.9048,2920.008,500000,0.0,0.0,-0.007799999999999918,0.007799999999999918,tap3,fast,normal,20260810_133647,False
2922508,0.0117,0.0312,0.9165,2922.508,500000,-0.003899999999999999,0.0038999999999999972,0.0039000000000000146,0.006754998149518627,tap3,fast,normal,20260810_133647,False
2925027,0.0156,0.0195,0.9165,2925.027,500000,0.0,-0.007800000000000001,0.0039000000000000146,0.008720665112249188,tap3,fast,normal,20260810_133647,False
2927516,0.0117,0.0234,0.9009,2927.516,500000,-0.003899999999999999,-0.0039000000000000007,-0.011699999999999933,0.012934836682385998,tap3,fast,normal,20260810_133647,False
2930019,0.0039,0.0273,0.9048,2930.019,500000,-0.011699999999999999,0.0,-0.007799999999999918,0.014061649974309512,tap3,fast,normal,20260810_133647,False
2932515,0.0078,0.0312,0.9126,2932.515,500000,-0.0078,0.0038999999999999972,0.0,0.00872066511224918,tap3,fast,normal,20260810_133647,False
2935008,0.0156,0.0156,0.9126,2935.008,500000,0.0,-0.011700000000000002,0.0,0.011700000000000002,tap3,fast,normal,20260810_133647,False
2937512,0.0195,0.0234,0.9048,2937.512,500000,0.0039000000000000007,-0.0039000000000000007,-0.007799999999999918,0.009553009996854328,tap3,fast,normal,20260810_133647,False
2940022,0.0117,0.0273,0.9048,2940.022,500000,-0.003899999999999999,0.0,-0.007799999999999918,0.008720665112249105,tap3,fast,normal,20260810_133647,False
2942521,0.0195,0.0273,0.9165,2942.521,500000,0.0039000000000000007,0.0,0.0039000000000000146,0.005515432893255082,tap3,fast,normal,20260810_133647,False
2945006,0.0195,0.0234,0.9048,2945.006,500000,0.0039000000000000007,-0.0039000000000000007,-0.007799999999999918,0.009553009996854328,tap3,fast,normal,20260810_133647,False
2947518,0.0195,0.0234,0.9243,2947.518,500000,0.0039000000000000007,-0.0039000000000000007,0.011700000000000044,0.012934836682386099,tap3,fast,normal,20260810_133647,False
2950027,0.0195,0.0273,0.9126,2950.027,500000,0.0039000000000000007,0.0,0.0,0.0039000000000000007,tap3,fast,normal,20260810_133647,False
2952524,0.0156,0.0234,0.9048,2952.524,500000,0.0,-0.0039000000000000007,-0.007799999999999918,0.008720665112249107,tap3,fast,normal,20260810_133647,False
2955010,0.0234,0.0234,0.9126,2955.01,500000,0.007800000000000001,-0.0039000000000000007,0.0,0.008720665112249181,tap3,fast,normal,20260810_133647,False
2957525,0.0234,0.0195,0.9087,2957.525,500000,0.007800000000000001,-0.007800000000000001,-0.0039000000000000146,0.011700000000000007,tap3,fast,normal,20260810_133647,False
2960000,0.0195,0.0273,0.9087,2960.0,500000,0.0039000000000000007,0.0,-0.0039000000000000146,0.005515432893255082,tap3,fast,normal,20260810_133647,False
2962501,0.0195,0.0312,0.9048,2962.501,500000,0.0039000000000000007,0.0038999999999999972,-0.007799999999999918,0.009553009996854326,tap3,fast,normal,20260810_133647,False
2965018,0.0156,0.0195,0.9048,2965.018,500000,0.0,-0.007800000000000001,-0.007799999999999918,0.011030865786510084,tap3,fast,normal,20260810_133647,False
2967503,0.0156,0.0273,0.9126,2967.503,500000,0.0,0.0,0.0,0.0,tap3,fast,normal,20260810_133647,False
2970012,0.0156,0.0273,0.9126,2970.012,500000,0.0,0.0,0.0,0.0,tap3,fast,normal,20260810_133647,False
2972508,0.0156,0.0234,0.9048,2972.508,500000,0.0,-0.0039000000000000007,-0.007799999999999918,0.008720665112249107,tap3,fast,normal,20260810_133647,False
2975000,0.0117,0.0273,0.9126,2975.0,500000,-0.003899999999999999,0.0,0.0,0.003899999999999999,tap3,fast,normal,20260810_133647,False
2977521,0.0156,0.0312,0.9087,2977.521,500000,0.0,0.0038999999999999972,-0.0039000000000000146,0.005515432893255079,tap3,fast,normal,20260810_133647,False
2980028,0.0156,0.0273,0.9165,2980.028,500000,0.0,0.0,0.0039000000000000146,0.0039000000000000146,tap3,fast,normal,20260810_133647,False
2982500,0.0195,0.0273,0.9165,2982.5,500000,0.0039000000000000007,0.0,0.0039000000000000146,0.005515432893255082,tap3,fast,normal,20260810_133647,False
2985017,0.0156,0.0273,0.9204,2985.017,500000,0.0,0.0,0.007800000000000029,0.007800000000000029,tap3,fast,normal,20260810_133647,False
2987504,0.0195,0.039,0.9126,2987.504,500000,0.0039000000000000007,0.011699999999999999,0.0,0.012332882874656679,tap3,fast,normal,20260810_133647,False
2990008,0.0117,0.0156,0.9243,2990.008,500000,-0.003899999999999999,-0.011700000000000002,0.011700000000000044,0.016999705879808657,tap3,fast,normal,20260810_133647,False
2992514,0.0195,0.0273,0.9204,2992.514,500000,0.0039000000000000007,0.0,0.007800000000000029,0.008720665112249207,tap3,fast,normal,20260810_133647,False
2995006,0.0117,0.0234,0.9126,2995.006,500000,-0.003899999999999999,-0.0039000000000000007,0.0,0.00551543289325507,tap3,fast,normal,20260810_133647,False
2997520,0.0156,0.0195,0.9048,2997.52,500000,0.0,-0.007800000000000001,-0.007799999999999918,0.011030865786510084,tap3,fast,normal,20260810_133647,False
