time_us,x_g,y_g,z_g,time_ms,cue_time_us,x_delta_g,y_delta_g,z_delta_g,dynamic_magnitude_g,label,requested_pace,requested_force,session_id,operator_accepted
21691,0.0156,0.0273,0.9009,21.691,500000,0.0,0.0,-0.007799999999999918,0.007799999999999918,tap3,natural,normal,20260810_135255,True
22153,0.0156,0.0273,0.9009,22.153,500000,0.0,0.0,-0.007799999999999918,0.007799999999999918,tap3,natural,normal,20260810_135255,True
22552,0.0156,0.039,0.897,22.552,500000,0.0,0.011699999999999999,-0.011699999999999933,0.016546298679765165,tap3,natural,normal,20260810_135255,True
22966,0.0156,0.039,0.897,22.966,500000,0.0,0.011699999999999999,-0.011699999999999933,0.016546298679765165,tap3,natural,normal,20260810_135255,True
23365,0.0156,0.039,0.897,23.365,500000,0.0,0.011699999999999999,-0.011699999999999933,0.016546298679765165,tap3,natural,normal,20260810_135255,True
23775,0.0156,0.039,0.897,23.775,500000,0.0,0.011699999999999999,-0.011699999999999933,0.016546298679765165,tap3,natural,normal,20260810_135255,True
24173,0.0156,0.039,0.897,24.173,500000,0.0,0.011699999999999999,-0.011699999999999933,0.016546298679765165,tap3,natural,normal,20260810_135255,True
24581,0.0156,0.039,0.897,24.581,500000,0.0,0.011699999999999999,-0.011699999999999933,0.016546298679765165,tap3,natural,normal,20260810_135255,True
24984,0.0195,0.0234,0.9165,24.984,500000,0.0039000000000000007,-0.0039000000000000007,0.007800000000000029,0.00955300999685442,tap3,natural,normal,20260810_135255,True
25384,0.0195,0.0234,0.9165,25.384,500000,0.0039000000000000007,-0.0039000000000000007,0.007800000000000029,0.00955300999685442,tap3,natural,normal,20260810_135255,True
25797,0.0195,0.0234,0.9165,25.797,500000,0.0039000000000000007,-0.0039000000000000007,0.007800000000000029,0.00955300999685442,tap3,natural,normal,20260810_135255,True
27518,0.0117,0.039,0.9204,27.518,500000,-0.003899999999999999,0.011699999999999999,0.011700000000000044,0.016999705879808657,tap3,natural,normal,20260810_135255,True
30008,0.0117,0.039,0.9204,30.008,500000,-0.003899999999999999,0.011699999999999999,0.011700000000000044,0.016999705879808657,tap3,natural,normal,20260810_135255,True
32511,0.0078,0.0234,0.9087,32.511,500000,-0.0078,-0.0039000000000000007,0.0,0.00872066511224918,tap3,natural,normal,20260810_135255,True
35011,0.0156,0.0273,0.9126,35.011,500000,0.0,0.0,0.0039000000000000146,0.0039000000000000146,tap3,natural,normal,20260810_135255,True
37528,0.0117,0.0273,0.9126,37.528,500000,-0.003899999999999999,0.0,0.0039000000000000146,0.00551543289325508,tap3,natural,normal,20260810_135255,True
40012,0.0156,0.0351,0.9087,40.012,500000,0.0,0.007799999999999998,0.0,0.007799999999999998,tap3,natural,normal,20260810_135255,True
42517,0.0156,0.0273,0.9165,42.517,500000,0.0,0.0,0.007800000000000029,0.007800000000000029,tap3,natural,normal,20260810_135255,True
45023,0.0078,0.0273,0.9204,45.023,500000,-0.0078,0.0,0.011700000000000044,0.014061649974309594,tap3,natural,normal,20260810_135255,True
47500,0.0117,0.0234,0.9243,47.5,500000,-0.003899999999999999,-0.0039000000000000007,0.015600000000000058,0.016546298679765266,tap3,natural,normal,20260810_135255,True
50011,0.0156,0.039,0.897,50.011,500000,0.0,0.011699999999999999,-0.011699999999999933,0.016546298679765165,tap3,natural,normal,20260810_135255,True
52504,0.0195,0.0195,0.9204,52.504,500000,0.0039000000000000007,-0.007800000000000001,0.011700000000000044,0.014592463808418409,tap3,natural,normal,20260810_135255,True
55016,0.0078,0.0351,0.9048,55.016,500000,-0.0078,0.007799999999999998,-0.0038999999999999035,0.011699999999999966,tap3,natural,normal,20260810_135255,True
57505,0.0078,0.0312,0.9087,57.505,500000,-0.0078,0.0038999999999999972,0.0,0.00872066511224918,tap3,natural,normal,20260810_135255,True
60016,0.0156,0.0312,0.9087,60.016,500000,0.0,0.0038999999999999972,0.0,0.0038999999999999972,tap3,natural,normal,20260810_135255,True
62517,0.0078,0.0351,0.9087,62.517,500000,-0.0078,0.007799999999999998,0.0,0.011030865786510139,tap3,natural,normal,20260810_135255,True
65016,0.0195,0.0351,0.9165,65.016,500000,0.0039000000000000007,0.007799999999999998,0.007800000000000029,0.011700000000000018,tap3,natural,normal,20260810_135255,True
67500,0.0117,0.0273,0.9087,67.5,500000,-0.003899999999999999,0.0,0.0,0.003899999999999999,tap3,natural,normal,20260810_135255,True
70022,0.0156,0.0234,0.9048,70.022,500000,0.0,-0.0039000000000000007,-0.0038999999999999035,0.005515432893255003,tap3,natural,normal,20260810_135255,True
72507,0.0156,0.0273,0.9048,72.507,500000,0.0,0.0,-0.0038999999999999035,0.0038999999999999035,tap3,natural,normal,20260810_135255,True
75014,0.0039,0.0273,0.9048,75.014,500000,-0.011699999999999999,0.0,-0.0038999999999999035,0.012332882874656647,tap3,natural,normal,20260810_135255,True
77510,0.0117,0.0273,0.897,77.51,500000,-0.003899999999999999,0.0,-0.011699999999999933,0.012332882874656614,tap3,natural,normal,20260810_135255,True
80009,0.0156,0.0273,0.9048,80.009,500000,0.0,0.0,-0.0038999999999999035,0.0038999999999999035,tap3,natural,normal,20260810_135255,True
82529,0.0117,0.039,0.9009,82.529,500000,-0.003899999999999999,0.011699999999999999,-0.007799999999999918,0.014592463808418325,tap3,natural,normal,20260810_135255,True
85004,0.0117,0.0312,0.9204,85.004,500000,-0.003899999999999999,0.0038999999999999972,0.011700000000000044,0.012934836682386097,tap3,natural,normal,20260810_135255,True
87523,0.0117,0.0312,0.9048,87.523,500000,-0.003899999999999999,0.0038999999999999972,-0.0038999999999999035,0.006754998149518563,tap3,natural,normal,20260810_135255,True
90010,0.0195,0.0195,0.9165,90.01,500000,0.0039000000000000007,-0.007800000000000001,0.007800000000000029,0.011700000000000021,tap3,natural,normal,20260810_135255,True
92521,0.0117,0.0273,0.9126,92.521,500000,-0.003899999999999999,0.0,0.0039000000000000146,0.00551543289325508,tap3,natural,normal,20260810_135255,True
95012,0.0156,0.0351,0.9087,95.012,500000,0.0,0.007799999999999998,0.0,0.007799999999999998,tap3,natural,normal,20260810_135255,True
97528,0.0195,0.0234,0.9126,97.528,500000,0.0039000000000000007,-0.0039000000000000007,0.0039000000000000146,0.006754998149518631,tap3,natural,normal,20260810_135255,True
100023,0.0156,0.0234,0.9087,100.023,500000,0.0,-0.0039000000000000007,0.0,0.0039000000000000007,tap3,natural,normal,20260810_135255,True
102519,0.0117,0.0195,0.9009,102.519,500000,-0.003899999999999999,-0.007800000000000001,-0.007799999999999918,0.011699999999999945,tap3,natural,normal,20260810_135255,True
105016,0.0195,0.0273,0.9048,105.016,500000,0.0039000000000000007,0.0,-0.0038999999999999035,0.005515432893255003,tap3,natural,normal,20260810_135255,True
107512,0.0117,0.0312,0.9087,107.512,500000,-0.003899999999999999,0.0038999999999999972,0.0,0.005515432893255068,tap3,natural,normal,20260810_135255,True
110006,0.0117,0.0234,0.9126,110.006,500000,-0.003899999999999999,-0.0039000000000000007,0.0039000000000000146,0.00675499814951863,tap3,natural,normal,20260810_135255,True
112510,0.0156,0.0195,0.9048,112.51,500000,0.0,-0.007800000000000001,-0.0038999999999999035,0.008720665112249138,tap3,natural,normal,20260810_135255,True
115016,0.0156,0.0312,0.9087,115.016,500000,0.0,0.0038999999999999972,0.0,0.0038999999999999972,tap3,natural,normal,20260810_135255,True
117508,0.0156,0.0312,0.9087,117.508,500000,0.0,0.0038999999999999972,0.0,0.0038999999999999972,tap3,natural,normal,20260810_135255,True
120018,0.0117,0.0195,0.9048,120.018,500000,-0.003899999999999999,-0.007800000000000001,-0.0038999999999999035,0.009553009996854355,tap3,natural,normal,20260810_135255,True
122514,0.0117,0.0273,0.9087,122.514,500000,-0.003899999999999999,0.0,0.0,0.003899999999999999,tap3,natural,normal,20260810_135255,True
125025,0.0195,0.0195,0.9126,125.025,500000,0.0039000000000000007,-0.007800000000000001,0.0039000000000000146,0.009553009996854402,tap3,natural,normal,20260810_135255,True
127505,0.0156,0.0234,0.9087,127.505,500000,0.0,-0.0039000000000000007,0.0,0.0039000000000000007,tap3,natural,normal,20260810_135255,True
130017,0.0156,0.0234,0.9087,130.017,500000,0.0,-0.0039000000000000007,0.0,0.0039000000000000007,tap3,natural,normal,20260810_135255,True
132526,0.0156,0.0273,0.9048,132.526,500000,0.0,0.0,-0.0038999999999999035,0.0038999999999999035,tap3,natural,normal,20260810_135255,True
135002,0.0234,0.0273,0.9126,135.002,500000,0.007800000000000001,0.0,0.0039000000000000146,0.008720665112249188,tap3,natural,normal,20260810_135255,True
137519,0.0117,0.0273,0.9204,137.519,500000,-0.003899999999999999,0.0,0.011700000000000044,0.01233288287465672,tap3,natural,normal,20260810_135255,True
140011,0.0117,0.0273,0.9204,140.011,500000,-0.003899999999999999,0.0,0.011700000000000044,0.01233288287465672,tap3,natural,normal,20260810_135255,True
142529,0.0195,0.0195,0.9165,142.529,500000,0.0039000000000000007,-0.007800000000000001,0.007800000000000029,0.011700000000000021,tap3,natural,normal,20260810_135255,True
145005,0.0117,0.0312,0.9126,145.005,500000,-0.003899999999999999,0.0038999999999999972,0.0039000000000000146,0.006754998149518627,tap3,natural,normal,20260810_135255,True
147505,0.0156,0.0195,0.9126,147.505,500000,0.0,-0.007800000000000001,0.0039000000000000146,0.008720665112249188,tap3,natural,normal,20260810_135255,True
150024,0.0156,0.0195,0.9126,150.024,500000,0.0,-0.007800000000000001,0.0039000000000000146,0.008720665112249188,tap3,natural,normal,20260810_135255,True
152529,0.0156,0.0273,0.9087,152.529,500000,0.0,0.0,0.0,0.0,tap3,natural,normal,20260810_135255,True
155010,0.0156,0.0273,0.9087,155.01,500000,0.0,0.0,0.0,0.0,tap3,natural,normal,20260810_135255,True
157514,0.0078,0.0195,0.9204,157.514,500000,-0.0078,-0.007800000000000001,0.011700000000000044,0.01608011193990891,tap3,natural,normal,20260810_135255,True
160008,0.0156,0.0351,0.9087,160.008,500000,0.0,0.007799999999999998,0.0,0.007799999999999998,tap3,natural,normal,20260810_135255,True
162513,0.0156,0.0273,0.9126,162.513,500000,0.0,0.0,0.0039000000000000146,0.0039000000000000146,tap3,natural,normal,20260810_135255,True
165001,0.0312,0.0234,0.9048,165.001,500000,0.0156,-0.0039000000000000007,-0.0038999999999999035,0.016546298679765186,tap3,natural,normal,20260810_135255,True
167527,0.0117,0.0234,0.9087,167.527,500000,-0.003899999999999999,-0.0039000000000000007,0.0,0.00551543289325507,tap3,natural,normal,20260810_135255,True
170020,0.0156,0.0312,0.9087,170.02,500000,0.0,0.0038999999999999972,0.0,0.0038999999999999972,tap3,natural,normal,20260810_135255,True
172504,0.0078,0.0351,0.9126,172.504,500000,-0.0078,0.007799999999999998,0.0039000000000000146,0.011700000000000004,tap3,natural,normal,20260810_135255,True
175017,0.0156,0.0234,0.9009,175.017,500000,0.0,-0.0039000000000000007,-0.007799999999999918,0.008720665112249107,tap3,natural,normal,20260810_135255,True
177500,0.0195,0.0273,0.9087,177.5,500000,0.0039000000000000007,0.0,0.0,0.0039000000000000007,tap3,natural,normal,20260810_135255,True
180003,0.0234,0.0195,0.9048,180.003,500000,0.007800000000000001,-0.007800000000000001,-0.0038999999999999035,0.011699999999999969,tap3,natural,normal,20260810_135255,True
182517,0.0117,0.0312,0.9126,182.517,500000,-0.003899999999999999,0.0038999999999999972,0.0039000000000000146,0.006754998149518627,tap3,natural,normal,20260810_135255,True
185016,0.0195,0.0273,0.897,185.016,500000,0.0039000000000000007,0.0,-0.011699999999999933,0.012332882874656616,tap3,natural,normal,20260810_135255,True
187529,0.0078,0.0273,0.9126,187.529,500000,-0.0078,0.0,0.0039000000000000146,0.008720665112249186,tap3,natural,normal,20260810_135255,True
190014,0.0195,0.0273,0.9126,190.014,500000,0.0039000000000000007,0.0,0.0039000000000000146,0.005515432893255082,tap3,natural,normal,20260810_135255,True
192502,0.0156,0.0234,0.9048,192.502,500000,0.0,-0.0039000000000000007,-0.0038999999999999035,0.005515432893255003,tap3,natural,normal,20260810_135255,True
195018,0.0156,0.0156,0.9087,195.018,500000,0.0,-0.011700000000000002,0.0,0.011700000000000002,tap3,natural,normal,20260810_135255,True
197504,0.0156,0.0234,0.9048,197.504,500000,0.0,-0.0039000000000000007,-0.0038999999999999035,0.005515432893255003,tap3,natural,normal,20260810_135255,True
200024,0.0234,0.0273,0.9048,200.024,500000,0.007800000000000001,0.0,-0.0038999999999999035,0.008720665112249138,tap3,natural,normal,20260810_135255,True
202504,0.0156,0.0273,0.9204,202.504,500000,0.0,0.0,0.011700000000000044,0.011700000000000044,tap3,natural,normal,20260810_135255,True
205010,0.0156,0.0273,0.9165,205.01,500000,0.0,0.0,0.007800000000000029,0.007800000000000029,tap3,natural,normal,20260810_135255,True
207504,0.0156,0.0234,0.9087,207.504,500000,0.0,-0.0039000000000000007,0.0,0.0039000000000000007,tap3,natural,normal,20260810_135255,True
210023,0.0195,0.0273,0.9087,210.023,500000,0.0039000000000000007,0.0,0.0,0.0039000000000000007,tap3,natural,normal,20260810_135255,True
212529,0.0039,0.0312,0.9087,212.529,500000,-0.011699999999999999,0.0038999999999999972,0.0,0.012332882874656677,tap3,natural,normal,20260810_135255,True
215028,0.0195,0.0312,0.9126,215.028,500000,0.0039000000000000007,0.0038999999999999972,0.0039000000000000146,0.006754998149518628,tap3,natural,normal,20260810_135255,True
217509,0.0117,0.0312,0.9087,217.509,500000,-0.003899999999999999,0.0038999999999999972,0.0,0.005515432893255068,tap3,natural,normal,20260810_135255,True
220018,0.0117,0.0273,0.9126,220.018,500000,-0.003899999999999999,0.0,0.0039000000000000146,0.00551543289325508,tap3,natural,normal,20260810_135255,True
222525,0.0078,0.0195,0.9009,222.525,500000,-0.0078,-0.007800000000000001,-0.007799999999999918,0.013509996299037196,tap3,natural,normal,20260810_135255,True
225027,0.0117,0.0351,0.9165,225.027,500000,-0.003899999999999999,0.007799999999999998,0.007800000000000029,0.011700000000000018,tap3,natural,normal,20260810_135255,True
227508,0.0117,0.0234,0.9126,227.508,500000,-0.003899999999999999,-0.0039000000000000007,0.0039000000000000146,0.00675499814951863,tap3,natural,normal,20260810_135255,True
230000,0.0117,0.0234,0.9048,230.0,500000,-0.003899999999999999,-0.0039000000000000007,-0.0038999999999999035,0.006754998149518566,tap3,natural,normal,20260810_135255,True
232510,0.0117,0.0234,0.9087,232.51,500000,-0.003899999999999999,-0.0039000000000000007,0.0,0.00551543289325507,tap3,natural,normal,20260810_135255,True
235016,0.0078,0.0234,0.9165,235.016,500000,-0.0078,-0.0039000000000000007,0.007800000000000029,0.01170000000000002,tap3,natural,normal,20260810_135255,True
237501,0.0117,0.0312,0.9087,237.501,500000,-0.003899999999999999,0.0038999999999999972,0.0,0.005515432893255068,tap3,natural,normal,20260810_135255,True
240021,0.0156,0.0234,0.9048,240.021,500000,0.0,-0.0039000000000000007,-0.0038999999999999035,0.005515432893255003,tap3,natural,normal,20260810_135255,True
242521,0.0156,0.0273,0.9126,242.521,500000,0.0,0.0,0.0039000000000000146,0.0039000000000000146,tap3,natural,normal,20260810_135255,True
245020,0.0156,0.0234,0.9048,245.02,500000,0.0,-0.0039000000000000007,-0.0038999999999999035,0.005515432893255003,tap3,natural,normal,20260810_135255,True
247503,0.0156,0.0273,0.9126,247.503,500000,0.0,0.0,0.0039000000000000146,0.0039000000000000146,tap3,natural,normal,20260810_135255,True
250016,0.0195,0.0312,0.9165,250.016,500000,0.0039000000000000007,0.0038999999999999972,0.007800000000000029,0.009553009996854418,tap3,natural,normal,20260810_135255,True
252508,0.0195,0.0312,0.9165,252.508,500000,0.0039000000000000007,0.0038999999999999972,0.007800000000000029,0.009553009996854418,tap3,natural,normal,20260810_135255,True
255018,0.0234,0.0234,0.9048,255.018,500000,0.007800000000000001,-0.0039000000000000007,-0.0038999999999999035,0.009553009996854357,tap3,natural,normal,20260810_135255,True
257508,0.0156,0.0312,0.9126,257.508,500000,0.0,0.0038999999999999972,0.0039000000000000146,0.005515432893255079,tap3,natural,normal,20260810_135255,True
260022,0.0078,0.0273,0.9087,260.022,500000,-0.0078,0.0,0.0,0.0078,tap3,natural,normal,20260810_135255,True
262516,0.0195,0.0234,0.9087,262.516,500000,0.0039000000000000007,-0.0039000000000000007,0.0,0.005515432893255071,tap3,natural,normal,20260810_135255,True
265003,0.0156,0.0273,0.9048,265.003,500000,0.0,0.0,-0.0038999999999999035,0.0038999999999999035,tap3,natural,normal,20260810_135255,True
267507,0.0156,0.0195,0.9087,267.507,500000,0.0,-0.007800000000000001,0.0,0.007800000000000001,tap3,natural,normal,20260810_135255,True
270026,0.0117,0.0312,0.9087,270.026,500000,-0.003899999999999999,0.0038999999999999972,0.0,0.005515432893255068,tap3,natural,normal,20260810_135255,True
272501,0.0117,0.0351,0.9204,272.501,500000,-0.003899999999999999,0.007799999999999998,0.011700000000000044,0.014592463808418405,tap3,natural,normal,20260810_135255,True
275001,0.0156,0.0195,0.9009,275.001,500000,0.0,-0.007800000000000001,-0.007799999999999918,0.011030865786510084,tap3,natural,normal,20260810_135255,True
277504,0.0156,0.0273,0.9126,277.504,500000,0.0,0.0,0.0039000000000000146,0.0039000000000000146,tap3,natural,normal,20260810_135255,True
280009,0.0117,0.0273,0.9009,280.009,500000,-0.003899999999999999,0.0,-0.007799999999999918,0.008720665112249105,tap3,natural,normal,20260810_135255,True
282529,0.0156,0.0273,0.9087,282.529,500000,0.0,0.0,0.0,0.0,tap3,natural,normal,20260810_135255,True
285003,0.0117,0.0312,0.9165,285.003,500000,-0.003899999999999999,0.0038999999999999972,0.007800000000000029,0.009553009996854416,tap3,natural,normal,20260810_135255,True
287515,0.0117,0.0273,0.9126,287.515,500000,-0.003899999999999999,0.0,0.0039000000000000146,0.00551543289325508,tap3,natural,normal,20260810_135255,True
290027,0.0039,0.0312,0.9048,290.027,500000,-0.011699999999999999,0.0038999999999999972,-0.0038999999999999035,0.01293483668238603,tap3,natural,normal,20260810_135255,True
292529,0.0078,0.0273,0.9126,292.529,500000,-0.0078,0.0,0.0039000000000000146,0.008720665112249186,tap3,natural,normal,20260810_135255,True
295018,0.0117,0.0273,0.9087,295.018,500000,-0.003899999999999999,0.0,0.0,0.003899999999999999,tap3,natural,normal,20260810_135255,True
297500,0.0117,0.0312,0.9165,297.5,500000,-0.003899999999999999,0.0038999999999999972,0.007800000000000029,0.009553009996854416,tap3,natural,normal,20260810_135255,True
300019,0.0156,0.0195,0.9204,300.019,500000,0.0,-0.007800000000000001,0.011700000000000044,0.014061649974309596,tap3,natural,normal,20260810_135255,True
302509,0.0117,0.0312,0.9087,302.509,500000,-0.003899999999999999,0.0038999999999999972,0.0,0.005515432893255068,tap3,natural,normal,20260810_135255,True
305018,0.0156,0.0273,0.9087,305.018,500000,0.0,0.0,0.0,0.0,tap3,natural,normal,20260810_135255,True
307505,0.0117,0.0195,0.9126,307.505,500000,-0.003899999999999999,-0.007800000000000001,0.0039000000000000146,0.0095530099968544,tap3,natural,normal,20260810_135255,True
310017,0.0117,0.0351,0.9126,310.017,500000,-0.003899999999999999,0.007799999999999998,0.0039000000000000146,0.009553009996854399,tap3,natural,normal,20260810_135255,True
312511,0.0156,0.0273,0.9126,312.511,500000,0.0,0.0,0.0039000000000000146,0.0039000000000000146,tap3,natural,normal,20260810_135255,True
315016,0.0156,0.0273,0.9126,315.016,500000,0.0,0.0,0.0039000000000000146,0.0039000000000000146,tap3,natural,normal,20260810_135255,True
317506,0.0078,0.0273,0.9048,317.506,500000,-0.0078,0.0,-0.0038999999999999035,0.008720665112249136,tap3,natural,normal,20260810_135255,True
320028,0.0078,0.0273,0.9204,320.028,500000,-0.0078,0.0,0.011700000000000044,0.014061649974309594,tap3,natural,normal,20260810_135255,True
322518,0.0117,0.0234,0.9087,322.518,500000,-0.003899999999999999,-0.0039000000000000007,0.0,0.00551543289325507,tap3,natural,normal,20260810_135255,True
325022,0.0195,0.0234,0.9126,325.022,500000,0.0039000000000000007,-0.0039000000000000007,0.0039000000000000146,0.006754998149518631,tap3,natural,normal,20260810_135255,True
327507,0.0195,0.0234,0.9126,327.507,500000,0.0039000000000000007,-0.0039000000000000007,0.0039000000000000146,0.006754998149518631,tap3,natural,normal,20260810_135255,True
330028,0.0117,0.0273,0.9087,330.028,500000,-0.003899999999999999,0.0,0.0,0.003899999999999999,tap3,natural,normal,20260810_135255,True
332503,0.0117,0.0234,0.9048,332.503,500000,-0.003899999999999999,-0.0039000000000000007,-0.0038999999999999035,0.006754998149518566,tap3,natural,normal,20260810_135255,True
335015,0.0156,0.0273,0.9087,335.015,500000,0.0,0.0,0.0,0.0,tap3,natural,normal,20260810_135255,True
337526,0.0195,0.0273,0.9087,337.526,500000,0.0039000000000000007,0.0,0.0,0.0039000000000000007,tap3,natural,normal,20260810_135255,True
340021,0.0156,0.0273,0.9126,340.021,500000,0.0,0.0,0.0039000000000000146,0.0039000000000000146,tap3,natural,normal,20260810_135255,True
342516,0.0117,0.0312,0.9126,342.516,500000,-0.003899999999999999,0.0038999999999999972,0.0039000000000000146,0.006754998149518627,tap3,natural,normal,20260810_135255,True
345027,0.0156,0.0312,0.9048,345.027,500000,0.0,0.0038999999999999972,-0.0038999999999999035,0.005515432893255,tap3,natural,normal,20260810_135255,True
347508,0.0195,0.0234,0.9126,347.508,500000,0.0039000000000000007,-0.0039000000000000007,0.0039000000000000146,0.006754998149518631,tap3,natural,normal,20260810_135255,True
350017,0.0078,0.0273,0.9048,350.017,500000,-0.0078,0.0,-0.0038999999999999035,0.008720665112249136,tap3,natural,normal,20260810_135255,True
352513,0.0117,0.0273,0.9048,352.513,500000,-0.003899999999999999,0.0,-0.0038999999999999035,0.005515432893255002,tap3,natural,normal,20260810_135255,True
355025,0.0156,0.0273,0.9087,355.025,500000,0.0,0.0,0.0,0.0,tap3,natural,normal,20260810_135255,True
357504,0.0156,0.0273,0.9126,357.504,500000,0.0,0.0,0.0039000000000000146,0.0039000000000000146,tap3,natural,normal,20260810_135255,True
360020,0.0156,0.0273,0.9126,360.02,500000,0.0,0.0,0.0039000000000000146,0.0039000000000000146,tap3,natural,normal,20260810_135255,True
362521,0.0156,0.0273,0.9126,362.521,500000,0.0,0.0,0.0039000000000000146,0.0039000000000000146,tap3,natural,normal,20260810_135255,True
365007,0.0195,0.0234,0.9126,365.007,500000,0.0039000000000000007,-0.0039000000000000007,0.0039000000000000146,0.006754998149518631,tap3,natural,normal,20260810_135255,True
367525,0.0156,0.0273,0.9009,367.525,500000,0.0,0.0,-0.007799999999999918,0.007799999999999918,tap3,natural,normal,20260810_135255,True
370014,0.0117,0.0273,0.9204,370.014,500000,-0.003899999999999999,0.0,0.011700000000000044,0.01233288287465672,tap3,natural,normal,20260810_135255,True
372522,0.0078,0.039,0.9087,372.522,500000,-0.0078,0.011699999999999999,0.0,0.014061649974309557,tap3,natural,normal,20260810_135255,True
375018,0.0117,0.0195,0.9165,375.018,500000,-0.003899999999999999,-0.007800000000000001,0.007800000000000029,0.01170000000000002,tap3,natural,normal,20260810_135255,True
377502,0.0078,0.0273,0.9048,377.502,500000,-0.0078,0.0,-0.0038999999999999035,0.008720665112249136,tap3,natural,normal,20260810_135255,True
380009,0.0195,0.0273,0.9009,380.009,500000,0.0039000000000000007,0.0,-0.007799999999999918,0.008720665112249107,tap3,natural,normal,20260810_135255,True
382502,0.0117,0.0312,0.9165,382.502,500000,-0.003899999999999999,0.0038999999999999972,0.007800000000000029,0.009553009996854416,tap3,natural,normal,20260810_135255,True
385014,0.0117,0.0351,0.9087,385.014,500000,-0.003899999999999999,0.007799999999999998,0.0,0.008720665112249178,tap3,natural,normal,20260810_135255,True
387528,0.0156,0.0312,0.9126,387.528,500000,0.0,0.0038999999999999972,0.0039000000000000146,0.005515432893255079,tap3,natural,normal,20260810_135255,True
390019,0.0156,0.0351,0.897,390.019,500000,0.0,0.007799999999999998,-0.011699999999999933,0.014061649974309502,tap3,natural,normal,20260810_135255,True
392506,0.0078,0.0273,0.897,392.506,500000,-0.0078,0.0,-0.011699999999999933,0.014061649974309502,tap3,natural,normal,20260810_135255,True
395026,0.0234,0.0234,0.9243,395.026,500000,0.007800000000000001,-0.0039000000000000007,0.015600000000000058,0.017872045210327828,tap3,natural,normal,20260810_135255,True
397523,0.0117,0.0312,0.9165,397.523,500000,-0.003899999999999999,0.0038999999999999972,0.007800000000000029,0.009553009996854416,tap3,natural,normal,20260810_135255,True
400015,0.0156,0.0234,0.9126,400.015,500000,0.0,-0.0039000000000000007,0.0039000000000000146,0.005515432893255082,tap3,natural,normal,20260810_135255,True
402525,0.0117,0.0351,0.9009,402.525,500000,-0.003899999999999999,0.007799999999999998,-0.007799999999999918,0.011699999999999943,tap3,natural,normal,20260810_135255,True
405002,0.0117,0.0273,0.9126,405.002,500000,-0.003899999999999999,0.0,0.0039000000000000146,0.00551543289325508,tap3,natural,normal,20260810_135255,True
407525,0.0078,0.0234,0.9243,407.525,500000,-0.0078,-0.0039000000000000007,0.015600000000000058,0.017872045210327828,tap3,natural,normal,20260810_135255,True
410020,0.0195,0.0234,0.9126,410.02,500000,0.0039000000000000007,-0.0039000000000000007,0.0039000000000000146,0.006754998149518631,tap3,natural,normal,20260810_135255,True
412523,0.0117,0.0312,0.9126,412.523,500000,-0.003899999999999999,0.0038999999999999972,0.0039000000000000146,0.006754998149518627,tap3,natural,normal,20260810_135255,True
415002,0.0117,0.0195,0.9204,415.002,500000,-0.003899999999999999,-0.007800000000000001,0.011700000000000044,0.014592463808418407,tap3,natural,normal,20260810_135255,True
417511,0.0234,0.0234,0.9087,417.511,500000,0.007800000000000001,-0.0039000000000000007,0.0,0.008720665112249181,tap3,natural,normal,20260810_135255,True
420010,0.0078,0.0273,0.9126,420.01,500000,-0.0078,0.0,0.0039000000000000146,0.008720665112249186,tap3,natural,normal,20260810_135255,True
423046,0.0117,0.0234,0.9126,423.046,500000,-0.003899999999999999,-0.0039000000000000007,0.0039000000000000146,0.00675499814951863,tap3,natural,normal,20260810_135255,True
425005,0.0117,0.0234,0.9048,425.005,500000,-0.003899999999999999,-0.0039000000000000007,-0.0038999999999999035,0.006754998149518566,tap3,natural,normal,20260810_135255,True
427524,0.0117,0.0234,0.9087,427.524,500000,-0.003899999999999999,-0.0039000000000000007,0.0,0.00551543289325507,tap3,natural,normal,20260810_135255,True
430023,0.0156,0.0273,0.9165,430.023,500000,0.0,0.0,0.007800000000000029,0.007800000000000029,tap3,natural,normal,20260810_135255,True
432508,0.0195,0.0195,0.9048,432.508,500000,0.0039000000000000007,-0.007800000000000001,-0.0038999999999999035,0.009553009996854357,tap3,natural,normal,20260810_135255,True
435016,0.0078,0.0273,0.9165,435.016,500000,-0.0078,0.0,0.007800000000000029,0.011030865786510162,tap3,natural,normal,20260810_135255,True
437500,0.0195,0.0273,0.9126,437.5,500000,0.0039000000000000007,0.0,0.0039000000000000146,0.005515432893255082,tap3,natural,normal,20260810_135255,True
440019,0.0195,0.0234,0.9165,440.019,500000,0.0039000000000000007,-0.0039000000000000007,0.007800000000000029,0.00955300999685442,tap3,natural,normal,20260810_135255,True
442521,0.0156,0.0273,0.9087,442.521,500000,0.0,0.0,0.0,0.0,tap3,natural,normal,20260810_135255,True
445030,0.0117,0.0234,0.9126,445.03,500000,-0.003899999999999999,-0.0039000000000000007,0.0039000000000000146,0.00675499814951863,tap3,natural,normal,20260810_135255,True
447514,0.0195,0.0273,0.9048,447.514,500000,0.0039000000000000007,0.0,-0.0038999999999999035,0.005515432893255003,tap3,natural,normal,20260810_135255,True
450004,0.0117,0.0273,0.9009,450.004,500000,-0.003899999999999999,0.0,-0.007799999999999918,0.008720665112249105,tap3,natural,normal,20260810_135255,True
452528,0.0156,0.0195,0.9048,452.528,500000,0.0,-0.007800000000000001,-0.0038999999999999035,0.008720665112249138,tap3,natural,normal,20260810_135255,True
455022,0.0195,0.0351,0.9126,455.022,500000,0.0039000000000000007,0.007799999999999998,0.0039000000000000146,0.0095530099968544,tap3,natural,normal,20260810_135255,True
457500,0.0039,0.0312,0.9087,457.5,500000,-0.011699999999999999,0.0038999999999999972,0.0,0.012332882874656677,tap3,natural,normal,20260810_135255,True
460022,0.0078,0.0273,0.9126,460.022,500000,-0.0078,0.0,0.0039000000000000146,0.008720665112249186,tap3,natural,normal,20260810_135255,True
462517,0.0195,0.0234,0.9126,462.517,500000,0.0039000000000000007,-0.0039000000000000007,0.0039000000000000146,0.006754998149518631,tap3,natural,normal,20260810_135255,True
465004,0.0117,0.0234,0.9126,465.004,500000,-0.003899999999999999,-0.0039000000000000007,0.0039000000000000146,0.00675499814951863,tap3,natural,normal,20260810_135255,True
467511,0.0156,0.0312,0.9048,467.511,500000,0.0,0.0038999999999999972,-0.0038999999999999035,0.005515432893255,tap3,natural,normal,20260810_135255,True
470028,0.0117,0.0273,0.9165,470.028,500000,-0.003899999999999999,0.0,0.007800000000000029,0.008720665112249205,tap3,natural,normal,20260810_135255,True
472529,0.0117,0.0273,0.9165,472.529,500000,-0.003899999999999999,0.0,0.007800000000000029,0.008720665112249205,tap3,natural,normal,20260810_135255,True
475005,0.0117,0.0195,0.9204,475.005,500000,-0.003899999999999999,-0.007800000000000001,0.011700000000000044,0.014592463808418407,tap3,natural,normal,20260810_135255,True
477523,0.0195,0.0156,0.9165,477.523,500000,0.0039000000000000007,-0.011700000000000002,0.007800000000000029,0.01459246380841839,tap3,natural,normal,20260810_135255,True
480028,0.0078,0.0312,0.9165,480.028,500000,-0.0078,0.0038999999999999972,0.007800000000000029,0.011700000000000018,tap3,natural,normal,20260810_135255,True
482529,0.0156,0.0234,0.9126,482.529,500000,0.0,-0.0039000000000000007,0.0039000000000000146,0.005515432893255082,tap3,natural,normal,20260810_135255,True
485023,0.0195,0.0273,0.9087,485.023,500000,0.0039000000000000007,0.0,0.0,0.0039000000000000007,tap3,natural,normal,20260810_135255,True
487515,0.0117,0.0273,0.9087,487.515,500000,-0.003899999999999999,0.0,0.0,0.003899999999999999,tap3,natural,normal,20260810_135255,True
490014,0.0117,0.0312,0.9087,490.014,500000,-0.003899999999999999,0.0038999999999999972,0.0,0.005515432893255068,tap3,natural,normal,20260810_135255,True
492505,0.0156,0.0273,0.9126,492.505,500000,0.0,0.0,0.0039000000000000146,0.0039000000000000146,tap3,natural,normal,20260810_135255,True
495016,0.0156,0.0234,0.9204,495.016,500000,0.0,-0.0039000000000000007,0.011700000000000044,0.012332882874656722,tap3,natural,normal,20260810_135255,True
497521,0.0117,0.0234,0.9087,497.521,500000,-0.003899999999999999,-0.0039000000000000007,0.0,0.00551543289325507,tap3,natural,normal,20260810_135255,True
510156,0.0117,0.0273,0.9204,510.156,500000,-0.003899999999999999,0.0,0.011700000000000044,0.01233288287465672,tap3,natural,normal,20260810_135255,True
512608,0.0156,0.0234,0.9048,512.608,500000,0.0,-0.0039000000000000007,-0.0038999999999999035,0.005515432893255003,tap3,natural,normal,20260810_135255,True
515107,0.0156,0.0234,0.9165,515.107,500000,0.0,-0.0039000000000000007,0.007800000000000029,0.008720665112249207,tap3,natural,normal,20260810_135255,True
517604,0.0195,0.0273,0.9087,517.604,500000,0.0039000000000000007,0.0,0.0,0.0039000000000000007,tap3,natural,normal,20260810_135255,True
520114,0.0156,0.0312,0.9048,520.114,500000,0.0,0.0038999999999999972,-0.0038999999999999035,0.005515432893255,tap3,natural,normal,20260810_135255,True
522629,0.0156,0.0312,0.9087,522.629,500000,0.0,0.0038999999999999972,0.0,0.0038999999999999972,tap3,natural,normal,20260810_135255,True
525451,0.0117,0.0273,0.9087,525.451,500000,-0.003899999999999999,0.0,0.0,0.003899999999999999,tap3,natural,normal,20260810_135255,True
527628,0.0117,0.0312,0.9126,527.628,500000,-0.003899999999999999,0.0038999999999999972,0.0039000000000000146,0.006754998149518627,tap3,natural,normal,20260810_135255,True
530110,0.0117,0.0351,0.9126,530.11,500000,-0.003899999999999999,0.007799999999999998,0.0039000000000000146,0.009553009996854399,tap3,natural,normal,20260810_135255,True
532604,0.0117,0.0273,0.9087,532.604,500000,-0.003899999999999999,0.0,0.0,0.003899999999999999,tap3,natural,normal,20260810_135255,True
535118,0.0078,0.0234,0.9048,535.118,500000,-0.0078,-0.0039000000000000007,-0.0038999999999999035,0.009553009996854355,tap3,natural,normal,20260810_135255,True
537618,0.0117,0.0273,0.9048,537.618,500000,-0.003899999999999999,0.0,-0.0038999999999999035,0.005515432893255002,tap3,natural,normal,20260810_135255,True
540122,0.0117,0.0273,0.9126,540.122,500000,-0.003899999999999999,0.0,0.0039000000000000146,0.00551543289325508,tap3,natural,normal,20260810_135255,True
542605,0.0195,0.0312,0.9048,542.605,500000,0.0039000000000000007,0.0038999999999999972,-0.0038999999999999035,0.006754998149518564,tap3,natural,normal,20260810_135255,True
545105,0.0156,0.0273,0.9165,545.105,500000,0.0,0.0,0.007800000000000029,0.007800000000000029,tap3,natural,normal,20260810_135255,True
547605,0.0078,0.0234,0.9126,547.605,500000,-0.0078,-0.0039000000000000007,0.0039000000000000146,0.0095530099968544,tap3,natural,normal,20260810_135255,True
550102,0.0117,0.0234,0.9087,550.102,500000,-0.003899999999999999,-0.0039000000000000007,0.0,0.00551543289325507,tap3,natural,normal,20260810_135255,True
552612,0.0117,0.0234,0.9126,552.612,500000,-0.003899999999999999,-0.0039000000000000007,0.0039000000000000146,0.00675499814951863,tap3,natural,normal,20260810_135255,True
555107,0.0156,0.0234,0.9009,555.107,500000,0.0,-0.0039000000000000007,-0.007799999999999918,0.008720665112249107,tap3,natural,normal,20260810_135255,True
557629,0.0156,0.0273,0.9165,557.629,500000,0.0,0.0,0.007800000000000029,0.007800000000000029,tap3,natural,normal,20260810_135255,True
560117,0.0117,0.0273,0.9087,560.117,500000,-0.003899999999999999,0.0,0.0,0.003899999999999999,tap3,natural,normal,20260810_135255,True
562621,0.0156,0.0234,0.9009,562.621,500000,0.0,-0.0039000000000000007,-0.007799999999999918,0.008720665112249107,tap3,natural,normal,20260810_135255,True
565118,0.0156,0.0273,0.9048,565.118,500000,0.0,0.0,-0.0038999999999999035,0.0038999999999999035,tap3,natural,normal,20260810_135255,True
567613,0.0156,0.0273,0.9126,567.613,500000,0.0,0.0,0.0039000000000000146,0.0039000000000000146,tap3,natural,normal,20260810_135255,True
570100,0.0117,0.0273,0.9165,570.1,500000,-0.003899999999999999,0.0,0.007800000000000029,0.008720665112249205,tap3,natural,normal,20260810_135255,True
572626,0.0156,0.0234,0.9126,572.626,500000,0.0,-0.0039000000000000007,0.0039000000000000146,0.005515432893255082,tap3,natural,normal,20260810_135255,True
575118,0.0078,0.0312,0.9048,575.118,500000,-0.0078,0.0038999999999999972,-0.0038999999999999035,0.009553009996854354,tap3,natural,normal,20260810_135255,True
577625,0.0117,0.0234,0.9009,577.625,500000,-0.003899999999999999,-0.0039000000000000007,-0.007799999999999918,0.009553009996854328,tap3,natural,normal,20260810_135255,True
580106,0.0117,0.0312,0.9048,580.106,500000,-0.003899999999999999,0.0038999999999999972,-0.0038999999999999035,0.006754998149518563,tap3,natural,normal,20260810_135255,True
582624,0.0117,0.0234,0.9126,582.624,500000,-0.003899999999999999,-0.0039000000000000007,0.0039000000000000146,0.00675499814951863,tap3,natural,normal,20260810_135255,True
585127,0.0117,0.0351,0.9087,585.127,500000,-0.003899999999999999,0.007799999999999998,0.0,0.008720665112249178,tap3,natural,normal,20260810_135255,True
587619,0.0117,0.0351,0.9087,587.619,500000,-0.003899999999999999,0.007799999999999998,0.0,0.008720665112249178,tap3,natural,normal,20260810_135255,True
590119,0.0117,0.0351,0.9165,590.119,500000,-0.003899999999999999,0.007799999999999998,0.007800000000000029,0.011700000000000018,tap3,natural,normal,20260810_135255,True
592627,0.0195,0.0273,0.9048,592.627,500000,0.0039000000000000007,0.0,-0.0038999999999999035,0.005515432893255003,tap3,natural,normal,20260810_135255,True
595100,0.0078,0.0273,0.9126,595.1,500000,-0.0078,0.0,0.0039000000000000146,0.008720665112249186,tap3,natural,normal,20260810_135255,True
597620,0.0117,0.0273,0.9087,597.62,500000,-0.003899999999999999,0.0,0.0,0.003899999999999999,tap3,natural,normal,20260810_135255,True
600101,0.0078,0.0234,0.9087,600.101,500000,-0.0078,-0.0039000000000000007,0.0,0.00872066511224918,tap3,natural,normal,20260810_135255,True
602604,0.0156,0.0273,0.9087,602.604,500000,0.0,0.0,0.0,0.0,tap3,natural,normal,20260810_135255,True
605126,0.0117,0.0273,0.9126,605.126,500000,-0.003899999999999999,0.0,0.0039000000000000146,0.00551543289325508,tap3,natural,normal,20260810_135255,True
607600,0.0078,0.039,0.9204,607.6,500000,-0.0078,0.011699999999999999,0.011700000000000044,0.0182926214633114,tap3,natural,normal,20260810_135255,True
610114,0.0156,0.0351,0.9126,610.114,500000,0.0,0.007799999999999998,0.0039000000000000146,0.008720665112249185,tap3,natural,normal,20260810_135255,True
612623,0.0156,0.0195,0.9048,612.623,500000,0.0,-0.007800000000000001,-0.0038999999999999035,0.008720665112249138,tap3,natural,normal,20260810_135255,True
615124,0.0195,0.0273,0.9087,615.124,500000,0.0039000000000000007,0.0,0.0,0.0039000000000000007,tap3,natural,normal,20260810_135255,True
617630,0.0117,0.0273,0.9048,617.63,500000,-0.003899999999999999,0.0,-0.0038999999999999035,0.005515432893255002,tap3,natural,normal,20260810_135255,True
620120,0.0117,0.0312,0.9126,620.12,500000,-0.003899999999999999,0.0038999999999999972,0.0039000000000000146,0.006754998149518627,tap3,natural,normal,20260810_135255,True
622606,0.0078,0.0273,0.9243,622.606,500000,-0.0078,0.0,0.015600000000000058,0.01744133022449841,tap3,natural,normal,20260810_135255,True
625107,0.0234,0.0234,0.9048,625.107,500000,0.007800000000000001,-0.0039000000000000007,-0.0038999999999999035,0.009553009996854357,tap3,natural,normal,20260810_135255,True
627882,0.0117,0.0312,0.9126,627.882,500000,-0.003899999999999999,0.0038999999999999972,0.0039000000000000146,0.006754998149518627,tap3,natural,normal,20260810_135255,True
630108,0.0117,0.0312,0.9087,630.108,500000,-0.003899999999999999,0.0038999999999999972,0.0,0.005515432893255068,tap3,natural,normal,20260810_135255,True
632604,0.0117,0.0195,0.9126,632.604,500000,-0.003899999999999999,-0.007800000000000001,0.0039000000000000146,0.0095530099968544,tap3,natural,normal,20260810_135255,True
635109,0.0156,0.0273,0.9048,635.109,500000,0.0,0.0,-0.0038999999999999035,0.0038999999999999035,tap3,natural,normal,20260810_135255,True
637607,0.0195,0.0273,0.9165,637.607,500000,0.0039000000000000007,0.0,0.007800000000000029,0.008720665112249207,tap3,natural,normal,20260810_135255,True
640117,0.0195,0.0273,0.9048,640.117,500000,0.0039000000000000007,0.0,-0.0038999999999999035,0.005515432893255003,tap3,natural,normal,20260810_135255,True
642619,0.0117,0.0234,0.9165,642.619,500000,-0.003899999999999999,-0.0039000000000000007,0.007800000000000029,0.009553009996854418,tap3,natural,normal,20260810_135255,True
645103,0.0195,0.0234,0.9126,645.103,500000,0.0039000000000000007,-0.0039000000000000007,0.0039000000000000146,0.006754998149518631,tap3,natural,normal,20260810_135255,True
647620,0.0078,0.0273,0.9087,647.62,500000,-0.0078,0.0,0.0,0.0078,tap3,natural,normal,20260810_135255,True
650107,0.0117,0.0429,0.9009,650.107,500000,-0.003899999999999999,0.0156,-0.007799999999999918,0.01787204521032774,tap3,natural,normal,20260810_135255,True
652612,0.0078,0.0312,0.9126,652.612,500000,-0.0078,0.0038999999999999972,0.0039000000000000146,0.0095530099968544,tap3,natural,normal,20260810_135255,True
655108,0.0117,0.0351,0.9165,655.108,500000,-0.003899999999999999,0.007799999999999998,0.007800000000000029,0.011700000000000018,tap3,natural,normal,20260810_135255,True
657600,0.0156,0.0234,0.9087,657.6,500000,0.0,-0.0039000000000000007,0.0,0.0039000000000000007,tap3,natural,normal,20260810_135255,True
660114,0.0195,0.0273,0.9087,660.114,500000,0.0039000000000000007,0.0,0.0,0.0039000000000000007,tap3,natural,normal,20260810_135255,True
662615,0.0156,0.0273,0.9126,662.615,500000,0.0,0.0,0.0039000000000000146,0.0039000000000000146,tap3,natural,normal,20260810_135255,True
665112,0.0117,0.0312,0.9048,665.112,500000,-0.003899999999999999,0.0038999999999999972,-0.0038999999999999035,0.006754998149518563,tap3,natural,normal,20260810_135255,True
667607,0.0156,0.0234,0.9087,667.607,500000,0.0,-0.0039000000000000007,0.0,0.0039000000000000007,tap3,natural,normal,20260810_135255,True
670116,0.0156,0.0273,0.9126,670.116,500000,0.0,0.0,0.0039000000000000146,0.0039000000000000146,tap3,natural,normal,20260810_135255,True
672605,0.0078,0.0273,0.9126,672.605,500000,-0.0078,0.0,0.0039000000000000146,0.008720665112249186,tap3,natural,normal,20260810_135255,True
675099,0.0117,0.0312,0.9009,675.099,500000,-0.003899999999999999,0.0038999999999999972,-0.007799999999999918,0.009553009996854326,tap3,natural,normal,20260810_135255,True
677665,0.0117,0.0273,0.9048,677.665,500000,-0.003899999999999999,0.0,-0.0038999999999999035,0.005515432893255002,tap3,natural,normal,20260810_135255,True
680124,0.0156,0.0273,0.897,680.124,500000,0.0,0.0,-0.011699999999999933,0.011699999999999933,tap3,natural,normal,20260810_135255,True
682619,0.0156,0.0273,0.9126,682.619,500000,0.0,0.0,0.0039000000000000146,0.0039000000000000146,tap3,natural,normal,20260810_135255,True
685118,0.0117,0.0273,0.9126,685.118,500000,-0.003899999999999999,0.0,0.0039000000000000146,0.00551543289325508,tap3,natural,normal,20260810_135255,True
687609,0.0117,0.0234,0.9126,687.609,500000,-0.003899999999999999,-0.0039000000000000007,0.0039000000000000146,0.00675499814951863,tap3,natural,normal,20260810_135255,True
690128,0.0117,0.0312,0.9048,690.128,500000,-0.003899999999999999,0.0038999999999999972,-0.0038999999999999035,0.006754998149518563,tap3,natural,normal,20260810_135255,True
692614,0.0156,0.0195,0.9048,692.614,500000,0.0,-0.007800000000000001,-0.0038999999999999035,0.008720665112249138,tap3,natural,normal,20260810_135255,True
695115,0.0156,0.0195,0.9048,695.115,500000,0.0,-0.007800000000000001,-0.0038999999999999035,0.008720665112249138,tap3,natural,normal,20260810_135255,True
697626,0.0117,0.0312,0.9165,697.626,500000,-0.003899999999999999,0.0038999999999999972,0.007800000000000029,0.009553009996854416,tap3,natural,normal,20260810_135255,True
700109,0.0117,0.0273,0.9165,700.109,500000,-0.003899999999999999,0.0,0.007800000000000029,0.008720665112249205,tap3,natural,normal,20260810_135255,True
702614,0.0156,0.0234,0.9204,702.614,500000,0.0,-0.0039000000000000007,0.011700000000000044,0.012332882874656722,tap3,natural,normal,20260810_135255,True
705115,0.0156,0.0273,0.9048,705.115,500000,0.0,0.0,-0.0038999999999999035,0.0038999999999999035,tap3,natural,normal,20260810_135255,True
707608,0.0117,0.0351,0.9048,707.608,500000,-0.003899999999999999,0.007799999999999998,-0.0038999999999999035,0.009553009996854354,tap3,natural,normal,20260810_135255,True
710122,0.0078,0.0273,0.9126,710.122,500000,-0.0078,0.0,0.0039000000000000146,0.008720665112249186,tap3,natural,normal,20260810_135255,True
712627,0.0078,0.0273,0.9126,712.627,500000,-0.0078,0.0,0.0039000000000000146,0.008720665112249186,tap3,natural,normal,20260810_135255,True
715122,0.0078,0.0351,0.897,715.122,500000,-0.0078,0.007799999999999998,-0.011699999999999933,0.016080111939908825,tap3,natural,normal,20260810_135255,True
717618,0.0195,0.0351,0.9087,717.618,500000,0.0039000000000000007,0.007799999999999998,0.0,0.00872066511224918,tap3,natural,normal,20260810_135255,True
720104,0.0117,0.0312,0.9048,720.104,500000,-0.003899999999999999,0.0038999999999999972,-0.0038999999999999035,0.006754998149518563,tap3,natural,normal,20260810_135255,True
722616,0.0117,0.0273,0.9087,722.616,500000,-0.003899999999999999,0.0,0.0,0.003899999999999999,tap3,natural,normal,20260810_135255,True
725116,0.0195,0.0234,0.9126,725.116,500000,0.0039000000000000007,-0.0039000000000000007,0.0039000000000000146,0.006754998149518631,tap3,natural,normal,20260810_135255,True
727628,0.0156,0.0273,0.9009,727.628,500000,0.0,0.0,-0.007799999999999918,0.007799999999999918,tap3,natural,normal,20260810_135255,True
730233,0.0195,0.0234,0.9087,730.233,500000,0.0039000000000000007,-0.0039000000000000007,0.0,0.005515432893255071,tap3,natural,normal,20260810_135255,True
732605,0.0078,0.0273,0.9048,732.605,500000,-0.0078,0.0,-0.0038999999999999035,0.008720665112249136,tap3,natural,normal,20260810_135255,True
735127,0.0078,0.0351,0.9087,735.127,500000,-0.0078,0.007799999999999998,0.0,0.011030865786510139,tap3,natural,normal,20260810_135255,True
737621,0.0117,0.0273,0.9048,737.621,500000,-0.003899999999999999,0.0,-0.0038999999999999035,0.005515432893255002,tap3,natural,normal,20260810_135255,True
740107,0.0195,0.0234,0.9087,740.107,500000,0.0039000000000000007,-0.0039000000000000007,0.0,0.005515432893255071,tap3,natural,normal,20260810_135255,True
742618,0.0078,0.0273,0.9126,742.618,500000,-0.0078,0.0,0.0039000000000000146,0.008720665112249186,tap3,natural,normal,20260810_135255,True
745128,0.0117,0.0312,0.9165,745.128,500000,-0.003899999999999999,0.0038999999999999972,0.007800000000000029,0.009553009996854416,tap3,natural,normal,20260810_135255,True
747609,0.0078,0.0273,0.9087,747.609,500000,-0.0078,0.0,0.0,0.0078,tap3,natural,normal,20260810_135255,True
750099,0.0156,0.0273,0.9126,750.099,500000,0.0,0.0,0.0039000000000000146,0.0039000000000000146,tap3,natural,normal,20260810_135255,True
752621,0.0195,0.0156,0.9009,752.621,500000,0.0039000000000000007,-0.011700000000000002,-0.007799999999999918,0.01459246380841833,tap3,natural,normal,20260810_135255,True
755114,0.0156,0.0312,0.9048,755.114,500000,0.0,0.0038999999999999972,-0.0038999999999999035,0.005515432893255,tap3,natural,normal,20260810_135255,True
757604,0.0078,0.0351,0.9048,757.604,500000,-0.0078,0.007799999999999998,-0.0038999999999999035,0.011699999999999966,tap3,natural,normal,20260810_135255,True
760123,0.0117,0.0273,0.9165,760.123,500000,-0.003899999999999999,0.0,0.007800000000000029,0.008720665112249205,tap3,natural,normal,20260810_135255,True
762604,0.0078,0.0312,0.9048,762.604,500000,-0.0078,0.0038999999999999972,-0.0038999999999999035,0.009553009996854354,tap3,natural,normal,20260810_135255,True
765123,0.0156,0.0234,0.9087,765.123,500000,0.0,-0.0039000000000000007,0.0,0.0039000000000000007,tap3,natural,normal,20260810_135255,True
767623,0.0156,0.0273,0.9087,767.623,500000,0.0,0.0,0.0,0.0,tap3,natural,normal,20260810_135255,True
770100,0.0195,0.0273,0.9087,770.1,500000,0.0039000000000000007,0.0,0.0,0.0039000000000000007,tap3,natural,normal,20260810_135255,True
772624,0.0117,0.0273,0.9165,772.624,500000,-0.003899999999999999,0.0,0.007800000000000029,0.008720665112249205,tap3,natural,normal,20260810_135255,True
775115,0.0156,0.0273,0.9126,775.115,500000,0.0,0.0,0.0039000000000000146,0.0039000000000000146,tap3,natural,normal,20260810_135255,True
777612,0.0156,0.0273,0.9126,777.612,500000,0.0,0.0,0.0039000000000000146,0.0039000000000000146,tap3,natural,normal,20260810_135255,True
780115,0.0156,0.0234,0.9048,780.115,500000,0.0,-0.0039000000000000007,-0.0038999999999999035,0.005515432893255003,tap3,natural,normal,20260810_135255,True
782623,0.0078,0.0273,0.9126,782.623,500000,-0.0078,0.0,0.0039000000000000146,0.008720665112249186,tap3,natural,normal,20260810_135255,True
785120,0.0117,0.0234,0.9126,785.12,500000,-0.003899999999999999,-0.0039000000000000007,0.0039000000000000146,0.00675499814951863,tap3,natural,normal,20260810_135255,True
787613,0.0156,0.0273,0.9126,787.613,500000,0.0,0.0,0.0039000000000000146,0.0039000000000000146,tap3,natural,normal,20260810_135255,True
790125,0.0156,0.0273,0.9087,790.125,500000,0.0,0.0,0.0,0.0,tap3,natural,normal,20260810_135255,True
792623,0.0117,0.0273,0.9048,792.623,500000,-0.003899999999999999,0.0,-0.0038999999999999035,0.005515432893255002,tap3,natural,normal,20260810_135255,True
795119,0.0156,0.0234,0.9087,795.119,500000,0.0,-0.0039000000000000007,0.0,0.0039000000000000007,tap3,natural,normal,20260810_135255,True
797618,0.0078,0.0273,0.9048,797.618,500000,-0.0078,0.0,-0.0038999999999999035,0.008720665112249136,tap3,natural,normal,20260810_135255,True
800099,0.0078,0.0273,0.9048,800.099,500000,-0.0078,0.0,-0.0038999999999999035,0.008720665112249136,tap3,natural,normal,20260810_135255,True
802601,0.0039,0.0312,0.9165,802.601,500000,-0.011699999999999999,0.0038999999999999972,0.007800000000000029,0.014592463808418386,tap3,natural,normal,20260810_135255,True
805127,0.0156,0.0234,0.9165,805.127,500000,0.0,-0.0039000000000000007,0.007800000000000029,0.008720665112249207,tap3,natural,normal,20260810_135255,True
807601,0.0156,0.0234,0.9165,807.601,500000,0.0,-0.0039000000000000007,0.007800000000000029,0.008720665112249207,tap3,natural,normal,20260810_135255,True
810110,0.0156,0.0195,0.9048,810.11,500000,0.0,-0.007800000000000001,-0.0038999999999999035,0.008720665112249138,tap3,natural,normal,20260810_135255,True
812613,0.0078,0.0351,0.9126,812.613,500000,-0.0078,0.007799999999999998,0.0039000000000000146,0.011700000000000004,tap3,natural,normal,20260810_135255,True
815117,0.0156,0.0273,0.9009,815.117,500000,0.0,0.0,-0.007799999999999918,0.007799999999999918,tap3,natural,normal,20260810_135255,True
817613,0.0078,0.0273,0.9009,817.613,500000,-0.0078,0.0,-0.007799999999999918,0.011030865786510084,tap3,natural,normal,20260810_135255,True
820123,0.0078,0.039,0.9087,820.123,500000,-0.0078,0.011699999999999999,0.0,0.014061649974309557,tap3,natural,normal,20260810_135255,True
822606,0.0039,0.0312,0.9204,822.606,500000,-0.011699999999999999,0.0038999999999999972,0.011700000000000044,0.016999705879808657,tap3,natural,normal,20260810_135255,True
825106,0.0078,0.0312,0.9087,825.106,500000,-0.0078,0.0038999999999999972,0.0,0.00872066511224918,tap3,natural,normal,20260810_135255,True
827599,0.0117,0.039,0.9126,827.599,500000,-0.003899999999999999,0.011699999999999999,0.0039000000000000146,0.012934836682386062,tap3,natural,normal,20260810_135255,True
830111,0.0156,0.0312,0.9204,830.111,500000,0.0,0.0038999999999999972,0.011700000000000044,0.01233288287465672,tap3,natural,normal,20260810_135255,True
832667,0.0117,0.0312,0.9126,832.667,500000,-0.003899999999999999,0.0038999999999999972,0.0039000000000000146,0.006754998149518627,tap3,natural,normal,20260810_135255,True
835123,0.0195,0.0312,0.9048,835.123,500000,0.0039000000000000007,0.0038999999999999972,-0.0038999999999999035,0.006754998149518564,tap3,natural,normal,20260810_135255,True
837615,0.0117,0.0312,0.9087,837.615,500000,-0.003899999999999999,0.0038999999999999972,0.0,0.005515432893255068,tap3,natural,normal,20260810_135255,True
840123,0.0195,0.0273,0.9087,840.123,500000,0.0039000000000000007,0.0,0.0,0.0039000000000000007,tap3,natural,normal,20260810_135255,True
842601,0.0117,0.0312,0.9126,842.601,500000,-0.003899999999999999,0.0038999999999999972,0.0039000000000000146,0.006754998149518627,tap3,natural,normal,20260810_135255,True
845123,0.0078,0.0273,0.9087,845.123,500000,-0.0078,0.0,0.0,0.0078,tap3,natural,normal,20260810_135255,True
847626,0.0156,0.0312,0.9048,847.626,500000,0.0,0.0038999999999999972,-0.0038999999999999035,0.005515432893255,tap3,natural,normal,20260810_135255,True
850109,0.0117,0.0312,0.9087,850.109,500000,-0.003899999999999999,0.0038999999999999972,0.0,0.005515432893255068,tap3,natural,normal,20260810_135255,True
852628,0.0117,0.0312,0.9048,852.628,500000,-0.003899999999999999,0.0038999999999999972,-0.0038999999999999035,0.006754998149518563,tap3,natural,normal,20260810_135255,True
855121,0.0117,0.0273,0.9048,855.121,500000,-0.003899999999999999,0.0,-0.0038999999999999035,0.005515432893255002,tap3,natural,normal,20260810_135255,True
857607,0.0156,0.0234,0.9126,857.607,500000,0.0,-0.0039000000000000007,0.0039000000000000146,0.005515432893255082,tap3,natural,normal,20260810_135255,True
860127,0.0117,0.0351,0.9009,860.127,500000,-0.003899999999999999,0.007799999999999998,-0.007799999999999918,0.011699999999999943,tap3,natural,normal,20260810_135255,True
862605,0.0156,0.0273,0.9009,862.605,500000,0.0,0.0,-0.007799999999999918,0.007799999999999918,tap3,natural,normal,20260810_135255,True
865104,0.0156,0.0312,0.9087,865.104,500000,0.0,0.0038999999999999972,0.0,0.0038999999999999972,tap3,natural,normal,20260810_135255,True
867602,0.0117,0.0273,0.9048,867.602,500000,-0.003899999999999999,0.0,-0.0038999999999999035,0.005515432893255002,tap3,natural,normal,20260810_135255,True
870112,0.0156,0.0195,0.9165,870.112,500000,0.0,-0.007800000000000001,0.007800000000000029,0.011030865786510163,tap3,natural,normal,20260810_135255,True
872625,0.0117,0.0312,0.9048,872.625,500000,-0.003899999999999999,0.0038999999999999972,-0.0038999999999999035,0.006754998149518563,tap3,natural,normal,20260810_135255,True
875112,0.0156,0.0312,0.9204,875.112,500000,0.0,0.0038999999999999972,0.011700000000000044,0.01233288287465672,tap3,natural,normal,20260810_135255,True
877609,0.0156,0.0234,0.9126,877.609,500000,0.0,-0.0039000000000000007,0.0039000000000000146,0.005515432893255082,tap3,natural,normal,20260810_135255,True
880124,0.0195,0.0234,0.9048,880.124,500000,0.0039000000000000007,-0.0039000000000000007,-0.0038999999999999035,0.006754998149518567,tap3,natural,normal,20260810_135255,True
882605,0.0078,0.0273,0.9048,882.605,500000,-0.0078,0.0,-0.0038999999999999035,0.008720665112249136,tap3,natural,normal,20260810_135255,True
885106,0.0156,0.0351,0.9048,885.106,500000,0.0,0.007799999999999998,-0.0038999999999999035,0.008720665112249134,tap3,natural,normal,20260810_135255,True
887604,0.0117,0.0312,0.9087,887.604,500000,-0.003899999999999999,0.0038999999999999972,0.0,0.005515432893255068,tap3,natural,normal,20260810_135255,True
890114,0.0156,0.0234,0.9087,890.114,500000,0.0,-0.0039000000000000007,0.0,0.0039000000000000007,tap3,natural,normal,20260810_135255,True
892624,0.0156,0.0234,0.9087,892.624,500000,0.0,-0.0039000000000000007,0.0,0.0039000000000000007,tap3,natural,normal,20260810_135255,True
895128,0.0156,0.0312,0.9048,895.128,500000,0.0,0.0038999999999999972,-0.0038999999999999035,0.005515432893255,tap3,natural,normal,20260810_135255,True
897616,0.0117,0.0234,0.9087,897.616,500000,-0.003899999999999999,-0.0039000000000000007,0.0,0.00551543289325507,tap3,natural,normal,20260810_135255,True
900099,0.0156,0.0312,0.9087,900.099,500000,0.0,0.0038999999999999972,0.0,0.0038999999999999972,tap3,natural,normal,20260810_135255,True
902629,0.0156,0.0351,0.9165,902.629,500000,0.0,0.007799999999999998,0.007800000000000029,0.01103086578651016,tap3,natural,normal,20260810_135255,True
905124,0.0078,0.0273,0.9087,905.124,500000,-0.0078,0.0,0.0,0.0078,tap3,natural,normal,20260810_135255,True
907619,0.0117,0.0234,0.9126,907.619,500000,-0.003899999999999999,-0.0039000000000000007,0.0039000000000000146,0.00675499814951863,tap3,natural,normal,20260810_135255,True
910125,0.0117,0.0234,0.9009,910.125,500000,-0.003899999999999999,-0.0039000000000000007,-0.007799999999999918,0.009553009996854328,tap3,natural,normal,20260810_135255,True
912610,0.0117,0.0273,0.9048,912.61,500000,-0.003899999999999999,0.0,-0.0038999999999999035,0.005515432893255002,tap3,natural,normal,20260810_135255,True
915125,0.0156,0.0234,0.9165,915.125,500000,0.0,-0.0039000000000000007,0.007800000000000029,0.008720665112249207,tap3,natural,normal,20260810_135255,True
917620,0.0156,0.0234,0.9165,917.62,500000,0.0,-0.0039000000000000007,0.007800000000000029,0.008720665112249207,tap3,natural,normal,20260810_135255,True
920116,0.0195,0.0234,0.9048,920.116,500000,0.0039000000000000007,-0.0039000000000000007,-0.0038999999999999035,0.006754998149518567,tap3,natural,normal,20260810_135255,True
922624,0.0156,0.0273,0.9126,922.624,500000,0.0,0.0,0.0039000000000000146,0.0039000000000000146,tap3,natural,normal,20260810_135255,True
925114,0.0195,0.0195,0.9126,925.114,500000,0.0039000000000000007,-0.007800000000000001,0.0039000000000000146,0.009553009996854402,tap3,natural,normal,20260810_135255,True
927629,0.0195,0.0273,0.897,927.629,500000,0.0039000000000000007,0.0,-0.011699999999999933,0.012332882874656616,tap3,natural,normal,20260810_135255,True
930110,0.0156,0.0273,0.9048,930.11,500000,0.0,0.0,-0.0038999999999999035,0.0038999999999999035,tap3,natural,normal,20260810_135255,True
932626,0.0156,0.0234,0.9165,932.626,500000,0.0,-0.0039000000000000007,0.007800000000000029,0.008720665112249207,tap3,natural,normal,20260810_135255,True
935105,0.0078,0.0273,0.9087,935.105,500000,-0.0078,0.0,0.0,0.0078,tap3,natural,normal,20260810_135255,True
937609,0.0117,0.0273,0.9048,937.609,500000,-0.003899999999999999,0.0,-0.0038999999999999035,0.005515432893255002,tap3,natural,normal,20260810_135255,True
940129,0.0078,0.0312,0.9087,940.129,500000,-0.0078,0.0038999999999999972,0.0,0.00872066511224918,tap3,natural,normal,20260810_135255,True
942616,0.0195,0.0273,0.9087,942.616,500000,0.0039000000000000007,0.0,0.0,0.0039000000000000007,tap3,natural,normal,20260810_135255,True
945116,0.0195,0.0156,0.9048,945.116,500000,0.0039000000000000007,-0.011700000000000002,-0.0038999999999999035,0.012934836682386033,tap3,natural,normal,20260810_135255,True
947616,0.0117,0.0273,0.9126,947.616,500000,-0.003899999999999999,0.0,0.0039000000000000146,0.00551543289325508,tap3,natural,normal,20260810_135255,True
950128,0.0156,0.0234,0.9048,950.128,500000,0.0,-0.0039000000000000007,-0.0038999999999999035,0.005515432893255003,tap3,natural,normal,20260810_135255,True
952615,0.0195,0.0351,0.897,952.615,500000,0.0039000000000000007,0.007799999999999998,-0.011699999999999933,0.014592463808418317,tap3,natural,normal,20260810_135255,True
955111,0.0195,0.0351,0.897,955.111,500000,0.0039000000000000007,0.007799999999999998,-0.011699999999999933,0.014592463808418317,tap3,natural,normal,20260810_135255,True
957609,0.0117,0.0234,0.9087,957.609,500000,-0.003899999999999999,-0.0039000000000000007,0.0,0.00551543289325507,tap3,natural,normal,20260810_135255,True
960099,0.0156,0.0273,0.9048,960.099,500000,0.0,0.0,-0.0038999999999999035,0.0038999999999999035,tap3,natural,normal,20260810_135255,True
962606,0.0117,0.0273,0.9204,962.606,500000,-0.003899999999999999,0.0,0.011700000000000044,0.01233288287465672,tap3,natural,normal,20260810_135255,True
965115,0.0156,0.0234,0.9165,965.115,500000,0.0,-0.0039000000000000007,0.007800000000000029,0.008720665112249207,tap3,natural,normal,20260810_135255,True
967605,0.0156,0.0351,0.9126,967.605,500000,0.0,0.007799999999999998,0.0039000000000000146,0.008720665112249185,tap3,natural,normal,20260810_135255,True
970123,0.0195,0.0234,0.9243,970.123,500000,0.0039000000000000007,-0.0039000000000000007,0.015600000000000058,0.01654629867976527,tap3,natural,normal,20260810_135255,True
972600,0.0039,0.0351,0.9165,972.6,500000,-0.011699999999999999,0.007799999999999998,0.007800000000000029,0.016080111939908888,tap3,natural,normal,20260810_135255,True
975125,0.0195,0.0273,0.9048,975.125,500000,0.0039000000000000007,0.0,-0.0038999999999999035,0.005515432893255003,tap3,natural,normal,20260810_135255,True
977618,0.0117,0.0234,0.9048,977.618,500000,-0.003899999999999999,-0.0039000000000000007,-0.0038999999999999035,0.006754998149518566,tap3,natural,normal,20260810_135255,True
980114,0.0156,0.0312,0.9009,980.114,500000,0.0,0.0038999999999999972,-0.007799999999999918,0.008720665112249105,tap3,natural,normal,20260810_135255,True
982621,0.0117,0.0273,0.9165,982.621,500000,-0.003899999999999999,0.0,0.007800000000000029,0.008720665112249205,tap3,natural,normal,20260810_135255,True
985124,0.0078,0.0273,0.9048,985.124,500000,-0.0078,0.0,-0.0038999999999999035,0.008720665112249136,tap3,natural,normal,20260810_135255,True
987613,0.0117,0.0273,0.9048,987.613,500000,-0.003899999999999999,0.0,-0.0038999999999999035,0.005515432893255002,tap3,natural,normal,20260810_135255,True
990125,0.0078,0.0195,0.9204,990.125,500000,-0.0078,-0.007800000000000001,0.011700000000000044,0.01608011193990891,tap3,natural,normal,20260810_135255,True
992611,0.0156,0.0312,0.9048,992.611,500000,0.0,0.0038999999999999972,-0.0038999999999999035,0.005515432893255,tap3,natural,normal,20260810_135255,True
995119,0.0078,0.0273,0.9126,995.119,500000,-0.0078,0.0,0.0039000000000000146,0.008720665112249186,tap3,natural,normal,20260810_135255,True
997618,0.0117,0.0273,0.9126,997.618,500000,-0.003899999999999999,0.0,0.0039000000000000146,0.00551543289325508,tap3,natural,normal,20260810_135255,True
1000099,0.0156,0.0234,0.9048,1000.099,500000,0.0,-0.0039000000000000007,-0.0038999999999999035,0.005515432893255003,tap3,natural,normal,20260810_135255,True
1002599,0.0117,0.0195,0.9009,1002.599,500000,-0.003899999999999999,-0.007800000000000001,-0.007799999999999918,0.011699999999999945,tap3,natural,normal,20260810_135255,True
1005128,0.0117,0.0273,0.9087,1005.128,500000,-0.003899999999999999,0.0,0.0,0.003899999999999999,tap3,natural,normal,20260810_135255,True
1007628,0.0117,0.0312,0.9087,1007.628,500000,-0.003899999999999999,0.0038999999999999972,0.0,0.005515432893255068,tap3,natural,normal,20260810_135255,True
1010126,0.0117,0.0312,0.9087,1010.126,500000,-0.003899999999999999,0.0038999999999999972,0.0,0.005515432893255068,tap3,natural,normal,20260810_135255,True
1012612,0.0156,0.0273,0.9048,1012.612,500000,0.0,0.0,-0.0038999999999999035,0.0038999999999999035,tap3,natural,normal,20260810_135255,True
1015127,0.0117,0.0234,0.9165,1015.127,500000,-0.003899999999999999,-0.0039000000000000007,0.007800000000000029,0.009553009996854418,tap3,natural,normal,20260810_135255,True
1017618,0.0156,0.0351,0.9087,1017.618,500000,0.0,0.007799999999999998,0.0,0.007799999999999998,tap3,natural,normal,20260810_135255,True
1020099,0.0117,0.0312,0.9126,1020.099,500000,-0.003899999999999999,0.0038999999999999972,0.0039000000000000146,0.006754998149518627,tap3,natural,normal,20260810_135255,True
1022612,0.0117,0.0312,0.9048,1022.612,500000,-0.003899999999999999,0.0038999999999999972,-0.0038999999999999035,0.006754998149518563,tap3,natural,normal,20260810_135255,True
1025108,0.0156,0.0195,0.9087,1025.108,500000,0.0,-0.007800000000000001,0.0,0.007800000000000001,tap3,natural,normal,20260810_135255,True
1027623,0.0156,0.0195,0.9087,1027.623,500000,0.0,-0.007800000000000001,0.0,0.007800000000000001,tap3,natural,normal,20260810_135255,True
1030107,0.0078,0.0234,0.9126,1030.107,500000,-0.0078,-0.0039000000000000007,0.0039000000000000146,0.0095530099968544,tap3,natural,normal,20260810_135255,True
1032623,0.0039,0.0312,0.9087,1032.623,500000,-0.011699999999999999,0.0038999999999999972,0.0,0.012332882874656677,tap3,natural,normal,20260810_135255,True
1035123,0.0117,0.0234,0.9126,1035.123,500000,-0.003899999999999999,-0.0039000000000000007,0.0039000000000000146,0.00675499814951863,tap3,natural,normal,20260810_135255,True
1037599,0.0078,0.0312,0.9126,1037.599,500000,-0.0078,0.0038999999999999972,0.0039000000000000146,0.0095530099968544,tap3,natural,normal,20260810_135255,True
1040122,0.0117,0.0234,0.9126,1040.122,500000,-0.003899999999999999,-0.0039000000000000007,0.0039000000000000146,0.00675499814951863,tap3,natural,normal,20260810_135255,True
1042622,0.0117,0.0234,0.9048,1042.622,500000,-0.003899999999999999,-0.0039000000000000007,-0.0038999999999999035,0.006754998149518566,tap3,natural,normal,20260810_135255,True
1045100,0.0117,0.0273,0.9243,1045.1,500000,-0.003899999999999999,0.0,0.015600000000000058,0.016080111939908933,tap3,natural,normal,20260810_135255,True
1047623,0.0117,0.0273,0.9048,1047.623,500000,-0.003899999999999999,0.0,-0.0038999999999999035,0.005515432893255002,tap3,natural,normal,20260810_135255,True
1050105,0.0117,0.0312,0.897,1050.105,500000,-0.003899999999999999,0.0038999999999999972,-0.011699999999999933,0.012934836682385997,tap3,natural,normal,20260810_135255,True
1052612,0.0156,0.0234,0.9048,1052.612,500000,0.0,-0.0039000000000000007,-0.0038999999999999035,0.005515432893255003,tap3,natural,normal,20260810_135255,True
1055104,0.0117,0.0234,0.9009,1055.104,500000,-0.003899999999999999,-0.0039000000000000007,-0.007799999999999918,0.009553009996854328,tap3,natural,normal,20260810_135255,True
1057603,0.0156,0.0273,0.9048,1057.603,500000,0.0,0.0,-0.0038999999999999035,0.0038999999999999035,tap3,natural,normal,20260810_135255,True
1060123,0.0195,0.0234,0.9087,1060.123,500000,0.0039000000000000007,-0.0039000000000000007,0.0,0.005515432893255071,tap3,natural,normal,20260810_135255,True
1062606,0.0117,0.0351,0.9204,1062.606,500000,-0.003899999999999999,0.007799999999999998,0.011700000000000044,0.014592463808418405,tap3,natural,normal,20260810_135255,True
1065107,0.0195,0.0234,0.9048,1065.107,500000,0.0039000000000000007,-0.0039000000000000007,-0.0038999999999999035,0.006754998149518567,tap3,natural,normal,20260810_135255,True
1067601,0.0117,0.0234,0.9087,1067.601,500000,-0.003899999999999999,-0.0039000000000000007,0.0,0.00551543289325507,tap3,natural,normal,20260810_135255,True
1070120,0.0156,0.0273,0.9009,1070.12,500000,0.0,0.0,-0.007799999999999918,0.007799999999999918,tap3,natural,normal,20260810_135255,True
1072604,0.0156,0.0273,0.9165,1072.604,500000,0.0,0.0,0.007800000000000029,0.007800000000000029,tap3,natural,normal,20260810_135255,True
1075110,0.0078,0.0273,0.9048,1075.11,500000,-0.0078,0.0,-0.0038999999999999035,0.008720665112249136,tap3,natural,normal,20260810_135255,True
1077627,0.0117,0.0234,0.9126,1077.627,500000,-0.003899999999999999,-0.0039000000000000007,0.0039000000000000146,0.00675499814951863,tap3,natural,normal,20260810_135255,True
1080119,0.0117,0.0273,0.9048,1080.119,500000,-0.003899999999999999,0.0,-0.0038999999999999035,0.005515432893255002,tap3,natural,normal,20260810_135255,True
1082625,0.0117,0.0312,0.9087,1082.625,500000,-0.003899999999999999,0.0038999999999999972,0.0,0.005515432893255068,tap3,natural,normal,20260810_135255,True
1085117,0.0195,0.0234,0.9126,1085.117,500000,0.0039000000000000007,-0.0039000000000000007,0.0039000000000000146,0.006754998149518631,tap3,natural,normal,20260810_135255,True
1087613,0.0195,0.0234,0.9126,1087.613,500000,0.0039000000000000007,-0.0039000000000000007,0.0039000000000000146,0.006754998149518631,tap3,natural,normal,20260810_135255,True
1090125,0.0156,0.0234,0.9048,1090.125,500000,0.0,-0.0039000000000000007,-0.0038999999999999035,0.005515432893255003,tap3,natural,normal,20260810_135255,True
1092603,0.0156,0.0234,0.9087,1092.603,500000,0.0,-0.0039000000000000007,0.0,0.0039000000000000007,tap3,natural,normal,20260810_135255,True
1095111,0.0039,0.0312,0.9087,1095.111,500000,-0.011699999999999999,0.0038999999999999972,0.0,0.012332882874656677,tap3,natural,normal,20260810_135255,True
1097621,0.0117,0.0351,0.9087,1097.621,500000,-0.003899999999999999,0.007799999999999998,0.0,0.008720665112249178,tap3,natural,normal,20260810_135255,True
1100099,0.0117,0.0234,0.9243,1100.099,500000,-0.003899999999999999,-0.0039000000000000007,0.015600000000000058,0.016546298679765266,tap3,natural,normal,20260810_135255,True
1102624,0.0156,0.0312,0.9048,1102.624,500000,0.0,0.0038999999999999972,-0.0038999999999999035,0.005515432893255,tap3,natural,normal,20260810_135255,True
1105109,0.0156,0.0234,0.9087,1105.109,500000,0.0,-0.0039000000000000007,0.0,0.0039000000000000007,tap3,natural,normal,20260810_135255,True
1107614,0.0078,0.0195,0.9009,1107.614,500000,-0.0078,-0.007800000000000001,-0.007799999999999918,0.013509996299037196,tap3,natural,normal,20260810_135255,True
1110124,0.0117,0.0273,0.9165,1110.124,500000,-0.003899999999999999,0.0,0.007800000000000029,0.008720665112249205,tap3,natural,normal,20260810_135255,True
1112613,0.0195,0.0234,0.9087,1112.613,500000,0.0039000000000000007,-0.0039000000000000007,0.0,0.005515432893255071,tap3,natural,normal,20260810_135255,True
1115110,0.0195,0.0273,0.9165,1115.11,500000,0.0039000000000000007,0.0,0.007800000000000029,0.008720665112249207,tap3,natural,normal,20260810_135255,True
1117602,0.0117,0.0273,0.9009,1117.602,500000,-0.003899999999999999,0.0,-0.007799999999999918,0.008720665112249105,tap3,natural,normal,20260810_135255,True
1120118,0.0078,0.0234,0.9126,1120.118,500000,-0.0078,-0.0039000000000000007,0.0039000000000000146,0.0095530099968544,tap3,natural,normal,20260810_135255,True
1122604,0.0078,0.0234,0.9048,1122.604,500000,-0.0078,-0.0039000000000000007,-0.0038999999999999035,0.009553009996854355,tap3,natural,normal,20260810_135255,True
1125103,0.0156,0.0234,0.9087,1125.103,500000,0.0,-0.0039000000000000007,0.0,0.0039000000000000007,tap3,natural,normal,20260810_135255,True
1127623,0.0195,0.0273,0.9009,1127.623,500000,0.0039000000000000007,0.0,-0.007799999999999918,0.008720665112249107,tap3,natural,normal,20260810_135255,True
1130108,0.0117,0.0312,0.9087,1130.108,500000,-0.003899999999999999,0.0038999999999999972,0.0,0.005515432893255068,tap3,natural,normal,20260810_135255,True
1132629,0.0117,0.0273,0.9087,1132.629,500000,-0.003899999999999999,0.0,0.0,0.003899999999999999,tap3,natural,normal,20260810_135255,True
1135115,0.0117,0.0273,0.9048,1135.115,500000,-0.003899999999999999,0.0,-0.0038999999999999035,0.005515432893255002,tap3,natural,normal,20260810_135255,True
1137613,0.0117,0.0273,0.9048,1137.613,500000,-0.003899999999999999,0.0,-0.0038999999999999035,0.005515432893255002,tap3,natural,normal,20260810_135255,True
1140120,0.0156,0.0312,0.9048,1140.12,500000,0.0,0.0038999999999999972,-0.0038999999999999035,0.005515432893255,tap3,natural,normal,20260810_135255,True
1142608,0.0156,0.0312,0.9087,1142.608,500000,0.0,0.0038999999999999972,0.0,0.0038999999999999972,tap3,natural,normal,20260810_135255,True
1145114,0.0117,0.0273,0.9165,1145.114,500000,-0.003899999999999999,0.0,0.007800000000000029,0.008720665112249205,tap3,natural,normal,20260810_135255,True
1147612,0.0195,0.0195,0.9048,1147.612,500000,0.0039000000000000007,-0.007800000000000001,-0.0038999999999999035,0.009553009996854357,tap3,natural,normal,20260810_135255,True
1150121,0.0156,0.0312,0.9165,1150.121,500000,0.0,0.0038999999999999972,0.007800000000000029,0.008720665112249205,tap3,natural,normal,20260810_135255,True
1152603,0.0195,0.0195,0.9126,1152.603,500000,0.0039000000000000007,-0.007800000000000001,0.0039000000000000146,0.009553009996854402,tap3,natural,normal,20260810_135255,True
1155126,0.0234,0.0273,0.9087,1155.126,500000,0.007800000000000001,0.0,0.0,0.007800000000000001,tap3,natural,normal,20260810_135255,True
1157599,0.0195,0.0273,0.9126,1157.599,500000,0.0039000000000000007,0.0,0.0039000000000000146,0.005515432893255082,tap3,natural,normal,20260810_135255,True
1160119,0.0117,0.0234,0.897,1160.119,500000,-0.003899999999999999,-0.0039000000000000007,-0.011699999999999933,0.012934836682385998,tap3,natural,normal,20260810_135255,True
1162625,0.0039,0.0234,0.9048,1162.625,500000,-0.011699999999999999,-0.0039000000000000007,-0.0038999999999999035,0.01293483668238603,tap3,natural,normal,20260810_135255,True
1165124,0.0117,0.0273,0.9204,1165.124,500000,-0.003899999999999999,0.0,0.011700000000000044,0.01233288287465672,tap3,natural,normal,20260810_135255,True
1167613,0.0156,0.0312,0.9048,1167.613,500000,0.0,0.0038999999999999972,-0.0038999999999999035,0.005515432893255,tap3,natural,normal,20260810_135255,True
1170119,0.0117,0.0273,0.9009,1170.119,500000,-0.003899999999999999,0.0,-0.007799999999999918,0.008720665112249105,tap3,natural,normal,20260810_135255,True
1172613,0.0117,0.0234,0.9126,1172.613,500000,-0.003899999999999999,-0.0039000000000000007,0.0039000000000000146,0.00675499814951863,tap3,natural,normal,20260810_135255,True
1175107,0.0078,0.0351,0.9087,1175.107,500000,-0.0078,0.007799999999999998,0.0,0.011030865786510139,tap3,natural,normal,20260810_135255,True
1177605,0.0117,0.0234,0.9048,1177.605,500000,-0.003899999999999999,-0.0039000000000000007,-0.0038999999999999035,0.006754998149518566,tap3,natural,normal,20260810_135255,True
1180100,0.0078,0.0312,0.9126,1180.1,500000,-0.0078,0.0038999999999999972,0.0039000000000000146,0.0095530099968544,tap3,natural,normal,20260810_135255,True
1182604,0.0117,0.0273,0.9126,1182.604,500000,-0.003899999999999999,0.0,0.0039000000000000146,0.00551543289325508,tap3,natural,normal,20260810_135255,True
1185102,0.0156,0.0273,0.9126,1185.102,500000,0.0,0.0,0.0039000000000000146,0.0039000000000000146,tap3,natural,normal,20260810_135255,True
1187628,0.0156,0.0312,0.9087,1187.628,500000,0.0,0.0038999999999999972,0.0,0.0038999999999999972,tap3,natural,normal,20260810_135255,True
1190109,0.0156,0.0273,0.9126,1190.109,500000,0.0,0.0,0.0039000000000000146,0.0039000000000000146,tap3,natural,normal,20260810_135255,True
1192611,0.0117,0.0273,0.9087,1192.611,500000,-0.003899999999999999,0.0,0.0,0.003899999999999999,tap3,natural,normal,20260810_135255,True
1195110,0.0195,0.0234,0.9009,1195.11,500000,0.0039000000000000007,-0.0039000000000000007,-0.007799999999999918,0.009553009996854328,tap3,natural,normal,20260810_135255,True
1197618,0.0156,0.0195,0.9087,1197.618,500000,0.0,-0.007800000000000001,0.0,0.007800000000000001,tap3,natural,normal,20260810_135255,True
1200101,0.0156,0.0273,0.9009,1200.101,500000,0.0,0.0,-0.007799999999999918,0.007799999999999918,tap3,natural,normal,20260810_135255,True
1202623,0.0078,0.0234,0.9204,1202.623,500000,-0.0078,-0.0039000000000000007,0.011700000000000044,0.014592463808418407,tap3,natural,normal,20260810_135255,True
1205118,0.0195,0.0234,0.9165,1205.118,500000,0.0039000000000000007,-0.0039000000000000007,0.007800000000000029,0.00955300999685442,tap3,natural,normal,20260810_135255,True
1207628,0.0117,0.0234,0.9126,1207.628,500000,-0.003899999999999999,-0.0039000000000000007,0.0039000000000000146,0.00675499814951863,tap3,natural,normal,20260810_135255,True
1210109,0.0039,0.0351,0.9048,1210.109,500000,-0.011699999999999999,0.007799999999999998,-0.0038999999999999035,0.014592463808418344,tap3,natural,normal,20260810_135255,True
1212601,0.0039,0.0273,0.9087,1212.601,500000,-0.011699999999999999,0.0,0.0,0.011699999999999999,tap3,natural,normal,20260810_135255,True
1215102,0.0117,0.0234,0.9165,1215.102,500000,-0.003899999999999999,-0.0039000000000000007,0.007800000000000029,0.009553009996854418,tap3,natural,normal,20260810_135255,True
1217620,0.0117,0.0234,0.9165,1217.62,500000,-0.003899999999999999,-0.0039000000000000007,0.007800000000000029,0.009553009996854418,tap3,natural,normal,20260810_135255,True
1220128,0.0117,0.0273,0.9087,1220.128,500000,-0.003899999999999999,0.0,0.0,0.003899999999999999,tap3,natural,normal,20260810_135255,True
1222614,0.0078,0.0312,0.9165,1222.614,500000,-0.0078,0.0038999999999999972,0.007800000000000029,0.011700000000000018,tap3,natural,normal,20260810_135255,True
1225111,0.0078,0.0234,0.9087,1225.111,500000,-0.0078,-0.0039000000000000007,0.0,0.00872066511224918,tap3,natural,normal,20260810_135255,True
1227600,0.0156,0.0195,0.9048,1227.6,500000,0.0,-0.007800000000000001,-0.0038999999999999035,0.008720665112249138,tap3,natural,normal,20260810_135255,True
1230110,0.0117,0.0312,0.9009,1230.11,500000,-0.003899999999999999,0.0038999999999999972,-0.007799999999999918,0.009553009996854326,tap3,natural,normal,20260810_135255,True
1232622,0.0156,0.0234,0.9087,1232.622,500000,0.0,-0.0039000000000000007,0.0,0.0039000000000000007,tap3,natural,normal,20260810_135255,True
1235116,0.0117,0.0273,0.9087,1235.116,500000,-0.003899999999999999,0.0,0.0,0.003899999999999999,tap3,natural,normal,20260810_135255,True
1237609,0.0117,0.0312,0.9165,1237.609,500000,-0.003899999999999999,0.0038999999999999972,0.007800000000000029,0.009553009996854416,tap3,natural,normal,20260810_135255,True
1240115,0.0156,0.0195,0.9165,1240.115,500000,0.0,-0.007800000000000001,0.007800000000000029,0.011030865786510163,tap3,natural,normal,20260810_135255,True
1242607,0.0156,0.0234,0.9048,1242.607,500000,0.0,-0.0039000000000000007,-0.0038999999999999035,0.005515432893255003,tap3,natural,normal,20260810_135255,True
1245119,0.0156,0.0195,0.9048,1245.119,500000,0.0,-0.007800000000000001,-0.0038999999999999035,0.008720665112249138,tap3,natural,normal,20260810_135255,True
1247609,0.0156,0.0195,0.9048,1247.609,500000,0.0,-0.007800000000000001,-0.0038999999999999035,0.008720665112249138,tap3,natural,normal,20260810_135255,True
1250123,0.0117,0.0234,0.9048,1250.123,500000,-0.003899999999999999,-0.0039000000000000007,-0.0038999999999999035,0.006754998149518566,tap3,natural,normal,20260810_135255,True
1252603,0.0273,0.0078,0.9087,1252.603,500000,0.011700000000000002,-0.019500000000000003,0.0,0.022740712389896674,tap3,natural,normal,20260810_135255,True
1255128,0.0195,0.0273,0.9048,1255.128,500000,0.0039000000000000007,0.0,-0.0038999999999999035,0.005515432893255003,tap3,natural,normal,20260810_135255,True
1257601,0.0195,0.0312,0.9126,1257.601,500000,0.0039000000000000007,0.0038999999999999972,0.0039000000000000146,0.006754998149518628,tap3,natural,normal,20260810_135255,True
1260116,0.0156,0.0195,0.9087,1260.116,500000,0.0,-0.007800000000000001,0.0,0.007800000000000001,tap3,natural,normal,20260810_135255,True
1262617,0.0156,0.0234,0.9204,1262.617,500000,0.0,-0.0039000000000000007,0.011700000000000044,0.012332882874656722,tap3,natural,normal,20260810_135255,True
1265111,0.0156,0.0351,0.9048,1265.111,500000,0.0,0.007799999999999998,-0.0038999999999999035,0.008720665112249134,tap3,natural,normal,20260810_135255,True
1267609,0.0156,0.0156,0.9048,1267.609,500000,0.0,-0.011700000000000002,-0.0038999999999999035,0.01233288287465665,tap3,natural,normal,20260810_135255,True
1270115,0.0156,0.0312,0.9009,1270.115,500000,0.0,0.0038999999999999972,-0.007799999999999918,0.008720665112249105,tap3,natural,normal,20260810_135255,True
1272620,0.0117,0.0312,0.9126,1272.62,500000,-0.003899999999999999,0.0038999999999999972,0.0039000000000000146,0.006754998149518627,tap3,natural,normal,20260810_135255,True
1275115,0.0156,0.0273,0.9048,1275.115,500000,0.0,0.0,-0.0038999999999999035,0.0038999999999999035,tap3,natural,normal,20260810_135255,True
1277608,0.0078,0.0234,0.9126,1277.608,500000,-0.0078,-0.0039000000000000007,0.0039000000000000146,0.0095530099968544,tap3,natural,normal,20260810_135255,True
1280099,0.0156,0.0273,0.9048,1280.099,500000,0.0,0.0,-0.0038999999999999035,0.0038999999999999035,tap3,natural,normal,20260810_135255,True
1282614,0.0117,0.0312,0.9165,1282.614,500000,-0.003899999999999999,0.0038999999999999972,0.007800000000000029,0.009553009996854416,tap3,natural,normal,20260810_135255,True
1285103,0.0117,0.0234,0.9048,1285.103,500000,-0.003899999999999999,-0.0039000000000000007,-0.0038999999999999035,0.006754998149518566,tap3,natural,normal,20260810_135255,True
1287626,0.0195,0.0312,0.9048,1287.626,500000,0.0039000000000000007,0.0038999999999999972,-0.0038999999999999035,0.006754998149518564,tap3,natural,normal,20260810_135255,True
1290108,0.0156,0.0273,0.9165,1290.108,500000,0.0,0.0,0.007800000000000029,0.007800000000000029,tap3,natural,normal,20260810_135255,True
1292610,0.0117,0.0273,0.9165,1292.61,500000,-0.003899999999999999,0.0,0.007800000000000029,0.008720665112249205,tap3,natural,normal,20260810_135255,True
1295109,0.0195,0.0273,0.9087,1295.109,500000,0.0039000000000000007,0.0,0.0,0.0039000000000000007,tap3,natural,normal,20260810_135255,True
1297599,0.0117,0.0273,0.9204,1297.599,500000,-0.003899999999999999,0.0,0.011700000000000044,0.01233288287465672,tap3,natural,normal,20260810_135255,True
1300119,0.0117,0.0273,0.9087,1300.119,500000,-0.003899999999999999,0.0,0.0,0.003899999999999999,tap3,natural,normal,20260810_135255,True
1302614,0.0117,0.0234,0.9048,1302.614,500000,-0.003899999999999999,-0.0039000000000000007,-0.0038999999999999035,0.006754998149518566,tap3,natural,normal,20260810_135255,True
1305119,0.0078,0.0234,0.9126,1305.119,500000,-0.0078,-0.0039000000000000007,0.0039000000000000146,0.0095530099968544,tap3,natural,normal,20260810_135255,True
1307618,0.0078,0.0234,0.9087,1307.618,500000,-0.0078,-0.0039000000000000007,0.0,0.00872066511224918,tap3,natural,normal,20260810_135255,True
1310100,0.0195,0.0273,0.9009,1310.1,500000,0.0039000000000000007,0.0,-0.007799999999999918,0.008720665112249107,tap3,natural,normal,20260810_135255,True
1312618,0.0234,0.0273,0.9087,1312.618,500000,0.007800000000000001,0.0,0.0,0.007800000000000001,tap3,natural,normal,20260810_135255,True
1315106,0.0117,0.0312,0.9087,1315.106,500000,-0.003899999999999999,0.0038999999999999972,0.0,0.005515432893255068,tap3,natural,normal,20260810_135255,True
1317629,0.0156,0.0234,0.9048,1317.629,500000,0.0,-0.0039000000000000007,-0.0038999999999999035,0.005515432893255003,tap3,natural,normal,20260810_135255,True
1320112,0.0156,0.0234,0.9048,1320.112,500000,0.0,-0.0039000000000000007,-0.0038999999999999035,0.005515432893255003,tap3,natural,normal,20260810_135255,True
1322611,0.0078,0.0273,0.9126,1322.611,500000,-0.0078,0.0,0.0039000000000000146,0.008720665112249186,tap3,natural,normal,20260810_135255,True
1325107,0.0078,0.0234,0.9087,1325.107,500000,-0.0078,-0.0039000000000000007,0.0,0.00872066511224918,tap3,natural,normal,20260810_135255,True
1327616,0.0195,0.0234,0.9087,1327.616,500000,0.0039000000000000007,-0.0039000000000000007,0.0,0.005515432893255071,tap3,natural,normal,20260810_135255,True
1330129,0.0156,0.0312,0.9087,1330.129,500000,0.0,0.0038999999999999972,0.0,0.0038999999999999972,tap3,natural,normal,20260810_135255,True
1332616,0.0234,0.0351,0.9126,1332.616,500000,0.007800000000000001,0.007799999999999998,0.0039000000000000146,0.011700000000000004,tap3,natural,normal,20260810_135255,True
1335104,0.0156,0.0312,0.9165,1335.104,500000,0.0,0.0038999999999999972,0.007800000000000029,0.008720665112249205,tap3,natural,normal,20260810_135255,True
1337616,0.0156,0.0234,0.9009,1337.616,500000,0.0,-0.0039000000000000007,-0.007799999999999918,0.008720665112249107,tap3,natural,normal,20260810_135255,True
1340128,0.0117,0.0351,0.9087,1340.128,500000,-0.003899999999999999,0.007799999999999998,0.0,0.008720665112249178,tap3,natural,normal,20260810_135255,True
1342619,0.0156,0.0234,0.9087,1342.619,500000,0.0,-0.0039000000000000007,0.0,0.0039000000000000007,tap3,natural,normal,20260810_135255,True
1345121,0.0195,0.0273,0.9087,1345.121,500000,0.0039000000000000007,0.0,0.0,0.0039000000000000007,tap3,natural,normal,20260810_135255,True
1347621,0.0156,0.0312,0.9009,1347.621,500000,0.0,0.0038999999999999972,-0.007799999999999918,0.008720665112249105,tap3,natural,normal,20260810_135255,True
1350110,0.0117,0.0234,0.9087,1350.11,500000,-0.003899999999999999,-0.0039000000000000007,0.0,0.00551543289325507,tap3,natural,normal,20260810_135255,True
1352599,0.0156,0.0234,0.9087,1352.599,500000,0.0,-0.0039000000000000007,0.0,0.0039000000000000007,tap3,natural,normal,20260810_135255,True
1355129,0.0117,0.0312,0.9087,1355.129,500000,-0.003899999999999999,0.0038999999999999972,0.0,0.005515432893255068,tap3,natural,normal,20260810_135255,True
1357599,0.0117,0.0312,0.9087,1357.599,500000,-0.003899999999999999,0.0038999999999999972,0.0,0.005515432893255068,tap3,natural,normal,20260810_135255,True
1360100,0.0117,0.0312,0.9126,1360.1,500000,-0.003899999999999999,0.0038999999999999972,0.0039000000000000146,0.006754998149518627,tap3,natural,normal,20260810_135255,True
1362602,0.0156,0.0273,0.9204,1362.602,500000,0.0,0.0,0.011700000000000044,0.011700000000000044,tap3,natural,normal,20260810_135255,True
1365104,0.0117,0.0234,0.9165,1365.104,500000,-0.003899999999999999,-0.0039000000000000007,0.007800000000000029,0.009553009996854418,tap3,natural,normal,20260810_135255,True
1367601,0.0195,0.0312,0.9165,1367.601,500000,0.0039000000000000007,0.0038999999999999972,0.007800000000000029,0.009553009996854418,tap3,natural,normal,20260810_135255,True
1370109,0.0195,0.0312,0.9126,1370.109,500000,0.0039000000000000007,0.0038999999999999972,0.0039000000000000146,0.006754998149518628,tap3,natural,normal,20260810_135255,True
1372605,0.0195,0.0234,0.9048,1372.605,500000,0.0039000000000000007,-0.0039000000000000007,-0.0038999999999999035,0.006754998149518567,tap3,natural,normal,20260810_135255,True
1375125,0.0156,0.0234,0.9048,1375.125,500000,0.0,-0.0039000000000000007,-0.0038999999999999035,0.005515432893255003,tap3,natural,normal,20260810_135255,True
1377624,0.0156,0.0273,0.9048,1377.624,500000,0.0,0.0,-0.0038999999999999035,0.0038999999999999035,tap3,natural,normal,20260810_135255,True
1380120,0.0156,0.0273,0.9087,1380.12,500000,0.0,0.0,0.0,0.0,tap3,natural,normal,20260810_135255,True
1382620,0.0195,0.0273,0.9048,1382.62,500000,0.0039000000000000007,0.0,-0.0038999999999999035,0.005515432893255003,tap3,natural,normal,20260810_135255,True
1385117,0.0117,0.0351,0.9009,1385.117,500000,-0.003899999999999999,0.007799999999999998,-0.007799999999999918,0.011699999999999943,tap3,natural,normal,20260810_135255,True
1387614,0.0156,0.0312,0.9087,1387.614,500000,0.0,0.0038999999999999972,0.0,0.0038999999999999972,tap3,natural,normal,20260810_135255,True
1390127,0.0156,0.0312,0.9126,1390.127,500000,0.0,0.0038999999999999972,0.0039000000000000146,0.005515432893255079,tap3,natural,normal,20260810_135255,True
1392601,0.0156,0.0234,0.9165,1392.601,500000,0.0,-0.0039000000000000007,0.007800000000000029,0.008720665112249207,tap3,natural,normal,20260810_135255,True
1395103,0.0117,0.0195,0.9009,1395.103,500000,-0.003899999999999999,-0.007800000000000001,-0.007799999999999918,0.011699999999999945,tap3,natural,normal,20260810_135255,True
1397599,0.0195,0.0273,0.9048,1397.599,500000,0.0039000000000000007,0.0,-0.0038999999999999035,0.005515432893255003,tap3,natural,normal,20260810_135255,True
1400104,0.0117,0.0273,0.9204,1400.104,500000,-0.003899999999999999,0.0,0.011700000000000044,0.01233288287465672,tap3,natural,normal,20260810_135255,True
1402615,0.0195,0.0156,0.9165,1402.615,500000,0.0039000000000000007,-0.011700000000000002,0.007800000000000029,0.01459246380841839,tap3,natural,normal,20260810_135255,True
1405124,0.0195,0.0234,0.9165,1405.124,500000,0.0039000000000000007,-0.0039000000000000007,0.007800000000000029,0.00955300999685442,tap3,natural,normal,20260810_135255,True
1407621,0.0117,0.0273,0.9087,1407.621,500000,-0.003899999999999999,0.0,0.0,0.003899999999999999,tap3,natural,normal,20260810_135255,True
1410109,0.0078,0.0234,0.9165,1410.109,500000,-0.0078,-0.0039000000000000007,0.007800000000000029,0.01170000000000002,tap3,natural,normal,20260810_135255,True
1412622,0.0117,0.0234,0.9087,1412.622,500000,-0.003899999999999999,-0.0039000000000000007,0.0,0.00551543289325507,tap3,natural,normal,20260810_135255,True
1415111,0.0039,0.0234,0.9165,1415.111,500000,-0.011699999999999999,-0.0039000000000000007,0.007800000000000029,0.014592463808418386,tap3,natural,normal,20260810_135255,True
1417629,0.0078,0.0273,0.9165,1417.629,500000,-0.0078,0.0,0.007800000000000029,0.011030865786510162,tap3,natural,normal,20260810_135255,True
1420117,0.0078,0.0273,0.9087,1420.117,500000,-0.0078,0.0,0.0,0.0078,tap3,natural,normal,20260810_135255,True
1422602,0.0117,0.0312,0.9048,1422.602,500000,-0.003899999999999999,0.0038999999999999972,-0.0038999999999999035,0.006754998149518563,tap3,natural,normal,20260810_135255,True
1425099,0.0078,0.0234,0.9087,1425.099,500000,-0.0078,-0.0039000000000000007,0.0,0.00872066511224918,tap3,natural,normal,20260810_135255,True
1427613,0.0078,0.0312,0.9048,1427.613,500000,-0.0078,0.0038999999999999972,-0.0038999999999999035,0.009553009996854354,tap3,natural,normal,20260810_135255,True
1430129,0.0156,0.0273,0.9048,1430.129,500000,0.0,0.0,-0.0038999999999999035,0.0038999999999999035,tap3,natural,normal,20260810_135255,True
1432669,0.0195,0.0195,0.9087,1432.669,500000,0.0039000000000000007,-0.007800000000000001,0.0,0.008720665112249181,tap3,natural,normal,20260810_135255,True
1435108,0.0117,0.0234,0.9009,1435.108,500000,-0.003899999999999999,-0.0039000000000000007,-0.007799999999999918,0.009553009996854328,tap3,natural,normal,20260810_135255,True
1437623,0.0195,0.0273,0.9087,1437.623,500000,0.0039000000000000007,0.0,0.0,0.0039000000000000007,tap3,natural,normal,20260810_135255,True
1440104,0.0078,0.0312,0.9087,1440.104,500000,-0.0078,0.0038999999999999972,0.0,0.00872066511224918,tap3,natural,normal,20260810_135255,True
1442604,0.0117,0.0273,0.9048,1442.604,500000,-0.003899999999999999,0.0,-0.0038999999999999035,0.005515432893255002,tap3,natural,normal,20260810_135255,True
1445128,0.0117,0.0312,0.9126,1445.128,500000,-0.003899999999999999,0.0038999999999999972,0.0039000000000000146,0.006754998149518627,tap3,natural,normal,20260810_135255,True
1447605,0.0156,0.0312,0.9204,1447.605,500000,0.0,0.0038999999999999972,0.011700000000000044,0.01233288287465672,tap3,natural,normal,20260810_135255,True
1450127,0.0117,0.0234,0.9126,1450.127,500000,-0.003899999999999999,-0.0039000000000000007,0.0039000000000000146,0.00675499814951863,tap3,natural,normal,20260810_135255,True
1452612,0.0156,0.0273,0.9126,1452.612,500000,0.0,0.0,0.0039000000000000146,0.0039000000000000146,tap3,natural,normal,20260810_135255,True
1455106,0.0117,0.0195,0.9204,1455.106,500000,-0.003899999999999999,-0.007800000000000001,0.011700000000000044,0.014592463808418407,tap3,natural,normal,20260810_135255,True
1457609,0.0156,0.0312,0.9165,1457.609,500000,0.0,0.0038999999999999972,0.007800000000000029,0.008720665112249205,tap3,natural,normal,20260810_135255,True
1460121,0.0078,0.0273,0.9009,1460.121,500000,-0.0078,0.0,-0.007799999999999918,0.011030865786510084,tap3,natural,normal,20260810_135255,True
1462622,0.0078,0.0273,0.9048,1462.622,500000,-0.0078,0.0,-0.0038999999999999035,0.008720665112249136,tap3,natural,normal,20260810_135255,True
1465103,0.0078,0.0273,0.9048,1465.103,500000,-0.0078,0.0,-0.0038999999999999035,0.008720665112249136,tap3,natural,normal,20260810_135255,True
1467600,0.0117,0.0234,0.9087,1467.6,500000,-0.003899999999999999,-0.0039000000000000007,0.0,0.00551543289325507,tap3,natural,normal,20260810_135255,True
1470126,0.0117,0.0234,0.9087,1470.126,500000,-0.003899999999999999,-0.0039000000000000007,0.0,0.00551543289325507,tap3,natural,normal,20260810_135255,True
1472619,0.0078,0.0312,0.9126,1472.619,500000,-0.0078,0.0038999999999999972,0.0039000000000000146,0.0095530099968544,tap3,natural,normal,20260810_135255,True
1475125,0.0117,0.0312,0.9126,1475.125,500000,-0.003899999999999999,0.0038999999999999972,0.0039000000000000146,0.006754998149518627,tap3,natural,normal,20260810_135255,True
1477618,0.0117,0.0234,0.9087,1477.618,500000,-0.003899999999999999,-0.0039000000000000007,0.0,0.00551543289325507,tap3,natural,normal,20260810_135255,True
1480350,0.0156,0.0312,0.9204,1480.35,500000,0.0,0.0038999999999999972,0.011700000000000044,0.01233288287465672,tap3,natural,normal,20260810_135255,True
1482618,0.0156,0.0234,0.9165,1482.618,500000,0.0,-0.0039000000000000007,0.007800000000000029,0.008720665112249207,tap3,natural,normal,20260810_135255,True
1485104,0.0078,0.0273,0.9126,1485.104,500000,-0.0078,0.0,0.0039000000000000146,0.008720665112249186,tap3,natural,normal,20260810_135255,True
1487600,0.0156,0.0273,0.9048,1487.6,500000,0.0,0.0,-0.0038999999999999035,0.0038999999999999035,tap3,natural,normal,20260810_135255,True
1490109,0.0117,0.0351,0.9087,1490.109,500000,-0.003899999999999999,0.007799999999999998,0.0,0.008720665112249178,tap3,natural,normal,20260810_135255,True
1492601,0.0156,0.0273,0.9165,1492.601,500000,0.0,0.0,0.007800000000000029,0.007800000000000029,tap3,natural,normal,20260810_135255,True
1495106,0.0195,0.0234,0.9087,1495.106,500000,0.0039000000000000007,-0.0039000000000000007,0.0,0.005515432893255071,tap3,natural,normal,20260810_135255,True
1497602,0.0078,0.0312,0.9126,1497.602,500000,-0.0078,0.0038999999999999972,0.0039000000000000146,0.0095530099968544,tap3,natural,normal,20260810_135255,True
1500113,0.0156,0.0273,0.9048,1500.113,500000,0.0,0.0,-0.0038999999999999035,0.0038999999999999035,tap3,natural,normal,20260810_135255,True
1502614,0.0117,0.0351,0.9126,1502.614,500000,-0.003899999999999999,0.007799999999999998,0.0039000000000000146,0.009553009996854399,tap3,natural,normal,20260810_135255,True
1505105,0.0117,0.0273,0.9009,1505.105,500000,-0.003899999999999999,0.0,-0.007799999999999918,0.008720665112249105,tap3,natural,normal,20260810_135255,True
1507609,0.0078,0.0273,0.9009,1507.609,500000,-0.0078,0.0,-0.007799999999999918,0.011030865786510084,tap3,natural,normal,20260810_135255,True
1510128,0.0195,0.0273,0.9126,1510.128,500000,0.0039000000000000007,0.0,0.0039000000000000146,0.005515432893255082,tap3,natural,normal,20260810_135255,True
1512602,0.0078,0.0234,0.9087,1512.602,500000,-0.0078,-0.0039000000000000007,0.0,0.00872066511224918,tap3,natural,normal,20260810_135255,True
1515121,0.0195,0.0234,0.9048,1515.121,500000,0.0039000000000000007,-0.0039000000000000007,-0.0038999999999999035,0.006754998149518567,tap3,natural,normal,20260810_135255,True
1517619,0.0117,0.0273,0.9087,1517.619,500000,-0.003899999999999999,0.0,0.0,0.003899999999999999,tap3,natural,normal,20260810_135255,True
1520126,0.0156,0.0273,0.9126,1520.126,500000,0.0,0.0,0.0039000000000000146,0.0039000000000000146,tap3,natural,normal,20260810_135255,True
1522629,0.0117,0.0273,0.9048,1522.629,500000,-0.003899999999999999,0.0,-0.0038999999999999035,0.005515432893255002,tap3,natural,normal,20260810_135255,True
1525128,0.0117,0.0156,0.9126,1525.128,500000,-0.003899999999999999,-0.011700000000000002,0.0039000000000000146,0.012934836682386066,tap3,natural,normal,20260810_135255,True
1527615,0.0156,0.0273,0.9165,1527.615,500000,0.0,0.0,0.007800000000000029,0.007800000000000029,tap3,natural,normal,20260810_135255,True
1530120,0.0117,0.0273,0.9048,1530.12,500000,-0.003899999999999999,0.0,-0.0038999999999999035,0.005515432893255002,tap3,natural,normal,20260810_135255,True
1532605,0.0156,0.0273,0.9126,1532.605,500000,0.0,0.0,0.0039000000000000146,0.0039000000000000146,tap3,natural,normal,20260810_135255,True
1535110,0.0117,0.0351,0.9048,1535.11,500000,-0.003899999999999999,0.007799999999999998,-0.0038999999999999035,0.009553009996854354,tap3,natural,normal,20260810_135255,True
1537609,0.0156,0.0234,0.9126,1537.609,500000,0.0,-0.0039000000000000007,0.0039000000000000146,0.005515432893255082,tap3,natural,normal,20260810_135255,True
1540122,0.0156,0.0234,0.9126,1540.122,500000,0.0,-0.0039000000000000007,0.0039000000000000146,0.005515432893255082,tap3,natural,normal,20260810_135255,True
1542612,0.0156,0.0273,0.9087,1542.612,500000,0.0,0.0,0.0,0.0,tap3,natural,normal,20260810_135255,True
1545099,0.0117,0.0312,0.9165,1545.099,500000,-0.003899999999999999,0.0038999999999999972,0.007800000000000029,0.009553009996854416,tap3,natural,normal,20260810_135255,True
1547625,0.0117,0.0273,0.9009,1547.625,500000,-0.003899999999999999,0.0,-0.007799999999999918,0.008720665112249105,tap3,natural,normal,20260810_135255,True
1550102,0.0156,0.0273,0.9087,1550.102,500000,0.0,0.0,0.0,0.0,tap3,natural,normal,20260810_135255,True
1552623,0.0117,0.0195,0.9087,1552.623,500000,-0.003899999999999999,-0.007800000000000001,0.0,0.00872066511224918,tap3,natural,normal,20260810_135255,True
1555111,0.0117,0.0234,0.9009,1555.111,500000,-0.003899999999999999,-0.0039000000000000007,-0.007799999999999918,0.009553009996854328,tap3,natural,normal,20260810_135255,True
1557606,0.0117,0.0234,0.9165,1557.606,500000,-0.003899999999999999,-0.0039000000000000007,0.007800000000000029,0.009553009996854418,tap3,natural,normal,20260810_135255,True
1560123,0.0195,0.0273,0.9165,1560.123,500000,0.0039000000000000007,0.0,0.007800000000000029,0.008720665112249207,tap3,natural,normal,20260810_135255,True
1562616,0.0117,0.0351,0.9126,1562.616,500000,-0.003899999999999999,0.007799999999999998,0.0039000000000000146,0.009553009996854399,tap3,natural,normal,20260810_135255,True
1565111,0.0117,0.0234,0.9048,1565.111,500000,-0.003899999999999999,-0.0039000000000000007,-0.0038999999999999035,0.006754998149518566,tap3,natural,normal,20260810_135255,True
1567611,0.0078,0.0312,0.9087,1567.611,500000,-0.0078,0.0038999999999999972,0.0,0.00872066511224918,tap3,natural,normal,20260810_135255,True
1570122,0.0117,0.0234,0.9087,1570.122,500000,-0.003899999999999999,-0.0039000000000000007,0.0,0.00551543289325507,tap3,natural,normal,20260810_135255,True
1572607,0.0156,0.0273,0.9087,1572.607,500000,0.0,0.0,0.0,0.0,tap3,natural,normal,20260810_135255,True
1575106,0.0156,0.0273,0.9087,1575.106,500000,0.0,0.0,0.0,0.0,tap3,natural,normal,20260810_135255,True
1577601,0.0156,0.0234,0.9165,1577.601,500000,0.0,-0.0039000000000000007,0.007800000000000029,0.008720665112249207,tap3,natural,normal,20260810_135255,True
1580129,0.0078,0.0273,0.9087,1580.129,500000,-0.0078,0.0,0.0,0.0078,tap3,natural,normal,20260810_135255,True
1582620,0.0117,0.0312,0.9126,1582.62,500000,-0.003899999999999999,0.0038999999999999972,0.0039000000000000146,0.006754998149518627,tap3,natural,normal,20260810_135255,True
1585117,0.0156,0.0273,0.9126,1585.117,500000,0.0,0.0,0.0039000000000000146,0.0039000000000000146,tap3,natural,normal,20260810_135255,True
1587610,0.0156,0.0273,0.9126,1587.61,500000,0.0,0.0,0.0039000000000000146,0.0039000000000000146,tap3,natural,normal,20260810_135255,True
1590099,0.0156,0.0351,0.9009,1590.099,500000,0.0,0.007799999999999998,-0.007799999999999918,0.011030865786510082,tap3,natural,normal,20260810_135255,True
1592623,0.0117,0.0273,0.9165,1592.623,500000,-0.003899999999999999,0.0,0.007800000000000029,0.008720665112249205,tap3,natural,normal,20260810_135255,True
1595122,0.0117,0.0312,0.9126,1595.122,500000,-0.003899999999999999,0.0038999999999999972,0.0039000000000000146,0.006754998149518627,tap3,natural,normal,20260810_135255,True
1597621,0.0156,0.0312,0.9048,1597.621,500000,0.0,0.0038999999999999972,-0.0038999999999999035,0.005515432893255,tap3,natural,normal,20260810_135255,True
1600115,0.0078,0.0312,0.9204,1600.115,500000,-0.0078,0.0038999999999999972,0.011700000000000044,0.014592463808418405,tap3,natural,normal,20260810_135255,True
1603055,0.0117,0.0234,0.9165,1603.055,500000,-0.003899999999999999,-0.0039000000000000007,0.007800000000000029,0.009553009996854418,tap3,natural,normal,20260810_135255,True
1605110,0.0234,0.0234,0.9048,1605.11,500000,0.007800000000000001,-0.0039000000000000007,-0.0038999999999999035,0.009553009996854357,tap3,natural,normal,20260810_135255,True
1607607,0.0195,0.0273,0.9126,1607.607,500000,0.0039000000000000007,0.0,0.0039000000000000146,0.005515432893255082,tap3,natural,normal,20260810_135255,True
1610126,0.0156,0.0273,0.9087,1610.126,500000,0.0,0.0,0.0,0.0,tap3,natural,normal,20260810_135255,True
1612602,0.0195,0.0273,0.9048,1612.602,500000,0.0039000000000000007,0.0,-0.0038999999999999035,0.005515432893255003,tap3,natural,normal,20260810_135255,True
1615121,0.0195,0.0351,0.9165,1615.121,500000,0.0039000000000000007,0.007799999999999998,0.007800000000000029,0.011700000000000018,tap3,natural,normal,20260810_135255,True
1617615,0.0156,0.0195,0.9165,1617.615,500000,0.0,-0.007800000000000001,0.007800000000000029,0.011030865786510163,tap3,natural,normal,20260810_135255,True
1620126,0.0117,0.0351,0.9126,1620.126,500000,-0.003899999999999999,0.007799999999999998,0.0039000000000000146,0.009553009996854399,tap3,natural,normal,20260810_135255,True
1622612,0.0156,0.0195,0.9126,1622.612,500000,0.0,-0.007800000000000001,0.0039000000000000146,0.008720665112249188,tap3,natural,normal,20260810_135255,True
1625107,0.0117,0.0312,0.9165,1625.107,500000,-0.003899999999999999,0.0038999999999999972,0.007800000000000029,0.009553009996854416,tap3,natural,normal,20260810_135255,True
1627605,0.0156,0.0234,0.9126,1627.605,500000,0.0,-0.0039000000000000007,0.0039000000000000146,0.005515432893255082,tap3,natural,normal,20260810_135255,True
1630112,0.0195,0.0273,0.9048,1630.112,500000,0.0039000000000000007,0.0,-0.0038999999999999035,0.005515432893255003,tap3,natural,normal,20260810_135255,True
1632599,0.0195,0.0312,0.9204,1632.599,500000,0.0039000000000000007,0.0038999999999999972,0.011700000000000044,0.012934836682386099,tap3,natural,normal,20260810_135255,True
1635118,0.0117,0.0234,0.9204,1635.118,500000,-0.003899999999999999,-0.0039000000000000007,0.011700000000000044,0.012934836682386099,tap3,natural,normal,20260810_135255,True
1637614,0.0117,0.0234,0.9087,1637.614,500000,-0.003899999999999999,-0.0039000000000000007,0.0,0.00551543289325507,tap3,natural,normal,20260810_135255,True
1640129,0.0078,0.0156,0.9009,1640.129,500000,-0.0078,-0.011700000000000002,-0.007799999999999918,0.01608011193990884,tap3,natural,normal,20260810_135255,True
1642612,0.0156,0.0273,0.9165,1642.612,500000,0.0,0.0,0.007800000000000029,0.007800000000000029,tap3,natural,normal,20260810_135255,True
1645126,0.0078,0.0312,0.9126,1645.126,500000,-0.0078,0.0038999999999999972,0.0039000000000000146,0.0095530099968544,tap3,natural,normal,20260810_135255,True
1647626,0.0156,0.0234,0.9165,1647.626,500000,0.0,-0.0039000000000000007,0.007800000000000029,0.008720665112249207,tap3,natural,normal,20260810_135255,True
1650102,0.0195,0.0312,0.9204,1650.102,500000,0.0039000000000000007,0.0038999999999999972,0.011700000000000044,0.012934836682386099,tap3,natural,normal,20260810_135255,True
1652599,0.0156,0.0273,0.9126,1652.599,500000,0.0,0.0,0.0039000000000000146,0.0039000000000000146,tap3,natural,normal,20260810_135255,True
1655124,0.0156,0.0312,0.9048,1655.124,500000,0.0,0.0038999999999999972,-0.0038999999999999035,0.005515432893255,tap3,natural,normal,20260810_135255,True
1657625,0.0117,0.0351,0.9048,1657.625,500000,-0.003899999999999999,0.007799999999999998,-0.0038999999999999035,0.009553009996854354,tap3,natural,normal,20260810_135255,True
1660109,0.0078,0.0273,0.9126,1660.109,500000,-0.0078,0.0,0.0039000000000000146,0.008720665112249186,tap3,natural,normal,20260810_135255,True
1662606,0.0117,0.0312,0.9048,1662.606,500000,-0.003899999999999999,0.0038999999999999972,-0.0038999999999999035,0.006754998149518563,tap3,natural,normal,20260810_135255,True
1665127,0.0117,0.0351,0.9087,1665.127,500000,-0.003899999999999999,0.007799999999999998,0.0,0.008720665112249178,tap3,natural,normal,20260810_135255,True
1667628,0.0156,0.0234,0.9126,1667.628,500000,0.0,-0.0039000000000000007,0.0039000000000000146,0.005515432893255082,tap3,natural,normal,20260810_135255,True
1670108,0.0078,0.0312,0.9048,1670.108,500000,-0.0078,0.0038999999999999972,-0.0038999999999999035,0.009553009996854354,tap3,natural,normal,20260810_135255,True
1672600,0.0117,0.0312,0.9087,1672.6,500000,-0.003899999999999999,0.0038999999999999972,0.0,0.005515432893255068,tap3,natural,normal,20260810_135255,True
1675120,0.0156,0.0234,0.9126,1675.12,500000,0.0,-0.0039000000000000007,0.0039000000000000146,0.005515432893255082,tap3,natural,normal,20260810_135255,True
1677650,0.0156,0.0312,0.9126,1677.65,500000,0.0,0.0038999999999999972,0.0039000000000000146,0.005515432893255079,tap3,natural,normal,20260810_135255,True
1680125,0.0156,0.0312,0.9048,1680.125,500000,0.0,0.0038999999999999972,-0.0038999999999999035,0.005515432893255,tap3,natural,normal,20260810_135255,True
1682628,0.0156,0.0312,0.9126,1682.628,500000,0.0,0.0038999999999999972,0.0039000000000000146,0.005515432893255079,tap3,natural,normal,20260810_135255,True
1685100,0.0156,0.0312,0.9126,1685.1,500000,0.0,0.0038999999999999972,0.0039000000000000146,0.005515432893255079,tap3,natural,normal,20260810_135255,True
1687623,0.0117,0.0273,0.9009,1687.623,500000,-0.003899999999999999,0.0,-0.007799999999999918,0.008720665112249105,tap3,natural,normal,20260810_135255,True
1690100,0.0078,0.0312,0.9048,1690.1,500000,-0.0078,0.0038999999999999972,-0.0038999999999999035,0.009553009996854354,tap3,natural,normal,20260810_135255,True
1692614,0.0117,0.0312,0.9165,1692.614,500000,-0.003899999999999999,0.0038999999999999972,0.007800000000000029,0.009553009996854416,tap3,natural,normal,20260810_135255,True
1695110,0.0156,0.0273,0.9048,1695.11,500000,0.0,0.0,-0.0038999999999999035,0.0038999999999999035,tap3,natural,normal,20260810_135255,True
1697629,0.0117,0.0312,0.9048,1697.629,500000,-0.003899999999999999,0.0038999999999999972,-0.0038999999999999035,0.006754998149518563,tap3,natural,normal,20260810_135255,True
1700117,0.0117,0.0273,0.9087,1700.117,500000,-0.003899999999999999,0.0,0.0,0.003899999999999999,tap3,natural,normal,20260810_135255,True
1702620,0.0195,0.0273,0.9087,1702.62,500000,0.0039000000000000007,0.0,0.0,0.0039000000000000007,tap3,natural,normal,20260810_135255,True
1705123,0.0117,0.0351,0.9009,1705.123,500000,-0.003899999999999999,0.007799999999999998,-0.007799999999999918,0.011699999999999943,tap3,natural,normal,20260810_135255,True
1707623,0.0117,0.0273,0.9048,1707.623,500000,-0.003899999999999999,0.0,-0.0038999999999999035,0.005515432893255002,tap3,natural,normal,20260810_135255,True
1710106,0.0156,0.0312,0.9126,1710.106,500000,0.0,0.0038999999999999972,0.0039000000000000146,0.005515432893255079,tap3,natural,normal,20260810_135255,True
1712624,0.0156,0.0273,0.9204,1712.624,500000,0.0,0.0,0.011700000000000044,0.011700000000000044,tap3,natural,normal,20260810_135255,True
1715114,0.0156,0.0273,0.9048,1715.114,500000,0.0,0.0,-0.0038999999999999035,0.0038999999999999035,tap3,natural,normal,20260810_135255,True
1717604,0.0078,0.0312,0.9087,1717.604,500000,-0.0078,0.0038999999999999972,0.0,0.00872066511224918,tap3,natural,normal,20260810_135255,True
1720119,0.0117,0.0273,0.9126,1720.119,500000,-0.003899999999999999,0.0,0.0039000000000000146,0.00551543289325508,tap3,natural,normal,20260810_135255,True
1722601,0.0156,0.0195,0.9126,1722.601,500000,0.0,-0.007800000000000001,0.0039000000000000146,0.008720665112249188,tap3,natural,normal,20260810_135255,True
1725127,0.0156,0.0312,0.9126,1725.127,500000,0.0,0.0038999999999999972,0.0039000000000000146,0.005515432893255079,tap3,natural,normal,20260810_135255,True
1727615,0.0117,0.0351,0.9087,1727.615,500000,-0.003899999999999999,0.007799999999999998,0.0,0.008720665112249178,tap3,natural,normal,20260810_135255,True
1730114,0.0156,0.0312,0.9009,1730.114,500000,0.0,0.0038999999999999972,-0.007799999999999918,0.008720665112249105,tap3,natural,normal,20260810_135255,True
1732735,0.0156,0.0273,0.9165,1732.735,500000,0.0,0.0,0.007800000000000029,0.007800000000000029,tap3,natural,normal,20260810_135255,True
1735119,0.0078,0.0273,0.897,1735.119,500000,-0.0078,0.0,-0.011699999999999933,0.014061649974309502,tap3,natural,normal,20260810_135255,True
1737605,0.0156,0.0312,0.9048,1737.605,500000,0.0,0.0038999999999999972,-0.0038999999999999035,0.005515432893255,tap3,natural,normal,20260810_135255,True
1740111,0.0078,0.0312,0.9126,1740.111,500000,-0.0078,0.0038999999999999972,0.0039000000000000146,0.0095530099968544,tap3,natural,normal,20260810_135255,True
1742622,0.0078,0.0312,0.9126,1742.622,500000,-0.0078,0.0038999999999999972,0.0039000000000000146,0.0095530099968544,tap3,natural,normal,20260810_135255,True
1745114,0.0078,0.0312,0.9048,1745.114,500000,-0.0078,0.0038999999999999972,-0.0038999999999999035,0.009553009996854354,tap3,natural,normal,20260810_135255,True
1747612,0.0117,0.0312,0.9048,1747.612,500000,-0.003899999999999999,0.0038999999999999972,-0.0038999999999999035,0.006754998149518563,tap3,natural,normal,20260810_135255,True
1750120,0.0273,0.0234,0.9126,1750.12,500000,0.011700000000000002,-0.0039000000000000007,0.0039000000000000146,0.012934836682386066,tap3,natural,normal,20260810_135255,True
1752618,0.0117,0.0273,0.9048,1752.618,500000,-0.003899999999999999,0.0,-0.0038999999999999035,0.005515432893255002,tap3,natural,normal,20260810_135255,True
1755119,0.0117,0.0312,0.9087,1755.119,500000,-0.003899999999999999,0.0038999999999999972,0.0,0.005515432893255068,tap3,natural,normal,20260810_135255,True
1757619,0.0117,0.0273,0.9087,1757.619,500000,-0.003899999999999999,0.0,0.0,0.003899999999999999,tap3,natural,normal,20260810_135255,True
1760100,0.0078,0.0273,0.9126,1760.1,500000,-0.0078,0.0,0.0039000000000000146,0.008720665112249186,tap3,natural,normal,20260810_135255,True
1762618,0.0156,0.0273,0.9048,1762.618,500000,0.0,0.0,-0.0038999999999999035,0.0038999999999999035,tap3,natural,normal,20260810_135255,True
1765110,0.0117,0.0234,0.9087,1765.11,500000,-0.003899999999999999,-0.0039000000000000007,0.0,0.00551543289325507,tap3,natural,normal,20260810_135255,True
1767628,0.0078,0.0273,0.9048,1767.628,500000,-0.0078,0.0,-0.0038999999999999035,0.008720665112249136,tap3,natural,normal,20260810_135255,True
1770107,0.0117,0.0234,0.9087,1770.107,500000,-0.003899999999999999,-0.0039000000000000007,0.0,0.00551543289325507,tap3,natural,normal,20260810_135255,True
1772621,0.0156,0.0234,0.9048,1772.621,500000,0.0,-0.0039000000000000007,-0.0038999999999999035,0.005515432893255003,tap3,natural,normal,20260810_135255,True
1775115,0.0156,0.0234,0.9087,1775.115,500000,0.0,-0.0039000000000000007,0.0,0.0039000000000000007,tap3,natural,normal,20260810_135255,True
1777612,0.0078,0.0234,0.9087,1777.612,500000,-0.0078,-0.0039000000000000007,0.0,0.00872066511224918,tap3,natural,normal,20260810_135255,True
1780116,0.0156,0.0234,0.9048,1780.116,500000,0.0,-0.0039000000000000007,-0.0038999999999999035,0.005515432893255003,tap3,natural,normal,20260810_135255,True
1782615,0.0156,0.0195,0.9087,1782.615,500000,0.0,-0.007800000000000001,0.0,0.007800000000000001,tap3,natural,normal,20260810_135255,True
1785116,0.0195,0.0273,0.9087,1785.116,500000,0.0039000000000000007,0.0,0.0,0.0039000000000000007,tap3,natural,normal,20260810_135255,True
1787612,0.0078,0.0273,0.9126,1787.612,500000,-0.0078,0.0,0.0039000000000000146,0.008720665112249186,tap3,natural,normal,20260810_135255,True
1790128,0.0156,0.0234,0.9087,1790.128,500000,0.0,-0.0039000000000000007,0.0,0.0039000000000000007,tap3,natural,normal,20260810_135255,True
1792607,0.0156,0.0273,0.9087,1792.607,500000,0.0,0.0,0.0,0.0,tap3,natural,normal,20260810_135255,True
1795104,0.0156,0.0273,0.9087,1795.104,500000,0.0,0.0,0.0,0.0,tap3,natural,normal,20260810_135255,True
1797606,0.0117,0.0234,0.9048,1797.606,500000,-0.003899999999999999,-0.0039000000000000007,-0.0038999999999999035,0.006754998149518566,tap3,natural,normal,20260810_135255,True
1800122,0.0078,0.0351,0.9048,1800.122,500000,-0.0078,0.007799999999999998,-0.0038999999999999035,0.011699999999999966,tap3,natural,normal,20260810_135255,True
1802624,0.0078,0.0312,0.9126,1802.624,500000,-0.0078,0.0038999999999999972,0.0039000000000000146,0.0095530099968544,tap3,natural,normal,20260810_135255,True
1805116,0.0156,0.0351,0.9009,1805.116,500000,0.0,0.007799999999999998,-0.007799999999999918,0.011030865786510082,tap3,natural,normal,20260810_135255,True
1807609,0.0117,0.0234,0.9126,1807.609,500000,-0.003899999999999999,-0.0039000000000000007,0.0039000000000000146,0.00675499814951863,tap3,natural,normal,20260810_135255,True
1810125,0.0117,0.0195,0.9126,1810.125,500000,-0.003899999999999999,-0.007800000000000001,0.0039000000000000146,0.0095530099968544,tap3,natural,normal,20260810_135255,True
1812609,0.0117,0.0312,0.9087,1812.609,500000,-0.003899999999999999,0.0038999999999999972,0.0,0.005515432893255068,tap3,natural,normal,20260810_135255,True
1815103,0.0117,0.0273,0.9048,1815.103,500000,-0.003899999999999999,0.0,-0.0038999999999999035,0.005515432893255002,tap3,natural,normal,20260810_135255,True
1817601,0.0156,0.0351,0.9048,1817.601,500000,0.0,0.007799999999999998,-0.0038999999999999035,0.008720665112249134,tap3,natural,normal,20260810_135255,True
1820120,0.0234,0.0273,0.9009,1820.12,500000,0.007800000000000001,0.0,-0.007799999999999918,0.011030865786510084,tap3,natural,normal,20260810_135255,True
1822601,0.0156,0.0312,0.9087,1822.601,500000,0.0,0.0038999999999999972,0.0,0.0038999999999999972,tap3,natural,normal,20260810_135255,True
1825122,0.0078,0.0273,0.9165,1825.122,500000,-0.0078,0.0,0.007800000000000029,0.011030865786510162,tap3,natural,normal,20260810_135255,True
1827611,0.0117,0.0234,0.9087,1827.611,500000,-0.003899999999999999,-0.0039000000000000007,0.0,0.00551543289325507,tap3,natural,normal,20260810_135255,True
1830121,0.0117,0.0351,0.9165,1830.121,500000,-0.003899999999999999,0.007799999999999998,0.007800000000000029,0.011700000000000018,tap3,natural,normal,20260810_135255,True
1832613,0.0117,0.0273,0.9204,1832.613,500000,-0.003899999999999999,0.0,0.011700000000000044,0.01233288287465672,tap3,natural,normal,20260810_135255,True
1835113,0.0078,0.0273,0.9087,1835.113,500000,-0.0078,0.0,0.0,0.0078,tap3,natural,normal,20260810_135255,True
1837613,0.0117,0.0312,0.9087,1837.613,500000,-0.003899999999999999,0.0038999999999999972,0.0,0.005515432893255068,tap3,natural,normal,20260810_135255,True
1840126,0.0234,0.0312,0.9087,1840.126,500000,0.007800000000000001,0.0038999999999999972,0.0,0.00872066511224918,tap3,natural,normal,20260810_135255,True
1842611,0.0156,0.0273,0.9048,1842.611,500000,0.0,0.0,-0.0038999999999999035,0.0038999999999999035,tap3,natural,normal,20260810_135255,True
1845101,0.0117,0.0312,0.9087,1845.101,500000,-0.003899999999999999,0.0038999999999999972,0.0,0.005515432893255068,tap3,natural,normal,20260810_135255,True
1847624,0.0039,0.0312,0.9126,1847.624,500000,-0.011699999999999999,0.0038999999999999972,0.0039000000000000146,0.012934836682386062,tap3,natural,normal,20260810_135255,True
1850100,0.0156,0.0312,0.9087,1850.1,500000,0.0,0.0038999999999999972,0.0,0.0038999999999999972,tap3,natural,normal,20260810_135255,True
1852613,0.0156,0.0234,0.9009,1852.613,500000,0.0,-0.0039000000000000007,-0.007799999999999918,0.008720665112249107,tap3,natural,normal,20260810_135255,True
1855120,0.0195,0.0195,0.9009,1855.12,500000,0.0039000000000000007,-0.007800000000000001,-0.007799999999999918,0.011699999999999947,tap3,natural,normal,20260810_135255,True
1857602,0.0117,0.0273,0.9048,1857.602,500000,-0.003899999999999999,0.0,-0.0038999999999999035,0.005515432893255002,tap3,natural,normal,20260810_135255,True
1860124,0.0117,0.0273,0.9165,1860.124,500000,-0.003899999999999999,0.0,0.007800000000000029,0.008720665112249205,tap3,natural,normal,20260810_135255,True
1862620,0.0156,0.0312,0.9087,1862.62,500000,0.0,0.0038999999999999972,0.0,0.0038999999999999972,tap3,natural,normal,20260810_135255,True
1865122,0.0156,0.0273,0.9126,1865.122,500000,0.0,0.0,0.0039000000000000146,0.0039000000000000146,tap3,natural,normal,20260810_135255,True
1867611,0.0156,0.0234,0.9087,1867.611,500000,0.0,-0.0039000000000000007,0.0,0.0039000000000000007,tap3,natural,normal,20260810_135255,True
1870116,0.0117,0.0273,0.9126,1870.116,500000,-0.003899999999999999,0.0,0.0039000000000000146,0.00551543289325508,tap3,natural,normal,20260810_135255,True
1872615,0.0117,0.0273,0.9087,1872.615,500000,-0.003899999999999999,0.0,0.0,0.003899999999999999,tap3,natural,normal,20260810_135255,True
1875107,0.0156,0.0312,0.9087,1875.107,500000,0.0,0.0038999999999999972,0.0,0.0038999999999999972,tap3,natural,normal,20260810_135255,True
1877601,0.0078,0.0273,0.9126,1877.601,500000,-0.0078,0.0,0.0039000000000000146,0.008720665112249186,tap3,natural,normal,20260810_135255,True
1880099,0.0117,0.0273,0.9009,1880.099,500000,-0.003899999999999999,0.0,-0.007799999999999918,0.008720665112249105,tap3,natural,normal,20260810_135255,True
1882611,0.0117,0.0234,0.9087,1882.611,500000,-0.003899999999999999,-0.0039000000000000007,0.0,0.00551543289325507,tap3,natural,normal,20260810_135255,True
1885107,0.0078,0.0312,0.9126,1885.107,500000,-0.0078,0.0038999999999999972,0.0039000000000000146,0.0095530099968544,tap3,natural,normal,20260810_135255,True
1887615,0.0195,0.0312,0.9087,1887.615,500000,0.0039000000000000007,0.0038999999999999972,0.0,0.0055154328932550695,tap3,natural,normal,20260810_135255,True
1890124,0.0117,0.0273,0.9165,1890.124,500000,-0.003899999999999999,0.0,0.007800000000000029,0.008720665112249205,tap3,natural,normal,20260810_135255,True
1892603,0.0117,0.0273,0.9126,1892.603,500000,-0.003899999999999999,0.0,0.0039000000000000146,0.00551543289325508,tap3,natural,normal,20260810_135255,True
1895106,0.0117,0.0273,0.9048,1895.106,500000,-0.003899999999999999,0.0,-0.0038999999999999035,0.005515432893255002,tap3,natural,normal,20260810_135255,True
1897627,0.0156,0.0312,0.9048,1897.627,500000,0.0,0.0038999999999999972,-0.0038999999999999035,0.005515432893255,tap3,natural,normal,20260810_135255,True
1900114,0.0117,0.0234,0.9126,1900.114,500000,-0.003899999999999999,-0.0039000000000000007,0.0039000000000000146,0.00675499814951863,tap3,natural,normal,20260810_135255,True
1902616,0.0117,0.0273,0.9204,1902.616,500000,-0.003899999999999999,0.0,0.011700000000000044,0.01233288287465672,tap3,natural,normal,20260810_135255,True
1905115,0.0195,0.0273,0.9087,1905.115,500000,0.0039000000000000007,0.0,0.0,0.0039000000000000007,tap3,natural,normal,20260810_135255,True
1907619,0.0195,0.0273,0.9087,1907.619,500000,0.0039000000000000007,0.0,0.0,0.0039000000000000007,tap3,natural,normal,20260810_135255,True
1910107,0.0156,0.0351,0.9126,1910.107,500000,0.0,0.007799999999999998,0.0039000000000000146,0.008720665112249185,tap3,natural,normal,20260810_135255,True
1912618,0.0156,0.0273,0.9204,1912.618,500000,0.0,0.0,0.011700000000000044,0.011700000000000044,tap3,natural,normal,20260810_135255,True
1915113,0.0195,0.0234,0.9165,1915.113,500000,0.0039000000000000007,-0.0039000000000000007,0.007800000000000029,0.00955300999685442,tap3,natural,normal,20260810_135255,True
1917624,0.0078,0.0312,0.9126,1917.624,500000,-0.0078,0.0038999999999999972,0.0039000000000000146,0.0095530099968544,tap3,natural,normal,20260810_135255,True
1920101,0.0117,0.0273,0.9126,1920.101,500000,-0.003899999999999999,0.0,0.0039000000000000146,0.00551543289325508,tap3,natural,normal,20260810_135255,True
1922601,0.0156,0.0312,0.897,1922.601,500000,0.0,0.0038999999999999972,-0.011699999999999933,0.012332882874656614,tap3,natural,normal,20260810_135255,True
1925100,0.0117,0.0234,0.9009,1925.1,500000,-0.003899999999999999,-0.0039000000000000007,-0.007799999999999918,0.009553009996854328,tap3,natural,normal,20260810_135255,True
1927601,0.0195,0.0312,0.9282,1927.601,500000,0.0039000000000000007,0.0038999999999999972,0.019500000000000073,0.020264994448555933,tap3,natural,normal,20260810_135255,True
1930120,0.0273,0.0234,0.9165,1930.12,500000,0.011700000000000002,-0.0039000000000000007,0.007800000000000029,0.01459246380841839,tap3,natural,normal,20260810_135255,True
1932612,0.0117,0.0312,0.9165,1932.612,500000,-0.003899999999999999,0.0038999999999999972,0.007800000000000029,0.009553009996854416,tap3,natural,normal,20260810_135255,True
1935128,0.0195,0.0273,0.9165,1935.128,500000,0.0039000000000000007,0.0,0.007800000000000029,0.008720665112249207,tap3,natural,normal,20260810_135255,True
1937625,0.0078,0.0351,0.9087,1937.625,500000,-0.0078,0.007799999999999998,0.0,0.011030865786510139,tap3,natural,normal,20260810_135255,True
1940112,0.0156,0.0234,0.9126,1940.112,500000,0.0,-0.0039000000000000007,0.0039000000000000146,0.005515432893255082,tap3,natural,normal,20260810_135255,True
1942627,0.0195,0.0351,0.9087,1942.627,500000,0.0039000000000000007,0.007799999999999998,0.0,0.00872066511224918,tap3,natural,normal,20260810_135255,True
1945123,0.0195,0.0273,0.9048,1945.123,500000,0.0039000000000000007,0.0,-0.0038999999999999035,0.005515432893255003,tap3,natural,normal,20260810_135255,True
1947622,0.0156,0.0351,0.9126,1947.622,500000,0.0,0.007799999999999998,0.0039000000000000146,0.008720665112249185,tap3,natural,normal,20260810_135255,True
1950110,0.0156,0.0195,0.9009,1950.11,500000,0.0,-0.007800000000000001,-0.007799999999999918,0.011030865786510084,tap3,natural,normal,20260810_135255,True
1952629,0.0156,0.0273,0.9087,1952.629,500000,0.0,0.0,0.0,0.0,tap3,natural,normal,20260810_135255,True
1955115,0.0078,0.0312,0.9087,1955.115,500000,-0.0078,0.0038999999999999972,0.0,0.00872066511224918,tap3,natural,normal,20260810_135255,True
1957604,0.0117,0.0234,0.9126,1957.604,500000,-0.003899999999999999,-0.0039000000000000007,0.0039000000000000146,0.00675499814951863,tap3,natural,normal,20260810_135255,True
1960106,0.0078,0.0234,0.9126,1960.106,500000,-0.0078,-0.0039000000000000007,0.0039000000000000146,0.0095530099968544,tap3,natural,normal,20260810_135255,True
1962608,0.0117,0.0273,0.9204,1962.608,500000,-0.003899999999999999,0.0,0.011700000000000044,0.01233288287465672,tap3,natural,normal,20260810_135255,True
1965111,0.0156,0.0273,0.9126,1965.111,500000,0.0,0.0,0.0039000000000000146,0.0039000000000000146,tap3,natural,normal,20260810_135255,True
1967606,0.0156,0.0234,0.9087,1967.606,500000,0.0,-0.0039000000000000007,0.0,0.0039000000000000007,tap3,natural,normal,20260810_135255,True
1970124,0.0195,0.0312,0.9243,1970.124,500000,0.0039000000000000007,0.0038999999999999972,0.015600000000000058,0.016546298679765266,tap3,natural,normal,20260810_135255,True
1972609,0.0156,0.0195,0.9048,1972.609,500000,0.0,-0.007800000000000001,-0.0038999999999999035,0.008720665112249138,tap3,natural,normal,20260810_135255,True
1975111,0.0117,0.0234,0.9126,1975.111,500000,-0.003899999999999999,-0.0039000000000000007,0.0039000000000000146,0.00675499814951863,tap3,natural,normal,20260810_135255,True
1977611,0.0078,0.0195,0.9087,1977.611,500000,-0.0078,-0.007800000000000001,0.0,0.011030865786510143,tap3,natural,normal,20260810_135255,True
1980110,0.0156,0.0312,0.9009,1980.11,500000,0.0,0.0038999999999999972,-0.007799999999999918,0.008720665112249105,tap3,natural,normal,20260810_135255,True
1982623,0.0117,0.0273,0.9126,1982.623,500000,-0.003899999999999999,0.0,0.0039000000000000146,0.00551543289325508,tap3,natural,normal,20260810_135255,True
1985117,0.0117,0.0195,0.9048,1985.117,500000,-0.003899999999999999,-0.007800000000000001,-0.0038999999999999035,0.009553009996854355,tap3,natural,normal,20260810_135255,True
1987604,0.0156,0.0273,0.9126,1987.604,500000,0.0,0.0,0.0039000000000000146,0.0039000000000000146,tap3,natural,normal,20260810_135255,True
1990117,0.0117,0.0195,0.9126,1990.117,500000,-0.003899999999999999,-0.007800000000000001,0.0039000000000000146,0.0095530099968544,tap3,natural,normal,20260810_135255,True
1992605,0.0156,0.0195,0.9048,1992.605,500000,0.0,-0.007800000000000001,-0.0038999999999999035,0.008720665112249138,tap3,natural,normal,20260810_135255,True
1995126,0.0117,0.0234,0.9087,1995.126,500000,-0.003899999999999999,-0.0039000000000000007,0.0,0.00551543289325507,tap3,natural,normal,20260810_135255,True
1997618,0.0117,0.0234,0.9165,1997.618,500000,-0.003899999999999999,-0.0039000000000000007,0.007800000000000029,0.009553009996854418,tap3,natural,normal,20260810_135255,True
2000105,0.0156,0.0273,0.9126,2000.105,500000,0.0,0.0,0.0039000000000000146,0.0039000000000000146,tap3,natural,normal,20260810_135255,True
2002609,0.0117,0.0273,0.9126,2002.609,500000,-0.003899999999999999,0.0,0.0039000000000000146,0.00551543289325508,tap3,natural,normal,20260810_135255,True
2005128,0.0156,0.0195,0.9048,2005.128,500000,0.0,-0.007800000000000001,-0.0038999999999999035,0.008720665112249138,tap3,natural,normal,20260810_135255,True
2007602,0.0117,0.0273,0.9009,2007.602,500000,-0.003899999999999999,0.0,-0.007799999999999918,0.008720665112249105,tap3,natural,normal,20260810_135255,True
2010121,0.0117,0.0273,0.9126,2010.121,500000,-0.003899999999999999,0.0,0.0039000000000000146,0.00551543289325508,tap3,natural,normal,20260810_135255,True
2012603,0.0117,0.0312,0.897,2012.603,500000,-0.003899999999999999,0.0038999999999999972,-0.011699999999999933,0.012934836682385997,tap3,natural,normal,20260810_135255,True
2015126,0.0195,0.0312,0.9087,2015.126,500000,0.0039000000000000007,0.0038999999999999972,0.0,0.0055154328932550695,tap3,natural,normal,20260810_135255,True
2017609,0.0195,0.0312,0.9087,2017.609,500000,0.0039000000000000007,0.0038999999999999972,0.0,0.0055154328932550695,tap3,natural,normal,20260810_135255,True
2020121,0.0117,0.0273,0.9087,2020.121,500000,-0.003899999999999999,0.0,0.0,0.003899999999999999,tap3,natural,normal,20260810_135255,True
2022606,0.0156,0.0234,0.9048,2022.606,500000,0.0,-0.0039000000000000007,-0.0038999999999999035,0.005515432893255003,tap3,natural,normal,20260810_135255,True
2025125,0.0078,0.0273,0.9165,2025.125,500000,-0.0078,0.0,0.007800000000000029,0.011030865786510162,tap3,natural,normal,20260810_135255,True
2027618,0.0195,0.0273,0.9087,2027.618,500000,0.0039000000000000007,0.0,0.0,0.0039000000000000007,tap3,natural,normal,20260810_135255,True
2030105,0.0195,0.0195,0.9126,2030.105,500000,0.0039000000000000007,-0.007800000000000001,0.0039000000000000146,0.009553009996854402,tap3,natural,normal,20260810_135255,True
2032626,0.0078,0.039,0.9165,2032.626,500000,-0.0078,0.011699999999999999,0.007800000000000029,0.016080111939908888,tap3,natural,normal,20260810_135255,True
2035111,0.0156,0.0273,0.9087,2035.111,500000,0.0,0.0,0.0,0.0,tap3,natural,normal,20260810_135255,True
2037629,0.0273,0.0234,0.9126,2037.629,500000,0.011700000000000002,-0.0039000000000000007,0.0039000000000000146,0.012934836682386066,tap3,natural,normal,20260810_135255,True
2040117,0.0156,0.0273,0.9126,2040.117,500000,0.0,0.0,0.0039000000000000146,0.0039000000000000146,tap3,natural,normal,20260810_135255,True
2042599,0.0078,0.0351,0.9126,2042.599,500000,-0.0078,0.007799999999999998,0.0039000000000000146,0.011700000000000004,tap3,natural,normal,20260810_135255,True
2045127,0.0117,0.0312,0.9126,2045.127,500000,-0.003899999999999999,0.0038999999999999972,0.0039000000000000146,0.006754998149518627,tap3,natural,normal,20260810_135255,True
2047613,0.0195,0.0312,0.9204,2047.613,500000,0.0039000000000000007,0.0038999999999999972,0.011700000000000044,0.012934836682386099,tap3,natural,normal,20260810_135255,True
2050128,0.0156,0.0273,0.9126,2050.128,500000,0.0,0.0,0.0039000000000000146,0.0039000000000000146,tap3,natural,normal,20260810_135255,True
2052613,0.0234,0.0312,0.9009,2052.613,500000,0.007800000000000001,0.0038999999999999972,-0.007799999999999918,0.011699999999999945,tap3,natural,normal,20260810_135255,True
2055113,0.0234,0.0312,0.9126,2055.113,500000,0.007800000000000001,0.0038999999999999972,0.0039000000000000146,0.0095530099968544,tap3,natural,normal,20260810_135255,True
2057617,0.0156,0.0234,0.9165,2057.617,500000,0.0,-0.0039000000000000007,0.007800000000000029,0.008720665112249207,tap3,natural,normal,20260810_135255,True
2060126,0.0117,0.0195,0.9165,2060.126,500000,-0.003899999999999999,-0.007800000000000001,0.007800000000000029,0.01170000000000002,tap3,natural,normal,20260810_135255,True
2062617,0.0117,0.0273,0.9126,2062.617,500000,-0.003899999999999999,0.0,0.0039000000000000146,0.00551543289325508,tap3,natural,normal,20260810_135255,True
2065108,0.0156,0.0273,0.9048,2065.108,500000,0.0,0.0,-0.0038999999999999035,0.0038999999999999035,tap3,natural,normal,20260810_135255,True
2067606,0.0078,0.0273,0.9009,2067.606,500000,-0.0078,0.0,-0.007799999999999918,0.011030865786510084,tap3,natural,normal,20260810_135255,True
2070120,0.0156,0.0273,0.9009,2070.12,500000,0.0,0.0,-0.007799999999999918,0.007799999999999918,tap3,natural,normal,20260810_135255,True
2072614,0.0117,0.0273,0.9126,2072.614,500000,-0.003899999999999999,0.0,0.0039000000000000146,0.00551543289325508,tap3,natural,normal,20260810_135255,True
2075111,0.0156,0.0273,0.9009,2075.111,500000,0.0,0.0,-0.007799999999999918,0.007799999999999918,tap3,natural,normal,20260810_135255,True
2077605,0.0117,0.0312,0.9126,2077.605,500000,-0.003899999999999999,0.0038999999999999972,0.0039000000000000146,0.006754998149518627,tap3,natural,normal,20260810_135255,True
2080124,0.0117,0.0234,0.9087,2080.124,500000,-0.003899999999999999,-0.0039000000000000007,0.0,0.00551543289325507,tap3,natural,normal,20260810_135255,True
2082604,0.0156,0.0234,0.9048,2082.604,500000,0.0,-0.0039000000000000007,-0.0038999999999999035,0.005515432893255003,tap3,natural,normal,20260810_135255,True
2085125,0.0117,0.0234,0.9165,2085.125,500000,-0.003899999999999999,-0.0039000000000000007,0.007800000000000029,0.009553009996854418,tap3,natural,normal,20260810_135255,True
2087621,0.0078,0.0312,0.9048,2087.621,500000,-0.0078,0.0038999999999999972,-0.0038999999999999035,0.009553009996854354,tap3,natural,normal,20260810_135255,True
2090103,0.0117,0.0312,0.9126,2090.103,500000,-0.003899999999999999,0.0038999999999999972,0.0039000000000000146,0.006754998149518627,tap3,natural,normal,20260810_135255,True
2092604,0.0078,0.0351,0.9087,2092.604,500000,-0.0078,0.007799999999999998,0.0,0.011030865786510139,tap3,natural,normal,20260810_135255,True
2095106,0.0117,0.0312,0.9087,2095.106,500000,-0.003899999999999999,0.0038999999999999972,0.0,0.005515432893255068,tap3,natural,normal,20260810_135255,True
2097627,0.0078,0.0312,0.9126,2097.627,500000,-0.0078,0.0038999999999999972,0.0039000000000000146,0.0095530099968544,tap3,natural,normal,20260810_135255,True
2100103,0.0039,0.0312,0.9009,2100.103,500000,-0.011699999999999999,0.0038999999999999972,-0.007799999999999918,0.014592463808418325,tap3,natural,normal,20260810_135255,True
2102602,0.0078,0.0312,0.9126,2102.602,500000,-0.0078,0.0038999999999999972,0.0039000000000000146,0.0095530099968544,tap3,natural,normal,20260810_135255,True
2105102,0.0117,0.0234,0.9126,2105.102,500000,-0.003899999999999999,-0.0039000000000000007,0.0039000000000000146,0.00675499814951863,tap3,natural,normal,20260810_135255,True
2107599,0.0078,0.0351,0.9087,2107.599,500000,-0.0078,0.007799999999999998,0.0,0.011030865786510139,tap3,natural,normal,20260810_135255,True
2110118,0.0156,0.0312,0.9048,2110.118,500000,0.0,0.0038999999999999972,-0.0038999999999999035,0.005515432893255,tap3,natural,normal,20260810_135255,True
2112624,0.0117,0.0312,0.9087,2112.624,500000,-0.003899999999999999,0.0038999999999999972,0.0,0.005515432893255068,tap3,natural,normal,20260810_135255,True
2115119,0.0117,0.0273,0.9087,2115.119,500000,-0.003899999999999999,0.0,0.0,0.003899999999999999,tap3,natural,normal,20260810_135255,True
2117618,0.0156,0.0312,0.9048,2117.618,500000,0.0,0.0038999999999999972,-0.0038999999999999035,0.005515432893255,tap3,natural,normal,20260810_135255,True
2120105,0.0156,0.0312,0.9009,2120.105,500000,0.0,0.0038999999999999972,-0.007799999999999918,0.008720665112249105,tap3,natural,normal,20260810_135255,True
2122616,0.0156,0.0351,0.9009,2122.616,500000,0.0,0.007799999999999998,-0.007799999999999918,0.011030865786510082,tap3,natural,normal,20260810_135255,True
2125111,0.0156,0.0195,0.9243,2125.111,500000,0.0,-0.007800000000000001,0.015600000000000058,0.017441330224498414,tap3,natural,normal,20260810_135255,True
2127612,0.0156,0.0195,0.9243,2127.612,500000,0.0,-0.007800000000000001,0.015600000000000058,0.017441330224498414,tap3,natural,normal,20260810_135255,True
2130121,0.0117,0.0312,0.9165,2130.121,500000,-0.003899999999999999,0.0038999999999999972,0.007800000000000029,0.009553009996854416,tap3,natural,normal,20260810_135255,True
2132613,0.0117,0.0273,0.9087,2132.613,500000,-0.003899999999999999,0.0,0.0,0.003899999999999999,tap3,natural,normal,20260810_135255,True
2135103,0.0195,0.0273,0.9087,2135.103,500000,0.0039000000000000007,0.0,0.0,0.0039000000000000007,tap3,natural,normal,20260810_135255,True
2137622,0.0156,0.0273,0.9009,2137.622,500000,0.0,0.0,-0.007799999999999918,0.007799999999999918,tap3,natural,normal,20260810_135255,True
2140109,0.0117,0.0312,0.897,2140.109,500000,-0.003899999999999999,0.0038999999999999972,-0.011699999999999933,0.012934836682385997,tap3,natural,normal,20260810_135255,True
2142620,0.0117,0.0195,0.9126,2142.62,500000,-0.003899999999999999,-0.007800000000000001,0.0039000000000000146,0.0095530099968544,tap3,natural,normal,20260810_135255,True
2145117,0.0117,0.0351,0.9204,2145.117,500000,-0.003899999999999999,0.007799999999999998,0.011700000000000044,0.014592463808418405,tap3,natural,normal,20260810_135255,True
2147606,0.0117,0.0351,0.9126,2147.606,500000,-0.003899999999999999,0.007799999999999998,0.0039000000000000146,0.009553009996854399,tap3,natural,normal,20260810_135255,True
2150113,0.0195,0.0195,0.9165,2150.113,500000,0.0039000000000000007,-0.007800000000000001,0.007800000000000029,0.011700000000000021,tap3,natural,normal,20260810_135255,True
2152629,0.0117,0.0273,0.9204,2152.629,500000,-0.003899999999999999,0.0,0.011700000000000044,0.01233288287465672,tap3,natural,normal,20260810_135255,True
2155120,0.0117,0.0351,0.9009,2155.12,500000,-0.003899999999999999,0.007799999999999998,-0.007799999999999918,0.011699999999999943,tap3,natural,normal,20260810_135255,True
2157610,0.0156,0.0273,0.9204,2157.61,500000,0.0,0.0,0.011700000000000044,0.011700000000000044,tap3,natural,normal,20260810_135255,True
2160101,0.0156,0.0312,0.9087,2160.101,500000,0.0,0.0038999999999999972,0.0,0.0038999999999999972,tap3,natural,normal,20260810_135255,True
2162615,0.0156,0.0273,0.9165,2162.615,500000,0.0,0.0,0.007800000000000029,0.007800000000000029,tap3,natural,normal,20260810_135255,True
2165121,0.0117,0.0351,0.9165,2165.121,500000,-0.003899999999999999,0.007799999999999998,0.007800000000000029,0.011700000000000018,tap3,natural,normal,20260810_135255,True
2167618,0.0234,0.0234,0.9087,2167.618,500000,0.007800000000000001,-0.0039000000000000007,0.0,0.008720665112249181,tap3,natural,normal,20260810_135255,True
2170100,0.0078,0.0273,0.9126,2170.1,500000,-0.0078,0.0,0.0039000000000000146,0.008720665112249186,tap3,natural,normal,20260810_135255,True
2172618,0.0117,0.0195,0.9009,2172.618,500000,-0.003899999999999999,-0.007800000000000001,-0.007799999999999918,0.011699999999999945,tap3,natural,normal,20260810_135255,True
2175109,0.0078,0.0234,0.9165,2175.109,500000,-0.0078,-0.0039000000000000007,0.007800000000000029,0.01170000000000002,tap3,natural,normal,20260810_135255,True
2177629,0.0195,0.0273,0.9087,2177.629,500000,0.0039000000000000007,0.0,0.0,0.0039000000000000007,tap3,natural,normal,20260810_135255,True
2180122,0.0078,0.0234,0.9204,2180.122,500000,-0.0078,-0.0039000000000000007,0.011700000000000044,0.014592463808418407,tap3,natural,normal,20260810_135255,True
2182606,0.0039,0.0273,0.9087,2182.606,500000,-0.011699999999999999,0.0,0.0,0.011699999999999999,tap3,natural,normal,20260810_135255,True
2185108,0.0078,0.0312,0.9204,2185.108,500000,-0.0078,0.0038999999999999972,0.011700000000000044,0.014592463808418405,tap3,natural,normal,20260810_135255,True
2187607,0.0078,0.0273,0.9126,2187.607,500000,-0.0078,0.0,0.0039000000000000146,0.008720665112249186,tap3,natural,normal,20260810_135255,True
2190099,0.0078,0.0351,0.9165,2190.099,500000,-0.0078,0.007799999999999998,0.007800000000000029,0.013509996299037258,tap3,natural,normal,20260810_135255,True
2192615,0.0156,0.0273,0.9009,2192.615,500000,0.0,0.0,-0.007799999999999918,0.007799999999999918,tap3,natural,normal,20260810_135255,True
2195101,0.0117,0.0351,0.9009,2195.101,500000,-0.003899999999999999,0.007799999999999998,-0.007799999999999918,0.011699999999999943,tap3,natural,normal,20260810_135255,True
2197620,0.0195,0.0234,0.9048,2197.62,500000,0.0039000000000000007,-0.0039000000000000007,-0.0038999999999999035,0.006754998149518567,tap3,natural,normal,20260810_135255,True
2200127,0.0156,0.0312,0.9048,2200.127,500000,0.0,0.0038999999999999972,-0.0038999999999999035,0.005515432893255,tap3,natural,normal,20260810_135255,True
2202628,0.0156,0.0234,0.9204,2202.628,500000,0.0,-0.0039000000000000007,0.011700000000000044,0.012332882874656722,tap3,natural,normal,20260810_135255,True
2205126,0.0156,0.0273,0.9126,2205.126,500000,0.0,0.0,0.0039000000000000146,0.0039000000000000146,tap3,natural,normal,20260810_135255,True
2207599,0.0117,0.0234,0.9126,2207.599,500000,-0.003899999999999999,-0.0039000000000000007,0.0039000000000000146,0.00675499814951863,tap3,natural,normal,20260810_135255,True
2210108,0.0156,0.0273,0.9087,2210.108,500000,0.0,0.0,0.0,0.0,tap3,natural,normal,20260810_135255,True
2212627,0.0117,0.0351,0.9048,2212.627,500000,-0.003899999999999999,0.007799999999999998,-0.0038999999999999035,0.009553009996854354,tap3,natural,normal,20260810_135255,True
2215285,0.0117,0.0273,0.9087,2215.285,500000,-0.003899999999999999,0.0,0.0,0.003899999999999999,tap3,natural,normal,20260810_135255,True
2217613,0.0078,0.0273,0.8931,2217.613,500000,-0.0078,0.0,-0.015599999999999947,0.017441330224498314,tap3,natural,normal,20260810_135255,True
2220125,0.0117,0.0195,0.9165,2220.125,500000,-0.003899999999999999,-0.007800000000000001,0.007800000000000029,0.01170000000000002,tap3,natural,normal,20260810_135255,True
2222605,0.0117,0.0312,0.9087,2222.605,500000,-0.003899999999999999,0.0038999999999999972,0.0,0.005515432893255068,tap3,natural,normal,20260810_135255,True
2225112,0.0195,0.0195,0.9009,2225.112,500000,0.0039000000000000007,-0.007800000000000001,-0.007799999999999918,0.011699999999999947,tap3,natural,normal,20260810_135255,True
2227625,0.0195,0.0273,0.9048,2227.625,500000,0.0039000000000000007,0.0,-0.0038999999999999035,0.005515432893255003,tap3,natural,normal,20260810_135255,True
2230104,0.0156,0.0234,0.9009,2230.104,500000,0.0,-0.0039000000000000007,-0.007799999999999918,0.008720665112249107,tap3,natural,normal,20260810_135255,True
2232624,0.0156,0.0234,0.9087,2232.624,500000,0.0,-0.0039000000000000007,0.0,0.0039000000000000007,tap3,natural,normal,20260810_135255,True
2235112,0.0156,0.0273,0.9087,2235.112,500000,0.0,0.0,0.0,0.0,tap3,natural,normal,20260810_135255,True
2237600,0.0156,0.0273,0.9087,2237.6,500000,0.0,0.0,0.0,0.0,tap3,natural,normal,20260810_135255,True
2240109,0.0156,0.039,0.9165,2240.109,500000,0.0,0.011699999999999999,0.007800000000000029,0.014061649974309573,tap3,natural,normal,20260810_135255,True
2242620,0.0039,0.039,0.9126,2242.62,500000,-0.011699999999999999,0.011699999999999999,0.0039000000000000146,0.01699970587980863,tap3,natural,normal,20260810_135255,True
2245112,0.0117,0.0312,0.9087,2245.112,500000,-0.003899999999999999,0.0038999999999999972,0.0,0.005515432893255068,tap3,natural,normal,20260810_135255,True
2247607,0.0156,0.0234,0.9126,2247.607,500000,0.0,-0.0039000000000000007,0.0039000000000000146,0.005515432893255082,tap3,natural,normal,20260810_135255,True
2250102,0.0195,0.0234,0.9087,2250.102,500000,0.0039000000000000007,-0.0039000000000000007,0.0,0.005515432893255071,tap3,natural,normal,20260810_135255,True
2252609,0.0117,0.0273,0.9087,2252.609,500000,-0.003899999999999999,0.0,0.0,0.003899999999999999,tap3,natural,normal,20260810_135255,True
2255117,0.0156,0.0234,0.9048,2255.117,500000,0.0,-0.0039000000000000007,-0.0038999999999999035,0.005515432893255003,tap3,natural,normal,20260810_135255,True
2257604,0.0156,0.039,0.9087,2257.604,500000,0.0,0.011699999999999999,0.0,0.011699999999999999,tap3,natural,normal,20260810_135255,True
2260112,0.0156,0.039,0.9087,2260.112,500000,0.0,0.011699999999999999,0.0,0.011699999999999999,tap3,natural,normal,20260810_135255,True
2262623,0.0117,0.0351,0.9048,2262.623,500000,-0.003899999999999999,0.007799999999999998,-0.0038999999999999035,0.009553009996854354,tap3,natural,normal,20260810_135255,True
2265100,0.0117,0.0234,0.9087,2265.1,500000,-0.003899999999999999,-0.0039000000000000007,0.0,0.00551543289325507,tap3,natural,normal,20260810_135255,True
2267627,0.0117,0.0273,0.9048,2267.627,500000,-0.003899999999999999,0.0,-0.0038999999999999035,0.005515432893255002,tap3,natural,normal,20260810_135255,True
2270127,0.0156,0.0234,0.9009,2270.127,500000,0.0,-0.0039000000000000007,-0.007799999999999918,0.008720665112249107,tap3,natural,normal,20260810_135255,True
2272601,0.0156,0.0234,0.9087,2272.601,500000,0.0,-0.0039000000000000007,0.0,0.0039000000000000007,tap3,natural,normal,20260810_135255,True
2275128,0.0234,0.0312,0.9009,2275.128,500000,0.007800000000000001,0.0038999999999999972,-0.007799999999999918,0.011699999999999945,tap3,natural,normal,20260810_135255,True
2277626,0.0156,0.0312,0.9165,2277.626,500000,0.0,0.0038999999999999972,0.007800000000000029,0.008720665112249205,tap3,natural,normal,20260810_135255,True
2280099,0.0117,0.0273,0.9126,2280.099,500000,-0.003899999999999999,0.0,0.0039000000000000146,0.00551543289325508,tap3,natural,normal,20260810_135255,True
2282613,0.0156,0.0273,0.9126,2282.613,500000,0.0,0.0,0.0039000000000000146,0.0039000000000000146,tap3,natural,normal,20260810_135255,True
2285107,0.0195,0.0351,0.9126,2285.107,500000,0.0039000000000000007,0.007799999999999998,0.0039000000000000146,0.0095530099968544,tap3,natural,normal,20260810_135255,True
2287624,0.0117,0.0273,0.9087,2287.624,500000,-0.003899999999999999,0.0,0.0,0.003899999999999999,tap3,natural,normal,20260810_135255,True
2290107,0.0195,0.0273,0.9087,2290.107,500000,0.0039000000000000007,0.0,0.0,0.0039000000000000007,tap3,natural,normal,20260810_135255,True
2292605,0.0117,0.0312,0.9087,2292.605,500000,-0.003899999999999999,0.0038999999999999972,0.0,0.005515432893255068,tap3,natural,normal,20260810_135255,True
2295106,0.0156,0.0312,0.9048,2295.106,500000,0.0,0.0038999999999999972,-0.0038999999999999035,0.005515432893255,tap3,natural,normal,20260810_135255,True
2297626,0.0156,0.0312,0.9126,2297.626,500000,0.0,0.0038999999999999972,0.0039000000000000146,0.005515432893255079,tap3,natural,normal,20260810_135255,True
2300103,0.0195,0.0273,0.9009,2300.103,500000,0.0039000000000000007,0.0,-0.007799999999999918,0.008720665112249107,tap3,natural,normal,20260810_135255,True
2302612,0.0156,0.0273,0.9087,2302.612,500000,0.0,0.0,0.0,0.0,tap3,natural,normal,20260810_135255,True
2305111,0.0117,0.0312,0.9126,2305.111,500000,-0.003899999999999999,0.0038999999999999972,0.0039000000000000146,0.006754998149518627,tap3,natural,normal,20260810_135255,True
2307607,0.0156,0.0273,0.9165,2307.607,500000,0.0,0.0,0.007800000000000029,0.007800000000000029,tap3,natural,normal,20260810_135255,True
2310109,0.0156,0.0234,0.9048,2310.109,500000,0.0,-0.0039000000000000007,-0.0038999999999999035,0.005515432893255003,tap3,natural,normal,20260810_135255,True
2312616,0.0078,0.0195,0.9087,2312.616,500000,-0.0078,-0.007800000000000001,0.0,0.011030865786510143,tap3,natural,normal,20260810_135255,True
2315117,0.0156,0.0273,0.9126,2315.117,500000,0.0,0.0,0.0039000000000000146,0.0039000000000000146,tap3,natural,normal,20260810_135255,True
2317605,0.0078,0.0273,0.9048,2317.605,500000,-0.0078,0.0,-0.0038999999999999035,0.008720665112249136,tap3,natural,normal,20260810_135255,True
2320105,0.0117,0.0312,0.9087,2320.105,500000,-0.003899999999999999,0.0038999999999999972,0.0,0.005515432893255068,tap3,natural,normal,20260810_135255,True
2322615,0.0078,0.0234,0.9126,2322.615,500000,-0.0078,-0.0039000000000000007,0.0039000000000000146,0.0095530099968544,tap3,natural,normal,20260810_135255,True
2325109,0.0117,0.0195,0.9126,2325.109,500000,-0.003899999999999999,-0.007800000000000001,0.0039000000000000146,0.0095530099968544,tap3,natural,normal,20260810_135255,True
2327599,0.0117,0.0273,0.9009,2327.599,500000,-0.003899999999999999,0.0,-0.007799999999999918,0.008720665112249105,tap3,natural,normal,20260810_135255,True
2330103,0.0156,0.0273,0.9087,2330.103,500000,0.0,0.0,0.0,0.0,tap3,natural,normal,20260810_135255,True
2332625,0.0156,0.0273,0.9165,2332.625,500000,0.0,0.0,0.007800000000000029,0.007800000000000029,tap3,natural,normal,20260810_135255,True
2335109,0.0156,0.0312,0.9087,2335.109,500000,0.0,0.0038999999999999972,0.0,0.0038999999999999972,tap3,natural,normal,20260810_135255,True
2337627,0.0156,0.0273,0.9087,2337.627,500000,0.0,0.0,0.0,0.0,tap3,natural,normal,20260810_135255,True
2340112,0.0117,0.0273,0.9087,2340.112,500000,-0.003899999999999999,0.0,0.0,0.003899999999999999,tap3,natural,normal,20260810_135255,True
2342624,0.0078,0.0234,0.9009,2342.624,500000,-0.0078,-0.0039000000000000007,-0.007799999999999918,0.011699999999999945,tap3,natural,normal,20260810_135255,True
2345112,0.0078,0.0234,0.9009,2345.112,500000,-0.0078,-0.0039000000000000007,-0.007799999999999918,0.011699999999999945,tap3,natural,normal,20260810_135255,True
2347610,0.0039,0.0312,0.9048,2347.61,500000,-0.011699999999999999,0.0038999999999999972,-0.0038999999999999035,0.01293483668238603,tap3,natural,normal,20260810_135255,True
2350128,0.0156,0.0273,0.9048,2350.128,500000,0.0,0.0,-0.0038999999999999035,0.0038999999999999035,tap3,natural,normal,20260810_135255,True
2352612,0.0078,0.0312,0.9048,2352.612,500000,-0.0078,0.0038999999999999972,-0.0038999999999999035,0.009553009996854354,tap3,natural,normal,20260810_135255,True
2355126,0.0234,0.0195,0.9048,2355.126,500000,0.007800000000000001,-0.007800000000000001,-0.0038999999999999035,0.011699999999999969,tap3,natural,normal,20260810_135255,True
2357616,0.0234,0.0234,0.9048,2357.616,500000,0.007800000000000001,-0.0039000000000000007,-0.0038999999999999035,0.009553009996854357,tap3,natural,normal,20260810_135255,True
2360128,0.0156,0.0351,0.9048,2360.128,500000,0.0,0.007799999999999998,-0.0038999999999999035,0.008720665112249134,tap3,natural,normal,20260810_135255,True
2362609,0.0156,0.0234,0.9165,2362.609,500000,0.0,-0.0039000000000000007,0.007800000000000029,0.008720665112249207,tap3,natural,normal,20260810_135255,True
2365102,0.0039,0.0351,0.9204,2365.102,500000,-0.011699999999999999,0.007799999999999998,0.011700000000000044,0.0182926214633114,tap3,natural,normal,20260810_135255,True
2367626,0.0078,0.0273,0.9009,2367.626,500000,-0.0078,0.0,-0.007799999999999918,0.011030865786510084,tap3,natural,normal,20260810_135255,True
2370101,0.0195,0.0273,0.9048,2370.101,500000,0.0039000000000000007,0.0,-0.0038999999999999035,0.005515432893255003,tap3,natural,normal,20260810_135255,True
2372618,0.0117,0.0273,0.9126,2372.618,500000,-0.003899999999999999,0.0,0.0039000000000000146,0.00551543289325508,tap3,natural,normal,20260810_135255,True
2375108,0.0156,0.0234,0.9048,2375.108,500000,0.0,-0.0039000000000000007,-0.0038999999999999035,0.005515432893255003,tap3,natural,normal,20260810_135255,True
2377607,0.0117,0.0273,0.9126,2377.607,500000,-0.003899999999999999,0.0,0.0039000000000000146,0.00551543289325508,tap3,natural,normal,20260810_135255,True
2380112,0.0117,0.0234,0.9048,2380.112,500000,-0.003899999999999999,-0.0039000000000000007,-0.0038999999999999035,0.006754998149518566,tap3,natural,normal,20260810_135255,True
2382616,0.0039,0.0351,0.9048,2382.616,500000,-0.011699999999999999,0.007799999999999998,-0.0038999999999999035,0.014592463808418344,tap3,natural,normal,20260810_135255,True
2385115,0.0117,0.0273,0.9087,2385.115,500000,-0.003899999999999999,0.0,0.0,0.003899999999999999,tap3,natural,normal,20260810_135255,True
2387618,0.0117,0.0234,0.9087,2387.618,500000,-0.003899999999999999,-0.0039000000000000007,0.0,0.00551543289325507,tap3,natural,normal,20260810_135255,True
2390127,0.0156,0.0234,0.9126,2390.127,500000,0.0,-0.0039000000000000007,0.0039000000000000146,0.005515432893255082,tap3,natural,normal,20260810_135255,True
2392605,0.0156,0.0234,0.9126,2392.605,500000,0.0,-0.0039000000000000007,0.0039000000000000146,0.005515432893255082,tap3,natural,normal,20260810_135255,True
2395107,0.0117,0.0273,0.9009,2395.107,500000,-0.003899999999999999,0.0,-0.007799999999999918,0.008720665112249105,tap3,natural,normal,20260810_135255,True
2397627,0.0078,0.0273,0.9126,2397.627,500000,-0.0078,0.0,0.0039000000000000146,0.008720665112249186,tap3,natural,normal,20260810_135255,True
2400114,0.0156,0.0234,0.9009,2400.114,500000,0.0,-0.0039000000000000007,-0.007799999999999918,0.008720665112249107,tap3,natural,normal,20260810_135255,True
2402619,0.0117,0.0195,0.9048,2402.619,500000,-0.003899999999999999,-0.007800000000000001,-0.0038999999999999035,0.009553009996854355,tap3,natural,normal,20260810_135255,True
2405110,0.0078,0.0312,0.9087,2405.11,500000,-0.0078,0.0038999999999999972,0.0,0.00872066511224918,tap3,natural,normal,20260810_135255,True
2407612,0.0156,0.0312,0.9087,2407.612,500000,0.0,0.0038999999999999972,0.0,0.0038999999999999972,tap3,natural,normal,20260810_135255,True
2410121,0.0117,0.039,0.9126,2410.121,500000,-0.003899999999999999,0.011699999999999999,0.0039000000000000146,0.012934836682386062,tap3,natural,normal,20260810_135255,True
2412604,0.0156,0.0273,0.9126,2412.604,500000,0.0,0.0,0.0039000000000000146,0.0039000000000000146,tap3,natural,normal,20260810_135255,True
2415129,0.0156,0.0234,0.9126,2415.129,500000,0.0,-0.0039000000000000007,0.0039000000000000146,0.005515432893255082,tap3,natural,normal,20260810_135255,True
2417616,0.0117,0.0234,0.9126,2417.616,500000,-0.003899999999999999,-0.0039000000000000007,0.0039000000000000146,0.00675499814951863,tap3,natural,normal,20260810_135255,True
2420128,0.0117,0.0312,0.9126,2420.128,500000,-0.003899999999999999,0.0038999999999999972,0.0039000000000000146,0.006754998149518627,tap3,natural,normal,20260810_135255,True
2422613,0.0195,0.0234,0.9126,2422.613,500000,0.0039000000000000007,-0.0039000000000000007,0.0039000000000000146,0.006754998149518631,tap3,natural,normal,20260810_135255,True
2425109,0.0156,0.0273,0.9087,2425.109,500000,0.0,0.0,0.0,0.0,tap3,natural,normal,20260810_135255,True
2427607,0.0117,0.0273,0.9126,2427.607,500000,-0.003899999999999999,0.0,0.0039000000000000146,0.00551543289325508,tap3,natural,normal,20260810_135255,True
2430114,0.0078,0.0273,0.9126,2430.114,500000,-0.0078,0.0,0.0039000000000000146,0.008720665112249186,tap3,natural,normal,20260810_135255,True
2432601,0.0,0.0312,0.9165,2432.601,500000,-0.0156,0.0038999999999999972,0.007800000000000029,0.01787204521032779,tap3,natural,normal,20260810_135255,True
2435128,0.0078,0.0351,0.9009,2435.128,500000,-0.0078,0.007799999999999998,-0.007799999999999918,0.013509996299037194,tap3,natural,normal,20260810_135255,True
2437620,0.0156,0.0234,0.9126,2437.62,500000,0.0,-0.0039000000000000007,0.0039000000000000146,0.005515432893255082,tap3,natural,normal,20260810_135255,True
2440122,0.0117,0.0273,0.9087,2440.122,500000,-0.003899999999999999,0.0,0.0,0.003899999999999999,tap3,natural,normal,20260810_135255,True
2442599,0.0117,0.0234,0.9048,2442.599,500000,-0.003899999999999999,-0.0039000000000000007,-0.0038999999999999035,0.006754998149518566,tap3,natural,normal,20260810_135255,True
2445113,0.0156,0.0312,0.9087,2445.113,500000,0.0,0.0038999999999999972,0.0,0.0038999999999999972,tap3,natural,normal,20260810_135255,True
2447608,0.0117,0.0273,0.9126,2447.608,500000,-0.003899999999999999,0.0,0.0039000000000000146,0.00551543289325508,tap3,natural,normal,20260810_135255,True
2450109,0.0078,0.0234,0.9087,2450.109,500000,-0.0078,-0.0039000000000000007,0.0,0.00872066511224918,tap3,natural,normal,20260810_135255,True
2452610,0.0117,0.0273,0.9087,2452.61,500000,-0.003899999999999999,0.0,0.0,0.003899999999999999,tap3,natural,normal,20260810_135255,True
2455107,0.0117,0.0273,0.9087,2455.107,500000,-0.003899999999999999,0.0,0.0,0.003899999999999999,tap3,natural,normal,20260810_135255,True
2457629,0.0117,0.0312,0.9087,2457.629,500000,-0.003899999999999999,0.0038999999999999972,0.0,0.005515432893255068,tap3,natural,normal,20260810_135255,True
2460127,0.0117,0.0273,0.9126,2460.127,500000,-0.003899999999999999,0.0,0.0039000000000000146,0.00551543289325508,tap3,natural,normal,20260810_135255,True
2462604,0.0078,0.0273,0.9087,2462.604,500000,-0.0078,0.0,0.0,0.0078,tap3,natural,normal,20260810_135255,True
2465108,0.0117,0.0195,0.9165,2465.108,500000,-0.003899999999999999,-0.007800000000000001,0.007800000000000029,0.01170000000000002,tap3,natural,normal,20260810_135255,True
2467600,0.0078,0.0195,0.9165,2467.6,500000,-0.0078,-0.007800000000000001,0.007800000000000029,0.01350999629903726,tap3,natural,normal,20260810_135255,True
2470107,0.0078,0.0234,0.9204,2470.107,500000,-0.0078,-0.0039000000000000007,0.011700000000000044,0.014592463808418407,tap3,natural,normal,20260810_135255,True
2472629,0.0117,0.0312,0.9165,2472.629,500000,-0.003899999999999999,0.0038999999999999972,0.007800000000000029,0.009553009996854416,tap3,natural,normal,20260810_135255,True
2475112,0.0117,0.0273,0.9165,2475.112,500000,-0.003899999999999999,0.0,0.007800000000000029,0.008720665112249205,tap3,natural,normal,20260810_135255,True
2477624,0.0156,0.0234,0.9165,2477.624,500000,0.0,-0.0039000000000000007,0.007800000000000029,0.008720665112249207,tap3,natural,normal,20260810_135255,True
2480124,0.0156,0.0351,0.9009,2480.124,500000,0.0,0.007799999999999998,-0.007799999999999918,0.011030865786510082,tap3,natural,normal,20260810_135255,True
2482622,0.0195,0.0234,0.9009,2482.622,500000,0.0039000000000000007,-0.0039000000000000007,-0.007799999999999918,0.009553009996854328,tap3,natural,normal,20260810_135255,True
2485115,0.0117,0.0351,0.9009,2485.115,500000,-0.003899999999999999,0.007799999999999998,-0.007799999999999918,0.011699999999999943,tap3,natural,normal,20260810_135255,True
2487628,0.0117,0.0234,0.9087,2487.628,500000,-0.003899999999999999,-0.0039000000000000007,0.0,0.00551543289325507,tap3,natural,normal,20260810_135255,True
2490109,0.0117,0.0273,0.9126,2490.109,500000,-0.003899999999999999,0.0,0.0039000000000000146,0.00551543289325508,tap3,natural,normal,20260810_135255,True
2492617,0.0117,0.0351,0.9048,2492.617,500000,-0.003899999999999999,0.007799999999999998,-0.0038999999999999035,0.009553009996854354,tap3,natural,normal,20260810_135255,True
2495117,0.0234,0.0312,0.9165,2495.117,500000,0.007800000000000001,0.0038999999999999972,0.007800000000000029,0.01170000000000002,tap3,natural,normal,20260810_135255,True
2497612,0.0117,0.0312,0.9087,2497.612,500000,-0.003899999999999999,0.0038999999999999972,0.0,0.005515432893255068,tap3,natural,normal,20260810_135255,True
2500121,0.0117,0.0234,0.9087,2500.121,500000,-0.003899999999999999,-0.0039000000000000007,0.0,0.00551543289325507,tap3,natural,normal,20260810_135255,True
2502615,0.0117,0.0312,0.9165,2502.615,500000,-0.003899999999999999,0.0038999999999999972,0.007800000000000029,0.009553009996854416,tap3,natural,normal,20260810_135255,True
2505126,0.0117,0.0273,0.9087,2505.126,500000,-0.003899999999999999,0.0,0.0,0.003899999999999999,tap3,natural,normal,20260810_135255,True
2507618,0.0156,0.0273,0.9126,2507.618,500000,0.0,0.0,0.0039000000000000146,0.0039000000000000146,tap3,natural,normal,20260810_135255,True
2510100,0.0156,0.0234,0.9048,2510.1,500000,0.0,-0.0039000000000000007,-0.0038999999999999035,0.005515432893255003,tap3,natural,normal,20260810_135255,True
2512616,0.0117,0.0273,0.9087,2512.616,500000,-0.003899999999999999,0.0,0.0,0.003899999999999999,tap3,natural,normal,20260810_135255,True
2515110,0.0117,0.0351,0.9087,2515.11,500000,-0.003899999999999999,0.007799999999999998,0.0,0.008720665112249178,tap3,natural,normal,20260810_135255,True
2517622,0.0117,0.0273,0.9165,2517.622,500000,-0.003899999999999999,0.0,0.007800000000000029,0.008720665112249205,tap3,natural,normal,20260810_135255,True
2520100,0.0078,0.0273,0.9009,2520.1,500000,-0.0078,0.0,-0.007799999999999918,0.011030865786510084,tap3,natural,normal,20260810_135255,True
2522621,0.0156,0.0273,0.9009,2522.621,500000,0.0,0.0,-0.007799999999999918,0.007799999999999918,tap3,natural,normal,20260810_135255,True
2525116,0.0078,0.0273,0.9087,2525.116,500000,-0.0078,0.0,0.0,0.0078,tap3,natural,normal,20260810_135255,True
2527614,0.0156,0.0234,0.9126,2527.614,500000,0.0,-0.0039000000000000007,0.0039000000000000146,0.005515432893255082,tap3,natural,normal,20260810_135255,True
2530099,0.0156,0.0273,0.9126,2530.099,500000,0.0,0.0,0.0039000000000000146,0.0039000000000000146,tap3,natural,normal,20260810_135255,True
2532615,0.0078,0.0273,0.9087,2532.615,500000,-0.0078,0.0,0.0,0.0078,tap3,natural,normal,20260810_135255,True
2535108,0.0117,0.0234,0.9126,2535.108,500000,-0.003899999999999999,-0.0039000000000000007,0.0039000000000000146,0.00675499814951863,tap3,natural,normal,20260810_135255,True
2537621,0.0195,0.0234,0.9087,2537.621,500000,0.0039000000000000007,-0.0039000000000000007,0.0,0.005515432893255071,tap3,natural,normal,20260810_135255,True
2540108,0.0078,0.0273,0.9126,2540.108,500000,-0.0078,0.0,0.0039000000000000146,0.008720665112249186,tap3,natural,normal,20260810_135255,True
2542614,0.0078,0.0234,0.9165,2542.614,500000,-0.0078,-0.0039000000000000007,0.007800000000000029,0.01170000000000002,tap3,natural,normal,20260810_135255,True
2545109,0.0078,0.0351,0.9048,2545.109,500000,-0.0078,0.007799999999999998,-0.0038999999999999035,0.011699999999999966,tap3,natural,normal,20260810_135255,True
2547601,0.0078,0.0351,0.9165,2547.601,500000,-0.0078,0.007799999999999998,0.007800000000000029,0.013509996299037258,tap3,natural,normal,20260810_135255,True
2550112,0.0117,0.0312,0.9126,2550.112,500000,-0.003899999999999999,0.0038999999999999972,0.0039000000000000146,0.006754998149518627,tap3,natural,normal,20260810_135255,True
2552613,0.0117,0.0234,0.9165,2552.613,500000,-0.003899999999999999,-0.0039000000000000007,0.007800000000000029,0.009553009996854418,tap3,natural,normal,20260810_135255,True
2555128,0.0117,0.0312,0.9087,2555.128,500000,-0.003899999999999999,0.0038999999999999972,0.0,0.005515432893255068,tap3,natural,normal,20260810_135255,True
2557625,0.0078,0.0273,0.9048,2557.625,500000,-0.0078,0.0,-0.0038999999999999035,0.008720665112249136,tap3,natural,normal,20260810_135255,True
2560106,0.0117,0.0312,0.9126,2560.106,500000,-0.003899999999999999,0.0038999999999999972,0.0039000000000000146,0.006754998149518627,tap3,natural,normal,20260810_135255,True
2562616,0.0156,0.0234,0.9087,2562.616,500000,0.0,-0.0039000000000000007,0.0,0.0039000000000000007,tap3,natural,normal,20260810_135255,True
2565115,0.0078,0.0195,0.9165,2565.115,500000,-0.0078,-0.007800000000000001,0.007800000000000029,0.01350999629903726,tap3,natural,normal,20260810_135255,True
2567607,0.0078,0.0195,0.9165,2567.607,500000,-0.0078,-0.007800000000000001,0.007800000000000029,0.01350999629903726,tap3,natural,normal,20260810_135255,True
2570114,0.0156,0.0312,0.9204,2570.114,500000,0.0,0.0038999999999999972,0.011700000000000044,0.01233288287465672,tap3,natural,normal,20260810_135255,True
2572600,0.0195,0.0234,0.9009,2572.6,500000,0.0039000000000000007,-0.0039000000000000007,-0.007799999999999918,0.009553009996854328,tap3,natural,normal,20260810_135255,True
2575112,0.0039,0.0312,0.9087,2575.112,500000,-0.011699999999999999,0.0038999999999999972,0.0,0.012332882874656677,tap3,natural,normal,20260810_135255,True
2577619,0.0156,0.0273,0.9126,2577.619,500000,0.0,0.0,0.0039000000000000146,0.0039000000000000146,tap3,natural,normal,20260810_135255,True
2580125,0.0117,0.0195,0.9165,2580.125,500000,-0.003899999999999999,-0.007800000000000001,0.007800000000000029,0.01170000000000002,tap3,natural,normal,20260810_135255,True
2582613,0.0078,0.0312,0.9009,2582.613,500000,-0.0078,0.0038999999999999972,-0.007799999999999918,0.011699999999999945,tap3,natural,normal,20260810_135255,True
2585125,0.0156,0.039,0.9087,2585.125,500000,0.0,0.011699999999999999,0.0,0.011699999999999999,tap3,natural,normal,20260810_135255,True
2587620,0.0156,0.0273,0.9087,2587.62,500000,0.0,0.0,0.0,0.0,tap3,natural,normal,20260810_135255,True
2590108,0.0117,0.0273,0.9126,2590.108,500000,-0.003899999999999999,0.0,0.0039000000000000146,0.00551543289325508,tap3,natural,normal,20260810_135255,True
2592625,0.0039,0.0234,0.9165,2592.625,500000,-0.011699999999999999,-0.0039000000000000007,0.007800000000000029,0.014592463808418386,tap3,natural,normal,20260810_135255,True
2595124,0.0117,0.0273,0.9126,2595.124,500000,-0.003899999999999999,0.0,0.0039000000000000146,0.00551543289325508,tap3,natural,normal,20260810_135255,True
2597607,0.0156,0.0273,0.9204,2597.607,500000,0.0,0.0,0.011700000000000044,0.011700000000000044,tap3,natural,normal,20260810_135255,True
2600115,0.0234,0.0312,0.9048,2600.115,500000,0.007800000000000001,0.0038999999999999972,-0.0038999999999999035,0.009553009996854355,tap3,natural,normal,20260810_135255,True
2602607,0.0195,0.0273,0.9009,2602.607,500000,0.0039000000000000007,0.0,-0.007799999999999918,0.008720665112249107,tap3,natural,normal,20260810_135255,True
2605100,0.0234,0.0312,0.9009,2605.1,500000,0.007800000000000001,0.0038999999999999972,-0.007799999999999918,0.011699999999999945,tap3,natural,normal,20260810_135255,True
2607606,0.0156,0.0351,0.9165,2607.606,500000,0.0,0.007799999999999998,0.007800000000000029,0.01103086578651016,tap3,natural,normal,20260810_135255,True
2610124,0.0078,0.0312,0.9204,2610.124,500000,-0.0078,0.0038999999999999972,0.011700000000000044,0.014592463808418405,tap3,natural,normal,20260810_135255,True
2612605,0.0039,0.0351,0.9087,2612.605,500000,-0.011699999999999999,0.007799999999999998,0.0,0.014061649974309556,tap3,natural,normal,20260810_135255,True
2615106,0.0156,0.0312,0.9087,2615.106,500000,0.0,0.0038999999999999972,0.0,0.0038999999999999972,tap3,natural,normal,20260810_135255,True
2617604,0.0117,0.0273,0.9009,2617.604,500000,-0.003899999999999999,0.0,-0.007799999999999918,0.008720665112249105,tap3,natural,normal,20260810_135255,True
2620101,0.0156,0.0273,0.9009,2620.101,500000,0.0,0.0,-0.007799999999999918,0.007799999999999918,tap3,natural,normal,20260810_135255,True
2622615,0.0156,0.0273,0.9048,2622.615,500000,0.0,0.0,-0.0038999999999999035,0.0038999999999999035,tap3,natural,normal,20260810_135255,True
2625111,0.0195,0.0312,0.9009,2625.111,500000,0.0039000000000000007,0.0038999999999999972,-0.007799999999999918,0.009553009996854326,tap3,natural,normal,20260810_135255,True
2627608,0.0078,0.0312,0.9126,2627.608,500000,-0.0078,0.0038999999999999972,0.0039000000000000146,0.0095530099968544,tap3,natural,normal,20260810_135255,True
2630114,0.0117,0.0351,0.9087,2630.114,500000,-0.003899999999999999,0.007799999999999998,0.0,0.008720665112249178,tap3,natural,normal,20260810_135255,True
2632603,0.0234,0.0273,0.9126,2632.603,500000,0.007800000000000001,0.0,0.0039000000000000146,0.008720665112249188,tap3,natural,normal,20260810_135255,True
2635100,0.0078,0.0234,0.9126,2635.1,500000,-0.0078,-0.0039000000000000007,0.0039000000000000146,0.0095530099968544,tap3,natural,normal,20260810_135255,True
2637619,0.0117,0.0312,0.9087,2637.619,500000,-0.003899999999999999,0.0038999999999999972,0.0,0.005515432893255068,tap3,natural,normal,20260810_135255,True
2640124,0.0156,0.0273,0.9048,2640.124,500000,0.0,0.0,-0.0038999999999999035,0.0038999999999999035,tap3,natural,normal,20260810_135255,True
2642605,0.0156,0.0312,0.9009,2642.605,500000,0.0,0.0038999999999999972,-0.007799999999999918,0.008720665112249105,tap3,natural,normal,20260810_135255,True
2645106,0.0156,0.0234,0.9009,2645.106,500000,0.0,-0.0039000000000000007,-0.007799999999999918,0.008720665112249107,tap3,natural,normal,20260810_135255,True
2647604,0.0156,0.0273,0.9048,2647.604,500000,0.0,0.0,-0.0038999999999999035,0.0038999999999999035,tap3,natural,normal,20260810_135255,True
2650123,0.0078,0.0234,0.9009,2650.123,500000,-0.0078,-0.0039000000000000007,-0.007799999999999918,0.011699999999999945,tap3,natural,normal,20260810_135255,True
2652613,0.0156,0.0273,0.9009,2652.613,500000,0.0,0.0,-0.007799999999999918,0.007799999999999918,tap3,natural,normal,20260810_135255,True
2655104,0.0117,0.0312,0.9087,2655.104,500000,-0.003899999999999999,0.0038999999999999972,0.0,0.005515432893255068,tap3,natural,normal,20260810_135255,True
2657627,0.0078,0.0312,0.9126,2657.627,500000,-0.0078,0.0038999999999999972,0.0039000000000000146,0.0095530099968544,tap3,natural,normal,20260810_135255,True
2660112,0.0078,0.0312,0.9048,2660.112,500000,-0.0078,0.0038999999999999972,-0.0038999999999999035,0.009553009996854354,tap3,natural,normal,20260810_135255,True
2662620,0.0078,0.0273,0.9126,2662.62,500000,-0.0078,0.0,0.0039000000000000146,0.008720665112249186,tap3,natural,normal,20260810_135255,True
2665113,0.0117,0.0312,0.9048,2665.113,500000,-0.003899999999999999,0.0038999999999999972,-0.0038999999999999035,0.006754998149518563,tap3,natural,normal,20260810_135255,True
2667610,0.0117,0.0312,0.9048,2667.61,500000,-0.003899999999999999,0.0038999999999999972,-0.0038999999999999035,0.006754998149518563,tap3,natural,normal,20260810_135255,True
2670118,0.0117,0.0273,0.9126,2670.118,500000,-0.003899999999999999,0.0,0.0039000000000000146,0.00551543289325508,tap3,natural,normal,20260810_135255,True
2672613,0.0156,0.0195,0.9087,2672.613,500000,0.0,-0.007800000000000001,0.0,0.007800000000000001,tap3,natural,normal,20260810_135255,True
2675104,0.0156,0.0195,0.9087,2675.104,500000,0.0,-0.007800000000000001,0.0,0.007800000000000001,tap3,natural,normal,20260810_135255,True
2677675,0.0156,0.0273,0.9126,2677.675,500000,0.0,0.0,0.0039000000000000146,0.0039000000000000146,tap3,natural,normal,20260810_135255,True
2680122,0.0156,0.0273,0.9126,2680.122,500000,0.0,0.0,0.0039000000000000146,0.0039000000000000146,tap3,natural,normal,20260810_135255,True
2682609,0.0156,0.0273,0.9048,2682.609,500000,0.0,0.0,-0.0038999999999999035,0.0038999999999999035,tap3,natural,normal,20260810_135255,True
2685109,0.0117,0.0273,0.9087,2685.109,500000,-0.003899999999999999,0.0,0.0,0.003899999999999999,tap3,natural,normal,20260810_135255,True
2687606,0.0117,0.0312,0.9165,2687.606,500000,-0.003899999999999999,0.0038999999999999972,0.007800000000000029,0.009553009996854416,tap3,natural,normal,20260810_135255,True
2690109,0.0078,0.0312,0.9048,2690.109,500000,-0.0078,0.0038999999999999972,-0.0038999999999999035,0.009553009996854354,tap3,natural,normal,20260810_135255,True
2692605,0.0195,0.0234,0.9048,2692.605,500000,0.0039000000000000007,-0.0039000000000000007,-0.0038999999999999035,0.006754998149518567,tap3,natural,normal,20260810_135255,True
2695106,0.0078,0.0351,0.9048,2695.106,500000,-0.0078,0.007799999999999998,-0.0038999999999999035,0.011699999999999966,tap3,natural,normal,20260810_135255,True
2697627,0.0117,0.0234,0.9009,2697.627,500000,-0.003899999999999999,-0.0039000000000000007,-0.007799999999999918,0.009553009996854328,tap3,natural,normal,20260810_135255,True
2700110,0.0039,0.039,0.9087,2700.11,500000,-0.011699999999999999,0.011699999999999999,0.0,0.01654629867976521,tap3,natural,normal,20260810_135255,True
2702609,0.0195,0.0273,0.9165,2702.609,500000,0.0039000000000000007,0.0,0.007800000000000029,0.008720665112249207,tap3,natural,normal,20260810_135255,True
2705102,0.0117,0.0312,0.9126,2705.102,500000,-0.003899999999999999,0.0038999999999999972,0.0039000000000000146,0.006754998149518627,tap3,natural,normal,20260810_135255,True
2707603,0.0117,0.0234,0.9048,2707.603,500000,-0.003899999999999999,-0.0039000000000000007,-0.0038999999999999035,0.006754998149518566,tap3,natural,normal,20260810_135255,True
2710101,0.0234,0.0234,0.9087,2710.101,500000,0.007800000000000001,-0.0039000000000000007,0.0,0.008720665112249181,tap3,natural,normal,20260810_135255,True
2712609,0.0156,0.0234,0.9126,2712.609,500000,0.0,-0.0039000000000000007,0.0039000000000000146,0.005515432893255082,tap3,natural,normal,20260810_135255,True
2715121,0.0117,0.0234,0.9087,2715.121,500000,-0.003899999999999999,-0.0039000000000000007,0.0,0.00551543289325507,tap3,natural,normal,20260810_135255,True
2717612,0.0117,0.0273,0.9126,2717.612,500000,-0.003899999999999999,0.0,0.0039000000000000146,0.00551543289325508,tap3,natural,normal,20260810_135255,True
2720118,0.0195,0.0234,0.9126,2720.118,500000,0.0039000000000000007,-0.0039000000000000007,0.0039000000000000146,0.006754998149518631,tap3,natural,normal,20260810_135255,True
2722601,0.0117,0.0312,0.9126,2722.601,500000,-0.003899999999999999,0.0038999999999999972,0.0039000000000000146,0.006754998149518627,tap3,natural,normal,20260810_135255,True
2725129,0.0156,0.0312,0.9204,2725.129,500000,0.0,0.0038999999999999972,0.011700000000000044,0.01233288287465672,tap3,natural,normal,20260810_135255,True
2727626,0.0195,0.0273,0.9048,2727.626,500000,0.0039000000000000007,0.0,-0.0038999999999999035,0.005515432893255003,tap3,natural,normal,20260810_135255,True
2730108,0.0156,0.0351,0.9087,2730.108,500000,0.0,0.007799999999999998,0.0,0.007799999999999998,tap3,natural,normal,20260810_135255,True
2732628,0.0117,0.0234,0.9048,2732.628,500000,-0.003899999999999999,-0.0039000000000000007,-0.0038999999999999035,0.006754998149518566,tap3,natural,normal,20260810_135255,True
2735124,0.0078,0.0234,0.9087,2735.124,500000,-0.0078,-0.0039000000000000007,0.0,0.00872066511224918,tap3,natural,normal,20260810_135255,True
2737616,0.0117,0.0156,0.9165,2737.616,500000,-0.003899999999999999,-0.011700000000000002,0.007800000000000029,0.014592463808418388,tap3,natural,normal,20260810_135255,True
2740099,0.0117,0.0195,0.9126,2740.099,500000,-0.003899999999999999,-0.007800000000000001,0.0039000000000000146,0.0095530099968544,tap3,natural,normal,20260810_135255,True
2742606,0.0117,0.0273,0.9126,2742.606,500000,-0.003899999999999999,0.0,0.0039000000000000146,0.00551543289325508,tap3,natural,normal,20260810_135255,True
2745108,0.0078,0.0273,0.9048,2745.108,500000,-0.0078,0.0,-0.0038999999999999035,0.008720665112249136,tap3,natural,normal,20260810_135255,True
2747629,0.0078,0.0273,0.9165,2747.629,500000,-0.0078,0.0,0.007800000000000029,0.011030865786510162,tap3,natural,normal,20260810_135255,True
2750110,0.0156,0.0195,0.9087,2750.11,500000,0.0,-0.007800000000000001,0.0,0.007800000000000001,tap3,natural,normal,20260810_135255,True
2752622,0.0234,0.0195,0.9087,2752.622,500000,0.007800000000000001,-0.007800000000000001,0.0,0.011030865786510143,tap3,natural,normal,20260810_135255,True
2755117,0.0156,0.0156,0.9087,2755.117,500000,0.0,-0.011700000000000002,0.0,0.011700000000000002,tap3,natural,normal,20260810_135255,True
2757610,0.0117,0.0234,0.9087,2757.61,500000,-0.003899999999999999,-0.0039000000000000007,0.0,0.00551543289325507,tap3,natural,normal,20260810_135255,True
2760123,0.0078,0.0273,0.9048,2760.123,500000,-0.0078,0.0,-0.0038999999999999035,0.008720665112249136,tap3,natural,normal,20260810_135255,True
2762617,0.0078,0.0234,0.9087,2762.617,500000,-0.0078,-0.0039000000000000007,0.0,0.00872066511224918,tap3,natural,normal,20260810_135255,True
2765100,0.0117,0.0195,0.9087,2765.1,500000,-0.003899999999999999,-0.007800000000000001,0.0,0.00872066511224918,tap3,natural,normal,20260810_135255,True
2767621,0.0156,0.0273,0.9126,2767.621,500000,0.0,0.0,0.0039000000000000146,0.0039000000000000146,tap3,natural,normal,20260810_135255,True
2770109,0.0078,0.0312,0.9048,2770.109,500000,-0.0078,0.0038999999999999972,-0.0038999999999999035,0.009553009996854354,tap3,natural,normal,20260810_135255,True
2772627,0.0117,0.0312,0.9048,2772.627,500000,-0.003899999999999999,0.0038999999999999972,-0.0038999999999999035,0.006754998149518563,tap3,natural,normal,20260810_135255,True
2775121,0.0156,0.0273,0.9087,2775.121,500000,0.0,0.0,0.0,0.0,tap3,natural,normal,20260810_135255,True
2777613,0.0078,0.0351,0.9087,2777.613,500000,-0.0078,0.007799999999999998,0.0,0.011030865786510139,tap3,natural,normal,20260810_135255,True
2780109,0.0195,0.0273,0.9009,2780.109,500000,0.0039000000000000007,0.0,-0.007799999999999918,0.008720665112249107,tap3,natural,normal,20260810_135255,True
2782609,0.0156,0.0273,0.9126,2782.609,500000,0.0,0.0,0.0039000000000000146,0.0039000000000000146,tap3,natural,normal,20260810_135255,True
2785109,0.0078,0.0351,0.9048,2785.109,500000,-0.0078,0.007799999999999998,-0.0038999999999999035,0.011699999999999966,tap3,natural,normal,20260810_135255,True
2787616,0.0078,0.0351,0.9048,2787.616,500000,-0.0078,0.007799999999999998,-0.0038999999999999035,0.011699999999999966,tap3,natural,normal,20260810_135255,True
2790103,0.0156,0.0351,0.9087,2790.103,500000,0.0,0.007799999999999998,0.0,0.007799999999999998,tap3,natural,normal,20260810_135255,True
2792605,0.0078,0.039,0.9048,2792.605,500000,-0.0078,0.011699999999999999,-0.0038999999999999035,0.014592463808418344,tap3,natural,normal,20260810_135255,True
2795103,0.0195,0.0312,0.9009,2795.103,500000,0.0039000000000000007,0.0038999999999999972,-0.007799999999999918,0.009553009996854326,tap3,natural,normal,20260810_135255,True
2797626,0.0195,0.0312,0.9126,2797.626,500000,0.0039000000000000007,0.0038999999999999972,0.0039000000000000146,0.006754998149518628,tap3,natural,normal,20260810_135255,True
2800107,0.0156,0.0234,0.9009,2800.107,500000,0.0,-0.0039000000000000007,-0.007799999999999918,0.008720665112249107,tap3,natural,normal,20260810_135255,True
2802604,0.0156,0.0234,0.9126,2802.604,500000,0.0,-0.0039000000000000007,0.0039000000000000146,0.005515432893255082,tap3,natural,normal,20260810_135255,True
2805102,0.0078,0.0312,0.9087,2805.102,500000,-0.0078,0.0038999999999999972,0.0,0.00872066511224918,tap3,natural,normal,20260810_135255,True
2807600,0.0156,0.0351,0.9048,2807.6,500000,0.0,0.007799999999999998,-0.0038999999999999035,0.008720665112249134,tap3,natural,normal,20260810_135255,True
2810119,0.0117,0.039,0.9282,2810.119,500000,-0.003899999999999999,0.011699999999999999,0.019500000000000073,0.023072711154088564,tap3,natural,normal,20260810_135255,True
2812600,0.0117,0.039,0.9126,2812.6,500000,-0.003899999999999999,0.011699999999999999,0.0039000000000000146,0.012934836682386062,tap3,natural,normal,20260810_135255,True
2815118,0.0195,0.0234,0.9126,2815.118,500000,0.0039000000000000007,-0.0039000000000000007,0.0039000000000000146,0.006754998149518631,tap3,natural,normal,20260810_135255,True
2817618,0.0156,0.0273,0.9165,2817.618,500000,0.0,0.0,0.007800000000000029,0.007800000000000029,tap3,natural,normal,20260810_135255,True
2820099,0.0117,0.0312,0.9087,2820.099,500000,-0.003899999999999999,0.0038999999999999972,0.0,0.005515432893255068,tap3,natural,normal,20260810_135255,True
2822606,0.0156,0.0312,0.897,2822.606,500000,0.0,0.0038999999999999972,-0.011699999999999933,0.012332882874656614,tap3,natural,normal,20260810_135255,True
2825099,0.0195,0.0234,0.9087,2825.099,500000,0.0039000000000000007,-0.0039000000000000007,0.0,0.005515432893255071,tap3,natural,normal,20260810_135255,True
2827628,0.0078,0.0312,0.9126,2827.628,500000,-0.0078,0.0038999999999999972,0.0039000000000000146,0.0095530099968544,tap3,natural,normal,20260810_135255,True
2830109,0.0156,0.0312,0.9126,2830.109,500000,0.0,0.0038999999999999972,0.0039000000000000146,0.005515432893255079,tap3,natural,normal,20260810_135255,True
2832601,0.0117,0.0312,0.9165,2832.601,500000,-0.003899999999999999,0.0038999999999999972,0.007800000000000029,0.009553009996854416,tap3,natural,normal,20260810_135255,True
2835123,0.0078,0.0312,0.9204,2835.123,500000,-0.0078,0.0038999999999999972,0.011700000000000044,0.014592463808418405,tap3,natural,normal,20260810_135255,True
2837619,0.0156,0.0273,0.9048,2837.619,500000,0.0,0.0,-0.0038999999999999035,0.0038999999999999035,tap3,natural,normal,20260810_135255,True
2840127,0.0195,0.0195,0.9204,2840.127,500000,0.0039000000000000007,-0.007800000000000001,0.011700000000000044,0.014592463808418409,tap3,natural,normal,20260810_135255,True
2842613,0.0156,0.0312,0.9087,2842.613,500000,0.0,0.0038999999999999972,0.0,0.0038999999999999972,tap3,natural,normal,20260810_135255,True
2845119,0.0156,0.0234,0.9204,2845.119,500000,0.0,-0.0039000000000000007,0.011700000000000044,0.012332882874656722,tap3,natural,normal,20260810_135255,True
2847625,0.0078,0.0351,0.9087,2847.625,500000,-0.0078,0.007799999999999998,0.0,0.011030865786510139,tap3,natural,normal,20260810_135255,True
2850113,0.0156,0.0312,0.9126,2850.113,500000,0.0,0.0038999999999999972,0.0039000000000000146,0.005515432893255079,tap3,natural,normal,20260810_135255,True
2852600,0.0195,0.0234,0.9087,2852.6,500000,0.0039000000000000007,-0.0039000000000000007,0.0,0.005515432893255071,tap3,natural,normal,20260810_135255,True
2855114,0.0195,0.0234,0.9048,2855.114,500000,0.0039000000000000007,-0.0039000000000000007,-0.0038999999999999035,0.006754998149518567,tap3,natural,normal,20260810_135255,True
2857629,0.0078,0.0312,0.9126,2857.629,500000,-0.0078,0.0038999999999999972,0.0039000000000000146,0.0095530099968544,tap3,natural,normal,20260810_135255,True
2860111,0.0117,0.0312,0.9165,2860.111,500000,-0.003899999999999999,0.0038999999999999972,0.007800000000000029,0.009553009996854416,tap3,natural,normal,20260810_135255,True
2862626,0.0117,0.0273,0.9204,2862.626,500000,-0.003899999999999999,0.0,0.011700000000000044,0.01233288287465672,tap3,natural,normal,20260810_135255,True
2865121,0.0117,0.0273,0.9126,2865.121,500000,-0.003899999999999999,0.0,0.0039000000000000146,0.00551543289325508,tap3,natural,normal,20260810_135255,True
2867620,0.0117,0.0273,0.9165,2867.62,500000,-0.003899999999999999,0.0,0.007800000000000029,0.008720665112249205,tap3,natural,normal,20260810_135255,True
2870107,0.0117,0.0312,0.9048,2870.107,500000,-0.003899999999999999,0.0038999999999999972,-0.0038999999999999035,0.006754998149518563,tap3,natural,normal,20260810_135255,True
2872620,0.0117,0.0234,0.9126,2872.62,500000,-0.003899999999999999,-0.0039000000000000007,0.0039000000000000146,0.00675499814951863,tap3,natural,normal,20260810_135255,True
2875117,0.0195,0.0273,0.9048,2875.117,500000,0.0039000000000000007,0.0,-0.0038999999999999035,0.005515432893255003,tap3,natural,normal,20260810_135255,True
2877616,0.0117,0.0234,0.9048,2877.616,500000,-0.003899999999999999,-0.0039000000000000007,-0.0038999999999999035,0.006754998149518566,tap3,natural,normal,20260810_135255,True
2880700,0.0117,0.0234,0.9126,2880.7,500000,-0.003899999999999999,-0.0039000000000000007,0.0039000000000000146,0.00675499814951863,tap3,natural,normal,20260810_135255,True
2882605,0.0156,0.0195,0.9087,2882.605,500000,0.0,-0.007800000000000001,0.0,0.007800000000000001,tap3,natural,normal,20260810_135255,True
2885123,0.0117,0.0234,0.9126,2885.123,500000,-0.003899999999999999,-0.0039000000000000007,0.0039000000000000146,0.00675499814951863,tap3,natural,normal,20260810_135255,True
2887607,0.0156,0.0234,0.9048,2887.607,500000,0.0,-0.0039000000000000007,-0.0038999999999999035,0.005515432893255003,tap3,natural,normal,20260810_135255,True
2890117,0.0117,0.0234,0.9087,2890.117,500000,-0.003899999999999999,-0.0039000000000000007,0.0,0.00551543289325507,tap3,natural,normal,20260810_135255,True
2892622,0.0117,0.0273,0.9087,2892.622,500000,-0.003899999999999999,0.0,0.0,0.003899999999999999,tap3,natural,normal,20260810_135255,True
2895115,0.0234,0.0117,0.9204,2895.115,500000,0.007800000000000001,-0.015600000000000001,0.011700000000000044,0.021002142747824592,tap3,natural,normal,20260810_135255,True
2897610,0.0234,0.0117,0.9204,2897.61,500000,0.007800000000000001,-0.015600000000000001,0.011700000000000044,0.021002142747824592,tap3,natural,normal,20260810_135255,True
2900116,0.0078,0.0156,0.9087,2900.116,500000,-0.0078,-0.011700000000000002,0.0,0.014061649974309559,tap3,natural,normal,20260810_135255,True
2902612,0.0117,0.0234,0.897,2902.612,500000,-0.003899999999999999,-0.0039000000000000007,-0.011699999999999933,0.012934836682385998,tap3,natural,normal,20260810_135255,True
2905109,0.0234,0.0234,0.9009,2905.109,500000,0.007800000000000001,-0.0039000000000000007,-0.007799999999999918,0.011699999999999947,tap3,natural,normal,20260810_135255,True
2907602,0.0117,0.0234,0.9087,2907.602,500000,-0.003899999999999999,-0.0039000000000000007,0.0,0.00551543289325507,tap3,natural,normal,20260810_135255,True
2910107,0.0117,0.0234,0.9048,2910.107,500000,-0.003899999999999999,-0.0039000000000000007,-0.0038999999999999035,0.006754998149518566,tap3,natural,normal,20260810_135255,True
2912621,0.0078,0.0234,0.9009,2912.621,500000,-0.0078,-0.0039000000000000007,-0.007799999999999918,0.011699999999999945,tap3,natural,normal,20260810_135255,True
2915103,0.0078,0.0273,0.9165,2915.103,500000,-0.0078,0.0,0.007800000000000029,0.011030865786510162,tap3,natural,normal,20260810_135255,True
2917620,0.0078,0.0273,0.9087,2917.62,500000,-0.0078,0.0,0.0,0.0078,tap3,natural,normal,20260810_135255,True
2920128,0.0117,0.0234,0.9087,2920.128,500000,-0.003899999999999999,-0.0039000000000000007,0.0,0.00551543289325507,tap3,natural,normal,20260810_135255,True
2922614,0.0117,0.0273,0.9126,2922.614,500000,-0.003899999999999999,0.0,0.0039000000000000146,0.00551543289325508,tap3,natural,normal,20260810_135255,True
2925128,0.0195,0.0234,0.9087,2925.128,500000,0.0039000000000000007,-0.0039000000000000007,0.0,0.005515432893255071,tap3,natural,normal,20260810_135255,True
2927619,0.0117,0.0312,0.9048,2927.619,500000,-0.003899999999999999,0.0038999999999999972,-0.0038999999999999035,0.006754998149518563,tap3,natural,normal,20260810_135255,True
2930125,0.0039,0.0312,0.9009,2930.125,500000,-0.011699999999999999,0.0038999999999999972,-0.007799999999999918,0.014592463808418325,tap3,natural,normal,20260810_135255,True
2932616,0.0156,0.0351,0.9087,2932.616,500000,0.0,0.007799999999999998,0.0,0.007799999999999998,tap3,natural,normal,20260810_135255,True
2935111,0.0156,0.0312,0.9087,2935.111,500000,0.0,0.0038999999999999972,0.0,0.0038999999999999972,tap3,natural,normal,20260810_135255,True
2937611,0.0117,0.0312,0.9048,2937.611,500000,-0.003899999999999999,0.0038999999999999972,-0.0038999999999999035,0.006754998149518563,tap3,natural,normal,20260810_135255,True
2940111,0.0078,0.0351,0.9087,2940.111,500000,-0.0078,0.007799999999999998,0.0,0.011030865786510139,tap3,natural,normal,20260810_135255,True
2942611,0.0117,0.0312,0.9009,2942.611,500000,-0.003899999999999999,0.0038999999999999972,-0.007799999999999918,0.009553009996854326,tap3,natural,normal,20260810_135255,True
2945105,0.0117,0.0273,0.9048,2945.105,500000,-0.003899999999999999,0.0,-0.0038999999999999035,0.005515432893255002,tap3,natural,normal,20260810_135255,True
2947603,0.0195,0.0312,0.9048,2947.603,500000,0.0039000000000000007,0.0038999999999999972,-0.0038999999999999035,0.006754998149518564,tap3,natural,normal,20260810_135255,True
2950116,0.0234,0.0234,0.9048,2950.116,500000,0.007800000000000001,-0.0039000000000000007,-0.0038999999999999035,0.009553009996854357,tap3,natural,normal,20260810_135255,True
2952622,0.0156,0.0234,0.9048,2952.622,500000,0.0,-0.0039000000000000007,-0.0038999999999999035,0.005515432893255003,tap3,natural,normal,20260810_135255,True
2955102,0.0117,0.0351,0.9048,2955.102,500000,-0.003899999999999999,0.007799999999999998,-0.0038999999999999035,0.009553009996854354,tap3,natural,normal,20260810_135255,True
2957628,0.0117,0.0351,0.9087,2957.628,500000,-0.003899999999999999,0.007799999999999998,0.0,0.008720665112249178,tap3,natural,normal,20260810_135255,True
2960115,0.0156,0.0312,0.9048,2960.115,500000,0.0,0.0038999999999999972,-0.0038999999999999035,0.005515432893255,tap3,natural,normal,20260810_135255,True
2962625,0.0156,0.0351,0.9087,2962.625,500000,0.0,0.007799999999999998,0.0,0.007799999999999998,tap3,natural,normal,20260810_135255,True
2965115,0.0156,0.0234,0.8931,2965.115,500000,0.0,-0.0039000000000000007,-0.015599999999999947,0.016080111939908825,tap3,natural,normal,20260810_135255,True
2967612,0.0117,0.0351,0.9087,2967.612,500000,-0.003899999999999999,0.007799999999999998,0.0,0.008720665112249178,tap3,natural,normal,20260810_135255,True
2970128,0.0195,0.0273,0.9204,2970.128,500000,0.0039000000000000007,0.0,0.011700000000000044,0.012332882874656722,tap3,natural,normal,20260810_135255,True
2972616,0.0195,0.0234,0.9048,2972.616,500000,0.0039000000000000007,-0.0039000000000000007,-0.0038999999999999035,0.006754998149518567,tap3,natural,normal,20260810_135255,True
2975125,0.0156,0.0312,0.9087,2975.125,500000,0.0,0.0038999999999999972,0.0,0.0038999999999999972,tap3,natural,normal,20260810_135255,True
2977626,0.0156,0.0273,0.9048,2977.626,500000,0.0,0.0,-0.0038999999999999035,0.0038999999999999035,tap3,natural,normal,20260810_135255,True
2980128,0.0156,0.0351,0.9126,2980.128,500000,0.0,0.007799999999999998,0.0039000000000000146,0.008720665112249185,tap3,natural,normal,20260810_135255,True
2982993,0.0117,0.0273,0.9087,2982.993,500000,-0.003899999999999999,0.0,0.0,0.003899999999999999,tap3,natural,normal,20260810_135255,True
2985125,0.0195,0.0351,0.9087,2985.125,500000,0.0039000000000000007,0.007799999999999998,0.0,0.00872066511224918,tap3,natural,normal,20260810_135255,True
2987624,0.0195,0.0234,0.9087,2987.624,500000,0.0039000000000000007,-0.0039000000000000007,0.0,0.005515432893255071,tap3,natural,normal,20260810_135255,True
2990112,0.0156,0.0234,0.9048,2990.112,500000,0.0,-0.0039000000000000007,-0.0038999999999999035,0.005515432893255003,tap3,natural,normal,20260810_135255,True
2992604,0.0156,0.0195,0.9087,2992.604,500000,0.0,-0.007800000000000001,0.0,0.007800000000000001,tap3,natural,normal,20260810_135255,True
2995104,0.0195,0.0234,0.9048,2995.104,500000,0.0039000000000000007,-0.0039000000000000007,-0.0038999999999999035,0.006754998149518567,tap3,natural,normal,20260810_135255,True
2997622,0.0117,0.0312,0.9126,2997.622,500000,-0.003899999999999999,0.0038999999999999972,0.0039000000000000146,0.006754998149518627,tap3,natural,normal,20260810_135255,True
3000120,0.0117,0.0351,0.9126,3000.12,500000,-0.003899999999999999,0.007799999999999998,0.0039000000000000146,0.009553009996854399,tap3,natural,normal,20260810_135255,True
3002611,0.0195,0.0312,0.9087,3002.611,500000,0.0039000000000000007,0.0038999999999999972,0.0,0.0055154328932550695,tap3,natural,normal,20260810_135255,True
3005110,0.0117,0.0273,0.9087,3005.11,500000,-0.003899999999999999,0.0,0.0,0.003899999999999999,tap3,natural,normal,20260810_135255,True
3007612,0.0117,0.0273,0.9087,3007.612,500000,-0.003899999999999999,0.0,0.0,0.003899999999999999,tap3,natural,normal,20260810_135255,True
3010122,0.0156,0.0234,0.9048,3010.122,500000,0.0,-0.0039000000000000007,-0.0038999999999999035,0.005515432893255003,tap3,natural,normal,20260810_135255,True
3012605,0.0156,0.0273,0.9126,3012.605,500000,0.0,0.0,0.0039000000000000146,0.0039000000000000146,tap3,natural,normal,20260810_135255,True
3015103,0.0117,0.0312,0.9048,3015.103,500000,-0.003899999999999999,0.0038999999999999972,-0.0038999999999999035,0.006754998149518563,tap3,natural,normal,20260810_135255,True
3017600,0.0156,0.0273,0.9048,3017.6,500000,0.0,0.0,-0.0038999999999999035,0.0038999999999999035,tap3,natural,normal,20260810_135255,True
3020114,0.0156,0.0273,0.9048,3020.114,500000,0.0,0.0,-0.0038999999999999035,0.0038999999999999035,tap3,natural,normal,20260810_135255,True
3022620,0.0117,0.0273,0.9087,3022.62,500000,-0.003899999999999999,0.0,0.0,0.003899999999999999,tap3,natural,normal,20260810_135255,True
3025117,0.0078,0.0273,0.9126,3025.117,500000,-0.0078,0.0,0.0039000000000000146,0.008720665112249186,tap3,natural,normal,20260810_135255,True
3027612,0.0195,0.0234,0.9009,3027.612,500000,0.0039000000000000007,-0.0039000000000000007,-0.007799999999999918,0.009553009996854328,tap3,natural,normal,20260810_135255,True
3030128,0.0117,0.0195,0.9009,3030.128,500000,-0.003899999999999999,-0.007800000000000001,-0.007799999999999918,0.011699999999999945,tap3,natural,normal,20260810_135255,True
3032613,0.0078,0.0351,0.9126,3032.613,500000,-0.0078,0.007799999999999998,0.0039000000000000146,0.011700000000000004,tap3,natural,normal,20260810_135255,True
3035126,0.0117,0.0234,0.9243,3035.126,500000,-0.003899999999999999,-0.0039000000000000007,0.015600000000000058,0.016546298679765266,tap3,natural,normal,20260810_135255,True
3037618,0.0078,0.0351,0.9126,3037.618,500000,-0.0078,0.007799999999999998,0.0039000000000000146,0.011700000000000004,tap3,natural,normal,20260810_135255,True
3040124,0.0234,0.0195,0.9126,3040.124,500000,0.007800000000000001,-0.007800000000000001,0.0039000000000000146,0.011700000000000007,tap3,natural,normal,20260810_135255,True
3042600,0.0117,0.0273,0.9126,3042.6,500000,-0.003899999999999999,0.0,0.0039000000000000146,0.00551543289325508,tap3,natural,normal,20260810_135255,True
3045101,0.0195,0.0312,0.9087,3045.101,500000,0.0039000000000000007,0.0038999999999999972,0.0,0.0055154328932550695,tap3,natural,normal,20260810_135255,True
3047623,0.0117,0.0234,0.9126,3047.623,500000,-0.003899999999999999,-0.0039000000000000007,0.0039000000000000146,0.00675499814951863,tap3,natural,normal,20260810_135255,True
3050106,0.0117,0.0273,0.9087,3050.106,500000,-0.003899999999999999,0.0,0.0,0.003899999999999999,tap3,natural,normal,20260810_135255,True
3052610,0.0078,0.0273,0.9204,3052.61,500000,-0.0078,0.0,0.011700000000000044,0.014061649974309594,tap3,natural,normal,20260810_135255,True
3055111,0.0117,0.0234,0.9087,3055.111,500000,-0.003899999999999999,-0.0039000000000000007,0.0,0.00551543289325507,tap3,natural,normal,20260810_135255,True
3057604,0.0156,0.0234,0.9126,3057.604,500000,0.0,-0.0039000000000000007,0.0039000000000000146,0.005515432893255082,tap3,natural,normal,20260810_135255,True
3060115,0.0195,0.0234,0.9087,3060.115,500000,0.0039000000000000007,-0.0039000000000000007,0.0,0.005515432893255071,tap3,natural,normal,20260810_135255,True
3062627,0.0117,0.0273,0.9048,3062.627,500000,-0.003899999999999999,0.0,-0.0038999999999999035,0.005515432893255002,tap3,natural,normal,20260810_135255,True
3065127,0.0117,0.0273,0.9126,3065.127,500000,-0.003899999999999999,0.0,0.0039000000000000146,0.00551543289325508,tap3,natural,normal,20260810_135255,True
3067620,0.0156,0.0273,0.9126,3067.62,500000,0.0,0.0,0.0039000000000000146,0.0039000000000000146,tap3,natural,normal,20260810_135255,True
3070101,0.0078,0.0234,0.9126,3070.101,500000,-0.0078,-0.0039000000000000007,0.0039000000000000146,0.0095530099968544,tap3,natural,normal,20260810_135255,True
3072620,0.0078,0.0273,0.9165,3072.62,500000,-0.0078,0.0,0.007800000000000029,0.011030865786510162,tap3,natural,normal,20260810_135255,True
3075115,0.0234,0.0156,0.9126,3075.115,500000,0.007800000000000001,-0.011700000000000002,0.0039000000000000146,0.014592463808418377,tap3,natural,normal,20260810_135255,True
3077605,0.0195,0.0195,0.9087,3077.605,500000,0.0039000000000000007,-0.007800000000000001,0.0,0.008720665112249181,tap3,natural,normal,20260810_135255,True
3080118,0.0195,0.0234,0.9087,3080.118,500000,0.0039000000000000007,-0.0039000000000000007,0.0,0.005515432893255071,tap3,natural,normal,20260810_135255,True
3082627,0.0117,0.0273,0.9126,3082.627,500000,-0.003899999999999999,0.0,0.0039000000000000146,0.00551543289325508,tap3,natural,normal,20260810_135255,True
3085409,0.0156,0.0195,0.9087,3085.409,500000,0.0,-0.007800000000000001,0.0,0.007800000000000001,tap3,natural,normal,20260810_135255,True
3087601,0.0156,0.0234,0.9048,3087.601,500000,0.0,-0.0039000000000000007,-0.0038999999999999035,0.005515432893255003,tap3,natural,normal,20260810_135255,True
3090099,0.0117,0.0273,0.9204,3090.099,500000,-0.003899999999999999,0.0,0.011700000000000044,0.01233288287465672,tap3,natural,normal,20260810_135255,True
3092628,0.0117,0.0234,0.9126,3092.628,500000,-0.003899999999999999,-0.0039000000000000007,0.0039000000000000146,0.00675499814951863,tap3,natural,normal,20260810_135255,True
3095099,0.0117,0.0273,0.9048,3095.099,500000,-0.003899999999999999,0.0,-0.0038999999999999035,0.005515432893255002,tap3,natural,normal,20260810_135255,True
3097621,0.0117,0.0234,0.9165,3097.621,500000,-0.003899999999999999,-0.0039000000000000007,0.007800000000000029,0.009553009996854418,tap3,natural,normal,20260810_135255,True
3100104,0.0078,0.0234,0.9126,3100.104,500000,-0.0078,-0.0039000000000000007,0.0039000000000000146,0.0095530099968544,tap3,natural,normal,20260810_135255,True
3102603,0.0078,0.0273,0.9165,3102.603,500000,-0.0078,0.0,0.007800000000000029,0.011030865786510162,tap3,natural,normal,20260810_135255,True
3105122,0.0195,0.0234,0.9087,3105.122,500000,0.0039000000000000007,-0.0039000000000000007,0.0,0.005515432893255071,tap3,natural,normal,20260810_135255,True
3107602,0.0156,0.0312,0.9165,3107.602,500000,0.0,0.0038999999999999972,0.007800000000000029,0.008720665112249205,tap3,natural,normal,20260810_135255,True
3110122,0.0117,0.0195,0.9087,3110.122,500000,-0.003899999999999999,-0.007800000000000001,0.0,0.00872066511224918,tap3,natural,normal,20260810_135255,True
3112608,0.0078,0.0234,0.9126,3112.608,500000,-0.0078,-0.0039000000000000007,0.0039000000000000146,0.0095530099968544,tap3,natural,normal,20260810_135255,True
3115126,0.0156,0.0273,0.9126,3115.126,500000,0.0,0.0,0.0039000000000000146,0.0039000000000000146,tap3,natural,normal,20260810_135255,True
3117620,0.0156,0.0273,0.9126,3117.62,500000,0.0,0.0,0.0039000000000000146,0.0039000000000000146,tap3,natural,normal,20260810_135255,True
3120126,0.0039,0.0273,0.9087,3120.126,500000,-0.011699999999999999,0.0,0.0,0.011699999999999999,tap3,natural,normal,20260810_135255,True
3122599,0.0156,0.0273,0.9126,3122.599,500000,0.0,0.0,0.0039000000000000146,0.0039000000000000146,tap3,natural,normal,20260810_135255,True
3125126,0.0156,0.0273,0.9048,3125.126,500000,0.0,0.0,-0.0038999999999999035,0.0038999999999999035,tap3,natural,normal,20260810_135255,True
3127612,0.0117,0.0273,0.9087,3127.612,500000,-0.003899999999999999,0.0,0.0,0.003899999999999999,tap3,natural,normal,20260810_135255,True
3130127,0.0117,0.0273,0.9087,3130.127,500000,-0.003899999999999999,0.0,0.0,0.003899999999999999,tap3,natural,normal,20260810_135255,True
3132607,0.0117,0.0312,0.897,3132.607,500000,-0.003899999999999999,0.0038999999999999972,-0.011699999999999933,0.012934836682385997,tap3,natural,normal,20260810_135255,True
3135119,0.0273,0.039,0.9204,3135.119,500000,0.011700000000000002,0.011699999999999999,0.011700000000000044,0.020264994448555892,tap3,natural,normal,20260810_135255,True
3137616,0.0234,0.0273,0.9048,3137.616,500000,0.007800000000000001,0.0,-0.0038999999999999035,0.008720665112249138,tap3,natural,normal,20260810_135255,True
3140099,0.0195,0.0351,0.9126,3140.099,500000,0.0039000000000000007,0.007799999999999998,0.0039000000000000146,0.0095530099968544,tap3,natural,normal,20260810_135255,True
3142604,0.0234,0.0273,0.9087,3142.604,500000,0.007800000000000001,0.0,0.0,0.007800000000000001,tap3,natural,normal,20260810_135255,True
3145126,0.0078,0.0273,0.9126,3145.126,500000,-0.0078,0.0,0.0039000000000000146,0.008720665112249186,tap3,natural,normal,20260810_135255,True
3147622,0.0117,0.0273,0.897,3147.622,500000,-0.003899999999999999,0.0,-0.011699999999999933,0.012332882874656614,tap3,natural,normal,20260810_135255,True
3150103,0.0156,0.0312,0.9048,3150.103,500000,0.0,0.0038999999999999972,-0.0038999999999999035,0.005515432893255,tap3,natural,normal,20260810_135255,True
3152620,0.0156,0.0234,0.9087,3152.62,500000,0.0,-0.0039000000000000007,0.0,0.0039000000000000007,tap3,natural,normal,20260810_135255,True
3155113,0.0078,0.0312,0.9126,3155.113,500000,-0.0078,0.0038999999999999972,0.0039000000000000146,0.0095530099968544,tap3,natural,normal,20260810_135255,True
3157614,0.0195,0.0273,0.9126,3157.614,500000,0.0039000000000000007,0.0,0.0039000000000000146,0.005515432893255082,tap3,natural,normal,20260810_135255,True
3160102,0.0117,0.0273,0.9087,3160.102,500000,-0.003899999999999999,0.0,0.0,0.003899999999999999,tap3,natural,normal,20260810_135255,True
3162609,0.0156,0.0234,0.9126,3162.609,500000,0.0,-0.0039000000000000007,0.0039000000000000146,0.005515432893255082,tap3,natural,normal,20260810_135255,True
3165111,0.0156,0.039,0.9126,3165.111,500000,0.0,0.011699999999999999,0.0039000000000000146,0.012332882874656684,tap3,natural,normal,20260810_135255,True
3167606,0.0156,0.0234,0.9048,3167.606,500000,0.0,-0.0039000000000000007,-0.0038999999999999035,0.005515432893255003,tap3,natural,normal,20260810_135255,True
3170118,0.0156,0.0312,0.9126,3170.118,500000,0.0,0.0038999999999999972,0.0039000000000000146,0.005515432893255079,tap3,natural,normal,20260810_135255,True
3172625,0.0117,0.0273,0.9009,3172.625,500000,-0.003899999999999999,0.0,-0.007799999999999918,0.008720665112249105,tap3,natural,normal,20260810_135255,True
3175123,0.0117,0.0312,0.9048,3175.123,500000,-0.003899999999999999,0.0038999999999999972,-0.0038999999999999035,0.006754998149518563,tap3,natural,normal,20260810_135255,True
3177623,0.0195,0.0273,0.9165,3177.623,500000,0.0039000000000000007,0.0,0.007800000000000029,0.008720665112249207,tap3,natural,normal,20260810_135255,True
3180116,0.0039,0.0273,0.9048,3180.116,500000,-0.011699999999999999,0.0,-0.0038999999999999035,0.012332882874656647,tap3,natural,normal,20260810_135255,True
3182618,0.0117,0.0312,0.9048,3182.618,500000,-0.003899999999999999,0.0038999999999999972,-0.0038999999999999035,0.006754998149518563,tap3,natural,normal,20260810_135255,True
3185115,0.0117,0.0234,0.9048,3185.115,500000,-0.003899999999999999,-0.0039000000000000007,-0.0038999999999999035,0.006754998149518566,tap3,natural,normal,20260810_135255,True
3187871,0.0195,0.0195,0.9087,3187.871,500000,0.0039000000000000007,-0.007800000000000001,0.0,0.008720665112249181,tap3,natural,normal,20260810_135255,True
3190123,0.0156,0.0351,0.9126,3190.123,500000,0.0,0.007799999999999998,0.0039000000000000146,0.008720665112249185,tap3,natural,normal,20260810_135255,True
3192604,0.0156,0.0312,0.9126,3192.604,500000,0.0,0.0038999999999999972,0.0039000000000000146,0.005515432893255079,tap3,natural,normal,20260810_135255,True
3195126,0.0156,0.0234,0.9087,3195.126,500000,0.0,-0.0039000000000000007,0.0,0.0039000000000000007,tap3,natural,normal,20260810_135255,True
3197626,0.0156,0.0234,0.9126,3197.626,500000,0.0,-0.0039000000000000007,0.0039000000000000146,0.005515432893255082,tap3,natural,normal,20260810_135255,True
3200110,0.0117,0.0312,0.9126,3200.11,500000,-0.003899999999999999,0.0038999999999999972,0.0039000000000000146,0.006754998149518627,tap3,natural,normal,20260810_135255,True
3202616,0.0117,0.0273,0.9165,3202.616,500000,-0.003899999999999999,0.0,0.007800000000000029,0.008720665112249205,tap3,natural,normal,20260810_135255,True
3205116,0.0156,0.0312,0.9165,3205.116,500000,0.0,0.0038999999999999972,0.007800000000000029,0.008720665112249205,tap3,natural,normal,20260810_135255,True
3207624,0.0195,0.0312,0.9165,3207.624,500000,0.0039000000000000007,0.0038999999999999972,0.007800000000000029,0.009553009996854418,tap3,natural,normal,20260810_135255,True
3210115,0.0078,0.0312,0.9087,3210.115,500000,-0.0078,0.0038999999999999972,0.0,0.00872066511224918,tap3,natural,normal,20260810_135255,True
3212620,0.0117,0.0234,0.9048,3212.62,500000,-0.003899999999999999,-0.0039000000000000007,-0.0038999999999999035,0.006754998149518566,tap3,natural,normal,20260810_135255,True
3215121,0.0156,0.0195,0.9126,3215.121,500000,0.0,-0.007800000000000001,0.0039000000000000146,0.008720665112249188,tap3,natural,normal,20260810_135255,True
3217613,0.0117,0.0273,0.9087,3217.613,500000,-0.003899999999999999,0.0,0.0,0.003899999999999999,tap3,natural,normal,20260810_135255,True
3220128,0.0117,0.0273,0.9087,3220.128,500000,-0.003899999999999999,0.0,0.0,0.003899999999999999,tap3,natural,normal,20260810_135255,True
3222619,0.0156,0.0234,0.9126,3222.619,500000,0.0,-0.0039000000000000007,0.0039000000000000146,0.005515432893255082,tap3,natural,normal,20260810_135255,True
3225099,0.0156,0.0234,0.9126,3225.099,500000,0.0,-0.0039000000000000007,0.0039000000000000146,0.005515432893255082,tap3,natural,normal,20260810_135255,True
3227620,0.0117,0.0312,0.9009,3227.62,500000,-0.003899999999999999,0.0038999999999999972,-0.007799999999999918,0.009553009996854326,tap3,natural,normal,20260810_135255,True
3230102,0.0078,0.0312,0.9009,3230.102,500000,-0.0078,0.0038999999999999972,-0.007799999999999918,0.011699999999999945,tap3,natural,normal,20260810_135255,True
3232620,0.0117,0.0234,0.9087,3232.62,500000,-0.003899999999999999,-0.0039000000000000007,0.0,0.00551543289325507,tap3,natural,normal,20260810_135255,True
3235108,0.0117,0.0234,0.9165,3235.108,500000,-0.003899999999999999,-0.0039000000000000007,0.007800000000000029,0.009553009996854418,tap3,natural,normal,20260810_135255,True
3237619,0.0117,0.0273,0.9087,3237.619,500000,-0.003899999999999999,0.0,0.0,0.003899999999999999,tap3,natural,normal,20260810_135255,True
3240101,0.0078,0.0312,0.9087,3240.101,500000,-0.0078,0.0038999999999999972,0.0,0.00872066511224918,tap3,natural,normal,20260810_135255,True
3242609,0.0117,0.0312,0.9087,3242.609,500000,-0.003899999999999999,0.0038999999999999972,0.0,0.005515432893255068,tap3,natural,normal,20260810_135255,True
3245122,0.0156,0.0156,0.9087,3245.122,500000,0.0,-0.011700000000000002,0.0,0.011700000000000002,tap3,natural,normal,20260810_135255,True
3247613,0.0195,0.0195,0.9243,3247.613,500000,0.0039000000000000007,-0.007800000000000001,0.015600000000000058,0.017872045210327828,tap3,natural,normal,20260810_135255,True
3250129,0.0234,0.0273,0.9126,3250.129,500000,0.007800000000000001,0.0,0.0039000000000000146,0.008720665112249188,tap3,natural,normal,20260810_135255,True
3252604,0.0156,0.0273,0.9087,3252.604,500000,0.0,0.0,0.0,0.0,tap3,natural,normal,20260810_135255,True
3255129,0.0195,0.0234,0.9048,3255.129,500000,0.0039000000000000007,-0.0039000000000000007,-0.0038999999999999035,0.006754998149518567,tap3,natural,normal,20260810_135255,True
3257623,0.0156,0.0273,0.9165,3257.623,500000,0.0,0.0,0.007800000000000029,0.007800000000000029,tap3,natural,normal,20260810_135255,True
3260110,0.0156,0.0273,0.9204,3260.11,500000,0.0,0.0,0.011700000000000044,0.011700000000000044,tap3,natural,normal,20260810_135255,True
3262618,0.0195,0.0312,0.9126,3262.618,500000,0.0039000000000000007,0.0038999999999999972,0.0039000000000000146,0.006754998149518628,tap3,natural,normal,20260810_135255,True
3265111,0.0195,0.0273,0.9165,3265.111,500000,0.0039000000000000007,0.0,0.007800000000000029,0.008720665112249207,tap3,natural,normal,20260810_135255,True
3267628,0.0156,0.0234,0.9165,3267.628,500000,0.0,-0.0039000000000000007,0.007800000000000029,0.008720665112249207,tap3,natural,normal,20260810_135255,True
3270104,0.0195,0.0234,0.9204,3270.104,500000,0.0039000000000000007,-0.0039000000000000007,0.011700000000000044,0.012934836682386099,tap3,natural,normal,20260810_135255,True
3272613,0.0117,0.0273,0.9165,3272.613,500000,-0.003899999999999999,0.0,0.007800000000000029,0.008720665112249205,tap3,natural,normal,20260810_135255,True
3275110,0.0117,0.0312,0.9126,3275.11,500000,-0.003899999999999999,0.0038999999999999972,0.0039000000000000146,0.006754998149518627,tap3,natural,normal,20260810_135255,True
3277605,0.0078,0.0234,0.9126,3277.605,500000,-0.0078,-0.0039000000000000007,0.0039000000000000146,0.0095530099968544,tap3,natural,normal,20260810_135255,True
3280121,0.0195,0.0234,0.9126,3280.121,500000,0.0039000000000000007,-0.0039000000000000007,0.0039000000000000146,0.006754998149518631,tap3,natural,normal,20260810_135255,True
3282628,0.0117,0.0234,0.9048,3282.628,500000,-0.003899999999999999,-0.0039000000000000007,-0.0038999999999999035,0.006754998149518566,tap3,natural,normal,20260810_135255,True
3285120,0.0078,0.0234,0.9165,3285.12,500000,-0.0078,-0.0039000000000000007,0.007800000000000029,0.01170000000000002,tap3,natural,normal,20260810_135255,True
3287606,0.0117,0.0234,0.9087,3287.606,500000,-0.003899999999999999,-0.0039000000000000007,0.0,0.00551543289325507,tap3,natural,normal,20260810_135255,True
3290250,0.0195,0.0234,0.9087,3290.25,500000,0.0039000000000000007,-0.0039000000000000007,0.0,0.005515432893255071,tap3,natural,normal,20260810_135255,True
3292615,0.0117,0.0273,0.897,3292.615,500000,-0.003899999999999999,0.0,-0.011699999999999933,0.012332882874656614,tap3,natural,normal,20260810_135255,True
3295111,0.0078,0.0312,0.9126,3295.111,500000,-0.0078,0.0038999999999999972,0.0039000000000000146,0.0095530099968544,tap3,natural,normal,20260810_135255,True
3297605,0.0156,0.0234,0.9126,3297.605,500000,0.0,-0.0039000000000000007,0.0039000000000000146,0.005515432893255082,tap3,natural,normal,20260810_135255,True
3300116,0.0156,0.0234,0.9243,3300.116,500000,0.0,-0.0039000000000000007,0.015600000000000058,0.016080111939908933,tap3,natural,normal,20260810_135255,True
3302611,0.0078,0.0273,0.9048,3302.611,500000,-0.0078,0.0,-0.0038999999999999035,0.008720665112249136,tap3,natural,normal,20260810_135255,True
3305129,0.0078,0.0351,0.9048,3305.129,500000,-0.0078,0.007799999999999998,-0.0038999999999999035,0.011699999999999966,tap3,natural,normal,20260810_135255,True
3307626,0.0156,0.0234,0.9087,3307.626,500000,0.0,-0.0039000000000000007,0.0,0.0039000000000000007,tap3,natural,normal,20260810_135255,True
3310114,0.0117,0.0273,0.9009,3310.114,500000,-0.003899999999999999,0.0,-0.007799999999999918,0.008720665112249105,tap3,natural,normal,20260810_135255,True
3312620,0.0078,0.0195,0.9087,3312.62,500000,-0.0078,-0.007800000000000001,0.0,0.011030865786510143,tap3,natural,normal,20260810_135255,True
3315119,3.3852,-5.8773,-11.5674,3315.119,500000,3.3696,-5.9046,-12.476099999999999,14.208151763336426,tap3,natural,normal,20260810_135255,True
3317612,-10.5261,-7.7454,12.351299,3317.612,500000,-10.541699999999999,-7.7727,11.442599,17.391819227866904,tap3,natural,normal,20260810_135255,True
3320115,2.5155,1.7979,-2.4921,3320.115,500000,2.4999,1.7706,-3.4008000000000003,4.577113174261698,tap3,natural,normal,20260810_135255,True
3322622,1.5639,0.0429,-1.3221,3322.622,500000,1.5483,0.0156,-2.2308,2.715500854354496,tap3,natural,normal,20260810_135255,True
3325124,-0.6669,0.3315,1.4157,3325.124,500000,-0.6825,0.3042,0.507,0.9029910796901596,tap3,natural,normal,20260810_135255,True
3327618,-0.5148,-0.507,2.0085,3327.618,500000,-0.5304,-0.5343,1.0998,1.3328018194765492,tap3,natural,normal,20260810_135255,True
3330122,0.0858,-0.0624,0.5772,3330.122,500000,0.0702,-0.0897,-0.3314999999999999,0.3505230092304925,tap3,natural,normal,20260810_135255,True
3332628,-0.4446,0.0234,1.4742,3332.628,500000,-0.4602,-0.0039000000000000007,0.5655,0.7291018447377567,tap3,natural,normal,20260810_135255,True
3335119,0.0741,0.1716,1.0803,3335.119,500000,0.058499999999999996,0.1443,0.17160000000000009,0.23171383212920205,tap3,natural,normal,20260810_135255,True
3337616,0.0741,0.1716,1.0803,3337.616,500000,0.058499999999999996,0.1443,0.17160000000000009,0.23171383212920205,tap3,natural,normal,20260810_135255,True
3340102,0.0,0.4797,0.7566,3340.102,500000,-0.0156,0.4524,-0.1520999999999999,0.47753903505368017,tap3,natural,normal,20260810_135255,True
3342615,0.0663,0.2301,0.9204,3342.615,500000,0.050699999999999995,0.2028,0.011700000000000044,0.20936862229092498,tap3,natural,normal,20260810_135255,True
3345103,-0.0156,-0.2028,1.0842,3345.103,500000,-0.0312,-0.2301,0.1755000000000001,0.2910664872499066,tap3,natural,normal,20260810_135255,True
3347625,-0.0468,-0.1521,1.0686,3347.625,500000,-0.0624,-0.1794,0.15990000000000004,0.24828638706139333,tap3,natural,normal,20260810_135255,True
3350101,0.1209,0.0897,1.0608,3350.101,500000,0.10529999999999999,0.0624,0.1521,0.1952338597682277,tap3,natural,normal,20260810_135255,True
3352615,0.0468,0.1482,1.0179,3352.615,500000,0.031200000000000002,0.1209,0.10920000000000007,0.1658761284814666,tap3,natural,normal,20260810_135255,True
3355112,-0.0039,0.0897,1.0101,3355.112,500000,-0.0195,0.0624,0.10140000000000005,0.12064812472641259,tap3,natural,normal,20260810_135255,True
3357612,-0.0156,0.0234,1.0413,3357.612,500000,-0.0312,-0.0039000000000000007,0.13259999999999994,0.1362769606353179,tap3,natural,normal,20260810_135255,True
3360099,0.0,-0.0312,1.1037,3360.099,500000,-0.0156,-0.058499999999999996,0.19499999999999995,0.20418278575825138,tap3,natural,normal,20260810_135255,True
3362604,0.0039,-0.0078,1.0686,3362.604,500000,-0.011699999999999999,-0.0351,0.15990000000000004,0.16412467821750637,tap3,natural,normal,20260810_135255,True
3365108,0.0156,0.0858,1.0374,3365.108,500000,0.0,0.058499999999999996,0.12870000000000015,0.1413716378910566,tap3,natural,normal,20260810_135255,True
3367601,0.0078,0.1248,1.0374,3367.601,500000,-0.0078,0.09749999999999999,0.12870000000000015,0.16165017785328922,tap3,natural,normal,20260810_135255,True
3370122,-0.0273,0.0546,1.1271,3370.122,500000,-0.0429,0.0273,0.21840000000000004,0.22424152157885482,tap3,natural,normal,20260810_135255,True
3372624,-0.0741,0.0702,1.1895,3372.624,500000,-0.0897,0.042899999999999994,0.28080000000000005,0.29788444068128167,tap3,natural,normal,20260810_135255,True
3375121,-0.0351,0.1209,1.0998,3375.121,500000,-0.050699999999999995,0.09359999999999999,0.19110000000000016,0.2187479371331306,tap3,natural,normal,20260810_135255,True
3377620,-0.0039,0.1131,1.0959,3377.62,500000,-0.0195,0.0858,0.18720000000000014,0.2068471174563476,tap3,natural,normal,20260810_135255,True
3380120,0.0156,0.0663,1.0959,3380.12,500000,0.0,0.03899999999999999,0.18720000000000014,0.19121935048524785,tap3,natural,normal,20260810_135255,True
3382626,-0.0078,0.0234,1.1076,3382.626,500000,-0.023399999999999997,-0.0039000000000000007,0.19889999999999997,0.20030971019898158,tap3,natural,normal,20260810_135255,True
3385128,-0.039,0.0273,1.1154,3385.128,500000,-0.054599999999999996,0.0,0.2067,0.21378973314918562,tap3,natural,normal,20260810_135255,True
3387609,-0.0234,0.0156,1.092,3387.609,500000,-0.039,-0.011700000000000002,0.18330000000000013,0.1877678886284874,tap3,natural,normal,20260810_135255,True
3390127,0.0156,0.0351,1.092,3390.127,500000,0.0,0.007799999999999998,0.18330000000000013,0.1834658823868897,tap3,natural,normal,20260810_135255,True
3392630,-0.0078,0.0546,1.1037,3392.63,500000,-0.023399999999999997,0.0273,0.19499999999999995,0.19828729157462407,tap3,natural,normal,20260810_135255,True
3395102,-0.0156,0.039,1.1154,3395.102,500000,-0.0312,0.011699999999999999,0.2067,0.20936862229092496,tap3,natural,normal,20260810_135255,True
3397630,0.0156,0.0234,1.0803,3397.63,500000,0.0,-0.0039000000000000007,0.17160000000000009,0.1716443124603901,tap3,natural,normal,20260810_135255,True
3400102,-0.0156,-0.0351,1.1739,3400.102,500000,-0.0312,-0.0624,0.2652,0.27422297496745235,tap3,natural,normal,20260810_135255,True
3402612,0.0234,-0.0312,1.0374,3402.612,500000,0.007800000000000001,-0.058499999999999996,0.12870000000000015,0.14158665191323663,tap3,natural,normal,20260810_135255,True
3405108,0.0819,0.0273,1.0374,3405.108,500000,0.0663,0.0,0.12870000000000015,0.14477354730751069,tap3,natural,normal,20260810_135255,True
3407612,0.0312,0.0234,1.092,3407.612,500000,0.0156,-0.0039000000000000007,0.18330000000000013,0.18400396734853314,tap3,natural,normal,20260810_135255,True
3410101,0.1599,0.0702,1.1232,3410.101,500000,0.14429999999999998,0.042899999999999994,0.21450000000000002,0.26205562386638453,tap3,natural,normal,20260810_135255,True
3412615,0.0858,-0.0585,1.0686,3412.615,500000,0.0702,-0.0858,0.15990000000000004,0.19457052705895622,tap3,natural,normal,20260810_135255,True
3415117,0.0117,0.0858,1.1349,3415.117,500000,-0.003899999999999999,0.058499999999999996,0.22620000000000007,0.23367477399154582,tap3,natural,normal,20260810_135255,True
3417614,0.0039,-0.0273,1.0881,3417.614,500000,-0.011699999999999999,-0.0546,0.17940000000000011,0.18788935573895624,tap3,natural,normal,20260810_135255,True
3420100,0.0234,0.0351,1.1271,3420.1,500000,0.007800000000000001,0.007799999999999998,0.21840000000000004,0.21867839399446853,tap3,natural,normal,20260810_135255,True
3422616,0.0117,0.0663,1.1193,3422.616,500000,-0.003899999999999999,0.03899999999999999,0.2106,0.21421617585980757,tap3,natural,normal,20260810_135255,True
3425128,0.0078,0.0858,1.1115,3425.128,500000,-0.0078,0.058499999999999996,0.20279999999999998,0.21121299675919566,tap3,natural,normal,20260810_135255,True
3427621,0.0195,0.0429,1.1115,3427.621,500000,0.0039000000000000007,0.0156,0.20279999999999998,0.2034365011496216,tap3,natural,normal,20260810_135255,True
3430107,0.0234,0.0156,1.0998,3430.107,500000,0.007800000000000001,-0.011700000000000002,0.19110000000000016,0.1916166485459968,tap3,natural,normal,20260810_135255,True
3432626,0.0312,0.0078,1.0842,3432.626,500000,0.0156,-0.019500000000000003,0.1755000000000001,0.1772677635668709,tap3,natural,normal,20260810_135255,True
3435120,0.0234,0.0156,1.092,3435.12,500000,0.007800000000000001,-0.011700000000000002,0.18330000000000013,0.18383857049052588,tap3,natural,normal,20260810_135255,True
3437615,0.0117,0.0546,1.092,3437.615,500000,-0.003899999999999999,0.0273,0.18330000000000013,0.18536286035773197,tap3,natural,normal,20260810_135255,True
3440104,0.0156,0.0663,1.0764,3440.104,500000,0.0,0.03899999999999999,0.16770000000000007,0.17217517242622415,tap3,natural,normal,20260810_135255,True
3442619,0.0156,0.039,1.0725,3442.619,500000,0.0,0.011699999999999999,0.16380000000000006,0.164217325517133,tap3,natural,normal,20260810_135255,True
3445113,0.0156,0.039,1.0725,3445.113,500000,0.0,0.011699999999999999,0.16380000000000006,0.164217325517133,tap3,natural,normal,20260810_135255,True
3447608,0.0156,0.0234,1.0803,3447.608,500000,0.0,-0.0039000000000000007,0.17160000000000009,0.1716443124603901,tap3,natural,normal,20260810_135255,True
3450120,0.0117,0.0195,1.0608,3450.12,500000,-0.003899999999999999,-0.007800000000000001,0.1521,0.15234979488007197,tap3,natural,normal,20260810_135255,True
3452626,0.0195,0.0156,1.053,3452.626,500000,0.0039000000000000007,-0.011700000000000002,0.14429999999999998,0.14482606809549167,tap3,natural,normal,20260810_135255,True
3455120,0.0156,0.0273,1.0725,3455.12,500000,0.0,0.0,0.16380000000000006,0.16380000000000006,tap3,natural,normal,20260810_135255,True
3457620,0.0117,0.0273,1.053,3457.62,500000,-0.003899999999999999,0.0,0.14429999999999998,0.14435269308190962,tap3,natural,normal,20260810_135255,True
3460106,0.0234,0.0156,1.053,3460.106,500000,0.007800000000000001,-0.011700000000000002,0.14429999999999998,0.14498351630444062,tap3,natural,normal,20260810_135255,True
3462617,0.0039,0.0117,1.053,3462.617,500000,-0.011699999999999999,-0.015600000000000001,0.14429999999999998,0.14561160668023684,tap3,natural,normal,20260810_135255,True
3465115,-0.0273,0.0234,1.0413,3465.115,500000,-0.0429,-0.0039000000000000007,0.13259999999999994,0.13942159086741188,tap3,natural,normal,20260810_135255,True
3467612,0.0156,0.039,1.0647,3467.612,500000,0.0,0.011699999999999999,0.15600000000000003,0.15643813473702634,tap3,natural,normal,20260810_135255,True
3470127,0.0156,0.0078,1.0296,3470.127,500000,0.0,-0.019500000000000003,0.12090000000000012,0.12246248405123926,tap3,natural,normal,20260810_135255,True
3472613,0.0078,0.0273,1.0413,3472.613,500000,-0.0078,0.0,0.13259999999999994,0.13282921365422587,tap3,natural,normal,20260810_135255,True
3475100,0.0078,0.0195,1.0257,3475.1,500000,-0.0078,-0.007800000000000001,0.1170000000000001,0.11751884955189114,tap3,natural,normal,20260810_135255,True
3477627,0.0039,0.0429,1.0335,3477.627,500000,-0.011699999999999999,0.0156,0.12480000000000013,0.12631425097747298,tap3,natural,normal,20260810_135255,True
3480128,0.0078,0.0351,1.0257,3480.128,500000,-0.0078,0.007799999999999998,0.1170000000000001,0.11751884955189114,tap3,natural,normal,20260810_135255,True
3482601,0.0078,0.0117,1.0101,3482.601,500000,-0.0078,-0.015600000000000001,0.10140000000000005,0.10288906647452882,tap3,natural,normal,20260810_135255,True
3485111,0.0117,0.0273,1.0257,3485.111,500000,-0.003899999999999999,0.0,0.1170000000000001,0.11706498195446845,tap3,natural,normal,20260810_135255,True
3487599,0.0039,0.0234,1.0179,3487.599,500000,-0.011699999999999999,-0.0039000000000000007,0.10920000000000007,0.10989422186812196,tap3,natural,normal,20260810_135255,True
3490112,0.0039,0.039,1.0179,3490.112,500000,-0.011699999999999999,0.011699999999999999,0.10920000000000007,0.11044645761634918,tap3,natural,normal,20260810_135255,True
3492624,0.0078,0.0429,1.0179,3492.624,500000,-0.0078,0.0156,0.10920000000000007,0.1105840856543111,tap3,natural,normal,20260810_135255,True
3495107,0.0039,0.0468,1.0062,3495.107,500000,-0.011699999999999999,0.0195,0.09750000000000003,0.10011688169334883,tap3,natural,normal,20260810_135255,True
3497612,0.0078,0.0351,1.0062,3497.612,500000,-0.0078,0.007799999999999998,0.09750000000000003,0.09812201587819121,tap3,natural,normal,20260810_135255,True
3500111,0.0078,0.0195,1.0101,3500.111,500000,-0.0078,-0.007800000000000001,0.10140000000000005,0.10199823527885181,tap3,natural,normal,20260810_135255,True
3502599,0.0078,0.0312,1.0023,3502.599,500000,-0.0078,0.0038999999999999972,0.09360000000000002,0.09400537218691282,tap3,natural,normal,20260810_135255,True
3505129,0.0117,0.0273,0.9984,3505.129,500000,-0.003899999999999999,0.0,0.0897,0.08978474257912644,tap3,natural,normal,20260810_135255,True
3507624,0.0663,0.0468,1.014,3507.624,500000,0.050699999999999995,0.0195,0.10530000000000006,0.11848556874151389,tap3,natural,normal,20260810_135255,True
3510109,0.0546,-0.0078,0.975,3510.109,500000,0.03900000000000001,-0.0351,0.06630000000000003,0.08454998521584733,tap3,natural,normal,20260810_135255,True
3512616,0.0156,0.0156,0.9867,3512.616,500000,0.0,-0.011700000000000002,0.07800000000000007,0.07887261882301114,tap3,natural,normal,20260810_135255,True
3515112,0.0195,0.0273,0.9906,3515.112,500000,0.0039000000000000007,0.0,0.08190000000000008,0.08199280456235178,tap3,natural,normal,20260810_135255,True
3517610,0.0078,0.0273,0.9945,3517.61,500000,-0.0078,0.0,0.0858000000000001,0.08615381593406073,tap3,natural,normal,20260810_135255,True
3520099,0.0078,0.0468,0.9945,3520.099,500000,-0.0078,0.0195,0.0858000000000001,0.08833306289266786,tap3,natural,normal,20260810_135255,True
3522612,0.0195,0.039,0.9906,3522.612,500000,0.0039000000000000007,0.011699999999999999,0.08190000000000008,0.08282336626822176,tap3,natural,normal,20260810_135255,True
3525104,0.0156,0.0273,0.9945,3525.104,500000,0.0,0.0,0.0858000000000001,0.0858000000000001,tap3,natural,normal,20260810_135255,True
3527618,0.0117,0.0156,0.9906,3527.618,500000,-0.003899999999999999,-0.011700000000000002,0.08190000000000008,0.08282336626822176,tap3,natural,normal,20260810_135255,True
3530102,0.0117,0.0234,0.9828,3530.102,500000,-0.003899999999999999,-0.0039000000000000007,0.07410000000000005,0.0743049796447049,tap3,natural,normal,20260810_135255,True
3532621,0.0039,0.0312,0.9906,3532.621,500000,-0.011699999999999999,0.0038999999999999972,0.08190000000000008,0.08282336626822176,tap3,natural,normal,20260810_135255,True
3535115,0.0117,0.0468,0.9906,3535.115,500000,-0.003899999999999999,0.0195,0.08190000000000008,0.08427971286139989,tap3,natural,normal,20260810_135255,True
3537614,0.0117,0.0351,0.9867,3537.614,500000,-0.003899999999999999,0.007799999999999998,0.07800000000000007,0.07848598601024269,tap3,natural,normal,20260810_135255,True
3540128,0.0117,0.0273,0.975,3540.128,500000,-0.003899999999999999,0.0,0.06630000000000003,0.06641460682711299,tap3,natural,normal,20260810_135255,True
3542602,0.0078,0.0195,0.9789,3542.602,500000,-0.0078,-0.007800000000000001,0.07020000000000004,0.07106138191732557,tap3,natural,normal,20260810_135255,True
3545121,0.0195,0.0234,0.9867,3545.121,500000,0.0039000000000000007,-0.0039000000000000007,0.07800000000000007,0.07819475685747741,tap3,natural,normal,20260810_135255,True
3547608,0.0078,0.0273,0.975,3547.608,500000,-0.0078,0.0,0.06630000000000003,0.06675724679763241,tap3,natural,normal,20260810_135255,True
3550128,0.0039,0.0234,0.9711,3550.128,500000,-0.011699999999999999,-0.0039000000000000007,0.06240000000000001,0.06360707507817036,tap3,natural,normal,20260810_135255,True
3552614,0.0117,0.0117,0.9633,3552.614,500000,-0.003899999999999999,-0.015600000000000001,0.05460000000000009,0.05691862612537314,tap3,natural,normal,20260810_135255,True
3555126,0.0117,0.0117,0.9633,3555.126,500000,-0.003899999999999999,-0.015600000000000001,0.05460000000000009,0.05691862612537314,tap3,natural,normal,20260810_135255,True
3557620,0.0156,0.0273,0.9867,3557.62,500000,0.0,0.0,0.07800000000000007,0.07800000000000007,tap3,natural,normal,20260810_135255,True
3560107,0.0156,0.0117,0.9633,3560.107,500000,0.0,-0.015600000000000001,0.05460000000000009,0.05678485713638813,tap3,natural,normal,20260810_135255,True
3562602,0.0234,0.039,0.975,3562.602,500000,0.007800000000000001,0.011699999999999999,0.06630000000000003,0.06777477406823282,tap3,natural,normal,20260810_135255,True
3565119,0.0156,0.0507,0.9672,3565.119,500000,0.0,0.0234,0.058499999999999996,0.0630064282434737,tap3,natural,normal,20260810_135255,True
3567618,0.0156,0.0312,0.975,3567.618,500000,0.0,0.0038999999999999972,0.06630000000000003,0.06641460682711299,tap3,natural,normal,20260810_135255,True
3570125,0.0117,0.0429,0.9711,3570.125,500000,-0.003899999999999999,0.0156,0.06240000000000001,0.0644385754032474,tap3,natural,normal,20260810_135255,True
3572621,0.0117,0.0312,0.9672,3572.621,500000,-0.003899999999999999,0.0038999999999999972,0.058499999999999996,0.058759424775945514,tap3,natural,normal,20260810_135255,True
3575118,0.0195,0.0195,0.9711,3575.118,500000,0.0039000000000000007,-0.007800000000000001,0.06240000000000001,0.0630064282434737,tap3,natural,normal,20260810_135255,True
3577612,0.0234,0.0312,0.9711,3577.612,500000,0.007800000000000001,0.0038999999999999972,0.06240000000000001,0.0630064282434737,tap3,natural,normal,20260810_135255,True
3580128,0.0117,0.0429,0.9711,3580.128,500000,-0.003899999999999999,0.0156,0.06240000000000001,0.0644385754032474,tap3,natural,normal,20260810_135255,True
3582613,0.0156,0.0429,0.9555,3582.613,500000,0.0,0.0156,0.046800000000000064,0.049331531498626784,tap3,natural,normal,20260810_135255,True
3585105,0.0195,0.0273,0.9516,3585.105,500000,0.0039000000000000007,0.0,0.04290000000000005,0.04307690796703036,tap3,natural,normal,20260810_135255,True
3587624,0.0273,0.0234,0.9594,3587.624,500000,0.011700000000000002,-0.0039000000000000007,0.05070000000000008,0.052178443825012716,tap3,natural,normal,20260810_135255,True
3590111,0.0312,0.0273,0.975,3590.111,500000,0.0156,0.0,0.06630000000000003,0.06811057186663465,tap3,natural,normal,20260810_135255,True
3592622,0.0156,0.0351,0.9711,3592.622,500000,0.0,0.007799999999999998,0.06240000000000001,0.0628856104367287,tap3,natural,normal,20260810_135255,True
3595099,0.0273,0.0429,0.9594,3595.099,500000,0.011700000000000002,0.0156,0.05070000000000008,0.05432071428101814,tap3,natural,normal,20260810_135255,True
3597608,0.039,0.0234,0.9477,3597.608,500000,0.0234,-0.0039000000000000007,0.039000000000000035,0.04564832965180657,tap3,natural,normal,20260810_135255,True
3600128,0.0078,0.0234,0.9555,3600.128,500000,-0.0078,-0.0039000000000000007,0.046800000000000064,0.0476055669013615,tap3,natural,normal,20260810_135255,True
3602631,0.0156,0.0273,0.9594,3602.631,500000,0.0,0.0,0.05070000000000008,0.05070000000000008,tap3,natural,normal,20260810_135255,True
3605124,0.0117,0.0273,0.9594,3605.124,500000,-0.003899999999999999,0.0,0.05070000000000008,0.050849778760580736,tap3,natural,normal,20260810_135255,True
3607625,0.0156,0.039,0.9594,3607.625,500000,0.0,0.011699999999999999,0.05070000000000008,0.052032489850092775,tap3,natural,normal,20260810_135255,True
3610104,0.0078,0.0351,0.9555,3610.104,500000,-0.0078,0.007799999999999998,0.046800000000000064,0.04808242922315808,tap3,natural,normal,20260810_135255,True
3612611,0.0117,0.0273,0.9477,3612.611,500000,-0.003899999999999999,0.0,0.039000000000000035,0.039194514922371505,tap3,natural,normal,20260810_135255,True
3615107,0.0117,0.0195,0.9555,3615.107,500000,-0.003899999999999999,-0.007800000000000001,0.046800000000000064,0.0476055669013615,tap3,natural,normal,20260810_135255,True
3617604,0.0117,0.0351,0.9555,3617.604,500000,-0.003899999999999999,0.007799999999999998,0.046800000000000064,0.0476055669013615,tap3,natural,normal,20260810_135255,True
3620118,0.0078,0.0273,0.9516,3620.118,500000,-0.0078,0.0,0.04290000000000005,0.043603325561245944,tap3,natural,normal,20260810_135255,True
3622603,0.0039,0.039,0.9594,3622.603,500000,-0.011699999999999999,0.011699999999999999,0.05070000000000008,0.05333169789159171,tap3,natural,normal,20260810_135255,True
3625120,0.0078,0.0312,0.9594,3625.12,500000,-0.0078,0.0038999999999999972,0.05070000000000008,0.05144453323726446,tap3,natural,normal,20260810_135255,True
3627613,0.0078,0.0312,0.9555,3627.613,500000,-0.0078,0.0038999999999999972,0.046800000000000064,0.0476055669013615,tap3,natural,normal,20260810_135255,True
3630099,0.0078,0.0234,0.9516,3630.099,500000,-0.0078,-0.0039000000000000007,0.04290000000000005,0.04377739142525516,tap3,natural,normal,20260810_135255,True
3632613,0.0195,0.0312,0.9633,3632.613,500000,0.0039000000000000007,0.0038999999999999972,0.05460000000000009,0.05487786438993422,tap3,natural,normal,20260810_135255,True
3635104,4.0638,-4.0911,-11.1852,3635.104,500000,4.0482,-4.1184,-12.0939,13.401923705573017,tap3,natural,normal,20260810_135255,True
3637616,1.4352,-2.0787,12.5151,3637.616,500000,1.4196,-2.106,11.6064,11.88103619723465,tap3,natural,normal,20260810_135255,True
3640128,4.2744,2.8392,-1.5054,3640.128,500000,4.2588,2.8119,-2.4141,5.6455325576955095,tap3,natural,normal,20260810_135255,True
3642615,2.6598,1.4079,-2.1879,3642.615,500000,2.6442,1.3805999999999998,-3.0966,4.299625746503991,tap3,natural,normal,20260810_135255,True
3645105,-2.0436,-0.0858,1.7979,3645.105,500000,-2.0592,-0.1131,0.8892000000000001,2.2458345642544555,tap3,natural,normal,20260810_135255,True
3647600,0.0312,-0.1989,1.1505,3647.6,500000,0.0156,-0.22619999999999998,0.24180000000000013,0.3314770580296622,tap3,natural,normal,20260810_135255,True
3650117,0.2574,0.546,0.8307,3650.117,500000,0.24180000000000001,0.5187,-0.07799999999999996,0.5775819682088422,tap3,natural,normal,20260810_135255,True
3652628,-0.0234,-0.1131,1.0725,3652.628,500000,-0.039,-0.1404,0.16380000000000006,0.2192341214318611,tap3,natural,normal,20260810_135255,True
3655128,0.039,0.0234,1.0374,3655.128,500000,0.0234,-0.0039000000000000007,0.12870000000000015,0.1308681015373878,tap3,natural,normal,20260810_135255,True
3657627,0.1326,0.5109,0.7683,3657.627,500000,0.11699999999999999,0.48360000000000003,-0.14039999999999997,0.5169817404899326,tap3,natural,normal,20260810_135255,True
3660110,0.0429,0.2652,0.9165,3660.11,500000,0.0273,0.2379,0.007800000000000029,0.23958827183315964,tap3,natural,normal,20260810_135255,True
3662617,0.0429,0.2652,0.9165,3662.617,500000,0.0273,0.2379,0.007800000000000029,0.23958827183315964,tap3,natural,normal,20260810_135255,True
3665101,0.0039,-0.1599,1.0725,3665.101,500000,-0.011699999999999999,-0.18719999999999998,0.16380000000000006,0.24902042084937534,tap3,natural,normal,20260810_135255,True
3667619,0.0702,-0.078,1.092,3667.619,500000,0.054599999999999996,-0.1053,0.18330000000000013,0.21833034603554324,tap3,natural,normal,20260810_135255,True
3670127,0.0663,0.1209,1.014,3670.127,500000,0.050699999999999995,0.09359999999999999,0.10530000000000006,0.14973155979952926,tap3,natural,normal,20260810_135255,True
3672618,0.0468,0.1482,1.0179,3672.618,500000,0.031200000000000002,0.1209,0.10920000000000007,0.1658761284814666,tap3,natural,normal,20260810_135255,True
3675109,0.0039,0.0897,1.0218,3675.109,500000,-0.011699999999999999,0.0624,0.11310000000000009,0.129700655356864,tap3,natural,normal,20260810_135255,True
3677674,0.0078,0.0234,1.0413,3677.674,500000,-0.0078,-0.0039000000000000007,0.13259999999999994,0.13288645529172635,tap3,natural,normal,20260810_135255,True
3680109,0.0,-0.0234,1.0413,3680.109,500000,-0.0156,-0.0507,0.13259999999999994,0.14281670070408428,tap3,natural,normal,20260810_135255,True
3682618,-0.0039,0.0117,1.0569,3682.618,500000,-0.0195,-0.015600000000000001,0.1482,0.15028922117038201,tap3,natural,normal,20260810_135255,True
3685114,-0.0078,0.0975,1.014,3685.114,500000,-0.023399999999999997,0.0702,0.10530000000000006,0.12870000000000004,tap3,natural,normal,20260810_135255,True
3687607,0.0078,0.0936,1.0374,3687.607,500000,-0.0078,0.0663,0.12870000000000015,0.14498351630444076,tap3,natural,normal,20260810_135255,True
3690113,-0.0078,0.0,1.0491,3690.113,500000,-0.023399999999999997,-0.0273,0.14039999999999997,0.14493105257328392,tap3,natural,normal,20260810_135255,True
3692624,0.0039,0.0039,1.0803,3692.624,500000,-0.011699999999999999,-0.0234,0.17160000000000009,0.1735828620572896,tap3,natural,normal,20260810_135255,True
3695099,0.0,0.039,1.1037,3695.099,500000,-0.0156,0.011699999999999999,0.19499999999999995,0.19597257461185733,tap3,natural,normal,20260810_135255,True
3697605,0.0039,0.0663,1.0881,3697.605,500000,-0.011699999999999999,0.03899999999999999,0.17940000000000011,0.1839626320751039,tap3,natural,normal,20260810_135255,True
3700118,-0.0195,0.0936,1.248,3700.118,500000,-0.0351,0.0663,0.33930000000000005,0.3474941582242787,tap3,natural,normal,20260810_135255,True
3702603,-0.0429,0.1482,1.2012,3702.603,500000,-0.058499999999999996,0.1209,0.2925000000000001,0.32186225314565864,tap3,natural,normal,20260810_135255,True
3705128,-0.0273,0.1521,1.0959,3705.128,500000,-0.0429,0.12480000000000001,0.18720000000000014,0.2290399310164061,tap3,natural,normal,20260810_135255,True
3707627,-0.0078,0.0702,1.0959,3707.627,500000,-0.023399999999999997,0.042899999999999994,0.18720000000000014,0.19347302137507455,tap3,natural,normal,20260810_135255,True
3710115,-0.0078,0.0273,1.1037,3710.115,500000,-0.023399999999999997,0.0,0.19499999999999995,0.19639898166742104,tap3,natural,normal,20260810_135255,True
3712624,0.0234,-0.0039,1.092,3712.624,500000,0.007800000000000001,-0.031200000000000002,0.18330000000000013,0.18609989253086645,tap3,natural,normal,20260810_135255,True
3715120,0.0273,-0.0039,1.0881,3715.12,500000,0.011700000000000002,-0.031200000000000002,0.17940000000000011,0.18246832601851765,tap3,natural,normal,20260810_135255,True
3717612,0.0156,0.0078,1.0725,3717.612,500000,0.0,-0.019500000000000003,0.16380000000000006,0.16495663066394153,tap3,natural,normal,20260810_135255,True
3720120,-0.0507,0.0975,1.1271,3720.12,500000,-0.0663,0.0702,0.21840000000000004,0.23879340443152952,tap3,natural,normal,20260810_135255,True
3722619,0.0,0.0546,1.1037,3722.619,500000,-0.0156,0.0273,0.19499999999999995,0.19751873328876932,tap3,natural,normal,20260810_135255,True
3725118,0.0468,0.0351,1.0959,3725.118,500000,0.031200000000000002,0.007799999999999998,0.18720000000000014,0.1899424123254205,tap3,natural,normal,20260810_135255,True
3727611,0.0117,0.0273,1.0803,3727.611,500000,-0.003899999999999999,0.0,0.17160000000000009,0.1716443124603901,tap3,natural,normal,20260810_135255,True
3730117,0.0351,0.0273,1.0218,3730.117,500000,0.0195,0.0,0.11310000000000009,0.11476872396258495,tap3,natural,normal,20260810_135255,True
3732615,0.0,0.0468,1.0647,3732.615,500000,-0.0156,0.0195,0.15600000000000003,0.15798610698412696,tap3,natural,normal,20260810_135255,True
3735099,-0.0117,-0.0039,1.0764,3735.099,500000,-0.027299999999999998,-0.031200000000000002,0.16770000000000007,0.17274842980473085,tap3,natural,normal,20260810_135255,True
3737628,0.078,-0.0429,1.1193,3737.628,500000,0.0624,-0.0702,0.2106,0.23059522978587393,tap3,natural,normal,20260810_135255,True
3740115,-0.0936,-0.0039,1.0686,3740.115,500000,-0.1092,-0.031200000000000002,0.15990000000000004,0.19612773898661048,tap3,natural,normal,20260810_135255,True
3742613,0.0936,-0.0117,1.1076,3742.613,500000,0.078,-0.039,0.19889999999999997,0.2171778303602833,tap3,natural,normal,20260810_135255,True
3745101,0.0429,-0.0429,1.092,3745.101,500000,0.0273,-0.0702,0.18330000000000013,0.19817219784823512,tap3,natural,normal,20260810_135255,True
3747623,0.0156,0.0546,1.1193,3747.623,500000,0.0,0.0273,0.2106,0.21236207288496695,tap3,natural,normal,20260810_135255,True
3750107,0.0195,0.0429,1.0998,3750.107,500000,0.0039000000000000007,0.0156,0.19110000000000016,0.1917753373090504,tap3,natural,normal,20260810_135255,True
3752629,0.0039,0.0897,1.1193,3752.629,500000,-0.011699999999999999,0.0624,0.2106,0.21996138297437576,tap3,natural,normal,20260810_135255,True
3755102,0.0312,0.0468,1.1037,3755.102,500000,0.0156,0.0195,0.19499999999999995,0.19659249731360548,tap3,natural,normal,20260810_135255,True
3757604,0.0234,0.0234,1.1037,3757.604,500000,0.007800000000000001,-0.0039000000000000007,0.19499999999999995,0.19519490259737826,tap3,natural,normal,20260810_135255,True
3760112,0.0312,0.0078,1.0881,3760.112,500000,0.0156,-0.019500000000000003,0.17940000000000011,0.18112970490783684,tap3,natural,normal,20260810_135255,True
3762601,0.0195,0.0195,1.0803,3762.601,500000,0.0039000000000000007,-0.007800000000000001,0.17160000000000009,0.17182144802090346,tap3,natural,normal,20260810_135255,True
3765119,0.0117,0.0468,1.0998,3765.119,500000,-0.003899999999999999,0.0195,0.19110000000000016,0.19213190781335635,tap3,natural,normal,20260810_135255,True
3767606,0.0078,0.0546,1.0881,3767.606,500000,-0.0078,0.0273,0.17940000000000011,0.1816328439462424,tap3,natural,normal,20260810_135255,True
3770123,0.0078,0.0546,1.0881,3770.123,500000,-0.0078,0.0273,0.17940000000000011,0.1816328439462424,tap3,natural,normal,20260810_135255,True
3772614,0.0117,0.0585,1.0842,3772.614,500000,-0.003899999999999999,0.031200000000000002,0.1755000000000001,0.1782944194303345,tap3,natural,normal,20260810_135255,True
3775126,0.0117,0.0351,1.0803,3775.126,500000,-0.003899999999999999,0.007799999999999998,0.17160000000000009,0.17182144802090346,tap3,natural,normal,20260810_135255,True
3777620,0.0078,0.0156,1.0803,3777.62,500000,-0.0078,-0.011700000000000002,0.17160000000000009,0.17217517242622418,tap3,natural,normal,20260810_135255,True
3780123,0.0156,0.0156,1.0725,3780.123,500000,0.0,-0.011700000000000002,0.16380000000000006,0.164217325517133,tap3,natural,normal,20260810_135255,True
3782621,0.0117,0.0273,1.0686,3782.621,500000,-0.003899999999999999,0.0,0.15990000000000004,0.1599475539043971,tap3,natural,normal,20260810_135255,True
3785116,0.0117,0.0351,1.0569,3785.116,500000,-0.003899999999999999,0.007799999999999998,0.1482,0.1484563572232594,tap3,natural,normal,20260810_135255,True
3787614,0.0,0.0351,1.0686,3787.614,500000,-0.0156,0.007799999999999998,0.15990000000000004,0.16084840689295002,tap3,natural,normal,20260810_135255,True
3790127,0.0117,0.0117,1.0569,3790.127,500000,-0.003899999999999999,-0.015600000000000001,0.1482,0.14906981585820786,tap3,natural,normal,20260810_135255,True
3792628,-0.0312,0.0429,1.0686,3792.628,500000,-0.046799999999999994,0.0156,0.15990000000000004,0.16733681603281453,tap3,natural,normal,20260810_135255,True
3795128,0.0663,0.0156,1.0296,3795.128,500000,0.050699999999999995,-0.011700000000000002,0.12090000000000012,0.1316213888393525,tap3,natural,normal,20260810_135255,True
3797616,0.0078,0.0039,1.0374,3797.616,500000,-0.0078,-0.0234,0.12870000000000015,0.1310423214080094,tap3,natural,normal,20260810_135255,True
3800121,0.0195,0.0312,1.0569,3800.121,500000,0.0039000000000000007,0.0038999999999999972,0.1482,0.14830259606628604,tap3,natural,normal,20260810_135255,True
3802629,0.0,0.0156,1.0257,3802.629,500000,-0.0156,-0.011700000000000002,0.1170000000000001,0.11861386934081539,tap3,natural,normal,20260810_135255,True
3805113,0.0,0.0624,1.0374,3805.113,500000,-0.0156,0.03509999999999999,0.12870000000000015,0.13430956779023615,tap3,natural,normal,20260810_135255,True
3807613,0.0117,0.0273,1.0296,3807.613,500000,-0.003899999999999999,0.0,0.12090000000000012,0.12096288687031254,tap3,natural,normal,20260810_135255,True
3810127,0.0039,0.0429,1.0335,3810.127,500000,-0.011699999999999999,0.0156,0.12480000000000013,0.12631425097747298,tap3,natural,normal,20260810_135255,True
3812609,0.0156,0.0195,1.0296,3812.609,500000,0.0,-0.007800000000000001,0.12090000000000012,0.12115135162267084,tap3,natural,normal,20260810_135255,True
3815107,0.0078,0.0351,1.0257,3815.107,500000,-0.0078,0.007799999999999998,0.1170000000000001,0.11751884955189114,tap3,natural,normal,20260810_135255,True
3817599,0.0078,0.0312,1.0218,3817.599,500000,-0.0078,0.0038999999999999972,0.11310000000000009,0.11343570866354219,tap3,natural,normal,20260810_135255,True
3820117,0.0039,0.0468,1.014,3820.117,500000,-0.011699999999999999,0.0195,0.10530000000000006,0.10772757307207849,tap3,natural,normal,20260810_135255,True
3822603,0.0,0.0546,1.0179,3822.603,500000,-0.0156,0.0273,0.10920000000000007,0.1136366578178011,tap3,natural,normal,20260810_135255,True
3825125,0.0039,0.0312,1.014,3825.125,500000,-0.011699999999999999,0.0038999999999999972,0.10530000000000006,0.10601976230873192,tap3,natural,normal,20260810_135255,True
3827603,0.0078,0.0273,1.014,3827.603,500000,-0.0078,0.0,0.10530000000000006,0.10558849369131094,tap3,natural,normal,20260810_135255,True
3830129,0.0078,0.0234,1.0023,3830.129,500000,-0.0078,-0.0039000000000000007,0.09360000000000002,0.09400537218691282,tap3,natural,normal,20260810_135255,True
3832624,0.0156,0.0273,1.0062,3832.624,500000,0.0,0.0,0.09750000000000003,0.09750000000000003,tap3,natural,normal,20260810_135255,True
3835121,0.0078,0.0273,1.0062,3835.121,500000,-0.0078,0.0,0.09750000000000003,0.09781150239107876,tap3,natural,normal,20260810_135255,True
3837619,0.0078,0.0234,1.0023,3837.619,500000,-0.0078,-0.0039000000000000007,0.09360000000000002,0.09400537218691282,tap3,natural,normal,20260810_135255,True
3840128,0.0039,0.0195,0.9984,3840.128,500000,-0.011699999999999999,-0.007800000000000001,0.0897,0.09079548446921797,tap3,natural,normal,20260810_135255,True
3842604,0.0312,0.0234,1.0023,3842.604,500000,0.0156,-0.0039000000000000007,0.09360000000000002,0.0949712061627102,tap3,natural,normal,20260810_135255,True
3845127,0.0156,0.0117,0.9945,3845.127,500000,0.0,-0.015600000000000001,0.0858000000000001,0.08720665112249189,tap3,natural,normal,20260810_135255,True
3847620,0.0156,0.0351,1.0062,3847.62,500000,0.0,0.007799999999999998,0.09750000000000003,0.09781150239107876,tap3,natural,normal,20260810_135255,True
3850107,0.0117,0.0195,0.9984,3850.107,500000,-0.003899999999999999,-0.007800000000000001,0.0897,0.09012291606467247,tap3,natural,normal,20260810_135255,True
3852623,0.0156,0.0351,1.0023,3852.623,500000,0.0,0.007799999999999998,0.09360000000000002,0.09392443771457992,tap3,natural,normal,20260810_135255,True
3855107,0.0195,0.0234,0.9828,3855.107,500000,0.0039000000000000007,-0.0039000000000000007,0.07410000000000005,0.0743049796447049,tap3,natural,normal,20260810_135255,True
3857614,0.0156,0.0312,0.9945,3857.614,500000,0.0,0.0038999999999999972,0.0858000000000001,0.08588859062762653,tap3,natural,normal,20260810_135255,True
3860101,0.0156,0.0273,0.9906,3860.101,500000,0.0,0.0,0.08190000000000008,0.08190000000000008,tap3,natural,normal,20260810_135255,True
3862616,0.0156,0.0312,0.9906,3862.616,500000,0.0,0.0038999999999999972,0.08190000000000008,0.08199280456235178,tap3,natural,normal,20260810_135255,True
3865110,0.0078,0.0351,0.9945,3865.11,500000,-0.0078,0.007799999999999998,0.0858000000000001,0.08650618474999355,tap3,natural,normal,20260810_135255,True
3867629,0.0156,0.0312,0.9984,3867.629,500000,0.0,0.0038999999999999972,0.0897,0.08978474257912644,tap3,natural,normal,20260810_135255,True
3870110,0.0156,0.0351,0.9906,3870.11,500000,0.0,0.007799999999999998,0.08190000000000008,0.08227059012794313,tap3,natural,normal,20260810_135255,True
3872600,0.0039,0.0273,0.9945,3872.6,500000,-0.011699999999999999,0.0,0.0858000000000001,0.08659405291358072,tap3,natural,normal,20260810_135255,True
3875127,0.0156,0.0234,0.9906,3875.127,500000,0.0,-0.0039000000000000007,0.08190000000000008,0.08199280456235178,tap3,natural,normal,20260810_135255,True
3877626,0.0156,0.0234,0.9906,3877.626,500000,0.0,-0.0039000000000000007,0.08190000000000008,0.08199280456235178,tap3,natural,normal,20260810_135255,True
3880123,0.0156,0.0195,0.9867,3880.123,500000,0.0,-0.007800000000000001,0.07800000000000007,0.07838902984474301,tap3,natural,normal,20260810_135255,True
3882618,0.0234,0.0234,0.9828,3882.618,500000,0.007800000000000001,-0.0039000000000000007,0.07410000000000005,0.07461139323186512,tap3,natural,normal,20260810_135255,True
3885112,0.0234,0.0234,0.9789,3885.112,500000,0.007800000000000001,-0.0039000000000000007,0.07020000000000004,0.07073959287414655,tap3,natural,normal,20260810_135255,True
3887621,0.0234,0.0312,0.9867,3887.621,500000,0.007800000000000001,0.0038999999999999972,0.07800000000000007,0.07848598601024269,tap3,natural,normal,20260810_135255,True
3890105,0.0234,0.0234,0.9711,3890.105,500000,0.007800000000000001,-0.0039000000000000007,0.06240000000000001,0.0630064282434737,tap3,natural,normal,20260810_135255,True
3892618,0.0234,0.039,0.9711,3892.618,500000,0.007800000000000001,0.011699999999999999,0.06240000000000001,0.06396475592074125,tap3,natural,normal,20260810_135255,True
3895123,0.0156,0.0273,0.9828,3895.123,500000,0.0,0.0,0.07410000000000005,0.07410000000000005,tap3,natural,normal,20260810_135255,True
3897601,0.0195,0.0312,0.9711,3897.601,500000,0.0039000000000000007,0.0038999999999999972,0.06240000000000001,0.06264327577641515,tap3,natural,normal,20260810_135255,True
3900121,0.0117,0.0351,0.9711,3900.121,500000,-0.003899999999999999,0.007799999999999998,0.06240000000000001,0.0630064282434737,tap3,natural,normal,20260810_135255,True
3902619,0.0078,0.0429,0.9789,3902.619,500000,-0.0078,0.0156,0.07020000000000004,0.07233422426486653,tap3,natural,normal,20260810_135255,True
3905111,0.0156,0.0351,0.975,3905.111,500000,0.0,0.007799999999999998,0.06630000000000003,0.06675724679763241,tap3,natural,normal,20260810_135255,True
3907621,0.0156,0.0351,0.9789,3907.621,500000,0.0,0.007799999999999998,0.07020000000000004,0.07063200407747189,tap3,natural,normal,20260810_135255,True
3910109,0.0156,0.039,0.9867,3910.109,500000,0.0,0.011699999999999999,0.07800000000000007,0.07887261882301114,tap3,natural,normal,20260810_135255,True
3912599,0.0117,0.0468,0.9828,3912.599,500000,-0.003899999999999999,0.0195,0.07410000000000005,0.07672203073433347,tap3,natural,normal,20260810_135255,True
3915103,0.0156,0.039,0.9711,3915.103,500000,0.0,0.011699999999999999,0.06240000000000001,0.06348740032478886,tap3,natural,normal,20260810_135255,True
3917624,0.0195,0.0351,0.9672,3917.624,500000,0.0039000000000000007,0.007799999999999998,0.058499999999999996,0.05914642846360209,tap3,natural,normal,20260810_135255,True
3920103,0.0156,0.0351,0.9672,3920.103,500000,0.0,0.007799999999999998,0.058499999999999996,0.059017709206644065,tap3,natural,normal,20260810_135255,True
3922620,0.0078,0.0312,0.975,3922.62,500000,-0.0078,0.0038999999999999972,0.06630000000000003,0.06687106997798078,tap3,natural,normal,20260810_135255,True
3925114,0.0156,0.0351,0.9711,3925.114,500000,0.0,0.007799999999999998,0.06240000000000001,0.0628856104367287,tap3,natural,normal,20260810_135255,True
3927601,0.0156,0.0351,0.975,3927.601,500000,0.0,0.007799999999999998,0.06630000000000003,0.06675724679763241,tap3,natural,normal,20260810_135255,True
3930102,0.0117,0.0273,0.9633,3930.102,500000,-0.003899999999999999,0.0,0.05460000000000009,0.05473910850571107,tap3,natural,normal,20260810_135255,True
3932626,0.0,0.0351,0.9633,3932.626,500000,-0.0156,0.007799999999999998,0.05460000000000009,0.057318059981126455,tap3,natural,normal,20260810_135255,True
3935115,0.0156,0.0273,0.9672,3935.115,500000,0.0,0.0,0.058499999999999996,0.058499999999999996,tap3,natural,normal,20260810_135255,True
3937612,0.0078,0.0312,0.9711,3937.612,500000,-0.0078,0.0038999999999999972,0.06240000000000001,0.0630064282434737,tap3,natural,normal,20260810_135255,True
3940122,0.0078,0.0351,0.975,3940.122,500000,-0.0078,0.007799999999999998,0.06630000000000003,0.06721138296449496,tap3,natural,normal,20260810_135255,True
3942625,0.0117,0.0312,0.975,3942.625,500000,-0.003899999999999999,0.0038999999999999972,0.06630000000000003,0.06652901622600475,tap3,natural,normal,20260810_135255,True
3945110,0.0078,0.0312,0.9633,3945.11,500000,-0.0078,0.0038999999999999972,0.05460000000000009,0.05529204282715561,tap3,natural,normal,20260810_135255,True
3947629,0.0117,0.0273,0.9711,3947.629,500000,-0.003899999999999999,0.0,0.06240000000000001,0.06252175621333746,tap3,natural,normal,20260810_135255,True
3950112,0.0039,0.039,0.9711,3950.112,500000,-0.011699999999999999,0.011699999999999999,0.06240000000000001,0.06455648689326271,tap3,natural,normal,20260810_135255,True
3952624,0.0078,0.0273,0.9711,3952.624,500000,-0.0078,0.0,0.06240000000000001,0.0628856104367287,tap3,natural,normal,20260810_135255,True
3955113,-0.3627,-8.9232,-8.4747,3955.113,500000,-0.3783,-8.9505,-9.3834,12.973155233018682,tap3,natural,normal,20260810_135255,True
3957607,-4.3095,-0.5772,12.612599,3957.607,500000,-4.3251,-0.6045,11.703899,12.492124001233778,tap3,natural,normal,20260810_135255,True
3960110,1.5015,1.0218,-3.2565,3960.11,500000,1.4859,0.9945,-4.1652,4.532749728365774,tap3,natural,normal,20260810_135255,True
3962620,3.12,-1.2792,-1.1232,3962.62,500000,3.1044,-1.3065,-2.0319,3.9335555442881445,tap3,natural,normal,20260810_135255,True
3965118,-0.3549,0.6006,2.4258,3965.118,500000,-0.3705,0.5733,1.5171000000000001,1.6635911607122709,tap3,natural,normal,20260810_135255,True
3967618,-0.4953,-0.273,0.9321,3967.618,500000,-0.5109,-0.3003,0.023400000000000087,0.5930821696864609,tap3,natural,normal,20260810_135255,True
3970100,0.3042,0.1053,1.1388,3970.1,500000,0.2886,0.078,0.23010000000000008,0.3772531908413765,tap3,natural,normal,20260810_135255,True
3972623,-0.1638,-0.0663,0.9438,3972.623,500000,-0.1794,-0.0936,0.03510000000000002,0.20537120051263275,tap3,natural,normal,20260810_135255,True
3975124,0.1287,0.0,1.0491,3975.124,500000,0.1131,-0.0273,0.14039999999999997,0.18234324774995098,tap3,natural,normal,20260810_135255,True
3977611,0.0585,0.3627,0.8073,3977.611,500000,0.04290000000000001,0.33540000000000003,-0.10139999999999993,0.3530092491706131,tap3,natural,normal,20260810_135255,True
3980107,0.0156,0.1131,0.9789,3980.107,500000,0.0,0.0858,0.07020000000000004,0.11085882914770481,tap3,natural,normal,20260810_135255,True
3982621,0.0312,-0.156,1.1115,3982.621,500000,0.0156,-0.1833,0.20279999999999998,0.2738066653681024,tap3,natural,normal,20260810_135255,True
3985117,0.0312,-0.156,1.1115,3985.117,500000,0.0156,-0.1833,0.20279999999999998,0.2738066653681024,tap3,natural,normal,20260810_135255,True
3987610,0.0156,-0.039,1.0803,3987.61,500000,0.0,-0.0663,0.17160000000000009,0.18396263207510385,tap3,natural,normal,20260810_135255,True
3990129,0.0741,0.0936,1.053,3990.129,500000,0.058499999999999996,0.0663,0.14429999999999998,0.16923483683922763,tap3,natural,normal,20260810_135255,True
3992606,0.0468,0.0585,1.0647,3992.606,500000,0.031200000000000002,0.031200000000000002,0.15600000000000003,0.16211995558844694,tap3,natural,normal,20260810_135255,True
3995110,-0.0195,0.0507,1.0296,3995.11,500000,-0.0351,0.0234,0.12090000000000012,0.12804835024317973,tap3,natural,normal,20260810_135255,True
3997623,0.0195,0.0546,1.0686,3997.623,500000,0.0039000000000000007,0.0273,0.15990000000000004,0.16226062368917485,tap3,natural,normal,20260810_135255,True
4000106,0.0078,-0.0078,0.9672,4000.106,500000,-0.0078,-0.0351,0.058499999999999996,0.06866658576047013,tap3,natural,normal,20260810_135255,True
4002602,-0.0156,0.0117,1.0647,4002.602,500000,-0.0312,-0.015600000000000001,0.15600000000000003,0.15985243194896975,tap3,natural,normal,20260810_135255,True
4005115,-0.0039,0.0585,1.0452,4005.115,500000,-0.0195,0.031200000000000002,0.13649999999999995,0.14137163789105645,tap3,natural,normal,20260810_135255,True
4007605,0.0117,0.0702,1.0686,4007.605,500000,-0.003899999999999999,0.042899999999999994,0.15990000000000004,0.16560081521538478,tap3,natural,normal,20260810_135255,True
