time_us,x_g,y_g,z_g,time_ms,cue_time_us,x_delta_g,y_delta_g,z_delta_g,dynamic_magnitude_g,label,requested_pace,requested_force,session_id,operator_accepted
20945,0.0117,0.0273,0.9165,20.945,500000,-0.0078,0.0039000000000000007,0.007800000000000029,0.01170000000000002,idle,na,na,20260810_141717,True
21394,0.0117,0.0273,0.9165,21.394,500000,-0.0078,0.0039000000000000007,0.007800000000000029,0.01170000000000002,idle,na,na,20260810_141717,True
21808,0.0117,0.0273,0.9165,21.808,500000,-0.0078,0.0039000000000000007,0.007800000000000029,0.01170000000000002,idle,na,na,20260810_141717,True
22206,0.0117,0.0273,0.9165,22.206,500000,-0.0078,0.0039000000000000007,0.007800000000000029,0.01170000000000002,idle,na,na,20260810_141717,True
22614,0.0234,0.0195,0.9165,22.614,500000,0.0039000000000000007,-0.0039000000000000007,0.007800000000000029,0.00955300999685442,idle,na,na,20260810_141717,True
23012,0.0234,0.0195,0.9165,23.012,500000,0.0039000000000000007,-0.0039000000000000007,0.007800000000000029,0.00955300999685442,idle,na,na,20260810_141717,True
23409,0.0234,0.0195,0.9165,23.409,500000,0.0039000000000000007,-0.0039000000000000007,0.007800000000000029,0.00955300999685442,idle,na,na,20260810_141717,True
23811,0.0234,0.0195,0.9165,23.811,500000,0.0039000000000000007,-0.0039000000000000007,0.007800000000000029,0.00955300999685442,idle,na,na,20260810_141717,True
24207,0.0234,0.0195,0.9165,24.207,500000,0.0039000000000000007,-0.0039000000000000007,0.007800000000000029,0.00955300999685442,idle,na,na,20260810_141717,True
24615,0.0234,0.0195,0.9165,24.615,500000,0.0039000000000000007,-0.0039000000000000007,0.007800000000000029,0.00955300999685442,idle,na,na,20260810_141717,True
25013,0.0195,0.0273,0.897,25.013,500000,0.0,0.0039000000000000007,-0.011699999999999933,0.012332882874656616,idle,na,na,20260810_141717,True
27508,0.0195,0.0273,0.897,27.508,500000,0.0,0.0039000000000000007,-0.011699999999999933,0.012332882874656616,idle,na,na,20260810_141717,True
30010,0.0195,0.0351,0.9087,30.01,500000,0.0,0.011699999999999999,0.0,0.011699999999999999,idle,na,na,20260810_141717,True
32520,0.0195,0.0273,0.9009,32.52,500000,0.0,0.0039000000000000007,-0.007799999999999918,0.008720665112249107,idle,na,na,20260810_141717,True
35001,0.0195,0.0273,0.9048,35.001,500000,0.0,0.0039000000000000007,-0.0038999999999999035,0.005515432893255003,idle,na,na,20260810_141717,True
37502,0.0078,0.0273,0.9048,37.502,500000,-0.0117,0.0039000000000000007,-0.0038999999999999035,0.012934836682386031,idle,na,na,20260810_141717,True
40020,0.0195,0.0273,0.9087,40.02,500000,0.0,0.0039000000000000007,0.0,0.0039000000000000007,idle,na,na,20260810_141717,True
42501,0.0117,0.0234,0.9048,42.501,500000,-0.0078,0.0,-0.0038999999999999035,0.008720665112249136,idle,na,na,20260810_141717,True
45005,0.0195,0.0195,0.9126,45.005,500000,0.0,-0.0039000000000000007,0.0039000000000000146,0.005515432893255082,idle,na,na,20260810_141717,True
47519,0.0195,0.0234,0.9204,47.519,500000,0.0,0.0,0.011700000000000044,0.011700000000000044,idle,na,na,20260810_141717,True
50019,0.0273,0.0273,0.9204,50.019,500000,0.007800000000000001,0.0039000000000000007,0.011700000000000044,0.014592463808418409,idle,na,na,20260810_141717,True
52527,0.0195,0.0195,0.9009,52.527,500000,0.0,-0.0039000000000000007,-0.007799999999999918,0.008720665112249107,idle,na,na,20260810_141717,True
55004,0.0234,0.0234,0.9048,55.004,500000,0.0039000000000000007,0.0,-0.0038999999999999035,0.005515432893255003,idle,na,na,20260810_141717,True
57502,0.0195,0.0273,0.9165,57.502,500000,0.0,0.0039000000000000007,0.007800000000000029,0.008720665112249207,idle,na,na,20260810_141717,True
60116,0.0156,0.0234,0.9126,60.116,500000,-0.0039000000000000007,0.0,0.0039000000000000146,0.005515432893255082,idle,na,na,20260810_141717,True
62504,0.0156,0.0234,0.9165,62.504,500000,-0.0039000000000000007,0.0,0.007800000000000029,0.008720665112249207,idle,na,na,20260810_141717,True
65010,0.0156,0.0273,0.9087,65.01,500000,-0.0039000000000000007,0.0039000000000000007,0.0,0.005515432893255071,idle,na,na,20260810_141717,True
67507,0.0156,0.0195,0.9165,67.507,500000,-0.0039000000000000007,-0.0039000000000000007,0.007800000000000029,0.00955300999685442,idle,na,na,20260810_141717,True
70023,0.0195,0.0234,0.9126,70.023,500000,0.0,0.0,0.0039000000000000146,0.0039000000000000146,idle,na,na,20260810_141717,True
72509,0.0156,0.0195,0.9048,72.509,500000,-0.0039000000000000007,-0.0039000000000000007,-0.0038999999999999035,0.006754998149518567,idle,na,na,20260810_141717,True
75019,0.0195,0.0156,0.9087,75.019,500000,0.0,-0.007800000000000001,0.0,0.007800000000000001,idle,na,na,20260810_141717,True
77520,0.0156,0.0273,0.9165,77.52,500000,-0.0039000000000000007,0.0039000000000000007,0.007800000000000029,0.00955300999685442,idle,na,na,20260810_141717,True
80018,0.0195,0.0234,0.9126,80.018,500000,0.0,0.0,0.0039000000000000146,0.0039000000000000146,idle,na,na,20260810_141717,True
82502,0.0234,0.0195,0.9087,82.502,500000,0.0039000000000000007,-0.0039000000000000007,0.0,0.005515432893255071,idle,na,na,20260810_141717,True
85006,0.0156,0.0156,0.9087,85.006,500000,-0.0039000000000000007,-0.007800000000000001,0.0,0.008720665112249181,idle,na,na,20260810_141717,True
87504,0.0234,0.0234,0.9126,87.504,500000,0.0039000000000000007,0.0,0.0039000000000000146,0.005515432893255082,idle,na,na,20260810_141717,True
90011,0.0195,0.0273,0.9087,90.011,500000,0.0,0.0039000000000000007,0.0,0.0039000000000000007,idle,na,na,20260810_141717,True
92522,0.0117,0.0234,0.9048,92.522,500000,-0.0078,0.0,-0.0038999999999999035,0.008720665112249136,idle,na,na,20260810_141717,True
95014,0.0195,0.0156,0.9048,95.014,500000,0.0,-0.007800000000000001,-0.0038999999999999035,0.008720665112249138,idle,na,na,20260810_141717,True
97512,0.0156,0.0273,0.9087,97.512,500000,-0.0039000000000000007,0.0039000000000000007,0.0,0.005515432893255071,idle,na,na,20260810_141717,True
100009,0.0273,0.0234,0.9126,100.009,500000,0.007800000000000001,0.0,0.0039000000000000146,0.008720665112249188,idle,na,na,20260810_141717,True
102523,0.0117,0.0234,0.9009,102.523,500000,-0.0078,0.0,-0.007799999999999918,0.011030865786510084,idle,na,na,20260810_141717,True
105003,0.0156,0.0234,0.9087,105.003,500000,-0.0039000000000000007,0.0,0.0,0.0039000000000000007,idle,na,na,20260810_141717,True
107503,0.0156,0.0234,0.9048,107.503,500000,-0.0039000000000000007,0.0,-0.0038999999999999035,0.005515432893255003,idle,na,na,20260810_141717,True
110024,0.0156,0.0273,0.9048,110.024,500000,-0.0039000000000000007,0.0039000000000000007,-0.0038999999999999035,0.006754998149518567,idle,na,na,20260810_141717,True
112516,0.0234,0.0195,0.9048,112.516,500000,0.0039000000000000007,-0.0039000000000000007,-0.0038999999999999035,0.006754998149518567,idle,na,na,20260810_141717,True
115029,0.0117,0.0195,0.9009,115.029,500000,-0.0078,-0.0039000000000000007,-0.007799999999999918,0.011699999999999945,idle,na,na,20260810_141717,True
117528,0.0156,0.0312,0.9048,117.528,500000,-0.0039000000000000007,0.007799999999999998,-0.0038999999999999035,0.009553009996854354,idle,na,na,20260810_141717,True
120024,0.0156,0.0273,0.9048,120.024,500000,-0.0039000000000000007,0.0039000000000000007,-0.0038999999999999035,0.006754998149518567,idle,na,na,20260810_141717,True
122503,0.0156,0.0273,0.9126,122.503,500000,-0.0039000000000000007,0.0039000000000000007,0.0039000000000000146,0.006754998149518631,idle,na,na,20260810_141717,True
125009,0.0156,0.0234,0.9087,125.009,500000,-0.0039000000000000007,0.0,0.0,0.0039000000000000007,idle,na,na,20260810_141717,True
127509,0.0156,0.0195,0.9048,127.509,500000,-0.0039000000000000007,-0.0039000000000000007,-0.0038999999999999035,0.006754998149518567,idle,na,na,20260810_141717,True
130025,0.0156,0.0234,0.9204,130.025,500000,-0.0039000000000000007,0.0,0.011700000000000044,0.012332882874656722,idle,na,na,20260810_141717,True
132503,0.0156,0.0234,0.9204,132.503,500000,-0.0039000000000000007,0.0,0.011700000000000044,0.012332882874656722,idle,na,na,20260810_141717,True
135013,0.0156,0.0312,0.9126,135.013,500000,-0.0039000000000000007,0.007799999999999998,0.0039000000000000146,0.0095530099968544,idle,na,na,20260810_141717,True
137508,0.0156,0.0273,0.9048,137.508,500000,-0.0039000000000000007,0.0039000000000000007,-0.0038999999999999035,0.006754998149518567,idle,na,na,20260810_141717,True
140005,0.0117,0.0312,0.9126,140.005,500000,-0.0078,0.007799999999999998,0.0039000000000000146,0.011700000000000004,idle,na,na,20260810_141717,True
142512,0.0195,0.0195,0.9087,142.512,500000,0.0,-0.0039000000000000007,0.0,0.0039000000000000007,idle,na,na,20260810_141717,True
145017,0.0156,0.0195,0.9126,145.017,500000,-0.0039000000000000007,-0.0039000000000000007,0.0039000000000000146,0.006754998149518631,idle,na,na,20260810_141717,True
147515,0.0156,0.0234,0.9165,147.515,500000,-0.0039000000000000007,0.0,0.007800000000000029,0.008720665112249207,idle,na,na,20260810_141717,True
150007,0.0156,0.0312,0.9126,150.007,500000,-0.0039000000000000007,0.007799999999999998,0.0039000000000000146,0.0095530099968544,idle,na,na,20260810_141717,True
152515,0.0156,0.0273,0.9048,152.515,500000,-0.0039000000000000007,0.0039000000000000007,-0.0038999999999999035,0.006754998149518567,idle,na,na,20260810_141717,True
155023,0.0,0.0351,0.9087,155.023,500000,-0.0195,0.011699999999999999,0.0,0.02274071238989667,idle,na,na,20260810_141717,True
157522,0.0156,0.0273,0.9048,157.522,500000,-0.0039000000000000007,0.0039000000000000007,-0.0038999999999999035,0.006754998149518567,idle,na,na,20260810_141717,True
160027,0.0195,0.0234,0.9087,160.027,500000,0.0,0.0,0.0,0.0,idle,na,na,20260810_141717,True
162518,0.0117,0.0234,0.9204,162.518,500000,-0.0078,0.0,0.011700000000000044,0.014061649974309594,idle,na,na,20260810_141717,True
165010,0.0156,0.0156,0.9165,165.01,500000,-0.0039000000000000007,-0.007800000000000001,0.007800000000000029,0.011700000000000021,idle,na,na,20260810_141717,True
167509,0.0156,0.0195,0.9087,167.509,500000,-0.0039000000000000007,-0.0039000000000000007,0.0,0.005515432893255071,idle,na,na,20260810_141717,True
170023,0.0195,0.0234,0.9126,170.023,500000,0.0,0.0,0.0039000000000000146,0.0039000000000000146,idle,na,na,20260810_141717,True
172504,0.0117,0.0273,0.9048,172.504,500000,-0.0078,0.0039000000000000007,-0.0038999999999999035,0.009553009996854355,idle,na,na,20260810_141717,True
175009,0.0117,0.0273,0.9048,175.009,500000,-0.0078,0.0039000000000000007,-0.0038999999999999035,0.009553009996854355,idle,na,na,20260810_141717,True
177522,0.0156,0.0234,0.9165,177.522,500000,-0.0039000000000000007,0.0,0.007800000000000029,0.008720665112249207,idle,na,na,20260810_141717,True
180027,0.0117,0.0312,0.9165,180.027,500000,-0.0078,0.007799999999999998,0.007800000000000029,0.013509996299037258,idle,na,na,20260810_141717,True
182510,0.0156,0.0273,0.9009,182.51,500000,-0.0039000000000000007,0.0039000000000000007,-0.007799999999999918,0.009553009996854328,idle,na,na,20260810_141717,True
185021,0.0156,0.0195,0.8892,185.021,500000,-0.0039000000000000007,-0.0039000000000000007,-0.019499999999999962,0.02026499444855583,idle,na,na,20260810_141717,True
187528,0.0195,0.0273,0.9048,187.528,500000,0.0,0.0039000000000000007,-0.0038999999999999035,0.005515432893255003,idle,na,na,20260810_141717,True
190011,0.0195,0.0195,0.9126,190.011,500000,0.0,-0.0039000000000000007,0.0039000000000000146,0.005515432893255082,idle,na,na,20260810_141717,True
192520,0.0156,0.0195,0.9048,192.52,500000,-0.0039000000000000007,-0.0039000000000000007,-0.0038999999999999035,0.006754998149518567,idle,na,na,20260810_141717,True
195011,0.0156,0.0273,0.9165,195.011,500000,-0.0039000000000000007,0.0039000000000000007,0.007800000000000029,0.00955300999685442,idle,na,na,20260810_141717,True
197509,0.0195,0.0234,0.9165,197.509,500000,0.0,0.0,0.007800000000000029,0.007800000000000029,idle,na,na,20260810_141717,True
200004,0.0195,0.0312,0.9126,200.004,500000,0.0,0.007799999999999998,0.0039000000000000146,0.008720665112249185,idle,na,na,20260810_141717,True
202513,0.0117,0.0234,0.9126,202.513,500000,-0.0078,0.0,0.0039000000000000146,0.008720665112249186,idle,na,na,20260810_141717,True
205017,0.0195,0.0156,0.9165,205.017,500000,0.0,-0.007800000000000001,0.007800000000000029,0.011030865786510163,idle,na,na,20260810_141717,True
207515,0.0117,0.0273,0.9087,207.515,500000,-0.0078,0.0039000000000000007,0.0,0.00872066511224918,idle,na,na,20260810_141717,True
210008,0.0156,0.0273,0.9165,210.008,500000,-0.0039000000000000007,0.0039000000000000007,0.007800000000000029,0.00955300999685442,idle,na,na,20260810_141717,True
212522,0.0195,0.0234,0.9048,212.522,500000,0.0,0.0,-0.0038999999999999035,0.0038999999999999035,idle,na,na,20260810_141717,True
215003,0.0234,0.0234,0.9126,215.003,500000,0.0039000000000000007,0.0,0.0039000000000000146,0.005515432893255082,idle,na,na,20260810_141717,True
217502,0.0156,0.0234,0.9126,217.502,500000,-0.0039000000000000007,0.0,0.0039000000000000146,0.005515432893255082,idle,na,na,20260810_141717,True
220022,0.0156,0.0273,0.9087,220.022,500000,-0.0039000000000000007,0.0039000000000000007,0.0,0.005515432893255071,idle,na,na,20260810_141717,True
222500,0.0195,0.0234,0.9087,222.5,500000,0.0,0.0,0.0,0.0,idle,na,na,20260810_141717,True
225004,0.0195,0.0234,0.9126,225.004,500000,0.0,0.0,0.0039000000000000146,0.0039000000000000146,idle,na,na,20260810_141717,True
227501,0.0234,0.0273,0.9087,227.501,500000,0.0039000000000000007,0.0039000000000000007,0.0,0.005515432893255071,idle,na,na,20260810_141717,True
230020,0.0195,0.0195,0.897,230.02,500000,0.0,-0.0039000000000000007,-0.011699999999999933,0.012332882874656616,idle,na,na,20260810_141717,True
232502,0.0195,0.0234,0.9165,232.502,500000,0.0,0.0,0.007800000000000029,0.007800000000000029,idle,na,na,20260810_141717,True
235011,0.0156,0.0273,0.9165,235.011,500000,-0.0039000000000000007,0.0039000000000000007,0.007800000000000029,0.00955300999685442,idle,na,na,20260810_141717,True
237500,0.0156,0.0273,0.9165,237.5,500000,-0.0039000000000000007,0.0039000000000000007,0.007800000000000029,0.00955300999685442,idle,na,na,20260810_141717,True
240017,0.0195,0.0273,0.9048,240.017,500000,0.0,0.0039000000000000007,-0.0038999999999999035,0.005515432893255003,idle,na,na,20260810_141717,True
242505,0.0195,0.0312,0.9087,242.505,500000,0.0,0.007799999999999998,0.0,0.007799999999999998,idle,na,na,20260810_141717,True
245016,0.0156,0.0234,0.9087,245.016,500000,-0.0039000000000000007,0.0,0.0,0.0039000000000000007,idle,na,na,20260810_141717,True
247514,0.0195,0.0312,0.9165,247.514,500000,0.0,0.007799999999999998,0.007800000000000029,0.01103086578651016,idle,na,na,20260810_141717,True
250008,0.0195,0.0273,0.9126,250.008,500000,0.0,0.0039000000000000007,0.0039000000000000146,0.005515432893255082,idle,na,na,20260810_141717,True
252521,0.0195,0.0273,0.9243,252.521,500000,0.0,0.0039000000000000007,0.015600000000000058,0.016080111939908933,idle,na,na,20260810_141717,True
255002,0.0117,0.0156,0.9087,255.002,500000,-0.0078,-0.007800000000000001,0.0,0.011030865786510143,idle,na,na,20260810_141717,True
257529,0.0156,0.0273,0.9165,257.529,500000,-0.0039000000000000007,0.0039000000000000007,0.007800000000000029,0.00955300999685442,idle,na,na,20260810_141717,True
260000,0.0195,0.0234,0.9009,260.0,500000,0.0,0.0,-0.007799999999999918,0.007799999999999918,idle,na,na,20260810_141717,True
262513,0.0273,0.0195,0.9126,262.513,500000,0.007800000000000001,-0.0039000000000000007,0.0039000000000000146,0.009553009996854402,idle,na,na,20260810_141717,True
265000,0.0078,0.0312,0.9126,265.0,500000,-0.0117,0.007799999999999998,0.0039000000000000146,0.014592463808418374,idle,na,na,20260810_141717,True
267505,0.0195,0.0195,0.9087,267.505,500000,0.0,-0.0039000000000000007,0.0,0.0039000000000000007,idle,na,na,20260810_141717,True
270023,0.0156,0.0312,0.9087,270.023,500000,-0.0039000000000000007,0.007799999999999998,0.0,0.00872066511224918,idle,na,na,20260810_141717,True
272504,0.0078,0.0234,0.9204,272.504,500000,-0.0117,0.0,0.011700000000000044,0.01654629867976524,idle,na,na,20260810_141717,True
275009,0.0156,0.0195,0.9204,275.009,500000,-0.0039000000000000007,-0.0039000000000000007,0.011700000000000044,0.012934836682386099,idle,na,na,20260810_141717,True
277508,0.0156,0.0234,0.9048,277.508,500000,-0.0039000000000000007,0.0,-0.0038999999999999035,0.005515432893255003,idle,na,na,20260810_141717,True
280028,0.0117,0.0312,0.9165,280.028,500000,-0.0078,0.007799999999999998,0.007800000000000029,0.013509996299037258,idle,na,na,20260810_141717,True
282506,0.0156,0.0156,0.9126,282.506,500000,-0.0039000000000000007,-0.007800000000000001,0.0039000000000000146,0.009553009996854402,idle,na,na,20260810_141717,True
285016,0.0156,0.0273,0.9009,285.016,500000,-0.0039000000000000007,0.0039000000000000007,-0.007799999999999918,0.009553009996854328,idle,na,na,20260810_141717,True
287500,0.0117,0.0273,0.9087,287.5,500000,-0.0078,0.0039000000000000007,0.0,0.00872066511224918,idle,na,na,20260810_141717,True
290010,0.0156,0.0234,0.9048,290.01,500000,-0.0039000000000000007,0.0,-0.0038999999999999035,0.005515432893255003,idle,na,na,20260810_141717,True
292516,0.0195,0.0156,0.9126,292.516,500000,0.0,-0.007800000000000001,0.0039000000000000146,0.008720665112249188,idle,na,na,20260810_141717,True
295008,0.0234,0.0195,0.9087,295.008,500000,0.0039000000000000007,-0.0039000000000000007,0.0,0.005515432893255071,idle,na,na,20260810_141717,True
297505,0.0195,0.0273,0.9126,297.505,500000,0.0,0.0039000000000000007,0.0039000000000000146,0.005515432893255082,idle,na,na,20260810_141717,True
300002,0.0156,0.0234,0.9009,300.002,500000,-0.0039000000000000007,0.0,-0.007799999999999918,0.008720665112249107,idle,na,na,20260810_141717,True
302516,0.0195,0.0234,0.9126,302.516,500000,0.0,0.0,0.0039000000000000146,0.0039000000000000146,idle,na,na,20260810_141717,True
305021,0.0195,0.0195,0.9126,305.021,500000,0.0,-0.0039000000000000007,0.0039000000000000146,0.005515432893255082,idle,na,na,20260810_141717,True
307518,0.0234,0.0273,0.9087,307.518,500000,0.0039000000000000007,0.0039000000000000007,0.0,0.005515432893255071,idle,na,na,20260810_141717,True
310004,0.0195,0.0273,0.9087,310.004,500000,0.0,0.0039000000000000007,0.0,0.0039000000000000007,idle,na,na,20260810_141717,True
312516,0.0156,0.0312,0.9087,312.516,500000,-0.0039000000000000007,0.007799999999999998,0.0,0.00872066511224918,idle,na,na,20260810_141717,True
315021,0.0156,0.0273,0.9126,315.021,500000,-0.0039000000000000007,0.0039000000000000007,0.0039000000000000146,0.006754998149518631,idle,na,na,20260810_141717,True
317517,0.0117,0.0195,0.9009,317.517,500000,-0.0078,-0.0039000000000000007,-0.007799999999999918,0.011699999999999945,idle,na,na,20260810_141717,True
320004,0.0117,0.0195,0.9048,320.004,500000,-0.0078,-0.0039000000000000007,-0.0038999999999999035,0.009553009996854355,idle,na,na,20260810_141717,True
322514,0.0195,0.0156,0.9087,322.514,500000,0.0,-0.007800000000000001,0.0,0.007800000000000001,idle,na,na,20260810_141717,True
325021,0.0195,0.0195,0.9087,325.021,500000,0.0,-0.0039000000000000007,0.0,0.0039000000000000007,idle,na,na,20260810_141717,True
327518,0.0078,0.0234,0.9126,327.518,500000,-0.0117,0.0,0.0039000000000000146,0.012332882874656684,idle,na,na,20260810_141717,True
330013,0.0234,0.0234,0.9126,330.013,500000,0.0039000000000000007,0.0,0.0039000000000000146,0.005515432893255082,idle,na,na,20260810_141717,True
332526,0.0156,0.0234,0.9204,332.526,500000,-0.0039000000000000007,0.0,0.011700000000000044,0.012332882874656722,idle,na,na,20260810_141717,True
335010,0.0195,0.0312,0.9087,335.01,500000,0.0,0.007799999999999998,0.0,0.007799999999999998,idle,na,na,20260810_141717,True
337501,0.0156,0.0273,0.9126,337.501,500000,-0.0039000000000000007,0.0039000000000000007,0.0039000000000000146,0.006754998149518631,idle,na,na,20260810_141717,True
340017,0.0234,0.0273,0.9126,340.017,500000,0.0039000000000000007,0.0039000000000000007,0.0039000000000000146,0.006754998149518631,idle,na,na,20260810_141717,True
342524,0.0195,0.0195,0.9087,342.524,500000,0.0,-0.0039000000000000007,0.0,0.0039000000000000007,idle,na,na,20260810_141717,True
345004,0.0195,0.0195,0.9087,345.004,500000,0.0,-0.0039000000000000007,0.0,0.0039000000000000007,idle,na,na,20260810_141717,True
347502,0.0195,0.0117,0.9009,347.502,500000,0.0,-0.0117,-0.007799999999999918,0.014061649974309512,idle,na,na,20260810_141717,True
350021,0.0273,0.0234,0.9009,350.021,500000,0.007800000000000001,0.0,-0.007799999999999918,0.011030865786510084,idle,na,na,20260810_141717,True
352502,0.0117,0.0273,0.9048,352.502,500000,-0.0078,0.0039000000000000007,-0.0038999999999999035,0.009553009996854355,idle,na,na,20260810_141717,True
355005,0.0117,0.0195,0.897,355.005,500000,-0.0078,-0.0039000000000000007,-0.011699999999999933,0.014592463808418318,idle,na,na,20260810_141717,True
357504,0.0156,0.0273,0.9087,357.504,500000,-0.0039000000000000007,0.0039000000000000007,0.0,0.005515432893255071,idle,na,na,20260810_141717,True
360001,0.0156,0.0234,0.9165,360.001,500000,-0.0039000000000000007,0.0,0.007800000000000029,0.008720665112249207,idle,na,na,20260810_141717,True
362510,0.0312,0.0195,0.9087,362.51,500000,0.011699999999999999,-0.0039000000000000007,0.0,0.012332882874656679,idle,na,na,20260810_141717,True
365013,0.0195,0.0273,0.897,365.013,500000,0.0,0.0039000000000000007,-0.011699999999999933,0.012332882874656616,idle,na,na,20260810_141717,True
367521,0.0195,0.0273,0.9087,367.521,500000,0.0,0.0039000000000000007,0.0,0.0039000000000000007,idle,na,na,20260810_141717,True
370025,0.0156,0.0195,0.9048,370.025,500000,-0.0039000000000000007,-0.0039000000000000007,-0.0038999999999999035,0.006754998149518567,idle,na,na,20260810_141717,True
372509,0.0117,0.0195,0.9126,372.509,500000,-0.0078,-0.0039000000000000007,0.0039000000000000146,0.0095530099968544,idle,na,na,20260810_141717,True
375017,0.0156,0.0234,0.9126,375.017,500000,-0.0039000000000000007,0.0,0.0039000000000000146,0.005515432893255082,idle,na,na,20260810_141717,True
377519,0.0234,0.0273,0.9126,377.519,500000,0.0039000000000000007,0.0039000000000000007,0.0039000000000000146,0.006754998149518631,idle,na,na,20260810_141717,True
380017,0.0195,0.0273,0.9126,380.017,500000,0.0,0.0039000000000000007,0.0039000000000000146,0.005515432893255082,idle,na,na,20260810_141717,True
382525,0.0195,0.0273,0.9126,382.525,500000,0.0,0.0039000000000000007,0.0039000000000000146,0.005515432893255082,idle,na,na,20260810_141717,True
385010,0.0195,0.0234,0.9048,385.01,500000,0.0,0.0,-0.0038999999999999035,0.0038999999999999035,idle,na,na,20260810_141717,True
387525,0.0156,0.0234,0.9126,387.525,500000,-0.0039000000000000007,0.0,0.0039000000000000146,0.005515432893255082,idle,na,na,20260810_141717,True
390008,0.0156,0.0312,0.9165,390.008,500000,-0.0039000000000000007,0.007799999999999998,0.007800000000000029,0.011700000000000018,idle,na,na,20260810_141717,True
392517,0.0195,0.0273,0.9009,392.517,500000,0.0,0.0039000000000000007,-0.007799999999999918,0.008720665112249107,idle,na,na,20260810_141717,True
395007,0.0312,0.0195,0.9087,395.007,500000,0.011699999999999999,-0.0039000000000000007,0.0,0.012332882874656679,idle,na,na,20260810_141717,True
397504,0.0195,0.0156,0.9048,397.504,500000,0.0,-0.007800000000000001,-0.0038999999999999035,0.008720665112249138,idle,na,na,20260810_141717,True
400029,0.0195,0.0273,0.9204,400.029,500000,0.0,0.0039000000000000007,0.011700000000000044,0.012332882874656722,idle,na,na,20260810_141717,True
402512,0.0234,0.0195,0.9087,402.512,500000,0.0039000000000000007,-0.0039000000000000007,0.0,0.005515432893255071,idle,na,na,20260810_141717,True
405016,0.0234,0.0234,0.9126,405.016,500000,0.0039000000000000007,0.0,0.0039000000000000146,0.005515432893255082,idle,na,na,20260810_141717,True
407514,0.0195,0.0273,0.9165,407.514,500000,0.0,0.0039000000000000007,0.007800000000000029,0.008720665112249207,idle,na,na,20260810_141717,True
410008,0.0195,0.0312,0.9048,410.008,500000,0.0,0.007799999999999998,-0.0038999999999999035,0.008720665112249134,idle,na,na,20260810_141717,True
412522,0.0195,0.0234,0.9165,412.522,500000,0.0,0.0,0.007800000000000029,0.007800000000000029,idle,na,na,20260810_141717,True
415003,0.0195,0.0195,0.9126,415.003,500000,0.0,-0.0039000000000000007,0.0039000000000000146,0.005515432893255082,idle,na,na,20260810_141717,True
417503,0.0117,0.0273,0.9126,417.503,500000,-0.0078,0.0039000000000000007,0.0039000000000000146,0.0095530099968544,idle,na,na,20260810_141717,True
420021,0.0195,0.0195,0.9087,420.021,500000,0.0,-0.0039000000000000007,0.0,0.0039000000000000007,idle,na,na,20260810_141717,True
422504,0.0117,0.0195,0.9087,422.504,500000,-0.0078,-0.0039000000000000007,0.0,0.00872066511224918,idle,na,na,20260810_141717,True
425010,0.0156,0.0156,0.9165,425.01,500000,-0.0039000000000000007,-0.007800000000000001,0.007800000000000029,0.011700000000000021,idle,na,na,20260810_141717,True
427507,0.0234,0.0195,0.9126,427.507,500000,0.0039000000000000007,-0.0039000000000000007,0.0039000000000000146,0.006754998149518631,idle,na,na,20260810_141717,True
430025,0.0156,0.0273,0.9087,430.025,500000,-0.0039000000000000007,0.0039000000000000007,0.0,0.005515432893255071,idle,na,na,20260810_141717,True
432509,0.0156,0.0273,0.9087,432.509,500000,-0.0039000000000000007,0.0039000000000000007,0.0,0.005515432893255071,idle,na,na,20260810_141717,True
435019,0.0195,0.0195,0.9048,435.019,500000,0.0,-0.0039000000000000007,-0.0038999999999999035,0.005515432893255003,idle,na,na,20260810_141717,True
437505,0.0156,0.0273,0.9087,437.505,500000,-0.0039000000000000007,0.0039000000000000007,0.0,0.005515432893255071,idle,na,na,20260810_141717,True
440007,0.0234,0.0234,0.9087,440.007,500000,0.0039000000000000007,0.0,0.0,0.0039000000000000007,idle,na,na,20260810_141717,True
442517,0.0195,0.0273,0.9126,442.517,500000,0.0,0.0039000000000000007,0.0039000000000000146,0.005515432893255082,idle,na,na,20260810_141717,True
445022,0.0156,0.0156,0.9126,445.022,500000,-0.0039000000000000007,-0.007800000000000001,0.0039000000000000146,0.009553009996854402,idle,na,na,20260810_141717,True
447522,0.0156,0.0273,0.9282,447.522,500000,-0.0039000000000000007,0.0039000000000000007,0.019500000000000073,0.020264994448555933,idle,na,na,20260810_141717,True
450015,0.0156,0.0273,0.9282,450.015,500000,-0.0039000000000000007,0.0039000000000000007,0.019500000000000073,0.020264994448555933,idle,na,na,20260810_141717,True
452528,0.0195,0.0195,0.9087,452.528,500000,0.0,-0.0039000000000000007,0.0,0.0039000000000000007,idle,na,na,20260810_141717,True
455009,0.0234,0.0234,0.9165,455.009,500000,0.0039000000000000007,0.0,0.007800000000000029,0.008720665112249207,idle,na,na,20260810_141717,True
457507,0.0156,0.0312,0.9087,457.507,500000,-0.0039000000000000007,0.007799999999999998,0.0,0.00872066511224918,idle,na,na,20260810_141717,True
460003,0.0195,0.0234,0.9165,460.003,500000,0.0,0.0,0.007800000000000029,0.007800000000000029,idle,na,na,20260810_141717,True
462510,0.0234,0.0195,0.9087,462.51,500000,0.0039000000000000007,-0.0039000000000000007,0.0,0.005515432893255071,idle,na,na,20260810_141717,True
465014,0.0156,0.0312,0.9087,465.014,500000,-0.0039000000000000007,0.007799999999999998,0.0,0.00872066511224918,idle,na,na,20260810_141717,True
467511,0.0156,0.0156,0.9048,467.511,500000,-0.0039000000000000007,-0.007800000000000001,-0.0038999999999999035,0.009553009996854357,idle,na,na,20260810_141717,True
470011,0.0195,0.0234,0.9087,470.011,500000,0.0,0.0,0.0,0.0,idle,na,na,20260810_141717,True
472527,0.0273,0.0273,0.9204,472.527,500000,0.007800000000000001,0.0039000000000000007,0.011700000000000044,0.014592463808418409,idle,na,na,20260810_141717,True
475007,0.0117,0.0234,0.9165,475.007,500000,-0.0078,0.0,0.007800000000000029,0.011030865786510162,idle,na,na,20260810_141717,True
477504,0.0195,0.0234,0.9204,477.504,500000,0.0,0.0,0.011700000000000044,0.011700000000000044,idle,na,na,20260810_141717,True
480024,0.0195,0.0234,0.9087,480.024,500000,0.0,0.0,0.0,0.0,idle,na,na,20260810_141717,True
482510,0.0195,0.0234,0.9126,482.51,500000,0.0,0.0,0.0039000000000000146,0.0039000000000000146,idle,na,na,20260810_141717,True
485020,0.0234,0.0234,0.9126,485.02,500000,0.0039000000000000007,0.0,0.0039000000000000146,0.005515432893255082,idle,na,na,20260810_141717,True
487503,0.0234,0.0273,0.9243,487.503,500000,0.0039000000000000007,0.0039000000000000007,0.015600000000000058,0.01654629867976527,idle,na,na,20260810_141717,True
490009,0.0195,0.0234,0.9087,490.009,500000,0.0,0.0,0.0,0.0,idle,na,na,20260810_141717,True
492526,0.0195,0.0234,0.9087,492.526,500000,0.0,0.0,0.0,0.0,idle,na,na,20260810_141717,True
495016,0.0195,0.0234,0.9126,495.016,500000,0.0,0.0,0.0039000000000000146,0.0039000000000000146,idle,na,na,20260810_141717,True
497513,0.0234,0.0273,0.9165,497.513,500000,0.0039000000000000007,0.0039000000000000007,0.007800000000000029,0.00955300999685442,idle,na,na,20260810_141717,True
510309,0.0195,0.0156,0.9087,510.309,500000,0.0,-0.007800000000000001,0.0,0.007800000000000001,idle,na,na,20260810_141717,True
512766,0.0234,0.0156,0.9165,512.766,500000,0.0039000000000000007,-0.007800000000000001,0.007800000000000029,0.011700000000000021,idle,na,na,20260810_141717,True
515263,0.0156,0.0234,0.9126,515.263,500000,-0.0039000000000000007,0.0,0.0039000000000000146,0.005515432893255082,idle,na,na,20260810_141717,True
517766,0.0195,0.0234,0.9048,517.766,500000,0.0,0.0,-0.0038999999999999035,0.0038999999999999035,idle,na,na,20260810_141717,True
520267,0.0117,0.0273,0.9048,520.267,500000,-0.0078,0.0039000000000000007,-0.0038999999999999035,0.009553009996854355,idle,na,na,20260810_141717,True
522762,0.0156,0.0312,0.9165,522.762,500000,-0.0039000000000000007,0.007799999999999998,0.007800000000000029,0.011700000000000018,idle,na,na,20260810_141717,True
525261,0.0273,0.0273,0.9087,525.261,500000,0.007800000000000001,0.0039000000000000007,0.0,0.008720665112249181,idle,na,na,20260810_141717,True
527766,0.0234,0.0156,0.9048,527.766,500000,0.0039000000000000007,-0.007800000000000001,-0.0038999999999999035,0.009553009996854357,idle,na,na,20260810_141717,True
530250,0.0195,0.0273,0.9165,530.25,500000,0.0,0.0039000000000000007,0.007800000000000029,0.008720665112249207,idle,na,na,20260810_141717,True
532772,0.0195,0.0234,0.9204,532.772,500000,0.0,0.0,0.011700000000000044,0.011700000000000044,idle,na,na,20260810_141717,True
535274,0.0039,0.0351,0.9087,535.274,500000,-0.0156,0.011699999999999999,0.0,0.0195,idle,na,na,20260810_141717,True
537778,0.0078,0.0273,0.8931,537.778,500000,-0.0117,0.0039000000000000007,-0.015599999999999947,0.01988617610301182,idle,na,na,20260810_141717,True
540255,0.0195,0.0234,0.9009,540.255,500000,0.0,0.0,-0.007799999999999918,0.007799999999999918,idle,na,na,20260810_141717,True
542772,0.0234,0.0234,0.9009,542.772,500000,0.0039000000000000007,0.0,-0.007799999999999918,0.008720665112249107,idle,na,na,20260810_141717,True
545269,0.0156,0.0117,0.9087,545.269,500000,-0.0039000000000000007,-0.0117,0.0,0.01233288287465668,idle,na,na,20260810_141717,True
547773,0.0156,0.0195,0.9126,547.773,500000,-0.0039000000000000007,-0.0039000000000000007,0.0039000000000000146,0.006754998149518631,idle,na,na,20260810_141717,True
550255,0.0156,0.0312,0.9087,550.255,500000,-0.0039000000000000007,0.007799999999999998,0.0,0.00872066511224918,idle,na,na,20260810_141717,True
552778,0.0156,0.0156,0.9165,552.778,500000,-0.0039000000000000007,-0.007800000000000001,0.007800000000000029,0.011700000000000021,idle,na,na,20260810_141717,True
555272,0.0117,0.0195,0.9126,555.272,500000,-0.0078,-0.0039000000000000007,0.0039000000000000146,0.0095530099968544,idle,na,na,20260810_141717,True
557773,0.0195,0.0234,0.9126,557.773,500000,0.0,0.0,0.0039000000000000146,0.0039000000000000146,idle,na,na,20260810_141717,True
560258,0.0195,0.0156,0.9087,560.258,500000,0.0,-0.007800000000000001,0.0,0.007800000000000001,idle,na,na,20260810_141717,True
562775,0.0117,0.0273,0.9048,562.775,500000,-0.0078,0.0039000000000000007,-0.0038999999999999035,0.009553009996854355,idle,na,na,20260810_141717,True
565271,0.0117,0.0195,0.9048,565.271,500000,-0.0078,-0.0039000000000000007,-0.0038999999999999035,0.009553009996854355,idle,na,na,20260810_141717,True
567773,0.0117,0.0195,0.9048,567.773,500000,-0.0078,-0.0039000000000000007,-0.0038999999999999035,0.009553009996854355,idle,na,na,20260810_141717,True
570269,0.0156,0.0234,0.9204,570.269,500000,-0.0039000000000000007,0.0,0.011700000000000044,0.012332882874656722,idle,na,na,20260810_141717,True
572777,0.0234,0.0234,0.9126,572.777,500000,0.0039000000000000007,0.0,0.0039000000000000146,0.005515432893255082,idle,na,na,20260810_141717,True
575250,0.0156,0.0195,0.9087,575.25,500000,-0.0039000000000000007,-0.0039000000000000007,0.0,0.005515432893255071,idle,na,na,20260810_141717,True
577760,0.0195,0.0234,0.9009,577.76,500000,0.0,0.0,-0.007799999999999918,0.007799999999999918,idle,na,na,20260810_141717,True
580276,0.0195,0.0234,0.9087,580.276,500000,0.0,0.0,0.0,0.0,idle,na,na,20260810_141717,True
582769,0.0117,0.0273,0.9087,582.769,500000,-0.0078,0.0039000000000000007,0.0,0.00872066511224918,idle,na,na,20260810_141717,True
585274,0.0195,0.0273,0.9204,585.274,500000,0.0,0.0039000000000000007,0.011700000000000044,0.012332882874656722,idle,na,na,20260810_141717,True
587766,0.0156,0.0234,0.9087,587.766,500000,-0.0039000000000000007,0.0,0.0,0.0039000000000000007,idle,na,na,20260810_141717,True
590263,0.0234,0.0156,0.9165,590.263,500000,0.0039000000000000007,-0.007800000000000001,0.007800000000000029,0.011700000000000021,idle,na,na,20260810_141717,True
592771,0.0156,0.0273,0.9126,592.771,500000,-0.0039000000000000007,0.0039000000000000007,0.0039000000000000146,0.006754998149518631,idle,na,na,20260810_141717,True
595274,0.0156,0.0234,0.9087,595.274,500000,-0.0039000000000000007,0.0,0.0,0.0039000000000000007,idle,na,na,20260810_141717,True
597777,0.0156,0.0273,0.9087,597.777,500000,-0.0039000000000000007,0.0039000000000000007,0.0,0.005515432893255071,idle,na,na,20260810_141717,True
600265,0.0156,0.0234,0.9087,600.265,500000,-0.0039000000000000007,0.0,0.0,0.0039000000000000007,idle,na,na,20260810_141717,True
602751,0.0195,0.0273,0.9048,602.751,500000,0.0,0.0039000000000000007,-0.0038999999999999035,0.005515432893255003,idle,na,na,20260810_141717,True
605279,0.0273,0.0234,0.9126,605.279,500000,0.007800000000000001,0.0,0.0039000000000000146,0.008720665112249188,idle,na,na,20260810_141717,True
607756,0.0156,0.0234,0.9126,607.756,500000,-0.0039000000000000007,0.0,0.0039000000000000146,0.005515432893255082,idle,na,na,20260810_141717,True
610272,0.0156,0.0273,0.9087,610.272,500000,-0.0039000000000000007,0.0039000000000000007,0.0,0.005515432893255071,idle,na,na,20260810_141717,True
612766,0.0234,0.0195,0.9126,612.766,500000,0.0039000000000000007,-0.0039000000000000007,0.0039000000000000146,0.006754998149518631,idle,na,na,20260810_141717,True
615261,0.0195,0.0156,0.9126,615.261,500000,0.0,-0.007800000000000001,0.0039000000000000146,0.008720665112249188,idle,na,na,20260810_141717,True
617764,0.0234,0.0273,0.9165,617.764,500000,0.0039000000000000007,0.0039000000000000007,0.007800000000000029,0.00955300999685442,idle,na,na,20260810_141717,True
620275,0.0156,0.0195,0.9048,620.275,500000,-0.0039000000000000007,-0.0039000000000000007,-0.0038999999999999035,0.006754998149518567,idle,na,na,20260810_141717,True
622770,0.0117,0.0312,0.9126,622.77,500000,-0.0078,0.007799999999999998,0.0039000000000000146,0.011700000000000004,idle,na,na,20260810_141717,True
625268,0.0078,0.0312,0.9165,625.268,500000,-0.0117,0.007799999999999998,0.007800000000000029,0.016080111939908888,idle,na,na,20260810_141717,True
627771,0.0156,0.0234,0.9126,627.771,500000,-0.0039000000000000007,0.0,0.0039000000000000146,0.005515432893255082,idle,na,na,20260810_141717,True
630252,0.0117,0.0312,0.9204,630.252,500000,-0.0078,0.007799999999999998,0.011700000000000044,0.016080111939908905,idle,na,na,20260810_141717,True
632772,0.0195,0.0195,0.9165,632.772,500000,0.0,-0.0039000000000000007,0.007800000000000029,0.008720665112249207,idle,na,na,20260810_141717,True
635273,0.0195,0.0156,0.9165,635.273,500000,0.0,-0.007800000000000001,0.007800000000000029,0.011030865786510163,idle,na,na,20260810_141717,True
637779,0.0156,0.0195,0.9126,637.779,500000,-0.0039000000000000007,-0.0039000000000000007,0.0039000000000000146,0.006754998149518631,idle,na,na,20260810_141717,True
640256,0.0117,0.0273,0.9048,640.256,500000,-0.0078,0.0039000000000000007,-0.0038999999999999035,0.009553009996854355,idle,na,na,20260810_141717,True
642772,0.0273,0.0195,0.9048,642.772,500000,0.007800000000000001,-0.0039000000000000007,-0.0038999999999999035,0.009553009996854357,idle,na,na,20260810_141717,True
645269,0.0195,0.0234,0.9009,645.269,500000,0.0,0.0,-0.007799999999999918,0.007799999999999918,idle,na,na,20260810_141717,True
647771,0.0156,0.0195,0.9087,647.771,500000,-0.0039000000000000007,-0.0039000000000000007,0.0,0.005515432893255071,idle,na,na,20260810_141717,True
650252,0.0195,0.0195,0.9087,650.252,500000,0.0,-0.0039000000000000007,0.0,0.0039000000000000007,idle,na,na,20260810_141717,True
652771,0.0156,0.0273,0.9048,652.771,500000,-0.0039000000000000007,0.0039000000000000007,-0.0038999999999999035,0.006754998149518567,idle,na,na,20260810_141717,True
655264,0.0156,0.0273,0.9126,655.264,500000,-0.0039000000000000007,0.0039000000000000007,0.0039000000000000146,0.006754998149518631,idle,na,na,20260810_141717,True
657767,0.0195,0.0273,0.8931,657.767,500000,0.0,0.0039000000000000007,-0.015599999999999947,0.016080111939908825,idle,na,na,20260810_141717,True
660251,0.0156,0.0195,0.9087,660.251,500000,-0.0039000000000000007,-0.0039000000000000007,0.0,0.005515432893255071,idle,na,na,20260810_141717,True
662769,0.0156,0.0234,0.9087,662.769,500000,-0.0039000000000000007,0.0,0.0,0.0039000000000000007,idle,na,na,20260810_141717,True
665266,0.0195,0.0273,0.9048,665.266,500000,0.0,0.0039000000000000007,-0.0038999999999999035,0.005515432893255003,idle,na,na,20260810_141717,True
667771,0.0156,0.0195,0.9009,667.771,500000,-0.0039000000000000007,-0.0039000000000000007,-0.007799999999999918,0.009553009996854328,idle,na,na,20260810_141717,True
670254,0.0234,0.0195,0.9204,670.254,500000,0.0039000000000000007,-0.0039000000000000007,0.011700000000000044,0.012934836682386099,idle,na,na,20260810_141717,True
672771,0.0156,0.0234,0.9087,672.771,500000,-0.0039000000000000007,0.0,0.0,0.0039000000000000007,idle,na,na,20260810_141717,True
675250,0.0156,0.0234,0.9087,675.25,500000,-0.0039000000000000007,0.0,0.0,0.0039000000000000007,idle,na,na,20260810_141717,True
677762,0.0156,0.0234,0.9087,677.762,500000,-0.0039000000000000007,0.0,0.0,0.0039000000000000007,idle,na,na,20260810_141717,True
680272,0.0195,0.0195,0.9087,680.272,500000,0.0,-0.0039000000000000007,0.0,0.0039000000000000007,idle,na,na,20260810_141717,True
682764,0.0117,0.0312,0.9165,682.764,500000,-0.0078,0.007799999999999998,0.007800000000000029,0.013509996299037258,idle,na,na,20260810_141717,True
685267,0.0117,0.0195,0.9048,685.267,500000,-0.0078,-0.0039000000000000007,-0.0038999999999999035,0.009553009996854355,idle,na,na,20260810_141717,True
687780,0.0195,0.0234,0.9048,687.78,500000,0.0,0.0,-0.0038999999999999035,0.0038999999999999035,idle,na,na,20260810_141717,True
690251,0.0195,0.0234,0.9126,690.251,500000,0.0,0.0,0.0039000000000000146,0.0039000000000000146,idle,na,na,20260810_141717,True
692776,0.0117,0.0273,0.9087,692.776,500000,-0.0078,0.0039000000000000007,0.0,0.00872066511224918,idle,na,na,20260810_141717,True
695279,0.0195,0.0234,0.9126,695.279,500000,0.0,0.0,0.0039000000000000146,0.0039000000000000146,idle,na,na,20260810_141717,True
697759,0.0273,0.0273,0.9087,697.759,500000,0.007800000000000001,0.0039000000000000007,0.0,0.008720665112249181,idle,na,na,20260810_141717,True
700274,0.0195,0.0273,0.9126,700.274,500000,0.0,0.0039000000000000007,0.0039000000000000146,0.005515432893255082,idle,na,na,20260810_141717,True
702752,0.0234,0.0195,0.897,702.752,500000,0.0039000000000000007,-0.0039000000000000007,-0.011699999999999933,0.012934836682385998,idle,na,na,20260810_141717,True
705253,0.0117,0.0234,0.9087,705.253,500000,-0.0078,0.0,0.0,0.0078,idle,na,na,20260810_141717,True
707761,0.0156,0.0234,0.897,707.761,500000,-0.0039000000000000007,0.0,-0.011699999999999933,0.012332882874656616,idle,na,na,20260810_141717,True
710252,0.0156,0.0234,0.9009,710.252,500000,-0.0039000000000000007,0.0,-0.007799999999999918,0.008720665112249107,idle,na,na,20260810_141717,True
712771,0.0195,0.0273,0.9009,712.771,500000,0.0,0.0039000000000000007,-0.007799999999999918,0.008720665112249107,idle,na,na,20260810_141717,True
715268,0.0156,0.0195,0.9087,715.268,500000,-0.0039000000000000007,-0.0039000000000000007,0.0,0.005515432893255071,idle,na,na,20260810_141717,True
717771,0.0195,0.0312,0.9243,717.771,500000,0.0,0.007799999999999998,0.015600000000000058,0.01744133022449841,idle,na,na,20260810_141717,True
720252,0.0195,0.0234,0.9048,720.252,500000,0.0,0.0,-0.0038999999999999035,0.0038999999999999035,idle,na,na,20260810_141717,True
722772,0.0156,0.0234,0.9048,722.772,500000,-0.0039000000000000007,0.0,-0.0038999999999999035,0.005515432893255003,idle,na,na,20260810_141717,True
725269,0.0156,0.0234,0.9204,725.269,500000,-0.0039000000000000007,0.0,0.011700000000000044,0.012332882874656722,idle,na,na,20260810_141717,True
727771,0.0195,0.0234,0.9087,727.771,500000,0.0,0.0,0.0,0.0,idle,na,na,20260810_141717,True
730252,0.0156,0.0312,0.9126,730.252,500000,-0.0039000000000000007,0.007799999999999998,0.0039000000000000146,0.0095530099968544,idle,na,na,20260810_141717,True
732772,0.0195,0.0156,0.9048,732.772,500000,0.0,-0.007800000000000001,-0.0038999999999999035,0.008720665112249138,idle,na,na,20260810_141717,True
735273,0.0156,0.0273,0.9087,735.273,500000,-0.0039000000000000007,0.0039000000000000007,0.0,0.005515432893255071,idle,na,na,20260810_141717,True
737763,0.0195,0.0234,0.9165,737.763,500000,0.0,0.0,0.007800000000000029,0.007800000000000029,idle,na,na,20260810_141717,True
740266,0.0117,0.0195,0.9048,740.266,500000,-0.0078,-0.0039000000000000007,-0.0038999999999999035,0.009553009996854355,idle,na,na,20260810_141717,True
742755,0.0273,0.0156,0.9087,742.755,500000,0.007800000000000001,-0.007800000000000001,0.0,0.011030865786510143,idle,na,na,20260810_141717,True
745278,0.0156,0.0234,0.9165,745.278,500000,-0.0039000000000000007,0.0,0.007800000000000029,0.008720665112249207,idle,na,na,20260810_141717,True
747755,0.0234,0.0195,0.9048,747.755,500000,0.0039000000000000007,-0.0039000000000000007,-0.0038999999999999035,0.006754998149518567,idle,na,na,20260810_141717,True
750263,0.0195,0.0234,0.9048,750.263,500000,0.0,0.0,-0.0038999999999999035,0.0038999999999999035,idle,na,na,20260810_141717,True
752752,0.0156,0.0234,0.9126,752.752,500000,-0.0039000000000000007,0.0,0.0039000000000000146,0.005515432893255082,idle,na,na,20260810_141717,True
755276,0.0195,0.0195,0.9165,755.276,500000,0.0,-0.0039000000000000007,0.007800000000000029,0.008720665112249207,idle,na,na,20260810_141717,True
757777,0.0195,0.0195,0.9087,757.777,500000,0.0,-0.0039000000000000007,0.0,0.0039000000000000007,idle,na,na,20260810_141717,True
760261,0.0117,0.0273,0.9126,760.261,500000,-0.0078,0.0039000000000000007,0.0039000000000000146,0.0095530099968544,idle,na,na,20260810_141717,True
762752,0.0195,0.0234,0.9087,762.752,500000,0.0,0.0,0.0,0.0,idle,na,na,20260810_141717,True
765250,0.0117,0.0312,0.9087,765.25,500000,-0.0078,0.007799999999999998,0.0,0.011030865786510139,idle,na,na,20260810_141717,True
767774,0.0117,0.0312,0.9048,767.774,500000,-0.0078,0.007799999999999998,-0.0038999999999999035,0.011699999999999966,idle,na,na,20260810_141717,True
770261,0.0156,0.0195,0.9087,770.261,500000,-0.0039000000000000007,-0.0039000000000000007,0.0,0.005515432893255071,idle,na,na,20260810_141717,True
772779,0.0156,0.0195,0.9165,772.779,500000,-0.0039000000000000007,-0.0039000000000000007,0.007800000000000029,0.00955300999685442,idle,na,na,20260810_141717,True
775278,0.0156,0.0234,0.9087,775.278,500000,-0.0039000000000000007,0.0,0.0,0.0039000000000000007,idle,na,na,20260810_141717,True
777773,0.0234,0.0195,0.9009,777.773,500000,0.0039000000000000007,-0.0039000000000000007,-0.007799999999999918,0.009553009996854328,idle,na,na,20260810_141717,True
780258,0.0234,0.0195,0.9009,780.258,500000,0.0039000000000000007,-0.0039000000000000007,-0.007799999999999918,0.009553009996854328,idle,na,na,20260810_141717,True
782773,0.0156,0.0273,0.9087,782.773,500000,-0.0039000000000000007,0.0039000000000000007,0.0,0.005515432893255071,idle,na,na,20260810_141717,True
785253,0.0234,0.0195,0.9087,785.253,500000,0.0039000000000000007,-0.0039000000000000007,0.0,0.005515432893255071,idle,na,na,20260810_141717,True
787774,0.0117,0.0234,0.897,787.774,500000,-0.0078,0.0,-0.011699999999999933,0.014061649974309502,idle,na,na,20260810_141717,True
790272,0.0195,0.0273,0.9009,790.272,500000,0.0,0.0039000000000000007,-0.007799999999999918,0.008720665112249107,idle,na,na,20260810_141717,True
792771,0.0156,0.0273,0.9165,792.771,500000,-0.0039000000000000007,0.0039000000000000007,0.007800000000000029,0.00955300999685442,idle,na,na,20260810_141717,True
795275,0.0195,0.0234,0.9087,795.275,500000,0.0,0.0,0.0,0.0,idle,na,na,20260810_141717,True
797779,0.0195,0.0195,0.9087,797.779,500000,0.0,-0.0039000000000000007,0.0,0.0039000000000000007,idle,na,na,20260810_141717,True
800268,0.0156,0.0312,0.9087,800.268,500000,-0.0039000000000000007,0.007799999999999998,0.0,0.00872066511224918,idle,na,na,20260810_141717,True
802766,0.0117,0.0312,0.9087,802.766,500000,-0.0078,0.007799999999999998,0.0,0.011030865786510139,idle,na,na,20260810_141717,True
805264,0.0195,0.0273,0.9087,805.264,500000,0.0,0.0039000000000000007,0.0,0.0039000000000000007,idle,na,na,20260810_141717,True
807769,0.0156,0.0234,0.9048,807.769,500000,-0.0039000000000000007,0.0,-0.0038999999999999035,0.005515432893255003,idle,na,na,20260810_141717,True
810254,0.0234,0.0312,0.897,810.254,500000,0.0039000000000000007,0.007799999999999998,-0.011699999999999933,0.014592463808418317,idle,na,na,20260810_141717,True
812767,0.0156,0.0234,0.9126,812.767,500000,-0.0039000000000000007,0.0,0.0039000000000000146,0.005515432893255082,idle,na,na,20260810_141717,True
815264,0.0195,0.0312,0.9009,815.264,500000,0.0,0.007799999999999998,-0.007799999999999918,0.011030865786510082,idle,na,na,20260810_141717,True
817767,0.0195,0.0234,0.9126,817.767,500000,0.0,0.0,0.0039000000000000146,0.0039000000000000146,idle,na,na,20260810_141717,True
820278,0.0195,0.0195,0.9087,820.278,500000,0.0,-0.0039000000000000007,0.0,0.0039000000000000007,idle,na,na,20260810_141717,True
822765,0.0156,0.0312,0.9048,822.765,500000,-0.0039000000000000007,0.007799999999999998,-0.0038999999999999035,0.009553009996854354,idle,na,na,20260810_141717,True
825261,0.0195,0.0234,0.9009,825.261,500000,0.0,0.0,-0.007799999999999918,0.007799999999999918,idle,na,na,20260810_141717,True
827765,0.0273,0.0195,0.9126,827.765,500000,0.007800000000000001,-0.0039000000000000007,0.0039000000000000146,0.009553009996854402,idle,na,na,20260810_141717,True
830276,0.0195,0.0273,0.9048,830.276,500000,0.0,0.0039000000000000007,-0.0038999999999999035,0.005515432893255003,idle,na,na,20260810_141717,True
832750,0.0195,0.0195,0.897,832.75,500000,0.0,-0.0039000000000000007,-0.011699999999999933,0.012332882874656616,idle,na,na,20260810_141717,True
835251,0.0156,0.0273,0.9087,835.251,500000,-0.0039000000000000007,0.0039000000000000007,0.0,0.005515432893255071,idle,na,na,20260810_141717,True
837761,0.0234,0.0234,0.9126,837.761,500000,0.0039000000000000007,0.0,0.0039000000000000146,0.005515432893255082,idle,na,na,20260810_141717,True
840268,0.0117,0.0312,0.9009,840.268,500000,-0.0078,0.007799999999999998,-0.007799999999999918,0.013509996299037194,idle,na,na,20260810_141717,True
842761,0.0195,0.0234,0.9087,842.761,500000,0.0,0.0,0.0,0.0,idle,na,na,20260810_141717,True
845253,0.0117,0.0273,0.9126,845.253,500000,-0.0078,0.0039000000000000007,0.0039000000000000146,0.0095530099968544,idle,na,na,20260810_141717,True
847762,0.0117,0.0273,0.9126,847.762,500000,-0.0078,0.0039000000000000007,0.0039000000000000146,0.0095530099968544,idle,na,na,20260810_141717,True
850269,0.0195,0.0273,0.9165,850.269,500000,0.0,0.0039000000000000007,0.007800000000000029,0.008720665112249207,idle,na,na,20260810_141717,True
852764,0.0156,0.0234,0.897,852.764,500000,-0.0039000000000000007,0.0,-0.011699999999999933,0.012332882874656616,idle,na,na,20260810_141717,True
855259,0.0117,0.0312,0.9009,855.259,500000,-0.0078,0.007799999999999998,-0.007799999999999918,0.013509996299037194,idle,na,na,20260810_141717,True
857761,0.0156,0.0273,0.9087,857.761,500000,-0.0039000000000000007,0.0039000000000000007,0.0,0.005515432893255071,idle,na,na,20260810_141717,True
860277,0.0195,0.0234,0.9165,860.277,500000,0.0,0.0,0.007800000000000029,0.007800000000000029,idle,na,na,20260810_141717,True
862762,0.0117,0.0195,0.9009,862.762,500000,-0.0078,-0.0039000000000000007,-0.007799999999999918,0.011699999999999945,idle,na,na,20260810_141717,True
865255,0.0156,0.0234,0.9009,865.255,500000,-0.0039000000000000007,0.0,-0.007799999999999918,0.008720665112249107,idle,na,na,20260810_141717,True
867764,0.0195,0.0195,0.9126,867.764,500000,0.0,-0.0039000000000000007,0.0039000000000000146,0.005515432893255082,idle,na,na,20260810_141717,True
870272,0.0195,0.0195,0.9165,870.272,500000,0.0,-0.0039000000000000007,0.007800000000000029,0.008720665112249207,idle,na,na,20260810_141717,True
872766,0.0195,0.0234,0.9165,872.766,500000,0.0,0.0,0.007800000000000029,0.007800000000000029,idle,na,na,20260810_141717,True
875261,0.0234,0.0195,0.9165,875.261,500000,0.0039000000000000007,-0.0039000000000000007,0.007800000000000029,0.00955300999685442,idle,na,na,20260810_141717,True
877764,0.0117,0.0273,0.9165,877.764,500000,-0.0078,0.0039000000000000007,0.007800000000000029,0.01170000000000002,idle,na,na,20260810_141717,True
880276,0.0195,0.0234,0.9087,880.276,500000,0.0,0.0,0.0,0.0,idle,na,na,20260810_141717,True
882771,0.0156,0.0234,0.9048,882.771,500000,-0.0039000000000000007,0.0,-0.0038999999999999035,0.005515432893255003,idle,na,na,20260810_141717,True
885274,0.0234,0.0156,0.9048,885.274,500000,0.0039000000000000007,-0.007800000000000001,-0.0038999999999999035,0.009553009996854357,idle,na,na,20260810_141717,True
887755,0.0234,0.0156,0.9048,887.755,500000,0.0039000000000000007,-0.007800000000000001,-0.0038999999999999035,0.009553009996854357,idle,na,na,20260810_141717,True
890259,0.0156,0.0234,0.9009,890.259,500000,-0.0039000000000000007,0.0,-0.007799999999999918,0.008720665112249107,idle,na,na,20260810_141717,True
892770,0.0195,0.0195,0.9165,892.77,500000,0.0,-0.0039000000000000007,0.007800000000000029,0.008720665112249207,idle,na,na,20260810_141717,True
895273,0.0195,0.0273,0.9087,895.273,500000,0.0,0.0039000000000000007,0.0,0.0039000000000000007,idle,na,na,20260810_141717,True
897778,0.0156,0.0195,0.9048,897.778,500000,-0.0039000000000000007,-0.0039000000000000007,-0.0038999999999999035,0.006754998149518567,idle,na,na,20260810_141717,True
900280,0.0195,0.0156,0.9126,900.28,500000,0.0,-0.007800000000000001,0.0039000000000000146,0.008720665112249188,idle,na,na,20260810_141717,True
902768,0.0117,0.0234,0.9204,902.768,500000,-0.0078,0.0,0.011700000000000044,0.014061649974309594,idle,na,na,20260810_141717,True
905265,0.0234,0.0195,0.9048,905.265,500000,0.0039000000000000007,-0.0039000000000000007,-0.0038999999999999035,0.006754998149518567,idle,na,na,20260810_141717,True
907768,0.0156,0.0234,0.9243,907.768,500000,-0.0039000000000000007,0.0,0.015600000000000058,0.016080111939908933,idle,na,na,20260810_141717,True
910253,0.0195,0.0273,0.9165,910.253,500000,0.0,0.0039000000000000007,0.007800000000000029,0.008720665112249207,idle,na,na,20260810_141717,True
912771,0.0195,0.0234,0.9087,912.771,500000,0.0,0.0,0.0,0.0,idle,na,na,20260810_141717,True
915268,0.0234,0.0312,0.9204,915.268,500000,0.0039000000000000007,0.007799999999999998,0.011700000000000044,0.014592463808418405,idle,na,na,20260810_141717,True
917772,0.0156,0.0234,0.9126,917.772,500000,-0.0039000000000000007,0.0,0.0039000000000000146,0.005515432893255082,idle,na,na,20260810_141717,True
920252,0.0273,0.0273,0.9126,920.252,500000,0.007800000000000001,0.0039000000000000007,0.0039000000000000146,0.009553009996854402,idle,na,na,20260810_141717,True
922775,0.0156,0.0273,0.9126,922.775,500000,-0.0039000000000000007,0.0039000000000000007,0.0039000000000000146,0.006754998149518631,idle,na,na,20260810_141717,True
925271,0.0117,0.0273,0.9009,925.271,500000,-0.0078,0.0039000000000000007,-0.007799999999999918,0.011699999999999945,idle,na,na,20260810_141717,True
927773,0.0195,0.0234,0.9087,927.773,500000,0.0,0.0,0.0,0.0,idle,na,na,20260810_141717,True
930253,0.0156,0.0312,0.9087,930.253,500000,-0.0039000000000000007,0.007799999999999998,0.0,0.00872066511224918,idle,na,na,20260810_141717,True
932770,0.0156,0.0195,0.9048,932.77,500000,-0.0039000000000000007,-0.0039000000000000007,-0.0038999999999999035,0.006754998149518567,idle,na,na,20260810_141717,True
935271,0.0195,0.0195,0.9009,935.271,500000,0.0,-0.0039000000000000007,-0.007799999999999918,0.008720665112249107,idle,na,na,20260810_141717,True
937763,0.0156,0.0234,0.9126,937.763,500000,-0.0039000000000000007,0.0,0.0039000000000000146,0.005515432893255082,idle,na,na,20260810_141717,True
940266,0.0195,0.0234,0.9165,940.266,500000,0.0,0.0,0.007800000000000029,0.007800000000000029,idle,na,na,20260810_141717,True
942754,0.0156,0.0195,0.9126,942.754,500000,-0.0039000000000000007,-0.0039000000000000007,0.0039000000000000146,0.006754998149518631,idle,na,na,20260810_141717,True
945250,0.0156,0.0234,0.9087,945.25,500000,-0.0039000000000000007,0.0,0.0,0.0039000000000000007,idle,na,na,20260810_141717,True
947760,0.0156,0.0312,0.9087,947.76,500000,-0.0039000000000000007,0.007799999999999998,0.0,0.00872066511224918,idle,na,na,20260810_141717,True
950273,0.0195,0.0195,0.9009,950.273,500000,0.0,-0.0039000000000000007,-0.007799999999999918,0.008720665112249107,idle,na,na,20260810_141717,True
952768,0.0195,0.0234,0.9087,952.768,500000,0.0,0.0,0.0,0.0,idle,na,na,20260810_141717,True
955264,0.0156,0.0234,0.9126,955.264,500000,-0.0039000000000000007,0.0,0.0039000000000000146,0.005515432893255082,idle,na,na,20260810_141717,True
957767,0.0156,0.0273,0.9126,957.767,500000,-0.0039000000000000007,0.0039000000000000007,0.0039000000000000146,0.006754998149518631,idle,na,na,20260810_141717,True
960256,0.0234,0.0195,0.9126,960.256,500000,0.0039000000000000007,-0.0039000000000000007,0.0039000000000000146,0.006754998149518631,idle,na,na,20260810_141717,True
962758,0.0273,0.0195,0.9087,962.758,500000,0.007800000000000001,-0.0039000000000000007,0.0,0.008720665112249181,idle,na,na,20260810_141717,True
965254,0.0117,0.0273,0.9009,965.254,500000,-0.0078,0.0039000000000000007,-0.007799999999999918,0.011699999999999945,idle,na,na,20260810_141717,True
967760,0.0195,0.0195,0.9126,967.76,500000,0.0,-0.0039000000000000007,0.0039000000000000146,0.005515432893255082,idle,na,na,20260810_141717,True
970265,0.0195,0.0273,0.9165,970.265,500000,0.0,0.0039000000000000007,0.007800000000000029,0.008720665112249207,idle,na,na,20260810_141717,True
972764,0.0156,0.0273,0.9126,972.764,500000,-0.0039000000000000007,0.0039000000000000007,0.0039000000000000146,0.006754998149518631,idle,na,na,20260810_141717,True
975261,0.0195,0.0156,0.9048,975.261,500000,0.0,-0.007800000000000001,-0.0038999999999999035,0.008720665112249138,idle,na,na,20260810_141717,True
977766,0.0156,0.0156,0.9165,977.766,500000,-0.0039000000000000007,-0.007800000000000001,0.007800000000000029,0.011700000000000021,idle,na,na,20260810_141717,True
980279,0.0234,0.0234,0.9048,980.279,500000,0.0039000000000000007,0.0,-0.0038999999999999035,0.005515432893255003,idle,na,na,20260810_141717,True
982766,0.0156,0.0195,0.9087,982.766,500000,-0.0039000000000000007,-0.0039000000000000007,0.0,0.005515432893255071,idle,na,na,20260810_141717,True
985273,0.0195,0.0273,0.9048,985.273,500000,0.0,0.0039000000000000007,-0.0038999999999999035,0.005515432893255003,idle,na,na,20260810_141717,True
987765,0.0117,0.0312,0.9048,987.765,500000,-0.0078,0.007799999999999998,-0.0038999999999999035,0.011699999999999966,idle,na,na,20260810_141717,True
990251,0.0234,0.0234,0.9126,990.251,500000,0.0039000000000000007,0.0,0.0039000000000000146,0.005515432893255082,idle,na,na,20260810_141717,True
992768,0.0234,0.0234,0.9126,992.768,500000,0.0039000000000000007,0.0,0.0039000000000000146,0.005515432893255082,idle,na,na,20260810_141717,True
995271,0.0117,0.0312,0.9126,995.271,500000,-0.0078,0.007799999999999998,0.0039000000000000146,0.011700000000000004,idle,na,na,20260810_141717,True
997773,0.0117,0.0312,0.9126,997.773,500000,-0.0078,0.007799999999999998,0.0039000000000000146,0.011700000000000004,idle,na,na,20260810_141717,True
1000263,0.0195,0.0273,0.9165,1000.263,500000,0.0,0.0039000000000000007,0.007800000000000029,0.008720665112249207,idle,na,na,20260810_141717,True
1002759,0.0195,0.0195,0.9048,1002.759,500000,0.0,-0.0039000000000000007,-0.0038999999999999035,0.005515432893255003,idle,na,na,20260810_141717,True
1005256,0.0234,0.0234,0.8931,1005.256,500000,0.0039000000000000007,0.0,-0.015599999999999947,0.016080111939908825,idle,na,na,20260810_141717,True
1007760,0.0195,0.0351,0.9243,1007.76,500000,0.0,0.011699999999999999,0.015600000000000058,0.019500000000000045,idle,na,na,20260810_141717,True
1010278,0.0117,0.0234,0.9204,1010.278,500000,-0.0078,0.0,0.011700000000000044,0.014061649974309594,idle,na,na,20260810_141717,True
1012764,0.0117,0.0234,0.9126,1012.764,500000,-0.0078,0.0,0.0039000000000000146,0.008720665112249186,idle,na,na,20260810_141717,True
1015261,0.0156,0.0195,0.9165,1015.261,500000,-0.0039000000000000007,-0.0039000000000000007,0.007800000000000029,0.00955300999685442,idle,na,na,20260810_141717,True
1017765,0.0156,0.0351,0.9126,1017.765,500000,-0.0039000000000000007,0.011699999999999999,0.0039000000000000146,0.012934836682386064,idle,na,na,20260810_141717,True
1020278,0.0234,0.0234,0.9165,1020.278,500000,0.0039000000000000007,0.0,0.007800000000000029,0.008720665112249207,idle,na,na,20260810_141717,True
1022763,0.0156,0.0195,0.9165,1022.763,500000,-0.0039000000000000007,-0.0039000000000000007,0.007800000000000029,0.00955300999685442,idle,na,na,20260810_141717,True
1025259,0.0234,0.0234,0.9087,1025.259,500000,0.0039000000000000007,0.0,0.0,0.0039000000000000007,idle,na,na,20260810_141717,True
1027762,0.0195,0.0234,0.9126,1027.762,500000,0.0,0.0,0.0039000000000000146,0.0039000000000000146,idle,na,na,20260810_141717,True
1030262,0.0156,0.0312,0.9126,1030.262,500000,-0.0039000000000000007,0.007799999999999998,0.0039000000000000146,0.0095530099968544,idle,na,na,20260810_141717,True
1032779,0.0156,0.0234,0.9048,1032.779,500000,-0.0039000000000000007,0.0,-0.0038999999999999035,0.005515432893255003,idle,na,na,20260810_141717,True
1035250,0.0234,0.0234,0.9087,1035.25,500000,0.0039000000000000007,0.0,0.0,0.0039000000000000007,idle,na,na,20260810_141717,True
1037755,0.0117,0.0273,0.9087,1037.755,500000,-0.0078,0.0039000000000000007,0.0,0.00872066511224918,idle,na,na,20260810_141717,True
1040262,0.0156,0.0351,0.9048,1040.262,500000,-0.0039000000000000007,0.011699999999999999,-0.0038999999999999035,0.01293483668238603,idle,na,na,20260810_141717,True
1042776,0.0234,0.0156,0.897,1042.776,500000,0.0039000000000000007,-0.007800000000000001,-0.011699999999999933,0.014592463808418318,idle,na,na,20260810_141717,True
1045274,0.0156,0.0273,0.9009,1045.274,500000,-0.0039000000000000007,0.0039000000000000007,-0.007799999999999918,0.009553009996854328,idle,na,na,20260810_141717,True
1047752,0.0156,0.0273,0.9087,1047.752,500000,-0.0039000000000000007,0.0039000000000000007,0.0,0.005515432893255071,idle,na,na,20260810_141717,True
1050263,0.0234,0.0273,0.9048,1050.263,500000,0.0039000000000000007,0.0039000000000000007,-0.0038999999999999035,0.006754998149518567,idle,na,na,20260810_141717,True
1052759,0.0156,0.0273,0.9126,1052.759,500000,-0.0039000000000000007,0.0039000000000000007,0.0039000000000000146,0.006754998149518631,idle,na,na,20260810_141717,True
1055256,0.0156,0.0234,0.9165,1055.256,500000,-0.0039000000000000007,0.0,0.007800000000000029,0.008720665112249207,idle,na,na,20260810_141717,True
1057762,0.0195,0.0195,0.9048,1057.762,500000,0.0,-0.0039000000000000007,-0.0038999999999999035,0.005515432893255003,idle,na,na,20260810_141717,True
1060250,0.0078,0.0234,0.9009,1060.25,500000,-0.0117,0.0,-0.007799999999999918,0.014061649974309512,idle,na,na,20260810_141717,True
1062765,0.0156,0.0234,0.9009,1062.765,500000,-0.0039000000000000007,0.0,-0.007799999999999918,0.008720665112249107,idle,na,na,20260810_141717,True
1065265,0.0117,0.0273,0.9048,1065.265,500000,-0.0078,0.0039000000000000007,-0.0038999999999999035,0.009553009996854355,idle,na,na,20260810_141717,True
1067770,0.0195,0.0234,0.9126,1067.77,500000,0.0,0.0,0.0039000000000000146,0.0039000000000000146,idle,na,na,20260810_141717,True
1070252,0.0195,0.0234,0.9126,1070.252,500000,0.0,0.0,0.0039000000000000146,0.0039000000000000146,idle,na,na,20260810_141717,True
1072761,0.0156,0.0234,0.9087,1072.761,500000,-0.0039000000000000007,0.0,0.0,0.0039000000000000007,idle,na,na,20260810_141717,True
1075261,0.0195,0.0312,0.9048,1075.261,500000,0.0,0.007799999999999998,-0.0038999999999999035,0.008720665112249134,idle,na,na,20260810_141717,True
1077765,0.0117,0.0273,0.9126,1077.765,500000,-0.0078,0.0039000000000000007,0.0039000000000000146,0.0095530099968544,idle,na,na,20260810_141717,True
1080253,0.0234,0.0273,0.9087,1080.253,500000,0.0039000000000000007,0.0039000000000000007,0.0,0.005515432893255071,idle,na,na,20260810_141717,True
1082765,0.0156,0.0273,0.9087,1082.765,500000,-0.0039000000000000007,0.0039000000000000007,0.0,0.005515432893255071,idle,na,na,20260810_141717,True
1085278,0.0156,0.0273,0.9009,1085.278,500000,-0.0039000000000000007,0.0039000000000000007,-0.007799999999999918,0.009553009996854328,idle,na,na,20260810_141717,True
1087762,0.0156,0.0273,0.9126,1087.762,500000,-0.0039000000000000007,0.0039000000000000007,0.0039000000000000146,0.006754998149518631,idle,na,na,20260810_141717,True
1090277,0.0234,0.0156,0.9087,1090.277,500000,0.0039000000000000007,-0.007800000000000001,0.0,0.008720665112249181,idle,na,na,20260810_141717,True
1092771,0.0156,0.0234,0.9048,1092.771,500000,-0.0039000000000000007,0.0,-0.0038999999999999035,0.005515432893255003,idle,na,na,20260810_141717,True
1095257,0.0195,0.0234,0.9048,1095.257,500000,0.0,0.0,-0.0038999999999999035,0.0038999999999999035,idle,na,na,20260810_141717,True
1097766,0.0195,0.0234,0.9048,1097.766,500000,0.0,0.0,-0.0038999999999999035,0.0038999999999999035,idle,na,na,20260810_141717,True
1100260,0.0117,0.0273,0.9087,1100.26,500000,-0.0078,0.0039000000000000007,0.0,0.00872066511224918,idle,na,na,20260810_141717,True
1102780,0.0195,0.0195,0.9165,1102.78,500000,0.0,-0.0039000000000000007,0.007800000000000029,0.008720665112249207,idle,na,na,20260810_141717,True
1105277,0.0195,0.0273,0.9126,1105.277,500000,0.0,0.0039000000000000007,0.0039000000000000146,0.005515432893255082,idle,na,na,20260810_141717,True
1107757,0.0156,0.0234,0.9126,1107.757,500000,-0.0039000000000000007,0.0,0.0039000000000000146,0.005515432893255082,idle,na,na,20260810_141717,True
1110276,0.0195,0.0195,0.9087,1110.276,500000,0.0,-0.0039000000000000007,0.0,0.0039000000000000007,idle,na,na,20260810_141717,True
1112760,0.0117,0.0234,0.9048,1112.76,500000,-0.0078,0.0,-0.0038999999999999035,0.008720665112249136,idle,na,na,20260810_141717,True
1115260,0.0234,0.0273,0.9126,1115.26,500000,0.0039000000000000007,0.0039000000000000007,0.0039000000000000146,0.006754998149518631,idle,na,na,20260810_141717,True
1117762,0.0195,0.0195,0.9126,1117.762,500000,0.0,-0.0039000000000000007,0.0039000000000000146,0.005515432893255082,idle,na,na,20260810_141717,True
1120276,0.0273,0.0234,0.9126,1120.276,500000,0.007800000000000001,0.0,0.0039000000000000146,0.008720665112249188,idle,na,na,20260810_141717,True
1122762,0.0234,0.0234,0.9126,1122.762,500000,0.0039000000000000007,0.0,0.0039000000000000146,0.005515432893255082,idle,na,na,20260810_141717,True
1125261,0.0156,0.0234,0.9126,1125.261,500000,-0.0039000000000000007,0.0,0.0039000000000000146,0.005515432893255082,idle,na,na,20260810_141717,True
1127763,0.0117,0.0234,0.9126,1127.763,500000,-0.0078,0.0,0.0039000000000000146,0.008720665112249186,idle,na,na,20260810_141717,True
1130278,0.0195,0.0234,0.9087,1130.278,500000,0.0,0.0,0.0,0.0,idle,na,na,20260810_141717,True
1132762,0.0273,0.0273,0.9165,1132.762,500000,0.007800000000000001,0.0039000000000000007,0.007800000000000029,0.011700000000000021,idle,na,na,20260810_141717,True
1135263,0.0156,0.0195,0.9126,1135.263,500000,-0.0039000000000000007,-0.0039000000000000007,0.0039000000000000146,0.006754998149518631,idle,na,na,20260810_141717,True
1137762,0.0156,0.0273,0.9087,1137.762,500000,-0.0039000000000000007,0.0039000000000000007,0.0,0.005515432893255071,idle,na,na,20260810_141717,True
1140271,0.0195,0.0273,0.9165,1140.271,500000,0.0,0.0039000000000000007,0.007800000000000029,0.008720665112249207,idle,na,na,20260810_141717,True
1142763,0.0156,0.0273,0.9204,1142.763,500000,-0.0039000000000000007,0.0039000000000000007,0.011700000000000044,0.012934836682386099,idle,na,na,20260810_141717,True
1145259,0.0195,0.0234,0.9126,1145.259,500000,0.0,0.0,0.0039000000000000146,0.0039000000000000146,idle,na,na,20260810_141717,True
1147764,0.0234,0.0273,0.9165,1147.764,500000,0.0039000000000000007,0.0039000000000000007,0.007800000000000029,0.00955300999685442,idle,na,na,20260810_141717,True
1150279,0.0117,0.0195,0.897,1150.279,500000,-0.0078,-0.0039000000000000007,-0.011699999999999933,0.014592463808418318,idle,na,na,20260810_141717,True
1152766,0.0156,0.0273,0.9087,1152.766,500000,-0.0039000000000000007,0.0039000000000000007,0.0,0.005515432893255071,idle,na,na,20260810_141717,True
1155264,0.0156,0.0273,0.9126,1155.264,500000,-0.0039000000000000007,0.0039000000000000007,0.0039000000000000146,0.006754998149518631,idle,na,na,20260810_141717,True
1157770,0.0234,0.0156,0.9165,1157.77,500000,0.0039000000000000007,-0.007800000000000001,0.007800000000000029,0.011700000000000021,idle,na,na,20260810_141717,True
1160275,0.0195,0.0117,0.9126,1160.275,500000,0.0,-0.0117,0.0039000000000000146,0.012332882874656684,idle,na,na,20260810_141717,True
1162763,0.0156,0.0195,0.9126,1162.763,500000,-0.0039000000000000007,-0.0039000000000000007,0.0039000000000000146,0.006754998149518631,idle,na,na,20260810_141717,True
1165260,0.0156,0.0195,0.9087,1165.26,500000,-0.0039000000000000007,-0.0039000000000000007,0.0,0.005515432893255071,idle,na,na,20260810_141717,True
1167765,0.0195,0.0273,0.9087,1167.765,500000,0.0,0.0039000000000000007,0.0,0.0039000000000000007,idle,na,na,20260810_141717,True
1170251,0.0117,0.0312,0.9048,1170.251,500000,-0.0078,0.007799999999999998,-0.0038999999999999035,0.011699999999999966,idle,na,na,20260810_141717,True
1172767,0.0117,0.0234,0.9009,1172.767,500000,-0.0078,0.0,-0.007799999999999918,0.011030865786510084,idle,na,na,20260810_141717,True
1175265,0.0078,0.0234,0.9126,1175.265,500000,-0.0117,0.0,0.0039000000000000146,0.012332882874656684,idle,na,na,20260810_141717,True
1177769,0.0117,0.0234,0.9126,1177.769,500000,-0.0078,0.0,0.0039000000000000146,0.008720665112249186,idle,na,na,20260810_141717,True
1180252,0.0117,0.0273,0.9087,1180.252,500000,-0.0078,0.0039000000000000007,0.0,0.00872066511224918,idle,na,na,20260810_141717,True
1182769,0.0156,0.0273,0.9126,1182.769,500000,-0.0039000000000000007,0.0039000000000000007,0.0039000000000000146,0.006754998149518631,idle,na,na,20260810_141717,True
1185271,0.0156,0.0273,0.9048,1185.271,500000,-0.0039000000000000007,0.0039000000000000007,-0.0038999999999999035,0.006754998149518567,idle,na,na,20260810_141717,True
1187760,0.0234,0.0156,0.9048,1187.76,500000,0.0039000000000000007,-0.007800000000000001,-0.0038999999999999035,0.009553009996854357,idle,na,na,20260810_141717,True
1190278,0.0156,0.0234,0.9087,1190.278,500000,-0.0039000000000000007,0.0,0.0,0.0039000000000000007,idle,na,na,20260810_141717,True
1192766,0.0156,0.0195,0.9126,1192.766,500000,-0.0039000000000000007,-0.0039000000000000007,0.0039000000000000146,0.006754998149518631,idle,na,na,20260810_141717,True
1195269,0.0117,0.0312,0.9165,1195.269,500000,-0.0078,0.007799999999999998,0.007800000000000029,0.013509996299037258,idle,na,na,20260810_141717,True
1197772,0.0117,0.0234,0.9165,1197.772,500000,-0.0078,0.0,0.007800000000000029,0.011030865786510162,idle,na,na,20260810_141717,True
1200263,0.0195,0.0195,0.9165,1200.263,500000,0.0,-0.0039000000000000007,0.007800000000000029,0.008720665112249207,idle,na,na,20260810_141717,True
1202777,0.0156,0.0195,0.9126,1202.777,500000,-0.0039000000000000007,-0.0039000000000000007,0.0039000000000000146,0.006754998149518631,idle,na,na,20260810_141717,True
1205272,0.0156,0.0195,0.9126,1205.272,500000,-0.0039000000000000007,-0.0039000000000000007,0.0039000000000000146,0.006754998149518631,idle,na,na,20260810_141717,True
1207774,0.0156,0.0234,0.9165,1207.774,500000,-0.0039000000000000007,0.0,0.007800000000000029,0.008720665112249207,idle,na,na,20260810_141717,True
1210264,0.0195,0.0273,0.9048,1210.264,500000,0.0,0.0039000000000000007,-0.0038999999999999035,0.005515432893255003,idle,na,na,20260810_141717,True
1212760,0.0195,0.0273,0.9126,1212.76,500000,0.0,0.0039000000000000007,0.0039000000000000146,0.005515432893255082,idle,na,na,20260810_141717,True
1215256,0.0156,0.0234,0.9165,1215.256,500000,-0.0039000000000000007,0.0,0.007800000000000029,0.008720665112249207,idle,na,na,20260810_141717,True
1217759,0.0195,0.0156,0.9087,1217.759,500000,0.0,-0.007800000000000001,0.0,0.007800000000000001,idle,na,na,20260810_141717,True
1220272,0.0117,0.0312,0.9126,1220.272,500000,-0.0078,0.007799999999999998,0.0039000000000000146,0.011700000000000004,idle,na,na,20260810_141717,True
1222760,0.0156,0.0195,0.9165,1222.76,500000,-0.0039000000000000007,-0.0039000000000000007,0.007800000000000029,0.00955300999685442,idle,na,na,20260810_141717,True
1225258,0.0156,0.0351,0.9087,1225.258,500000,-0.0039000000000000007,0.011699999999999999,0.0,0.012332882874656679,idle,na,na,20260810_141717,True
1227768,0.0156,0.0273,0.9048,1227.768,500000,-0.0039000000000000007,0.0039000000000000007,-0.0038999999999999035,0.006754998149518567,idle,na,na,20260810_141717,True
1230255,0.0195,0.0195,0.9087,1230.255,500000,0.0,-0.0039000000000000007,0.0,0.0039000000000000007,idle,na,na,20260810_141717,True
1232771,0.0039,0.0351,0.9126,1232.771,500000,-0.0156,0.011699999999999999,0.0039000000000000146,0.01988617610301186,idle,na,na,20260810_141717,True
1235271,0.0195,0.0156,0.9087,1235.271,500000,0.0,-0.007800000000000001,0.0,0.007800000000000001,idle,na,na,20260810_141717,True
1237763,0.0195,0.0234,0.9087,1237.763,500000,0.0,0.0,0.0,0.0,idle,na,na,20260810_141717,True
1240271,0.0156,0.0312,0.9087,1240.271,500000,-0.0039000000000000007,0.007799999999999998,0.0,0.00872066511224918,idle,na,na,20260810_141717,True
1242766,0.0195,0.0156,0.9048,1242.766,500000,0.0,-0.007800000000000001,-0.0038999999999999035,0.008720665112249138,idle,na,na,20260810_141717,True
1245263,0.0117,0.0273,0.9087,1245.263,500000,-0.0078,0.0039000000000000007,0.0,0.00872066511224918,idle,na,na,20260810_141717,True
1247767,0.0195,0.0273,0.9048,1247.767,500000,0.0,0.0039000000000000007,-0.0038999999999999035,0.005515432893255003,idle,na,na,20260810_141717,True
1250279,0.0156,0.0234,0.9126,1250.279,500000,-0.0039000000000000007,0.0,0.0039000000000000146,0.005515432893255082,idle,na,na,20260810_141717,True
1252764,0.0234,0.0234,0.9087,1252.764,500000,0.0039000000000000007,0.0,0.0,0.0039000000000000007,idle,na,na,20260810_141717,True
1255261,0.0117,0.0234,0.9165,1255.261,500000,-0.0078,0.0,0.007800000000000029,0.011030865786510162,idle,na,na,20260810_141717,True
1257764,0.0273,0.0195,0.9126,1257.764,500000,0.007800000000000001,-0.0039000000000000007,0.0039000000000000146,0.009553009996854402,idle,na,na,20260810_141717,True
1260255,0.0156,0.0195,0.9048,1260.255,500000,-0.0039000000000000007,-0.0039000000000000007,-0.0038999999999999035,0.006754998149518567,idle,na,na,20260810_141717,True
1262771,0.0195,0.0273,0.9087,1262.771,500000,0.0,0.0039000000000000007,0.0,0.0039000000000000007,idle,na,na,20260810_141717,True
1265269,0.0312,0.0156,0.9087,1265.269,500000,0.011699999999999999,-0.007800000000000001,0.0,0.014061649974309557,idle,na,na,20260810_141717,True
1267771,0.0195,0.0156,0.9126,1267.771,500000,0.0,-0.007800000000000001,0.0039000000000000146,0.008720665112249188,idle,na,na,20260810_141717,True
1270254,0.0156,0.0195,0.9048,1270.254,500000,-0.0039000000000000007,-0.0039000000000000007,-0.0038999999999999035,0.006754998149518567,idle,na,na,20260810_141717,True
1272771,0.0195,0.0195,0.9126,1272.771,500000,0.0,-0.0039000000000000007,0.0039000000000000146,0.005515432893255082,idle,na,na,20260810_141717,True
1275268,0.0156,0.0273,0.9126,1275.268,500000,-0.0039000000000000007,0.0039000000000000007,0.0039000000000000146,0.006754998149518631,idle,na,na,20260810_141717,True
1277771,0.0195,0.0234,0.9009,1277.771,500000,0.0,0.0,-0.007799999999999918,0.007799999999999918,idle,na,na,20260810_141717,True
1280255,0.0234,0.0195,0.9048,1280.255,500000,0.0039000000000000007,-0.0039000000000000007,-0.0038999999999999035,0.006754998149518567,idle,na,na,20260810_141717,True
1282776,0.0195,0.0273,0.9165,1282.776,500000,0.0,0.0039000000000000007,0.007800000000000029,0.008720665112249207,idle,na,na,20260810_141717,True
1285278,0.0195,0.0234,0.9165,1285.278,500000,0.0,0.0,0.007800000000000029,0.007800000000000029,idle,na,na,20260810_141717,True
1287777,0.0195,0.0195,0.9048,1287.777,500000,0.0,-0.0039000000000000007,-0.0038999999999999035,0.005515432893255003,idle,na,na,20260810_141717,True
1290271,0.0117,0.0312,0.9087,1290.271,500000,-0.0078,0.007799999999999998,0.0,0.011030865786510139,idle,na,na,20260810_141717,True
1292777,0.0234,0.0234,0.9009,1292.777,500000,0.0039000000000000007,0.0,-0.007799999999999918,0.008720665112249107,idle,na,na,20260810_141717,True
1295254,0.0156,0.0195,0.9048,1295.254,500000,-0.0039000000000000007,-0.0039000000000000007,-0.0038999999999999035,0.006754998149518567,idle,na,na,20260810_141717,True
1297760,0.0156,0.0234,0.9126,1297.76,500000,-0.0039000000000000007,0.0,0.0039000000000000146,0.005515432893255082,idle,na,na,20260810_141717,True
1300255,0.0195,0.0156,0.9087,1300.255,500000,0.0,-0.007800000000000001,0.0,0.007800000000000001,idle,na,na,20260810_141717,True
1302772,0.0195,0.0273,0.9165,1302.772,500000,0.0,0.0039000000000000007,0.007800000000000029,0.008720665112249207,idle,na,na,20260810_141717,True
1305266,0.0195,0.0195,0.9009,1305.266,500000,0.0,-0.0039000000000000007,-0.007799999999999918,0.008720665112249107,idle,na,na,20260810_141717,True
1307771,0.0195,0.0234,0.9087,1307.771,500000,0.0,0.0,0.0,0.0,idle,na,na,20260810_141717,True
1310255,0.0195,0.0234,0.9087,1310.255,500000,0.0,0.0,0.0,0.0,idle,na,na,20260810_141717,True
1312779,0.0156,0.0234,0.9087,1312.779,500000,-0.0039000000000000007,0.0,0.0,0.0039000000000000007,idle,na,na,20260810_141717,True
1315272,0.0156,0.0312,0.9048,1315.272,500000,-0.0039000000000000007,0.007799999999999998,-0.0038999999999999035,0.009553009996854354,idle,na,na,20260810_141717,True
1317775,0.0234,0.0234,0.9165,1317.775,500000,0.0039000000000000007,0.0,0.007800000000000029,0.008720665112249207,idle,na,na,20260810_141717,True
1320250,0.0195,0.0234,0.9087,1320.25,500000,0.0,0.0,0.0,0.0,idle,na,na,20260810_141717,True
1322769,0.0195,0.0234,0.9087,1322.769,500000,0.0,0.0,0.0,0.0,idle,na,na,20260810_141717,True
1325261,0.0039,0.0312,0.9087,1325.261,500000,-0.0156,0.007799999999999998,0.0,0.01744133022449836,idle,na,na,20260810_141717,True
1327766,0.0156,0.0195,0.9204,1327.766,500000,-0.0039000000000000007,-0.0039000000000000007,0.011700000000000044,0.012934836682386099,idle,na,na,20260810_141717,True
1330272,0.0234,0.0234,0.9087,1330.272,500000,0.0039000000000000007,0.0,0.0,0.0039000000000000007,idle,na,na,20260810_141717,True
1332765,0.0273,0.0273,0.9165,1332.765,500000,0.007800000000000001,0.0039000000000000007,0.007800000000000029,0.011700000000000021,idle,na,na,20260810_141717,True
1335262,0.0195,0.0234,0.9087,1335.262,500000,0.0,0.0,0.0,0.0,idle,na,na,20260810_141717,True
1337764,0.0234,0.0234,0.9087,1337.764,500000,0.0039000000000000007,0.0,0.0,0.0039000000000000007,idle,na,na,20260810_141717,True
1340272,0.0117,0.0312,0.9087,1340.272,500000,-0.0078,0.007799999999999998,0.0,0.011030865786510139,idle,na,na,20260810_141717,True
1342767,0.0156,0.0234,0.9126,1342.767,500000,-0.0039000000000000007,0.0,0.0039000000000000146,0.005515432893255082,idle,na,na,20260810_141717,True
1345260,0.0234,0.0195,0.9048,1345.26,500000,0.0039000000000000007,-0.0039000000000000007,-0.0038999999999999035,0.006754998149518567,idle,na,na,20260810_141717,True
1347761,0.0117,0.0273,0.9126,1347.761,500000,-0.0078,0.0039000000000000007,0.0039000000000000146,0.0095530099968544,idle,na,na,20260810_141717,True
1350268,0.0195,0.0273,0.9165,1350.268,500000,0.0,0.0039000000000000007,0.007800000000000029,0.008720665112249207,idle,na,na,20260810_141717,True
1352753,0.0156,0.0273,0.9087,1352.753,500000,-0.0039000000000000007,0.0039000000000000007,0.0,0.005515432893255071,idle,na,na,20260810_141717,True
1355278,0.0156,0.0351,0.9087,1355.278,500000,-0.0039000000000000007,0.011699999999999999,0.0,0.012332882874656679,idle,na,na,20260810_141717,True
1357773,0.0156,0.0234,0.9087,1357.773,500000,-0.0039000000000000007,0.0,0.0,0.0039000000000000007,idle,na,na,20260810_141717,True
1360267,0.0117,0.0195,0.9087,1360.267,500000,-0.0078,-0.0039000000000000007,0.0,0.00872066511224918,idle,na,na,20260810_141717,True
1362766,0.0117,0.0234,0.9126,1362.766,500000,-0.0078,0.0,0.0039000000000000146,0.008720665112249186,idle,na,na,20260810_141717,True
1365258,0.0195,0.0234,0.9087,1365.258,500000,0.0,0.0,0.0,0.0,idle,na,na,20260810_141717,True
1367762,0.0156,0.0234,0.9048,1367.762,500000,-0.0039000000000000007,0.0,-0.0038999999999999035,0.005515432893255003,idle,na,na,20260810_141717,True
1370273,0.0234,0.0273,0.9048,1370.273,500000,0.0039000000000000007,0.0039000000000000007,-0.0038999999999999035,0.006754998149518567,idle,na,na,20260810_141717,True
1372765,0.0156,0.0195,0.9087,1372.765,500000,-0.0039000000000000007,-0.0039000000000000007,0.0,0.005515432893255071,idle,na,na,20260810_141717,True
1375260,0.0117,0.0312,0.9087,1375.26,500000,-0.0078,0.007799999999999998,0.0,0.011030865786510139,idle,na,na,20260810_141717,True
1377763,0.0156,0.0273,0.9165,1377.763,500000,-0.0039000000000000007,0.0039000000000000007,0.007800000000000029,0.00955300999685442,idle,na,na,20260810_141717,True
1380270,0.0234,0.0195,0.9165,1380.27,500000,0.0039000000000000007,-0.0039000000000000007,0.007800000000000029,0.00955300999685442,idle,na,na,20260810_141717,True
1382766,0.0117,0.0234,0.9087,1382.766,500000,-0.0078,0.0,0.0,0.0078,idle,na,na,20260810_141717,True
1385263,0.0156,0.0273,0.9009,1385.263,500000,-0.0039000000000000007,0.0039000000000000007,-0.007799999999999918,0.009553009996854328,idle,na,na,20260810_141717,True
1387777,0.0195,0.0195,0.9165,1387.777,500000,0.0,-0.0039000000000000007,0.007800000000000029,0.008720665112249207,idle,na,na,20260810_141717,True
1390273,0.0195,0.0234,0.9087,1390.273,500000,0.0,0.0,0.0,0.0,idle,na,na,20260810_141717,True
1392777,0.0078,0.0312,0.9087,1392.777,500000,-0.0117,0.007799999999999998,0.0,0.014061649974309557,idle,na,na,20260810_141717,True
1395259,0.0156,0.0273,0.9087,1395.259,500000,-0.0039000000000000007,0.0039000000000000007,0.0,0.005515432893255071,idle,na,na,20260810_141717,True
1397759,0.0156,0.0195,0.9165,1397.759,500000,-0.0039000000000000007,-0.0039000000000000007,0.007800000000000029,0.00955300999685442,idle,na,na,20260810_141717,True
1400268,0.0117,0.0312,0.9126,1400.268,500000,-0.0078,0.007799999999999998,0.0039000000000000146,0.011700000000000004,idle,na,na,20260810_141717,True
1402762,0.0117,0.0234,0.9087,1402.762,500000,-0.0078,0.0,0.0,0.0078,idle,na,na,20260810_141717,True
1405261,0.0156,0.0234,0.9165,1405.261,500000,-0.0039000000000000007,0.0,0.007800000000000029,0.008720665112249207,idle,na,na,20260810_141717,True
1407762,0.0117,0.0273,0.9087,1407.762,500000,-0.0078,0.0039000000000000007,0.0,0.00872066511224918,idle,na,na,20260810_141717,True
1410251,0.0117,0.0234,0.9165,1410.251,500000,-0.0078,0.0,0.007800000000000029,0.011030865786510162,idle,na,na,20260810_141717,True
1412767,0.0195,0.0273,0.9126,1412.767,500000,0.0,0.0039000000000000007,0.0039000000000000146,0.005515432893255082,idle,na,na,20260810_141717,True
1415265,0.0195,0.0273,0.9126,1415.265,500000,0.0,0.0039000000000000007,0.0039000000000000146,0.005515432893255082,idle,na,na,20260810_141717,True
1417770,0.0156,0.0234,0.9165,1417.77,500000,-0.0039000000000000007,0.0,0.007800000000000029,0.008720665112249207,idle,na,na,20260810_141717,True
1420255,0.0117,0.0234,0.9048,1420.255,500000,-0.0078,0.0,-0.0038999999999999035,0.008720665112249136,idle,na,na,20260810_141717,True
1422754,0.0195,0.0156,0.9204,1422.754,500000,0.0,-0.007800000000000001,0.011700000000000044,0.014061649974309596,idle,na,na,20260810_141717,True
1425255,0.0195,0.0273,0.9048,1425.255,500000,0.0,0.0039000000000000007,-0.0038999999999999035,0.005515432893255003,idle,na,na,20260810_141717,True
1427760,0.0156,0.0234,0.9087,1427.76,500000,-0.0039000000000000007,0.0,0.0,0.0039000000000000007,idle,na,na,20260810_141717,True
1430280,0.0195,0.0234,0.9087,1430.28,500000,0.0,0.0,0.0,0.0,idle,na,na,20260810_141717,True
1432763,0.0195,0.0195,0.9087,1432.763,500000,0.0,-0.0039000000000000007,0.0,0.0039000000000000007,idle,na,na,20260810_141717,True
1435263,0.0234,0.0234,0.9087,1435.263,500000,0.0039000000000000007,0.0,0.0,0.0039000000000000007,idle,na,na,20260810_141717,True
1437759,0.0234,0.0234,0.9048,1437.759,500000,0.0039000000000000007,0.0,-0.0038999999999999035,0.005515432893255003,idle,na,na,20260810_141717,True
1440268,0.0195,0.0195,0.9126,1440.268,500000,0.0,-0.0039000000000000007,0.0039000000000000146,0.005515432893255082,idle,na,na,20260810_141717,True
1442762,0.0195,0.0273,0.9243,1442.762,500000,0.0,0.0039000000000000007,0.015600000000000058,0.016080111939908933,idle,na,na,20260810_141717,True
1445259,0.0078,0.0312,0.9204,1445.259,500000,-0.0117,0.007799999999999998,0.011700000000000044,0.0182926214633114,idle,na,na,20260810_141717,True
1447763,0.0195,0.0234,0.9165,1447.763,500000,0.0,0.0,0.007800000000000029,0.007800000000000029,idle,na,na,20260810_141717,True
1450277,0.0195,0.0156,0.9204,1450.277,500000,0.0,-0.007800000000000001,0.011700000000000044,0.014061649974309596,idle,na,na,20260810_141717,True
1452767,0.0234,0.0234,0.9126,1452.767,500000,0.0039000000000000007,0.0,0.0039000000000000146,0.005515432893255082,idle,na,na,20260810_141717,True
1455265,0.0117,0.0312,0.9282,1455.265,500000,-0.0078,0.007799999999999998,0.019500000000000073,0.022403794321498374,idle,na,na,20260810_141717,True
1457767,0.0156,0.0273,0.9165,1457.767,500000,-0.0039000000000000007,0.0039000000000000007,0.007800000000000029,0.00955300999685442,idle,na,na,20260810_141717,True
1460259,0.0234,0.0273,0.9126,1460.259,500000,0.0039000000000000007,0.0039000000000000007,0.0039000000000000146,0.006754998149518631,idle,na,na,20260810_141717,True
1462751,0.0117,0.0273,0.9087,1462.751,500000,-0.0078,0.0039000000000000007,0.0,0.00872066511224918,idle,na,na,20260810_141717,True
1465279,0.0195,0.0234,0.9087,1465.279,500000,0.0,0.0,0.0,0.0,idle,na,na,20260810_141717,True
1467759,0.0273,0.0195,0.9087,1467.759,500000,0.007800000000000001,-0.0039000000000000007,0.0,0.008720665112249181,idle,na,na,20260810_141717,True
1470271,0.0156,0.0195,0.9048,1470.271,500000,-0.0039000000000000007,-0.0039000000000000007,-0.0038999999999999035,0.006754998149518567,idle,na,na,20260810_141717,True
1472761,0.0195,0.0234,0.9204,1472.761,500000,0.0,0.0,0.011700000000000044,0.011700000000000044,idle,na,na,20260810_141717,True
1475260,0.0195,0.0273,0.9204,1475.26,500000,0.0,0.0039000000000000007,0.011700000000000044,0.012332882874656722,idle,na,na,20260810_141717,True
1477766,0.0195,0.0195,0.9087,1477.766,500000,0.0,-0.0039000000000000007,0.0,0.0039000000000000007,idle,na,na,20260810_141717,True
1480278,0.0195,0.0234,0.9126,1480.278,500000,0.0,0.0,0.0039000000000000146,0.0039000000000000146,idle,na,na,20260810_141717,True
1482766,0.0195,0.0234,0.9048,1482.766,500000,0.0,0.0,-0.0038999999999999035,0.0038999999999999035,idle,na,na,20260810_141717,True
1485266,0.0156,0.0234,0.9165,1485.266,500000,-0.0039000000000000007,0.0,0.007800000000000029,0.008720665112249207,idle,na,na,20260810_141717,True
1487760,0.0117,0.0234,0.9009,1487.76,500000,-0.0078,0.0,-0.007799999999999918,0.011030865786510084,idle,na,na,20260810_141717,True
1490265,0.0156,0.0273,0.9126,1490.265,500000,-0.0039000000000000007,0.0039000000000000007,0.0039000000000000146,0.006754998149518631,idle,na,na,20260810_141717,True
1492768,0.0156,0.0195,0.9126,1492.768,500000,-0.0039000000000000007,-0.0039000000000000007,0.0039000000000000146,0.006754998149518631,idle,na,na,20260810_141717,True
1495256,0.0156,0.0273,0.897,1495.256,500000,-0.0039000000000000007,0.0039000000000000007,-0.011699999999999933,0.012934836682385998,idle,na,na,20260810_141717,True
1497773,0.0195,0.0312,0.9087,1497.773,500000,0.0,0.007799999999999998,0.0,0.007799999999999998,idle,na,na,20260810_141717,True
1500250,0.0195,0.0273,0.9048,1500.25,500000,0.0,0.0039000000000000007,-0.0038999999999999035,0.005515432893255003,idle,na,na,20260810_141717,True
1502772,0.0195,0.0156,0.9126,1502.772,500000,0.0,-0.007800000000000001,0.0039000000000000146,0.008720665112249188,idle,na,na,20260810_141717,True
1505269,0.0156,0.0234,0.9048,1505.269,500000,-0.0039000000000000007,0.0,-0.0038999999999999035,0.005515432893255003,idle,na,na,20260810_141717,True
1507772,0.0156,0.0195,0.9126,1507.772,500000,-0.0039000000000000007,-0.0039000000000000007,0.0039000000000000146,0.006754998149518631,idle,na,na,20260810_141717,True
1510260,0.0195,0.0234,0.9126,1510.26,500000,0.0,0.0,0.0039000000000000146,0.0039000000000000146,idle,na,na,20260810_141717,True
1512750,0.0234,0.0195,0.9087,1512.75,500000,0.0039000000000000007,-0.0039000000000000007,0.0,0.005515432893255071,idle,na,na,20260810_141717,True
1515277,0.0234,0.0273,0.9048,1515.277,500000,0.0039000000000000007,0.0039000000000000007,-0.0038999999999999035,0.006754998149518567,idle,na,na,20260810_141717,True
1517756,0.0195,0.0234,0.9009,1517.756,500000,0.0,0.0,-0.007799999999999918,0.007799999999999918,idle,na,na,20260810_141717,True
1520268,0.0195,0.0234,0.9009,1520.268,500000,0.0,0.0,-0.007799999999999918,0.007799999999999918,idle,na,na,20260810_141717,True
1522761,0.0195,0.0234,0.9009,1522.761,500000,0.0,0.0,-0.007799999999999918,0.007799999999999918,idle,na,na,20260810_141717,True
1525259,0.0156,0.0273,0.9165,1525.259,500000,-0.0039000000000000007,0.0039000000000000007,0.007800000000000029,0.00955300999685442,idle,na,na,20260810_141717,True
1527762,0.0273,0.0234,0.9126,1527.762,500000,0.007800000000000001,0.0,0.0039000000000000146,0.008720665112249188,idle,na,na,20260810_141717,True
1530275,0.0195,0.0312,0.9165,1530.275,500000,0.0,0.007799999999999998,0.007800000000000029,0.01103086578651016,idle,na,na,20260810_141717,True
1532767,0.0195,0.0234,0.9165,1532.767,500000,0.0,0.0,0.007800000000000029,0.007800000000000029,idle,na,na,20260810_141717,True
1535268,0.0156,0.0156,0.9126,1535.268,500000,-0.0039000000000000007,-0.007800000000000001,0.0039000000000000146,0.009553009996854402,idle,na,na,20260810_141717,True
1537768,0.0234,0.0234,0.9165,1537.768,500000,0.0039000000000000007,0.0,0.007800000000000029,0.008720665112249207,idle,na,na,20260810_141717,True
1540277,0.0195,0.0273,0.9087,1540.277,500000,0.0,0.0039000000000000007,0.0,0.0039000000000000007,idle,na,na,20260810_141717,True
1542766,0.0195,0.0351,0.9009,1542.766,500000,0.0,0.011699999999999999,-0.007799999999999918,0.014061649974309512,idle,na,na,20260810_141717,True
1545262,0.0273,0.0273,0.9165,1545.262,500000,0.007800000000000001,0.0039000000000000007,0.007800000000000029,0.011700000000000021,idle,na,na,20260810_141717,True
1547765,0.0234,0.0273,0.9087,1547.765,500000,0.0039000000000000007,0.0039000000000000007,0.0,0.005515432893255071,idle,na,na,20260810_141717,True
1550280,0.0195,0.0351,0.9126,1550.28,500000,0.0,0.011699999999999999,0.0039000000000000146,0.012332882874656684,idle,na,na,20260810_141717,True
1552763,0.0195,0.0234,0.9243,1552.763,500000,0.0,0.0,0.015600000000000058,0.015600000000000058,idle,na,na,20260810_141717,True
1555279,0.0234,0.0195,0.9087,1555.279,500000,0.0039000000000000007,-0.0039000000000000007,0.0,0.005515432893255071,idle,na,na,20260810_141717,True
1557760,0.0195,0.0234,0.9087,1557.76,500000,0.0,0.0,0.0,0.0,idle,na,na,20260810_141717,True
1560254,0.0195,0.0234,0.9087,1560.254,500000,0.0,0.0,0.0,0.0,idle,na,na,20260810_141717,True
1562773,0.0195,0.0273,0.9048,1562.773,500000,0.0,0.0039000000000000007,-0.0038999999999999035,0.005515432893255003,idle,na,na,20260810_141717,True
1565270,0.0156,0.0195,0.9165,1565.27,500000,-0.0039000000000000007,-0.0039000000000000007,0.007800000000000029,0.00955300999685442,idle,na,na,20260810_141717,True
1567773,0.0156,0.0312,0.9048,1567.773,500000,-0.0039000000000000007,0.007799999999999998,-0.0038999999999999035,0.009553009996854354,idle,na,na,20260810_141717,True
1570254,0.0195,0.0273,0.9126,1570.254,500000,0.0,0.0039000000000000007,0.0039000000000000146,0.005515432893255082,idle,na,na,20260810_141717,True
1572771,0.0156,0.0273,0.9087,1572.771,500000,-0.0039000000000000007,0.0039000000000000007,0.0,0.005515432893255071,idle,na,na,20260810_141717,True
1575267,0.0117,0.0234,0.9126,1575.267,500000,-0.0078,0.0,0.0039000000000000146,0.008720665112249186,idle,na,na,20260810_141717,True
1577771,0.0156,0.0273,0.9009,1577.771,500000,-0.0039000000000000007,0.0039000000000000007,-0.007799999999999918,0.009553009996854328,idle,na,na,20260810_141717,True
1580255,0.0234,0.0195,0.9087,1580.255,500000,0.0039000000000000007,-0.0039000000000000007,0.0,0.005515432893255071,idle,na,na,20260810_141717,True
1582774,0.0234,0.0195,0.9048,1582.774,500000,0.0039000000000000007,-0.0039000000000000007,-0.0038999999999999035,0.006754998149518567,idle,na,na,20260810_141717,True
1585275,0.0234,0.0234,0.9126,1585.275,500000,0.0039000000000000007,0.0,0.0039000000000000146,0.005515432893255082,idle,na,na,20260810_141717,True
1587777,0.0195,0.0195,0.9126,1587.777,500000,0.0,-0.0039000000000000007,0.0039000000000000146,0.005515432893255082,idle,na,na,20260810_141717,True
1590273,0.0195,0.0273,0.9087,1590.273,500000,0.0,0.0039000000000000007,0.0,0.0039000000000000007,idle,na,na,20260810_141717,True
1592767,0.0156,0.0234,0.9048,1592.767,500000,-0.0039000000000000007,0.0,-0.0038999999999999035,0.005515432893255003,idle,na,na,20260810_141717,True
1595270,0.0234,0.0195,0.9048,1595.27,500000,0.0039000000000000007,-0.0039000000000000007,-0.0038999999999999035,0.006754998149518567,idle,na,na,20260810_141717,True
1597780,0.0156,0.0273,0.9009,1597.78,500000,-0.0039000000000000007,0.0039000000000000007,-0.007799999999999918,0.009553009996854328,idle,na,na,20260810_141717,True
1600265,0.0156,0.0234,0.9087,1600.265,500000,-0.0039000000000000007,0.0,0.0,0.0039000000000000007,idle,na,na,20260810_141717,True
1602777,0.0195,0.0195,0.9009,1602.777,500000,0.0,-0.0039000000000000007,-0.007799999999999918,0.008720665112249107,idle,na,na,20260810_141717,True
1605275,0.0156,0.0273,0.9048,1605.275,500000,-0.0039000000000000007,0.0039000000000000007,-0.0038999999999999035,0.006754998149518567,idle,na,na,20260810_141717,True
1607752,0.0156,0.0234,0.9048,1607.752,500000,-0.0039000000000000007,0.0,-0.0038999999999999035,0.005515432893255003,idle,na,na,20260810_141717,True
1610274,0.0273,0.0156,0.9165,1610.274,500000,0.007800000000000001,-0.007800000000000001,0.007800000000000029,0.013509996299037262,idle,na,na,20260810_141717,True
1612766,0.0195,0.0234,0.9048,1612.766,500000,0.0,0.0,-0.0038999999999999035,0.0038999999999999035,idle,na,na,20260810_141717,True
1615261,0.0195,0.0156,0.9126,1615.261,500000,0.0,-0.007800000000000001,0.0039000000000000146,0.008720665112249188,idle,na,na,20260810_141717,True
1617764,0.0156,0.0234,0.9009,1617.764,500000,-0.0039000000000000007,0.0,-0.007799999999999918,0.008720665112249107,idle,na,na,20260810_141717,True
1620262,0.0156,0.0273,0.9048,1620.262,500000,-0.0039000000000000007,0.0039000000000000007,-0.0038999999999999035,0.006754998149518567,idle,na,na,20260810_141717,True
1622779,0.0156,0.0273,0.9009,1622.779,500000,-0.0039000000000000007,0.0039000000000000007,-0.007799999999999918,0.009553009996854328,idle,na,na,20260810_141717,True
1625250,0.0234,0.0195,0.9087,1625.25,500000,0.0039000000000000007,-0.0039000000000000007,0.0,0.005515432893255071,idle,na,na,20260810_141717,True
1627758,0.0234,0.0195,0.9087,1627.758,500000,0.0039000000000000007,-0.0039000000000000007,0.0,0.005515432893255071,idle,na,na,20260810_141717,True
1630272,0.0156,0.0234,0.9087,1630.272,500000,-0.0039000000000000007,0.0,0.0,0.0039000000000000007,idle,na,na,20260810_141717,True
1632764,0.0156,0.0234,0.9126,1632.764,500000,-0.0039000000000000007,0.0,0.0039000000000000146,0.005515432893255082,idle,na,na,20260810_141717,True
1635263,0.0156,0.0312,0.9126,1635.263,500000,-0.0039000000000000007,0.007799999999999998,0.0039000000000000146,0.0095530099968544,idle,na,na,20260810_141717,True
1637775,0.0117,0.0234,0.9087,1637.775,500000,-0.0078,0.0,0.0,0.0078,idle,na,na,20260810_141717,True
1640279,0.0195,0.0195,0.9126,1640.279,500000,0.0,-0.0039000000000000007,0.0039000000000000146,0.005515432893255082,idle,na,na,20260810_141717,True
1642765,0.0195,0.0156,0.9009,1642.765,500000,0.0,-0.007800000000000001,-0.007799999999999918,0.011030865786510084,idle,na,na,20260810_141717,True
1645262,0.0117,0.0312,0.9126,1645.262,500000,-0.0078,0.007799999999999998,0.0039000000000000146,0.011700000000000004,idle,na,na,20260810_141717,True
1647765,0.0156,0.0273,0.9126,1647.765,500000,-0.0039000000000000007,0.0039000000000000007,0.0039000000000000146,0.006754998149518631,idle,na,na,20260810_141717,True
1650250,0.0117,0.0195,0.9243,1650.25,500000,-0.0078,-0.0039000000000000007,0.015600000000000058,0.017872045210327828,idle,na,na,20260810_141717,True
1652767,0.0195,0.0273,0.9165,1652.767,500000,0.0,0.0039000000000000007,0.007800000000000029,0.008720665112249207,idle,na,na,20260810_141717,True
1655264,0.0234,0.0195,0.9126,1655.264,500000,0.0039000000000000007,-0.0039000000000000007,0.0039000000000000146,0.006754998149518631,idle,na,na,20260810_141717,True
1657767,0.0156,0.0195,0.9009,1657.767,500000,-0.0039000000000000007,-0.0039000000000000007,-0.007799999999999918,0.009553009996854328,idle,na,na,20260810_141717,True
1660255,0.0195,0.0234,0.9048,1660.255,500000,0.0,0.0,-0.0038999999999999035,0.0038999999999999035,idle,na,na,20260810_141717,True
1662771,0.0234,0.0234,0.897,1662.771,500000,0.0039000000000000007,0.0,-0.011699999999999933,0.012332882874656616,idle,na,na,20260810_141717,True
1665271,0.0195,0.0273,0.9126,1665.271,500000,0.0,0.0039000000000000007,0.0039000000000000146,0.005515432893255082,idle,na,na,20260810_141717,True
1667775,0.0195,0.0273,0.9126,1667.775,500000,0.0,0.0039000000000000007,0.0039000000000000146,0.005515432893255082,idle,na,na,20260810_141717,True
1670256,0.0234,0.0234,0.9126,1670.256,500000,0.0039000000000000007,0.0,0.0039000000000000146,0.005515432893255082,idle,na,na,20260810_141717,True
1672778,0.0195,0.0234,0.9087,1672.778,500000,0.0,0.0,0.0,0.0,idle,na,na,20260810_141717,True
1675276,0.0156,0.0273,0.9048,1675.276,500000,-0.0039000000000000007,0.0039000000000000007,-0.0038999999999999035,0.006754998149518567,idle,na,na,20260810_141717,True
1677754,0.0156,0.0195,0.9165,1677.754,500000,-0.0039000000000000007,-0.0039000000000000007,0.007800000000000029,0.00955300999685442,idle,na,na,20260810_141717,True
1680267,0.0156,0.0234,0.9087,1680.267,500000,-0.0039000000000000007,0.0,0.0,0.0039000000000000007,idle,na,na,20260810_141717,True
1682766,0.0117,0.0273,0.9087,1682.766,500000,-0.0078,0.0039000000000000007,0.0,0.00872066511224918,idle,na,na,20260810_141717,True
1685280,0.0156,0.0195,0.9087,1685.28,500000,-0.0039000000000000007,-0.0039000000000000007,0.0,0.005515432893255071,idle,na,na,20260810_141717,True
1687760,0.0234,0.0234,0.9126,1687.76,500000,0.0039000000000000007,0.0,0.0039000000000000146,0.005515432893255082,idle,na,na,20260810_141717,True
1690264,0.0078,0.0156,0.9165,1690.264,500000,-0.0117,-0.007800000000000001,0.007800000000000029,0.01608011193990889,idle,na,na,20260810_141717,True
1692770,0.0156,0.0273,0.9165,1692.77,500000,-0.0039000000000000007,0.0039000000000000007,0.007800000000000029,0.00955300999685442,idle,na,na,20260810_141717,True
1695271,0.0195,0.0273,0.9126,1695.271,500000,0.0,0.0039000000000000007,0.0039000000000000146,0.005515432893255082,idle,na,na,20260810_141717,True
1697775,0.0117,0.0273,0.9087,1697.775,500000,-0.0078,0.0039000000000000007,0.0,0.00872066511224918,idle,na,na,20260810_141717,True
1700275,0.0156,0.0312,0.9126,1700.275,500000,-0.0039000000000000007,0.007799999999999998,0.0039000000000000146,0.0095530099968544,idle,na,na,20260810_141717,True
1702766,0.0078,0.0312,0.9165,1702.766,500000,-0.0117,0.007799999999999998,0.007800000000000029,0.016080111939908888,idle,na,na,20260810_141717,True
1705262,0.0156,0.0234,0.9048,1705.262,500000,-0.0039000000000000007,0.0,-0.0038999999999999035,0.005515432893255003,idle,na,na,20260810_141717,True
1707765,0.0117,0.039,0.9126,1707.765,500000,-0.0078,0.0156,0.0039000000000000146,0.01787204521032778,idle,na,na,20260810_141717,True
1710252,0.0273,0.0195,0.9048,1710.252,500000,0.007800000000000001,-0.0039000000000000007,-0.0038999999999999035,0.009553009996854357,idle,na,na,20260810_141717,True
1712770,0.0195,0.0234,0.9126,1712.77,500000,0.0,0.0,0.0039000000000000146,0.0039000000000000146,idle,na,na,20260810_141717,True
1715267,0.0195,0.0234,0.9087,1715.267,500000,0.0,0.0,0.0,0.0,idle,na,na,20260810_141717,True
1717771,0.0156,0.0234,0.9087,1717.771,500000,-0.0039000000000000007,0.0,0.0,0.0039000000000000007,idle,na,na,20260810_141717,True
1720255,0.0234,0.0234,0.9087,1720.255,500000,0.0039000000000000007,0.0,0.0,0.0039000000000000007,idle,na,na,20260810_141717,True
1722778,0.0195,0.0195,0.9087,1722.778,500000,0.0,-0.0039000000000000007,0.0,0.0039000000000000007,idle,na,na,20260810_141717,True
1725278,0.0234,0.0117,0.9048,1725.278,500000,0.0039000000000000007,-0.0117,-0.0038999999999999035,0.012934836682386031,idle,na,na,20260810_141717,True
1727756,0.0195,0.0234,0.9165,1727.756,500000,0.0,0.0,0.007800000000000029,0.007800000000000029,idle,na,na,20260810_141717,True
1730268,0.0195,0.0273,0.9126,1730.268,500000,0.0,0.0039000000000000007,0.0039000000000000146,0.005515432893255082,idle,na,na,20260810_141717,True
1732760,0.0195,0.0273,0.9126,1732.76,500000,0.0,0.0039000000000000007,0.0039000000000000146,0.005515432893255082,idle,na,na,20260810_141717,True
1735262,0.0195,0.0273,0.9126,1735.262,500000,0.0,0.0039000000000000007,0.0039000000000000146,0.005515432893255082,idle,na,na,20260810_141717,True
1737765,0.0195,0.0273,0.9165,1737.765,500000,0.0,0.0039000000000000007,0.007800000000000029,0.008720665112249207,idle,na,na,20260810_141717,True
1740270,0.0117,0.0234,0.9126,1740.27,500000,-0.0078,0.0,0.0039000000000000146,0.008720665112249186,idle,na,na,20260810_141717,True
1742764,0.0117,0.0273,0.9126,1742.764,500000,-0.0078,0.0039000000000000007,0.0039000000000000146,0.0095530099968544,idle,na,na,20260810_141717,True
1745261,0.0156,0.0273,0.9165,1745.261,500000,-0.0039000000000000007,0.0039000000000000007,0.007800000000000029,0.00955300999685442,idle,na,na,20260810_141717,True
1747765,0.0195,0.0195,0.9087,1747.765,500000,0.0,-0.0039000000000000007,0.0,0.0039000000000000007,idle,na,na,20260810_141717,True
1750258,0.0156,0.0273,0.9165,1750.258,500000,-0.0039000000000000007,0.0039000000000000007,0.007800000000000029,0.00955300999685442,idle,na,na,20260810_141717,True
1752778,0.0312,0.0234,0.9087,1752.778,500000,0.011699999999999999,0.0,0.0,0.011699999999999999,idle,na,na,20260810_141717,True
1755276,0.0312,0.0195,0.9165,1755.276,500000,0.011699999999999999,-0.0039000000000000007,0.007800000000000029,0.014592463808418386,idle,na,na,20260810_141717,True
1757779,0.0234,0.0234,0.9048,1757.779,500000,0.0039000000000000007,0.0,-0.0038999999999999035,0.005515432893255003,idle,na,na,20260810_141717,True
1760273,0.0117,0.0273,0.9009,1760.273,500000,-0.0078,0.0039000000000000007,-0.007799999999999918,0.011699999999999945,idle,na,na,20260810_141717,True
1762765,0.0195,0.0351,0.9087,1762.765,500000,0.0,0.011699999999999999,0.0,0.011699999999999999,idle,na,na,20260810_141717,True
1765262,0.0195,0.0273,0.9282,1765.262,500000,0.0,0.0039000000000000007,0.019500000000000073,0.01988617610301193,idle,na,na,20260810_141717,True
1767765,0.0273,0.0234,0.9204,1767.765,500000,0.007800000000000001,0.0,0.011700000000000044,0.014061649974309596,idle,na,na,20260810_141717,True
1770278,0.0234,0.0234,0.9087,1770.278,500000,0.0039000000000000007,0.0,0.0,0.0039000000000000007,idle,na,na,20260810_141717,True
1772765,0.0234,0.0351,0.9048,1772.765,500000,0.0039000000000000007,0.011699999999999999,-0.0038999999999999035,0.01293483668238603,idle,na,na,20260810_141717,True
1775262,0.0156,0.0273,0.9126,1775.262,500000,-0.0039000000000000007,0.0039000000000000007,0.0039000000000000146,0.006754998149518631,idle,na,na,20260810_141717,True
1777765,0.0195,0.0195,0.9048,1777.765,500000,0.0,-0.0039000000000000007,-0.0038999999999999035,0.005515432893255003,idle,na,na,20260810_141717,True
1780278,0.0195,0.0312,0.9048,1780.278,500000,0.0,0.007799999999999998,-0.0038999999999999035,0.008720665112249134,idle,na,na,20260810_141717,True
1782764,0.0117,0.0312,0.9087,1782.764,500000,-0.0078,0.007799999999999998,0.0,0.011030865786510139,idle,na,na,20260810_141717,True
1785270,0.0156,0.0156,0.9126,1785.27,500000,-0.0039000000000000007,-0.007800000000000001,0.0039000000000000146,0.009553009996854402,idle,na,na,20260810_141717,True
1787766,0.0156,0.0273,0.9126,1787.766,500000,-0.0039000000000000007,0.0039000000000000007,0.0039000000000000146,0.006754998149518631,idle,na,na,20260810_141717,True
1790259,0.0195,0.0273,0.9126,1790.259,500000,0.0,0.0039000000000000007,0.0039000000000000146,0.005515432893255082,idle,na,na,20260810_141717,True
1792768,0.0273,0.0195,0.9087,1792.768,500000,0.007800000000000001,-0.0039000000000000007,0.0,0.008720665112249181,idle,na,na,20260810_141717,True
1795270,0.0195,0.0234,0.9165,1795.27,500000,0.0,0.0,0.007800000000000029,0.007800000000000029,idle,na,na,20260810_141717,True
1797772,0.0156,0.0195,0.9126,1797.772,500000,-0.0039000000000000007,-0.0039000000000000007,0.0039000000000000146,0.006754998149518631,idle,na,na,20260810_141717,True
1800729,0.0117,0.0234,0.9087,1800.729,500000,-0.0078,0.0,0.0,0.0078,idle,na,na,20260810_141717,True
1802756,0.0195,0.0234,0.9009,1802.756,500000,0.0,0.0,-0.007799999999999918,0.007799999999999918,idle,na,na,20260810_141717,True
1805255,0.0234,0.0234,0.9087,1805.255,500000,0.0039000000000000007,0.0,0.0,0.0039000000000000007,idle,na,na,20260810_141717,True
1807763,0.0156,0.0273,0.9087,1807.763,500000,-0.0039000000000000007,0.0039000000000000007,0.0,0.005515432893255071,idle,na,na,20260810_141717,True
1810280,0.0078,0.0195,0.9048,1810.28,500000,-0.0117,-0.0039000000000000007,-0.0038999999999999035,0.012934836682386031,idle,na,na,20260810_141717,True
1812769,0.0117,0.0273,0.9165,1812.769,500000,-0.0078,0.0039000000000000007,0.007800000000000029,0.01170000000000002,idle,na,na,20260810_141717,True
1815261,0.0117,0.0351,0.9048,1815.261,500000,-0.0078,0.011699999999999999,-0.0038999999999999035,0.014592463808418344,idle,na,na,20260810_141717,True
1817777,0.0156,0.0273,0.9087,1817.777,500000,-0.0039000000000000007,0.0039000000000000007,0.0,0.005515432893255071,idle,na,na,20260810_141717,True
1820264,0.0195,0.0273,0.9126,1820.264,500000,0.0,0.0039000000000000007,0.0039000000000000146,0.005515432893255082,idle,na,na,20260810_141717,True
1822760,0.0195,0.0195,0.9087,1822.76,500000,0.0,-0.0039000000000000007,0.0,0.0039000000000000007,idle,na,na,20260810_141717,True
1825253,0.0273,0.0195,0.9126,1825.253,500000,0.007800000000000001,-0.0039000000000000007,0.0039000000000000146,0.009553009996854402,idle,na,na,20260810_141717,True
1827764,0.0195,0.0156,0.9243,1827.764,500000,0.0,-0.007800000000000001,0.015600000000000058,0.017441330224498414,idle,na,na,20260810_141717,True
1830272,0.0234,0.0195,0.9048,1830.272,500000,0.0039000000000000007,-0.0039000000000000007,-0.0038999999999999035,0.006754998149518567,idle,na,na,20260810_141717,True
1832763,0.0156,0.0156,0.9126,1832.763,500000,-0.0039000000000000007,-0.007800000000000001,0.0039000000000000146,0.009553009996854402,idle,na,na,20260810_141717,True
1835258,0.0117,0.0234,0.9126,1835.258,500000,-0.0078,0.0,0.0039000000000000146,0.008720665112249186,idle,na,na,20260810_141717,True
1837764,0.0156,0.0273,0.9165,1837.764,500000,-0.0039000000000000007,0.0039000000000000007,0.007800000000000029,0.00955300999685442,idle,na,na,20260810_141717,True
1840271,0.0156,0.0273,0.9165,1840.271,500000,-0.0039000000000000007,0.0039000000000000007,0.007800000000000029,0.00955300999685442,idle,na,na,20260810_141717,True
1842763,0.0156,0.0195,0.9204,1842.763,500000,-0.0039000000000000007,-0.0039000000000000007,0.011700000000000044,0.012934836682386099,idle,na,na,20260810_141717,True
1845256,0.0273,0.0234,0.9165,1845.256,500000,0.007800000000000001,0.0,0.007800000000000029,0.011030865786510163,idle,na,na,20260810_141717,True
1847764,0.0195,0.0273,0.9126,1847.764,500000,0.0,0.0039000000000000007,0.0039000000000000146,0.005515432893255082,idle,na,na,20260810_141717,True
1850272,0.0195,0.0273,0.9048,1850.272,500000,0.0,0.0039000000000000007,-0.0038999999999999035,0.005515432893255003,idle,na,na,20260810_141717,True
1852766,0.0234,0.0195,0.9087,1852.766,500000,0.0039000000000000007,-0.0039000000000000007,0.0,0.005515432893255071,idle,na,na,20260810_141717,True
1855258,0.0273,0.0234,0.9165,1855.258,500000,0.007800000000000001,0.0,0.007800000000000029,0.011030865786510163,idle,na,na,20260810_141717,True
1857760,0.0117,0.0234,0.9048,1857.76,500000,-0.0078,0.0,-0.0038999999999999035,0.008720665112249136,idle,na,na,20260810_141717,True
1860277,0.0156,0.0273,0.9126,1860.277,500000,-0.0039000000000000007,0.0039000000000000007,0.0039000000000000146,0.006754998149518631,idle,na,na,20260810_141717,True
1862768,0.0156,0.0273,0.9165,1862.768,500000,-0.0039000000000000007,0.0039000000000000007,0.007800000000000029,0.00955300999685442,idle,na,na,20260810_141717,True
1865261,0.0195,0.0234,0.9009,1865.261,500000,0.0,0.0,-0.007799999999999918,0.007799999999999918,idle,na,na,20260810_141717,True
1867767,0.0234,0.0273,0.9087,1867.767,500000,0.0039000000000000007,0.0039000000000000007,0.0,0.005515432893255071,idle,na,na,20260810_141717,True
1870274,0.0117,0.0312,0.9048,1870.274,500000,-0.0078,0.007799999999999998,-0.0038999999999999035,0.011699999999999966,idle,na,na,20260810_141717,True
1872767,0.0156,0.0234,0.9009,1872.767,500000,-0.0039000000000000007,0.0,-0.007799999999999918,0.008720665112249107,idle,na,na,20260810_141717,True
1875260,0.0156,0.0234,0.9126,1875.26,500000,-0.0039000000000000007,0.0,0.0039000000000000146,0.005515432893255082,idle,na,na,20260810_141717,True
1877764,0.0234,0.0156,0.9009,1877.764,500000,0.0039000000000000007,-0.007800000000000001,-0.007799999999999918,0.011699999999999947,idle,na,na,20260810_141717,True
1880270,0.0156,0.0273,0.9048,1880.27,500000,-0.0039000000000000007,0.0039000000000000007,-0.0038999999999999035,0.006754998149518567,idle,na,na,20260810_141717,True
1882773,0.0156,0.0312,0.9126,1882.773,500000,-0.0039000000000000007,0.007799999999999998,0.0039000000000000146,0.0095530099968544,idle,na,na,20260810_141717,True
1885275,0.0195,0.0195,0.9087,1885.275,500000,0.0,-0.0039000000000000007,0.0,0.0039000000000000007,idle,na,na,20260810_141717,True
1887779,0.0273,0.0195,0.9165,1887.779,500000,0.007800000000000001,-0.0039000000000000007,0.007800000000000029,0.011700000000000021,idle,na,na,20260810_141717,True
1890277,0.0195,0.0234,0.9048,1890.277,500000,0.0,0.0,-0.0038999999999999035,0.0038999999999999035,idle,na,na,20260810_141717,True
1892773,0.0156,0.0351,0.9126,1892.773,500000,-0.0039000000000000007,0.011699999999999999,0.0039000000000000146,0.012934836682386064,idle,na,na,20260810_141717,True
1895275,0.0156,0.0234,0.9048,1895.275,500000,-0.0039000000000000007,0.0,-0.0038999999999999035,0.005515432893255003,idle,na,na,20260810_141717,True
1897754,0.0117,0.0273,0.9204,1897.754,500000,-0.0078,0.0039000000000000007,0.011700000000000044,0.014592463808418407,idle,na,na,20260810_141717,True
1900272,0.0195,0.0195,0.9048,1900.272,500000,0.0,-0.0039000000000000007,-0.0038999999999999035,0.005515432893255003,idle,na,na,20260810_141717,True
1903137,0.0156,0.0234,0.9126,1903.137,500000,-0.0039000000000000007,0.0,0.0039000000000000146,0.005515432893255082,idle,na,na,20260810_141717,True
1905250,0.0195,0.0195,0.9048,1905.25,500000,0.0,-0.0039000000000000007,-0.0038999999999999035,0.005515432893255003,idle,na,na,20260810_141717,True
1907760,0.0117,0.0234,0.9126,1907.76,500000,-0.0078,0.0,0.0039000000000000146,0.008720665112249186,idle,na,na,20260810_141717,True
1910279,0.0234,0.0156,0.9087,1910.279,500000,0.0039000000000000007,-0.007800000000000001,0.0,0.008720665112249181,idle,na,na,20260810_141717,True
1912770,0.0117,0.0156,0.9048,1912.77,500000,-0.0078,-0.007800000000000001,-0.0038999999999999035,0.011699999999999969,idle,na,na,20260810_141717,True
1915263,0.0195,0.0234,0.9087,1915.263,500000,0.0,0.0,0.0,0.0,idle,na,na,20260810_141717,True
1917766,0.0195,0.0273,0.9165,1917.766,500000,0.0,0.0039000000000000007,0.007800000000000029,0.008720665112249207,idle,na,na,20260810_141717,True
1920276,0.0117,0.0273,0.9048,1920.276,500000,-0.0078,0.0039000000000000007,-0.0038999999999999035,0.009553009996854355,idle,na,na,20260810_141717,True
1922768,0.0195,0.0195,0.9165,1922.768,500000,0.0,-0.0039000000000000007,0.007800000000000029,0.008720665112249207,idle,na,na,20260810_141717,True
1925261,0.0156,0.0195,0.9126,1925.261,500000,-0.0039000000000000007,-0.0039000000000000007,0.0039000000000000146,0.006754998149518631,idle,na,na,20260810_141717,True
1927766,0.0117,0.0234,0.9087,1927.766,500000,-0.0078,0.0,0.0,0.0078,idle,na,na,20260810_141717,True
1930277,0.0234,0.0195,0.9048,1930.277,500000,0.0039000000000000007,-0.0039000000000000007,-0.0038999999999999035,0.006754998149518567,idle,na,na,20260810_141717,True
1932766,0.0195,0.0234,0.9126,1932.766,500000,0.0,0.0,0.0039000000000000146,0.0039000000000000146,idle,na,na,20260810_141717,True
1935263,0.0156,0.0234,0.9048,1935.263,500000,-0.0039000000000000007,0.0,-0.0038999999999999035,0.005515432893255003,idle,na,na,20260810_141717,True
1937765,0.0195,0.0195,0.9165,1937.765,500000,0.0,-0.0039000000000000007,0.007800000000000029,0.008720665112249207,idle,na,na,20260810_141717,True
1940274,0.0117,0.0195,0.9126,1940.274,500000,-0.0078,-0.0039000000000000007,0.0039000000000000146,0.0095530099968544,idle,na,na,20260810_141717,True
1942766,0.0156,0.0273,0.9126,1942.766,500000,-0.0039000000000000007,0.0039000000000000007,0.0039000000000000146,0.006754998149518631,idle,na,na,20260810_141717,True
1945259,0.0156,0.0273,0.9126,1945.259,500000,-0.0039000000000000007,0.0039000000000000007,0.0039000000000000146,0.006754998149518631,idle,na,na,20260810_141717,True
1947776,0.0195,0.0156,0.9165,1947.776,500000,0.0,-0.007800000000000001,0.007800000000000029,0.011030865786510163,idle,na,na,20260810_141717,True
1950266,0.0234,0.0195,0.9048,1950.266,500000,0.0039000000000000007,-0.0039000000000000007,-0.0038999999999999035,0.006754998149518567,idle,na,na,20260810_141717,True
1952754,0.0156,0.0234,0.9087,1952.754,500000,-0.0039000000000000007,0.0,0.0,0.0039000000000000007,idle,na,na,20260810_141717,True
1955277,0.0117,0.0273,0.9165,1955.277,500000,-0.0078,0.0039000000000000007,0.007800000000000029,0.01170000000000002,idle,na,na,20260810_141717,True
1957780,0.0195,0.0273,0.9165,1957.78,500000,0.0,0.0039000000000000007,0.007800000000000029,0.008720665112249207,idle,na,na,20260810_141717,True
1960266,0.0195,0.0273,0.9165,1960.266,500000,0.0,0.0039000000000000007,0.007800000000000029,0.008720665112249207,idle,na,na,20260810_141717,True
1962763,0.0117,0.0234,0.9126,1962.763,500000,-0.0078,0.0,0.0039000000000000146,0.008720665112249186,idle,na,na,20260810_141717,True
1965258,0.0234,0.0234,0.9048,1965.258,500000,0.0039000000000000007,0.0,-0.0038999999999999035,0.005515432893255003,idle,na,na,20260810_141717,True
1967762,0.0195,0.0195,0.9087,1967.762,500000,0.0,-0.0039000000000000007,0.0,0.0039000000000000007,idle,na,na,20260810_141717,True
1970269,0.0156,0.0273,0.9087,1970.269,500000,-0.0039000000000000007,0.0039000000000000007,0.0,0.005515432893255071,idle,na,na,20260810_141717,True
1972760,0.0156,0.0273,0.9087,1972.76,500000,-0.0039000000000000007,0.0039000000000000007,0.0,0.005515432893255071,idle,na,na,20260810_141717,True
1975254,0.0195,0.0234,0.9126,1975.254,500000,0.0,0.0,0.0039000000000000146,0.0039000000000000146,idle,na,na,20260810_141717,True
1977762,0.0234,0.0234,0.9087,1977.762,500000,0.0039000000000000007,0.0,0.0,0.0039000000000000007,idle,na,na,20260810_141717,True
1980270,0.0156,0.0312,0.9126,1980.27,500000,-0.0039000000000000007,0.007799999999999998,0.0039000000000000146,0.0095530099968544,idle,na,na,20260810_141717,True
1982766,0.0117,0.0195,0.9087,1982.766,500000,-0.0078,-0.0039000000000000007,0.0,0.00872066511224918,idle,na,na,20260810_141717,True
1985262,0.0156,0.0234,0.9009,1985.262,500000,-0.0039000000000000007,0.0,-0.007799999999999918,0.008720665112249107,idle,na,na,20260810_141717,True
1987753,0.0195,0.0195,0.9204,1987.753,500000,0.0,-0.0039000000000000007,0.011700000000000044,0.012332882874656722,idle,na,na,20260810_141717,True
1990278,0.0195,0.0195,0.9009,1990.278,500000,0.0,-0.0039000000000000007,-0.007799999999999918,0.008720665112249107,idle,na,na,20260810_141717,True
1992771,0.0156,0.0312,0.9048,1992.771,500000,-0.0039000000000000007,0.007799999999999998,-0.0038999999999999035,0.009553009996854354,idle,na,na,20260810_141717,True
1995275,0.0156,0.0234,0.9048,1995.275,500000,-0.0039000000000000007,0.0,-0.0038999999999999035,0.005515432893255003,idle,na,na,20260810_141717,True
1997755,0.0195,0.0234,0.9087,1997.755,500000,0.0,0.0,0.0,0.0,idle,na,na,20260810_141717,True
2000275,0.0156,0.0234,0.9048,2000.275,500000,-0.0039000000000000007,0.0,-0.0038999999999999035,0.005515432893255003,idle,na,na,20260810_141717,True
2002761,0.0039,0.0234,0.9126,2002.761,500000,-0.0156,0.0,0.0039000000000000146,0.016080111939908878,idle,na,na,20260810_141717,True
2005541,0.0156,0.0234,0.9204,2005.541,500000,-0.0039000000000000007,0.0,0.011700000000000044,0.012332882874656722,idle,na,na,20260810_141717,True
2007760,0.0195,0.0273,0.9087,2007.76,500000,0.0,0.0039000000000000007,0.0,0.0039000000000000007,idle,na,na,20260810_141717,True
2010252,0.0156,0.0195,0.9126,2010.252,500000,-0.0039000000000000007,-0.0039000000000000007,0.0039000000000000146,0.006754998149518631,idle,na,na,20260810_141717,True
2012752,0.0117,0.0234,0.9126,2012.752,500000,-0.0078,0.0,0.0039000000000000146,0.008720665112249186,idle,na,na,20260810_141717,True
2015253,0.0195,0.0195,0.9087,2015.253,500000,0.0,-0.0039000000000000007,0.0,0.0039000000000000007,idle,na,na,20260810_141717,True
2017762,0.0195,0.0195,0.9126,2017.762,500000,0.0,-0.0039000000000000007,0.0039000000000000146,0.005515432893255082,idle,na,na,20260810_141717,True
2020278,0.0156,0.0195,0.9048,2020.278,500000,-0.0039000000000000007,-0.0039000000000000007,-0.0038999999999999035,0.006754998149518567,idle,na,na,20260810_141717,True
2022765,0.0234,0.0273,0.9087,2022.765,500000,0.0039000000000000007,0.0039000000000000007,0.0,0.005515432893255071,idle,na,na,20260810_141717,True
2025263,0.0234,0.0234,0.9048,2025.263,500000,0.0039000000000000007,0.0,-0.0038999999999999035,0.005515432893255003,idle,na,na,20260810_141717,True
2027766,0.0156,0.0195,0.9009,2027.766,500000,-0.0039000000000000007,-0.0039000000000000007,-0.007799999999999918,0.009553009996854328,idle,na,na,20260810_141717,True
2030276,0.0234,0.0234,0.9165,2030.276,500000,0.0039000000000000007,0.0,0.007800000000000029,0.008720665112249207,idle,na,na,20260810_141717,True
2032769,0.0273,0.0234,0.9009,2032.769,500000,0.007800000000000001,0.0,-0.007799999999999918,0.011030865786510084,idle,na,na,20260810_141717,True
2035269,0.0234,0.0234,0.9126,2035.269,500000,0.0039000000000000007,0.0,0.0039000000000000146,0.005515432893255082,idle,na,na,20260810_141717,True
2037770,0.0234,0.0273,0.9048,2037.77,500000,0.0039000000000000007,0.0039000000000000007,-0.0038999999999999035,0.006754998149518567,idle,na,na,20260810_141717,True
2040279,0.0117,0.0195,0.9165,2040.279,500000,-0.0078,-0.0039000000000000007,0.007800000000000029,0.01170000000000002,idle,na,na,20260810_141717,True
2042767,0.0078,0.0195,0.9048,2042.767,500000,-0.0117,-0.0039000000000000007,-0.0038999999999999035,0.012934836682386031,idle,na,na,20260810_141717,True
2045262,0.0156,0.0273,0.9126,2045.262,500000,-0.0039000000000000007,0.0039000000000000007,0.0039000000000000146,0.006754998149518631,idle,na,na,20260810_141717,True
2047768,0.0195,0.0156,0.9165,2047.768,500000,0.0,-0.007800000000000001,0.007800000000000029,0.011030865786510163,idle,na,na,20260810_141717,True
2050279,0.0117,0.0234,0.9087,2050.279,500000,-0.0078,0.0,0.0,0.0078,idle,na,na,20260810_141717,True
2052767,0.0117,0.0234,0.9087,2052.767,500000,-0.0078,0.0,0.0,0.0078,idle,na,na,20260810_141717,True
2055264,0.0195,0.0273,0.9087,2055.264,500000,0.0,0.0039000000000000007,0.0,0.0039000000000000007,idle,na,na,20260810_141717,True
2057768,0.0117,0.0234,0.9048,2057.768,500000,-0.0078,0.0,-0.0038999999999999035,0.008720665112249136,idle,na,na,20260810_141717,True
2060256,0.0117,0.0234,0.9204,2060.256,500000,-0.0078,0.0,0.011700000000000044,0.014061649974309594,idle,na,na,20260810_141717,True
2062774,0.0234,0.0273,0.9126,2062.774,500000,0.0039000000000000007,0.0039000000000000007,0.0039000000000000146,0.006754998149518631,idle,na,na,20260810_141717,True
2065268,0.0195,0.0234,0.9048,2065.268,500000,0.0,0.0,-0.0038999999999999035,0.0038999999999999035,idle,na,na,20260810_141717,True
2067771,0.0195,0.0195,0.9204,2067.771,500000,0.0,-0.0039000000000000007,0.011700000000000044,0.012332882874656722,idle,na,na,20260810_141717,True
2070280,0.0117,0.0273,0.9165,2070.28,500000,-0.0078,0.0039000000000000007,0.007800000000000029,0.01170000000000002,idle,na,na,20260810_141717,True
2072758,0.0156,0.0195,0.9087,2072.758,500000,-0.0039000000000000007,-0.0039000000000000007,0.0,0.005515432893255071,idle,na,na,20260810_141717,True
2075263,0.0039,0.0273,0.9126,2075.263,500000,-0.0156,0.0039000000000000007,0.0039000000000000146,0.016546298679765214,idle,na,na,20260810_141717,True
2077752,0.0195,0.0312,0.9126,2077.752,500000,0.0,0.007799999999999998,0.0039000000000000146,0.008720665112249185,idle,na,na,20260810_141717,True
2080276,0.0195,0.0273,0.9165,2080.276,500000,0.0,0.0039000000000000007,0.007800000000000029,0.008720665112249207,idle,na,na,20260810_141717,True
2082766,0.0273,0.0117,0.9126,2082.766,500000,0.007800000000000001,-0.0117,0.0039000000000000146,0.014592463808418376,idle,na,na,20260810_141717,True
2085259,0.0195,0.0312,0.9087,2085.259,500000,0.0,0.007799999999999998,0.0,0.007799999999999998,idle,na,na,20260810_141717,True
2087752,0.0234,0.0117,0.897,2087.752,500000,0.0039000000000000007,-0.0117,-0.011699999999999933,0.01699970587980858,idle,na,na,20260810_141717,True
2090254,0.0156,0.0234,0.9009,2090.254,500000,-0.0039000000000000007,0.0,-0.007799999999999918,0.008720665112249107,idle,na,na,20260810_141717,True
2092770,0.0117,0.0195,0.9048,2092.77,500000,-0.0078,-0.0039000000000000007,-0.0038999999999999035,0.009553009996854355,idle,na,na,20260810_141717,True
2095270,0.0117,0.0273,0.9126,2095.27,500000,-0.0078,0.0039000000000000007,0.0039000000000000146,0.0095530099968544,idle,na,na,20260810_141717,True
2097774,0.0078,0.0273,0.9048,2097.774,500000,-0.0117,0.0039000000000000007,-0.0038999999999999035,0.012934836682386031,idle,na,na,20260810_141717,True
2100263,0.0195,0.0234,0.9126,2100.263,500000,0.0,0.0,0.0039000000000000146,0.0039000000000000146,idle,na,na,20260810_141717,True
2102750,0.0195,0.0273,0.9126,2102.75,500000,0.0,0.0039000000000000007,0.0039000000000000146,0.005515432893255082,idle,na,na,20260810_141717,True
2105280,0.0234,0.0234,0.9087,2105.28,500000,0.0039000000000000007,0.0,0.0,0.0039000000000000007,idle,na,na,20260810_141717,True
2107972,0.0195,0.0234,0.9087,2107.972,500000,0.0,0.0,0.0,0.0,idle,na,na,20260810_141717,True
2110257,0.0156,0.0234,0.9126,2110.257,500000,-0.0039000000000000007,0.0,0.0039000000000000146,0.005515432893255082,idle,na,na,20260810_141717,True
2112751,0.0195,0.0234,0.9087,2112.751,500000,0.0,0.0,0.0,0.0,idle,na,na,20260810_141717,True
2115280,0.0156,0.0156,0.9126,2115.28,500000,-0.0039000000000000007,-0.007800000000000001,0.0039000000000000146,0.009553009996854402,idle,na,na,20260810_141717,True
2117757,0.0234,0.0234,0.9087,2117.757,500000,0.0039000000000000007,0.0,0.0,0.0039000000000000007,idle,na,na,20260810_141717,True
2120270,0.0156,0.0273,0.9048,2120.27,500000,-0.0039000000000000007,0.0039000000000000007,-0.0038999999999999035,0.006754998149518567,idle,na,na,20260810_141717,True
2122753,0.0117,0.0312,0.9087,2122.753,500000,-0.0078,0.007799999999999998,0.0,0.011030865786510139,idle,na,na,20260810_141717,True
2125279,0.0195,0.0273,0.9126,2125.279,500000,0.0,0.0039000000000000007,0.0039000000000000146,0.005515432893255082,idle,na,na,20260810_141717,True
2127757,0.0117,0.0234,0.9087,2127.757,500000,-0.0078,0.0,0.0,0.0078,idle,na,na,20260810_141717,True
2130270,0.0156,0.0273,0.9087,2130.27,500000,-0.0039000000000000007,0.0039000000000000007,0.0,0.005515432893255071,idle,na,na,20260810_141717,True
2132753,0.0273,0.0156,0.9048,2132.753,500000,0.007800000000000001,-0.007800000000000001,-0.0038999999999999035,0.011699999999999969,idle,na,na,20260810_141717,True
2135252,0.0195,0.0195,0.9048,2135.252,500000,0.0,-0.0039000000000000007,-0.0038999999999999035,0.005515432893255003,idle,na,na,20260810_141717,True
2137766,0.0117,0.0312,0.9126,2137.766,500000,-0.0078,0.007799999999999998,0.0039000000000000146,0.011700000000000004,idle,na,na,20260810_141717,True
2140271,0.0156,0.0234,0.9048,2140.271,500000,-0.0039000000000000007,0.0,-0.0038999999999999035,0.005515432893255003,idle,na,na,20260810_141717,True
2142764,0.0195,0.0273,0.9048,2142.764,500000,0.0,0.0039000000000000007,-0.0038999999999999035,0.005515432893255003,idle,na,na,20260810_141717,True
2145269,0.0117,0.0195,0.9165,2145.269,500000,-0.0078,-0.0039000000000000007,0.007800000000000029,0.01170000000000002,idle,na,na,20260810_141717,True
2147773,0.0156,0.0312,0.9048,2147.773,500000,-0.0039000000000000007,0.007799999999999998,-0.0038999999999999035,0.009553009996854354,idle,na,na,20260810_141717,True
2150260,0.0156,0.0273,0.9087,2150.26,500000,-0.0039000000000000007,0.0039000000000000007,0.0,0.005515432893255071,idle,na,na,20260810_141717,True
2152775,0.0156,0.0273,0.9126,2152.775,500000,-0.0039000000000000007,0.0039000000000000007,0.0039000000000000146,0.006754998149518631,idle,na,na,20260810_141717,True
2155273,0.0156,0.0312,0.9204,2155.273,500000,-0.0039000000000000007,0.007799999999999998,0.011700000000000044,0.014592463808418405,idle,na,na,20260810_141717,True
2157776,0.0195,0.0156,0.9087,2157.776,500000,0.0,-0.007800000000000001,0.0,0.007800000000000001,idle,na,na,20260810_141717,True
2160266,0.0195,0.0156,0.9087,2160.266,500000,0.0,-0.007800000000000001,0.0,0.007800000000000001,idle,na,na,20260810_141717,True
2162761,0.0156,0.0351,0.9009,2162.761,500000,-0.0039000000000000007,0.011699999999999999,-0.007799999999999918,0.014592463808418327,idle,na,na,20260810_141717,True
2165260,0.0195,0.0273,0.9087,2165.26,500000,0.0,0.0039000000000000007,0.0,0.0039000000000000007,idle,na,na,20260810_141717,True
2167763,0.0156,0.0273,0.9126,2167.763,500000,-0.0039000000000000007,0.0039000000000000007,0.0039000000000000146,0.006754998149518631,idle,na,na,20260810_141717,True
2170278,0.0156,0.0273,0.9048,2170.278,500000,-0.0039000000000000007,0.0039000000000000007,-0.0038999999999999035,0.006754998149518567,idle,na,na,20260810_141717,True
2172763,0.0156,0.0234,0.9165,2172.763,500000,-0.0039000000000000007,0.0,0.007800000000000029,0.008720665112249207,idle,na,na,20260810_141717,True
2175261,0.0195,0.0273,0.9165,2175.261,500000,0.0,0.0039000000000000007,0.007800000000000029,0.008720665112249207,idle,na,na,20260810_141717,True
2177765,0.0117,0.0351,0.9126,2177.765,500000,-0.0078,0.011699999999999999,0.0039000000000000146,0.014592463808418374,idle,na,na,20260810_141717,True
2180278,0.0234,0.0312,0.897,2180.278,500000,0.0039000000000000007,0.007799999999999998,-0.011699999999999933,0.014592463808418317,idle,na,na,20260810_141717,True
2182767,0.0156,0.0273,0.9126,2182.767,500000,-0.0039000000000000007,0.0039000000000000007,0.0039000000000000146,0.006754998149518631,idle,na,na,20260810_141717,True
2185269,0.0156,0.0273,0.9009,2185.269,500000,-0.0039000000000000007,0.0039000000000000007,-0.007799999999999918,0.009553009996854328,idle,na,na,20260810_141717,True
2187777,0.0117,0.0195,0.9165,2187.777,500000,-0.0078,-0.0039000000000000007,0.007800000000000029,0.01170000000000002,idle,na,na,20260810_141717,True
2190273,0.0234,0.0273,0.9126,2190.273,500000,0.0039000000000000007,0.0039000000000000007,0.0039000000000000146,0.006754998149518631,idle,na,na,20260810_141717,True
2192770,0.0195,0.0273,0.9087,2192.77,500000,0.0,0.0039000000000000007,0.0,0.0039000000000000007,idle,na,na,20260810_141717,True
2195273,0.0156,0.0195,0.9126,2195.273,500000,-0.0039000000000000007,-0.0039000000000000007,0.0039000000000000146,0.006754998149518631,idle,na,na,20260810_141717,True
2197777,0.0117,0.0273,0.9126,2197.777,500000,-0.0078,0.0039000000000000007,0.0039000000000000146,0.0095530099968544,idle,na,na,20260810_141717,True
2200267,0.0234,0.0234,0.9165,2200.267,500000,0.0039000000000000007,0.0,0.007800000000000029,0.008720665112249207,idle,na,na,20260810_141717,True
2202763,0.0273,0.0273,0.9048,2202.763,500000,0.007800000000000001,0.0039000000000000007,-0.0038999999999999035,0.009553009996854357,idle,na,na,20260810_141717,True
2205259,0.0195,0.0234,0.9087,2205.259,500000,0.0,0.0,0.0,0.0,idle,na,na,20260810_141717,True
2207764,0.0195,0.0234,0.9165,2207.764,500000,0.0,0.0,0.007800000000000029,0.007800000000000029,idle,na,na,20260810_141717,True
2210335,0.0156,0.0195,0.9048,2210.335,500000,-0.0039000000000000007,-0.0039000000000000007,-0.0038999999999999035,0.006754998149518567,idle,na,na,20260810_141717,True
2213427,0.0156,0.0234,0.9126,2213.427,500000,-0.0039000000000000007,0.0,0.0039000000000000146,0.005515432893255082,idle,na,na,20260810_141717,True
2215274,0.0156,0.0273,0.9204,2215.274,500000,-0.0039000000000000007,0.0039000000000000007,0.011700000000000044,0.012934836682386099,idle,na,na,20260810_141717,True
2217779,0.0117,0.0273,0.9009,2217.779,500000,-0.0078,0.0039000000000000007,-0.007799999999999918,0.011699999999999945,idle,na,na,20260810_141717,True
2220266,0.0156,0.0273,0.9087,2220.266,500000,-0.0039000000000000007,0.0039000000000000007,0.0,0.005515432893255071,idle,na,na,20260810_141717,True
2222762,0.0195,0.0234,0.9087,2222.762,500000,0.0,0.0,0.0,0.0,idle,na,na,20260810_141717,True
2225261,0.0234,0.0156,0.9087,2225.261,500000,0.0039000000000000007,-0.007800000000000001,0.0,0.008720665112249181,idle,na,na,20260810_141717,True
2227765,0.0195,0.0273,0.9048,2227.765,500000,0.0,0.0039000000000000007,-0.0038999999999999035,0.005515432893255003,idle,na,na,20260810_141717,True
2230279,0.0195,0.0195,0.9165,2230.279,500000,0.0,-0.0039000000000000007,0.007800000000000029,0.008720665112249207,idle,na,na,20260810_141717,True
2232766,0.0117,0.0273,0.9048,2232.766,500000,-0.0078,0.0039000000000000007,-0.0038999999999999035,0.009553009996854355,idle,na,na,20260810_141717,True
2235269,0.0195,0.0234,0.9087,2235.269,500000,0.0,0.0,0.0,0.0,idle,na,na,20260810_141717,True
2237773,0.0156,0.0234,0.9087,2237.773,500000,-0.0039000000000000007,0.0,0.0,0.0039000000000000007,idle,na,na,20260810_141717,True
2240277,0.0195,0.0312,0.9048,2240.277,500000,0.0,0.007799999999999998,-0.0038999999999999035,0.008720665112249134,idle,na,na,20260810_141717,True
2242764,0.0156,0.0273,0.9087,2242.764,500000,-0.0039000000000000007,0.0039000000000000007,0.0,0.005515432893255071,idle,na,na,20260810_141717,True
2245261,0.0039,0.0273,0.9087,2245.261,500000,-0.0156,0.0039000000000000007,0.0,0.016080111939908874,idle,na,na,20260810_141717,True
2247764,0.0156,0.0312,0.897,2247.764,500000,-0.0039000000000000007,0.007799999999999998,-0.011699999999999933,0.014592463808418317,idle,na,na,20260810_141717,True
2250276,0.0117,0.0273,0.9009,2250.276,500000,-0.0078,0.0039000000000000007,-0.007799999999999918,0.011699999999999945,idle,na,na,20260810_141717,True
2252767,0.0195,0.0234,0.9048,2252.767,500000,0.0,0.0,-0.0038999999999999035,0.0038999999999999035,idle,na,na,20260810_141717,True
2255259,0.0156,0.0195,0.9165,2255.259,500000,-0.0039000000000000007,-0.0039000000000000007,0.007800000000000029,0.00955300999685442,idle,na,na,20260810_141717,True
2257764,0.0195,0.0234,0.9126,2257.764,500000,0.0,0.0,0.0039000000000000146,0.0039000000000000146,idle,na,na,20260810_141717,True
2260278,0.0156,0.0273,0.9087,2260.278,500000,-0.0039000000000000007,0.0039000000000000007,0.0,0.005515432893255071,idle,na,na,20260810_141717,True
2262762,0.0195,0.0273,0.9126,2262.762,500000,0.0,0.0039000000000000007,0.0039000000000000146,0.005515432893255082,idle,na,na,20260810_141717,True
2265254,0.0195,0.0273,0.9126,2265.254,500000,0.0,0.0039000000000000007,0.0039000000000000146,0.005515432893255082,idle,na,na,20260810_141717,True
2267763,0.0156,0.0234,0.9126,2267.763,500000,-0.0039000000000000007,0.0,0.0039000000000000146,0.005515432893255082,idle,na,na,20260810_141717,True
2270271,0.0195,0.0234,0.9048,2270.271,500000,0.0,0.0,-0.0038999999999999035,0.0038999999999999035,idle,na,na,20260810_141717,True
2272766,0.0195,0.0273,0.9087,2272.766,500000,0.0,0.0039000000000000007,0.0,0.0039000000000000007,idle,na,na,20260810_141717,True
2275274,0.0117,0.0195,0.9048,2275.274,500000,-0.0078,-0.0039000000000000007,-0.0038999999999999035,0.009553009996854355,idle,na,na,20260810_141717,True
2277759,0.0156,0.0312,0.897,2277.759,500000,-0.0039000000000000007,0.007799999999999998,-0.011699999999999933,0.014592463808418317,idle,na,na,20260810_141717,True
2280274,0.0195,0.0195,0.9087,2280.274,500000,0.0,-0.0039000000000000007,0.0,0.0039000000000000007,idle,na,na,20260810_141717,True
2282766,0.0195,0.0195,0.9126,2282.766,500000,0.0,-0.0039000000000000007,0.0039000000000000146,0.005515432893255082,idle,na,na,20260810_141717,True
2285263,0.0195,0.0312,0.9204,2285.263,500000,0.0,0.007799999999999998,0.011700000000000044,0.014061649974309594,idle,na,na,20260810_141717,True
2287759,0.0117,0.0312,0.9048,2287.759,500000,-0.0078,0.007799999999999998,-0.0038999999999999035,0.011699999999999966,idle,na,na,20260810_141717,True
2290255,0.0195,0.0195,0.9204,2290.255,500000,0.0,-0.0039000000000000007,0.011700000000000044,0.012332882874656722,idle,na,na,20260810_141717,True
2292773,0.0195,0.0273,0.9048,2292.773,500000,0.0,0.0039000000000000007,-0.0038999999999999035,0.005515432893255003,idle,na,na,20260810_141717,True
2295276,0.0156,0.0195,0.9165,2295.276,500000,-0.0039000000000000007,-0.0039000000000000007,0.007800000000000029,0.00955300999685442,idle,na,na,20260810_141717,True
2297755,0.0234,0.0195,0.897,2297.755,500000,0.0039000000000000007,-0.0039000000000000007,-0.011699999999999933,0.012934836682385998,idle,na,na,20260810_141717,True
2300275,0.0156,0.0273,0.9048,2300.275,500000,-0.0039000000000000007,0.0039000000000000007,-0.0038999999999999035,0.006754998149518567,idle,na,na,20260810_141717,True
2302762,0.0195,0.0234,0.9165,2302.762,500000,0.0,0.0,0.007800000000000029,0.007800000000000029,idle,na,na,20260810_141717,True
2305259,0.0234,0.0156,0.9204,2305.259,500000,0.0039000000000000007,-0.007800000000000001,0.011700000000000044,0.014592463808418409,idle,na,na,20260810_141717,True
2307762,0.0234,0.0156,0.9087,2307.762,500000,0.0039000000000000007,-0.007800000000000001,0.0,0.008720665112249181,idle,na,na,20260810_141717,True
2310277,0.0195,0.0195,0.9087,2310.277,500000,0.0,-0.0039000000000000007,0.0,0.0039000000000000007,idle,na,na,20260810_141717,True
2312760,0.0234,0.0195,0.9126,2312.76,500000,0.0039000000000000007,-0.0039000000000000007,0.0039000000000000146,0.006754998149518631,idle,na,na,20260810_141717,True
2315269,0.0234,0.0195,0.9165,2315.269,500000,0.0039000000000000007,-0.0039000000000000007,0.007800000000000029,0.00955300999685442,idle,na,na,20260810_141717,True
2317773,0.0156,0.0273,0.9087,2317.773,500000,-0.0039000000000000007,0.0039000000000000007,0.0,0.005515432893255071,idle,na,na,20260810_141717,True
2320257,0.0195,0.0234,0.9048,2320.257,500000,0.0,0.0,-0.0038999999999999035,0.0038999999999999035,idle,na,na,20260810_141717,True
2322778,0.0156,0.0234,0.9126,2322.778,500000,-0.0039000000000000007,0.0,0.0039000000000000146,0.005515432893255082,idle,na,na,20260810_141717,True
2325274,0.0117,0.0234,0.9165,2325.274,500000,-0.0078,0.0,0.007800000000000029,0.011030865786510162,idle,na,na,20260810_141717,True
2327778,0.0195,0.0195,0.9087,2327.778,500000,0.0,-0.0039000000000000007,0.0,0.0039000000000000007,idle,na,na,20260810_141717,True
2330263,0.0234,0.0156,0.9009,2330.263,500000,0.0039000000000000007,-0.007800000000000001,-0.007799999999999918,0.011699999999999947,idle,na,na,20260810_141717,True
2332778,0.0195,0.0234,0.9126,2332.778,500000,0.0,0.0,0.0039000000000000146,0.0039000000000000146,idle,na,na,20260810_141717,True
2335278,0.0156,0.0312,0.9087,2335.278,500000,-0.0039000000000000007,0.007799999999999998,0.0,0.00872066511224918,idle,na,na,20260810_141717,True
2337757,0.0234,0.0234,0.9087,2337.757,500000,0.0039000000000000007,0.0,0.0,0.0039000000000000007,idle,na,na,20260810_141717,True
2340273,0.0234,0.0234,0.9126,2340.273,500000,0.0039000000000000007,0.0,0.0039000000000000146,0.005515432893255082,idle,na,na,20260810_141717,True
2342762,0.0195,0.0195,0.9087,2342.762,500000,0.0,-0.0039000000000000007,0.0,0.0039000000000000007,idle,na,na,20260810_141717,True
2345260,0.0195,0.0273,0.9204,2345.26,500000,0.0,0.0039000000000000007,0.011700000000000044,0.012332882874656722,idle,na,na,20260810_141717,True
2347763,0.0195,0.0273,0.9048,2347.763,500000,0.0,0.0039000000000000007,-0.0038999999999999035,0.005515432893255003,idle,na,na,20260810_141717,True
2350278,0.0234,0.0195,0.9087,2350.278,500000,0.0039000000000000007,-0.0039000000000000007,0.0,0.005515432893255071,idle,na,na,20260810_141717,True
2352768,0.0117,0.0273,0.9126,2352.768,500000,-0.0078,0.0039000000000000007,0.0039000000000000146,0.0095530099968544,idle,na,na,20260810_141717,True
2355261,0.0234,0.0195,0.9048,2355.261,500000,0.0039000000000000007,-0.0039000000000000007,-0.0038999999999999035,0.006754998149518567,idle,na,na,20260810_141717,True
2357765,0.0195,0.0273,0.9087,2357.765,500000,0.0,0.0039000000000000007,0.0,0.0039000000000000007,idle,na,na,20260810_141717,True
2360252,0.0156,0.0273,0.9087,2360.252,500000,-0.0039000000000000007,0.0039000000000000007,0.0,0.005515432893255071,idle,na,na,20260810_141717,True
2362771,0.0156,0.0312,0.9087,2362.771,500000,-0.0039000000000000007,0.007799999999999998,0.0,0.00872066511224918,idle,na,na,20260810_141717,True
2365265,0.0078,0.0273,0.9126,2365.265,500000,-0.0117,0.0039000000000000007,0.0039000000000000146,0.012934836682386064,idle,na,na,20260810_141717,True
2367769,0.0195,0.0195,0.9126,2367.769,500000,0.0,-0.0039000000000000007,0.0039000000000000146,0.005515432893255082,idle,na,na,20260810_141717,True
2370278,0.0195,0.0195,0.9126,2370.278,500000,0.0,-0.0039000000000000007,0.0039000000000000146,0.005515432893255082,idle,na,na,20260810_141717,True
2372767,0.0195,0.0273,0.9165,2372.767,500000,0.0,0.0039000000000000007,0.007800000000000029,0.008720665112249207,idle,na,na,20260810_141717,True
2375260,0.0117,0.0273,0.9087,2375.26,500000,-0.0078,0.0039000000000000007,0.0,0.00872066511224918,idle,na,na,20260810_141717,True
2377762,0.0156,0.0273,0.9087,2377.762,500000,-0.0039000000000000007,0.0039000000000000007,0.0,0.005515432893255071,idle,na,na,20260810_141717,True
2380270,0.0234,0.0234,0.9126,2380.27,500000,0.0039000000000000007,0.0,0.0039000000000000146,0.005515432893255082,idle,na,na,20260810_141717,True
2382766,0.0195,0.0273,0.9048,2382.766,500000,0.0,0.0039000000000000007,-0.0038999999999999035,0.005515432893255003,idle,na,na,20260810_141717,True
2385262,0.0273,0.0195,0.9009,2385.262,500000,0.007800000000000001,-0.0039000000000000007,-0.007799999999999918,0.011699999999999947,idle,na,na,20260810_141717,True
2387755,0.0273,0.0234,0.9126,2387.755,500000,0.007800000000000001,0.0,0.0039000000000000146,0.008720665112249188,idle,na,na,20260810_141717,True
2390252,0.0273,0.0312,0.9165,2390.252,500000,0.007800000000000001,0.007799999999999998,0.007800000000000029,0.01350999629903726,idle,na,na,20260810_141717,True
2392767,0.0156,0.0351,0.9126,2392.767,500000,-0.0039000000000000007,0.011699999999999999,0.0039000000000000146,0.012934836682386064,idle,na,na,20260810_141717,True
2395269,0.0195,0.0351,0.9165,2395.269,500000,0.0,0.011699999999999999,0.007800000000000029,0.014061649974309573,idle,na,na,20260810_141717,True
2397772,0.0195,0.0312,0.9087,2397.772,500000,0.0,0.007799999999999998,0.0,0.007799999999999998,idle,na,na,20260810_141717,True
2400261,0.0195,0.0312,0.9204,2400.261,500000,0.0,0.007799999999999998,0.011700000000000044,0.014061649974309594,idle,na,na,20260810_141717,True
2402753,0.0156,0.0351,0.9126,2402.753,500000,-0.0039000000000000007,0.011699999999999999,0.0039000000000000146,0.012934836682386064,idle,na,na,20260810_141717,True
2405265,0.0195,0.0195,0.9165,2405.265,500000,0.0,-0.0039000000000000007,0.007800000000000029,0.008720665112249207,idle,na,na,20260810_141717,True
2407771,0.0195,0.0234,0.9087,2407.771,500000,0.0,0.0,0.0,0.0,idle,na,na,20260810_141717,True
2410260,0.0195,0.0234,0.9087,2410.26,500000,0.0,0.0,0.0,0.0,idle,na,na,20260810_141717,True
2412753,0.0156,0.0351,0.9087,2412.753,500000,-0.0039000000000000007,0.011699999999999999,0.0,0.012332882874656679,idle,na,na,20260810_141717,True
2415266,0.0156,0.0234,0.9009,2415.266,500000,-0.0039000000000000007,0.0,-0.007799999999999918,0.008720665112249107,idle,na,na,20260810_141717,True
2417776,0.0312,0.0234,0.9087,2417.776,500000,0.011699999999999999,0.0,0.0,0.011699999999999999,idle,na,na,20260810_141717,True
2420260,0.0234,0.0273,0.897,2420.26,500000,0.0039000000000000007,0.0039000000000000007,-0.011699999999999933,0.012934836682385998,idle,na,na,20260810_141717,True
2422776,0.0195,0.0234,0.9126,2422.776,500000,0.0,0.0,0.0039000000000000146,0.0039000000000000146,idle,na,na,20260810_141717,True
2425272,0.0156,0.0273,0.9087,2425.272,500000,-0.0039000000000000007,0.0039000000000000007,0.0,0.005515432893255071,idle,na,na,20260810_141717,True
2427777,0.0234,0.0273,0.9165,2427.777,500000,0.0039000000000000007,0.0039000000000000007,0.007800000000000029,0.00955300999685442,idle,na,na,20260810_141717,True
2430262,0.0195,0.0312,0.9126,2430.262,500000,0.0,0.007799999999999998,0.0039000000000000146,0.008720665112249185,idle,na,na,20260810_141717,True
2432779,0.0117,0.0234,0.9087,2432.779,500000,-0.0078,0.0,0.0,0.0078,idle,na,na,20260810_141717,True
2435253,0.0195,0.0156,0.9165,2435.253,500000,0.0,-0.007800000000000001,0.007800000000000029,0.011030865786510163,idle,na,na,20260810_141717,True
2437762,0.0195,0.0195,0.9048,2437.762,500000,0.0,-0.0039000000000000007,-0.0038999999999999035,0.005515432893255003,idle,na,na,20260810_141717,True
2440268,0.0156,0.0234,0.9087,2440.268,500000,-0.0039000000000000007,0.0,0.0,0.0039000000000000007,idle,na,na,20260810_141717,True
2442762,0.0117,0.0234,0.9087,2442.762,500000,-0.0078,0.0,0.0,0.0078,idle,na,na,20260810_141717,True
2445260,0.0234,0.0273,0.9126,2445.26,500000,0.0039000000000000007,0.0039000000000000007,0.0039000000000000146,0.006754998149518631,idle,na,na,20260810_141717,True
2447765,0.0195,0.0234,0.9087,2447.765,500000,0.0,0.0,0.0,0.0,idle,na,na,20260810_141717,True
2450279,0.0156,0.0234,0.9009,2450.279,500000,-0.0039000000000000007,0.0,-0.007799999999999918,0.008720665112249107,idle,na,na,20260810_141717,True
2452765,0.0156,0.0312,0.9048,2452.765,500000,-0.0039000000000000007,0.007799999999999998,-0.0038999999999999035,0.009553009996854354,idle,na,na,20260810_141717,True
2455259,0.0117,0.0351,0.9009,2455.259,500000,-0.0078,0.011699999999999999,-0.007799999999999918,0.016080111939908836,idle,na,na,20260810_141717,True
2457762,0.0195,0.0195,0.9165,2457.762,500000,0.0,-0.0039000000000000007,0.007800000000000029,0.008720665112249207,idle,na,na,20260810_141717,True
2460278,0.0234,0.0195,0.9165,2460.278,500000,0.0039000000000000007,-0.0039000000000000007,0.007800000000000029,0.00955300999685442,idle,na,na,20260810_141717,True
2462761,0.0195,0.0195,0.9048,2462.761,500000,0.0,-0.0039000000000000007,-0.0038999999999999035,0.005515432893255003,idle,na,na,20260810_141717,True
2465253,0.0156,0.0234,0.9126,2465.253,500000,-0.0039000000000000007,0.0,0.0039000000000000146,0.005515432893255082,idle,na,na,20260810_141717,True
2467764,0.0078,0.0234,0.9087,2467.764,500000,-0.0117,0.0,0.0,0.0117,idle,na,na,20260810_141717,True
2470274,0.0195,0.0195,0.9126,2470.274,500000,0.0,-0.0039000000000000007,0.0039000000000000146,0.005515432893255082,idle,na,na,20260810_141717,True
2472750,0.0156,0.0195,0.9087,2472.75,500000,-0.0039000000000000007,-0.0039000000000000007,0.0,0.005515432893255071,idle,na,na,20260810_141717,True
2475250,0.0156,0.0195,0.9087,2475.25,500000,-0.0039000000000000007,-0.0039000000000000007,0.0,0.005515432893255071,idle,na,na,20260810_141717,True
2477761,0.0234,0.0234,0.9126,2477.761,500000,0.0039000000000000007,0.0,0.0039000000000000146,0.005515432893255082,idle,na,na,20260810_141717,True
2480276,0.0234,0.0234,0.9126,2480.276,500000,0.0039000000000000007,0.0,0.0039000000000000146,0.005515432893255082,idle,na,na,20260810_141717,True
2482761,0.0156,0.0195,0.9048,2482.761,500000,-0.0039000000000000007,-0.0039000000000000007,-0.0038999999999999035,0.006754998149518567,idle,na,na,20260810_141717,True
2485258,0.0117,0.0312,0.9048,2485.258,500000,-0.0078,0.007799999999999998,-0.0038999999999999035,0.011699999999999966,idle,na,na,20260810_141717,True
2487755,0.0156,0.0312,0.9048,2487.755,500000,-0.0039000000000000007,0.007799999999999998,-0.0038999999999999035,0.009553009996854354,idle,na,na,20260810_141717,True
2490252,0.0195,0.0234,0.9126,2490.252,500000,0.0,0.0,0.0039000000000000146,0.0039000000000000146,idle,na,na,20260810_141717,True
2492767,0.0195,0.0273,0.9087,2492.767,500000,0.0,0.0039000000000000007,0.0,0.0039000000000000007,idle,na,na,20260810_141717,True
2495269,0.0156,0.0273,0.9009,2495.269,500000,-0.0039000000000000007,0.0039000000000000007,-0.007799999999999918,0.009553009996854328,idle,na,na,20260810_141717,True
2497772,0.0273,0.0156,0.9087,2497.772,500000,0.007800000000000001,-0.007800000000000001,0.0,0.011030865786510143,idle,na,na,20260810_141717,True
2500260,0.0234,0.0195,0.9126,2500.26,500000,0.0039000000000000007,-0.0039000000000000007,0.0039000000000000146,0.006754998149518631,idle,na,na,20260810_141717,True
2502778,0.0156,0.0273,0.9087,2502.778,500000,-0.0039000000000000007,0.0039000000000000007,0.0,0.005515432893255071,idle,na,na,20260810_141717,True
2505278,0.0078,0.0351,0.9165,2505.278,500000,-0.0117,0.011699999999999999,0.007800000000000029,0.018292621463311388,idle,na,na,20260810_141717,True
2507757,0.0234,0.0234,0.9087,2507.757,500000,0.0039000000000000007,0.0,0.0,0.0039000000000000007,idle,na,na,20260810_141717,True
2510273,0.0195,0.0234,0.9126,2510.273,500000,0.0,0.0,0.0039000000000000146,0.0039000000000000146,idle,na,na,20260810_141717,True
2512765,0.0156,0.0351,0.9087,2512.765,500000,-0.0039000000000000007,0.011699999999999999,0.0,0.012332882874656679,idle,na,na,20260810_141717,True
2515259,0.0117,0.0234,0.9087,2515.259,500000,-0.0078,0.0,0.0,0.0078,idle,na,na,20260810_141717,True
2517750,0.0195,0.0273,0.9126,2517.75,500000,0.0,0.0039000000000000007,0.0039000000000000146,0.005515432893255082,idle,na,na,20260810_141717,True
2520266,0.0195,0.0273,0.9126,2520.266,500000,0.0,0.0039000000000000007,0.0039000000000000146,0.005515432893255082,idle,na,na,20260810_141717,True
2522760,0.0117,0.0273,0.9048,2522.76,500000,-0.0078,0.0039000000000000007,-0.0038999999999999035,0.009553009996854355,idle,na,na,20260810_141717,True
2525258,0.0195,0.0234,0.9009,2525.258,500000,0.0,0.0,-0.007799999999999918,0.007799999999999918,idle,na,na,20260810_141717,True
2527762,0.0195,0.0234,0.9126,2527.762,500000,0.0,0.0,0.0039000000000000146,0.0039000000000000146,idle,na,na,20260810_141717,True
2530276,0.0156,0.0234,0.9126,2530.276,500000,-0.0039000000000000007,0.0,0.0039000000000000146,0.005515432893255082,idle,na,na,20260810_141717,True
2532766,0.0156,0.0273,0.9126,2532.766,500000,-0.0039000000000000007,0.0039000000000000007,0.0039000000000000146,0.006754998149518631,idle,na,na,20260810_141717,True
2535265,0.0156,0.0234,0.9048,2535.265,500000,-0.0039000000000000007,0.0,-0.0038999999999999035,0.005515432893255003,idle,na,na,20260810_141717,True
2537778,0.0156,0.0273,0.9009,2537.778,500000,-0.0039000000000000007,0.0039000000000000007,-0.007799999999999918,0.009553009996854328,idle,na,na,20260810_141717,True
2540254,0.0117,0.0195,0.9087,2540.254,500000,-0.0078,-0.0039000000000000007,0.0,0.00872066511224918,idle,na,na,20260810_141717,True
2542766,0.0195,0.0195,0.9165,2542.766,500000,0.0,-0.0039000000000000007,0.007800000000000029,0.008720665112249207,idle,na,na,20260810_141717,True
2545262,0.0195,0.0273,0.9126,2545.262,500000,0.0,0.0039000000000000007,0.0039000000000000146,0.005515432893255082,idle,na,na,20260810_141717,True
2547766,0.0156,0.0234,0.9204,2547.766,500000,-0.0039000000000000007,0.0,0.011700000000000044,0.012332882874656722,idle,na,na,20260810_141717,True
2550279,0.0234,0.0234,0.9087,2550.279,500000,0.0039000000000000007,0.0,0.0,0.0039000000000000007,idle,na,na,20260810_141717,True
2552766,0.0195,0.0234,0.9009,2552.766,500000,0.0,0.0,-0.007799999999999918,0.007799999999999918,idle,na,na,20260810_141717,True
2555258,0.0156,0.0234,0.9009,2555.258,500000,-0.0039000000000000007,0.0,-0.007799999999999918,0.008720665112249107,idle,na,na,20260810_141717,True
2557762,0.0234,0.0195,0.9126,2557.762,500000,0.0039000000000000007,-0.0039000000000000007,0.0039000000000000146,0.006754998149518631,idle,na,na,20260810_141717,True
2560277,0.0234,0.0273,0.9087,2560.277,500000,0.0039000000000000007,0.0039000000000000007,0.0,0.005515432893255071,idle,na,na,20260810_141717,True
2562765,0.0156,0.0195,0.9048,2562.765,500000,-0.0039000000000000007,-0.0039000000000000007,-0.0038999999999999035,0.006754998149518567,idle,na,na,20260810_141717,True
2565258,0.0156,0.0312,0.9087,2565.258,500000,-0.0039000000000000007,0.007799999999999998,0.0,0.00872066511224918,idle,na,na,20260810_141717,True
2567759,0.0234,0.0234,0.9048,2567.759,500000,0.0039000000000000007,0.0,-0.0038999999999999035,0.005515432893255003,idle,na,na,20260810_141717,True
2570268,0.0117,0.0273,0.9009,2570.268,500000,-0.0078,0.0039000000000000007,-0.007799999999999918,0.011699999999999945,idle,na,na,20260810_141717,True
2572752,0.0117,0.0234,0.9009,2572.752,500000,-0.0078,0.0,-0.007799999999999918,0.011030865786510084,idle,na,na,20260810_141717,True
2575276,0.0195,0.0273,0.9087,2575.276,500000,0.0,0.0039000000000000007,0.0,0.0039000000000000007,idle,na,na,20260810_141717,True
2577750,0.0117,0.0273,0.9087,2577.75,500000,-0.0078,0.0039000000000000007,0.0,0.00872066511224918,idle,na,na,20260810_141717,True
2580258,0.0117,0.0273,0.9087,2580.258,500000,-0.0078,0.0039000000000000007,0.0,0.00872066511224918,idle,na,na,20260810_141717,True
2582773,0.0117,0.0273,0.9087,2582.773,500000,-0.0078,0.0039000000000000007,0.0,0.00872066511224918,idle,na,na,20260810_141717,True
2585270,0.0156,0.0273,0.9087,2585.27,500000,-0.0039000000000000007,0.0039000000000000007,0.0,0.005515432893255071,idle,na,na,20260810_141717,True
2587756,0.0117,0.0273,0.897,2587.756,500000,-0.0078,0.0039000000000000007,-0.011699999999999933,0.014592463808418318,idle,na,na,20260810_141717,True
2590252,0.0117,0.0195,0.9087,2590.252,500000,-0.0078,-0.0039000000000000007,0.0,0.00872066511224918,idle,na,na,20260810_141717,True
2592768,0.0195,0.0234,0.9048,2592.768,500000,0.0,0.0,-0.0038999999999999035,0.0038999999999999035,idle,na,na,20260810_141717,True
2595270,0.0195,0.0156,0.9165,2595.27,500000,0.0,-0.007800000000000001,0.007800000000000029,0.011030865786510163,idle,na,na,20260810_141717,True
2597774,0.0156,0.0234,0.9165,2597.774,500000,-0.0039000000000000007,0.0,0.007800000000000029,0.008720665112249207,idle,na,na,20260810_141717,True
2600263,0.0156,0.0234,0.9126,2600.263,500000,-0.0039000000000000007,0.0,0.0039000000000000146,0.005515432893255082,idle,na,na,20260810_141717,True
2602774,0.0117,0.0273,0.9243,2602.774,500000,-0.0078,0.0039000000000000007,0.015600000000000058,0.017872045210327828,idle,na,na,20260810_141717,True
2605272,0.0234,0.0195,0.9126,2605.272,500000,0.0039000000000000007,-0.0039000000000000007,0.0039000000000000146,0.006754998149518631,idle,na,na,20260810_141717,True
2607775,0.0195,0.0273,0.9087,2607.775,500000,0.0,0.0039000000000000007,0.0,0.0039000000000000007,idle,na,na,20260810_141717,True
2610264,0.0117,0.0273,0.9048,2610.264,500000,-0.0078,0.0039000000000000007,-0.0038999999999999035,0.009553009996854355,idle,na,na,20260810_141717,True
2612750,0.0117,0.0156,0.9087,2612.75,500000,-0.0078,-0.007800000000000001,0.0,0.011030865786510143,idle,na,na,20260810_141717,True
2615273,0.0195,0.0117,0.9126,2615.273,500000,0.0,-0.0117,0.0039000000000000146,0.012332882874656684,idle,na,na,20260810_141717,True
2617775,0.0234,0.0234,0.9126,2617.775,500000,0.0039000000000000007,0.0,0.0039000000000000146,0.005515432893255082,idle,na,na,20260810_141717,True
2620277,0.0156,0.0195,0.9009,2620.277,500000,-0.0039000000000000007,-0.0039000000000000007,-0.007799999999999918,0.009553009996854328,idle,na,na,20260810_141717,True
2623102,0.0156,0.0234,0.9126,2623.102,500000,-0.0039000000000000007,0.0,0.0039000000000000146,0.005515432893255082,idle,na,na,20260810_141717,True
2625278,0.0273,0.0234,0.9048,2625.278,500000,0.007800000000000001,0.0,-0.0038999999999999035,0.008720665112249138,idle,na,na,20260810_141717,True
2627759,0.0195,0.0234,0.9126,2627.759,500000,0.0,0.0,0.0039000000000000146,0.0039000000000000146,idle,na,na,20260810_141717,True
2630277,0.0234,0.0234,0.9048,2630.277,500000,0.0039000000000000007,0.0,-0.0038999999999999035,0.005515432893255003,idle,na,na,20260810_141717,True
2632770,0.0234,0.0195,0.9165,2632.77,500000,0.0039000000000000007,-0.0039000000000000007,0.007800000000000029,0.00955300999685442,idle,na,na,20260810_141717,True
2635274,0.0156,0.0273,0.9087,2635.274,500000,-0.0039000000000000007,0.0039000000000000007,0.0,0.005515432893255071,idle,na,na,20260810_141717,True
2637763,0.0195,0.0234,0.9048,2637.763,500000,0.0,0.0,-0.0038999999999999035,0.0038999999999999035,idle,na,na,20260810_141717,True
2640267,0.0156,0.0195,0.9087,2640.267,500000,-0.0039000000000000007,-0.0039000000000000007,0.0,0.005515432893255071,idle,na,na,20260810_141717,True
2642754,0.0195,0.0273,0.9009,2642.754,500000,0.0,0.0039000000000000007,-0.007799999999999918,0.008720665112249107,idle,na,na,20260810_141717,True
2645252,0.0195,0.0234,0.9087,2645.252,500000,0.0,0.0,0.0,0.0,idle,na,na,20260810_141717,True
2647761,0.0156,0.0273,0.9165,2647.761,500000,-0.0039000000000000007,0.0039000000000000007,0.007800000000000029,0.00955300999685442,idle,na,na,20260810_141717,True
2650274,0.0234,0.0351,0.9009,2650.274,500000,0.0039000000000000007,0.011699999999999999,-0.007799999999999918,0.014592463808418327,idle,na,na,20260810_141717,True
2652767,0.0156,0.0273,0.9126,2652.767,500000,-0.0039000000000000007,0.0039000000000000007,0.0039000000000000146,0.006754998149518631,idle,na,na,20260810_141717,True
2655264,0.0195,0.0195,0.9126,2655.264,500000,0.0,-0.0039000000000000007,0.0039000000000000146,0.005515432893255082,idle,na,na,20260810_141717,True
2657767,0.0117,0.0234,0.897,2657.767,500000,-0.0078,0.0,-0.011699999999999933,0.014061649974309502,idle,na,na,20260810_141717,True
2660257,0.0156,0.0156,0.9126,2660.257,500000,-0.0039000000000000007,-0.007800000000000001,0.0039000000000000146,0.009553009996854402,idle,na,na,20260810_141717,True
2662779,0.0117,0.0195,0.9126,2662.779,500000,-0.0078,-0.0039000000000000007,0.0039000000000000146,0.0095530099968544,idle,na,na,20260810_141717,True
2665278,0.0195,0.0195,0.9048,2665.278,500000,0.0,-0.0039000000000000007,-0.0038999999999999035,0.005515432893255003,idle,na,na,20260810_141717,True
2667772,0.0117,0.0195,0.9009,2667.772,500000,-0.0078,-0.0039000000000000007,-0.007799999999999918,0.011699999999999945,idle,na,na,20260810_141717,True
2670262,0.0195,0.0195,0.9126,2670.262,500000,0.0,-0.0039000000000000007,0.0039000000000000146,0.005515432893255082,idle,na,na,20260810_141717,True
2672777,0.0078,0.0312,0.9126,2672.777,500000,-0.0117,0.007799999999999998,0.0039000000000000146,0.014592463808418374,idle,na,na,20260810_141717,True
2675276,0.0234,0.0195,0.9048,2675.276,500000,0.0039000000000000007,-0.0039000000000000007,-0.0038999999999999035,0.006754998149518567,idle,na,na,20260810_141717,True
2677779,0.0195,0.0273,0.9009,2677.779,500000,0.0,0.0039000000000000007,-0.007799999999999918,0.008720665112249107,idle,na,na,20260810_141717,True
2680261,0.0195,0.0234,0.9126,2680.261,500000,0.0,0.0,0.0039000000000000146,0.0039000000000000146,idle,na,na,20260810_141717,True
2682776,0.0156,0.0234,0.9126,2682.776,500000,-0.0039000000000000007,0.0,0.0039000000000000146,0.005515432893255082,idle,na,na,20260810_141717,True
2685277,0.0156,0.0234,0.9126,2685.277,500000,-0.0039000000000000007,0.0,0.0039000000000000146,0.005515432893255082,idle,na,na,20260810_141717,True
2687772,0.0078,0.0195,0.9126,2687.772,500000,-0.0117,-0.0039000000000000007,0.0039000000000000146,0.012934836682386064,idle,na,na,20260810_141717,True
2690273,0.0156,0.0234,0.9087,2690.273,500000,-0.0039000000000000007,0.0,0.0,0.0039000000000000007,idle,na,na,20260810_141717,True
2692771,0.0234,0.0234,0.9087,2692.771,500000,0.0039000000000000007,0.0,0.0,0.0039000000000000007,idle,na,na,20260810_141717,True
2695273,0.0195,0.0195,0.9009,2695.273,500000,0.0,-0.0039000000000000007,-0.007799999999999918,0.008720665112249107,idle,na,na,20260810_141717,True
2697778,0.0273,0.0312,0.9087,2697.778,500000,0.007800000000000001,0.007799999999999998,0.0,0.01103086578651014,idle,na,na,20260810_141717,True
2700268,0.0234,0.0234,0.9126,2700.268,500000,0.0039000000000000007,0.0,0.0039000000000000146,0.005515432893255082,idle,na,na,20260810_141717,True
2702765,0.0195,0.0234,0.9048,2702.765,500000,0.0,0.0,-0.0038999999999999035,0.0038999999999999035,idle,na,na,20260810_141717,True
2705262,0.0234,0.0312,0.9009,2705.262,500000,0.0039000000000000007,0.007799999999999998,-0.007799999999999918,0.011699999999999945,idle,na,na,20260810_141717,True
2707765,0.0195,0.0195,0.9048,2707.765,500000,0.0,-0.0039000000000000007,-0.0038999999999999035,0.005515432893255003,idle,na,na,20260810_141717,True
2710254,0.0156,0.0351,0.9165,2710.254,500000,-0.0039000000000000007,0.011699999999999999,0.007800000000000029,0.014592463808418386,idle,na,na,20260810_141717,True
2712771,0.0234,0.0273,0.9165,2712.771,500000,0.0039000000000000007,0.0039000000000000007,0.007800000000000029,0.00955300999685442,idle,na,na,20260810_141717,True
2715268,0.0234,0.0273,0.9048,2715.268,500000,0.0039000000000000007,0.0039000000000000007,-0.0038999999999999035,0.006754998149518567,idle,na,na,20260810_141717,True
2717771,0.0195,0.0273,0.9126,2717.771,500000,0.0,0.0039000000000000007,0.0039000000000000146,0.005515432893255082,idle,na,na,20260810_141717,True
2720255,0.0156,0.0273,0.9126,2720.255,500000,-0.0039000000000000007,0.0039000000000000007,0.0039000000000000146,0.006754998149518631,idle,na,na,20260810_141717,True
2722768,0.0195,0.0273,0.9126,2722.768,500000,0.0,0.0039000000000000007,0.0039000000000000146,0.005515432893255082,idle,na,na,20260810_141717,True
2725265,0.0234,0.0312,0.9126,2725.265,500000,0.0039000000000000007,0.007799999999999998,0.0039000000000000146,0.0095530099968544,idle,na,na,20260810_141717,True
2727771,0.0156,0.0234,0.9165,2727.771,500000,-0.0039000000000000007,0.0,0.007800000000000029,0.008720665112249207,idle,na,na,20260810_141717,True
2730258,0.0156,0.0195,0.9048,2730.258,500000,-0.0039000000000000007,-0.0039000000000000007,-0.0038999999999999035,0.006754998149518567,idle,na,na,20260810_141717,True
2732778,0.0195,0.0273,0.9087,2732.778,500000,0.0,0.0039000000000000007,0.0,0.0039000000000000007,idle,na,na,20260810_141717,True
2735260,0.0195,0.0234,0.9165,2735.26,500000,0.0,0.0,0.007800000000000029,0.007800000000000029,idle,na,na,20260810_141717,True
2737773,0.0156,0.0195,0.9126,2737.773,500000,-0.0039000000000000007,-0.0039000000000000007,0.0039000000000000146,0.006754998149518631,idle,na,na,20260810_141717,True
2740278,0.0117,0.0234,0.9087,2740.278,500000,-0.0078,0.0,0.0,0.0078,idle,na,na,20260810_141717,True
2742766,0.0234,0.0312,0.9126,2742.766,500000,0.0039000000000000007,0.007799999999999998,0.0039000000000000146,0.0095530099968544,idle,na,na,20260810_141717,True
2745263,0.0234,0.0234,0.9048,2745.263,500000,0.0039000000000000007,0.0,-0.0038999999999999035,0.005515432893255003,idle,na,na,20260810_141717,True
2747765,0.0156,0.0195,0.9165,2747.765,500000,-0.0039000000000000007,-0.0039000000000000007,0.007800000000000029,0.00955300999685442,idle,na,na,20260810_141717,True
2750279,0.0195,0.0156,0.9048,2750.279,500000,0.0,-0.007800000000000001,-0.0038999999999999035,0.008720665112249138,idle,na,na,20260810_141717,True
2752766,0.0156,0.0312,0.9087,2752.766,500000,-0.0039000000000000007,0.007799999999999998,0.0,0.00872066511224918,idle,na,na,20260810_141717,True
2755264,0.0234,0.0195,0.9126,2755.264,500000,0.0039000000000000007,-0.0039000000000000007,0.0039000000000000146,0.006754998149518631,idle,na,na,20260810_141717,True
2757769,0.0156,0.0195,0.9087,2757.769,500000,-0.0039000000000000007,-0.0039000000000000007,0.0,0.005515432893255071,idle,na,na,20260810_141717,True
2760260,0.0156,0.0234,0.9126,2760.26,500000,-0.0039000000000000007,0.0,0.0039000000000000146,0.005515432893255082,idle,na,na,20260810_141717,True
2762773,0.0156,0.0156,0.9048,2762.773,500000,-0.0039000000000000007,-0.007800000000000001,-0.0038999999999999035,0.009553009996854357,idle,na,na,20260810_141717,True
2765271,0.0156,0.0273,0.9087,2765.271,500000,-0.0039000000000000007,0.0039000000000000007,0.0,0.005515432893255071,idle,na,na,20260810_141717,True
2767776,0.0195,0.0273,0.9048,2767.776,500000,0.0,0.0039000000000000007,-0.0038999999999999035,0.005515432893255003,idle,na,na,20260810_141717,True
2770259,0.0156,0.0312,0.9048,2770.259,500000,-0.0039000000000000007,0.007799999999999998,-0.0038999999999999035,0.009553009996854354,idle,na,na,20260810_141717,True
2772772,0.0156,0.0234,0.897,2772.772,500000,-0.0039000000000000007,0.0,-0.011699999999999933,0.012332882874656616,idle,na,na,20260810_141717,True
2775268,0.0117,0.0234,0.9126,2775.268,500000,-0.0078,0.0,0.0039000000000000146,0.008720665112249186,idle,na,na,20260810_141717,True
2777771,0.0195,0.0195,0.9009,2777.771,500000,0.0,-0.0039000000000000007,-0.007799999999999918,0.008720665112249107,idle,na,na,20260810_141717,True
2780254,0.0156,0.0234,0.9009,2780.254,500000,-0.0039000000000000007,0.0,-0.007799999999999918,0.008720665112249107,idle,na,na,20260810_141717,True
2782771,0.0195,0.0156,0.9048,2782.771,500000,0.0,-0.007800000000000001,-0.0038999999999999035,0.008720665112249138,idle,na,na,20260810_141717,True
2785276,0.0195,0.0234,0.9126,2785.276,500000,0.0,0.0,0.0039000000000000146,0.0039000000000000146,idle,na,na,20260810_141717,True
2787777,0.0195,0.0195,0.9126,2787.777,500000,0.0,-0.0039000000000000007,0.0039000000000000146,0.005515432893255082,idle,na,na,20260810_141717,True
2790274,0.0273,0.0156,0.9048,2790.274,500000,0.007800000000000001,-0.007800000000000001,-0.0038999999999999035,0.011699999999999969,idle,na,na,20260810_141717,True
2792772,0.0273,0.0156,0.9048,2792.772,500000,0.007800000000000001,-0.007800000000000001,-0.0038999999999999035,0.011699999999999969,idle,na,na,20260810_141717,True
2795274,0.0156,0.0195,0.9048,2795.274,500000,-0.0039000000000000007,-0.0039000000000000007,-0.0038999999999999035,0.006754998149518567,idle,na,na,20260810_141717,True
2797779,0.0156,0.0273,0.9165,2797.779,500000,-0.0039000000000000007,0.0039000000000000007,0.007800000000000029,0.00955300999685442,idle,na,na,20260810_141717,True
2800256,0.0156,0.0156,0.9204,2800.256,500000,-0.0039000000000000007,-0.007800000000000001,0.011700000000000044,0.014592463808418409,idle,na,na,20260810_141717,True
2802752,0.0195,0.0234,0.9126,2802.752,500000,0.0,0.0,0.0039000000000000146,0.0039000000000000146,idle,na,na,20260810_141717,True
2805250,0.0273,0.0156,0.897,2805.25,500000,0.007800000000000001,-0.007800000000000001,-0.011699999999999933,0.01608011193990883,idle,na,na,20260810_141717,True
2807761,0.0156,0.0351,0.9087,2807.761,500000,-0.0039000000000000007,0.011699999999999999,0.0,0.012332882874656679,idle,na,na,20260810_141717,True
2810250,0.0156,0.0273,0.9165,2810.25,500000,-0.0039000000000000007,0.0039000000000000007,0.007800000000000029,0.00955300999685442,idle,na,na,20260810_141717,True
2812771,0.0156,0.0234,0.9204,2812.771,500000,-0.0039000000000000007,0.0,0.011700000000000044,0.012332882874656722,idle,na,na,20260810_141717,True
2815268,0.0195,0.0234,0.9126,2815.268,500000,0.0,0.0,0.0039000000000000146,0.0039000000000000146,idle,na,na,20260810_141717,True
2817771,0.0195,0.0195,0.9126,2817.771,500000,0.0,-0.0039000000000000007,0.0039000000000000146,0.005515432893255082,idle,na,na,20260810_141717,True
2820254,0.0117,0.0312,0.9165,2820.254,500000,-0.0078,0.007799999999999998,0.007800000000000029,0.013509996299037258,idle,na,na,20260810_141717,True
2822772,0.0195,0.0234,0.9087,2822.772,500000,0.0,0.0,0.0,0.0,idle,na,na,20260810_141717,True
2825255,0.0195,0.0351,0.9087,2825.255,500000,0.0,0.011699999999999999,0.0,0.011699999999999999,idle,na,na,20260810_141717,True
2827771,0.0117,0.0312,0.9087,2827.771,500000,-0.0078,0.007799999999999998,0.0,0.011030865786510139,idle,na,na,20260810_141717,True
2830255,0.0195,0.0195,0.9087,2830.255,500000,0.0,-0.0039000000000000007,0.0,0.0039000000000000007,idle,na,na,20260810_141717,True
2832771,0.0195,0.0195,0.9126,2832.771,500000,0.0,-0.0039000000000000007,0.0039000000000000146,0.005515432893255082,idle,na,na,20260810_141717,True
2835275,0.0195,0.0234,0.9048,2835.275,500000,0.0,0.0,-0.0038999999999999035,0.0038999999999999035,idle,na,na,20260810_141717,True
2837755,0.0195,0.0234,0.9048,2837.755,500000,0.0,0.0,-0.0038999999999999035,0.0038999999999999035,idle,na,na,20260810_141717,True
2840259,0.0195,0.0195,0.9087,2840.259,500000,0.0,-0.0039000000000000007,0.0,0.0039000000000000007,idle,na,na,20260810_141717,True
2842776,0.0195,0.0273,0.9009,2842.776,500000,0.0,0.0039000000000000007,-0.007799999999999918,0.008720665112249107,idle,na,na,20260810_141717,True
2845273,0.0195,0.0273,0.9087,2845.273,500000,0.0,0.0039000000000000007,0.0,0.0039000000000000007,idle,na,na,20260810_141717,True
2847777,0.0195,0.0312,0.9048,2847.777,500000,0.0,0.007799999999999998,-0.0038999999999999035,0.008720665112249134,idle,na,na,20260810_141717,True
2850260,0.0195,0.0273,0.9087,2850.26,500000,0.0,0.0039000000000000007,0.0,0.0039000000000000007,idle,na,na,20260810_141717,True
2852776,0.0195,0.0273,0.9126,2852.776,500000,0.0,0.0039000000000000007,0.0039000000000000146,0.005515432893255082,idle,na,na,20260810_141717,True
2855273,0.0195,0.0234,0.9126,2855.273,500000,0.0,0.0,0.0039000000000000146,0.0039000000000000146,idle,na,na,20260810_141717,True
2857776,0.0195,0.0234,0.9126,2857.776,500000,0.0,0.0,0.0039000000000000146,0.0039000000000000146,idle,na,na,20260810_141717,True
2860271,0.0195,0.0195,0.9126,2860.271,500000,0.0,-0.0039000000000000007,0.0039000000000000146,0.005515432893255082,idle,na,na,20260810_141717,True
2862766,0.0117,0.0273,0.9048,2862.766,500000,-0.0078,0.0039000000000000007,-0.0038999999999999035,0.009553009996854355,idle,na,na,20260810_141717,True
2865277,0.0078,0.0234,0.9204,2865.277,500000,-0.0117,0.0,0.011700000000000044,0.01654629867976524,idle,na,na,20260810_141717,True
2867760,0.0156,0.0234,0.9009,2867.76,500000,-0.0039000000000000007,0.0,-0.007799999999999918,0.008720665112249107,idle,na,na,20260810_141717,True
2870277,0.0156,0.0156,0.9165,2870.277,500000,-0.0039000000000000007,-0.007800000000000001,0.007800000000000029,0.011700000000000021,idle,na,na,20260810_141717,True
2872766,0.0195,0.0195,0.9048,2872.766,500000,0.0,-0.0039000000000000007,-0.0038999999999999035,0.005515432893255003,idle,na,na,20260810_141717,True
2875265,0.0195,0.0273,0.9087,2875.265,500000,0.0,0.0039000000000000007,0.0,0.0039000000000000007,idle,na,na,20260810_141717,True
2877770,0.0117,0.0312,0.9048,2877.77,500000,-0.0078,0.007799999999999998,-0.0038999999999999035,0.011699999999999966,idle,na,na,20260810_141717,True
2880254,0.0117,0.0312,0.9009,2880.254,500000,-0.0078,0.007799999999999998,-0.007799999999999918,0.013509996299037194,idle,na,na,20260810_141717,True
2882774,0.0195,0.0195,0.9165,2882.774,500000,0.0,-0.0039000000000000007,0.007800000000000029,0.008720665112249207,idle,na,na,20260810_141717,True
2885273,0.0195,0.0234,0.9126,2885.273,500000,0.0,0.0,0.0039000000000000146,0.0039000000000000146,idle,na,na,20260810_141717,True
2887754,0.0117,0.0273,0.9126,2887.754,500000,-0.0078,0.0039000000000000007,0.0039000000000000146,0.0095530099968544,idle,na,na,20260810_141717,True
2890250,0.0195,0.0195,0.9126,2890.25,500000,0.0,-0.0039000000000000007,0.0039000000000000146,0.005515432893255082,idle,na,na,20260810_141717,True
2892771,0.0195,0.0273,0.9165,2892.771,500000,0.0,0.0039000000000000007,0.007800000000000029,0.008720665112249207,idle,na,na,20260810_141717,True
2895272,0.0195,0.0273,0.9126,2895.272,500000,0.0,0.0039000000000000007,0.0039000000000000146,0.005515432893255082,idle,na,na,20260810_141717,True
2897777,0.0195,0.0273,0.9126,2897.777,500000,0.0,0.0039000000000000007,0.0039000000000000146,0.005515432893255082,idle,na,na,20260810_141717,True
2900266,0.0195,0.0273,0.9165,2900.266,500000,0.0,0.0039000000000000007,0.007800000000000029,0.008720665112249207,idle,na,na,20260810_141717,True
2902752,0.0195,0.0273,0.9048,2902.752,500000,0.0,0.0039000000000000007,-0.0038999999999999035,0.005515432893255003,idle,na,na,20260810_141717,True
2905279,0.0195,0.0351,0.9087,2905.279,500000,0.0,0.011699999999999999,0.0,0.011699999999999999,idle,na,na,20260810_141717,True
2907758,0.0195,0.0273,0.9048,2907.758,500000,0.0,0.0039000000000000007,-0.0038999999999999035,0.005515432893255003,idle,na,na,20260810_141717,True
2910276,0.0195,0.0312,0.9087,2910.276,500000,0.0,0.007799999999999998,0.0,0.007799999999999998,idle,na,na,20260810_141717,True
2912767,0.0156,0.0273,0.9048,2912.767,500000,-0.0039000000000000007,0.0039000000000000007,-0.0038999999999999035,0.006754998149518567,idle,na,na,20260810_141717,True
2915263,0.0234,0.0195,0.9087,2915.263,500000,0.0039000000000000007,-0.0039000000000000007,0.0,0.005515432893255071,idle,na,na,20260810_141717,True
2917766,0.0234,0.0273,0.9087,2917.766,500000,0.0039000000000000007,0.0039000000000000007,0.0,0.005515432893255071,idle,na,na,20260810_141717,True
2920279,0.0195,0.0234,0.9087,2920.279,500000,0.0,0.0,0.0,0.0,idle,na,na,20260810_141717,True
2922764,0.0156,0.0273,0.9048,2922.764,500000,-0.0039000000000000007,0.0039000000000000007,-0.0038999999999999035,0.006754998149518567,idle,na,na,20260810_141717,True
2925260,0.0195,0.0117,0.9165,2925.26,500000,0.0,-0.0117,0.007800000000000029,0.014061649974309575,idle,na,na,20260810_141717,True
2927778,0.0195,0.0273,0.9165,2927.778,500000,0.0,0.0039000000000000007,0.007800000000000029,0.008720665112249207,idle,na,na,20260810_141717,True
2930253,0.0156,0.0234,0.9126,2930.253,500000,-0.0039000000000000007,0.0,0.0039000000000000146,0.005515432893255082,idle,na,na,20260810_141717,True
2932771,0.0234,0.0195,0.8931,2932.771,500000,0.0039000000000000007,-0.0039000000000000007,-0.015599999999999947,0.016546298679765162,idle,na,na,20260810_141717,True
2935275,0.0156,0.0234,0.9165,2935.275,500000,-0.0039000000000000007,0.0,0.007800000000000029,0.008720665112249207,idle,na,na,20260810_141717,True
2937771,0.0156,0.0234,0.9165,2937.771,500000,-0.0039000000000000007,0.0,0.007800000000000029,0.008720665112249207,idle,na,na,20260810_141717,True
2940276,0.0156,0.0234,0.9048,2940.276,500000,-0.0039000000000000007,0.0,-0.0038999999999999035,0.005515432893255003,idle,na,na,20260810_141717,True
2942765,0.0273,0.0156,0.9009,2942.765,500000,0.007800000000000001,-0.007800000000000001,-0.007799999999999918,0.013509996299037198,idle,na,na,20260810_141717,True
2945261,0.0156,0.0312,0.9126,2945.261,500000,-0.0039000000000000007,0.007799999999999998,0.0039000000000000146,0.0095530099968544,idle,na,na,20260810_141717,True
2947765,0.0156,0.0234,0.9165,2947.765,500000,-0.0039000000000000007,0.0,0.007800000000000029,0.008720665112249207,idle,na,na,20260810_141717,True
2950279,0.0117,0.0312,0.9126,2950.279,500000,-0.0078,0.007799999999999998,0.0039000000000000146,0.011700000000000004,idle,na,na,20260810_141717,True
2952766,0.0195,0.0156,0.9048,2952.766,500000,0.0,-0.007800000000000001,-0.0038999999999999035,0.008720665112249138,idle,na,na,20260810_141717,True
2955262,0.0273,0.0156,0.9048,2955.262,500000,0.007800000000000001,-0.007800000000000001,-0.0038999999999999035,0.011699999999999969,idle,na,na,20260810_141717,True
2957766,0.0234,0.0273,0.9048,2957.766,500000,0.0039000000000000007,0.0039000000000000007,-0.0038999999999999035,0.006754998149518567,idle,na,na,20260810_141717,True
2960256,0.0195,0.0234,0.9087,2960.256,500000,0.0,0.0,0.0,0.0,idle,na,na,20260810_141717,True
2962759,0.0156,0.0195,0.9126,2962.759,500000,-0.0039000000000000007,-0.0039000000000000007,0.0039000000000000146,0.006754998149518631,idle,na,na,20260810_141717,True
2965266,0.0195,0.0234,0.9009,2965.266,500000,0.0,0.0,-0.007799999999999918,0.007799999999999918,idle,na,na,20260810_141717,True
2967772,0.0195,0.0234,0.9126,2967.772,500000,0.0,0.0,0.0039000000000000146,0.0039000000000000146,idle,na,na,20260810_141717,True
2970280,0.0234,0.0273,0.9087,2970.28,500000,0.0039000000000000007,0.0039000000000000007,0.0,0.005515432893255071,idle,na,na,20260810_141717,True
2972767,0.0195,0.0234,0.9087,2972.767,500000,0.0,0.0,0.0,0.0,idle,na,na,20260810_141717,True
2975264,0.0156,0.0234,0.9126,2975.264,500000,-0.0039000000000000007,0.0,0.0039000000000000146,0.005515432893255082,idle,na,na,20260810_141717,True
2977767,0.0156,0.0234,0.9126,2977.767,500000,-0.0039000000000000007,0.0,0.0039000000000000146,0.005515432893255082,idle,na,na,20260810_141717,True
2980250,0.0117,0.0234,0.9009,2980.25,500000,-0.0078,0.0,-0.007799999999999918,0.011030865786510084,idle,na,na,20260810_141717,True
2982773,0.0117,0.0273,0.9048,2982.773,500000,-0.0078,0.0039000000000000007,-0.0038999999999999035,0.009553009996854355,idle,na,na,20260810_141717,True
2985274,0.0195,0.0234,0.9048,2985.274,500000,0.0,0.0,-0.0038999999999999035,0.0038999999999999035,idle,na,na,20260810_141717,True
2987763,0.0195,0.0234,0.9126,2987.763,500000,0.0,0.0,0.0039000000000000146,0.0039000000000000146,idle,na,na,20260810_141717,True
2990261,0.0117,0.0312,0.897,2990.261,500000,-0.0078,0.007799999999999998,-0.011699999999999933,0.016080111939908825,idle,na,na,20260810_141717,True
2992772,0.0234,0.0273,0.9087,2992.772,500000,0.0039000000000000007,0.0039000000000000007,0.0,0.005515432893255071,idle,na,na,20260810_141717,True
2995259,0.0156,0.0273,0.9087,2995.259,500000,-0.0039000000000000007,0.0039000000000000007,0.0,0.005515432893255071,idle,na,na,20260810_141717,True
2997764,0.0156,0.0273,0.9048,2997.764,500000,-0.0039000000000000007,0.0039000000000000007,-0.0038999999999999035,0.006754998149518567,idle,na,na,20260810_141717,True
3000257,0.0156,0.0234,0.9165,3000.257,500000,-0.0039000000000000007,0.0,0.007800000000000029,0.008720665112249207,idle,na,na,20260810_141717,True
3002777,0.0156,0.0234,0.9165,3002.777,500000,-0.0039000000000000007,0.0,0.007800000000000029,0.008720665112249207,idle,na,na,20260810_141717,True
3005274,0.0234,0.0117,0.9087,3005.274,500000,0.0039000000000000007,-0.0117,0.0,0.01233288287465668,idle,na,na,20260810_141717,True
3007778,0.0234,0.0156,0.9126,3007.778,500000,0.0039000000000000007,-0.007800000000000001,0.0039000000000000146,0.009553009996854402,idle,na,na,20260810_141717,True
3010263,0.0117,0.0234,0.9048,3010.263,500000,-0.0078,0.0,-0.0038999999999999035,0.008720665112249136,idle,na,na,20260810_141717,True
3012761,0.0117,0.0273,0.9048,3012.761,500000,-0.0078,0.0039000000000000007,-0.0038999999999999035,0.009553009996854355,idle,na,na,20260810_141717,True
3015259,0.0195,0.0195,0.9126,3015.259,500000,0.0,-0.0039000000000000007,0.0039000000000000146,0.005515432893255082,idle,na,na,20260810_141717,True
3017763,0.0195,0.0195,0.9126,3017.763,500000,0.0,-0.0039000000000000007,0.0039000000000000146,0.005515432893255082,idle,na,na,20260810_141717,True
3020275,0.0234,0.0273,0.9321,3020.275,500000,0.0039000000000000007,0.0039000000000000007,0.023400000000000087,0.024041214611579095,idle,na,na,20260810_141717,True
3022765,0.0156,0.0156,0.9087,3022.765,500000,-0.0039000000000000007,-0.007800000000000001,0.0,0.008720665112249181,idle,na,na,20260810_141717,True
3025261,0.0195,0.0273,0.9087,3025.261,500000,0.0,0.0039000000000000007,0.0,0.0039000000000000007,idle,na,na,20260810_141717,True
3027765,0.0195,0.0234,0.9126,3027.765,500000,0.0,0.0,0.0039000000000000146,0.0039000000000000146,idle,na,na,20260810_141717,True
3030279,0.0117,0.0312,0.9048,3030.279,500000,-0.0078,0.007799999999999998,-0.0038999999999999035,0.011699999999999966,idle,na,na,20260810_141717,True
3032772,0.0195,0.0234,0.9126,3032.772,500000,0.0,0.0,0.0039000000000000146,0.0039000000000000146,idle,na,na,20260810_141717,True
3035277,0.0078,0.0234,0.9165,3035.277,500000,-0.0117,0.0,0.007800000000000029,0.014061649974309575,idle,na,na,20260810_141717,True
3037771,0.0195,0.0273,0.9009,3037.771,500000,0.0,0.0039000000000000007,-0.007799999999999918,0.008720665112249107,idle,na,na,20260810_141717,True
3040252,0.0156,0.0234,0.9087,3040.252,500000,-0.0039000000000000007,0.0,0.0,0.0039000000000000007,idle,na,na,20260810_141717,True
3042772,0.0234,0.0234,0.9126,3042.772,500000,0.0039000000000000007,0.0,0.0039000000000000146,0.005515432893255082,idle,na,na,20260810_141717,True
3045269,0.0117,0.0273,0.9009,3045.269,500000,-0.0078,0.0039000000000000007,-0.007799999999999918,0.011699999999999945,idle,na,na,20260810_141717,True
3047772,0.0156,0.0273,0.9204,3047.772,500000,-0.0039000000000000007,0.0039000000000000007,0.011700000000000044,0.012934836682386099,idle,na,na,20260810_141717,True
3050253,0.0156,0.0273,0.9204,3050.253,500000,-0.0039000000000000007,0.0039000000000000007,0.011700000000000044,0.012934836682386099,idle,na,na,20260810_141717,True
3052771,0.0234,0.0195,0.9048,3052.771,500000,0.0039000000000000007,-0.0039000000000000007,-0.0038999999999999035,0.006754998149518567,idle,na,na,20260810_141717,True
3055264,0.0195,0.0234,0.9087,3055.264,500000,0.0,0.0,0.0,0.0,idle,na,na,20260810_141717,True
3057767,0.0156,0.0234,0.9087,3057.767,500000,-0.0039000000000000007,0.0,0.0,0.0039000000000000007,idle,na,na,20260810_141717,True
3060251,0.0195,0.0234,0.9126,3060.251,500000,0.0,0.0,0.0039000000000000146,0.0039000000000000146,idle,na,na,20260810_141717,True
3062751,0.0273,0.0234,0.9048,3062.751,500000,0.007800000000000001,0.0,-0.0038999999999999035,0.008720665112249138,idle,na,na,20260810_141717,True
3065279,0.0234,0.0234,0.9048,3065.279,500000,0.0039000000000000007,0.0,-0.0038999999999999035,0.005515432893255003,idle,na,na,20260810_141717,True
3067758,0.0195,0.0273,0.9165,3067.758,500000,0.0,0.0039000000000000007,0.007800000000000029,0.008720665112249207,idle,na,na,20260810_141717,True
3070276,0.0156,0.0312,0.9009,3070.276,500000,-0.0039000000000000007,0.007799999999999998,-0.007799999999999918,0.011699999999999945,idle,na,na,20260810_141717,True
3072754,0.0195,0.0273,0.9048,3072.754,500000,0.0,0.0039000000000000007,-0.0038999999999999035,0.005515432893255003,idle,na,na,20260810_141717,True
3075258,0.0156,0.0273,0.9126,3075.258,500000,-0.0039000000000000007,0.0039000000000000007,0.0039000000000000146,0.006754998149518631,idle,na,na,20260810_141717,True
3077762,0.0156,0.0234,0.9165,3077.762,500000,-0.0039000000000000007,0.0,0.007800000000000029,0.008720665112249207,idle,na,na,20260810_141717,True
3080278,0.0156,0.0273,0.9126,3080.278,500000,-0.0039000000000000007,0.0039000000000000007,0.0039000000000000146,0.006754998149518631,idle,na,na,20260810_141717,True
3082771,0.0117,0.0312,0.9087,3082.771,500000,-0.0078,0.007799999999999998,0.0,0.011030865786510139,idle,na,na,20260810_141717,True
3085264,0.0195,0.0195,0.9048,3085.264,500000,0.0,-0.0039000000000000007,-0.0038999999999999035,0.005515432893255003,idle,na,na,20260810_141717,True
3087775,0.0195,0.0273,0.9009,3087.775,500000,0.0,0.0039000000000000007,-0.007799999999999918,0.008720665112249107,idle,na,na,20260810_141717,True
3090272,0.0117,0.0234,0.9048,3090.272,500000,-0.0078,0.0,-0.0038999999999999035,0.008720665112249136,idle,na,na,20260810_141717,True
3092766,0.0234,0.0273,0.9087,3092.766,500000,0.0039000000000000007,0.0039000000000000007,0.0,0.005515432893255071,idle,na,na,20260810_141717,True
3095268,0.0156,0.0234,0.9126,3095.268,500000,-0.0039000000000000007,0.0,0.0039000000000000146,0.005515432893255082,idle,na,na,20260810_141717,True
3097772,0.0195,0.0273,0.9165,3097.772,500000,0.0,0.0039000000000000007,0.007800000000000029,0.008720665112249207,idle,na,na,20260810_141717,True
3100260,0.0156,0.0234,0.9087,3100.26,500000,-0.0039000000000000007,0.0,0.0,0.0039000000000000007,idle,na,na,20260810_141717,True
3102754,0.0156,0.0273,0.9087,3102.754,500000,-0.0039000000000000007,0.0039000000000000007,0.0,0.005515432893255071,idle,na,na,20260810_141717,True
3105251,0.0078,0.0273,0.9126,3105.251,500000,-0.0117,0.0039000000000000007,0.0039000000000000146,0.012934836682386064,idle,na,na,20260810_141717,True
3107760,0.0078,0.0273,0.9126,3107.76,500000,-0.0117,0.0039000000000000007,0.0039000000000000146,0.012934836682386064,idle,na,na,20260810_141717,True
3110276,0.0117,0.0234,0.9126,3110.276,500000,-0.0078,0.0,0.0039000000000000146,0.008720665112249186,idle,na,na,20260810_141717,True
3112761,0.0156,0.0273,0.9048,3112.761,500000,-0.0039000000000000007,0.0039000000000000007,-0.0038999999999999035,0.006754998149518567,idle,na,na,20260810_141717,True
3115253,0.0195,0.0312,0.9243,3115.253,500000,0.0,0.007799999999999998,0.015600000000000058,0.01744133022449841,idle,na,na,20260810_141717,True
3117761,0.0195,0.0273,0.9126,3117.761,500000,0.0,0.0039000000000000007,0.0039000000000000146,0.005515432893255082,idle,na,na,20260810_141717,True
3120268,0.0234,0.0234,0.9126,3120.268,500000,0.0039000000000000007,0.0,0.0039000000000000146,0.005515432893255082,idle,na,na,20260810_141717,True
3122760,0.0195,0.0234,0.9204,3122.76,500000,0.0,0.0,0.011700000000000044,0.011700000000000044,idle,na,na,20260810_141717,True
3125252,0.0156,0.0234,0.9243,3125.252,500000,-0.0039000000000000007,0.0,0.015600000000000058,0.016080111939908933,idle,na,na,20260810_141717,True
3127773,0.0273,0.0195,0.9126,3127.773,500000,0.007800000000000001,-0.0039000000000000007,0.0039000000000000146,0.009553009996854402,idle,na,na,20260810_141717,True
3130260,0.0117,0.0234,0.9165,3130.26,500000,-0.0078,0.0,0.007800000000000029,0.011030865786510162,idle,na,na,20260810_141717,True
3132774,0.0156,0.0234,0.9126,3132.774,500000,-0.0039000000000000007,0.0,0.0039000000000000146,0.005515432893255082,idle,na,na,20260810_141717,True
3135251,0.0195,0.0273,0.9087,3135.251,500000,0.0,0.0039000000000000007,0.0,0.0039000000000000007,idle,na,na,20260810_141717,True
3137772,0.0156,0.0273,0.9126,3137.772,500000,-0.0039000000000000007,0.0039000000000000007,0.0039000000000000146,0.006754998149518631,idle,na,na,20260810_141717,True
3140263,0.0234,0.0312,0.9204,3140.263,500000,0.0039000000000000007,0.007799999999999998,0.011700000000000044,0.014592463808418405,idle,na,na,20260810_141717,True
3142777,0.0195,0.0234,0.897,3142.777,500000,0.0,0.0,-0.011699999999999933,0.011699999999999933,idle,na,na,20260810_141717,True
3145277,0.0195,0.0234,0.9048,3145.277,500000,0.0,0.0,-0.0038999999999999035,0.0038999999999999035,idle,na,na,20260810_141717,True
3147755,0.0234,0.0195,0.9087,3147.755,500000,0.0039000000000000007,-0.0039000000000000007,0.0,0.005515432893255071,idle,na,na,20260810_141717,True
3150266,0.0156,0.0273,0.9126,3150.266,500000,-0.0039000000000000007,0.0039000000000000007,0.0039000000000000146,0.006754998149518631,idle,na,na,20260810_141717,True
3152763,0.0195,0.0234,0.9009,3152.763,500000,0.0,0.0,-0.007799999999999918,0.007799999999999918,idle,na,na,20260810_141717,True
3155256,0.0156,0.0351,0.9048,3155.256,500000,-0.0039000000000000007,0.011699999999999999,-0.0038999999999999035,0.01293483668238603,idle,na,na,20260810_141717,True
3157764,0.0273,0.0273,0.897,3157.764,500000,0.007800000000000001,0.0039000000000000007,-0.011699999999999933,0.014592463808418318,idle,na,na,20260810_141717,True
3160250,0.0156,0.0234,0.9009,3160.25,500000,-0.0039000000000000007,0.0,-0.007799999999999918,0.008720665112249107,idle,na,na,20260810_141717,True
3162770,0.0234,0.0273,0.9165,3162.77,500000,0.0039000000000000007,0.0039000000000000007,0.007800000000000029,0.00955300999685442,idle,na,na,20260810_141717,True
3165263,0.0117,0.0273,0.9126,3165.263,500000,-0.0078,0.0039000000000000007,0.0039000000000000146,0.0095530099968544,idle,na,na,20260810_141717,True
3167766,0.0156,0.0273,0.9204,3167.766,500000,-0.0039000000000000007,0.0039000000000000007,0.011700000000000044,0.012934836682386099,idle,na,na,20260810_141717,True
3170275,0.0195,0.0273,0.9087,3170.275,500000,0.0,0.0039000000000000007,0.0,0.0039000000000000007,idle,na,na,20260810_141717,True
3172763,0.0273,0.0195,0.9009,3172.763,500000,0.007800000000000001,-0.0039000000000000007,-0.007799999999999918,0.011699999999999947,idle,na,na,20260810_141717,True
3175255,0.0156,0.0195,0.9165,3175.255,500000,-0.0039000000000000007,-0.0039000000000000007,0.007800000000000029,0.00955300999685442,idle,na,na,20260810_141717,True
3177763,0.0195,0.0234,0.9048,3177.763,500000,0.0,0.0,-0.0038999999999999035,0.0038999999999999035,idle,na,na,20260810_141717,True
3180271,0.0195,0.0195,0.9126,3180.271,500000,0.0,-0.0039000000000000007,0.0039000000000000146,0.005515432893255082,idle,na,na,20260810_141717,True
3182764,0.0234,0.0195,0.9087,3182.764,500000,0.0039000000000000007,-0.0039000000000000007,0.0,0.005515432893255071,idle,na,na,20260810_141717,True
3185262,0.0195,0.0195,0.9048,3185.262,500000,0.0,-0.0039000000000000007,-0.0038999999999999035,0.005515432893255003,idle,na,na,20260810_141717,True
3187772,0.0195,0.0234,0.9087,3187.772,500000,0.0,0.0,0.0,0.0,idle,na,na,20260810_141717,True
3190268,0.0195,0.0273,0.9087,3190.268,500000,0.0,0.0039000000000000007,0.0,0.0039000000000000007,idle,na,na,20260810_141717,True
3192754,0.0195,0.0234,0.9126,3192.754,500000,0.0,0.0,0.0039000000000000146,0.0039000000000000146,idle,na,na,20260810_141717,True
3195260,0.0195,0.0234,0.9087,3195.26,500000,0.0,0.0,0.0,0.0,idle,na,na,20260810_141717,True
3197764,0.0156,0.0234,0.9087,3197.764,500000,-0.0039000000000000007,0.0,0.0,0.0039000000000000007,idle,na,na,20260810_141717,True
3200252,0.0195,0.0234,0.9126,3200.252,500000,0.0,0.0,0.0039000000000000146,0.0039000000000000146,idle,na,na,20260810_141717,True
3202771,0.0156,0.0273,0.9048,3202.771,500000,-0.0039000000000000007,0.0039000000000000007,-0.0038999999999999035,0.006754998149518567,idle,na,na,20260810_141717,True
3205268,0.0156,0.0273,0.9009,3205.268,500000,-0.0039000000000000007,0.0039000000000000007,-0.007799999999999918,0.009553009996854328,idle,na,na,20260810_141717,True
3207771,0.0195,0.0195,0.9087,3207.771,500000,0.0,-0.0039000000000000007,0.0,0.0039000000000000007,idle,na,na,20260810_141717,True
3210256,0.0156,0.0234,0.9087,3210.256,500000,-0.0039000000000000007,0.0,0.0,0.0039000000000000007,idle,na,na,20260810_141717,True
3212771,0.0156,0.0234,0.9087,3212.771,500000,-0.0039000000000000007,0.0,0.0,0.0039000000000000007,idle,na,na,20260810_141717,True
3215262,0.0156,0.0117,0.9165,3215.262,500000,-0.0039000000000000007,-0.0117,0.007800000000000029,0.014592463808418388,idle,na,na,20260810_141717,True
3217765,0.0117,0.0234,0.9009,3217.765,500000,-0.0078,0.0,-0.007799999999999918,0.011030865786510084,idle,na,na,20260810_141717,True
3220272,0.0156,0.0351,0.9009,3220.272,500000,-0.0039000000000000007,0.011699999999999999,-0.007799999999999918,0.014592463808418327,idle,na,na,20260810_141717,True
3222765,0.0234,0.0234,0.9009,3222.765,500000,0.0039000000000000007,0.0,-0.007799999999999918,0.008720665112249107,idle,na,na,20260810_141717,True
3225257,0.0234,0.0234,0.9204,3225.257,500000,0.0039000000000000007,0.0,0.011700000000000044,0.012332882874656722,idle,na,na,20260810_141717,True
3227765,0.0234,0.0195,0.9126,3227.765,500000,0.0039000000000000007,-0.0039000000000000007,0.0039000000000000146,0.006754998149518631,idle,na,na,20260810_141717,True
3230272,0.0156,0.0273,0.9087,3230.272,500000,-0.0039000000000000007,0.0039000000000000007,0.0,0.005515432893255071,idle,na,na,20260810_141717,True
3232765,0.0234,0.0156,0.9126,3232.765,500000,0.0039000000000000007,-0.007800000000000001,0.0039000000000000146,0.009553009996854402,idle,na,na,20260810_141717,True
3235254,0.0273,0.0195,0.9126,3235.254,500000,0.007800000000000001,-0.0039000000000000007,0.0039000000000000146,0.009553009996854402,idle,na,na,20260810_141717,True
3237773,0.0195,0.0273,0.9165,3237.773,500000,0.0,0.0039000000000000007,0.007800000000000029,0.008720665112249207,idle,na,na,20260810_141717,True
3240265,0.0195,0.0234,0.9126,3240.265,500000,0.0,0.0,0.0039000000000000146,0.0039000000000000146,idle,na,na,20260810_141717,True
3242754,0.0156,0.0234,0.9087,3242.754,500000,-0.0039000000000000007,0.0,0.0,0.0039000000000000007,idle,na,na,20260810_141717,True
3245251,0.0078,0.0273,0.9165,3245.251,500000,-0.0117,0.0039000000000000007,0.007800000000000029,0.014592463808418388,idle,na,na,20260810_141717,True
3247759,0.0156,0.0273,0.9165,3247.759,500000,-0.0039000000000000007,0.0039000000000000007,0.007800000000000029,0.00955300999685442,idle,na,na,20260810_141717,True
3250272,0.0156,0.0273,0.9087,3250.272,500000,-0.0039000000000000007,0.0039000000000000007,0.0,0.005515432893255071,idle,na,na,20260810_141717,True
3252762,0.0195,0.0234,0.9087,3252.762,500000,0.0,0.0,0.0,0.0,idle,na,na,20260810_141717,True
3255253,0.0156,0.0273,0.9165,3255.253,500000,-0.0039000000000000007,0.0039000000000000007,0.007800000000000029,0.00955300999685442,idle,na,na,20260810_141717,True
3257776,0.0195,0.0312,0.9087,3257.776,500000,0.0,0.007799999999999998,0.0,0.007799999999999998,idle,na,na,20260810_141717,True
3260271,0.0195,0.0234,0.9048,3260.271,500000,0.0,0.0,-0.0038999999999999035,0.0038999999999999035,idle,na,na,20260810_141717,True
3262764,0.0156,0.0195,0.9048,3262.764,500000,-0.0039000000000000007,-0.0039000000000000007,-0.0038999999999999035,0.006754998149518567,idle,na,na,20260810_141717,True
3265258,0.0195,0.0195,0.9048,3265.258,500000,0.0,-0.0039000000000000007,-0.0038999999999999035,0.005515432893255003,idle,na,na,20260810_141717,True
3267760,0.0195,0.0312,0.9048,3267.76,500000,0.0,0.007799999999999998,-0.0038999999999999035,0.008720665112249134,idle,na,na,20260810_141717,True
3270268,0.0156,0.0234,0.9048,3270.268,500000,-0.0039000000000000007,0.0,-0.0038999999999999035,0.005515432893255003,idle,na,na,20260810_141717,True
3272765,0.0195,0.0234,0.9204,3272.765,500000,0.0,0.0,0.011700000000000044,0.011700000000000044,idle,na,na,20260810_141717,True
3275258,0.0156,0.0273,0.9087,3275.258,500000,-0.0039000000000000007,0.0039000000000000007,0.0,0.005515432893255071,idle,na,na,20260810_141717,True
3277761,0.0234,0.0234,0.9126,3277.761,500000,0.0039000000000000007,0.0,0.0039000000000000146,0.005515432893255082,idle,na,na,20260810_141717,True
3280269,0.0195,0.0234,0.9087,3280.269,500000,0.0,0.0,0.0,0.0,idle,na,na,20260810_141717,True
3282760,0.0156,0.0312,0.9087,3282.76,500000,-0.0039000000000000007,0.007799999999999998,0.0,0.00872066511224918,idle,na,na,20260810_141717,True
3285257,0.0234,0.0234,0.9048,3285.257,500000,0.0039000000000000007,0.0,-0.0038999999999999035,0.005515432893255003,idle,na,na,20260810_141717,True
3287751,0.0195,0.0234,0.9087,3287.751,500000,0.0,0.0,0.0,0.0,idle,na,na,20260810_141717,True
3290277,0.0117,0.0234,0.9087,3290.277,500000,-0.0078,0.0,0.0,0.0078,idle,na,na,20260810_141717,True
3292767,0.0117,0.0234,0.9009,3292.767,500000,-0.0078,0.0,-0.007799999999999918,0.011030865786510084,idle,na,na,20260810_141717,True
3295270,0.0117,0.0273,0.9009,3295.27,500000,-0.0078,0.0039000000000000007,-0.007799999999999918,0.011699999999999945,idle,na,na,20260810_141717,True
3297774,0.0117,0.0195,0.9048,3297.774,500000,-0.0078,-0.0039000000000000007,-0.0038999999999999035,0.009553009996854355,idle,na,na,20260810_141717,True
3300263,0.0234,0.0234,0.9165,3300.263,500000,0.0039000000000000007,0.0,0.007800000000000029,0.008720665112249207,idle,na,na,20260810_141717,True
3302780,0.0156,0.0273,0.9048,3302.78,500000,-0.0039000000000000007,0.0039000000000000007,-0.0038999999999999035,0.006754998149518567,idle,na,na,20260810_141717,True
3305278,0.0195,0.0234,0.9048,3305.278,500000,0.0,0.0,-0.0038999999999999035,0.0038999999999999035,idle,na,na,20260810_141717,True
3307757,0.0078,0.0234,0.9126,3307.757,500000,-0.0117,0.0,0.0039000000000000146,0.012332882874656684,idle,na,na,20260810_141717,True
3310272,0.0156,0.0312,0.9048,3310.272,500000,-0.0039000000000000007,0.007799999999999998,-0.0038999999999999035,0.009553009996854354,idle,na,na,20260810_141717,True
3312764,0.0156,0.0234,0.9126,3312.764,500000,-0.0039000000000000007,0.0,0.0039000000000000146,0.005515432893255082,idle,na,na,20260810_141717,True
3315258,0.0234,0.0195,0.9087,3315.258,500000,0.0039000000000000007,-0.0039000000000000007,0.0,0.005515432893255071,idle,na,na,20260810_141717,True
3317761,0.0234,0.0195,0.9087,3317.761,500000,0.0039000000000000007,-0.0039000000000000007,0.0,0.005515432893255071,idle,na,na,20260810_141717,True
3320268,0.0156,0.0195,0.9165,3320.268,500000,-0.0039000000000000007,-0.0039000000000000007,0.007800000000000029,0.00955300999685442,idle,na,na,20260810_141717,True
3322771,0.0195,0.0312,0.9126,3322.771,500000,0.0,0.007799999999999998,0.0039000000000000146,0.008720665112249185,idle,na,na,20260810_141717,True
3325271,0.0234,0.0234,0.9165,3325.271,500000,0.0039000000000000007,0.0,0.007800000000000029,0.008720665112249207,idle,na,na,20260810_141717,True
3327777,0.0195,0.0312,0.9087,3327.777,500000,0.0,0.007799999999999998,0.0,0.007799999999999998,idle,na,na,20260810_141717,True
3330260,0.0156,0.0234,0.9087,3330.26,500000,-0.0039000000000000007,0.0,0.0,0.0039000000000000007,idle,na,na,20260810_141717,True
3332751,0.0234,0.0156,0.9126,3332.751,500000,0.0039000000000000007,-0.007800000000000001,0.0039000000000000146,0.009553009996854402,idle,na,na,20260810_141717,True
3335277,0.0195,0.0273,0.9126,3335.277,500000,0.0,0.0039000000000000007,0.0039000000000000146,0.005515432893255082,idle,na,na,20260810_141717,True
3337777,0.0195,0.039,0.9126,3337.777,500000,0.0,0.0156,0.0039000000000000146,0.016080111939908878,idle,na,na,20260810_141717,True
3340271,0.0234,0.0117,0.9087,3340.271,500000,0.0039000000000000007,-0.0117,0.0,0.01233288287465668,idle,na,na,20260810_141717,True
3342766,0.0273,0.0195,0.9126,3342.766,500000,0.007800000000000001,-0.0039000000000000007,0.0039000000000000146,0.009553009996854402,idle,na,na,20260810_141717,True
3345265,0.0117,0.0234,0.9126,3345.265,500000,-0.0078,0.0,0.0039000000000000146,0.008720665112249186,idle,na,na,20260810_141717,True
3347767,0.0117,0.0312,0.9126,3347.767,500000,-0.0078,0.007799999999999998,0.0039000000000000146,0.011700000000000004,idle,na,na,20260810_141717,True
3350280,0.0156,0.0195,0.9204,3350.28,500000,-0.0039000000000000007,-0.0039000000000000007,0.011700000000000044,0.012934836682386099,idle,na,na,20260810_141717,True
3352767,0.0117,0.0273,0.9087,3352.767,500000,-0.0078,0.0039000000000000007,0.0,0.00872066511224918,idle,na,na,20260810_141717,True
3355260,0.0195,0.0273,0.9087,3355.26,500000,0.0,0.0039000000000000007,0.0,0.0039000000000000007,idle,na,na,20260810_141717,True
3357763,0.0195,0.0234,0.9165,3357.763,500000,0.0,0.0,0.007800000000000029,0.007800000000000029,idle,na,na,20260810_141717,True
3360278,0.0195,0.0195,0.9087,3360.278,500000,0.0,-0.0039000000000000007,0.0,0.0039000000000000007,idle,na,na,20260810_141717,True
3362765,0.0117,0.0234,0.9048,3362.765,500000,-0.0078,0.0,-0.0038999999999999035,0.008720665112249136,idle,na,na,20260810_141717,True
3365258,0.0156,0.0234,0.9087,3365.258,500000,-0.0039000000000000007,0.0,0.0,0.0039000000000000007,idle,na,na,20260810_141717,True
3367763,0.0195,0.0195,0.9009,3367.763,500000,0.0,-0.0039000000000000007,-0.007799999999999918,0.008720665112249107,idle,na,na,20260810_141717,True
3370275,0.0195,0.0234,0.9126,3370.275,500000,0.0,0.0,0.0039000000000000146,0.0039000000000000146,idle,na,na,20260810_141717,True
3372760,0.0156,0.0351,0.9009,3372.76,500000,-0.0039000000000000007,0.011699999999999999,-0.007799999999999918,0.014592463808418327,idle,na,na,20260810_141717,True
3375253,0.0156,0.0234,0.9048,3375.253,500000,-0.0039000000000000007,0.0,-0.0038999999999999035,0.005515432893255003,idle,na,na,20260810_141717,True
3377761,0.0195,0.0273,0.9321,3377.761,500000,0.0,0.0039000000000000007,0.023400000000000087,0.023722773868163145,idle,na,na,20260810_141717,True
3380270,0.0117,0.0273,0.9126,3380.27,500000,-0.0078,0.0039000000000000007,0.0039000000000000146,0.0095530099968544,idle,na,na,20260810_141717,True
3382760,0.0156,0.0273,0.9048,3382.76,500000,-0.0039000000000000007,0.0039000000000000007,-0.0038999999999999035,0.006754998149518567,idle,na,na,20260810_141717,True
3385258,0.0195,0.0234,0.9126,3385.258,500000,0.0,0.0,0.0039000000000000146,0.0039000000000000146,idle,na,na,20260810_141717,True
3387750,0.0195,0.0273,0.9087,3387.75,500000,0.0,0.0039000000000000007,0.0,0.0039000000000000007,idle,na,na,20260810_141717,True
3390268,0.0156,0.0234,0.9087,3390.268,500000,-0.0039000000000000007,0.0,0.0,0.0039000000000000007,idle,na,na,20260810_141717,True
3392765,0.0156,0.0234,0.9087,3392.765,500000,-0.0039000000000000007,0.0,0.0,0.0039000000000000007,idle,na,na,20260810_141717,True
3395270,0.0195,0.0195,0.9126,3395.27,500000,0.0,-0.0039000000000000007,0.0039000000000000146,0.005515432893255082,idle,na,na,20260810_141717,True
3397773,0.0234,0.0195,0.9204,3397.773,500000,0.0039000000000000007,-0.0039000000000000007,0.011700000000000044,0.012934836682386099,idle,na,na,20260810_141717,True
3400259,0.0195,0.0234,0.9165,3400.259,500000,0.0,0.0,0.007800000000000029,0.007800000000000029,idle,na,na,20260810_141717,True
3402778,0.0156,0.0234,0.9126,3402.778,500000,-0.0039000000000000007,0.0,0.0039000000000000146,0.005515432893255082,idle,na,na,20260810_141717,True
3405278,0.0117,0.0273,0.9009,3405.278,500000,-0.0078,0.0039000000000000007,-0.007799999999999918,0.011699999999999945,idle,na,na,20260810_141717,True
3407757,0.0156,0.0273,0.9126,3407.757,500000,-0.0039000000000000007,0.0039000000000000007,0.0039000000000000146,0.006754998149518631,idle,na,na,20260810_141717,True
3410272,0.0156,0.0273,0.9087,3410.272,500000,-0.0039000000000000007,0.0039000000000000007,0.0,0.005515432893255071,idle,na,na,20260810_141717,True
3412764,0.0156,0.0234,0.897,3412.764,500000,-0.0039000000000000007,0.0,-0.011699999999999933,0.012332882874656616,idle,na,na,20260810_141717,True
3415258,0.0195,0.0234,0.9165,3415.258,500000,0.0,0.0,0.007800000000000029,0.007800000000000029,idle,na,na,20260810_141717,True
3417761,0.0117,0.0273,0.9165,3417.761,500000,-0.0078,0.0039000000000000007,0.007800000000000029,0.01170000000000002,idle,na,na,20260810_141717,True
3420268,0.0195,0.0234,0.9048,3420.268,500000,0.0,0.0,-0.0038999999999999035,0.0038999999999999035,idle,na,na,20260810_141717,True
3422759,0.0195,0.0234,0.9048,3422.759,500000,0.0,0.0,-0.0038999999999999035,0.0038999999999999035,idle,na,na,20260810_141717,True
3425251,0.0195,0.0273,0.9048,3425.251,500000,0.0,0.0039000000000000007,-0.0038999999999999035,0.005515432893255003,idle,na,na,20260810_141717,True
3427760,0.0078,0.0273,0.9048,3427.76,500000,-0.0117,0.0039000000000000007,-0.0038999999999999035,0.012934836682386031,idle,na,na,20260810_141717,True
3430269,0.0156,0.0312,0.9087,3430.269,500000,-0.0039000000000000007,0.007799999999999998,0.0,0.00872066511224918,idle,na,na,20260810_141717,True
3432761,0.0273,0.0234,0.9087,3432.761,500000,0.007800000000000001,0.0,0.0,0.007800000000000001,idle,na,na,20260810_141717,True
3435256,0.0156,0.0234,0.9165,3435.256,500000,-0.0039000000000000007,0.0,0.007800000000000029,0.008720665112249207,idle,na,na,20260810_141717,True
3437764,0.0195,0.0156,0.9048,3437.764,500000,0.0,-0.007800000000000001,-0.0038999999999999035,0.008720665112249138,idle,na,na,20260810_141717,True
3440253,0.0195,0.0195,0.9048,3440.253,500000,0.0,-0.0039000000000000007,-0.0038999999999999035,0.005515432893255003,idle,na,na,20260810_141717,True
3442775,0.0234,0.0156,0.9243,3442.775,500000,0.0039000000000000007,-0.007800000000000001,0.015600000000000058,0.017872045210327828,idle,na,na,20260810_141717,True
3445272,0.0156,0.0273,0.9126,3445.272,500000,-0.0039000000000000007,0.0039000000000000007,0.0039000000000000146,0.006754998149518631,idle,na,na,20260810_141717,True
3447775,0.0234,0.0273,0.9165,3447.775,500000,0.0039000000000000007,0.0039000000000000007,0.007800000000000029,0.00955300999685442,idle,na,na,20260810_141717,True
3450255,0.0156,0.0273,0.9048,3450.255,500000,-0.0039000000000000007,0.0039000000000000007,-0.0038999999999999035,0.006754998149518567,idle,na,na,20260810_141717,True
3452777,0.0156,0.0273,0.9126,3452.777,500000,-0.0039000000000000007,0.0039000000000000007,0.0039000000000000146,0.006754998149518631,idle,na,na,20260810_141717,True
3455260,0.0234,0.0234,0.9087,3455.26,500000,0.0039000000000000007,0.0,0.0,0.0039000000000000007,idle,na,na,20260810_141717,True
3457767,0.0234,0.0195,0.9087,3457.767,500000,0.0039000000000000007,-0.0039000000000000007,0.0,0.005515432893255071,idle,na,na,20260810_141717,True
3460262,0.0156,0.0273,0.9087,3460.262,500000,-0.0039000000000000007,0.0039000000000000007,0.0,0.005515432893255071,idle,na,na,20260810_141717,True
3462762,0.0195,0.0234,0.9126,3462.762,500000,0.0,0.0,0.0039000000000000146,0.0039000000000000146,idle,na,na,20260810_141717,True
3465260,0.0156,0.0195,0.9087,3465.26,500000,-0.0039000000000000007,-0.0039000000000000007,0.0,0.005515432893255071,idle,na,na,20260810_141717,True
3467766,0.0156,0.0273,0.9204,3467.766,500000,-0.0039000000000000007,0.0039000000000000007,0.011700000000000044,0.012934836682386099,idle,na,na,20260810_141717,True
3470276,0.0117,0.0273,0.9048,3470.276,500000,-0.0078,0.0039000000000000007,-0.0038999999999999035,0.009553009996854355,idle,na,na,20260810_141717,True
3472764,0.0234,0.0273,0.9087,3472.764,500000,0.0039000000000000007,0.0039000000000000007,0.0,0.005515432893255071,idle,na,na,20260810_141717,True
3475260,0.0234,0.0195,0.9126,3475.26,500000,0.0039000000000000007,-0.0039000000000000007,0.0039000000000000146,0.006754998149518631,idle,na,na,20260810_141717,True
3477765,0.0195,0.0156,0.9048,3477.765,500000,0.0,-0.007800000000000001,-0.0038999999999999035,0.008720665112249138,idle,na,na,20260810_141717,True
3480277,0.0234,0.0273,0.9009,3480.277,500000,0.0039000000000000007,0.0039000000000000007,-0.007799999999999918,0.009553009996854328,idle,na,na,20260810_141717,True
3482767,0.0156,0.0312,0.9048,3482.767,500000,-0.0039000000000000007,0.007799999999999998,-0.0038999999999999035,0.009553009996854354,idle,na,na,20260810_141717,True
3485268,0.0156,0.0273,0.9204,3485.268,500000,-0.0039000000000000007,0.0039000000000000007,0.011700000000000044,0.012934836682386099,idle,na,na,20260810_141717,True
3487751,0.0195,0.0234,0.9087,3487.751,500000,0.0,0.0,0.0,0.0,idle,na,na,20260810_141717,True
3490251,0.0156,0.0234,0.9087,3490.251,500000,-0.0039000000000000007,0.0,0.0,0.0039000000000000007,idle,na,na,20260810_141717,True
3492771,0.0195,0.0195,0.9087,3492.771,500000,0.0,-0.0039000000000000007,0.0,0.0039000000000000007,idle,na,na,20260810_141717,True
3495273,0.0156,0.0312,0.9087,3495.273,500000,-0.0039000000000000007,0.007799999999999998,0.0,0.00872066511224918,idle,na,na,20260810_141717,True
3497755,0.0117,0.0312,0.9126,3497.755,500000,-0.0078,0.007799999999999998,0.0039000000000000146,0.011700000000000004,idle,na,na,20260810_141717,True
3500262,0.0195,0.0234,0.9009,3500.262,500000,0.0,0.0,-0.007799999999999918,0.007799999999999918,idle,na,na,20260810_141717,True
3502753,0.0117,0.0234,0.9048,3502.753,500000,-0.0078,0.0,-0.0038999999999999035,0.008720665112249136,idle,na,na,20260810_141717,True
3505250,0.0156,0.0156,0.9126,3505.25,500000,-0.0039000000000000007,-0.007800000000000001,0.0039000000000000146,0.009553009996854402,idle,na,na,20260810_141717,True
3507760,0.0195,0.0195,0.9126,3507.76,500000,0.0,-0.0039000000000000007,0.0039000000000000146,0.005515432893255082,idle,na,na,20260810_141717,True
3510278,0.0156,0.0234,0.9165,3510.278,500000,-0.0039000000000000007,0.0,0.007800000000000029,0.008720665112249207,idle,na,na,20260810_141717,True
3512767,0.0195,0.0195,0.9009,3512.767,500000,0.0,-0.0039000000000000007,-0.007799999999999918,0.008720665112249107,idle,na,na,20260810_141717,True
3515266,0.0195,0.0273,0.9126,3515.266,500000,0.0,0.0039000000000000007,0.0039000000000000146,0.005515432893255082,idle,na,na,20260810_141717,True
3517770,0.0117,0.0273,0.9087,3517.77,500000,-0.0078,0.0039000000000000007,0.0,0.00872066511224918,idle,na,na,20260810_141717,True
3520269,0.0234,0.0234,0.9087,3520.269,500000,0.0039000000000000007,0.0,0.0,0.0039000000000000007,idle,na,na,20260810_141717,True
3522761,0.0234,0.0234,0.9048,3522.761,500000,0.0039000000000000007,0.0,-0.0038999999999999035,0.005515432893255003,idle,na,na,20260810_141717,True
3525259,0.0156,0.0351,0.9087,3525.259,500000,-0.0039000000000000007,0.011699999999999999,0.0,0.012332882874656679,idle,na,na,20260810_141717,True
3527763,0.0156,0.0351,0.9087,3527.763,500000,-0.0039000000000000007,0.011699999999999999,0.0,0.012332882874656679,idle,na,na,20260810_141717,True
3530275,0.0117,0.0234,0.9126,3530.275,500000,-0.0078,0.0,0.0039000000000000146,0.008720665112249186,idle,na,na,20260810_141717,True
3532766,0.0234,0.0195,0.9048,3532.766,500000,0.0039000000000000007,-0.0039000000000000007,-0.0038999999999999035,0.006754998149518567,idle,na,na,20260810_141717,True
3535265,0.0195,0.0312,0.9087,3535.265,500000,0.0,0.007799999999999998,0.0,0.007799999999999998,idle,na,na,20260810_141717,True
3537767,0.0195,0.0234,0.9087,3537.767,500000,0.0,0.0,0.0,0.0,idle,na,na,20260810_141717,True
3540275,0.0156,0.0156,0.9204,3540.275,500000,-0.0039000000000000007,-0.007800000000000001,0.011700000000000044,0.014592463808418409,idle,na,na,20260810_141717,True
3542780,0.0156,0.0273,0.9087,3542.78,500000,-0.0039000000000000007,0.0039000000000000007,0.0,0.005515432893255071,idle,na,na,20260810_141717,True
3545280,0.0117,0.0351,0.9009,3545.28,500000,-0.0078,0.011699999999999999,-0.007799999999999918,0.016080111939908836,idle,na,na,20260810_141717,True
3547760,0.0234,0.0273,0.9126,3547.76,500000,0.0039000000000000007,0.0039000000000000007,0.0039000000000000146,0.006754998149518631,idle,na,na,20260810_141717,True
3550276,0.0156,0.0351,0.9048,3550.276,500000,-0.0039000000000000007,0.011699999999999999,-0.0038999999999999035,0.01293483668238603,idle,na,na,20260810_141717,True
3552765,0.0156,0.0312,0.9204,3552.765,500000,-0.0039000000000000007,0.007799999999999998,0.011700000000000044,0.014592463808418405,idle,na,na,20260810_141717,True
3555262,0.0156,0.0234,0.9126,3555.262,500000,-0.0039000000000000007,0.0,0.0039000000000000146,0.005515432893255082,idle,na,na,20260810_141717,True
3557765,0.0117,0.0351,0.9126,3557.765,500000,-0.0078,0.011699999999999999,0.0039000000000000146,0.014592463808418374,idle,na,na,20260810_141717,True
3560257,0.0156,0.0273,0.9165,3560.257,500000,-0.0039000000000000007,0.0039000000000000007,0.007800000000000029,0.00955300999685442,idle,na,na,20260810_141717,True
3562772,0.0156,0.0234,0.9087,3562.772,500000,-0.0039000000000000007,0.0,0.0,0.0039000000000000007,idle,na,na,20260810_141717,True
3565268,0.0195,0.0273,0.9087,3565.268,500000,0.0,0.0039000000000000007,0.0,0.0039000000000000007,idle,na,na,20260810_141717,True
3567771,0.0156,0.0195,0.9048,3567.771,500000,-0.0039000000000000007,-0.0039000000000000007,-0.0038999999999999035,0.006754998149518567,idle,na,na,20260810_141717,True
3570254,0.0195,0.0234,0.9087,3570.254,500000,0.0,0.0,0.0,0.0,idle,na,na,20260810_141717,True
3572772,0.0039,0.0273,0.9126,3572.772,500000,-0.0156,0.0039000000000000007,0.0039000000000000146,0.016546298679765214,idle,na,na,20260810_141717,True
3575268,0.0195,0.0234,0.9165,3575.268,500000,0.0,0.0,0.007800000000000029,0.007800000000000029,idle,na,na,20260810_141717,True
3577771,0.0195,0.0234,0.9087,3577.771,500000,0.0,0.0,0.0,0.0,idle,na,na,20260810_141717,True
3580255,0.0234,0.0273,0.9126,3580.255,500000,0.0039000000000000007,0.0039000000000000007,0.0039000000000000146,0.006754998149518631,idle,na,na,20260810_141717,True
3582769,0.0195,0.0195,0.9009,3582.769,500000,0.0,-0.0039000000000000007,-0.007799999999999918,0.008720665112249107,idle,na,na,20260810_141717,True
3585254,0.0156,0.0273,0.9087,3585.254,500000,-0.0039000000000000007,0.0039000000000000007,0.0,0.005515432893255071,idle,na,na,20260810_141717,True
3587761,0.0195,0.0195,0.9048,3587.761,500000,0.0,-0.0039000000000000007,-0.0038999999999999035,0.005515432893255003,idle,na,na,20260810_141717,True
3590266,0.0156,0.0195,0.9009,3590.266,500000,-0.0039000000000000007,-0.0039000000000000007,-0.007799999999999918,0.009553009996854328,idle,na,na,20260810_141717,True
3592766,0.0195,0.0234,0.9126,3592.766,500000,0.0,0.0,0.0039000000000000146,0.0039000000000000146,idle,na,na,20260810_141717,True
3595268,0.0117,0.0195,0.9009,3595.268,500000,-0.0078,-0.0039000000000000007,-0.007799999999999918,0.011699999999999945,idle,na,na,20260810_141717,True
3597771,0.0156,0.0234,0.9009,3597.771,500000,-0.0039000000000000007,0.0,-0.007799999999999918,0.008720665112249107,idle,na,na,20260810_141717,True
3600263,0.0234,0.0234,0.9126,3600.263,500000,0.0039000000000000007,0.0,0.0039000000000000146,0.005515432893255082,idle,na,na,20260810_141717,True
3602779,0.0234,0.0195,0.9165,3602.779,500000,0.0039000000000000007,-0.0039000000000000007,0.007800000000000029,0.00955300999685442,idle,na,na,20260810_141717,True
3605277,0.0195,0.0234,0.9048,3605.277,500000,0.0,0.0,-0.0038999999999999035,0.0038999999999999035,idle,na,na,20260810_141717,True
3607755,0.0156,0.0273,0.9048,3607.755,500000,-0.0039000000000000007,0.0039000000000000007,-0.0038999999999999035,0.006754998149518567,idle,na,na,20260810_141717,True
3610272,0.0156,0.0273,0.9087,3610.272,500000,-0.0039000000000000007,0.0039000000000000007,0.0,0.005515432893255071,idle,na,na,20260810_141717,True
3612765,0.0234,0.0273,0.9087,3612.765,500000,0.0039000000000000007,0.0039000000000000007,0.0,0.005515432893255071,idle,na,na,20260810_141717,True
3615262,0.0078,0.0312,0.9126,3615.262,500000,-0.0117,0.007799999999999998,0.0039000000000000146,0.014592463808418374,idle,na,na,20260810_141717,True
3617765,0.0195,0.0234,0.9126,3617.765,500000,0.0,0.0,0.0039000000000000146,0.0039000000000000146,idle,na,na,20260810_141717,True
3620279,0.0195,0.0195,0.9048,3620.279,500000,0.0,-0.0039000000000000007,-0.0038999999999999035,0.005515432893255003,idle,na,na,20260810_141717,True
3622765,0.0156,0.0234,0.9087,3622.765,500000,-0.0039000000000000007,0.0,0.0,0.0039000000000000007,idle,na,na,20260810_141717,True
3625262,0.0156,0.0234,0.9126,3625.262,500000,-0.0039000000000000007,0.0,0.0039000000000000146,0.005515432893255082,idle,na,na,20260810_141717,True
3627764,0.0156,0.0234,0.9009,3627.764,500000,-0.0039000000000000007,0.0,-0.007799999999999918,0.008720665112249107,idle,na,na,20260810_141717,True
3630278,0.0117,0.0234,0.9009,3630.278,500000,-0.0078,0.0,-0.007799999999999918,0.011030865786510084,idle,na,na,20260810_141717,True
3632762,0.0117,0.0234,0.9009,3632.762,500000,-0.0078,0.0,-0.007799999999999918,0.011030865786510084,idle,na,na,20260810_141717,True
3635263,0.0195,0.0234,0.9048,3635.263,500000,0.0,0.0,-0.0038999999999999035,0.0038999999999999035,idle,na,na,20260810_141717,True
3637771,0.0195,0.0234,0.9087,3637.771,500000,0.0,0.0,0.0,0.0,idle,na,na,20260810_141717,True
3640277,0.0234,0.0273,0.9087,3640.277,500000,0.0039000000000000007,0.0039000000000000007,0.0,0.005515432893255071,idle,na,na,20260810_141717,True
3642764,0.0195,0.0234,0.9204,3642.764,500000,0.0,0.0,0.011700000000000044,0.011700000000000044,idle,na,na,20260810_141717,True
3645270,0.0156,0.0234,0.9087,3645.27,500000,-0.0039000000000000007,0.0,0.0,0.0039000000000000007,idle,na,na,20260810_141717,True
3647777,0.0156,0.0312,0.9009,3647.777,500000,-0.0039000000000000007,0.007799999999999998,-0.007799999999999918,0.011699999999999945,idle,na,na,20260810_141717,True
3650259,0.0156,0.0078,0.9165,3650.259,500000,-0.0039000000000000007,-0.015600000000000001,0.007800000000000029,0.01787204521032779,idle,na,na,20260810_141717,True
3652771,0.0273,0.0234,0.9087,3652.771,500000,0.007800000000000001,0.0,0.0,0.007800000000000001,idle,na,na,20260810_141717,True
3655269,0.0156,0.039,0.9204,3655.269,500000,-0.0039000000000000007,0.0156,0.011700000000000044,0.019886176103011886,idle,na,na,20260810_141717,True
3657772,0.0117,0.0351,0.9204,3657.772,500000,-0.0078,0.011699999999999999,0.011700000000000044,0.0182926214633114,idle,na,na,20260810_141717,True
3660267,0.0117,0.0195,0.9048,3660.267,500000,-0.0078,-0.0039000000000000007,-0.0038999999999999035,0.009553009996854355,idle,na,na,20260810_141717,True
3662765,0.0117,0.0273,0.8931,3662.765,500000,-0.0078,0.0039000000000000007,-0.015599999999999947,0.01787204521032773,idle,na,na,20260810_141717,True
3665262,0.0078,0.0312,0.9126,3665.262,500000,-0.0117,0.007799999999999998,0.0039000000000000146,0.014592463808418374,idle,na,na,20260810_141717,True
3667765,0.0195,0.0195,0.9048,3667.765,500000,0.0,-0.0039000000000000007,-0.0038999999999999035,0.005515432893255003,idle,na,na,20260810_141717,True
3670278,0.0156,0.0312,0.9087,3670.278,500000,-0.0039000000000000007,0.007799999999999998,0.0,0.00872066511224918,idle,na,na,20260810_141717,True
3672764,0.0156,0.0234,0.9126,3672.764,500000,-0.0039000000000000007,0.0,0.0039000000000000146,0.005515432893255082,idle,na,na,20260810_141717,True
3675260,0.0117,0.0234,0.9204,3675.26,500000,-0.0078,0.0,0.011700000000000044,0.014061649974309594,idle,na,na,20260810_141717,True
3677764,0.0078,0.0273,0.9048,3677.764,500000,-0.0117,0.0039000000000000007,-0.0038999999999999035,0.012934836682386031,idle,na,na,20260810_141717,True
3680250,0.0156,0.0273,0.9087,3680.25,500000,-0.0039000000000000007,0.0039000000000000007,0.0,0.005515432893255071,idle,na,na,20260810_141717,True
3682766,0.0195,0.0273,0.9087,3682.766,500000,0.0,0.0039000000000000007,0.0,0.0039000000000000007,idle,na,na,20260810_141717,True
3685268,0.0156,0.0273,0.9009,3685.268,500000,-0.0039000000000000007,0.0039000000000000007,-0.007799999999999918,0.009553009996854328,idle,na,na,20260810_141717,True
3687750,0.0195,0.0234,0.9048,3687.75,500000,0.0,0.0,-0.0038999999999999035,0.0038999999999999035,idle,na,na,20260810_141717,True
3690250,0.0195,0.0195,0.9087,3690.25,500000,0.0,-0.0039000000000000007,0.0,0.0039000000000000007,idle,na,na,20260810_141717,True
3692767,0.0156,0.0273,0.9087,3692.767,500000,-0.0039000000000000007,0.0039000000000000007,0.0,0.005515432893255071,idle,na,na,20260810_141717,True
3695271,0.0195,0.0234,0.9087,3695.271,500000,0.0,0.0,0.0,0.0,idle,na,na,20260810_141717,True
3697774,0.0117,0.0273,0.9087,3697.774,500000,-0.0078,0.0039000000000000007,0.0,0.00872066511224918,idle,na,na,20260810_141717,True
3700263,0.0156,0.0234,0.9048,3700.263,500000,-0.0039000000000000007,0.0,-0.0038999999999999035,0.005515432893255003,idle,na,na,20260810_141717,True
3702750,0.0156,0.0234,0.9126,3702.75,500000,-0.0039000000000000007,0.0,0.0039000000000000146,0.005515432893255082,idle,na,na,20260810_141717,True
3705279,0.0234,0.0234,0.9204,3705.279,500000,0.0039000000000000007,0.0,0.011700000000000044,0.012332882874656722,idle,na,na,20260810_141717,True
3707755,0.0156,0.0234,0.9204,3707.755,500000,-0.0039000000000000007,0.0,0.011700000000000044,0.012332882874656722,idle,na,na,20260810_141717,True
3710272,0.0156,0.0234,0.9048,3710.272,500000,-0.0039000000000000007,0.0,-0.0038999999999999035,0.005515432893255003,idle,na,na,20260810_141717,True
3712763,0.0156,0.0273,0.9126,3712.763,500000,-0.0039000000000000007,0.0039000000000000007,0.0039000000000000146,0.006754998149518631,idle,na,na,20260810_141717,True
3715260,0.0156,0.0273,0.9126,3715.26,500000,-0.0039000000000000007,0.0039000000000000007,0.0039000000000000146,0.006754998149518631,idle,na,na,20260810_141717,True
3717776,0.0195,0.0273,0.9087,3717.776,500000,0.0,0.0039000000000000007,0.0,0.0039000000000000007,idle,na,na,20260810_141717,True
3720265,0.0234,0.0195,0.9087,3720.265,500000,0.0039000000000000007,-0.0039000000000000007,0.0,0.005515432893255071,idle,na,na,20260810_141717,True
3722751,0.0156,0.0234,0.9048,3722.751,500000,-0.0039000000000000007,0.0,-0.0038999999999999035,0.005515432893255003,idle,na,na,20260810_141717,True
3725278,0.0156,0.0156,0.9048,3725.278,500000,-0.0039000000000000007,-0.007800000000000001,-0.0038999999999999035,0.009553009996854357,idle,na,na,20260810_141717,True
3727757,0.0156,0.0273,0.9087,3727.757,500000,-0.0039000000000000007,0.0039000000000000007,0.0,0.005515432893255071,idle,na,na,20260810_141717,True
3730268,0.0117,0.0273,0.9087,3730.268,500000,-0.0078,0.0039000000000000007,0.0,0.00872066511224918,idle,na,na,20260810_141717,True
3732767,0.0156,0.0273,0.9087,3732.767,500000,-0.0039000000000000007,0.0039000000000000007,0.0,0.005515432893255071,idle,na,na,20260810_141717,True
3735266,0.0117,0.0312,0.9165,3735.266,500000,-0.0078,0.007799999999999998,0.007800000000000029,0.013509996299037258,idle,na,na,20260810_141717,True
3737763,0.0156,0.0234,0.9048,3737.763,500000,-0.0039000000000000007,0.0,-0.0038999999999999035,0.005515432893255003,idle,na,na,20260810_141717,True
3740270,0.0156,0.0234,0.9048,3740.27,500000,-0.0039000000000000007,0.0,-0.0038999999999999035,0.005515432893255003,idle,na,na,20260810_141717,True
3742762,0.0156,0.0273,0.9048,3742.762,500000,-0.0039000000000000007,0.0039000000000000007,-0.0038999999999999035,0.006754998149518567,idle,na,na,20260810_141717,True
3745258,0.0195,0.0234,0.9087,3745.258,500000,0.0,0.0,0.0,0.0,idle,na,na,20260810_141717,True
3747774,0.0195,0.0234,0.9165,3747.774,500000,0.0,0.0,0.007800000000000029,0.007800000000000029,idle,na,na,20260810_141717,True
3750260,0.0117,0.0234,0.9009,3750.26,500000,-0.0078,0.0,-0.007799999999999918,0.011030865786510084,idle,na,na,20260810_141717,True
3752776,0.0234,0.0234,0.9009,3752.776,500000,0.0039000000000000007,0.0,-0.007799999999999918,0.008720665112249107,idle,na,na,20260810_141717,True
3755276,0.0195,0.0312,0.9087,3755.276,500000,0.0,0.007799999999999998,0.0,0.007799999999999998,idle,na,na,20260810_141717,True
3757755,0.0234,0.0195,0.9243,3757.755,500000,0.0039000000000000007,-0.0039000000000000007,0.015600000000000058,0.01654629867976527,idle,na,na,20260810_141717,True
3760276,0.0117,0.0273,0.9009,3760.276,500000,-0.0078,0.0039000000000000007,-0.007799999999999918,0.011699999999999945,idle,na,na,20260810_141717,True
3762762,0.0117,0.0273,0.9165,3762.762,500000,-0.0078,0.0039000000000000007,0.007800000000000029,0.01170000000000002,idle,na,na,20260810_141717,True
3765259,0.0117,0.0273,0.9048,3765.259,500000,-0.0078,0.0039000000000000007,-0.0038999999999999035,0.009553009996854355,idle,na,na,20260810_141717,True
3767762,0.0195,0.0117,0.9126,3767.762,500000,0.0,-0.0117,0.0039000000000000146,0.012332882874656684,idle,na,na,20260810_141717,True
3770276,0.0195,0.0273,0.9204,3770.276,500000,0.0,0.0039000000000000007,0.011700000000000044,0.012332882874656722,idle,na,na,20260810_141717,True
3772761,0.0195,0.0273,0.9126,3772.761,500000,0.0,0.0039000000000000007,0.0039000000000000146,0.005515432893255082,idle,na,na,20260810_141717,True
3775258,0.0156,0.0195,0.9009,3775.258,500000,-0.0039000000000000007,-0.0039000000000000007,-0.007799999999999918,0.009553009996854328,idle,na,na,20260810_141717,True
3777762,0.0234,0.0234,0.9126,3777.762,500000,0.0039000000000000007,0.0,0.0039000000000000146,0.005515432893255082,idle,na,na,20260810_141717,True
3780276,0.0117,0.0273,0.9048,3780.276,500000,-0.0078,0.0039000000000000007,-0.0038999999999999035,0.009553009996854355,idle,na,na,20260810_141717,True
3782751,0.0195,0.0273,0.9165,3782.751,500000,0.0,0.0039000000000000007,0.007800000000000029,0.008720665112249207,idle,na,na,20260810_141717,True
3785262,0.0195,0.0273,0.9087,3785.262,500000,0.0,0.0039000000000000007,0.0,0.0039000000000000007,idle,na,na,20260810_141717,True
3787771,0.0195,0.0273,0.9048,3787.771,500000,0.0,0.0039000000000000007,-0.0038999999999999035,0.005515432893255003,idle,na,na,20260810_141717,True
3790275,0.0117,0.0312,0.9126,3790.275,500000,-0.0078,0.007799999999999998,0.0039000000000000146,0.011700000000000004,idle,na,na,20260810_141717,True
3792763,0.0156,0.0312,0.9048,3792.763,500000,-0.0039000000000000007,0.007799999999999998,-0.0038999999999999035,0.009553009996854354,idle,na,na,20260810_141717,True
3795266,0.0195,0.0195,0.9009,3795.266,500000,0.0,-0.0039000000000000007,-0.007799999999999918,0.008720665112249107,idle,na,na,20260810_141717,True
3797770,0.0156,0.0273,0.9009,3797.77,500000,-0.0039000000000000007,0.0039000000000000007,-0.007799999999999918,0.009553009996854328,idle,na,na,20260810_141717,True
3800260,0.0156,0.0195,0.9087,3800.26,500000,-0.0039000000000000007,-0.0039000000000000007,0.0,0.005515432893255071,idle,na,na,20260810_141717,True
3802775,0.0156,0.0195,0.9165,3802.775,500000,-0.0039000000000000007,-0.0039000000000000007,0.007800000000000029,0.00955300999685442,idle,na,na,20260810_141717,True
3805271,0.0195,0.0312,0.9126,3805.271,500000,0.0,0.007799999999999998,0.0039000000000000146,0.008720665112249185,idle,na,na,20260810_141717,True
3807775,0.0195,0.0273,0.9009,3807.775,500000,0.0,0.0039000000000000007,-0.007799999999999918,0.008720665112249107,idle,na,na,20260810_141717,True
3810260,0.0156,0.0273,0.9087,3810.26,500000,-0.0039000000000000007,0.0039000000000000007,0.0,0.005515432893255071,idle,na,na,20260810_141717,True
3812776,0.0156,0.0234,0.9126,3812.776,500000,-0.0039000000000000007,0.0,0.0039000000000000146,0.005515432893255082,idle,na,na,20260810_141717,True
3815275,0.0117,0.0234,0.9009,3815.275,500000,-0.0078,0.0,-0.007799999999999918,0.011030865786510084,idle,na,na,20260810_141717,True
3817753,0.0117,0.0273,0.9087,3817.753,500000,-0.0078,0.0039000000000000007,0.0,0.00872066511224918,idle,na,na,20260810_141717,True
3820265,0.0195,0.0156,0.9087,3820.265,500000,0.0,-0.007800000000000001,0.0,0.007800000000000001,idle,na,na,20260810_141717,True
3822780,0.0195,0.0156,0.9087,3822.78,500000,0.0,-0.007800000000000001,0.0,0.007800000000000001,idle,na,na,20260810_141717,True
3825276,0.0234,0.0273,0.9087,3825.276,500000,0.0039000000000000007,0.0039000000000000007,0.0,0.005515432893255071,idle,na,na,20260810_141717,True
3827754,0.0078,0.0273,0.9087,3827.754,500000,-0.0117,0.0039000000000000007,0.0,0.01233288287465668,idle,na,na,20260810_141717,True
3830267,0.0117,0.0234,0.9087,3830.267,500000,-0.0078,0.0,0.0,0.0078,idle,na,na,20260810_141717,True
3832760,0.0156,0.0234,0.9087,3832.76,500000,-0.0039000000000000007,0.0,0.0,0.0039000000000000007,idle,na,na,20260810_141717,True
3835262,0.0195,0.0312,0.9126,3835.262,500000,0.0,0.007799999999999998,0.0039000000000000146,0.008720665112249185,idle,na,na,20260810_141717,True
3837765,0.0195,0.0234,0.9087,3837.765,500000,0.0,0.0,0.0,0.0,idle,na,na,20260810_141717,True
3840271,0.0195,0.0234,0.9165,3840.271,500000,0.0,0.0,0.007800000000000029,0.007800000000000029,idle,na,na,20260810_141717,True
3842765,0.0195,0.0273,0.9087,3842.765,500000,0.0,0.0039000000000000007,0.0,0.0039000000000000007,idle,na,na,20260810_141717,True
3845260,0.0195,0.0273,0.9087,3845.26,500000,0.0,0.0039000000000000007,0.0,0.0039000000000000007,idle,na,na,20260810_141717,True
3847776,0.0156,0.0195,0.9048,3847.776,500000,-0.0039000000000000007,-0.0039000000000000007,-0.0038999999999999035,0.006754998149518567,idle,na,na,20260810_141717,True
3850264,0.0234,0.0234,0.9087,3850.264,500000,0.0039000000000000007,0.0,0.0,0.0039000000000000007,idle,na,na,20260810_141717,True
3852754,0.0195,0.0234,0.9126,3852.754,500000,0.0,0.0,0.0039000000000000146,0.0039000000000000146,idle,na,na,20260810_141717,True
3855254,0.0195,0.0234,0.9165,3855.254,500000,0.0,0.0,0.007800000000000029,0.007800000000000029,idle,na,na,20260810_141717,True
3857758,0.0156,0.0234,0.9087,3857.758,500000,-0.0039000000000000007,0.0,0.0,0.0039000000000000007,idle,na,na,20260810_141717,True
3860250,0.0117,0.0273,0.897,3860.25,500000,-0.0078,0.0039000000000000007,-0.011699999999999933,0.014592463808418318,idle,na,na,20260810_141717,True
3862773,0.0195,0.0156,0.9165,3862.773,500000,0.0,-0.007800000000000001,0.007800000000000029,0.011030865786510163,idle,na,na,20260810_141717,True
3865267,0.0234,0.0312,0.9087,3865.267,500000,0.0039000000000000007,0.007799999999999998,0.0,0.00872066511224918,idle,na,na,20260810_141717,True
3867771,0.0156,0.0312,0.9048,3867.771,500000,-0.0039000000000000007,0.007799999999999998,-0.0038999999999999035,0.009553009996854354,idle,na,na,20260810_141717,True
3870278,0.0117,0.0273,0.9126,3870.278,500000,-0.0078,0.0039000000000000007,0.0039000000000000146,0.0095530099968544,idle,na,na,20260810_141717,True
3872773,0.0234,0.0234,0.9048,3872.773,500000,0.0039000000000000007,0.0,-0.0038999999999999035,0.005515432893255003,idle,na,na,20260810_141717,True
3875266,0.0156,0.0234,0.9165,3875.266,500000,-0.0039000000000000007,0.0,0.007800000000000029,0.008720665112249207,idle,na,na,20260810_141717,True
3877771,0.0234,0.0234,0.9126,3877.771,500000,0.0039000000000000007,0.0,0.0039000000000000146,0.005515432893255082,idle,na,na,20260810_141717,True
3880278,0.0234,0.0234,0.9087,3880.278,500000,0.0039000000000000007,0.0,0.0,0.0039000000000000007,idle,na,na,20260810_141717,True
3882772,0.0156,0.0234,0.9126,3882.772,500000,-0.0039000000000000007,0.0,0.0039000000000000146,0.005515432893255082,idle,na,na,20260810_141717,True
3885268,0.0195,0.0234,0.9126,3885.268,500000,0.0,0.0,0.0039000000000000146,0.0039000000000000146,idle,na,na,20260810_141717,True
3887777,0.0156,0.0273,0.9048,3887.777,500000,-0.0039000000000000007,0.0039000000000000007,-0.0038999999999999035,0.006754998149518567,idle,na,na,20260810_141717,True
3890276,0.0195,0.0234,0.9126,3890.276,500000,0.0,0.0,0.0039000000000000146,0.0039000000000000146,idle,na,na,20260810_141717,True
3892770,0.0273,0.0195,0.9165,3892.77,500000,0.007800000000000001,-0.0039000000000000007,0.007800000000000029,0.011700000000000021,idle,na,na,20260810_141717,True
3895273,0.0117,0.0234,0.9009,3895.273,500000,-0.0078,0.0,-0.007799999999999918,0.011030865786510084,idle,na,na,20260810_141717,True
3897777,0.0195,0.0273,0.9087,3897.777,500000,0.0,0.0039000000000000007,0.0,0.0039000000000000007,idle,na,na,20260810_141717,True
3900264,0.0117,0.0273,0.9126,3900.264,500000,-0.0078,0.0039000000000000007,0.0039000000000000146,0.0095530099968544,idle,na,na,20260810_141717,True
3902754,0.0117,0.0234,0.9126,3902.754,500000,-0.0078,0.0,0.0039000000000000146,0.008720665112249186,idle,na,na,20260810_141717,True
3905251,0.0195,0.0234,0.9087,3905.251,500000,0.0,0.0,0.0,0.0,idle,na,na,20260810_141717,True
3907760,0.0195,0.0234,0.9048,3907.76,500000,0.0,0.0,-0.0038999999999999035,0.0038999999999999035,idle,na,na,20260810_141717,True
3910276,0.0156,0.0195,0.9126,3910.276,500000,-0.0039000000000000007,-0.0039000000000000007,0.0039000000000000146,0.006754998149518631,idle,na,na,20260810_141717,True
3912753,0.0195,0.0273,0.9087,3912.753,500000,0.0,0.0039000000000000007,0.0,0.0039000000000000007,idle,na,na,20260810_141717,True
3915254,0.0117,0.0195,0.9165,3915.254,500000,-0.0078,-0.0039000000000000007,0.007800000000000029,0.01170000000000002,idle,na,na,20260810_141717,True
3917760,0.0195,0.0234,0.9087,3917.76,500000,0.0,0.0,0.0,0.0,idle,na,na,20260810_141717,True
3920275,0.0156,0.0234,0.9126,3920.275,500000,-0.0039000000000000007,0.0,0.0039000000000000146,0.005515432893255082,idle,na,na,20260810_141717,True
3922762,0.0195,0.0234,0.9048,3922.762,500000,0.0,0.0,-0.0038999999999999035,0.0038999999999999035,idle,na,na,20260810_141717,True
3925253,0.0195,0.0273,0.9165,3925.253,500000,0.0,0.0039000000000000007,0.007800000000000029,0.008720665112249207,idle,na,na,20260810_141717,True
3927761,0.0156,0.0234,0.9087,3927.761,500000,-0.0039000000000000007,0.0,0.0,0.0039000000000000007,idle,na,na,20260810_141717,True
3930266,0.0156,0.0195,0.9048,3930.266,500000,-0.0039000000000000007,-0.0039000000000000007,-0.0038999999999999035,0.006754998149518567,idle,na,na,20260810_141717,True
3932766,0.0234,0.0234,0.9087,3932.766,500000,0.0039000000000000007,0.0,0.0,0.0039000000000000007,idle,na,na,20260810_141717,True
3935256,0.0156,0.0273,0.9087,3935.256,500000,-0.0039000000000000007,0.0039000000000000007,0.0,0.005515432893255071,idle,na,na,20260810_141717,True
3937779,0.0234,0.0195,0.9126,3937.779,500000,0.0039000000000000007,-0.0039000000000000007,0.0039000000000000146,0.006754998149518631,idle,na,na,20260810_141717,True
3940265,0.0195,0.0195,0.9087,3940.265,500000,0.0,-0.0039000000000000007,0.0,0.0039000000000000007,idle,na,na,20260810_141717,True
3942779,0.0195,0.0234,0.9048,3942.779,500000,0.0,0.0,-0.0038999999999999035,0.0038999999999999035,idle,na,na,20260810_141717,True
3945277,0.0195,0.0273,0.9126,3945.277,500000,0.0,0.0039000000000000007,0.0039000000000000146,0.005515432893255082,idle,na,na,20260810_141717,True
3947755,0.0195,0.0273,0.9126,3947.755,500000,0.0,0.0039000000000000007,0.0039000000000000146,0.005515432893255082,idle,na,na,20260810_141717,True
3950268,0.0195,0.0312,0.9048,3950.268,500000,0.0,0.007799999999999998,-0.0038999999999999035,0.008720665112249134,idle,na,na,20260810_141717,True
3952751,0.0234,0.0234,0.9126,3952.751,500000,0.0039000000000000007,0.0,0.0039000000000000146,0.005515432893255082,idle,na,na,20260810_141717,True
3955264,0.0117,0.0273,0.9126,3955.264,500000,-0.0078,0.0039000000000000007,0.0039000000000000146,0.0095530099968544,idle,na,na,20260810_141717,True
3957770,0.0195,0.0312,0.9282,3957.77,500000,0.0,0.007799999999999998,0.019500000000000073,0.021002142747824634,idle,na,na,20260810_141717,True
3960260,0.0234,0.0195,0.9048,3960.26,500000,0.0039000000000000007,-0.0039000000000000007,-0.0038999999999999035,0.006754998149518567,idle,na,na,20260810_141717,True
3962751,0.0156,0.0195,0.9048,3962.751,500000,-0.0039000000000000007,-0.0039000000000000007,-0.0038999999999999035,0.006754998149518567,idle,na,na,20260810_141717,True
3965279,0.0117,0.0195,0.9126,3965.279,500000,-0.0078,-0.0039000000000000007,0.0039000000000000146,0.0095530099968544,idle,na,na,20260810_141717,True
3967759,0.0195,0.0273,0.9048,3967.759,500000,0.0,0.0039000000000000007,-0.0038999999999999035,0.005515432893255003,idle,na,na,20260810_141717,True
3970272,0.0195,0.0156,0.9087,3970.272,500000,0.0,-0.007800000000000001,0.0,0.007800000000000001,idle,na,na,20260810_141717,True
3972768,0.0234,0.0273,0.9087,3972.768,500000,0.0039000000000000007,0.0039000000000000007,0.0,0.005515432893255071,idle,na,na,20260810_141717,True
3975265,0.0117,0.0273,0.9243,3975.265,500000,-0.0078,0.0039000000000000007,0.015600000000000058,0.017872045210327828,idle,na,na,20260810_141717,True
3977771,0.0117,0.0234,0.9126,3977.771,500000,-0.0078,0.0,0.0039000000000000146,0.008720665112249186,idle,na,na,20260810_141717,True
3980267,0.0156,0.0234,0.9009,3980.267,500000,-0.0039000000000000007,0.0,-0.007799999999999918,0.008720665112249107,idle,na,na,20260810_141717,True
3982753,0.0117,0.0234,0.9048,3982.753,500000,-0.0078,0.0,-0.0038999999999999035,0.008720665112249136,idle,na,na,20260810_141717,True
3985254,0.0234,0.0273,0.9087,3985.254,500000,0.0039000000000000007,0.0039000000000000007,0.0,0.005515432893255071,idle,na,na,20260810_141717,True
3987752,0.0234,0.0195,0.9126,3987.752,500000,0.0039000000000000007,-0.0039000000000000007,0.0039000000000000146,0.006754998149518631,idle,na,na,20260810_141717,True
3990278,0.0117,0.0273,0.9087,3990.278,500000,-0.0078,0.0039000000000000007,0.0,0.00872066511224918,idle,na,na,20260810_141717,True
3992772,0.0156,0.0234,0.9126,3992.772,500000,-0.0039000000000000007,0.0,0.0039000000000000146,0.005515432893255082,idle,na,na,20260810_141717,True
3995274,0.0195,0.0234,0.9048,3995.274,500000,0.0,0.0,-0.0038999999999999035,0.0038999999999999035,idle,na,na,20260810_141717,True
3997777,0.0234,0.0273,0.9087,3997.777,500000,0.0039000000000000007,0.0039000000000000007,0.0,0.005515432893255071,idle,na,na,20260810_141717,True
4000266,0.0195,0.0234,0.9165,4000.266,500000,0.0,0.0,0.007800000000000029,0.007800000000000029,idle,na,na,20260810_141717,True
4002754,0.0195,0.0195,0.9204,4002.754,500000,0.0,-0.0039000000000000007,0.011700000000000044,0.012332882874656722,idle,na,na,20260810_141717,True
4005251,0.0195,0.0195,0.9087,4005.251,500000,0.0,-0.0039000000000000007,0.0,0.0039000000000000007,idle,na,na,20260810_141717,True
4007760,0.0117,0.0195,0.9048,4007.76,500000,-0.0078,-0.0039000000000000007,-0.0038999999999999035,0.009553009996854355,idle,na,na,20260810_141717,True
