time_us,x_g,y_g,z_g,time_ms,cue_time_us,x_delta_g,y_delta_g,z_delta_g,dynamic_magnitude_g,label,requested_pace,requested_force,session_id,operator_accepted
21332,0.1131,0.3861,0.9438,21.332,500000,0.007800000000000001,0.3588,0.05654999999999999,0.36331278879224715,shake_lr,na,na,20260810_141717,True
21784,0.1131,0.3861,0.9438,21.784,500000,0.007800000000000001,0.3588,0.05654999999999999,0.36331278879224715,shake_lr,na,na,20260810_141717,True
22182,0.1131,0.3861,0.9438,22.182,500000,0.007800000000000001,0.3588,0.05654999999999999,0.36331278879224715,shake_lr,na,na,20260810_141717,True
22589,0.1248,0.3588,0.9555,22.589,500000,0.01949999999999999,0.3315,0.06825000000000003,0.3390141036889174,shake_lr,na,na,20260810_141717,True
22992,0.1248,0.3588,0.9555,22.992,500000,0.01949999999999999,0.3315,0.06825000000000003,0.3390141036889174,shake_lr,na,na,20260810_141717,True
23391,0.1248,0.3588,0.9555,23.391,500000,0.01949999999999999,0.3315,0.06825000000000003,0.3390141036889174,shake_lr,na,na,20260810_141717,True
23925,0.1248,0.3588,0.9555,23.925,500000,0.01949999999999999,0.3315,0.06825000000000003,0.3390141036889174,shake_lr,na,na,20260810_141717,True
24334,0.1248,0.3588,0.9555,24.334,500000,0.01949999999999999,0.3315,0.06825000000000003,0.3390141036889174,shake_lr,na,na,20260810_141717,True
24746,0.1248,0.3588,0.9555,24.746,500000,0.01949999999999999,0.3315,0.06825000000000003,0.3390141036889174,shake_lr,na,na,20260810_141717,True
25146,0.1209,0.351,0.9594,25.146,500000,0.015599999999999989,0.3237,0.07215000000000005,0.33201004879370744,shake_lr,na,na,20260810_141717,True
25546,0.1209,0.351,0.9594,25.546,500000,0.015599999999999989,0.3237,0.07215000000000005,0.33201004879370744,shake_lr,na,na,20260810_141717,True
27528,0.1209,0.3042,0.9711,27.528,500000,0.015599999999999989,0.27690000000000003,0.08384999999999998,0.2897374544307311,shake_lr,na,na,20260810_141717,True
30005,0.1209,0.3042,0.9711,30.005,500000,0.015599999999999989,0.27690000000000003,0.08384999999999998,0.2897374544307311,shake_lr,na,na,20260810_141717,True
32503,0.1131,0.3003,0.9672,32.503,500000,0.007800000000000001,0.273,0.07994999999999997,0.284573088151357,shake_lr,na,na,20260810_141717,True
35006,0.1248,0.2847,0.975,35.006,500000,0.01949999999999999,0.2574,0.08775,0.2726445900801995,shake_lr,na,na,20260810_141717,True
37516,0.1404,0.2652,0.9789,37.516,500000,0.03509999999999999,0.2379,0.09165000000000001,0.25734829026049505,shake_lr,na,na,20260810_141717,True
40026,0.1482,0.2496,0.9789,40.026,500000,0.042899999999999994,0.2223,0.09165000000000001,0.24424868986342588,shake_lr,na,na,20260810_141717,True
42524,0.1482,0.2496,0.9711,42.524,500000,0.042899999999999994,0.2223,0.08384999999999998,0.24143016070905474,shake_lr,na,na,20260810_141717,True
45030,0.1404,0.2301,0.9477,45.03,500000,0.03509999999999999,0.2028,0.060450000000000004,0.21450886345323825,shake_lr,na,na,20260810_141717,True
47504,0.156,0.2028,0.9516,47.504,500000,0.050699999999999995,0.17550000000000002,0.06435000000000002,0.19367927741500898,shake_lr,na,na,20260810_141717,True
50007,0.1599,0.1716,0.9321,50.007,500000,0.05459999999999998,0.1443,0.044850000000000056,0.16067100702989323,shake_lr,na,na,20260810_141717,True
52518,0.1638,0.1482,0.9477,52.518,500000,0.058499999999999996,0.1209,0.060450000000000004,0.14728632828609722,shake_lr,na,na,20260810_141717,True
55006,0.1794,0.1248,0.9243,55.006,500000,0.0741,0.09749999999999999,0.03705000000000003,0.12794437267812914,shake_lr,na,na,20260810_141717,True
57519,0.1872,0.0273,0.9321,57.519,500000,0.0819,0.0,0.044850000000000056,0.09337629517174048,shake_lr,na,na,20260810_141717,True
60028,0.1989,-0.0195,0.9165,60.028,500000,0.09359999999999999,-0.0468,0.029249999999999998,0.10865892738288925,shake_lr,na,na,20260810_141717,True
62525,0.195,-0.0546,0.9087,62.525,500000,0.0897,-0.0819,0.02144999999999997,0.12334424388677406,shake_lr,na,na,20260810_141717,True
65021,0.1989,-0.0936,0.8736,65.021,500000,0.09359999999999999,-0.12090000000000001,-0.01364999999999994,0.15350600151134156,shake_lr,na,na,20260810_141717,True
67528,0.195,-0.0897,0.8463,67.528,500000,0.0897,-0.117,-0.04094999999999993,0.1530097790992458,shake_lr,na,na,20260810_141717,True
70009,0.1599,-0.0702,0.8541,70.009,500000,0.05459999999999998,-0.0975,-0.03315000000000001,0.11656042424425196,shake_lr,na,na,20260810_141717,True
72501,0.1599,-0.0663,0.8307,72.501,500000,0.05459999999999998,-0.0936,-0.05654999999999999,0.12222938476487558,shake_lr,na,na,20260810_141717,True
75003,0.1443,-0.0585,0.8502,75.003,500000,0.03900000000000001,-0.0858,-0.03705000000000003,0.10126866494627053,shake_lr,na,na,20260810_141717,True
77522,0.1326,-0.0429,0.8619,77.522,500000,0.02729999999999999,-0.0702,-0.025349999999999984,0.07947296710202784,shake_lr,na,na,20260810_141717,True
80002,0.1365,-0.0039,0.8892,80.002,500000,0.031200000000000006,-0.031200000000000002,0.0019500000000000073,0.04416653144633389,shake_lr,na,na,20260810_141717,True
82529,0.1131,0.0,0.8931,82.529,500000,0.007800000000000001,-0.0273,0.005850000000000022,0.028988834057271092,shake_lr,na,na,20260810_141717,True
85006,0.1131,0.0195,0.9126,85.006,500000,0.007800000000000001,-0.007800000000000001,0.025349999999999984,0.027646021413577745,shake_lr,na,na,20260810_141717,True
87518,0.117,0.0156,0.936,87.518,500000,0.011700000000000002,-0.011700000000000002,0.04875000000000007,0.051481477251532,shake_lr,na,na,20260810_141717,True
90011,0.1092,0.0195,0.9477,90.011,500000,0.0039000000000000007,-0.007800000000000001,0.060450000000000004,0.061075793077126725,shake_lr,na,na,20260810_141717,True
92515,0.1092,0.0273,0.9672,92.515,500000,0.0039000000000000007,0.0,0.07994999999999997,0.08004506543191775,shake_lr,na,na,20260810_141717,True
95029,0.1053,0.0195,0.9672,95.029,500000,0.0,-0.007800000000000001,0.07994999999999997,0.0803295867037793,shake_lr,na,na,20260810_141717,True
97504,0.0858,0.0156,0.9945,97.504,500000,-0.019500000000000003,-0.011700000000000002,0.10725000000000007,0.10963440381559073,shake_lr,na,na,20260810_141717,True
100009,0.1131,0.0,0.9906,100.009,500000,0.007800000000000001,-0.0273,0.10335000000000005,0.10717906745255816,shake_lr,na,na,20260810_141717,True
102507,0.1209,0.039,0.9867,102.507,500000,0.015599999999999989,0.011699999999999999,0.09945000000000004,0.10134373438945304,shake_lr,na,na,20260810_141717,True
105000,0.0936,0.0585,0.9789,105.0,500000,-0.011700000000000002,0.031200000000000002,0.09165000000000001,0.09751949805038991,shake_lr,na,na,20260810_141717,True
107513,0.0936,0.0546,0.9516,107.513,500000,-0.011700000000000002,0.0273,0.06435000000000002,0.07087384919700639,shake_lr,na,na,20260810_141717,True
110014,0.117,0.1092,0.9204,110.014,500000,0.011700000000000002,0.0819,0.03315000000000001,0.08912588007980622,shake_lr,na,na,20260810_141717,True
112528,0.117,0.1014,0.8892,112.528,500000,0.011700000000000002,0.0741,0.0019500000000000073,0.07504333747908604,shake_lr,na,na,20260810_141717,True
115014,0.1131,0.1599,0.8736,115.014,500000,0.007800000000000001,0.1326,-0.01364999999999994,0.13352873286300593,shake_lr,na,na,20260810_141717,True
117525,0.1716,0.2184,0.7995,117.525,500000,0.0663,0.19110000000000002,-0.08775,0.22048800987808842,shake_lr,na,na,20260810_141717,True
120010,0.1794,0.2418,0.7878,120.01,500000,0.0741,0.2145,-0.09945000000000004,0.24777280419771658,shake_lr,na,na,20260810_141717,True
122510,0.156,0.2418,0.7644,122.51,500000,0.050699999999999995,0.2145,-0.12285000000000001,0.2523348222104908,shake_lr,na,na,20260810_141717,True
125005,0.1287,0.2613,0.7488,125.005,500000,0.023400000000000004,0.23399999999999999,-0.13844999999999996,0.27289551571984466,shake_lr,na,na,20260810_141717,True
127516,0.117,0.2535,0.7332,127.516,500000,0.011700000000000002,0.2262,-0.15405000000000002,0.2739246839917863,shake_lr,na,na,20260810_141717,True
130027,0.0468,0.2301,0.7059,130.027,500000,-0.0585,0.2028,-0.18135,0.2782766833566909,shake_lr,na,na,20260810_141717,True
132526,0.078,0.1755,0.6981,132.526,500000,-0.027300000000000005,0.1482,-0.18914999999999993,0.24183931132055428,shake_lr,na,na,20260810_141717,True
135025,0.0936,0.1482,0.7059,135.025,500000,-0.011700000000000002,0.1209,-0.18135,0.21826938058280188,shake_lr,na,na,20260810_141717,True
137500,0.0936,0.1482,0.7059,137.5,500000,-0.011700000000000002,0.1209,-0.18135,0.21826938058280188,shake_lr,na,na,20260810_141717,True
140003,0.1404,0.1248,0.702,140.003,500000,0.03509999999999999,0.09749999999999999,-0.18525000000000003,0.21226356847089894,shake_lr,na,na,20260810_141717,True
142502,0.1248,0.1014,0.7059,142.502,500000,0.01949999999999999,0.0741,-0.18135,0.19687275713008137,shake_lr,na,na,20260810_141717,True
145001,0.1482,0.0585,0.7215,145.001,500000,0.042899999999999994,0.031200000000000002,-0.16574999999999995,0.17403135493352911,shake_lr,na,na,20260810_141717,True
147506,0.1248,0.0312,0.7449,147.506,500000,0.01949999999999999,0.0038999999999999972,-0.14234999999999998,0.14373232934868896,shake_lr,na,na,20260810_141717,True
150009,0.1092,0.039,0.741,150.009,500000,0.0039000000000000007,0.011699999999999999,-0.14625,0.14676907882793294,shake_lr,na,na,20260810_141717,True
152506,0.1287,0.0234,0.7215,152.506,500000,0.023400000000000004,-0.0039000000000000007,-0.16574999999999995,0.16743904114632283,shake_lr,na,na,20260810_141717,True
155017,0.1092,0.0351,0.6903,155.017,500000,0.0039000000000000007,0.007799999999999998,-0.19694999999999996,0.19714297476704562,shake_lr,na,na,20260810_141717,True
157502,0.0819,-0.0156,0.6981,157.502,500000,-0.023400000000000004,-0.0429,-0.18914999999999993,0.19536041692215947,shake_lr,na,na,20260810_141717,True
160008,0.0312,-0.0039,0.7176,160.008,500000,-0.0741,-0.031200000000000002,-0.16964999999999997,0.18773750957120952,shake_lr,na,na,20260810_141717,True
162504,0.0663,-0.0312,0.6981,162.504,500000,-0.03900000000000001,-0.058499999999999996,-0.18914999999999993,0.20179438173546846,shake_lr,na,na,20260810_141717,True
165030,0.0312,-0.0039,0.7293,165.03,500000,-0.0741,-0.031200000000000002,-0.15795000000000003,0.17723558474527626,shake_lr,na,na,20260810_141717,True
167505,0.0507,0.0078,0.7449,167.505,500000,-0.0546,-0.019500000000000003,-0.14234999999999998,0.1537040419117207,shake_lr,na,na,20260810_141717,True
170012,0.0429,0.0039,0.7839,170.012,500000,-0.062400000000000004,-0.0234,-0.10334999999999994,0.12297374719833493,shake_lr,na,na,20260810_141717,True
172512,0.0234,0.0234,0.8034,172.512,500000,-0.0819,-0.0039000000000000007,-0.08384999999999998,0.11727592463928817,shake_lr,na,na,20260810_141717,True
175001,0.0156,0.0468,0.7995,175.001,500000,-0.0897,0.0195,-0.08775,0.1269897732102865,shake_lr,na,na,20260810_141717,True
177513,0.0078,0.0624,0.7917,177.513,500000,-0.0975,0.03509999999999999,-0.09555000000000002,0.1409541148743094,shake_lr,na,na,20260810_141717,True
180025,0.0117,0.0624,0.8034,180.025,500000,-0.0936,0.03509999999999999,-0.08384999999999998,0.13047525627489678,shake_lr,na,na,20260810_141717,True
182523,-0.0117,0.0663,0.8151,182.523,500000,-0.117,0.03899999999999999,-0.07214999999999994,0.14288324779343448,shake_lr,na,na,20260810_141717,True
185001,-0.0351,0.0585,0.7956,185.001,500000,-0.1404,0.031200000000000002,-0.09165000000000001,0.17054419515187258,shake_lr,na,na,20260810_141717,True
187510,-0.0585,0.0312,0.7839,187.51,500000,-0.1638,0.0038999999999999972,-0.10334999999999994,0.19371853938123731,shake_lr,na,na,20260810_141717,True
190014,-0.0663,0.0156,0.7995,190.014,500000,-0.1716,-0.011700000000000002,-0.08775,0.19308938992083433,shake_lr,na,na,20260810_141717,True
192513,-0.078,0.0156,0.7878,192.513,500000,-0.18330000000000002,-0.011700000000000002,-0.09945000000000004,0.20886857710052992,shake_lr,na,na,20260810_141717,True
195018,-0.0936,-0.0039,0.8073,195.018,500000,-0.19890000000000002,-0.031200000000000002,-0.07994999999999997,0.21662560444231888,shake_lr,na,na,20260810_141717,True
197526,-0.0819,-0.0078,0.8502,197.526,500000,-0.1872,-0.0351,-0.03705000000000003,0.19403234910704967,shake_lr,na,na,20260810_141717,True
200005,-0.0702,-0.0117,0.8814,200.005,500000,-0.1755,-0.039,-0.005850000000000022,0.17987626997466896,shake_lr,na,na,20260810_141717,True
202502,-0.0663,-0.0312,0.8931,202.502,500000,-0.1716,-0.058499999999999996,0.005850000000000022,0.1813919306363985,shake_lr,na,na,20260810_141717,True
205024,-0.0819,-0.0195,0.8814,205.024,500000,-0.1872,-0.0468,-0.005850000000000022,0.19305,shake_lr,na,na,20260810_141717,True
207503,-0.0663,0.0195,0.8736,207.503,500000,-0.1716,-0.007800000000000001,-0.01364999999999994,0.1723186655588999,shake_lr,na,na,20260810_141717,True
210020,-0.0312,0.0156,0.8502,210.02,500000,-0.1365,-0.011700000000000002,-0.03705000000000003,0.14192195918884437,shake_lr,na,na,20260810_141717,True
212505,-0.0156,0.0429,0.8268,212.505,500000,-0.12090000000000001,0.0156,-0.060450000000000004,0.13606752919047221,shake_lr,na,na,20260810_141717,True
215016,0.0273,0.0741,0.7956,215.016,500000,-0.078,0.046799999999999994,-0.09165000000000001,0.12912769842291777,shake_lr,na,na,20260810_141717,True
217529,0.0039,0.0819,0.7917,217.529,500000,-0.1014,0.054599999999999996,-0.09555000000000002,0.14964264933500745,shake_lr,na,na,20260810_141717,True
220014,-0.0273,0.0702,0.8073,220.014,500000,-0.1326,0.042899999999999994,-0.07994999999999997,0.1606710070298932,shake_lr,na,na,20260810_141717,True
222529,-0.0624,0.0741,0.7956,222.529,500000,-0.16770000000000002,0.046799999999999994,-0.09165000000000001,0.19675683596764815,shake_lr,na,na,20260810_141717,True
225005,-0.078,0.0897,0.8073,225.005,500000,-0.18330000000000002,0.0624,-0.07994999999999997,0.20948664038549092,shake_lr,na,na,20260810_141717,True
227517,-0.078,0.0936,0.8151,227.517,500000,-0.18330000000000002,0.0663,-0.07214999999999994,0.20784658404698403,shake_lr,na,na,20260810_141717,True
230026,-0.0663,0.1014,0.819,230.026,500000,-0.1716,0.0741,-0.06825000000000003,0.19898601081483092,shake_lr,na,na,20260810_141717,True
232524,-0.0312,0.0585,0.8034,232.524,500000,-0.1365,0.031200000000000002,-0.08384999999999998,0.16320696216767225,shake_lr,na,na,20260810_141717,True
235021,-0.0351,0.0507,0.819,235.021,500000,-0.1404,0.0234,-0.06825000000000003,0.1578536743316417,shake_lr,na,na,20260810_141717,True
237529,-0.0624,0.0351,0.8346,237.529,500000,-0.16770000000000002,0.007799999999999998,-0.052649999999999975,0.17594360602192965,shake_lr,na,na,20260810_141717,True
240008,-0.0936,-0.0039,0.8658,240.008,500000,-0.19890000000000002,-0.031200000000000002,-0.02144999999999997,0.2024716091208839,shake_lr,na,na,20260810_141717,True
242505,-0.0897,-0.0507,0.897,242.505,500000,-0.195,-0.078,0.009750000000000036,0.2102476218652663,shake_lr,na,na,20260810_141717,True
245003,-0.0897,-0.0507,0.897,245.003,500000,-0.195,-0.078,0.009750000000000036,0.2102476218652663,shake_lr,na,na,20260810_141717,True
247511,-0.1287,-0.0468,0.9126,247.511,500000,-0.234,-0.0741,0.025349999999999984,0.24675784182068056,shake_lr,na,na,20260810_141717,True
250020,-0.1599,-0.0546,0.9438,250.02,500000,-0.2652,-0.0819,0.05654999999999999,0.28326057350079625,shake_lr,na,na,20260810_141717,True
252517,-0.1443,-0.0546,0.9477,252.517,500000,-0.24960000000000002,-0.0819,0.060450000000000004,0.2695588479349176,shake_lr,na,na,20260810_141717,True
255005,-0.1248,-0.0819,0.9633,255.005,500000,-0.2301,-0.1092,0.07605000000000006,0.2658086764949557,shake_lr,na,na,20260810_141717,True
257518,-0.1287,-0.0507,0.9633,257.518,500000,-0.234,-0.078,0.07605000000000006,0.25811548287539826,shake_lr,na,na,20260810_141717,True
260026,-0.1404,-0.0546,0.9633,260.026,500000,-0.2457,-0.0819,0.07605000000000006,0.26992536468438827,shake_lr,na,na,20260810_141717,True
262525,-0.1248,-0.0546,0.975,262.525,500000,-0.2301,-0.0819,0.08775,0.25952588021235956,shake_lr,na,na,20260810_141717,True
265021,-0.1131,-0.0741,0.9984,265.021,500000,-0.2184,-0.1014,0.11114999999999997,0.26520716902074876,shake_lr,na,na,20260810_141717,True
267528,-0.1248,-0.0624,1.0179,267.528,500000,-0.2301,-0.0897,0.13065000000000004,0.27939492210847355,shake_lr,na,na,20260810_141717,True
270009,-0.1404,-0.0546,1.0413,270.009,500000,-0.2457,-0.0819,0.1540499999999999,0.30134283216960706,shake_lr,na,na,20260810_141717,True
272510,-0.1287,-0.0702,1.0647,272.51,500000,-0.234,-0.0975,0.17745,0.3094361848588494,shake_lr,na,na,20260810_141717,True
275022,-0.1365,-0.0585,1.0725,275.022,500000,-0.24180000000000001,-0.0858,0.18525000000000003,0.31645922723156616,shake_lr,na,na,20260810_141717,True
277515,-0.117,-0.0312,1.0803,277.515,500000,-0.2223,-0.058499999999999996,0.19305000000000005,0.3001796836896195,shake_lr,na,na,20260810_141717,True
280021,-0.1131,-0.0195,1.092,280.021,500000,-0.2184,-0.0468,0.2047500000000001,0.303003898489772,shake_lr,na,na,20260810_141717,True
282528,-0.0936,-0.0156,1.092,282.528,500000,-0.19890000000000002,-0.0429,0.2047500000000001,0.28865928445141004,shake_lr,na,na,20260810_141717,True
285003,-0.1053,0.0039,1.0881,285.003,500000,-0.2106,-0.0234,0.20085000000000008,0.2919600015413071,shake_lr,na,na,20260810_141717,True
287502,-0.1014,0.0117,1.0842,287.502,500000,-0.2067,-0.015600000000000001,0.19695000000000007,0.28593277619048857,shake_lr,na,na,20260810_141717,True
290009,-0.0975,0.0117,1.0608,290.009,500000,-0.2028,-0.015600000000000001,0.17354999999999998,0.2673776402394187,shake_lr,na,na,20260810_141717,True
292507,-0.0468,0.0234,1.0296,292.507,500000,-0.1521,-0.0039000000000000007,0.1423500000000001,0.20835820718176673,shake_lr,na,na,20260810_141717,True
295010,-0.0195,0.0078,1.0023,295.01,500000,-0.12480000000000001,-0.019500000000000003,0.11504999999999999,0.17085605783816973,shake_lr,na,na,20260810_141717,True
297523,-0.0039,0.0078,0.9906,297.523,500000,-0.1092,-0.019500000000000003,0.10335000000000005,0.15161171623591632,shake_lr,na,na,20260810_141717,True
300002,0.0156,0.0078,0.975,300.002,500000,-0.0897,-0.019500000000000003,0.08775,0.1269897732102865,shake_lr,na,na,20260810_141717,True
302500,0.0,0.0,0.9672,302.5,500000,-0.1053,-0.0273,0.07994999999999997,0.1350014166592336,shake_lr,na,na,20260810_141717,True
305024,0.0,-0.0195,0.9555,305.024,500000,-0.1053,-0.0468,0.06825000000000003,0.13392681770280368,shake_lr,na,na,20260810_141717,True
307505,-0.0117,-0.0078,0.9243,307.505,500000,-0.117,-0.0351,0.03705000000000003,0.12764682722261453,shake_lr,na,na,20260810_141717,True
310000,-0.0117,-0.0273,0.9165,310.0,500000,-0.117,-0.0546,0.029249999999999998,0.1323847517654507,shake_lr,na,na,20260810_141717,True
312513,0.0039,-0.0546,0.9126,312.513,500000,-0.1014,-0.0819,0.025349999999999984,0.1327862662326191,shake_lr,na,na,20260810_141717,True
315029,0.0234,-0.0663,0.897,315.029,500000,-0.0819,-0.0936,0.009750000000000036,0.12475428850344185,shake_lr,na,na,20260810_141717,True
317512,0.0507,-0.0702,0.8853,317.512,500000,-0.0546,-0.0975,-0.0019500000000000073,0.11176409307107539,shake_lr,na,na,20260810_141717,True
320028,0.1287,-0.0117,0.8736,320.028,500000,0.023400000000000004,-0.039,-0.01364999999999994,0.04748560308135508,shake_lr,na,na,20260810_141717,True
322528,0.2574,-0.1677,0.7722,322.528,500000,0.1521,-0.19499999999999998,-0.11504999999999999,0.2727561410857691,shake_lr,na,na,20260810_141717,True
325027,0.1638,0.0273,0.8931,325.027,500000,0.058499999999999996,0.0,0.005850000000000022,0.058791772383557206,shake_lr,na,na,20260810_141717,True
327505,0.1131,-0.0312,0.9399,327.505,500000,0.007800000000000001,-0.058499999999999996,0.052649999999999975,0.07908926918362565,shake_lr,na,na,20260810_141717,True
330009,0.1209,-0.1248,0.8463,330.009,500000,0.015599999999999989,-0.15209999999999999,-0.04094999999999993,0.15828667821392925,shake_lr,na,na,20260810_141717,True
332506,0.1287,-0.1209,0.8073,332.506,500000,0.023400000000000004,-0.1482,-0.07994999999999997,0.17000824244724133,shake_lr,na,na,20260810_141717,True
335000,0.156,-0.1209,0.7878,335.0,500000,0.050699999999999995,-0.1482,-0.09945000000000004,0.18553714587650638,shake_lr,na,na,20260810_141717,True
337512,0.1599,-0.1209,0.8073,337.512,500000,0.05459999999999998,-0.1482,-0.07994999999999997,0.17702090978186727,shake_lr,na,na,20260810_141717,True
340023,0.1404,-0.0858,0.8229,340.023,500000,0.03509999999999999,-0.1131,-0.06435000000000002,0.1347758973258943,shake_lr,na,na,20260810_141717,True
342520,0.1092,0.0,0.858,342.52,500000,0.0039000000000000007,-0.0273,-0.029249999999999998,0.04020027984977219,shake_lr,na,na,20260810_141717,True
345023,0.1209,0.0078,0.8931,345.023,500000,0.015599999999999989,-0.019500000000000003,0.005850000000000022,0.025648245554033514,shake_lr,na,na,20260810_141717,True
347505,0.1287,-0.0234,0.8931,347.505,500000,0.023400000000000004,-0.0507,0.005850000000000022,0.056145102190663085,shake_lr,na,na,20260810_141717,True
350009,0.1287,-0.0234,0.8931,350.009,500000,0.023400000000000004,-0.0507,0.005850000000000022,0.056145102190663085,shake_lr,na,na,20260810_141717,True
352521,0.1248,-0.0117,0.9165,352.521,500000,0.01949999999999999,-0.039,0.029249999999999998,0.052505356869561405,shake_lr,na,na,20260810_141717,True
355022,0.1248,-0.0117,0.9165,355.022,500000,0.01949999999999999,-0.039,0.029249999999999998,0.052505356869561405,shake_lr,na,na,20260810_141717,True
357526,0.1287,-0.0117,0.9087,357.526,500000,0.023400000000000004,-0.039,0.02144999999999997,0.05028580813708773,shake_lr,na,na,20260810_141717,True
360013,0.1287,-0.0117,0.8892,360.013,500000,0.023400000000000004,-0.039,0.0019500000000000073,0.045523208366722134,shake_lr,na,na,20260810_141717,True
362513,0.1326,-0.0039,0.9087,362.513,500000,0.02729999999999999,-0.031200000000000002,0.02144999999999997,0.046677965893984694,shake_lr,na,na,20260810_141717,True
365018,0.1404,-0.0039,0.8931,365.018,500000,0.03509999999999999,-0.031200000000000002,0.005850000000000022,0.047325178288095224,shake_lr,na,na,20260810_141717,True
367527,0.1287,0.0039,0.8892,367.527,500000,0.023400000000000004,-0.0234,0.0019500000000000073,0.033150000000000006,shake_lr,na,na,20260810_141717,True
370015,0.1404,-0.0039,0.8814,370.015,500000,0.03509999999999999,-0.031200000000000002,-0.005850000000000022,0.047325178288095224,shake_lr,na,na,20260810_141717,True
372516,0.1443,0.0078,0.8892,372.516,500000,0.03900000000000001,-0.019500000000000003,0.0019500000000000073,0.04364690710691882,shake_lr,na,na,20260810_141717,True
375014,0.1326,0.0,0.8853,375.014,500000,0.02729999999999999,-0.0273,-0.0019500000000000073,0.03865724382311806,shake_lr,na,na,20260810_141717,True
377502,0.1326,0.0,0.8814,377.502,500000,0.02729999999999999,-0.0273,-0.005850000000000022,0.03904871956927653,shake_lr,na,na,20260810_141717,True
380006,0.1404,0.0078,0.8931,380.006,500000,0.03509999999999999,-0.019500000000000003,0.005850000000000022,0.04057687149103538,shake_lr,na,na,20260810_141717,True
382522,0.1443,0.0039,0.8931,382.522,500000,0.03900000000000001,-0.0234,0.005850000000000022,0.04585610646358891,shake_lr,na,na,20260810_141717,True
385019,0.1404,0.0078,0.8697,385.019,500000,0.03509999999999999,-0.019500000000000003,-0.017549999999999955,0.04382079985577623,shake_lr,na,na,20260810_141717,True
387511,0.1482,0.0156,0.8658,387.511,500000,0.042899999999999994,-0.011700000000000002,-0.02144999999999997,0.04937005671457142,shake_lr,na,na,20260810_141717,True
390021,0.1443,0.0156,0.8541,390.021,500000,0.03900000000000001,-0.011700000000000002,-0.03315000000000001,0.052505356869561426,shake_lr,na,na,20260810_141717,True
392519,0.1443,0.0234,0.858,392.519,500000,0.03900000000000001,-0.0039000000000000007,-0.029249999999999998,0.04890575119553937,shake_lr,na,na,20260810_141717,True
395023,0.1326,0.0273,0.8502,395.023,500000,0.02729999999999999,0.0,-0.03705000000000003,0.04602165251270321,shake_lr,na,na,20260810_141717,True
397503,0.1365,0.0351,0.8307,397.503,500000,0.031200000000000006,0.007799999999999998,-0.05654999999999999,0.06505522653868788,shake_lr,na,na,20260810_141717,True
400008,0.1443,0.0351,0.8229,400.008,500000,0.03900000000000001,0.007799999999999998,-0.06435000000000002,0.07564894249095623,shake_lr,na,na,20260810_141717,True
402507,0.1326,0.0273,0.8151,402.507,500000,0.02729999999999999,0.0,-0.07214999999999994,0.07714215773492462,shake_lr,na,na,20260810_141717,True
405030,0.1365,0.0195,0.8112,405.03,500000,0.031200000000000006,-0.007800000000000001,-0.07604999999999995,0.08257046990298646,shake_lr,na,na,20260810_141717,True
407514,0.1365,0.0195,0.8073,407.514,500000,0.031200000000000006,-0.007800000000000001,-0.07994999999999997,0.08617588119653895,shake_lr,na,na,20260810_141717,True
410015,0.1326,0.0273,0.819,410.015,500000,0.02729999999999999,0.0,-0.06825000000000003,0.07350749961738601,shake_lr,na,na,20260810_141717,True
412528,0.1248,0.0234,0.8151,412.528,500000,0.01949999999999999,-0.0039000000000000007,-0.07214999999999994,0.07484038014334234,shake_lr,na,na,20260810_141717,True
415011,0.1287,0.039,0.8229,415.011,500000,0.023400000000000004,0.011699999999999999,-0.06435000000000002,0.06946490120917184,shake_lr,na,na,20260810_141717,True
417508,0.1248,0.0507,0.8229,417.508,500000,0.01949999999999999,0.0234,-0.06435000000000002,0.07119503142776187,shake_lr,na,na,20260810_141717,True
420029,0.1209,0.0585,0.8307,420.029,500000,0.015599999999999989,0.031200000000000002,-0.05654999999999999,0.06644322764586319,shake_lr,na,na,20260810_141717,True
422528,0.1131,0.0585,0.8346,422.528,500000,0.007800000000000001,0.031200000000000002,-0.052649999999999975,0.06169523887626984,shake_lr,na,na,20260810_141717,True
425028,0.1092,0.0507,0.8463,425.028,500000,0.0039000000000000007,0.0234,-0.04094999999999993,0.04732517828809517,shake_lr,na,na,20260810_141717,True
427510,0.1053,0.0507,0.8541,427.51,500000,0.0,0.0234,-0.03315000000000001,0.04057687149103539,shake_lr,na,na,20260810_141717,True
430016,0.1053,0.0429,0.8658,430.016,500000,0.0,0.0156,-0.02144999999999997,0.02652286749203409,shake_lr,na,na,20260810_141717,True
432514,0.0897,0.0507,0.8697,432.514,500000,-0.015600000000000003,0.0234,-0.017549999999999955,0.03314999999999998,shake_lr,na,na,20260810_141717,True
435011,0.1014,0.0468,0.8697,435.011,500000,-0.0039000000000000007,0.0195,-0.017549999999999955,0.026522867492034086,shake_lr,na,na,20260810_141717,True
437527,0.0975,0.0468,0.8697,437.527,500000,-0.007800000000000001,0.0195,-0.017549999999999955,0.02736955425285546,shake_lr,na,na,20260810_141717,True
440008,0.0975,0.0429,0.8619,440.008,500000,-0.007800000000000001,0.0156,-0.025349999999999984,0.030770480984216014,shake_lr,na,na,20260810_141717,True
442505,0.0858,0.0312,0.8619,442.505,500000,-0.019500000000000003,0.0038999999999999972,-0.025349999999999984,0.03221928770162369,shake_lr,na,na,20260810_141717,True
445000,0.078,0.0312,0.858,445.0,500000,-0.027300000000000005,0.0038999999999999972,-0.029249999999999998,0.04020027984977219,shake_lr,na,na,20260810_141717,True
447511,0.0702,0.0351,0.8814,447.511,500000,-0.035100000000000006,0.007799999999999998,-0.005850000000000022,0.03642900629992535,shake_lr,na,na,20260810_141717,True
450020,0.0663,0.039,0.8775,450.02,500000,-0.03900000000000001,0.011699999999999999,-0.009750000000000036,0.0418682755794886,shake_lr,na,na,20260810_141717,True
452517,0.0585,0.039,0.8892,452.517,500000,-0.0468,0.011699999999999999,0.0019500000000000073,0.048279731772245794,shake_lr,na,na,20260810_141717,True
455027,0.0741,0.0429,0.8892,455.027,500000,-0.031200000000000006,0.0156,0.0019500000000000073,0.03493712209097939,shake_lr,na,na,20260810_141717,True
457510,0.0741,0.0429,0.8892,457.51,500000,-0.031200000000000006,0.0156,0.0019500000000000073,0.03493712209097939,shake_lr,na,na,20260810_141717,True
460014,0.0663,0.0507,0.8853,460.014,500000,-0.03900000000000001,0.0234,-0.0019500000000000073,0.04552320836672214,shake_lr,na,na,20260810_141717,True
462511,0.0858,0.0429,0.8775,462.511,500000,-0.019500000000000003,0.0156,-0.009750000000000036,0.02680806781549168,shake_lr,na,na,20260810_141717,True
465006,0.0975,0.0468,0.8775,465.006,500000,-0.007800000000000001,0.0195,-0.009750000000000036,0.023154967069723954,shake_lr,na,na,20260810_141717,True
467515,0.0897,0.0507,0.8853,467.515,500000,-0.015600000000000003,0.0234,-0.0019500000000000073,0.028190822974861876,shake_lr,na,na,20260810_141717,True
470000,0.0858,0.0585,0.8853,470.0,500000,-0.019500000000000003,0.031200000000000002,-0.0019500000000000073,0.03684416507399781,shake_lr,na,na,20260810_141717,True
472529,0.0819,0.0507,0.9009,472.529,500000,-0.023400000000000004,0.0234,0.013650000000000051,0.03579724151383737,shake_lr,na,na,20260810_141717,True
475019,0.0897,0.0429,0.9048,475.019,500000,-0.015600000000000003,0.0156,0.017550000000000066,0.028190822974861914,shake_lr,na,na,20260810_141717,True
477502,0.0819,0.0468,0.9165,477.502,500000,-0.023400000000000004,0.0195,0.029249999999999998,0.04222999526403005,shake_lr,na,na,20260810_141717,True
480003,0.0858,0.0585,0.9087,480.003,500000,-0.019500000000000003,0.031200000000000002,0.02144999999999997,0.04258864285229102,shake_lr,na,na,20260810_141717,True
482511,0.0819,0.0546,0.9126,482.511,500000,-0.023400000000000004,0.0273,0.025349999999999984,0.04399400527344606,shake_lr,na,na,20260810_141717,True
485011,0.0858,0.0507,0.9204,485.011,500000,-0.019500000000000003,0.0234,0.03315000000000001,0.045019245884399275,shake_lr,na,na,20260810_141717,True
487528,0.0858,0.0546,0.9087,487.528,500000,-0.019500000000000003,0.0273,0.02144999999999997,0.03982012682049115,shake_lr,na,na,20260810_141717,True
490009,0.0858,0.0507,0.9204,490.009,500000,-0.019500000000000003,0.0234,0.03315000000000001,0.045019245884399275,shake_lr,na,na,20260810_141717,True
492506,0.0663,0.0546,0.9282,492.506,500000,-0.03900000000000001,0.0273,0.04095000000000004,0.06279484453360805,shake_lr,na,na,20260810_141717,True
495006,0.0741,0.0429,0.9282,495.006,500000,-0.031200000000000006,0.0156,0.04095000000000004,0.05379314547412155,shake_lr,na,na,20260810_141717,True
497516,0.0702,0.039,0.936,497.516,500000,-0.035100000000000006,0.011699999999999999,0.04875000000000007,0.0612001838232534,shake_lr,na,na,20260810_141717,True
510273,0.0507,0.1131,0.9828,510.273,500000,-0.0546,0.0858,0.09555000000000002,0.1395442671699558,shake_lr,na,na,20260810_141717,True
512719,0.0507,0.0663,0.9984,512.719,500000,-0.0546,0.03899999999999999,0.11114999999999997,0.12983251711339494,shake_lr,na,na,20260810_141717,True
515237,0.0702,0.0312,0.9672,515.237,500000,-0.035100000000000006,0.0038999999999999972,0.07994999999999997,0.08740264584095836,shake_lr,na,na,20260810_141717,True
517724,0.0624,0.0429,0.9555,517.724,500000,-0.04290000000000001,0.0156,0.06825000000000003,0.0821086627585665,shake_lr,na,na,20260810_141717,True
520230,0.078,0.0234,0.9282,520.23,500000,-0.027300000000000005,-0.0039000000000000007,0.04095000000000004,0.049370056714571474,shake_lr,na,na,20260810_141717,True
522741,0.1014,0.0273,0.9126,522.741,500000,-0.0039000000000000007,0.0,0.025349999999999984,0.0256482455540335,shake_lr,na,na,20260810_141717,True
525229,0.1053,0.0585,0.9282,525.229,500000,0.0,0.031200000000000002,0.04095000000000004,0.05148147725153197,shake_lr,na,na,20260810_141717,True
527721,0.1209,0.0624,0.9399,527.721,500000,0.015599999999999989,0.03509999999999999,0.052649999999999975,0.06517202237156675,shake_lr,na,na,20260810_141717,True
530218,0.1365,0.0546,0.9555,530.218,500000,0.031200000000000006,0.0273,0.06825000000000003,0.07985482139482877,shake_lr,na,na,20260810_141717,True
532728,0.1326,0.0234,0.9555,532.728,500000,0.02729999999999999,-0.0039000000000000007,0.06825000000000003,0.07361088574388983,shake_lr,na,na,20260810_141717,True
535244,0.1365,0.0078,0.9672,535.244,500000,0.031200000000000006,-0.019500000000000003,0.07994999999999997,0.08800961595189469,shake_lr,na,na,20260810_141717,True
537727,0.1248,0.0195,0.975,537.727,500000,0.01949999999999999,-0.007800000000000001,0.08775,0.09022833534982233,shake_lr,na,na,20260810_141717,True
540226,0.1287,0.0234,0.9828,540.226,500000,0.023400000000000004,-0.0039000000000000007,0.09555000000000002,0.09845086337864185,shake_lr,na,na,20260810_141717,True
542739,0.1209,0.0312,0.975,542.739,500000,0.015599999999999989,0.0038999999999999972,0.08775,0.08921116802284342,shake_lr,na,na,20260810_141717,True
545229,0.117,0.0273,0.9672,545.229,500000,0.011700000000000002,0.0,0.07994999999999997,0.08080156248489255,shake_lr,na,na,20260810_141717,True
547715,0.117,0.0195,0.9477,547.715,500000,0.011700000000000002,-0.007800000000000001,0.060450000000000004,0.06206393880507424,shake_lr,na,na,20260810_141717,True
550227,0.1287,0.0078,0.936,550.227,500000,0.023400000000000004,-0.019500000000000003,0.04875000000000007,0.057483671594636396,shake_lr,na,na,20260810_141717,True
552727,0.1326,0.0039,0.9321,552.727,500000,0.02729999999999999,-0.0234,0.044850000000000056,0.05748367159463637,shake_lr,na,na,20260810_141717,True
555232,0.1287,0.0039,0.9321,555.232,500000,0.023400000000000004,-0.0234,0.044850000000000056,0.05573726311903021,shake_lr,na,na,20260810_141717,True
557722,0.1209,0.0,0.9243,557.722,500000,0.015599999999999989,-0.0273,0.03705000000000003,0.04859374959807076,shake_lr,na,na,20260810_141717,True
560221,0.1248,0.0,0.9204,560.221,500000,0.01949999999999999,-0.0273,0.03315000000000001,0.047164207827546524,shake_lr,na,na,20260810_141717,True
562733,0.1326,0.0039,0.9282,562.733,500000,0.02729999999999999,-0.0234,0.04095000000000004,0.0544954355886803,shake_lr,na,na,20260810_141717,True
565218,0.117,0.0195,0.9282,565.218,500000,0.011700000000000002,-0.007800000000000001,0.04095000000000004,0.04329702645679035,shake_lr,na,na,20260810_141717,True
567744,0.1131,0.0156,0.9477,567.744,500000,0.007800000000000001,-0.011700000000000002,0.060450000000000004,0.06206393880507424,shake_lr,na,na,20260810_141717,True
570244,0.1209,0.0117,0.9321,570.244,500000,0.015599999999999989,-0.015600000000000001,0.044850000000000056,0.0499824219101076,shake_lr,na,na,20260810_141717,True
572723,0.1209,0.0117,0.9321,572.723,500000,0.015599999999999989,-0.015600000000000001,0.044850000000000056,0.0499824219101076,shake_lr,na,na,20260810_141717,True
575236,0.117,0.0039,0.9399,575.236,500000,0.011700000000000002,-0.0234,0.052649999999999975,0.058791772383557185,shake_lr,na,na,20260810_141717,True
577733,0.1092,0.0195,0.9282,577.733,500000,0.0039000000000000007,-0.007800000000000001,0.04095000000000004,0.04186827557948863,shake_lr,na,na,20260810_141717,True
580230,0.1131,0.0351,0.9048,580.23,500000,0.007800000000000001,0.007799999999999998,0.017550000000000066,0.020728784334832624,shake_lr,na,na,20260810_141717,True
583194,0.0936,0.0351,0.8892,583.194,500000,-0.011700000000000002,0.007799999999999998,0.0019500000000000073,0.014196214284097012,shake_lr,na,na,20260810_141717,True
585225,0.0936,0.0351,0.8892,585.225,500000,-0.011700000000000002,0.007799999999999998,0.0019500000000000073,0.014196214284097012,shake_lr,na,na,20260810_141717,True
587718,0.0936,0.039,0.8853,587.718,500000,-0.011700000000000002,0.011699999999999999,-0.0019500000000000073,0.016660807303369187,shake_lr,na,na,20260810_141717,True
590242,0.1053,0.0312,0.8931,590.242,500000,0.0,0.0038999999999999972,0.005850000000000022,0.007030824987154796,shake_lr,na,na,20260810_141717,True
592722,0.117,0.0195,0.8931,592.722,500000,0.011700000000000002,-0.007800000000000001,0.005850000000000022,0.015229986868017987,shake_lr,na,na,20260810_141717,True
595215,0.1014,0.0312,0.9087,595.215,500000,-0.0039000000000000007,0.0038999999999999972,0.02144999999999997,0.02214774254862104,shake_lr,na,na,20260810_141717,True
597737,0.1014,0.0156,0.8853,597.737,500000,-0.0039000000000000007,-0.011700000000000002,-0.0019500000000000073,0.012486092262994058,shake_lr,na,na,20260810_141717,True
600234,0.0975,0.0273,0.8853,600.234,500000,-0.007800000000000001,0.0,-0.0019500000000000073,0.00804005596995444,shake_lr,na,na,20260810_141717,True
602744,0.1053,0.0156,0.8736,602.744,500000,0.0,-0.011700000000000002,-0.01364999999999994,0.017978111691721085,shake_lr,na,na,20260810_141717,True
605231,0.0897,0.0156,0.8775,605.231,500000,-0.015600000000000003,-0.011700000000000002,-0.009750000000000036,0.02180166278062297,shake_lr,na,na,20260810_141717,True
607723,0.0936,0.0039,0.8931,607.723,500000,-0.011700000000000002,-0.0234,0.005850000000000022,0.02680806781549167,shake_lr,na,na,20260810_141717,True
610215,0.0936,0.0078,0.8931,610.215,500000,-0.011700000000000002,-0.019500000000000003,0.005850000000000022,0.023481109428644984,shake_lr,na,na,20260810_141717,True
612727,0.1014,0.0078,0.9048,612.727,500000,-0.0039000000000000007,-0.019500000000000003,0.017550000000000066,0.02652286749203416,shake_lr,na,na,20260810_141717,True
615216,0.1092,0.0078,0.9087,615.216,500000,0.0039000000000000007,-0.019500000000000003,0.02144999999999997,0.02924999999999998,shake_lr,na,na,20260810_141717,True
617744,0.1092,0.0156,0.9009,617.744,500000,0.0039000000000000007,-0.011700000000000002,0.013650000000000051,0.018396263207510418,shake_lr,na,na,20260810_141717,True
620218,0.1131,0.0117,0.9009,620.218,500000,0.007800000000000001,-0.015600000000000001,0.013650000000000051,0.022147742548621098,shake_lr,na,na,20260810_141717,True
622730,0.1053,0.0156,0.8892,622.73,500000,0.0,-0.011700000000000002,0.0019500000000000073,0.011861386934081532,shake_lr,na,na,20260810_141717,True
625222,0.1053,0.0234,0.8814,625.222,500000,0.0,-0.0039000000000000007,-0.005850000000000022,0.007030824987154798,shake_lr,na,na,20260810_141717,True
627717,0.1053,0.0156,0.897,627.717,500000,0.0,-0.011700000000000002,0.009750000000000036,0.015229986868018002,shake_lr,na,na,20260810_141717,True
630242,0.1014,0.0195,0.8931,630.242,500000,-0.0039000000000000007,-0.007800000000000001,0.005850000000000022,0.010501071373912298,shake_lr,na,na,20260810_141717,True
632722,0.1092,0.0039,0.9009,632.722,500000,0.0039000000000000007,-0.0234,0.013650000000000051,0.027369554252855515,shake_lr,na,na,20260810_141717,True
635235,0.1053,0.0117,0.8892,635.235,500000,0.0,-0.015600000000000001,0.0019500000000000073,0.015721402609182172,shake_lr,na,na,20260810_141717,True
637723,0.1053,0.0117,0.9009,637.723,500000,0.0,-0.015600000000000001,0.013650000000000051,0.0207287843348326,shake_lr,na,na,20260810_141717,True
640215,0.1053,0.0078,0.9126,640.215,500000,0.0,-0.019500000000000003,0.025349999999999984,0.0319823779603706,shake_lr,na,na,20260810_141717,True
642724,0.1014,0.0117,0.9282,642.724,500000,-0.0039000000000000007,-0.015600000000000001,0.04095000000000004,0.0439940052734461,shake_lr,na,na,20260810_141717,True
645240,0.1014,0.0117,0.9243,645.24,500000,-0.0039000000000000007,-0.015600000000000001,0.03705000000000003,0.040389014595555585,shake_lr,na,na,20260810_141717,True
647724,0.1053,0.0,0.9321,647.724,500000,0.0,-0.0273,0.044850000000000056,0.05250535686956146,shake_lr,na,na,20260810_141717,True
650215,0.1131,0.0156,0.9399,650.215,500000,0.007800000000000001,-0.011700000000000002,0.052649999999999975,0.054495435588680245,shake_lr,na,na,20260810_141717,True
652740,0.1092,0.0195,0.936,652.74,500000,0.0039000000000000007,-0.007800000000000001,0.04875000000000007,0.04952385788688122,shake_lr,na,na,20260810_141717,True
655241,0.1131,0.0234,0.9438,655.241,500000,0.007800000000000001,-0.0039000000000000007,0.05654999999999999,0.05721846292937271,shake_lr,na,na,20260810_141717,True
657724,0.1092,0.0117,0.936,657.724,500000,0.0039000000000000007,-0.015600000000000001,0.04875000000000007,0.05133354166624399,shake_lr,na,na,20260810_141717,True
660217,0.0936,0.0117,0.9477,660.217,500000,-0.011700000000000002,-0.015600000000000001,0.060450000000000004,0.0635173401521191,shake_lr,na,na,20260810_141717,True
662727,0.0897,0.0117,0.9399,662.727,500000,-0.015600000000000003,-0.015600000000000001,0.052649999999999975,0.05708539655638732,shake_lr,na,na,20260810_141717,True
665239,0.0858,0.0117,0.9438,665.239,500000,-0.019500000000000003,-0.015600000000000001,0.05654999999999999,0.06181838318817469,shake_lr,na,na,20260810_141717,True
667725,0.0858,0.0195,0.9399,667.725,500000,-0.019500000000000003,-0.007800000000000001,0.052649999999999975,0.05668432322961965,shake_lr,na,na,20260810_141717,True
670221,0.0858,0.0156,0.9321,670.221,500000,-0.019500000000000003,-0.011700000000000002,0.044850000000000056,0.050285808137087794,shake_lr,na,na,20260810_141717,True
672733,0.0897,0.0195,0.936,672.733,500000,-0.015600000000000003,-0.007800000000000001,0.04875000000000007,0.05177608038467191,shake_lr,na,na,20260810_141717,True
675236,0.0936,0.0039,0.9282,675.236,500000,-0.011700000000000002,-0.0234,0.04095000000000004,0.04859374959807078,shake_lr,na,na,20260810_141717,True
677731,0.0936,0.0039,0.9282,677.731,500000,-0.011700000000000002,-0.0234,0.04095000000000004,0.04859374959807078,shake_lr,na,na,20260810_141717,True
680239,0.0897,0.0039,0.9321,680.239,500000,-0.015600000000000003,-0.0234,0.044850000000000056,0.052938100645943134,shake_lr,na,na,20260810_141717,True
682721,0.0819,0.0078,0.9399,682.721,500000,-0.023400000000000004,-0.019500000000000003,0.052649999999999975,0.060826248445880644,shake_lr,na,na,20260810_141717,True
685491,0.0858,0.0078,0.9243,685.491,500000,-0.019500000000000003,-0.019500000000000003,0.03705000000000003,0.04618660520107537,shake_lr,na,na,20260810_141717,True
687739,0.0858,0.0078,0.9243,687.739,500000,-0.019500000000000003,-0.019500000000000003,0.03705000000000003,0.04618660520107537,shake_lr,na,na,20260810_141717,True
690236,0.078,0.0039,0.9321,690.236,500000,-0.027300000000000005,-0.0234,0.044850000000000056,0.05748367159463638,shake_lr,na,na,20260810_141717,True
692745,0.0819,0.0,0.9282,692.745,500000,-0.023400000000000004,-0.0273,0.04095000000000004,0.05449543558868031,shake_lr,na,na,20260810_141717,True
695237,0.0819,0.0078,0.9243,695.237,500000,-0.023400000000000004,-0.019500000000000003,0.03705000000000003,0.047963658117370515,shake_lr,na,na,20260810_141717,True
697726,0.0819,0.0039,0.9087,697.726,500000,-0.023400000000000004,-0.0234,0.02144999999999997,0.03943630941150552,shake_lr,na,na,20260810_141717,True
700223,0.078,0.0156,0.9165,700.223,500000,-0.027300000000000005,-0.011700000000000002,0.029249999999999998,0.04168623873654231,shake_lr,na,na,20260810_141717,True
702733,0.0819,0.0039,0.9165,702.733,500000,-0.023400000000000004,-0.0234,0.029249999999999998,0.04416653144633389,shake_lr,na,na,20260810_141717,True
705219,0.0663,0.0039,0.9243,705.219,500000,-0.03900000000000001,-0.0234,0.03705000000000003,0.058662274930316186,shake_lr,na,na,20260810_141717,True
707739,0.0702,0.0039,0.9204,707.739,500000,-0.035100000000000006,-0.0234,0.03315000000000001,0.05365158431957067,shake_lr,na,na,20260810_141717,True
710236,0.0819,0.0,0.9165,710.236,500000,-0.023400000000000004,-0.0273,0.029249999999999998,0.04635097086361838,shake_lr,na,na,20260810_141717,True
712742,0.0702,0.0,0.9048,712.742,500000,-0.035100000000000006,-0.0273,0.017550000000000066,0.047804837621311956,shake_lr,na,na,20260810_141717,True
715219,0.078,0.0078,0.9087,715.219,500000,-0.027300000000000005,-0.019500000000000003,0.02144999999999997,0.03982012682049116,shake_lr,na,na,20260810_141717,True
717742,0.0819,0.0,0.9009,717.742,500000,-0.023400000000000004,-0.0273,0.013650000000000051,0.038460011700466264,shake_lr,na,na,20260810_141717,True
720216,0.0741,0.0078,0.9009,720.216,500000,-0.031200000000000006,-0.019500000000000003,0.013650000000000051,0.03924299300512133,shake_lr,na,na,20260810_141717,True
722727,0.0897,0.0117,0.9087,722.727,500000,-0.015600000000000003,-0.015600000000000001,0.02144999999999997,0.030770480984216007,shake_lr,na,na,20260810_141717,True
725244,0.0819,0.0195,0.9048,725.244,500000,-0.023400000000000004,-0.007800000000000001,0.017550000000000066,0.03027214065770709,shake_lr,na,na,20260810_141717,True
727725,0.0819,0.0195,0.9087,727.725,500000,-0.023400000000000004,-0.007800000000000001,0.02144999999999997,0.03268795649776839,shake_lr,na,na,20260810_141717,True
730222,0.0897,0.0273,0.9165,730.222,500000,-0.015600000000000003,0.0,0.029249999999999998,0.03315,shake_lr,na,na,20260810_141717,True
732733,0.0975,0.0351,0.9243,732.733,500000,-0.007800000000000001,0.007799999999999998,0.03705000000000003,0.038657243823118095,shake_lr,na,na,20260810_141717,True
735217,0.0975,0.0507,0.9399,735.217,500000,-0.007800000000000001,0.0234,0.052649999999999975,0.05814140091191471,shake_lr,na,na,20260810_141717,True
737743,0.0975,0.0546,0.9321,737.743,500000,-0.007800000000000001,0.0273,0.044850000000000056,0.053081564596383225,shake_lr,na,na,20260810_141717,True
740240,0.0975,0.0819,0.9399,740.24,500000,-0.007800000000000001,0.054599999999999996,0.052649999999999975,0.07624973770446687,shake_lr,na,na,20260810_141717,True
742718,0.0936,0.0858,0.9282,742.718,500000,-0.011700000000000002,0.058499999999999996,0.04095000000000004,0.07236050372958996,shake_lr,na,na,20260810_141717,True
745224,0.0975,0.0897,0.936,745.224,500000,-0.007800000000000001,0.0624,0.04875000000000007,0.07956860247610238,shake_lr,na,na,20260810_141717,True
747720,0.0975,0.0897,0.9516,747.72,500000,-0.007800000000000001,0.0624,0.06435000000000002,0.08997512156146277,shake_lr,na,na,20260810_141717,True
750215,0.0975,0.1053,0.9477,750.215,500000,-0.007800000000000001,0.078,0.060450000000000004,0.09899011314267704,shake_lr,na,na,20260810_141717,True
752739,0.0975,0.1053,0.9477,752.739,500000,-0.007800000000000001,0.078,0.060450000000000004,0.09899011314267704,shake_lr,na,na,20260810_141717,True
755215,0.0975,0.1092,0.936,755.215,500000,-0.007800000000000001,0.0819,0.04875000000000007,0.09562955871486602,shake_lr,na,na,20260810_141717,True
757741,0.0936,0.117,0.9555,757.741,500000,-0.011700000000000002,0.0897,0.06825000000000003,0.11331832376098759,shake_lr,na,na,20260810_141717,True
760241,0.0897,0.1209,0.936,760.241,500000,-0.015600000000000003,0.09359999999999999,0.04875000000000007,0.10668121905940148,shake_lr,na,na,20260810_141717,True
762723,0.0936,0.1014,0.936,762.723,500000,-0.011700000000000002,0.0741,0.04875000000000007,0.08946654402624483,shake_lr,na,na,20260810_141717,True
765237,0.0858,0.0897,0.9399,765.237,500000,-0.019500000000000003,0.0624,0.052649999999999975,0.08394064867512042,shake_lr,na,na,20260810_141717,True
767726,0.078,0.0702,0.936,767.726,500000,-0.027300000000000005,0.042899999999999994,0.04875000000000007,0.07044332828593498,shake_lr,na,na,20260810_141717,True
770227,0.0702,0.039,0.9555,770.227,500000,-0.035100000000000006,0.011699999999999999,0.06825000000000003,0.07763351402583812,shake_lr,na,na,20260810_141717,True
772739,0.0702,0.0078,0.9399,772.739,500000,-0.035100000000000006,-0.019500000000000003,0.052649999999999975,0.0662139147007636,shake_lr,na,na,20260810_141717,True
775221,0.0624,-0.0156,0.9516,775.221,500000,-0.04290000000000001,-0.0429,0.06435000000000002,0.08844061566949883,shake_lr,na,na,20260810_141717,True
777715,0.0546,-0.0429,0.9516,777.715,500000,-0.0507,-0.0702,0.06435000000000002,0.10788629431025983,shake_lr,na,na,20260810_141717,True
780243,0.0546,-0.0702,0.9555,780.243,500000,-0.0507,-0.0975,0.06825000000000003,0.12936306466685152,shake_lr,na,na,20260810_141717,True
782722,0.0546,-0.1131,0.9672,782.722,500000,-0.0507,-0.1404,0.07994999999999997,0.16933591615484292,shake_lr,na,na,20260810_141717,True
785218,0.0546,-0.1131,0.9672,785.218,500000,-0.0507,-0.1404,0.07994999999999997,0.16933591615484292,shake_lr,na,na,20260810_141717,True
787957,0.0624,-0.2262,0.9516,787.957,500000,-0.04290000000000001,-0.2535,0.06435000000000002,0.26503505900163477,shake_lr,na,na,20260810_141717,True
790223,0.0624,-0.2262,0.9516,790.223,500000,-0.04290000000000001,-0.2535,0.06435000000000002,0.26503505900163477,shake_lr,na,na,20260810_141717,True
792734,0.078,-0.3042,0.9555,792.734,500000,-0.027300000000000005,-0.3315,0.06825000000000003,0.339552061545796,shake_lr,na,na,20260810_141717,True
795229,0.0936,-0.3744,0.9516,795.229,500000,-0.011700000000000002,-0.4017,0.06435000000000002,0.4069898063834032,shake_lr,na,na,20260810_141717,True
797726,0.078,-0.4446,0.9438,797.726,500000,-0.027300000000000005,-0.4719,0.05654999999999999,0.47605966275247474,shake_lr,na,na,20260810_141717,True
800222,0.078,-0.4914,0.9321,800.222,500000,-0.027300000000000005,-0.5187,0.044850000000000056,0.5213506521526564,shake_lr,na,na,20260810_141717,True
802734,0.0468,-0.546,0.9126,802.734,500000,-0.0585,-0.5733,0.025349999999999984,0.5768342591247507,shake_lr,na,na,20260810_141717,True
805223,0.0351,-0.6279,0.8814,805.223,500000,-0.07020000000000001,-0.6552,-0.005850000000000022,0.6589759498646366,shake_lr,na,na,20260810_141717,True
807740,0.0273,-0.7215,0.8541,807.74,500000,-0.078,-0.7488,-0.03315000000000001,0.7535810258359747,shake_lr,na,na,20260810_141717,True
810238,0.0,-0.8424,0.8385,810.238,500000,-0.1053,-0.8697,-0.04874999999999996,0.8774068283869233,shake_lr,na,na,20260810_141717,True
812727,-0.0351,-0.9867,0.8229,812.727,500000,-0.1404,-1.014,-0.06435000000000002,1.025694439148424,shake_lr,na,na,20260810_141717,True
815231,-0.0702,-1.092,0.7878,815.231,500000,-0.1755,-1.1193000000000002,-0.09945000000000004,1.1373315446693637,shake_lr,na,na,20260810_141717,True
817724,-0.1053,-1.2012,0.7449,817.724,500000,-0.2106,-1.2285000000000001,-0.14234999999999998,1.2545230697360652,shake_lr,na,na,20260810_141717,True
820231,-0.1287,-1.2753,0.7176,820.231,500000,-0.234,-1.3026000000000002,-0.16964999999999997,1.3342802863341723,shake_lr,na,na,20260810_141717,True
822741,-0.1482,-1.4001,0.7137,822.741,500000,-0.2535,-1.4274,-0.17354999999999998,1.4600865085672152,shake_lr,na,na,20260810_141717,True
825230,-0.1404,-1.4391,0.6708,825.23,500000,-0.2457,-1.4664000000000001,-0.21645000000000003,1.5025139109173002,shake_lr,na,na,20260810_141717,True
827717,-0.1716,-1.4352,0.6864,827.717,500000,-0.27690000000000003,-1.4625000000000001,-0.20084999999999997,1.5019722309350463,shake_lr,na,na,20260810_141717,True
830244,-0.1911,-1.4547,0.6864,830.244,500000,-0.2964,-1.4820000000000002,-0.20084999999999997,1.5246369018556518,shake_lr,na,na,20260810_141717,True
832723,-0.2028,-1.4859,0.6903,832.723,500000,-0.30810000000000004,-1.5132,-0.19694999999999996,1.5567559707609926,shake_lr,na,na,20260810_141717,True
835240,-0.1872,-1.4781,0.6981,835.24,500000,-0.2925,-1.5054,-0.18914999999999993,1.5451741430984405,shake_lr,na,na,20260810_141717,True
837727,-0.1677,-1.4508,0.7098,837.727,500000,-0.273,-1.4781000000000002,-0.17745,1.513537945510452,shake_lr,na,na,20260810_141717,True
840224,-0.1365,-1.4157,0.7254,840.224,500000,-0.24180000000000001,-1.443,-0.16184999999999994,1.4720433629822187,shake_lr,na,na,20260810_141717,True
842735,-0.1014,-1.3845,0.7449,842.735,500000,-0.2067,-1.4118000000000002,-0.14234999999999998,1.4339343264250286,shake_lr,na,na,20260810_141717,True
845225,-0.0585,-1.3533,0.7683,845.225,500000,-0.1638,-1.3806,-0.11895,1.3953622836023625,shake_lr,na,na,20260810_141717,True
847742,-0.0273,-1.287,0.8034,847.742,500000,-0.1326,-1.3143,-0.08384999999999998,1.3236306405111662,shake_lr,na,na,20260810_141717,True
850241,-0.0312,-1.1895,0.8502,850.241,500000,-0.1365,-1.2168,-0.03705000000000003,1.2249927316110902,shake_lr,na,na,20260810_141717,True
852737,-0.0351,-1.0803,0.8502,852.737,500000,-0.1404,-1.1076000000000001,-0.03705000000000003,1.1170777155149056,shake_lr,na,na,20260810_141717,True
855238,-0.0273,-0.936,0.8385,855.238,500000,-0.1326,-0.9633,-0.04874999999999996,0.9736047516831459,shake_lr,na,na,20260810_141717,True
857726,-0.0312,-0.7371,0.8697,857.726,500000,-0.1365,-0.7644,-0.017549999999999955,0.7766901650594012,shake_lr,na,na,20260810_141717,True
860224,0.0975,-0.7176,0.8385,860.224,500000,-0.007800000000000001,-0.7449,-0.04874999999999996,0.746534267465332,shake_lr,na,na,20260810_141717,True
862734,-0.0585,-0.546,1.0179,862.734,500000,-0.1638,-0.5733,0.13065000000000004,0.6103873790471097,shake_lr,na,na,20260810_141717,True
865218,0.0312,-0.6084,0.897,865.218,500000,-0.0741,-0.6357,0.009750000000000036,0.6400784034007084,shake_lr,na,na,20260810_141717,True
867742,0.0897,-0.4914,0.9399,867.742,500000,-0.015600000000000003,-0.5187,0.052649999999999975,0.5215985740969774,shake_lr,na,na,20260810_141717,True
870245,0.1248,-0.4446,1.1739,870.245,500000,0.01949999999999999,-0.4719,0.28664999999999996,0.5524835585788956,shake_lr,na,na,20260810_141717,True
872721,0.1755,-0.4056,1.2129,872.721,500000,0.07019999999999998,-0.4329,0.3256500000000001,0.5462402150153356,shake_lr,na,na,20260810_141717,True
875230,0.1989,-0.3159,1.1973,875.23,500000,0.09359999999999999,-0.3432,0.31005000000000005,0.4718879130683472,shake_lr,na,na,20260810_141717,True
877744,0.1482,-0.0546,1.2051,877.744,500000,0.042899999999999994,-0.0819,0.3178500000000001,0.33102362831072957,shake_lr,na,na,20260810_141717,True
880216,0.1443,0.156,1.1427,880.216,500000,0.03900000000000001,0.1287,0.25545000000000007,0.28868562918856916,shake_lr,na,na,20260810_141717,True
882727,0.195,0.2613,1.1154,882.727,500000,0.0897,0.23399999999999999,0.22814999999999996,0.3389019216528581,shake_lr,na,na,20260810_141717,True
885224,0.2496,0.4251,1.1115,885.224,500000,0.14429999999999998,0.3978,0.22424999999999995,0.47891063101585035,shake_lr,na,na,20260810_141717,True
887720,0.2925,0.6006,1.1193,887.72,500000,0.18719999999999998,0.5733,0.23204999999999998,0.6461918697260126,shake_lr,na,na,20260810_141717,True
890341,0.3471,0.741,1.1388,890.341,500000,0.24180000000000001,0.7137,0.25155000000000005,0.7944257879122506,shake_lr,na,na,20260810_141717,True
892734,0.3471,0.741,1.1388,892.734,500000,0.24180000000000001,0.7137,0.25155000000000005,0.7944257879122506,shake_lr,na,na,20260810_141717,True
895230,0.3822,0.858,1.1544,895.23,500000,0.2769,0.8307,0.2671500000000001,0.9154808695434329,shake_lr,na,na,20260810_141717,True
897726,0.3783,0.9672,1.2051,897.726,500000,0.273,0.9399,0.3178500000000001,1.0290625017461281,shake_lr,na,na,20260810_141717,True
900222,0.3978,1.0686,1.2363,900.222,500000,0.2925,1.0413,0.34904999999999997,1.136528856870779,shake_lr,na,na,20260810_141717,True
902733,0.39,1.1427,1.2597,902.733,500000,0.2847,1.1154,0.37245000000000006,1.2099133243749323,shake_lr,na,na,20260810_141717,True
905225,0.429,1.2714,1.2597,905.225,500000,0.3237,1.2441,0.37245000000000006,1.3383891446436647,shake_lr,na,na,20260810_141717,True
907741,0.4251,1.3845,1.2402,907.741,500000,0.3198,1.3572,0.35295,1.4383454322588853,shake_lr,na,na,20260810_141717,True
910240,0.4563,1.4235,1.2168,910.24,500000,0.351,1.3961999999999999,0.3295500000000001,1.4768813908029308,shake_lr,na,na,20260810_141717,True
912717,0.4563,1.4781,1.1388,912.717,500000,0.351,1.4507999999999999,0.25155000000000005,1.513703749912776,shake_lr,na,na,20260810_141717,True
915222,0.4758,1.5561,1.0803,915.222,500000,0.3705,1.5288,0.19305000000000005,1.5848558270391664,shake_lr,na,na,20260810_141717,True
917739,0.4719,1.6887,1.0608,917.739,500000,0.3666,1.6614,0.17354999999999998,1.7101944692051838,shake_lr,na,na,20260810_141717,True
920243,0.5382,1.7043,1.0179,920.243,500000,0.4329,1.6769999999999998,0.13065000000000004,1.7368940187875594,shake_lr,na,na,20260810_141717,True
922723,0.5109,1.7277,1.0062,922.723,500000,0.4056,1.7004,0.11895,1.7521474317248533,shake_lr,na,na,20260810_141717,True
925242,0.4758,1.6653,0.9828,925.242,500000,0.3705,1.638,0.09555000000000002,1.6820951377671833,shake_lr,na,na,20260810_141717,True
927724,0.4953,1.6731,0.9516,927.724,500000,0.39,1.6458,0.06435000000000002,1.6926011232715166,shake_lr,na,na,20260810_141717,True
930222,0.4836,1.6419,0.9243,930.222,500000,0.37829999999999997,1.6145999999999998,0.03705000000000003,1.6587395071258173,shake_lr,na,na,20260810_141717,True
932734,0.4485,1.6497,0.9126,932.734,500000,0.3432,1.6223999999999998,0.025349999999999984,1.658496494569705,shake_lr,na,na,20260810_141717,True
935222,0.4524,1.7199,0.9009,935.222,500000,0.3471,1.6925999999999999,0.013650000000000051,1.7278771636027832,shake_lr,na,na,20260810_141717,True
937737,0.4485,1.7862,0.8658,937.737,500000,0.3432,1.7589,-0.02144999999999997,1.7921985248571097,shake_lr,na,na,20260810_141717,True
940235,0.4524,1.7706,0.8229,940.235,500000,0.3471,1.7432999999999998,-0.06435000000000002,1.7786832833587882,shake_lr,na,na,20260810_141717,True
942730,0.4407,1.7433,0.7995,942.73,500000,0.3354,1.716,-0.08775,1.750671077758469,shake_lr,na,na,20260810_141717,True
945228,0.4524,1.6458,0.7488,945.228,500000,0.3471,1.6184999999999998,-0.13844999999999996,1.6610806911465799,shake_lr,na,na,20260810_141717,True
947743,0.4641,1.6419,0.7215,947.743,500000,0.3588,1.6145999999999998,-0.16574999999999995,1.662270634553832,shake_lr,na,na,20260810_141717,True
950240,0.4641,1.6302,0.7332,950.24,500000,0.3588,1.6029,-0.15405000000000002,1.6497749096467675,shake_lr,na,na,20260810_141717,True
952814,0.429,1.5678,0.7566,952.814,500000,0.3237,1.5405,-0.13064999999999993,1.5795541657379149,shake_lr,na,na,20260810_141717,True
955233,0.4056,1.5171,0.7215,955.233,500000,0.3003,1.4897999999999998,-0.16574999999999995,1.5287763709908653,shake_lr,na,na,20260810_141717,True
957728,0.39,1.4976,0.6591,957.728,500000,0.2847,1.4703,-0.22814999999999996,1.514888973654505,shake_lr,na,na,20260810_141717,True
960228,0.3666,1.5054,0.6357,960.228,500000,0.2613,1.4781,-0.25154999999999994,1.521950952724824,shake_lr,na,na,20260810_141717,True
962736,0.3159,1.6107,0.6318,962.736,500000,0.2106,1.5834,-0.25544999999999995,1.617641067264305,shake_lr,na,na,20260810_141717,True
965223,0.2769,1.5288,0.6396,965.223,500000,0.17159999999999997,1.5014999999999998,-0.24765000000000004,1.5314304856897683,shake_lr,na,na,20260810_141717,True
967715,0.2574,1.4391,0.6123,967.715,500000,0.1521,1.4118,-0.27495,1.4463440643567491,shake_lr,na,na,20260810_141717,True
970215,0.2496,1.3182,0.5499,970.215,500000,0.14429999999999998,1.2909,-0.3373499999999999,1.3420321614998652,shake_lr,na,na,20260810_141717,True
972728,0.2457,1.2129,0.5343,972.728,500000,0.1404,1.1856,-0.35295,1.2449631410206488,shake_lr,na,na,20260810_141717,True
975239,0.2574,1.1232,0.507,975.239,500000,0.1521,1.0958999999999999,-0.38025,1.169923622507042,shake_lr,na,na,20260810_141717,True
977728,0.2886,1.0257,0.4914,977.728,500000,0.18330000000000002,0.9984000000000001,-0.39585,1.089540578638538,shake_lr,na,na,20260810_141717,True
980228,0.2457,0.9438,0.5226,980.228,500000,0.1404,0.9165,-0.36465000000000003,0.9963202459550844,shake_lr,na,na,20260810_141717,True
982737,0.1989,0.8424,0.5616,982.737,500000,0.09359999999999999,0.8151,-0.32565,0.8827212994484727,shake_lr,na,na,20260810_141717,True
985231,0.2067,0.7332,0.6201,985.231,500000,0.10139999999999999,0.7059,-0.26715,0.7615417864437907,shake_lr,na,na,20260810_141717,True
987718,0.1638,0.6318,0.663,987.718,500000,0.058499999999999996,0.6045,-0.22424999999999995,0.6474029367403271,shake_lr,na,na,20260810_141717,True
990215,0.1638,0.4563,0.7137,990.215,500000,0.058499999999999996,0.429,-0.17354999999999998,0.46645777140058453,shake_lr,na,na,20260810_141717,True
992769,0.1638,0.2886,0.7644,992.769,500000,0.058499999999999996,0.26130000000000003,-0.12285000000000001,0.29460492612989353,shake_lr,na,na,20260810_141717,True
995240,0.1716,0.1716,0.8034,995.24,500000,0.0663,0.1443,-0.08384999999999998,0.1795800726695476,shake_lr,na,na,20260810_141717,True
997734,0.1716,0.1716,0.8034,997.734,500000,0.0663,0.1443,-0.08384999999999998,0.1795800726695476,shake_lr,na,na,20260810_141717,True
1000230,0.1677,0.0585,0.8307,1000.23,500000,0.06239999999999998,0.031200000000000002,-0.05654999999999999,0.08980591572942173,shake_lr,na,na,20260810_141717,True
1002739,0.1677,-0.0858,0.8502,1002.739,500000,0.06239999999999998,-0.1131,-0.03705000000000003,0.1343803278013564,shake_lr,na,na,20260810_141717,True
1005225,0.1677,-0.2223,0.8385,1005.225,500000,0.06239999999999998,-0.2496,-0.04874999999999996,0.2618596618419874,shake_lr,na,na,20260810_141717,True
1007734,0.1833,-0.3861,0.8346,1007.734,500000,0.07799999999999999,-0.4134,-0.052649999999999975,0.4239759220757707,shake_lr,na,na,20260810_141717,True
1010232,0.1755,-0.5265,0.8385,1010.232,500000,0.07019999999999998,-0.5538,-0.04874999999999996,0.5603561746782131,shake_lr,na,na,20260810_141717,True
1012737,0.1677,-0.6552,0.8307,1012.737,500000,0.06239999999999998,-0.6825,-0.05654999999999999,0.6876757320859883,shake_lr,na,na,20260810_141717,True
1015215,0.156,-0.7878,0.8463,1015.215,500000,0.050699999999999995,-0.8150999999999999,-0.04094999999999993,0.817701291731889,shake_lr,na,na,20260810_141717,True
1017734,0.1365,-0.9282,0.8346,1017.734,500000,0.031200000000000006,-0.9555,-0.052649999999999975,0.9574579429405764,shake_lr,na,na,20260810_141717,True
1020237,0.1131,-1.0647,0.8424,1020.237,500000,0.007800000000000001,-1.092,-0.044849999999999945,1.0929484720241847,shake_lr,na,na,20260810_141717,True
1022717,0.1131,-1.1934,0.8346,1022.717,500000,0.007800000000000001,-1.2207000000000001,-0.052649999999999975,1.2218597924884838,shake_lr,na,na,20260810_141717,True
1025237,0.0897,-1.2753,0.8151,1025.237,500000,-0.015600000000000003,-1.3026000000000002,-0.07214999999999994,1.3046899028121588,shake_lr,na,na,20260810_141717,True
1027724,0.0585,-1.3377,0.7839,1027.724,500000,-0.0468,-1.365,-0.10334999999999994,1.3697067067441846,shake_lr,na,na,20260810_141717,True
1030222,0.0273,-1.3884,0.7488,1030.222,500000,-0.078,-1.4157000000000002,-0.13844999999999996,1.4245907807156413,shake_lr,na,na,20260810_141717,True
1032735,-0.0117,-1.3962,0.7488,1032.735,500000,-0.117,-1.4235000000000002,-0.13844999999999996,1.4349946524290607,shake_lr,na,na,20260810_141717,True
1035221,-0.0975,-1.404,0.7761,1035.221,500000,-0.2028,-1.4313,-0.11114999999999997,1.449862701258295,shake_lr,na,na,20260810_141717,True
1037745,-0.1014,-1.4469,0.78,1037.745,500000,-0.2067,-1.4742000000000002,-0.10724999999999996,1.4924788415585664,shake_lr,na,na,20260810_141717,True
1040242,-0.1521,-1.4781,0.8775,1040.242,500000,-0.2574,-1.5054,-0.009750000000000036,1.5272782924208672,shake_lr,na,na,20260810_141717,True
1042721,-0.1209,-1.4196,0.8229,1042.721,500000,-0.2262,-1.4469,-0.06435000000000002,1.4658877762298177,shake_lr,na,na,20260810_141717,True
1045242,-0.1716,-1.6068,0.8268,1045.242,500000,-0.27690000000000003,-1.6341,-0.060450000000000004,1.6584964945697052,shake_lr,na,na,20260810_141717,True
1047728,-0.2184,-1.6653,0.8151,1047.728,500000,-0.3237,-1.6926,-0.07214999999999994,1.7247846452528501,shake_lr,na,na,20260810_141717,True
1050225,-0.1638,-1.7316,0.7254,1050.225,500000,-0.2691,-1.7589000000000001,-0.16184999999999994,1.7867119080870315,shake_lr,na,na,20260810_141717,True
1052738,-0.1833,-1.5483,0.7137,1052.738,500000,-0.28859999999999997,-1.5756000000000001,-0.17354999999999998,1.6111874262481074,shake_lr,na,na,20260810_141717,True
1055240,-0.1248,-1.5015,0.7371,1055.24,500000,-0.2301,-1.5288000000000002,-0.15015,1.5532934276884072,shake_lr,na,na,20260810_141717,True
1057730,-0.1248,-1.4781,0.7254,1057.73,500000,-0.2301,-1.5054,-0.16184999999999994,1.5314602810716313,shake_lr,na,na,20260810_141717,True
1060228,-0.1092,-1.3962,0.741,1060.228,500000,-0.21450000000000002,-1.4235000000000002,-0.14625,1.4469801527664437,shake_lr,na,na,20260810_141717,True
1062739,-0.117,-1.365,0.7488,1062.739,500000,-0.2223,-1.3923,-0.13844999999999996,1.4167162674650138,shake_lr,na,na,20260810_141717,True
1065224,-0.0975,-1.3104,0.741,1065.224,500000,-0.2028,-1.3377000000000001,-0.14625,1.3608667063676736,shake_lr,na,na,20260810_141717,True
1067743,-0.1092,-1.2441,0.7566,1067.743,500000,-0.21450000000000002,-1.2714,-0.13064999999999993,1.295969765272323,shake_lr,na,na,20260810_141717,True
1070215,-0.1248,-1.209,0.7605,1070.215,500000,-0.2301,-1.2363000000000002,-0.12675000000000003,1.2639023943722871,shake_lr,na,na,20260810_141717,True
1072740,-0.1482,-1.1778,0.7449,1072.74,500000,-0.2535,-1.2051,-0.14234999999999998,1.2396740630101124,shake_lr,na,na,20260810_141717,True
1075225,-0.1599,-1.1466,0.7254,1075.225,500000,-0.2652,-1.1739000000000002,-0.16184999999999994,1.2143177806900467,shake_lr,na,na,20260810_141717,True
1077718,-0.1599,-1.0335,0.7137,1077.718,500000,-0.2652,-1.0608000000000002,-0.17354999999999998,1.1071347174124746,shake_lr,na,na,20260810_141717,True
1080216,-0.1443,-0.9867,0.7176,1080.216,500000,-0.24960000000000002,-1.014,-0.16964999999999997,1.0579590174009579,shake_lr,na,na,20260810_141717,True
1082727,-0.1326,-0.9243,0.7176,1082.727,500000,-0.2379,-0.9516,-0.16964999999999997,0.9954496936058598,shake_lr,na,na,20260810_141717,True
1085221,-0.1404,-0.8541,0.7215,1085.221,500000,-0.2457,-0.8814,-0.16574999999999995,0.9298965063382053,shake_lr,na,na,20260810_141717,True
1087742,-0.1365,-0.7917,0.7176,1087.742,500000,-0.24180000000000001,-0.819,-0.16964999999999997,0.8706373312120265,shake_lr,na,na,20260810_141717,True
1090239,-0.1365,-0.7371,0.7059,1090.239,500000,-0.24180000000000001,-0.7644,-0.18135,0.8219868748952138,shake_lr,na,na,20260810_141717,True
1092718,-0.1326,-0.6435,0.7254,1092.718,500000,-0.2379,-0.6708,-0.16184999999999994,0.7299071670424945,shake_lr,na,na,20260810_141717,True
1095238,-0.1092,-0.5928,0.7371,1095.238,500000,-0.21450000000000002,-0.6201,-0.15015,0.6731116419287368,shake_lr,na,na,20260810_141717,True
1097719,-0.1326,-0.5733,0.7527,1097.719,500000,-0.2379,-0.6006,-0.13454999999999995,0.6598639803020013,shake_lr,na,na,20260810_141717,True
1100230,-0.156,-0.3978,0.7488,1100.23,500000,-0.2613,-0.4251,-0.13844999999999996,0.5178379114163041,shake_lr,na,na,20260810_141717,True
1102740,-0.156,-0.3978,0.7488,1102.74,500000,-0.2613,-0.4251,-0.13844999999999996,0.5178379114163041,shake_lr,na,na,20260810_141717,True
1105232,0.0546,-0.6864,0.7917,1105.232,500000,-0.0507,-0.7137,-0.09555000000000002,0.7218503878921171,shake_lr,na,na,20260810_141717,True
1107724,-0.0195,-0.663,0.8736,1107.724,500000,-0.12480000000000001,-0.6903,-0.01364999999999994,0.7016234406717039,shake_lr,na,na,20260810_141717,True
1110221,-0.0585,-0.4797,0.9321,1110.221,500000,-0.1638,-0.507,0.044850000000000056,0.5346877242839975,shake_lr,na,na,20260810_141717,True
1112737,-0.1092,-0.2301,0.8853,1112.737,500000,-0.21450000000000002,-0.2574,-0.0019500000000000073,0.3350653854100719,shake_lr,na,na,20260810_141717,True
1115245,-0.0819,-0.0897,0.8229,1115.245,500000,-0.1872,-0.117,-0.06435000000000002,0.2299429548822925,shake_lr,na,na,20260810_141717,True
1117727,0.0078,-0.0234,0.7878,1117.727,500000,-0.0975,-0.0507,-0.09945000000000004,0.14821282839214697,shake_lr,na,na,20260810_141717,True
1120232,0.0858,0.0039,0.8073,1120.232,500000,-0.019500000000000003,-0.0234,-0.07994999999999997,0.08555590277707316,shake_lr,na,na,20260810_141717,True
1122745,0.1014,0.078,0.8463,1122.745,500000,-0.0039000000000000007,0.050699999999999995,-0.04094999999999993,0.06528860926685445,shake_lr,na,na,20260810_141717,True
1125229,0.117,0.156,0.8697,1125.229,500000,0.011700000000000002,0.1287,-0.017549999999999955,0.13041695633620654,shake_lr,na,na,20260810_141717,True
1127721,0.1404,0.273,0.8853,1127.721,500000,0.03509999999999999,0.24570000000000003,-0.0019500000000000073,0.24820214040172983,shake_lr,na,na,20260810_141717,True
1130221,0.1365,0.3588,0.9399,1130.221,500000,0.031200000000000006,0.3315,0.052649999999999975,0.3371019319137759,shake_lr,na,na,20260810_141717,True
1132734,0.1482,0.3042,0.975,1132.734,500000,0.042899999999999994,0.27690000000000003,0.08775,0.2936223467313072,shake_lr,na,na,20260810_141717,True
1135219,0.2184,0.2691,0.9828,1135.219,500000,0.1131,0.24180000000000001,0.09555000000000002,0.28352892709563166,shake_lr,na,na,20260810_141717,True
1137741,0.2457,0.3432,1.0101,1137.741,500000,0.1404,0.3159,0.12285000000000001,0.36687476405443864,shake_lr,na,na,20260810_141717,True
1140223,0.2613,0.4602,1.0725,1140.223,500000,0.15599999999999997,0.4329,0.18525000000000003,0.49604029322223414,shake_lr,na,na,20260810_141717,True
1142734,0.2613,0.6084,1.1076,1142.734,500000,0.15599999999999997,0.5811000000000001,0.22034999999999993,0.6407552828498568,shake_lr,na,na,20260810_141717,True
1145230,0.2652,0.7176,1.1193,1145.23,500000,0.1599,0.6903,0.23204999999999998,0.7456066674192232,shake_lr,na,na,20260810_141717,True
1147722,0.2652,0.7917,1.131,1147.722,500000,0.1599,0.7644,0.24375000000000002,0.8181011138606278,shake_lr,na,na,20260810_141717,True
1150220,0.3003,0.8853,1.1232,1150.22,500000,0.195,0.858,0.23595,0.9109672894786068,shake_lr,na,na,20260810_141717,True
1152717,0.3042,0.9711,1.1466,1152.717,500000,0.19890000000000002,0.9438,0.2593500000000001,0.9987903045684815,shake_lr,na,na,20260810_141717,True
1155221,0.3237,1.0296,1.1505,1155.221,500000,0.21839999999999998,1.0023,0.2632500000000001,1.0590582668106605,shake_lr,na,na,20260810_141717,True
1157740,0.3705,1.0062,1.1661,1157.74,500000,0.2652,0.9789,0.27884999999999993,1.05182392656756,shake_lr,na,na,20260810_141717,True
1160238,0.4134,1.0452,1.1817,1160.238,500000,0.3081,1.0178999999999998,0.29445,1.103515664818583,shake_lr,na,na,20260810_141717,True
1162717,0.4329,1.1271,1.2012,1162.717,500000,0.3276,1.0997999999999999,0.31395000000000006,1.189725347506726,shake_lr,na,na,20260810_141717,True
1165232,0.4758,1.1622,1.209,1165.232,500000,0.3705,1.1348999999999998,0.3217500000000001,1.2364430122330747,shake_lr,na,na,20260810_141717,True
1167726,0.3939,1.2207,1.2051,1167.726,500000,0.28859999999999997,1.1933999999999998,0.3178500000000001,1.2682752629062823,shake_lr,na,na,20260810_141717,True
1170227,0.3744,1.209,1.1895,1170.227,500000,0.2691,1.1817,0.30225,1.2490735616848192,shake_lr,na,na,20260810_141717,True
1172740,0.429,1.2675,1.1778,1172.74,500000,0.3237,1.2402,0.29055,1.3142667280655018,shake_lr,na,na,20260810_141717,True
1175219,0.429,1.287,1.1505,1175.219,500000,0.3237,1.2596999999999998,0.2632500000000001,1.326998998680858,shake_lr,na,na,20260810_141717,True
1177717,0.4056,1.3338,1.1388,1177.717,500000,0.3003,1.3065,0.25155000000000005,1.363964714536267,shake_lr,na,na,20260810_141717,True
1180244,0.3822,1.3611,1.1427,1180.244,500000,0.2769,1.3337999999999999,0.25545000000000007,1.3859836768519316,shake_lr,na,na,20260810_141717,True
1182722,0.3003,1.3923,1.1388,1182.722,500000,0.195,1.365,0.25155000000000005,1.4016159968051163,shake_lr,na,na,20260810_141717,True
1185218,0.3042,1.2675,1.0686,1185.218,500000,0.19890000000000002,1.2402,0.18135,1.2690725245233228,shake_lr,na,na,20260810_141717,True
1187738,0.1404,1.365,1.2675,1187.738,500000,0.03509999999999999,1.3377,0.3802500000000001,1.3911374347993084,shake_lr,na,na,20260810_141717,True
1190235,0.3159,1.092,1.0803,1190.235,500000,0.2106,1.0647,0.19305000000000005,1.102364165101533,shake_lr,na,na,20260810_141717,True
1192744,0.3627,1.1934,1.0725,1192.744,500000,0.2574,1.1661,0.18525000000000003,1.2084541913121902,shake_lr,na,na,20260810_141717,True
1195235,0.3003,1.2753,1.1037,1195.235,500000,0.195,1.248,0.21644999999999992,1.28155358939843,shake_lr,na,na,20260810_141717,True
1197730,0.2652,1.2831,1.0452,1197.73,500000,0.1599,1.2557999999999998,0.15794999999999992,1.275754620802919,shake_lr,na,na,20260810_141717,True
1200232,0.2379,1.2597,0.9867,1200.232,500000,0.1326,1.2324,0.09945000000000004,1.2434962092825212,shake_lr,na,na,20260810_141717,True
1202741,0.234,1.1778,0.9789,1202.741,500000,0.1287,1.1504999999999999,0.09165000000000001,1.1612982659506557,shake_lr,na,na,20260810_141717,True
1205237,0.2145,1.092,0.9945,1205.237,500000,0.10919999999999999,1.0647,0.10725000000000007,1.0756455236275564,shake_lr,na,na,20260810_141717,True
1207729,0.2145,1.092,0.9945,1207.729,500000,0.10919999999999999,1.0647,0.10725000000000007,1.0756455236275564,shake_lr,na,na,20260810_141717,True
1210227,0.2067,1.0218,0.9867,1210.227,500000,0.10139999999999999,0.9945,0.09945000000000004,1.0045907188999907,shake_lr,na,na,20260810_141717,True
1212734,0.2028,0.9594,0.9594,1212.734,500000,0.0975,0.9321,0.07215000000000005,0.939958659995215,shake_lr,na,na,20260810_141717,True
1215240,0.2067,0.8931,0.9087,1215.24,500000,0.10139999999999999,0.8658,0.02144999999999997,0.8719814805946282,shake_lr,na,na,20260810_141717,True
1217728,0.1794,0.8502,0.8775,1217.728,500000,0.0741,0.8229,-0.009750000000000036,0.8262870460681324,shake_lr,na,na,20260810_141717,True
1220233,0.1482,0.8307,0.8931,1220.233,500000,0.042899999999999994,0.8034,0.005850000000000022,0.8045658409974911,shake_lr,na,na,20260810_141717,True
1222715,0.1677,0.7683,0.8853,1222.715,500000,0.06239999999999998,0.741,-0.0019500000000000073,0.7436252836610654,shake_lr,na,na,20260810_141717,True
1225231,0.1794,0.6708,0.8736,1225.231,500000,0.0741,0.6435,-0.01364999999999994,0.6478961201458147,shake_lr,na,na,20260810_141717,True
1227723,0.1638,0.5733,0.8463,1227.723,500000,0.058499999999999996,0.546,-0.04094999999999993,0.5506497548351402,shake_lr,na,na,20260810_141717,True
1230221,0.1599,0.4602,0.819,1230.221,500000,0.05459999999999998,0.4329,-0.06825000000000003,0.4416351803242129,shake_lr,na,na,20260810_141717,True
1232734,0.1638,0.3393,0.7995,1232.734,500000,0.058499999999999996,0.312,-0.08775,0.32934224220406344,shake_lr,na,na,20260810_141717,True
1235220,0.156,0.2379,0.7917,1235.22,500000,0.050699999999999995,0.2106,-0.09555000000000002,0.2367544138976083,shake_lr,na,na,20260810_141717,True
1237742,0.1521,0.117,0.8073,1237.742,500000,0.04680000000000001,0.0897,-0.07994999999999997,0.1289508918154504,shake_lr,na,na,20260810_141717,True
1240238,0.2886,0.0156,0.8151,1240.238,500000,0.18330000000000002,-0.011700000000000002,-0.07214999999999994,0.19733576082403312,shake_lr,na,na,20260810_141717,True
1242716,0.078,-0.0468,0.9438,1242.716,500000,-0.027300000000000005,-0.0741,0.05654999999999999,0.0971287933622157,shake_lr,na,na,20260810_141717,True
1245918,0.2457,-0.2769,0.6435,1245.918,500000,0.1404,-0.30419999999999997,-0.24375000000000002,0.41432337913760064,shake_lr,na,na,20260810_141717,True
1247724,0.2028,-0.1794,0.741,1247.724,500000,0.0975,-0.2067,-0.14625,0.27133043047177735,shake_lr,na,na,20260810_141717,True
1250243,0.0858,-0.2769,0.8814,1250.243,500000,-0.019500000000000003,-0.30419999999999997,-0.005850000000000022,0.30488048888047914,shake_lr,na,na,20260810_141717,True
1252744,0.039,-0.4485,0.897,1252.744,500000,-0.0663,-0.4758,0.009750000000000036,0.4804959859353666,shake_lr,na,na,20260810_141717,True
1255236,0.039,-0.624,0.8385,1255.236,500000,-0.0663,-0.6513,-0.04874999999999996,0.6564784402400432,shake_lr,na,na,20260810_141717,True
1257728,0.0156,-0.7839,0.8034,1257.728,500000,-0.0897,-0.8112,-0.08384999999999998,0.8204403406098459,shake_lr,na,na,20260810_141717,True
1260225,0.0,-0.8853,0.7605,1260.225,500000,-0.1053,-0.9126,-0.12675000000000003,0.9273577586347137,shake_lr,na,na,20260810_141717,True
1262736,-0.0312,-0.936,0.7761,1262.736,500000,-0.1365,-0.9633,-0.11114999999999997,0.9792514807239252,shake_lr,na,na,20260810_141717,True
1265219,-0.1131,-1.0296,0.8112,1265.219,500000,-0.2184,-1.0569000000000002,-0.07604999999999995,1.0819056208838183,shake_lr,na,na,20260810_141717,True
1267737,-0.0351,-1.0959,0.7878,1267.737,500000,-0.1404,-1.1232000000000002,-0.09945000000000004,1.1363013255734593,shake_lr,na,na,20260810_141717,True
1270225,0.0429,-1.0959,0.6864,1270.225,500000,-0.062400000000000004,-1.1232000000000002,-0.20084999999999997,1.142721629488127,shake_lr,na,na,20260810_141717,True
1272740,0.0117,-1.2714,0.6552,1272.74,500000,-0.0936,-1.2987000000000002,-0.23204999999999998,1.3225845351054126,shake_lr,na,na,20260810_141717,True
1275224,-0.0819,-1.248,0.6552,1275.224,500000,-0.1872,-1.2753,-0.23204999999999998,1.309687417859697,shake_lr,na,na,20260810_141717,True
1277723,-0.0819,-1.3611,0.6591,1277.723,500000,-0.1872,-1.3884,-0.22814999999999996,1.4194191849133222,shake_lr,na,na,20260810_141717,True
1280220,-0.0585,-1.3806,0.6669,1280.22,500000,-0.1638,-1.4079000000000002,-0.22034999999999993,1.434422173734079,shake_lr,na,na,20260810_141717,True
1282731,-0.1287,-1.3182,0.7254,1282.731,500000,-0.234,-1.3455000000000001,-0.16184999999999994,1.37525331212108,shake_lr,na,na,20260810_141717,True
1285226,-0.1482,-1.3572,0.7254,1285.226,500000,-0.2535,-1.3845,-0.16184999999999994,1.4167914181346526,shake_lr,na,na,20260810_141717,True
1287722,-0.1716,-1.3806,0.7215,1287.722,500000,-0.27690000000000003,-1.4079000000000002,-0.16574999999999995,1.444413058131226,shake_lr,na,na,20260810_141717,True
1290219,-0.1677,-1.365,0.6825,1290.219,500000,-0.273,-1.3923,-0.20475,1.4335099764215107,shake_lr,na,na,20260810_141717,True
1292728,-0.1716,-1.3416,0.6825,1292.728,500000,-0.27690000000000003,-1.3689,-0.20475,1.4115535351165396,shake_lr,na,na,20260810_141717,True
1295217,-0.1638,-1.3221,0.6669,1295.217,500000,-0.2691,-1.3494000000000002,-0.22034999999999993,1.3935025269083656,shake_lr,na,na,20260810_141717,True
1297737,-0.1599,-1.287,0.6669,1297.737,500000,-0.2652,-1.3143,-0.22034999999999993,1.358775055886735,shake_lr,na,na,20260810_141717,True
1300237,-0.1755,-1.2714,0.6825,1300.237,500000,-0.2808,-1.2987000000000002,-0.20475,1.3443931316768918,shake_lr,na,na,20260810_141717,True
1302734,-0.1755,-1.2519,0.6708,1302.734,500000,-0.2808,-1.2792000000000001,-0.21645000000000003,1.3274230231919288,shake_lr,na,na,20260810_141717,True
1305225,-0.1794,-1.2324,0.6825,1305.225,500000,-0.2847,-1.2597,-0.20475,1.307601140447652,shake_lr,na,na,20260810_141717,True
1307717,-0.1677,-1.2012,0.6825,1307.717,500000,-0.273,-1.2285000000000001,-0.20475,1.275015220497387,shake_lr,na,na,20260810_141717,True
1310215,-0.1521,-1.1349,0.6747,1310.215,500000,-0.2574,-1.1622000000000001,-0.21255000000000002,1.209190267286336,shake_lr,na,na,20260810_141717,True
1312734,-0.1404,-1.092,0.6669,1312.734,500000,-0.2457,-1.1193000000000002,-0.22034999999999993,1.1669426303379273,shake_lr,na,na,20260810_141717,True
1315242,-0.1404,-1.092,0.6669,1315.242,500000,-0.2457,-1.1193000000000002,-0.22034999999999993,1.1669426303379273,shake_lr,na,na,20260810_141717,True
1317722,-0.1326,-1.0413,0.6513,1317.722,500000,-0.2379,-1.0686,-0.23595,1.1198994474951758,shake_lr,na,na,20260810_141717,True
1320227,-0.1092,-0.9945,0.6435,1320.227,500000,-0.21450000000000002,-1.0218,-0.24375000000000002,1.072147169235642,shake_lr,na,na,20260810_141717,True
1322741,-0.0936,-0.9399,0.6357,1322.741,500000,-0.19890000000000002,-0.9672,-0.25154999999999994,1.0189771599501138,shake_lr,na,na,20260810_141717,True
1325231,-0.0975,-0.8736,0.6357,1325.231,500000,-0.2028,-0.9009,-0.25154999999999994,0.9570924994481986,shake_lr,na,na,20260810_141717,True
1327723,-0.1014,-0.8034,0.6318,1327.723,500000,-0.2067,-0.8307,-0.25544999999999995,0.8933320113485244,shake_lr,na,na,20260810_141717,True
1330221,-0.0975,-0.7332,0.6513,1330.221,500000,-0.2028,-0.7605,-0.23595,0.8216815030776827,shake_lr,na,na,20260810_141717,True
1332733,-0.0858,-0.6708,0.6513,1332.733,500000,-0.1911,-0.6980999999999999,-0.23595,0.7612721080533555,shake_lr,na,na,20260810_141717,True
1335235,-0.2379,-0.78,0.6669,1335.235,500000,-0.3432,-0.8073,-0.22034999999999993,0.9044742409267387,shake_lr,na,na,20260810_141717,True
1337724,-0.2145,-0.9126,0.741,1337.724,500000,-0.3198,-0.9399,-0.14625,1.003530324653919,shake_lr,na,na,20260810_141717,True
1340224,-0.0975,-0.6435,0.7722,1340.224,500000,-0.2028,-0.6708,-0.11504999999999999,0.710166869475055,shake_lr,na,na,20260810_141717,True
1342735,-0.0858,-0.4173,0.7566,1342.735,500000,-0.1911,-0.4446,-0.13064999999999993,0.5012562144253175,shake_lr,na,na,20260810_141717,True
1345229,-0.1209,-0.0741,0.7098,1345.229,500000,-0.2262,-0.1014,-0.17745,0.3048555436596159,shake_lr,na,na,20260810_141717,True
1347744,-0.0624,-0.0468,0.6084,1347.744,500000,-0.16770000000000002,-0.0741,-0.27884999999999993,0.33372357198735597,shake_lr,na,na,20260810_141717,True
1350240,-0.117,-0.1404,0.7527,1350.24,500000,-0.2223,-0.1677,-0.13454999999999995,0.30926409830434565,shake_lr,na,na,20260810_141717,True
1352736,0.0312,-0.3471,0.7371,1352.736,500000,-0.0741,-0.3744,-0.15015,0.41013557819335794,shake_lr,na,na,20260810_141717,True
1355241,0.1092,-0.3237,0.7488,1355.241,500000,0.0039000000000000007,-0.351,-0.13844999999999996,0.3773388563347273,shake_lr,na,na,20260810_141717,True
1357723,0.1443,-0.1638,0.7683,1357.723,500000,0.03900000000000001,-0.1911,-0.11895,0.22844980302026965,shake_lr,na,na,20260810_141717,True
1360225,0.1716,-0.0078,0.8268,1360.225,500000,0.0663,-0.0351,-0.060450000000000004,0.09634263075087787,shake_lr,na,na,20260810_141717,True
1362734,0.156,0.0936,0.8697,1362.734,500000,0.050699999999999995,0.0663,-0.017549999999999955,0.08528881814165323,shake_lr,na,na,20260810_141717,True
1365225,0.1287,0.1794,0.9009,1365.225,500000,0.023400000000000004,0.1521,0.013650000000000051,0.15449366491866262,shake_lr,na,na,20260810_141717,True
1367740,0.1326,0.2613,0.9126,1367.74,500000,0.02729999999999999,0.23399999999999999,0.025349999999999984,0.2369470668735952,shake_lr,na,na,20260810_141717,True
1370229,0.1521,0.3666,0.9282,1370.229,500000,0.04680000000000001,0.3393,0.04095000000000004,0.3449516379146503,shake_lr,na,na,20260810_141717,True
1372739,0.1872,0.4602,0.9594,1372.739,500000,0.0819,0.4329,0.07215000000000005,0.44644780489996816,shake_lr,na,na,20260810_141717,True
1375222,0.2262,0.5694,0.9945,1375.222,500000,0.12090000000000001,0.5421,0.10725000000000007,0.5656781615901395,shake_lr,na,na,20260810_141717,True
1377715,0.2418,0.6474,1.0101,1377.715,500000,0.13649999999999998,0.6201,0.12285000000000001,0.6467212556426455,shake_lr,na,na,20260810_141717,True
1380244,0.2691,0.702,1.0296,1380.244,500000,0.1638,0.6747,0.1423500000000001,0.7087411745482268,shake_lr,na,na,20260810_141717,True
1382725,0.3003,0.7449,1.0413,1382.725,500000,0.195,0.7176,0.1540499999999999,0.7594117213343496,shake_lr,na,na,20260810_141717,True
1385219,0.3276,0.8151,1.0803,1385.219,500000,0.2223,0.7878000000000001,0.19305000000000005,0.8410198764000766,shake_lr,na,na,20260810_141717,True
1387745,0.3471,0.9165,1.131,1387.745,500000,0.24180000000000001,0.8892,0.24375000000000002,0.9531830582317333,shake_lr,na,na,20260810_141717,True
1390242,0.3549,0.9711,1.1817,1390.242,500000,0.2496,0.9438,0.29445,1.0196859332657287,shake_lr,na,na,20260810_141717,True
1392721,0.3783,1.014,1.209,1392.721,500000,0.273,0.9867,0.3217500000000001,1.073139763730708,shake_lr,na,na,20260810_141717,True
1395244,0.2847,1.3299,1.2012,1395.244,500000,0.1794,1.3026,0.31395000000000006,1.351856398623759,shake_lr,na,na,20260810_141717,True
1397730,0.3237,1.0842,1.2324,1397.73,500000,0.21839999999999998,1.0569,0.34514999999999996,1.1330775315484813,shake_lr,na,na,20260810_141717,True
1400228,0.39,1.1544,1.2402,1400.228,500000,0.2847,1.1271,0.35295,1.214900079224625,shake_lr,na,na,20260810_141717,True
1402733,0.4524,1.2168,1.2363,1402.733,500000,0.3471,1.1895,0.34904999999999997,1.2873323434529251,shake_lr,na,na,20260810_141717,True
1405226,0.4875,1.2558,1.2558,1405.226,500000,0.3822,1.2285,0.36855000000000004,1.338326638941331,shake_lr,na,na,20260810_141717,True
1407721,0.4836,1.2714,1.2675,1407.721,500000,0.37829999999999997,1.2441,0.3802500000000001,1.3548010047604777,shake_lr,na,na,20260810_141717,True
1410218,0.468,1.2948,1.2675,1410.218,500000,0.3627,1.2674999999999998,0.3802500000000001,1.3721142818657635,shake_lr,na,na,20260810_141717,True
1412731,0.4407,1.2987,1.2675,1412.731,500000,0.3354,1.2713999999999999,0.3802500000000001,1.3687736052759052,shake_lr,na,na,20260810_141717,True
1415240,0.4602,1.3026,1.2675,1415.24,500000,0.3549,1.2752999999999999,0.3802500000000001,1.377292330081018,shake_lr,na,na,20260810_141717,True
1417724,0.4875,1.3182,1.2558,1417.724,500000,0.3822,1.2909,0.36855000000000004,1.3958254735102094,shake_lr,na,na,20260810_141717,True
1420228,0.4875,1.3182,1.2558,1420.228,500000,0.3822,1.2909,0.36855000000000004,1.3958254735102094,shake_lr,na,na,20260810_141717,True
1422742,0.5694,1.3533,1.1856,1422.742,500000,0.4641,1.3259999999999998,0.29835,1.4362024691874051,shake_lr,na,na,20260810_141717,True
1425232,0.3666,1.248,1.3104,1425.232,500000,0.2613,1.2207,0.42315,1.318120670689903,shake_lr,na,na,20260810_141717,True
1427724,0.4095,1.1583,1.1583,1427.724,500000,0.30419999999999997,1.131,0.2710500000000001,1.2021508817532016,shake_lr,na,na,20260810_141717,True
1430222,0.3939,1.2402,1.1895,1430.222,500000,0.28859999999999997,1.2128999999999999,0.30225,1.2828762342876259,shake_lr,na,na,20260810_141717,True
1432734,0.3744,1.2558,1.1817,1432.734,500000,0.2691,1.2285,0.29445,1.2916376668787573,shake_lr,na,na,20260810_141717,True
1435221,0.3393,1.2753,1.1817,1435.221,500000,0.23399999999999999,1.248,0.29445,1.3034419060702322,shake_lr,na,na,20260810_141717,True
1437740,0.312,1.2246,1.17,1437.74,500000,0.2067,1.1972999999999998,0.28274999999999995,1.2474773514978135,shake_lr,na,na,20260810_141717,True
1440238,0.3159,1.1388,1.131,1440.238,500000,0.2106,1.1115,0.24375000000000002,1.1572375177551062,shake_lr,na,na,20260810_141717,True
1442716,0.3237,1.1037,1.1037,1442.716,500000,0.21839999999999998,1.0763999999999998,0.21644999999999992,1.1194579592374156,shake_lr,na,na,20260810_141717,True
1445238,0.3276,1.0335,1.0764,1445.238,500000,0.2223,1.0062,0.18915000000000004,1.0476800334548713,shake_lr,na,na,20260810_141717,True
1447727,0.3003,1.0023,1.0413,1447.727,500000,0.195,0.975,0.1540499999999999,1.0061716565775445,shake_lr,na,na,20260810_141717,True
1450227,0.2886,0.9789,0.9828,1450.227,500000,0.18330000000000002,0.9516,0.09555000000000002,0.9737922019096271,shake_lr,na,na,20260810_141717,True
1452742,0.273,0.9243,0.9672,1452.742,500000,0.16770000000000002,0.897,0.07994999999999997,0.9160372768070086,shake_lr,na,na,20260810_141717,True
1455216,0.2769,0.858,0.9789,1455.216,500000,0.17159999999999997,0.8307,0.09165000000000001,0.8531756984935752,shake_lr,na,na,20260810_141717,True
1457739,0.2652,0.78,0.975,1457.739,500000,0.1599,0.7527,0.08775,0.774483933016044,shake_lr,na,na,20260810_141717,True
1460236,0.2184,0.741,0.936,1460.236,500000,0.1131,0.7137,0.04875000000000007,0.7242484811858427,shake_lr,na,na,20260810_141717,True
1462744,0.2457,0.6669,0.9477,1462.744,500000,0.1404,0.6396000000000001,0.060450000000000004,0.6576127450863465,shake_lr,na,na,20260810_141717,True
1465229,0.2301,0.5187,0.8931,1465.229,500000,0.1248,0.49140000000000006,0.005850000000000022,0.507033748876739,shake_lr,na,na,20260810_141717,True
1467737,0.2028,0.4251,0.8736,1467.737,500000,0.0975,0.3978,-0.01364999999999994,0.40980167459394307,shake_lr,na,na,20260810_141717,True
1470240,0.2223,0.2496,0.8658,1470.24,500000,0.11699999999999999,0.2223,-0.02144999999999997,0.25212376425081395,shake_lr,na,na,20260810_141717,True
1472721,0.0663,0.2262,0.9009,1472.721,500000,-0.03900000000000001,0.19890000000000002,0.013650000000000051,0.2031465788537922,shake_lr,na,na,20260810_141717,True
1475236,0.1833,0.0819,0.7449,1475.236,500000,0.07799999999999999,0.054599999999999996,-0.14234999999999998,0.171256189669162,shake_lr,na,na,20260810_141717,True
1477729,0.1599,0.1014,0.7839,1477.729,500000,0.05459999999999998,0.0741,-0.10334999999999994,0.13839505952164616,shake_lr,na,na,20260810_141717,True
1480225,0.0039,0.078,0.8034,1480.225,500000,-0.1014,0.050699999999999995,-0.08384999999999998,0.14100805828036922,shake_lr,na,na,20260810_141717,True
1482735,-0.0507,-0.1755,0.8814,1482.735,500000,-0.156,-0.20279999999999998,-0.005850000000000022,0.2559258925939304,shake_lr,na,na,20260810_141717,True
1485231,0.0741,-0.3393,0.6474,1485.231,500000,-0.031200000000000006,-0.3666,-0.23985,0.4392004354506038,shake_lr,na,na,20260810_141717,True
1487722,0.0234,-0.312,0.7878,1487.722,500000,-0.0819,-0.3393,-0.09945000000000004,0.3629358104403587,shake_lr,na,na,20260810_141717,True
1490222,-0.0039,-0.4212,0.8775,1490.222,500000,-0.1092,-0.4485,-0.009750000000000036,0.46170548242359005,shake_lr,na,na,20260810_141717,True
1492733,0.0117,-0.5733,0.819,1492.733,500000,-0.0936,-0.6006,-0.06825000000000003,0.6116693408206758,shake_lr,na,na,20260810_141717,True
1495226,0.0234,-0.7059,0.7644,1495.226,500000,-0.0819,-0.7332,-0.12285000000000001,0.747918426367475,shake_lr,na,na,20260810_141717,True
1497743,0.0,-0.8307,0.7371,1497.743,500000,-0.1053,-0.858,-0.15015,0.8773808252406705,shake_lr,na,na,20260810_141717,True
1500240,0.0117,-0.9165,0.7566,1500.24,500000,-0.0936,-0.9438,-0.13064999999999993,0.957386454103044,shake_lr,na,na,20260810_141717,True
1502719,-0.0117,-0.975,0.7332,1502.719,500000,-0.117,-1.0023,-0.15405000000000002,1.0207965970260677,shake_lr,na,na,20260810_141717,True
1505218,-0.0663,-0.9945,0.7098,1505.218,500000,-0.1716,-1.0218,-0.17745,1.0511947024695283,shake_lr,na,na,20260810_141717,True
1507735,-0.117,-1.1661,0.6942,1507.735,500000,-0.2223,-1.1934,-0.19304999999999994,1.2291823105219177,shake_lr,na,na,20260810_141717,True
1510232,-0.1092,-1.1271,0.6396,1510.232,500000,-0.21450000000000002,-1.1544,-0.24765000000000004,1.1999917218464469,shake_lr,na,na,20260810_141717,True
1512736,-0.1014,-1.1973,0.6435,1512.736,500000,-0.2067,-1.2246000000000001,-0.24375000000000002,1.265616099968707,shake_lr,na,na,20260810_141717,True
1515226,-0.1092,-1.2792,0.6045,1515.226,500000,-0.21450000000000002,-1.3065,-0.28274999999999995,1.353846395459987,shake_lr,na,na,20260810_141717,True
1517719,-0.1209,-1.2636,0.6084,1517.719,500000,-0.2262,-1.2909000000000002,-0.27884999999999993,1.3399054341631726,shake_lr,na,na,20260810_141717,True
1520223,-0.1677,-1.2636,0.6357,1520.223,500000,-0.273,-1.2909000000000002,-0.25154999999999994,1.3432159962195211,shake_lr,na,na,20260810_141717,True
1522737,-0.1755,-1.3065,0.6123,1522.737,500000,-0.2808,-1.3338,-0.27495,1.390492208716036,shake_lr,na,na,20260810_141717,True
1525224,-0.1755,-1.3065,0.6123,1525.224,500000,-0.2808,-1.3338,-0.27495,1.390492208716036,shake_lr,na,na,20260810_141717,True
1527741,-0.1911,-1.326,0.5967,1527.741,500000,-0.2964,-1.3533000000000002,-0.29055,1.4155186867364205,shake_lr,na,na,20260810_141717,True
1530233,-0.1872,-1.3455,0.6006,1530.233,500000,-0.2925,-1.3728,-0.28664999999999996,1.4325865811531253,shake_lr,na,na,20260810_141717,True
1532727,-0.1989,-1.3338,0.5928,1532.727,500000,-0.3042,-1.3611000000000002,-0.29445,1.4254233239637972,shake_lr,na,na,20260810_141717,True
1535221,-0.2145,-1.3065,0.6006,1535.221,500000,-0.3198,-1.3338,-0.28664999999999996,1.4012361337404913,shake_lr,na,na,20260810_141717,True
1537715,-0.2184,-1.287,0.5889,1537.715,500000,-0.3237,-1.3143,-0.29835,1.3860659805723536,shake_lr,na,na,20260810_141717,True
1540239,-0.2262,-1.2636,0.6045,1540.239,500000,-0.3315,-1.2909000000000002,-0.28274999999999995,1.3624472916410382,shake_lr,na,na,20260810_141717,True
1542717,-0.2301,-1.2402,0.6162,1542.717,500000,-0.33540000000000003,-1.2675,-0.27105,1.338849324046586,shake_lr,na,na,20260810_141717,True
1545233,-0.1989,-1.2207,0.6279,1545.233,500000,-0.3042,-1.248,-0.25934999999999997,1.3104594852569842,shake_lr,na,na,20260810_141717,True
1547725,-0.1989,-1.1739,0.6084,1547.725,500000,-0.3042,-1.2012,-0.27884999999999993,1.2701088152201763,shake_lr,na,na,20260810_141717,True
1550218,-0.1872,-1.131,0.6162,1550.218,500000,-0.2925,-1.1583,-0.27105,1.225023772218319,shake_lr,na,na,20260810_141717,True
1552740,-0.1794,-1.0959,0.6123,1552.74,500000,-0.2847,-1.1232000000000002,-0.27495,1.190894551377241,shake_lr,na,na,20260810_141717,True
1555240,-0.1677,-1.0257,0.624,1555.24,500000,-0.273,-1.0530000000000002,-0.26325,1.1192133677275304,shake_lr,na,na,20260810_141717,True
1557729,-0.156,-0.9711,0.6123,1557.729,500000,-0.2613,-0.9984,-0.27495,1.0680251647316181,shake_lr,na,na,20260810_141717,True
1560222,-0.1482,-0.9126,0.6162,1560.222,500000,-0.2535,-0.9399,-0.27105,1.0105158892862596,shake_lr,na,na,20260810_141717,True
1562732,-0.1443,-0.8502,0.624,1562.732,500000,-0.24960000000000002,-0.8775,-0.26325,0.9495298691984365,shake_lr,na,na,20260810_141717,True
1565241,-0.1326,-0.78,0.6318,1565.241,500000,-0.2379,-0.8073,-0.25544999999999995,0.8795364702500972,shake_lr,na,na,20260810_141717,True
1567725,-0.1092,-0.7137,0.6474,1567.725,500000,-0.21450000000000002,-0.741,-0.23985,0.8078485455207555,shake_lr,na,na,20260810_141717,True
1570222,-0.1794,-0.6669,0.6669,1570.222,500000,-0.2847,-0.6942,-0.22034999999999993,0.7819986269169531,shake_lr,na,na,20260810_141717,True
1572734,-0.0819,-0.4602,0.6201,1572.734,500000,-0.1872,-0.4875,-0.26715,0.5865741321435851,shake_lr,na,na,20260810_141717,True
1575239,0.117,-0.7293,0.6279,1575.239,500000,0.011700000000000002,-0.7565999999999999,-0.25934999999999997,0.7999017892841596,shake_lr,na,na,20260810_141717,True
1577733,-0.0429,-0.5382,0.7683,1577.733,500000,-0.1482,-0.5655,-0.11895,0.5965757223521587,shake_lr,na,na,20260810_141717,True
1580231,-0.1638,-0.234,0.7683,1580.231,500000,-0.2691,-0.26130000000000003,-0.11895,0.3934991772545402,shake_lr,na,na,20260810_141717,True
1582740,-0.1092,-0.2574,0.7527,1582.74,500000,-0.21450000000000002,-0.2847,-0.13454999999999995,0.3810092420138913,shake_lr,na,na,20260810_141717,True
1585233,-0.0234,-0.3705,0.7371,1585.233,500000,-0.1287,-0.3978,-0.15015,0.4442449240002636,shake_lr,na,na,20260810_141717,True
1587723,0.0234,-0.4017,0.7761,1587.723,500000,-0.0819,-0.429,-0.11114999999999997,0.45066942707487934,shake_lr,na,na,20260810_141717,True
1590221,0.0507,-0.3081,0.8229,1590.221,500000,-0.0546,-0.3354,-0.06435000000000002,0.34585436602708947,shake_lr,na,na,20260810_141717,True
1592733,0.0702,-0.156,0.8424,1592.733,500000,-0.035100000000000006,-0.1833,-0.044849999999999945,0.19194380036875375,shake_lr,na,na,20260810_141717,True
1595224,0.0897,-0.039,0.8853,1595.224,500000,-0.015600000000000003,-0.0663,-0.0019500000000000073,0.06813848031765898,shake_lr,na,na,20260810_141717,True
1597729,0.0897,0.0429,0.9204,1597.729,500000,-0.015600000000000003,0.0156,0.03315000000000001,0.03982012682049118,shake_lr,na,na,20260810_141717,True
1600231,0.0897,0.1248,0.936,1600.231,500000,-0.015600000000000003,0.09749999999999999,0.04875000000000007,0.11011890164726491,shake_lr,na,na,20260810_141717,True
1602742,0.1131,0.1794,0.9555,1602.742,500000,0.007800000000000001,0.1521,0.06825000000000003,0.166893116994081,shake_lr,na,na,20260810_141717,True
1605232,0.1443,0.2535,0.975,1605.232,500000,0.03900000000000001,0.2262,0.08775,0.2457386874303678,shake_lr,na,na,20260810_141717,True
1607735,0.1794,0.3471,1.0101,1607.735,500000,0.0741,0.31980000000000003,0.12285000000000001,0.35050673673982363,shake_lr,na,na,20260810_141717,True
1610236,0.1989,0.4563,1.0452,1610.236,500000,0.09359999999999999,0.429,0.15794999999999992,0.46663707793101905,shake_lr,na,na,20260810_141717,True
1612715,0.2301,0.5265,1.0608,1612.715,500000,0.1248,0.4992,0.17354999999999998,0.5430426157310307,shake_lr,na,na,20260810_141717,True
1615233,0.2496,0.5928,1.0881,1615.233,500000,0.14429999999999998,0.5655,0.20085000000000008,0.6172142760014547,shake_lr,na,na,20260810_141717,True
1617722,0.2847,0.6591,1.1154,1617.722,500000,0.1794,0.6318,0.22814999999999996,0.6952755011504432,shake_lr,na,na,20260810_141717,True
1620227,0.2769,0.7527,1.1466,1620.227,500000,0.17159999999999997,0.7254,0.2593500000000001,0.7892491004112707,shake_lr,na,na,20260810_141717,True
1622739,0.2886,0.8502,1.1934,1622.739,500000,0.18330000000000002,0.8229,0.30615000000000003,0.8969342910715367,shake_lr,na,na,20260810_141717,True
1625226,0.3237,0.9048,1.209,1625.226,500000,0.21839999999999998,0.8775000000000001,0.3217500000000001,0.9598061640247995,shake_lr,na,na,20260810_141717,True
1627715,0.3549,0.9672,1.2324,1627.715,500000,0.2496,0.9399,0.34514999999999996,1.0319111844049371,shake_lr,na,na,20260810_141717,True
1630238,0.3549,0.9672,1.2324,1630.238,500000,0.2496,0.9399,0.34514999999999996,1.0319111844049371,shake_lr,na,na,20260810_141717,True
1632715,0.3237,1.2558,1.2948,1632.715,500000,0.21839999999999998,1.2285,0.40754999999999997,1.3126339217390353,shake_lr,na,na,20260810_141717,True
1635229,0.3783,1.1895,1.2636,1635.229,500000,0.273,1.1622,0.3763500000000001,1.2517496405032438,shake_lr,na,na,20260810_141717,True
1637723,0.4056,1.0842,1.2597,1637.723,500000,0.3003,1.0569,0.37245000000000006,1.160145121310261,shake_lr,na,na,20260810_141717,True
1640215,0.4212,1.1271,1.287,1640.215,500000,0.3159,1.0997999999999999,0.39974999999999994,1.2120861819606723,shake_lr,na,na,20260810_141717,True
1642726,0.4563,1.1973,1.3104,1642.726,500000,0.351,1.17,0.42315,1.2927323475878523,shake_lr,na,na,20260810_141717,True
1645215,0.4641,1.2363,1.3221,1645.215,500000,0.3588,1.2089999999999999,0.43485000000000007,1.3339838689054675,shake_lr,na,na,20260810_141717,True
1647735,0.4719,1.2558,1.3026,1647.735,500000,0.3666,1.2285,0.41535,1.3476362389383865,shake_lr,na,na,20260810_141717,True
1650229,0.4134,1.2285,1.326,1650.229,500000,0.3081,1.2011999999999998,0.4387500000000001,1.3154119554344943,shake_lr,na,na,20260810_141717,True
1652719,0.4173,1.2792,1.3299,1652.719,500000,0.312,1.2518999999999998,0.4426500000000001,1.3640148945301147,shake_lr,na,na,20260810_141717,True
1655224,0.4602,1.3104,1.3572,1655.224,500000,0.3549,1.2831,0.46995,1.4117905731729476,shake_lr,na,na,20260810_141717,True
1657716,0.4485,1.2051,1.2909,1657.716,500000,0.3432,1.1778,0.40364999999999995,1.2914845730785947,shake_lr,na,na,20260810_141717,True
1660240,0.4719,1.2675,1.2051,1660.24,500000,0.3666,1.2402,0.3178500000000001,1.331735793053562,shake_lr,na,na,20260810_141717,True
1662735,0.4329,1.3611,1.2519,1662.735,500000,0.3276,1.3337999999999999,0.36465000000000003,1.4210256234494858,shake_lr,na,na,20260810_141717,True
1665227,0.4095,1.326,1.2792,1665.227,500000,0.30419999999999997,1.2987,0.3919499999999999,1.3902460690467713,shake_lr,na,na,20260810_141717,True
1667745,0.4056,1.2948,1.2324,1667.745,500000,0.3003,1.2674999999999998,0.34514999999999996,1.3475403008815727,shake_lr,na,na,20260810_141717,True
1670241,0.3939,1.2168,1.2051,1670.241,500000,0.28859999999999997,1.1895,0.3178500000000001,1.2646061966082565,shake_lr,na,na,20260810_141717,True
1672722,0.3744,1.1544,1.1661,1672.722,500000,0.2691,1.1271,0.27884999999999993,1.1918584406295907,shake_lr,na,na,20260810_141717,True
1675229,0.3549,1.1232,1.1232,1675.229,500000,0.2496,1.0958999999999999,0.23595,1.1484639186757237,shake_lr,na,na,20260810_141717,True
1677727,0.351,1.053,1.0842,1677.727,500000,0.24569999999999997,1.0256999999999998,0.19695000000000007,1.0729484062619226,shake_lr,na,na,20260810_141717,True
1680224,0.3276,1.0335,1.0647,1680.224,500000,0.2223,1.0062,0.17745,1.0456310212020299,shake_lr,na,na,20260810_141717,True
1682735,0.3081,0.9945,1.0374,1682.735,500000,0.20279999999999998,0.9672000000000001,0.15015000000000012,0.9995742606229915,shake_lr,na,na,20260810_141717,True
1685230,0.2808,0.9477,1.0101,1685.23,500000,0.1755,0.9204,0.12285000000000001,0.9450018690457708,shake_lr,na,na,20260810_141717,True
1687722,0.273,0.897,0.9945,1687.722,500000,0.16770000000000002,0.8697,0.10725000000000007,0.8921905303801425,shake_lr,na,na,20260810_141717,True
1690219,0.2613,0.8268,0.9516,1690.219,500000,0.15599999999999997,0.7995,0.06435000000000002,0.8171151525335949,shake_lr,na,na,20260810_141717,True
1692730,0.2535,0.7878,0.8853,1692.73,500000,0.1482,0.7605,-0.0019500000000000073,0.7748079068388499,shake_lr,na,na,20260810_141717,True
1695221,0.2301,0.741,0.8892,1695.221,500000,0.1248,0.7137,0.0019500000000000073,0.7245319402897294,shake_lr,na,na,20260810_141717,True
1697736,0.1911,0.7098,0.9087,1697.736,500000,0.08579999999999999,0.6825,0.02144999999999997,0.6882063589505694,shake_lr,na,na,20260810_141717,True
1700229,0.195,0.6045,0.8385,1700.229,500000,0.0897,0.5772,-0.04874999999999996,0.5861591016950944,shake_lr,na,na,20260810_141717,True
1702739,0.1794,0.5148,0.8151,1702.739,500000,0.0741,0.48750000000000004,-0.07214999999999994,0.49834995986756137,shake_lr,na,na,20260810_141717,True
1705224,0.1404,0.4095,0.7761,1705.224,500000,0.03509999999999999,0.3822,-0.11114999999999997,0.39957874380402164,shake_lr,na,na,20260810_141717,True
1707739,0.1755,0.3432,0.7176,1707.739,500000,0.07019999999999998,0.3159,-0.16964999999999997,0.36537921738927626,shake_lr,na,na,20260810_141717,True
1710243,0.1482,0.1872,0.7332,1710.243,500000,0.042899999999999994,0.15990000000000001,-0.15405000000000002,0.22614115613925745,shake_lr,na,na,20260810_141717,True
1712733,0.0858,0.0546,0.6396,1712.733,500000,-0.019500000000000003,0.0273,-0.24765000000000004,0.24991210955053783,shake_lr,na,na,20260810_141717,True
1715226,0.1209,0.0546,0.6357,1715.226,500000,0.015599999999999989,0.0273,-0.25154999999999994,0.25350749988905646,shake_lr,na,na,20260810_141717,True
1717715,0.0,0.0312,0.8385,1717.715,500000,-0.1053,0.0038999999999999972,-0.04874999999999996,0.11610281004351272,shake_lr,na,na,20260810_141717,True
1720223,0.0,-0.2184,0.7176,1720.223,500000,-0.1053,-0.2457,-0.16964999999999997,0.31660338358899454,shake_lr,na,na,20260810_141717,True
1722737,0.0039,-0.351,0.6045,1722.737,500000,-0.1014,-0.37829999999999997,-0.28274999999999995,0.48305321911772825,shake_lr,na,na,20260810_141717,True
1725224,-0.0195,-0.4836,0.5889,1725.224,500000,-0.12480000000000001,-0.5109,-0.29835,0.6046540932632476,shake_lr,na,na,20260810_141717,True
1727742,-0.039,-0.5928,0.6318,1727.742,500000,-0.1443,-0.6201,-0.25544999999999995,0.6860037918991411,shake_lr,na,na,20260810_141717,True
1730217,-0.0585,-0.6006,0.663,1730.217,500000,-0.1638,-0.6279,-0.22424999999999995,0.6865689422774671,shake_lr,na,na,20260810_141717,True
1732728,-0.156,-0.7956,0.702,1732.728,500000,-0.2613,-0.8229,-0.18525000000000003,0.8830400118341183,shake_lr,na,na,20260810_141717,True
1735218,-0.156,-0.7956,0.702,1735.218,500000,-0.2613,-0.8229,-0.18525000000000003,0.8830400118341183,shake_lr,na,na,20260810_141717,True
1737737,-0.0468,-0.8541,0.5265,1737.737,500000,-0.1521,-0.8814,-0.36075,0.9644381434285976,shake_lr,na,na,20260810_141717,True
1740230,-0.1053,-0.8853,0.5889,1740.23,500000,-0.2106,-0.9126,-0.29835,0.9829566839388193,shake_lr,na,na,20260810_141717,True
1742739,-0.1131,-0.9711,0.7176,1742.739,500000,-0.2184,-0.9984,-0.16964999999999997,1.0359933602586457,shake_lr,na,na,20260810_141717,True
1745225,-0.117,-1.0218,0.6591,1745.225,500000,-0.2223,-1.0491000000000001,-0.22814999999999996,1.0963943280134207,shake_lr,na,na,20260810_141717,True
1747717,-0.1521,-1.0842,0.5967,1747.717,500000,-0.2574,-1.1115000000000002,-0.29055,1.1773301629109825,shake_lr,na,na,20260810_141717,True
1750240,-0.1404,-1.2324,0.5811,1750.24,500000,-0.2457,-1.2597,-0.30615000000000003,1.3194470063249983,shake_lr,na,na,20260810_141717,True
1752729,-0.1443,-1.3104,0.5499,1752.729,500000,-0.24960000000000002,-1.3377000000000001,-0.3373499999999999,1.4019794836230666,shake_lr,na,na,20260810_141717,True
1755231,-0.1638,-1.2246,0.6006,1755.231,500000,-0.2691,-1.2519,-0.28664999999999996,1.3121877314241281,shake_lr,na,na,20260810_141717,True
1757725,-0.1794,-1.2129,0.6318,1757.725,500000,-0.2847,-1.2402000000000002,-0.25544999999999995,1.2978462283722216,shake_lr,na,na,20260810_141717,True
1760219,-0.1755,-1.248,0.6162,1760.219,500000,-0.2808,-1.2753,-0.27105,1.3336816833487668,shake_lr,na,na,20260810_141717,True
1762729,-0.1755,-1.2792,0.5772,1762.729,500000,-0.2808,-1.3065,-0.31004999999999994,1.3718315831398546,shake_lr,na,na,20260810_141717,True
1765238,-0.1833,-1.287,0.585,1765.238,500000,-0.28859999999999997,-1.3143,-0.30225,1.3791408602822266,shake_lr,na,na,20260810_141717,True
1767728,-0.1872,-1.2753,0.5967,1767.728,500000,-0.2925,-1.3026000000000002,-0.29055,1.366287785387837,shake_lr,na,na,20260810_141717,True
1770223,-0.1794,-1.2558,0.6123,1770.223,500000,-0.2847,-1.2831000000000001,-0.27495,1.3427573133295534,shake_lr,na,na,20260810_141717,True
1772733,-0.1716,-1.2441,0.6279,1772.733,500000,-0.27690000000000003,-1.2714,-0.25934999999999997,1.3267983993433217,shake_lr,na,na,20260810_141717,True
1775235,-0.1599,-1.2168,0.624,1775.235,500000,-0.2652,-1.2441000000000002,-0.26325,1.2990059324344907,shake_lr,na,na,20260810_141717,True
1777730,-0.1521,-1.1973,0.6396,1777.73,500000,-0.2574,-1.2246000000000001,-0.24765000000000004,1.275629429928614,shake_lr,na,na,20260810_141717,True
1780245,-0.1404,-1.1739,0.6591,1780.245,500000,-0.2457,-1.2012,-0.22814999999999996,1.2471176177490237,shake_lr,na,na,20260810_141717,True
1782737,-0.1287,-1.1505,0.663,1782.737,500000,-0.234,-1.1778000000000002,-0.22424999999999995,1.2215796750519388,shake_lr,na,na,20260810_141717,True
1785233,-0.1326,-1.1076,0.6708,1785.233,500000,-0.2379,-1.1349,-0.21645000000000003,1.179595279110594,shake_lr,na,na,20260810_141717,True
1787718,-0.1365,-1.0608,0.6708,1787.718,500000,-0.24180000000000001,-1.0881,-0.21645000000000003,1.1354644215033776,shake_lr,na,na,20260810_141717,True
1790241,-0.1326,-1.0062,0.6747,1790.241,500000,-0.2379,-1.0335,-0.21255000000000002,1.0816173826728195,shake_lr,na,na,20260810_141717,True
1792716,-0.1326,-0.9711,0.6747,1792.716,500000,-0.2379,-0.9984,-0.21255000000000002,1.0481299883602224,shake_lr,na,na,20260810_141717,True
1795217,-0.117,-0.9282,0.6825,1795.217,500000,-0.2223,-0.9555,-0.20475,1.0021577233649401,shake_lr,na,na,20260810_141717,True
1797737,-0.1092,-0.8619,0.6903,1797.737,500000,-0.21450000000000002,-0.8892,-0.19694999999999996,0.9356688476699435,shake_lr,na,na,20260810_141717,True
1800234,-0.0858,-0.8151,0.6981,1800.234,500000,-0.1911,-0.8424,-0.18914999999999993,0.8842707122256172,shake_lr,na,na,20260810_141717,True
1802742,-0.0858,-0.741,0.7098,1802.742,500000,-0.1911,-0.7683,-0.17745,0.8113523294475711,shake_lr,na,na,20260810_141717,True
1805232,-0.0897,-0.6786,0.7293,1805.232,500000,-0.195,-0.7059,-0.15795000000000003,0.7491782247903365,shake_lr,na,na,20260810_141717,True
1807722,-0.0897,-0.6123,0.7488,1807.722,500000,-0.195,-0.6396,-0.13844999999999996,0.682848125500832,shake_lr,na,na,20260810_141717,True
1810217,-0.0741,-0.5577,0.7644,1810.217,500000,-0.1794,-0.585,-0.12285000000000001,0.6241005387756047,shake_lr,na,na,20260810_141717,True
1812742,-0.0546,-0.4953,0.7761,1812.742,500000,-0.15990000000000001,-0.5226000000000001,-0.11114999999999997,0.5577034090804898,shake_lr,na,na,20260810_141717,True
1815242,-0.0273,-0.4407,0.7878,1815.242,500000,-0.1326,-0.46799999999999997,-0.09945000000000004,0.49648470520248655,shake_lr,na,na,20260810_141717,True
1817734,0.0,-0.3471,0.819,1817.734,500000,-0.1053,-0.3744,-0.06825000000000003,0.39486898143561494,shake_lr,na,na,20260810_141717,True
1820238,0.0117,-0.2574,0.8463,1820.238,500000,-0.0936,-0.2847,-0.04094999999999993,0.30247636684541157,shake_lr,na,na,20260810_141717,True
1822720,0.0351,-0.1755,0.8697,1822.72,500000,-0.07020000000000001,-0.20279999999999998,-0.017549999999999955,0.21532274032252144,shake_lr,na,na,20260810_141717,True
1825239,0.0546,-0.1014,0.8892,1825.239,500000,-0.0507,-0.1287,0.0019500000000000073,0.13834009722419602,shake_lr,na,na,20260810_141717,True
1827724,0.078,-0.0273,0.9048,1827.724,500000,-0.027300000000000005,-0.0546,0.017550000000000066,0.06351734015211911,shake_lr,na,na,20260810_141717,True
1830217,0.0936,0.078,0.9477,1830.217,500000,-0.011700000000000002,0.050699999999999995,0.060450000000000004,0.07975952921124849,shake_lr,na,na,20260810_141717,True
1832728,0.1092,0.2067,0.9828,1832.728,500000,0.0039000000000000007,0.1794,0.09555000000000002,0.20329626779653387,shake_lr,na,na,20260810_141717,True
1835243,0.1326,0.312,1.0062,1835.243,500000,0.02729999999999999,0.2847,0.11895,0.30975552053191885,shake_lr,na,na,20260810_141717,True
1837730,0.1599,0.4173,1.0413,1837.73,500000,0.05459999999999998,0.39,0.1540499999999999,0.4228623446229281,shake_lr,na,na,20260810_141717,True
1840222,0.1833,0.4953,1.0725,1840.222,500000,0.07799999999999999,0.468,0.18525000000000003,0.5093383575777501,shake_lr,na,na,20260810_141717,True
1842733,0.1833,0.4953,1.0725,1842.733,500000,0.07799999999999999,0.468,0.18525000000000003,0.5093383575777501,shake_lr,na,na,20260810_141717,True
1845223,0.2184,0.5382,1.0998,1845.223,500000,0.1131,0.5109,0.21255000000000013,0.5647901579347857,shake_lr,na,na,20260810_141717,True
1847740,0.2496,0.6279,1.1271,1847.74,500000,0.14429999999999998,0.6006,0.23985,0.6626242317482813,shake_lr,na,na,20260810_141717,True
1850232,0.2691,0.7176,1.1661,1850.232,500000,0.1638,0.6903,0.27884999999999993,0.7623003689491433,shake_lr,na,na,20260810_141717,True
1852727,0.2847,0.7956,1.1856,1852.727,500000,0.1794,0.7683,0.29835,0.8434939078025401,shake_lr,na,na,20260810_141717,True
1855231,0.2886,0.8697,1.2012,1855.231,500000,0.18330000000000002,0.8424,0.31395000000000006,0.9174972765627156,shake_lr,na,na,20260810_141717,True
1857719,0.312,0.9204,1.2363,1857.719,500000,0.2067,0.8931,0.34904999999999997,0.9809120258718413,shake_lr,na,na,20260810_141717,True
1860229,0.3393,0.9945,1.2402,1860.229,500000,0.23399999999999999,0.9672000000000001,0.35295,1.0558435217872013,shake_lr,na,na,20260810_141717,True
1862742,0.2691,1.3338,1.2675,1862.742,500000,0.1638,1.3065,0.3802500000000001,1.370533747304312,shake_lr,na,na,20260810_141717,True
1865233,0.3432,0.9984,1.2675,1865.233,500000,0.2379,0.9711,0.3802500000000001,1.06968298224287,shake_lr,na,na,20260810_141717,True
1867721,0.3744,1.0959,1.2753,1867.721,500000,0.2691,1.0686,0.3880500000000001,1.1682908766655673,shake_lr,na,na,20260810_141717,True
1870216,0.4173,1.1271,1.287,1870.216,500000,0.312,1.0997999999999999,0.39974999999999994,1.2110755973513792,shake_lr,na,na,20260810_141717,True
1872728,0.4797,1.2129,1.3221,1872.728,500000,0.3744,1.1856,0.43485000000000007,1.3171625725399276,shake_lr,na,na,20260810_141717,True
1875234,0.5811,1.2714,1.2636,1875.234,500000,0.47579999999999995,1.2441,0.3763500000000001,1.3841278020833192,shake_lr,na,na,20260810_141717,True
1877727,0.3978,1.17,1.3689,1877.727,500000,0.2925,1.1426999999999998,0.48165,1.2740903666930379,shake_lr,na,na,20260810_141717,True
1880225,0.4719,1.2207,1.2129,1880.225,500000,0.3666,1.1933999999999998,0.3256500000000001,1.290212014554197,shake_lr,na,na,20260810_141717,True
1882735,0.4056,1.365,1.2714,1882.735,500000,0.3003,1.3377,0.3841500000000001,1.4237951406364608,shake_lr,na,na,20260810_141717,True
1885231,0.3861,1.4118,1.3377,1885.231,500000,0.2808,1.3844999999999998,0.4504499999999999,1.4827656903570432,shake_lr,na,na,20260810_141717,True
1887722,0.4017,1.3845,1.2714,1887.722,500000,0.2964,1.3572,0.3841500000000001,1.4413243987735724,shake_lr,na,na,20260810_141717,True
1890221,0.4173,1.3182,1.2246,1890.221,500000,0.312,1.2909,0.3373499999999999,1.3702451724052889,shake_lr,na,na,20260810_141717,True
1892731,0.3705,1.2948,1.2324,1892.731,500000,0.2652,1.2674999999999998,0.34514999999999996,1.3401551449365852,shake_lr,na,na,20260810_141717,True
1895222,0.4134,1.2441,1.17,1895.222,500000,0.3081,1.2167999999999999,0.28274999999999995,1.2866527940746095,shake_lr,na,na,20260810_141717,True
1897739,0.4134,1.2441,1.1544,1897.739,500000,0.3081,1.2167999999999999,0.2671500000000001,1.2833148376372805,shake_lr,na,na,20260810_141717,True
1900231,0.3978,1.2168,1.1388,1900.231,500000,0.2925,1.1895,0.25155000000000005,1.2504974620126184,shake_lr,na,na,20260810_141717,True
1902740,0.3627,1.2402,1.1115,1902.74,500000,0.2574,1.2128999999999999,0.22424999999999995,1.2600274729147773,shake_lr,na,na,20260810_141717,True
1905224,0.3276,1.2168,1.0881,1905.224,500000,0.2223,1.1895,0.20085000000000008,1.2266492010758414,shake_lr,na,na,20260810_141717,True
1907717,0.3003,1.17,1.0647,1907.717,500000,0.195,1.1426999999999998,0.17745,1.1727219587353175,shake_lr,na,na,20260810_141717,True
1910242,0.2964,1.1232,1.0413,1910.242,500000,0.1911,1.0958999999999999,0.1540499999999999,1.1230527247195474,shake_lr,na,na,20260810_141717,True
1912724,0.2925,1.0686,1.0101,1912.724,500000,0.18719999999999998,1.0413,0.12285000000000001,1.0651017099319668,shake_lr,na,na,20260810_141717,True
1915237,0.2847,1.0179,0.9633,1915.237,500000,0.1794,0.9906,0.07605000000000006,1.0095822514783033,shake_lr,na,na,20260810_141717,True
1917724,0.2691,0.9438,0.9477,1917.724,500000,0.1638,0.9165,0.060450000000000004,0.9329827932496934,shake_lr,na,na,20260810_141717,True
1920229,0.2457,0.8697,0.9126,1920.229,500000,0.1404,0.8424,0.025349999999999984,0.8543960103488313,shake_lr,na,na,20260810_141717,True
1922743,0.2262,0.819,0.8775,1922.743,500000,0.12090000000000001,0.7917,-0.009750000000000036,0.8009374273312492,shake_lr,na,na,20260810_141717,True
1925234,0.2028,0.7761,0.8424,1925.234,500000,0.0975,0.7488,-0.044849999999999945,0.756451725161626,shake_lr,na,na,20260810_141717,True
1927727,0.1794,0.7137,0.8853,1927.727,500000,0.0741,0.6864,-0.0019500000000000073,0.6903908838476939,shake_lr,na,na,20260810_141717,True
1930223,0.1755,0.5811,0.8502,1930.223,500000,0.07019999999999998,0.5538,-0.03705000000000003,0.5594597237514064,shake_lr,na,na,20260810_141717,True
1932734,0.1443,0.5109,0.819,1932.734,500000,0.03900000000000001,0.48360000000000003,-0.06825000000000003,0.48994695886391626,shake_lr,na,na,20260810_141717,True
1935225,0.1287,0.4017,0.7878,1935.225,500000,0.023400000000000004,0.3744,-0.09945000000000004,0.38808919400055447,shake_lr,na,na,20260810_141717,True
1937744,0.117,0.2808,0.7644,1937.744,500000,0.011700000000000002,0.2535,-0.12285000000000001,0.2819419488121624,shake_lr,na,na,20260810_141717,True
1940242,0.1092,0.1833,0.7527,1940.242,500000,0.0039000000000000007,0.156,-0.13454999999999995,0.206045899012817,shake_lr,na,na,20260810_141717,True
1942722,0.0546,0.0663,0.7254,1942.722,500000,-0.0507,0.03899999999999999,-0.16184999999999994,0.1740313549335291,shake_lr,na,na,20260810_141717,True
1945216,-0.0429,-0.0273,0.7566,1945.216,500000,-0.1482,-0.0546,-0.13064999999999993,0.20497273599188742,shake_lr,na,na,20260810_141717,True
1947735,-0.0429,-0.0273,0.7566,1947.735,500000,-0.1482,-0.0546,-0.13064999999999993,0.20497273599188742,shake_lr,na,na,20260810_141717,True
1950233,-0.0195,-0.1755,0.6981,1950.233,500000,-0.12480000000000001,-0.20279999999999998,-0.18914999999999993,0.3041062355493553,shake_lr,na,na,20260810_141717,True
1952809,0.0468,-0.234,0.7566,1952.809,500000,-0.0585,-0.26130000000000003,-0.13064999999999993,0.2979418777211421,shake_lr,na,na,20260810_141717,True
1955240,0.0468,-0.351,0.7644,1955.24,500000,-0.0585,-0.37829999999999997,-0.12285000000000001,0.40202644502569723,shake_lr,na,na,20260810_141717,True
1957728,0.0429,-0.5421,0.7059,1957.728,500000,-0.062400000000000004,-0.5694,-0.18135,0.6008310432226351,shake_lr,na,na,20260810_141717,True
1960224,-0.0429,-0.6318,0.7683,1960.224,500000,-0.1482,-0.6591,-0.11895,0.6859483599368105,shake_lr,na,na,20260810_141717,True
1962736,0.0312,-0.741,0.5616,1962.736,500000,-0.0741,-0.7683,-0.32565,0.8377491405546172,shake_lr,na,na,20260810_141717,True
1965220,0.0078,-0.7917,0.6396,1965.22,500000,-0.0975,-0.819,-0.24765000000000004,0.8611607123528106,shake_lr,na,na,20260810_141717,True
1967740,-0.0663,-0.8307,0.7839,1967.74,500000,-0.1716,-0.858,-0.10334999999999994,0.8810742207669,shake_lr,na,na,20260810_141717,True
1970241,-0.1404,-0.8931,0.78,1970.241,500000,-0.2457,-0.9204,-0.10724999999999996,0.9586486387097204,shake_lr,na,na,20260810_141717,True
1972721,-0.117,-1.1934,0.6552,1972.721,500000,-0.2223,-1.2207000000000001,-0.23204999999999998,1.262288787282847,shake_lr,na,na,20260810_141717,True
1975230,-0.0702,-1.2051,0.5694,1975.23,500000,-0.1755,-1.2324000000000002,-0.31784999999999997,1.2847718211807106,shake_lr,na,na,20260810_141717,True
1977730,-0.1131,-1.1622,0.6045,1977.73,500000,-0.2184,-1.1895,-0.28274999999999995,1.24199692934403,shake_lr,na,na,20260810_141717,True
1980228,-0.1443,-1.2285,0.6162,1980.228,500000,-0.24960000000000002,-1.2558,-0.27105,1.3087405787626514,shake_lr,na,na,20260810_141717,True
1982737,-0.1755,-1.2675,0.6201,1982.737,500000,-0.2808,-1.2948000000000002,-0.26715,1.3515638358952937,shake_lr,na,na,20260810_141717,True
1985231,-0.1716,-1.2948,0.5889,1985.231,500000,-0.27690000000000003,-1.3221,-0.29835,1.3833418747728272,shake_lr,na,na,20260810_141717,True
1987727,-0.1872,-1.3026,0.5733,1987.727,500000,-0.2925,-1.3299,-0.31394999999999995,1.3974100552450595,shake_lr,na,na,20260810_141717,True
1990236,-0.2028,-1.3104,0.5616,1990.236,500000,-0.30810000000000004,-1.3377000000000001,-0.32565,1.4108206202419924,shake_lr,na,na,20260810_141717,True
1992721,-0.1989,-1.3143,0.5616,1992.721,500000,-0.3042,-1.3416000000000001,-0.32565,1.4136746876491777,shake_lr,na,na,20260810_141717,True
1995216,-0.1989,-1.2792,0.5733,1995.216,500000,-0.3042,-1.3065,-0.31394999999999995,1.3776953554759483,shake_lr,na,na,20260810_141717,True
1997741,-0.1989,-1.2402,0.5967,1997.741,500000,-0.3042,-1.2675,-0.29055,1.3354823819504322,shake_lr,na,na,20260810_141717,True
2000239,-0.1989,-1.1934,0.6045,2000.239,500000,-0.3042,-1.2207000000000001,-0.28274999999999995,1.2894160277040145,shake_lr,na,na,20260810_141717,True
2002718,-0.1833,-1.1544,0.6162,2002.718,500000,-0.28859999999999997,-1.1817000000000002,-0.27105,1.2462635967162004,shake_lr,na,na,20260810_141717,True
2005232,-0.1755,-1.1193,0.6123,2005.232,500000,-0.2808,-1.1466,-0.27495,1.2120799076381061,shake_lr,na,na,20260810_141717,True
2007725,-0.1872,-1.0569,0.6435,2007.725,500000,-0.2925,-1.0842,-0.24375000000000002,1.1491126805061374,shake_lr,na,na,20260810_141717,True
2010222,-0.1755,-1.0218,0.6552,2010.222,500000,-0.2808,-1.0491000000000001,-0.23204999999999998,1.1105434041495184,shake_lr,na,na,20260810_141717,True
2012720,-0.1794,-0.9672,0.6552,2012.72,500000,-0.2847,-0.9944999999999999,-0.23204999999999998,1.060156376436986,shake_lr,na,na,20260810_141717,True
2015227,-0.1794,-0.9165,0.663,2015.227,500000,-0.2847,-0.9438,-0.22424999999999995,1.0109899072196518,shake_lr,na,na,20260810_141717,True
2017744,-0.1677,-0.8697,0.6747,2017.744,500000,-0.273,-0.897,-0.21255000000000002,0.9614132839211241,shake_lr,na,na,20260810_141717,True
2020225,-0.1677,-0.8073,0.6786,2020.225,500000,-0.273,-0.8346,-0.20865,0.9025635614736505,shake_lr,na,na,20260810_141717,True
2022736,-0.1716,-0.7449,0.6786,2022.736,500000,-0.27690000000000003,-0.7722,-0.20865,0.8464639818090313,shake_lr,na,na,20260810_141717,True
2025224,-0.1248,-0.7488,0.6903,2025.224,500000,-0.2301,-0.7761,-0.19694999999999996,0.8331065493080702,shake_lr,na,na,20260810_141717,True
2027716,-0.0507,-0.5538,0.7137,2027.716,500000,-0.156,-0.5811,-0.17354999999999998,0.626205088209925,shake_lr,na,na,20260810_141717,True
2030244,-0.234,-0.7371,0.7527,2030.244,500000,-0.33930000000000005,-0.7644,-0.13454999999999995,0.8470747030221124,shake_lr,na,na,20260810_141717,True
2032723,-0.0858,-0.6357,0.7332,2032.723,500000,-0.1911,-0.663,-0.15405000000000002,0.7069792164554769,shake_lr,na,na,20260810_141717,True
2035242,-0.1014,-0.4212,0.7839,2035.242,500000,-0.2067,-0.4485,-0.10334999999999994,0.5045377711331431,shake_lr,na,na,20260810_141717,True
2037730,-0.1014,-0.3198,0.7566,2037.73,500000,-0.2067,-0.34709999999999996,-0.13064999999999993,0.42458535360984834,shake_lr,na,na,20260810_141717,True
2040229,-0.0936,-0.2145,0.7449,2040.229,500000,-0.19890000000000002,-0.2418,-0.14234999999999998,0.34393600058731855,shake_lr,na,na,20260810_141717,True
2042739,-0.117,-0.1209,0.7566,2042.739,500000,-0.2223,-0.1482,-0.13064999999999993,0.2974053673019369,shake_lr,na,na,20260810_141717,True
2045232,-0.1131,-0.0312,0.7761,2045.232,500000,-0.2184,-0.058499999999999996,-0.11114999999999997,0.25194271670361895,shake_lr,na,na,20260810_141717,True
2047720,-0.1287,0.0273,0.8346,2047.72,500000,-0.234,0.0,-0.052649999999999975,0.23985,shake_lr,na,na,20260810_141717,True
2050219,-0.0819,-0.0585,0.8385,2050.219,500000,-0.1872,-0.0858,-0.04874999999999996,0.21161768002697695,shake_lr,na,na,20260810_141717,True
2052731,-0.0819,-0.0585,0.8385,2052.731,500000,-0.1872,-0.0858,-0.04874999999999996,0.21161768002697695,shake_lr,na,na,20260810_141717,True
2055236,-0.0312,-0.0429,0.8736,2055.236,500000,-0.1365,-0.0702,-0.01364999999999994,0.15409935918101672,shake_lr,na,na,20260810_141717,True
2057742,0.0039,0.0039,0.9165,2057.742,500000,-0.1014,-0.0234,0.029249999999999998,0.10809756010197456,shake_lr,na,na,20260810_141717,True
2060243,0.0234,0.0936,0.9789,2060.243,500000,-0.0819,0.0663,0.09165000000000001,0.13965322230439225,shake_lr,na,na,20260810_141717,True
2062723,0.0156,0.1911,1.0023,2062.723,500000,-0.0897,0.1638,0.11504999999999999,0.21934683152487067,shake_lr,na,na,20260810_141717,True
2065239,0.0156,0.2613,1.0374,2065.239,500000,-0.0897,0.23399999999999999,0.15015000000000012,0.2921422812603476,shake_lr,na,na,20260810_141717,True
2067731,0.0156,0.3237,1.0686,2067.731,500000,-0.0897,0.2964,0.18135,0.35886887925814914,shake_lr,na,na,20260810_141717,True
2070233,0.0156,0.3354,1.1076,2070.233,500000,-0.0897,0.3081,0.22034999999999993,0.38926317896764906,shake_lr,na,na,20260810_141717,True
2072743,0.0351,0.3549,1.1154,2072.743,500000,-0.07020000000000001,0.3276,0.22814999999999996,0.4053421055108882,shake_lr,na,na,20260810_141717,True
2075220,0.0624,0.4173,1.1388,2075.22,500000,-0.04290000000000001,0.39,0.25155000000000005,0.46606631770596774,shake_lr,na,na,20260810_141717,True
2077718,0.0741,0.4056,1.1115,2077.718,500000,-0.031200000000000006,0.3783,0.22424999999999995,0.44087684504859176,shake_lr,na,na,20260810_141717,True
2080217,0.1209,0.4173,1.1037,2080.217,500000,0.015599999999999989,0.39,0.21644999999999992,0.4463115083660738,shake_lr,na,na,20260810_141717,True
2082729,0.1248,0.4524,1.1388,2082.729,500000,0.01949999999999999,0.42510000000000003,0.25155000000000005,0.4943355768099238,shake_lr,na,na,20260810_141717,True
2085225,0.1326,0.5187,1.1466,2085.225,500000,0.02729999999999999,0.49140000000000006,0.2593500000000001,0.556310769714195,shake_lr,na,na,20260810_141717,True
2087719,0.1326,0.5733,1.1271,2087.719,500000,0.02729999999999999,0.546,0.23985,0.5969835110788237,shake_lr,na,na,20260810_141717,True
2090216,0.1404,0.5655,1.1544,2090.216,500000,0.03509999999999999,0.5382,0.2671500000000001,0.6018806962347273,shake_lr,na,na,20260810_141717,True
2092727,0.1521,0.5694,1.1661,2092.727,500000,0.04680000000000001,0.5421,0.27884999999999993,0.6114081881198518,shake_lr,na,na,20260810_141717,True
2095218,0.1794,0.6201,1.1856,2095.218,500000,0.0741,0.5928,0.29835,0.6677689514345512,shake_lr,na,na,20260810_141717,True
2097741,0.1833,0.5655,1.1115,2097.741,500000,0.07799999999999999,0.5382,0.22424999999999995,0.5882442541155842,shake_lr,na,na,20260810_141717,True
2100240,0.1599,0.5187,1.1505,2100.24,500000,0.05459999999999998,0.49140000000000006,0.2632500000000001,0.5601389849849768,shake_lr,na,na,20260810_141717,True
2102720,0.1638,0.5148,1.1193,2102.72,500000,0.058499999999999996,0.48750000000000004,0.23204999999999998,0.5430706238602858,shake_lr,na,na,20260810_141717,True
2105237,0.117,0.3432,1.1271,2105.237,500000,0.011700000000000002,0.3159,0.23985,0.3968094284414119,shake_lr,na,na,20260810_141717,True
2107725,0.1989,0.4992,1.1154,2107.725,500000,0.09359999999999999,0.4719,0.22814999999999996,0.5324499906094468,shake_lr,na,na,20260810_141717,True
2110222,0.312,0.6669,1.1466,2110.222,500000,0.2067,0.6396000000000001,0.2593500000000001,0.7204689254228805,shake_lr,na,na,20260810_141717,True
2112726,0.3471,0.5421,1.0218,2112.726,500000,0.24180000000000001,0.5148,0.13455000000000006,0.5844569979904425,shake_lr,na,na,20260810_141717,True
2115234,0.1716,0.5616,1.0842,2115.234,500000,0.0663,0.5343,0.19695000000000007,0.5732900509340799,shake_lr,na,na,20260810_141717,True
2117722,0.0858,0.5616,1.053,2117.722,500000,-0.019500000000000003,0.5343,0.16574999999999995,0.5597587002450252,shake_lr,na,na,20260810_141717,True
2120230,0.0585,0.5694,1.0803,2120.23,500000,-0.0468,0.5421,0.19305000000000005,0.5773482073237952,shake_lr,na,na,20260810_141717,True
2122725,0.0429,0.4368,1.0179,2122.725,500000,-0.062400000000000004,0.40950000000000003,0.13065000000000004,0.434342529002169,shake_lr,na,na,20260810_141717,True
2125220,0.0702,0.429,0.9945,2125.22,500000,-0.035100000000000006,0.4017,0.10725000000000007,0.41724988016774794,shake_lr,na,na,20260810_141717,True
2127745,0.0975,0.4368,1.0101,2127.745,500000,-0.007800000000000001,0.40950000000000003,0.12285000000000001,0.427601698429742,shake_lr,na,na,20260810_141717,True
2130241,0.0975,0.3705,1.0413,2130.241,500000,-0.007800000000000001,0.3432,0.1540499999999999,0.37626916230273244,shake_lr,na,na,20260810_141717,True
2132720,0.0975,0.3588,1.0725,2132.72,500000,-0.007800000000000001,0.3315,0.18525000000000003,0.37982976779078287,shake_lr,na,na,20260810_141717,True
2135237,0.1014,0.273,1.0101,2135.237,500000,-0.0039000000000000007,0.24570000000000003,0.12285000000000001,0.27472863429209565,shake_lr,na,na,20260810_141717,True
2137722,0.1092,0.2613,1.0062,2137.722,500000,0.0039000000000000007,0.23399999999999999,0.11895,0.2625267843478071,shake_lr,na,na,20260810_141717,True
2140220,0.1092,0.2496,0.9555,2140.22,500000,0.0039000000000000007,0.2223,0.06825000000000003,0.23257377861659298,shake_lr,na,na,20260810_141717,True
2142730,0.1248,0.1638,0.8814,2142.73,500000,0.01949999999999999,0.1365,-0.005850000000000022,0.13800986377791988,shake_lr,na,na,20260810_141717,True
2145225,0.1248,0.1755,0.8541,2145.225,500000,0.01949999999999999,0.1482,-0.03315000000000001,0.15310915224113808,shake_lr,na,na,20260810_141717,True
2147742,0.0975,0.1209,0.8151,2147.742,500000,-0.007800000000000001,0.09359999999999999,-0.07214999999999994,0.11843742018466963,shake_lr,na,na,20260810_141717,True
2150238,0.0702,0.1287,0.8307,2150.238,500000,-0.035100000000000006,0.1014,-0.05654999999999999,0.12129250801265509,shake_lr,na,na,20260810_141717,True
2152735,0.0507,0.1443,0.819,2152.735,500000,-0.0546,0.117,-0.06825000000000003,0.14604185187815172,shake_lr,na,na,20260810_141717,True
2155242,0.0273,0.1326,0.78,2155.242,500000,-0.078,0.10529999999999999,-0.10724999999999996,0.16933591615484292,shake_lr,na,na,20260810_141717,True
2157730,0.0273,0.1326,0.78,2157.73,500000,-0.078,0.10529999999999999,-0.10724999999999996,0.16933591615484292,shake_lr,na,na,20260810_141717,True
2160225,-0.0585,-0.0117,0.6708,2160.225,500000,-0.1638,-0.039,-0.21645000000000003,0.2742299081063187,shake_lr,na,na,20260810_141717,True
2163105,-0.0468,0.0702,0.7137,2163.105,500000,-0.1521,0.042899999999999994,-0.17354999999999998,0.23472201111101618,shake_lr,na,na,20260810_141717,True
2165245,-0.0468,0.0702,0.7137,2165.245,500000,-0.1521,0.042899999999999994,-0.17354999999999998,0.23472201111101618,shake_lr,na,na,20260810_141717,True
2167742,-0.039,0.0507,0.7137,2167.742,500000,-0.1443,0.0234,-0.17354999999999998,0.22691331494647907,shake_lr,na,na,20260810_141717,True
2170216,-0.0546,0.0195,0.7254,2170.216,500000,-0.15990000000000001,-0.007800000000000001,-0.16184999999999994,0.2276494509108247,shake_lr,na,na,20260810_141717,True
2172729,-0.0234,0.0741,0.7722,2172.729,500000,-0.1287,0.046799999999999994,-0.11504999999999999,0.1788586942253577,shake_lr,na,na,20260810_141717,True
2175240,-0.0507,0.0,0.7566,2175.24,500000,-0.156,-0.0273,-0.13064999999999993,0.2053063868952936,shake_lr,na,na,20260810_141717,True
2177736,-0.0624,-0.0156,0.7839,2177.736,500000,-0.16770000000000002,-0.0429,-0.10334999999999994,0.20160585928985297,shake_lr,na,na,20260810_141717,True
2180233,-0.0585,-0.0234,0.7917,2180.233,500000,-0.1638,-0.0507,-0.09555000000000002,0.19629246674286815,shake_lr,na,na,20260810_141717,True
2182741,-0.0741,-0.0156,0.8034,2182.741,500000,-0.1794,-0.0429,-0.08384999999999998,0.20262179670509292,shake_lr,na,na,20260810_141717,True
2185234,-0.0663,-0.0312,0.819,2185.234,500000,-0.1716,-0.058499999999999996,-0.06825000000000003,0.19371853938123734,shake_lr,na,na,20260810_141717,True
2187715,-0.0741,-0.0351,0.8151,2187.715,500000,-0.1794,-0.0624,-0.07214999999999994,0.2031840114280649,shake_lr,na,na,20260810_141717,True
2190215,-0.0585,-0.0273,0.819,2190.215,500000,-0.1638,-0.0546,-0.06825000000000003,0.18566007244423882,shake_lr,na,na,20260810_141717,True
2192727,-0.0585,-0.0468,0.8346,2192.727,500000,-0.1638,-0.0741,-0.052649999999999975,0.18733198472231058,shake_lr,na,na,20260810_141717,True
2195220,-0.0234,-0.1443,0.8112,2195.22,500000,-0.1287,-0.1716,-0.07604999999999995,0.22758262785195182,shake_lr,na,na,20260810_141717,True
2197741,-0.0234,-0.1287,0.819,2197.741,500000,-0.1287,-0.156,-0.06825000000000003,0.21344262109522552,shake_lr,na,na,20260810_141717,True
2200239,-0.0117,-0.1404,0.819,2200.239,500000,-0.117,-0.1677,-0.06825000000000003,0.2155698320730431,shake_lr,na,na,20260810_141717,True
2202721,0.0039,-0.1404,0.8385,2202.721,500000,-0.1014,-0.1677,-0.04874999999999996,0.20194507297777778,shake_lr,na,na,20260810_141717,True
2205236,0.0156,-0.1326,0.8307,2205.236,500000,-0.0897,-0.1599,-0.05654999999999999,0.1918645420602775,shake_lr,na,na,20260810_141717,True
2207726,0.0468,-0.117,0.819,2207.726,500000,-0.0585,-0.1443,-0.06825000000000003,0.1700082424472414,shake_lr,na,na,20260810_141717,True
2210222,0.0819,-0.1014,0.8151,2210.222,500000,-0.023400000000000004,-0.1287,-0.07214999999999994,0.14938832785729947,shake_lr,na,na,20260810_141717,True
2212739,0.0975,-0.1014,0.7995,2212.739,500000,-0.007800000000000001,-0.1287,-0.08775,0.1559634332143275,shake_lr,na,na,20260810_141717,True
2215219,0.1092,-0.1053,0.7956,2215.219,500000,0.0039000000000000007,-0.1326,-0.09165000000000001,0.16123799955345514,shake_lr,na,na,20260810_141717,True
2217742,0.0858,-0.1209,0.7995,2217.742,500000,-0.019500000000000003,-0.1482,-0.08775,0.1733307603975705,shake_lr,na,na,20260810_141717,True
2220216,0.0507,-0.1326,0.7917,2220.216,500000,-0.0546,-0.1599,-0.09555000000000002,0.19411072226953358,shake_lr,na,na,20260810_141717,True
2222729,0.0351,-0.1638,0.7995,2222.729,500000,-0.07020000000000001,-0.1911,-0.08775,0.22169193151759042,shake_lr,na,na,20260810_141717,True
2225224,0.0078,-0.1872,0.8112,2225.224,500000,-0.0975,-0.2145,-0.07604999999999995,0.24758857505951276,shake_lr,na,na,20260810_141717,True
2227718,-0.0039,-0.1989,0.7995,2227.718,500000,-0.1092,-0.22619999999999998,-0.08775,0.2660660491306623,shake_lr,na,na,20260810_141717,True
2230244,0.0858,-0.1911,0.8814,2230.244,500000,-0.019500000000000003,-0.21839999999999998,-0.005850000000000022,0.21934683152487067,shake_lr,na,na,20260810_141717,True
2232722,0.2301,-0.3822,0.7098,2232.722,500000,0.1248,-0.4095,-0.17745,0.4634153563489237,shake_lr,na,na,20260810_141717,True
2235242,0.0429,-0.2613,0.8385,2235.242,500000,-0.062400000000000004,-0.28859999999999997,-0.04874999999999996,0.29926624016083064,shake_lr,na,na,20260810_141717,True
2237723,-0.0468,-0.2769,0.9399,2237.723,500000,-0.1521,-0.30419999999999997,0.052649999999999975,0.3441570462739358,shake_lr,na,na,20260810_141717,True
2240218,0.0,-0.2925,0.936,2240.218,500000,-0.1053,-0.3198,0.04875000000000007,0.34020095899335734,shake_lr,na,na,20260810_141717,True
2242730,0.0078,-0.3042,0.9165,2242.73,500000,-0.0975,-0.3315,0.029249999999999998,0.34677667525368544,shake_lr,na,na,20260810_141717,True
2245225,0.0195,-0.3081,0.8931,2245.225,500000,-0.0858,-0.3354,0.005850000000000022,0.34624994223826233,shake_lr,na,na,20260810_141717,True
2247745,-0.0039,-0.3042,0.9165,2247.745,500000,-0.1092,-0.3315,0.029249999999999998,0.3502462740701177,shake_lr,na,na,20260810_141717,True
2250245,-0.0039,-0.3198,0.8619,2250.245,500000,-0.1092,-0.34709999999999996,-0.025349999999999984,0.3647542631690547,shake_lr,na,na,20260810_141717,True
2252726,0.0078,-0.3315,0.8307,2252.726,500000,-0.0975,-0.3588,-0.05654999999999999,0.37608721395442307,shake_lr,na,na,20260810_141717,True
2255239,0.0078,-0.3549,0.7995,2255.239,500000,-0.0975,-0.3822,-0.08775,0.4040831009829537,shake_lr,na,na,20260810_141717,True
2257723,0.0156,-0.3354,0.7683,2257.723,500000,-0.0897,-0.36269999999999997,-0.11895,0.39210519315612236,shake_lr,na,na,20260810_141717,True
2260223,0.0195,-0.3081,0.7683,2260.223,500000,-0.0858,-0.3354,-0.11895,0.36606543472444925,shake_lr,na,na,20260810_141717,True
2262733,0.039,-0.2964,0.7644,2262.733,500000,-0.0663,-0.3237,-0.12285000000000001,0.3525187973711473,shake_lr,na,na,20260810_141717,True
2265219,0.039,-0.2964,0.7644,2265.219,500000,-0.0663,-0.3237,-0.12285000000000001,0.3525187973711473,shake_lr,na,na,20260810_141717,True
2267744,0.0351,-0.2535,0.7644,2267.744,500000,-0.07020000000000001,-0.2808,-0.12285000000000001,0.31443409881881446,shake_lr,na,na,20260810_141717,True
2270215,0.0312,-0.2457,0.7761,2270.215,500000,-0.0741,-0.273,-0.11114999999999997,0.30393113117941706,shake_lr,na,na,20260810_141717,True
2272729,0.0234,-0.2262,0.7917,2272.729,500000,-0.0819,-0.2535,-0.09555000000000002,0.28301883771226255,shake_lr,na,na,20260810_141717,True
2275241,0.0195,-0.2106,0.8229,2275.241,500000,-0.0858,-0.2379,-0.06435000000000002,0.26095779831229415,shake_lr,na,na,20260810_141717,True
2277731,0.0117,-0.1872,0.8385,2277.731,500000,-0.0936,-0.2145,-0.04874999999999996,0.239056002852888,shake_lr,na,na,20260810_141717,True
2280228,0.0156,-0.1638,0.8853,2280.228,500000,-0.0897,-0.1911,-0.0019500000000000073,0.21111395619427908,shake_lr,na,na,20260810_141717,True
2282737,0.0234,-0.1599,0.9087,2282.737,500000,-0.0819,-0.18719999999999998,0.02144999999999997,0.2054545022626664,shake_lr,na,na,20260810_141717,True
2285247,0.0117,-0.1599,0.9555,2285.247,500000,-0.0936,-0.18719999999999998,0.06825000000000003,0.22014282295818774,shake_lr,na,na,20260810_141717,True
2287724,0.0156,-0.1521,0.9711,2287.724,500000,-0.0897,-0.1794,0.08384999999999998,0.21739657885992594,shake_lr,na,na,20260810_141717,True
2290221,0.0117,-0.1287,0.9789,2290.221,500000,-0.0936,-0.156,0.09165000000000001,0.2037073452283938,shake_lr,na,na,20260810_141717,True
2292733,0.0195,-0.1365,0.9945,2292.733,500000,-0.0858,-0.1638,0.10725000000000007,0.2137630522330742,shake_lr,na,na,20260810_141717,True
2295244,0.0195,-0.1248,0.9906,2295.244,500000,-0.0858,-0.15209999999999999,0.10335000000000005,0.20292183840089761,shake_lr,na,na,20260810_141717,True
2297733,0.0234,-0.1092,0.9828,2297.733,500000,-0.0819,-0.1365,0.09555000000000002,0.18566007244423882,shake_lr,na,na,20260810_141717,True
2300229,0.0195,-0.0819,0.9906,2300.229,500000,-0.0858,-0.1092,0.10335000000000005,0.1731112431357363,shake_lr,na,na,20260810_141717,True
2302736,0.0117,-0.0663,0.9672,2302.736,500000,-0.0936,-0.0936,0.07994999999999997,0.15464127036467332,shake_lr,na,na,20260810_141717,True
2305225,0.0195,-0.0507,0.9633,2305.225,500000,-0.0858,-0.078,0.07605000000000006,0.13866954424097605,shake_lr,na,na,20260810_141717,True
2307717,0.0351,-0.0234,0.9594,2307.717,500000,-0.07020000000000001,-0.0507,0.07215000000000005,0.11271269892962375,shake_lr,na,na,20260810_141717,True
2310243,0.0351,-0.0078,0.9672,2310.243,500000,-0.07020000000000001,-0.0351,0.07994999999999997,0.11203594289334114,shake_lr,na,na,20260810_141717,True
2312726,0.0585,0.0078,0.975,2312.726,500000,-0.0468,-0.019500000000000003,0.08775,0.101343734389453,shake_lr,na,na,20260810_141717,True
2315233,0.0546,0.039,0.9945,2315.233,500000,-0.0507,0.011699999999999999,0.10725000000000007,0.11920546338150788,shake_lr,na,na,20260810_141717,True
2317725,0.0624,0.0741,0.9945,2317.725,500000,-0.04290000000000001,0.046799999999999994,0.10725000000000007,0.12463230921394346,shake_lr,na,na,20260810_141717,True
2320238,0.0897,0.0936,1.0101,2320.238,500000,-0.015600000000000003,0.0663,0.12285000000000001,0.14046769201492565,shake_lr,na,na,20260810_141717,True
2322718,0.0975,0.1092,1.0218,2322.718,500000,-0.007800000000000001,0.0819,0.13455000000000006,0.1577090755156469,shake_lr,na,na,20260810_141717,True
2325236,0.0975,0.1287,1.0257,2325.236,500000,-0.007800000000000001,0.1014,0.13845000000000007,0.1717882490160489,shake_lr,na,na,20260810_141717,True
2327716,0.1053,0.1443,1.0452,2327.716,500000,0.0,0.117,0.15794999999999992,0.19656348211201383,shake_lr,na,na,20260810_141717,True
2330216,0.0975,0.1599,1.0569,2330.216,500000,-0.007800000000000001,0.1326,0.16964999999999997,0.2154639703059423,shake_lr,na,na,20260810_141717,True
2332728,0.1053,0.1599,1.0608,2332.728,500000,0.0,0.1326,0.17354999999999998,0.21840870518365332,shake_lr,na,na,20260810_141717,True
2335216,0.1209,0.156,1.0491,2335.216,500000,0.015599999999999989,0.1287,0.16184999999999994,0.20737037517446888,shake_lr,na,na,20260810_141717,True
2337735,0.0741,0.1833,1.0374,2337.735,500000,-0.031200000000000006,0.156,0.15015000000000012,0.21875662847100208,shake_lr,na,na,20260810_141717,True
2340232,0.078,0.1833,1.0608,2340.232,500000,-0.027300000000000005,0.156,0.17354999999999998,0.23494870184787145,shake_lr,na,na,20260810_141717,True
2342741,0.1092,0.1716,1.0257,2342.741,500000,0.0039000000000000007,0.1443,0.13845000000000007,0.20001525566816156,shake_lr,na,na,20260810_141717,True
2345236,0.1053,0.1755,1.0374,2345.236,500000,0.0,0.1482,0.15015000000000012,0.21096981419150948,shake_lr,na,na,20260810_141717,True
2347722,0.0975,0.1794,1.0296,2347.722,500000,-0.007800000000000001,0.1521,0.1423500000000001,0.20846767735071073,shake_lr,na,na,20260810_141717,True
2350220,0.0858,0.1911,1.0374,2350.22,500000,-0.019500000000000003,0.1638,0.15015000000000012,0.22305988545679842,shake_lr,na,na,20260810_141717,True
2352743,0.1209,0.1794,1.0218,2352.743,500000,0.015599999999999989,0.1521,0.13455000000000006,0.20367000883782574,shake_lr,na,na,20260810_141717,True
2355219,0.1092,0.1677,1.0374,2355.219,500000,0.0039000000000000007,0.1404,0.15015000000000012,0.20560251092824725,shake_lr,na,na,20260810_141717,True
2357734,0.0897,0.1755,1.0413,2357.734,500000,-0.015600000000000003,0.1482,0.1540499999999999,0.21433152474612774,shake_lr,na,na,20260810_141717,True
2360233,0.0936,0.1833,1.0491,2360.233,500000,-0.011700000000000002,0.156,0.16184999999999994,0.22509622942199628,shake_lr,na,na,20260810_141717,True
2362742,0.0936,0.1794,1.0413,2362.742,500000,-0.011700000000000002,0.1521,0.1540499999999999,0.21680106664866752,shake_lr,na,na,20260810_141717,True
2365234,0.078,0.1833,1.0335,2365.234,500000,-0.027300000000000005,0.156,0.1462500000000001,0.21556983207304317,shake_lr,na,na,20260810_141717,True
2367738,0.0819,0.1794,1.0296,2367.738,500000,-0.023400000000000004,0.1521,0.1423500000000001,0.2096318022152174,shake_lr,na,na,20260810_141717,True
2370223,0.0819,0.1794,1.0296,2370.223,500000,-0.023400000000000004,0.1521,0.1423500000000001,0.2096318022152174,shake_lr,na,na,20260810_141717,True
2372737,0.0897,0.1911,1.0179,2372.737,500000,-0.015600000000000003,0.1638,0.13065000000000004,0.2101028855108849,shake_lr,na,na,20260810_141717,True
2375218,0.1014,0.2145,1.0101,2375.218,500000,-0.0039000000000000007,0.1872,0.12285000000000001,0.22394457461613132,shake_lr,na,na,20260810_141717,True
2377717,0.1053,0.2184,1.0101,2377.717,500000,0.0,0.19110000000000002,0.12285000000000001,0.22718127673732275,shake_lr,na,na,20260810_141717,True
2380215,0.0858,0.2379,1.0062,2380.215,500000,-0.019500000000000003,0.2106,0.11895,0.24265554289980684,shake_lr,na,na,20260810_141717,True
2382722,0.0975,0.2145,1.0179,2382.722,500000,-0.007800000000000001,0.1872,0.13065000000000004,0.22841651100566265,shake_lr,na,na,20260810_141717,True
2385236,0.1248,0.2067,1.0452,2385.236,500000,0.01949999999999999,0.1794,0.15794999999999992,0.2398182905868524,shake_lr,na,na,20260810_141717,True
2387735,0.1326,0.1989,1.0179,2387.735,500000,0.02729999999999999,0.1716,0.13065000000000004,0.21739657885992597,shake_lr,na,na,20260810_141717,True
2390232,0.1521,0.1677,1.0023,2390.232,500000,0.04680000000000001,0.1404,0.11504999999999999,0.18745373429195802,shake_lr,na,na,20260810_141717,True
2392742,0.1326,0.1638,0.9945,2392.742,500000,0.02729999999999999,0.1365,0.10725000000000007,0.17572735273713086,shake_lr,na,na,20260810_141717,True
2395232,0.1092,0.1677,0.9984,2395.232,500000,0.0039000000000000007,0.1404,0.11114999999999997,0.17911363013461593,shake_lr,na,na,20260810_141717,True
2397726,0.1092,0.1716,0.9984,2397.726,500000,0.0039000000000000007,0.1443,0.11114999999999997,0.1821867791580937,shake_lr,na,na,20260810_141717,True
2400222,0.1092,0.1482,0.9711,2400.222,500000,0.0039000000000000007,0.1209,0.08384999999999998,0.14718302381728673,shake_lr,na,na,20260810_141717,True
2402733,0.0975,0.1521,0.9594,2402.733,500000,-0.007800000000000001,0.12480000000000001,0.07215000000000005,0.1443658633472609,shake_lr,na,na,20260810_141717,True
2405220,0.1014,0.1521,0.9516,2405.22,500000,-0.0039000000000000007,0.12480000000000001,0.06435000000000002,0.14046769201492565,shake_lr,na,na,20260810_141717,True
2407740,0.0741,0.1638,0.9243,2407.74,500000,-0.031200000000000006,0.1365,0.03705000000000003,0.1448391953167374,shake_lr,na,na,20260810_141717,True
2410235,0.1131,0.1131,0.9087,2410.235,500000,0.007800000000000001,0.0858,0.02144999999999997,0.08878390901509124,shake_lr,na,na,20260810_141717,True
2412726,0.117,0.1053,0.9126,2412.726,500000,0.011700000000000002,0.078,0.025349999999999984,0.0828463185663672,shake_lr,na,na,20260810_141717,True
2415231,0.1092,0.1092,0.8853,2415.231,500000,0.0039000000000000007,0.0819,-0.0019500000000000073,0.08201598929477105,shake_lr,na,na,20260810_141717,True
2417717,0.0858,0.078,0.8541,2417.717,500000,-0.019500000000000003,0.050699999999999995,-0.03315000000000001,0.06363695860111482,shake_lr,na,na,20260810_141717,True
2420222,0.0897,0.0351,0.8541,2420.222,500000,-0.015600000000000003,0.007799999999999998,-0.03315000000000001,0.03745827678898218,shake_lr,na,na,20260810_141717,True
2422734,0.0975,0.0039,0.858,2422.734,500000,-0.007800000000000001,-0.0234,-0.029249999999999998,0.03826176289717974,shake_lr,na,na,20260810_141717,True
2425219,0.0975,-0.0312,0.8814,2425.219,500000,-0.007800000000000001,-0.058499999999999996,-0.005850000000000022,0.05930693467040764,shake_lr,na,na,20260810_141717,True
2427739,0.1131,-0.0702,0.8814,2427.739,500000,0.007800000000000001,-0.0975,-0.005850000000000022,0.09798628730592868,shake_lr,na,na,20260810_141717,True
2430243,0.1014,-0.0702,0.8892,2430.243,500000,-0.0039000000000000007,-0.0975,0.0019500000000000073,0.09759745129868916,shake_lr,na,na,20260810_141717,True
2432723,0.1014,-0.0858,0.897,2432.723,500000,-0.0039000000000000007,-0.1131,0.009750000000000036,0.11358645385784347,shake_lr,na,na,20260810_141717,True
2435243,0.0975,-0.0819,0.9048,2435.243,500000,-0.007800000000000001,-0.1092,0.017550000000000066,0.11087597801147012,shake_lr,na,na,20260810_141717,True
2437733,0.1053,-0.1404,0.9165,2437.733,500000,0.0,-0.1677,0.029249999999999998,0.17023176113757385,shake_lr,na,na,20260810_141717,True
2440231,0.1365,-0.3237,0.8931,2440.231,500000,0.031200000000000006,-0.351,0.005850000000000022,0.3524324935359962,shake_lr,na,na,20260810_141717,True
2442740,0.1482,-0.4485,0.8775,2442.74,500000,0.042899999999999994,-0.4758,-0.009750000000000036,0.4778295852079484,shake_lr,na,na,20260810_141717,True
2445237,0.1443,-0.4875,0.8385,2445.237,500000,0.03900000000000001,-0.5148,-0.04874999999999996,0.5185716946575469,shake_lr,na,na,20260810_141717,True
2447723,0.1326,-0.4875,0.819,2447.723,500000,0.02729999999999999,-0.5148,-0.06825000000000003,0.5200215308042544,shake_lr,na,na,20260810_141717,True
2450239,0.1131,-0.4056,0.8229,2450.239,500000,0.007800000000000001,-0.4329,-0.06435000000000002,0.43772613869861604,shake_lr,na,na,20260810_141717,True
2452735,0.0975,-0.2925,0.8112,2452.735,500000,-0.007800000000000001,-0.3198,-0.07604999999999995,0.3288107092234071,shake_lr,na,na,20260810_141717,True
2455242,0.0663,-0.1872,0.8112,2455.242,500000,-0.03900000000000001,-0.2145,-0.07604999999999995,0.23090009203116396,shake_lr,na,na,20260810_141717,True
2457730,0.039,-0.1209,0.819,2457.73,500000,-0.0663,-0.1482,-0.06825000000000003,0.1761164174629952,shake_lr,na,na,20260810_141717,True
2460227,0.0273,-0.0663,0.8151,2460.227,500000,-0.078,-0.0936,-0.07214999999999994,0.14160007944913022,shake_lr,na,na,20260810_141717,True
2462736,0.0351,-0.0858,0.8073,2462.736,500000,-0.07020000000000001,-0.1131,-0.07994999999999997,0.15527927260262395,shake_lr,na,na,20260810_141717,True
2465221,0.0312,-0.117,0.7956,2465.221,500000,-0.0741,-0.1443,-0.09165000000000001,0.18631431104453572,shake_lr,na,na,20260810_141717,True
2467736,0.0195,-0.1404,0.8073,2467.736,500000,-0.0858,-0.1677,-0.07994999999999997,0.2046385410913594,shake_lr,na,na,20260810_141717,True
2470236,0.0273,-0.1677,0.8034,2470.236,500000,-0.078,-0.19499999999999998,-0.08384999999999998,0.2261411561392574,shake_lr,na,na,20260810_141717,True
2472715,0.0312,-0.2067,0.7878,2472.715,500000,-0.0741,-0.23399999999999999,-0.09945000000000004,0.2648341226126271,shake_lr,na,na,20260810_141717,True
2475228,0.0312,-0.2067,0.7878,2475.228,500000,-0.0741,-0.23399999999999999,-0.09945000000000004,0.2648341226126271,shake_lr,na,na,20260810_141717,True
2477725,0.0039,-0.2106,0.7878,2477.725,500000,-0.1014,-0.2379,-0.09945000000000004,0.27707160175665785,shake_lr,na,na,20260810_141717,True
2480223,0.0195,-0.1989,0.7722,2480.223,500000,-0.0858,-0.22619999999999998,-0.11504999999999999,0.26788912351941424,shake_lr,na,na,20260810_141717,True
2482734,0.0468,-0.2067,0.78,2482.734,500000,-0.0585,-0.23399999999999999,-0.10724999999999996,0.2639712342282772,shake_lr,na,na,20260810_141717,True
2485232,0.0429,-0.2262,0.7722,2485.232,500000,-0.062400000000000004,-0.2535,-0.11504999999999999,0.2852937302150189,shake_lr,na,na,20260810_141717,True
2487722,0.039,-0.2457,0.7683,2487.722,500000,-0.0663,-0.273,-0.11895,0.30507997721908925,shake_lr,na,na,20260810_141717,True
2490220,0.039,-0.2418,0.7878,2490.22,500000,-0.0663,-0.2691,-0.09945000000000004,0.29445,shake_lr,na,na,20260810_141717,True
2492733,0.0351,-0.2379,0.7761,2492.733,500000,-0.07020000000000001,-0.2652,-0.11114999999999997,0.2959956122985609,shake_lr,na,na,20260810_141717,True
2495226,0.0273,-0.2145,0.7722,2495.226,500000,-0.078,-0.2418,-0.11504999999999999,0.27890454012080906,shake_lr,na,na,20260810_141717,True
2497715,0.0624,-0.195,0.7878,2497.715,500000,-0.04290000000000001,-0.2223,-0.09945000000000004,0.24728122148679224,shake_lr,na,na,20260810_141717,True
2500242,0.0624,-0.1989,0.7878,2500.242,500000,-0.04290000000000001,-0.22619999999999998,-0.09945000000000004,0.25079304715242806,shake_lr,na,na,20260810_141717,True
2502721,0.0819,-0.1989,0.7956,2502.721,500000,-0.023400000000000004,-0.22619999999999998,-0.09165000000000001,0.24518099946774013,shake_lr,na,na,20260810_141717,True
2505240,0.0858,-0.1911,0.7917,2505.24,500000,-0.019500000000000003,-0.21839999999999998,-0.09555000000000002,0.23918321952009927,shake_lr,na,na,20260810_141717,True
2507727,0.0819,-0.2262,0.8034,2507.727,500000,-0.023400000000000004,-0.2535,-0.08384999999999998,0.26803102898731707,shake_lr,na,na,20260810_141717,True
2510224,0.0897,-0.234,0.8034,2510.224,500000,-0.015600000000000003,-0.26130000000000003,-0.08384999999999998,0.27486700875150516,shake_lr,na,na,20260810_141717,True
2512727,0.0702,-0.2145,0.8112,2512.727,500000,-0.035100000000000006,-0.2418,-0.07604999999999995,0.2558961752351918,shake_lr,na,na,20260810_141717,True
2515220,0.039,-0.2067,0.8229,2515.22,500000,-0.0663,-0.23399999999999999,-0.06435000000000002,0.25158023074160657,shake_lr,na,na,20260810_141717,True
2517742,0.0351,-0.2067,0.8385,2517.742,500000,-0.07020000000000001,-0.23399999999999999,-0.04874999999999996,0.24911965498531022,shake_lr,na,na,20260810_141717,True
2520216,0.0351,-0.1911,0.8424,2520.216,500000,-0.07020000000000001,-0.21839999999999998,-0.044849999999999945,0.23374798929616483,shake_lr,na,na,20260810_141717,True
2522730,0.0156,-0.1443,0.8658,2522.73,500000,-0.0897,-0.1716,-0.02144999999999997,0.19481466192255653,shake_lr,na,na,20260810_141717,True
2525222,0.0273,-0.1521,0.8892,2525.222,500000,-0.078,-0.1794,0.0019500000000000073,0.1956327234897066,shake_lr,na,na,20260810_141717,True
2527724,0.0312,-0.1287,0.8931,2527.724,500000,-0.0741,-0.156,0.005850000000000022,0.17280345048638351,shake_lr,na,na,20260810_141717,True
2530243,0.0195,-0.1209,0.9282,2530.243,500000,-0.0858,-0.1482,0.04095000000000004,0.17607323050367424,shake_lr,na,na,20260810_141717,True
2532723,0.0234,-0.1092,0.9165,2532.723,500000,-0.0819,-0.1365,0.029249999999999998,0.16185000000000002,shake_lr,na,na,20260810_141717,True
2535233,0.0351,-0.1131,0.9204,2535.233,500000,-0.07020000000000001,-0.1404,0.03315000000000001,0.16043416874219782,shake_lr,na,na,20260810_141717,True
2537732,0.0351,-0.1326,0.9204,2537.732,500000,-0.07020000000000001,-0.1599,0.03315000000000001,0.17774974683526273,shake_lr,na,na,20260810_141717,True
2540229,0.0234,-0.1365,0.9282,2540.229,500000,-0.0819,-0.1638,0.04095000000000004,0.18765647470844166,shake_lr,na,na,20260810_141717,True
2542737,0.0195,-0.156,0.9087,2542.737,500000,-0.0858,-0.1833,0.02144999999999997,0.2035205947809705,shake_lr,na,na,20260810_141717,True
2545228,0.0234,-0.1716,0.8892,2545.228,500000,-0.0819,-0.1989,0.0019500000000000073,0.21511072149012006,shake_lr,na,na,20260810_141717,True
2547724,0.0273,-0.1755,0.8931,2547.724,500000,-0.078,-0.20279999999999998,0.005850000000000022,0.2173615938936775,shake_lr,na,na,20260810_141717,True
2550222,0.0273,-0.1872,0.8697,2550.222,500000,-0.078,-0.2145,-0.017549999999999955,0.22891538283828808,shake_lr,na,na,20260810_141717,True
2552745,0.0273,-0.195,0.8775,2552.745,500000,-0.078,-0.2223,-0.009750000000000036,0.23578878790137583,shake_lr,na,na,20260810_141717,True
2555217,0.0312,-0.2028,0.8736,2555.217,500000,-0.0741,-0.2301,-0.01364999999999994,0.24212216441292606,shake_lr,na,na,20260810_141717,True
2557740,0.039,-0.1911,0.8697,2557.74,500000,-0.0663,-0.21839999999999998,-0.017549999999999955,0.22891538283828808,shake_lr,na,na,20260810_141717,True
2560241,0.039,-0.1872,0.8775,2560.241,500000,-0.0663,-0.2145,-0.009750000000000036,0.22472428106459702,shake_lr,na,na,20260810_141717,True
2562720,0.0429,-0.1716,0.8697,2562.72,500000,-0.062400000000000004,-0.1989,-0.017549999999999955,0.20919601454138653,shake_lr,na,na,20260810_141717,True
2565233,0.0468,-0.156,0.8775,2565.233,500000,-0.0585,-0.1833,-0.009750000000000036,0.1926556578458053,shake_lr,na,na,20260810_141717,True
2567729,0.0429,-0.1404,0.8853,2567.729,500000,-0.062400000000000004,-0.1677,-0.0019500000000000073,0.1789437132173131,shake_lr,na,na,20260810_141717,True
2570230,0.0429,-0.1209,0.8814,2570.23,500000,-0.062400000000000004,-0.1482,-0.005850000000000022,0.16090749671783475,shake_lr,na,na,20260810_141717,True
2572741,0.0429,-0.1092,0.8775,2572.741,500000,-0.062400000000000004,-0.1365,-0.009750000000000036,0.15040303354653456,shake_lr,na,na,20260810_141717,True
2575221,0.0429,-0.0975,0.8814,2575.221,500000,-0.062400000000000004,-0.12480000000000001,-0.005850000000000022,0.13965322230439225,shake_lr,na,na,20260810_141717,True
2577723,0.0624,-0.0975,0.8892,2577.723,500000,-0.04290000000000001,-0.12480000000000001,0.0019500000000000073,0.1319820158203382,shake_lr,na,na,20260810_141717,True
2580238,0.0624,-0.0975,0.8892,2580.238,500000,-0.04290000000000001,-0.12480000000000001,0.0019500000000000073,0.1319820158203382,shake_lr,na,na,20260810_141717,True
2582721,0.0585,-0.1092,0.9087,2582.721,500000,-0.0468,-0.1365,0.02144999999999997,0.1458855458912911,shake_lr,na,na,20260810_141717,True
2585217,0.0663,-0.1326,0.9204,2585.217,500000,-0.03900000000000001,-0.1599,0.03315000000000001,0.16789262193437804,shake_lr,na,na,20260810_141717,True
2587743,0.0624,-0.1287,0.9321,2587.743,500000,-0.04290000000000001,-0.156,0.044850000000000056,0.16789262193437807,shake_lr,na,na,20260810_141717,True
2590240,0.0546,-0.117,0.9516,2590.24,500000,-0.0507,-0.1443,0.06435000000000002,0.16593342791613752,shake_lr,na,na,20260810_141717,True
2592720,0.0546,-0.1053,0.936,2592.72,500000,-0.0507,-0.1326,0.04875000000000007,0.1500993421038214,shake_lr,na,na,20260810_141717,True
2595239,0.0429,-0.1053,0.9321,2595.239,500000,-0.062400000000000004,-0.1326,0.044850000000000056,0.15325809114040279,shake_lr,na,na,20260810_141717,True
2597729,0.0429,-0.0897,0.9438,2597.729,500000,-0.062400000000000004,-0.117,0.05654999999999999,0.1441549947105545,shake_lr,na,na,20260810_141717,True
2600225,0.0507,-0.0741,0.9126,2600.225,500000,-0.0546,-0.1014,0.025349999999999984,0.11792261233537867,shake_lr,na,na,20260810_141717,True
2602736,0.039,-0.0507,0.9126,2602.736,500000,-0.0663,-0.078,0.025349999999999984,0.10546237480732168,shake_lr,na,na,20260810_141717,True
2605220,0.0507,-0.0585,0.936,2605.22,500000,-0.0546,-0.0858,0.04875000000000007,0.11278015117918581,shake_lr,na,na,20260810_141717,True
2607741,0.0663,-0.0897,0.9867,2607.741,500000,-0.03900000000000001,-0.117,0.09945000000000004,0.15843074985620692,shake_lr,na,na,20260810_141717,True
2610238,0.0702,-0.1131,1.0725,2610.238,500000,-0.035100000000000006,-0.1404,0.18525000000000003,0.23507814126370832,shake_lr,na,na,20260810_141717,True
2612727,0.0975,-0.0897,1.0803,2612.727,500000,-0.007800000000000001,-0.117,0.19305000000000005,0.22587196041120292,shake_lr,na,na,20260810_141717,True
2615234,0.0897,-0.1014,1.0452,2615.234,500000,-0.015600000000000003,-0.1287,0.15794999999999992,0.2043410201109899,shake_lr,na,na,20260810_141717,True
2617724,0.078,-0.1248,1.0296,2617.724,500000,-0.027300000000000005,-0.15209999999999999,0.1423500000000001,0.21010288551088493,shake_lr,na,na,20260810_141717,True
2620227,0.0858,-0.1092,1.0179,2620.227,500000,-0.019500000000000003,-0.1365,0.13065000000000004,0.18995242167448145,shake_lr,na,na,20260810_141717,True
2622739,0.0897,-0.078,0.9711,2622.739,500000,-0.015600000000000003,-0.1053,0.08384999999999998,0.13550746289411517,shake_lr,na,na,20260810_141717,True
2625226,0.1014,-0.0897,0.9633,2625.226,500000,-0.0039000000000000007,-0.117,0.07605000000000006,0.1395987553669445,shake_lr,na,na,20260810_141717,True
2627715,0.1053,-0.0663,0.9516,2627.715,500000,0.0,-0.0936,0.06435000000000002,0.11358645385784347,shake_lr,na,na,20260810_141717,True
2630242,0.1131,-0.0663,0.9204,2630.242,500000,0.007800000000000001,-0.0936,0.03315000000000001,0.09960282375515264,shake_lr,na,na,20260810_141717,True
2632733,0.1014,-0.039,0.9087,2632.733,500000,-0.0039000000000000007,-0.0663,0.02144999999999997,0.06979256765587578,shake_lr,na,na,20260810_141717,True
2635241,0.1287,-0.0507,0.897,2635.241,500000,0.023400000000000004,-0.078,0.009750000000000036,0.08201598929477105,shake_lr,na,na,20260810_141717,True
2637733,0.1209,-0.0312,0.8853,2637.733,500000,0.015599999999999989,-0.058499999999999996,-0.0019500000000000073,0.060575675811335356,shake_lr,na,na,20260810_141717,True
2640230,0.1209,-0.0078,0.8658,2640.23,500000,0.015599999999999989,-0.0351,-0.02144999999999997,0.043994005273446046,shake_lr,na,na,20260810_141717,True
2642737,0.117,-0.0078,0.8502,2642.737,500000,0.011700000000000002,-0.0351,-0.03705000000000003,0.05236031417018047,shake_lr,na,na,20260810_141717,True
2645231,0.1053,-0.0039,0.8385,2645.231,500000,0.0,-0.031200000000000002,-0.04874999999999996,0.05787920611065771,shake_lr,na,na,20260810_141717,True
2647733,0.1248,-0.0078,0.8385,2647.733,500000,0.01949999999999999,-0.0351,-0.04874999999999996,0.0631571254887364,shake_lr,na,na,20260810_141717,True
2650232,0.1326,-0.0117,0.8307,2650.232,500000,0.02729999999999999,-0.039,-0.05654999999999999,0.07392017654199697,shake_lr,na,na,20260810_141717,True
2652723,0.1482,-0.0039,0.8424,2652.723,500000,0.042899999999999994,-0.031200000000000002,-0.044849999999999945,0.06946490120917177,shake_lr,na,na,20260810_141717,True
2655232,0.1521,0.0039,0.8463,2655.232,500000,0.04680000000000001,-0.0234,-0.04094999999999993,0.06644322764586316,shake_lr,na,na,20260810_141717,True
2657722,0.1677,0.0039,0.8541,2657.722,500000,0.06239999999999998,-0.0234,-0.03315000000000001,0.07443280526757001,shake_lr,na,na,20260810_141717,True
2660219,0.1716,0.0039,0.8619,2660.219,500000,0.0663,-0.0234,-0.025349999999999984,0.07473869479727352,shake_lr,na,na,20260810_141717,True
2662729,0.1677,0.0156,0.8658,2662.729,500000,0.06239999999999998,-0.011700000000000002,-0.02144999999999997,0.06701307708201434,shake_lr,na,na,20260810_141717,True
2665215,0.1521,0.0117,0.8814,2665.215,500000,0.04680000000000001,-0.015600000000000001,-0.005850000000000022,0.0496771828911423,shake_lr,na,na,20260810_141717,True
2667735,0.156,0.0078,0.8892,2667.735,500000,0.050699999999999995,-0.019500000000000003,0.0019500000000000073,0.05435570347258877,shake_lr,na,na,20260810_141717,True
2670237,0.1599,0.0,0.8892,2670.237,500000,0.05459999999999998,-0.0273,0.0019500000000000073,0.061075793077126704,shake_lr,na,na,20260810_141717,True
2672717,0.1599,0.0,0.8814,2672.717,500000,0.05459999999999998,-0.0273,-0.005850000000000022,0.061324322254713896,shake_lr,na,na,20260810_141717,True
2675225,0.1638,-0.0039,0.8775,2675.225,500000,0.058499999999999996,-0.031200000000000002,-0.009750000000000036,0.06701307708201437,shake_lr,na,na,20260810_141717,True
2677719,0.1599,0.0,0.8853,2677.719,500000,0.05459999999999998,-0.0273,-0.0019500000000000073,0.061075793077126704,shake_lr,na,na,20260810_141717,True
2680215,0.1755,0.0,0.8814,2680.215,500000,0.07019999999999998,-0.0273,-0.005850000000000022,0.07554834544846101,shake_lr,na,na,20260810_141717,True
2682725,0.1755,0.0,0.8853,2682.725,500000,0.07019999999999998,-0.0273,-0.0019500000000000073,0.07534674843681045,shake_lr,na,na,20260810_141717,True
2685221,0.1755,0.0,0.8853,2685.221,500000,0.07019999999999998,-0.0273,-0.0019500000000000073,0.07534674843681045,shake_lr,na,na,20260810_141717,True
2687715,0.1872,0.0,0.8736,2687.715,500000,0.0819,-0.0273,-0.01364999999999994,0.08740264584095837,shake_lr,na,na,20260810_141717,True
2690242,0.2028,0.0,0.8697,2690.242,500000,0.0975,-0.0273,-0.017549999999999955,0.10275963458479209,shake_lr,na,na,20260810_141717,True
2692722,0.2067,-0.0078,0.8697,2692.722,500000,0.10139999999999999,-0.0351,-0.017549999999999955,0.10872889450371505,shake_lr,na,na,20260810_141717,True
2695244,0.195,0.0,0.8619,2695.244,500000,0.0897,-0.0273,-0.025349999999999984,0.09712879336221572,shake_lr,na,na,20260810_141717,True
2697726,0.117,0.0273,0.8073,2697.726,500000,0.011700000000000002,0.0,-0.07994999999999997,0.08080156248489255,shake_lr,na,na,20260810_141717,True
2700223,0.1053,0.0234,0.9321,2700.223,500000,0.0,-0.0039000000000000007,0.044850000000000056,0.04501924588439932,shake_lr,na,na,20260810_141717,True
2702734,0.1053,-0.0468,0.8619,2702.734,500000,0.0,-0.0741,-0.025349999999999984,0.07831623394929048,shake_lr,na,na,20260810_141717,True
2705221,0.1716,-0.0312,0.7956,2705.221,500000,0.0663,-0.058499999999999996,-0.09165000000000001,0.12734858656459444,shake_lr,na,na,20260810_141717,True
2707737,0.1911,0.0117,0.8073,2707.737,500000,0.08579999999999999,-0.015600000000000001,-0.07994999999999997,0.11830892823451657,shake_lr,na,na,20260810_141717,True
2710234,0.2067,0.0117,0.7995,2710.234,500000,0.10139999999999999,-0.015600000000000001,-0.08775,0.1350014166592336,shake_lr,na,na,20260810_141717,True
2712724,0.1833,0.0195,0.8112,2712.724,500000,0.07799999999999999,-0.007800000000000001,-0.07604999999999995,0.10921740932653544,shake_lr,na,na,20260810_141717,True
2715232,0.1833,0.0312,0.8229,2715.232,500000,0.07799999999999999,0.0038999999999999972,-0.06435000000000002,0.10119353981356714,shake_lr,na,na,20260810_141717,True
2717720,0.1872,0.0117,0.8268,2717.72,500000,0.0819,-0.015600000000000001,-0.060450000000000004,0.10298141822678497,shake_lr,na,na,20260810_141717,True
2720222,0.1833,-0.0039,0.8307,2720.222,500000,0.07799999999999999,-0.031200000000000002,-0.05654999999999999,0.1012686649462705,shake_lr,na,na,20260810_141717,True
2722735,0.1755,-0.0234,0.8034,2722.735,500000,0.07019999999999998,-0.0507,-0.08384999999999998,0.12053776379209959,shake_lr,na,na,20260810_141717,True
2725222,0.1638,-0.0273,0.8034,2725.222,500000,0.058499999999999996,-0.0546,-0.08384999999999998,0.11590613659336592,shake_lr,na,na,20260810_141717,True
2727745,0.1677,-0.0156,0.7917,2727.745,500000,0.06239999999999998,-0.0429,-0.09555000000000002,0.12191789245225658,shake_lr,na,na,20260810_141717,True
2730242,0.1794,-0.0039,0.7839,2730.242,500000,0.0741,-0.031200000000000002,-0.10334999999999994,0.1309407213207564,shake_lr,na,na,20260810_141717,True
2732720,0.1833,0.0,0.7839,2732.72,500000,0.07799999999999999,-0.0273,-0.10334999999999994,0.1323272931031236,shake_lr,na,na,20260810_141717,True
2735243,0.1911,0.0078,0.7956,2735.243,500000,0.08579999999999999,-0.019500000000000003,-0.09165000000000001,0.12704964580824302,shake_lr,na,na,20260810_141717,True
2737737,0.1833,0.0078,0.8073,2737.737,500000,0.07799999999999999,-0.019500000000000003,-0.07994999999999997,0.11338541572883168,shake_lr,na,na,20260810_141717,True
2740231,0.1872,0.0039,0.819,2740.231,500000,0.0819,-0.0234,-0.06825000000000003,0.10914775535942095,shake_lr,na,na,20260810_141717,True
2742739,0.1911,0.0078,0.8229,2742.739,500000,0.08579999999999999,-0.019500000000000003,-0.06435000000000002,0.10900831390311475,shake_lr,na,na,20260810_141717,True
2745234,0.1755,0.0039,0.8346,2745.234,500000,0.07019999999999998,-0.0234,-0.052649999999999975,0.09081642197312112,shake_lr,na,na,20260810_141717,True
2747728,0.1833,0.0,0.8268,2747.728,500000,0.07799999999999999,-0.0273,-0.060450000000000004,0.10238892762403559,shake_lr,na,na,20260810_141717,True
2750227,0.1833,0.0,0.8112,2750.227,500000,0.07799999999999999,-0.0273,-0.07604999999999995,0.112307134679859,shake_lr,na,na,20260810_141717,True
2752721,0.1755,-0.0039,0.8034,2752.721,500000,0.07019999999999998,-0.031200000000000002,-0.08384999999999998,0.11372028183222198,shake_lr,na,na,20260810_141717,True
2755225,0.1833,0.0,0.8034,2755.225,500000,0.07799999999999999,-0.0273,-0.08384999999999998,0.1177289790153639,shake_lr,na,na,20260810_141717,True
2757720,0.1833,0.0,0.7917,2757.72,500000,0.07799999999999999,-0.0273,-0.09555000000000002,0.12632930182661503,shake_lr,na,na,20260810_141717,True
2760218,0.1872,0.0039,0.7683,2760.218,500000,0.0819,-0.0234,-0.11895,0.146301990758841,shake_lr,na,na,20260810_141717,True
2762731,0.1989,0.0039,0.7605,2762.731,500000,0.09359999999999999,-0.0234,-0.12675000000000003,0.15929244332359274,shake_lr,na,na,20260810_141717,True
2765215,0.195,-0.0039,0.7488,2765.215,500000,0.0897,-0.031200000000000002,-0.13844999999999996,0.167892621934378,shake_lr,na,na,20260810_141717,True
2767740,0.2106,-0.0078,0.7488,2767.74,500000,0.1053,-0.0351,-0.13844999999999996,0.17745,shake_lr,na,na,20260810_141717,True
2770240,0.2106,-0.0195,0.7449,2770.24,500000,0.1053,-0.0468,-0.14234999999999998,0.18314434880716357,shake_lr,na,na,20260810_141717,True
2772720,0.1989,-0.0039,0.741,2772.72,500000,0.09359999999999999,-0.031200000000000002,-0.14625,0.1764184301596633,shake_lr,na,na,20260810_141717,True
2775228,0.1989,-0.0078,0.7488,2775.228,500000,0.09359999999999999,-0.0351,-0.13844999999999996,0.1707670123296651,shake_lr,na,na,20260810_141717,True
2777740,0.2145,-0.0507,0.741,2777.74,500000,0.10919999999999999,-0.078,-0.14625,0.19848854500952945,shake_lr,na,na,20260810_141717,True
2780242,0.2184,-0.0741,0.741,2780.242,500000,0.1131,-0.1014,-0.14625,0.21086164302689098,shake_lr,na,na,20260810_141717,True
2782720,0.2301,-0.0858,0.7449,2782.72,500000,0.1248,-0.1131,-0.14234999999999998,0.2205224988521579,shake_lr,na,na,20260810_141717,True
2785218,0.234,-0.0819,0.7527,2785.218,500000,0.1287,-0.1092,-0.13454999999999995,0.21585187629483324,shake_lr,na,na,20260810_141717,True
2787739,0.234,-0.0585,0.7566,2787.739,500000,0.1287,-0.0858,-0.13064999999999993,0.20247160912088386,shake_lr,na,na,20260810_141717,True
2790237,0.2379,-0.0468,0.7683,2790.237,500000,0.1326,-0.0741,-0.11895,0.19293178198523953,shake_lr,na,na,20260810_141717,True
2792745,0.2379,-0.0468,0.7683,2792.745,500000,0.1326,-0.0741,-0.11895,0.19293178198523953,shake_lr,na,na,20260810_141717,True
2795234,0.2457,-0.039,0.7722,2795.234,500000,0.1404,-0.0663,-0.11504999999999999,0.193246869314874,shake_lr,na,na,20260810_141717,True
2797726,0.2457,-0.0156,0.7683,2797.726,500000,0.1404,-0.0429,-0.11895,0.18894886212941323,shake_lr,na,na,20260810_141717,True
2800223,0.4836,0.1365,0.8268,2800.223,500000,0.37829999999999997,0.1092,-0.060450000000000004,0.39835879869785734,shake_lr,na,na,20260810_141717,True
2802735,0.4836,-0.0039,0.6747,2802.735,500000,0.37829999999999997,-0.031200000000000002,-0.21255000000000002,0.43504233414691956,shake_lr,na,na,20260810_141717,True
2805223,0.4758,-0.5304,0.3237,2805.223,500000,0.3705,-0.5577,-0.56355,0.8751503542249183,shake_lr,na,na,20260810_141717,True
2807741,1.3611,-0.9009,-0.0078,2807.741,500000,1.2558,-0.9282,-0.89505,1.7999176043641554,shake_lr,na,na,20260810_141717,True
2810240,2.496,-0.9048,0.4914,2810.24,500000,2.3907,-0.9321,-0.39585,2.5963347477742538,shake_lr,na,na,20260810_141717,True
2812744,1.0998,0.3315,-0.3393,2812.744,500000,0.9945000000000002,0.3042,-1.22655,1.6081022332239951,shake_lr,na,na,20260810_141717,True
2815221,-0.1677,0.6747,-0.7254,2815.221,500000,-0.273,0.6474,-1.61265,1.7590610513850848,shake_lr,na,na,20260810_141717,True
2817715,0.0234,0.3081,-0.5304,2817.715,500000,-0.0819,0.2808,-1.41765,1.4475108885600827,shake_lr,na,na,20260810_141717,True
2820220,0.5655,0.1053,-0.1833,2820.22,500000,0.4602,0.078,-1.07055,1.1678807055945395,shake_lr,na,na,20260810_141717,True
2822733,0.4446,0.1014,-0.0156,2822.733,500000,0.3393,0.0741,-0.9028499999999999,0.9673434873404585,shake_lr,na,na,20260810_141717,True
2825220,0.0975,0.1248,0.1677,2825.22,500000,-0.007800000000000001,0.09749999999999999,-0.71955,0.7261675374870458,shake_lr,na,na,20260810_141717,True
2827743,-0.0897,0.0273,0.4134,2827.743,500000,-0.195,0.0,-0.47385,0.5124049399644777,shake_lr,na,na,20260810_141717,True
2830241,-0.2184,-0.4056,0.7644,2830.241,500000,-0.3237,-0.4329,-0.12285000000000001,0.5543250152212148,shake_lr,na,na,20260810_141717,True
2832717,0.1638,-0.1716,0.9867,2832.717,500000,0.058499999999999996,-0.1989,0.09945000000000004,0.2299429548822925,shake_lr,na,na,20260810_141717,True
2835233,-0.4524,-0.3978,1.1661,2835.233,500000,-0.5577000000000001,-0.4251,0.27884999999999993,0.75465,shake_lr,na,na,20260810_141717,True
2837719,-0.507,-0.2145,1.2636,2837.719,500000,-0.6123000000000001,-0.2418,0.3763500000000001,0.7582993159036873,shake_lr,na,na,20260810_141717,True
2840233,-0.2379,-3.9312,11.2086,2840.233,500000,-0.3432,-3.9585,10.32135,11.059736629436525,shake_lr,na,na,20260810_141717,True
2842727,0.5694,-1.0764,-3.1434,2842.727,500000,0.4641,-1.1037000000000001,-4.0306500000000005,4.204721384646075,shake_lr,na,na,20260810_141717,True
2845225,3.1512,-0.2457,0.0741,2845.225,500000,3.0458999999999996,-0.273,-0.81315,3.1643717753291885,shake_lr,na,na,20260810_141717,True
2847718,-1.2636,-0.4836,2.5662,2847.718,500000,-1.3689,-0.5109,1.67895,2.2257086787133664,shake_lr,na,na,20260810_141717,True
2850216,0.9945,1.1817,1.2129,2850.216,500000,0.8892,1.1543999999999999,0.3256500000000001,1.4931054626180964,shake_lr,na,na,20260810_141717,True
2852741,0.2223,1.3884,0.4485,2852.741,500000,0.11699999999999999,1.3611,-0.43875,1.434846253958939,shake_lr,na,na,20260810_141717,True
2855244,0.1248,0.5265,0.702,2855.244,500000,0.01949999999999999,0.4992,-0.18525000000000003,0.5328212200166206,shake_lr,na,na,20260810_141717,True
2857734,0.1053,0.1209,0.9477,2857.734,500000,0.0,0.09359999999999999,0.060450000000000004,0.11142334809186089,shake_lr,na,na,20260810_141717,True
2860230,0.0273,-0.1209,0.9399,2860.23,500000,-0.078,-0.1482,0.052649999999999975,0.1755541583101921,shake_lr,na,na,20260810_141717,True
2862740,-0.0351,-0.3393,1.0686,2862.74,500000,-0.1404,-0.3666,0.18135,0.432429812223903,shake_lr,na,na,20260810_141717,True
2865223,-0.0195,-0.2535,1.0296,2865.223,500000,-0.12480000000000001,-0.2808,0.1423500000000001,0.3386549903663019,shake_lr,na,na,20260810_141717,True
2867716,0.0273,-0.0507,0.9594,2867.716,500000,-0.078,-0.078,0.07215000000000005,0.13180903800574528,shake_lr,na,na,20260810_141717,True
2870215,0.0468,0.156,0.8619,2870.215,500000,-0.0585,0.1287,-0.025349999999999984,0.14362646866089832,shake_lr,na,na,20260810_141717,True
2872727,0.1053,0.2379,0.8463,2872.727,500000,0.0,0.2106,-0.04094999999999993,0.21454431360443932,shake_lr,na,na,20260810_141717,True
2875235,0.0975,0.1365,0.8775,2875.235,500000,-0.007800000000000001,0.1092,-0.009750000000000036,0.10991152123412724,shake_lr,na,na,20260810_141717,True
2877730,0.0,0.0312,0.9126,2877.73,500000,-0.1053,0.0038999999999999972,0.025349999999999984,0.10837860720640398,shake_lr,na,na,20260810_141717,True
2880227,0.0858,-0.1404,1.0062,2880.227,500000,-0.019500000000000003,-0.1677,0.11895,0.20652516190527484,shake_lr,na,na,20260810_141717,True
2882737,0.1521,-0.0507,1.0179,2882.737,500000,0.04680000000000001,-0.078,0.13065000000000004,0.15919692993270948,shake_lr,na,na,20260810_141717,True
2885230,0.1014,0.0,0.9555,2885.23,500000,-0.0039000000000000007,-0.0273,0.06825000000000003,0.07361088574388984,shake_lr,na,na,20260810_141717,True
2887717,0.0273,0.0624,0.8853,2887.717,500000,-0.078,0.03509999999999999,-0.0019500000000000073,0.08555590277707319,shake_lr,na,na,20260810_141717,True
2890215,0.0507,0.0585,0.897,2890.215,500000,-0.0546,0.031200000000000002,0.009750000000000036,0.06363695860111482,shake_lr,na,na,20260810_141717,True
2892724,0.0273,0.039,0.897,2892.724,500000,-0.078,0.011699999999999999,0.009750000000000036,0.07947296710202785,shake_lr,na,na,20260810_141717,True
2895242,0.0429,0.0468,0.9165,2895.242,500000,-0.062400000000000004,0.0195,0.029249999999999998,0.07162103392160714,shake_lr,na,na,20260810_141717,True
2897725,0.0429,0.0468,0.9165,2897.725,500000,-0.062400000000000004,0.0195,0.029249999999999998,0.07162103392160714,shake_lr,na,na,20260810_141717,True
2900221,0.0702,0.0312,0.9165,2900.221,500000,-0.035100000000000006,0.0038999999999999972,0.029249999999999998,0.045856106463588904,shake_lr,na,na,20260810_141717,True
2902732,0.0039,0.0,0.9204,2902.732,500000,-0.1014,-0.0273,0.03315000000000001,0.11011890164726491,shake_lr,na,na,20260810_141717,True
2905218,0.0624,0.0312,0.9282,2905.218,500000,-0.04290000000000001,0.0038999999999999972,0.04095000000000004,0.059435027551099896,shake_lr,na,na,20260810_141717,True
2907724,0.0117,0.0351,0.9048,2907.724,500000,-0.0936,0.007799999999999998,0.017550000000000066,0.09555000000000001,shake_lr,na,na,20260810_141717,True
2910227,0.0468,0.0234,0.9282,2910.227,500000,-0.0585,-0.0039000000000000007,0.04095000000000004,0.0715147712014798,shake_lr,na,na,20260810_141717,True
2912731,0.0468,0.0507,0.9048,2912.731,500000,-0.0585,0.0234,0.017550000000000066,0.06540498834186888,shake_lr,na,na,20260810_141717,True
2915238,0.0039,0.0234,0.9126,2915.238,500000,-0.1014,-0.0039000000000000007,0.025349999999999984,0.1045934629888503,shake_lr,na,na,20260810_141717,True
2917728,-0.0546,-0.0468,0.9165,2917.728,500000,-0.15990000000000001,-0.0741,0.029249999999999998,0.1786459697278391,shake_lr,na,na,20260810_141717,True
2920231,0.0858,0.0078,0.936,2920.231,500000,-0.019500000000000003,-0.019500000000000003,0.04875000000000007,0.056009485803745845,shake_lr,na,na,20260810_141717,True
2922742,0.0195,0.0468,0.9009,2922.742,500000,-0.0858,0.0195,0.013650000000000051,0.08904051044328083,shake_lr,na,na,20260810_141717,True
2925230,0.0663,0.0078,0.9321,2925.23,500000,-0.03900000000000001,-0.019500000000000003,0.044850000000000056,0.06255215823614725,shake_lr,na,na,20260810_141717,True
2927723,0.0624,0.0273,0.9165,2927.723,500000,-0.04290000000000001,0.0,0.029249999999999998,0.05192275512720796,shake_lr,na,na,20260810_141717,True
2930220,0.0429,0.0273,0.897,2930.22,500000,-0.062400000000000004,0.0,0.009750000000000036,0.06315712548873643,shake_lr,na,na,20260810_141717,True
2932733,0.0546,0.039,0.9165,2932.733,500000,-0.0507,0.011699999999999999,0.029249999999999998,0.05969038867355447,shake_lr,na,na,20260810_141717,True
2935219,0.0351,0.0351,0.9087,2935.219,500000,-0.07020000000000001,0.007799999999999998,0.02144999999999997,0.07381722359991603,shake_lr,na,na,20260810_141717,True
2937740,0.0429,0.0273,0.9048,2937.74,500000,-0.062400000000000004,0.0,0.017550000000000066,0.0648210035405192,shake_lr,na,na,20260810_141717,True
2940238,0.0351,0.0195,0.9087,2940.238,500000,-0.07020000000000001,-0.007800000000000001,0.02144999999999997,0.07381722359991603,shake_lr,na,na,20260810_141717,True
2942725,0.0312,0.0078,0.9204,2942.725,500000,-0.0741,-0.019500000000000003,0.03315000000000001,0.08348642105156982,shake_lr,na,na,20260810_141717,True
2945216,0.0273,0.0117,0.9204,2945.216,500000,-0.078,-0.015600000000000001,0.03315000000000001,0.08617588119653898,shake_lr,na,na,20260810_141717,True
2947740,0.0351,0.0039,0.9165,2947.74,500000,-0.07020000000000001,-0.0234,0.029249999999999998,0.07956860247610235,shake_lr,na,na,20260810_141717,True
2950241,0.0156,0.0039,0.9165,2950.241,500000,-0.0897,-0.0234,0.029249999999999998,0.09720705992879325,shake_lr,na,na,20260810_141717,True
2952818,0.0975,-0.0702,1.0179,2952.818,500000,-0.007800000000000001,-0.0975,0.13065000000000004,0.16320696216767228,shake_lr,na,na,20260810_141717,True
2955243,-0.0234,0.0546,0.897,2955.243,500000,-0.1287,0.0273,0.009750000000000036,0.1319243817495462,shake_lr,na,na,20260810_141717,True
2957728,0.0273,0.1287,0.8268,2957.728,500000,-0.078,0.1014,-0.060450000000000004,0.14149262348263955,shake_lr,na,na,20260810_141717,True
2960224,0.1053,0.1248,0.858,2960.224,500000,0.0,0.09749999999999999,-0.029249999999999998,0.10179298846187786,shake_lr,na,na,20260810_141717,True
2962735,0.0234,0.0546,0.897,2962.735,500000,-0.0819,0.0273,0.009750000000000036,0.08687901069878731,shake_lr,na,na,20260810_141717,True
2965220,-0.0039,-0.0897,0.9516,2965.22,500000,-0.1092,-0.117,0.06435000000000002,0.1724951086263028,shake_lr,na,na,20260810_141717,True
2967737,-0.0117,-0.1443,0.9828,2967.737,500000,-0.117,-0.1716,0.09555000000000002,0.2286161903715483,shake_lr,na,na,20260810_141717,True
2970236,-0.039,-0.1404,0.975,2970.236,500000,-0.1443,-0.1677,0.08775,0.23800387076684276,shake_lr,na,na,20260810_141717,True
2972715,-0.0195,-0.0624,0.9399,2972.715,500000,-0.12480000000000001,-0.0897,0.052649999999999975,0.16245969500156032,shake_lr,na,na,20260810_141717,True
2975243,0.0585,0.0195,0.9126,2975.243,500000,-0.0468,-0.007800000000000001,0.025349999999999984,0.053793145474121506,shake_lr,na,na,20260810_141717,True
2977740,0.0702,0.1248,0.8697,2977.74,500000,-0.035100000000000006,0.09749999999999999,-0.017549999999999955,0.10510120123005254,shake_lr,na,na,20260810_141717,True
2980236,0.0585,0.1326,0.8697,2980.236,500000,-0.0468,0.10529999999999999,-0.017549999999999955,0.11656042424425195,shake_lr,na,na,20260810_141717,True
2982717,0.0624,0.0585,0.9009,2982.717,500000,-0.04290000000000001,0.031200000000000002,0.013650000000000051,0.05477383043023376,shake_lr,na,na,20260810_141717,True
2985242,0.0234,0.0156,0.9126,2985.242,500000,-0.0819,-0.011700000000000002,0.025349999999999984,0.08652816015610178,shake_lr,na,na,20260810_141717,True
2987733,0.0468,-0.0312,0.9516,2987.733,500000,-0.0585,-0.058499999999999996,0.06435000000000002,0.10481136627293818,shake_lr,na,na,20260810_141717,True
2990230,0.0117,-0.0117,0.9165,2990.23,500000,-0.0936,-0.039,0.029249999999999998,0.1055344611963315,shake_lr,na,na,20260810_141717,True
2992739,0.0117,-0.0273,0.9399,2992.739,500000,-0.0936,-0.0546,0.052649999999999975,0.1204746550109192,shake_lr,na,na,20260810_141717,True
2995227,0.0156,-0.0156,0.936,2995.227,500000,-0.0897,-0.0429,0.04875000000000007,0.11073871274310537,shake_lr,na,na,20260810_141717,True
2997722,0.0312,0.039,0.897,2997.722,500000,-0.0741,0.011699999999999999,0.009750000000000036,0.0756489424909562,shake_lr,na,na,20260810_141717,True
3000222,0.0312,0.117,0.8658,3000.222,500000,-0.0741,0.0897,-0.02144999999999997,0.1183089282345166,shake_lr,na,na,20260810_141717,True
3002733,0.0312,0.117,0.8658,3002.733,500000,-0.0741,0.0897,-0.02144999999999997,0.1183089282345166,shake_lr,na,na,20260810_141717,True
3005218,0.0702,0.1053,0.8775,3005.218,500000,-0.035100000000000006,0.078,-0.009750000000000036,0.08608758621311205,shake_lr,na,na,20260810_141717,True
3007741,0.0663,0.0858,0.8775,3007.741,500000,-0.03900000000000001,0.058499999999999996,-0.009750000000000036,0.07098107142048506,shake_lr,na,na,20260810_141717,True
3010239,0.0429,0.0702,0.8931,3010.239,500000,-0.062400000000000004,0.042899999999999994,0.005850000000000022,0.07594993416718675,shake_lr,na,na,20260810_141717,True
3012743,0.0312,0.0312,0.9204,3012.743,500000,-0.0741,0.0038999999999999972,0.03315000000000001,0.08127079733828135,shake_lr,na,na,20260810_141717,True
3015219,0.0195,0.0,0.9126,3015.219,500000,-0.0858,-0.0273,0.025349999999999984,0.09353904265064936,shake_lr,na,na,20260810_141717,True
3017743,0.0585,0.0,0.9477,3017.743,500000,-0.0468,-0.0273,0.060450000000000004,0.08117716735634473,shake_lr,na,na,20260810_141717,True
3020217,0.0312,-0.0039,0.9204,3020.217,500000,-0.0741,-0.031200000000000002,0.03315000000000001,0.08696650217181326,shake_lr,na,na,20260810_141717,True
3022730,0.0312,0.0312,0.9165,3022.73,500000,-0.0741,0.0038999999999999972,0.029249999999999998,0.07975952921124847,shake_lr,na,na,20260810_141717,True
3025217,0.0351,0.0468,0.8931,3025.217,500000,-0.07020000000000001,0.0195,0.005850000000000022,0.07309249277456613,shake_lr,na,na,20260810_141717,True
3027737,0.0312,0.0546,0.9087,3027.737,500000,-0.0741,0.0273,0.02144999999999997,0.0818303275075934,shake_lr,na,na,20260810_141717,True
3030234,0.0351,0.039,0.9009,3030.234,500000,-0.07020000000000001,0.011699999999999999,0.013650000000000051,0.072465526286642,shake_lr,na,na,20260810_141717,True
3032743,0.0351,0.0273,0.9048,3032.743,500000,-0.07020000000000001,0.0,0.017550000000000066,0.07236050372958996,shake_lr,na,na,20260810_141717,True
3035228,0.0273,0.0195,0.9165,3035.228,500000,-0.078,-0.007800000000000001,0.029249999999999998,0.08366840801640725,shake_lr,na,na,20260810_141717,True
3037716,0.0273,0.0078,0.9165,3037.716,500000,-0.078,-0.019500000000000003,0.029249999999999998,0.08555590277707319,shake_lr,na,na,20260810_141717,True
3040768,0.0234,0.0078,0.9126,3040.768,500000,-0.0819,-0.019500000000000003,0.025349999999999984,0.08792316247724487,shake_lr,na,na,20260810_141717,True
3042727,0.0273,0.0195,0.9243,3042.727,500000,-0.078,-0.007800000000000001,0.03705000000000003,0.08670376289412128,shake_lr,na,na,20260810_141717,True
3045221,0.0234,0.0351,0.9126,3045.221,500000,-0.0819,0.007799999999999998,0.025349999999999984,0.08608758621311205,shake_lr,na,na,20260810_141717,True
3047742,0.0312,0.0312,0.9126,3047.742,500000,-0.0741,0.0038999999999999972,0.025349999999999984,0.07841328012524408,shake_lr,na,na,20260810_141717,True
3050240,0.0351,0.0351,0.9126,3050.24,500000,-0.07020000000000001,0.007799999999999998,0.025349999999999984,0.07504333747908605,shake_lr,na,na,20260810_141717,True
3052722,0.0234,0.0312,0.9009,3052.722,500000,-0.0819,0.0038999999999999972,0.013650000000000051,0.08312125179519375,shake_lr,na,na,20260810_141717,True
3055224,0.0351,0.0195,0.9126,3055.224,500000,-0.07020000000000001,-0.007800000000000001,0.025349999999999984,0.07504333747908605,shake_lr,na,na,20260810_141717,True
3057722,0.0195,0.0234,0.9126,3057.722,500000,-0.0858,-0.0039000000000000007,0.025349999999999984,0.08955150752499927,shake_lr,na,na,20260810_141717,True
3060219,0.0273,0.0195,0.9126,3060.219,500000,-0.078,-0.007800000000000001,0.025349999999999984,0.08238605767968267,shake_lr,na,na,20260810_141717,True
3062730,0.0351,0.0195,0.9165,3062.73,500000,-0.07020000000000001,-0.007800000000000001,0.029249999999999998,0.07644895355725938,shake_lr,na,na,20260810_141717,True
3065243,0.0351,0.0234,0.9087,3065.243,500000,-0.07020000000000001,-0.0039000000000000007,0.02144999999999997,0.07350749961738598,shake_lr,na,na,20260810_141717,True
3067726,0.0351,0.0273,0.9204,3067.726,500000,-0.07020000000000001,0.0,0.03315000000000001,0.07763351402583811,shake_lr,na,na,20260810_141717,True
3070227,0.0273,0.0273,0.9087,3070.227,500000,-0.078,0.0,0.02144999999999997,0.080895627199497,shake_lr,na,na,20260810_141717,True
3072737,0.0312,0.0351,0.9048,3072.737,500000,-0.0741,0.007799999999999998,0.017550000000000066,0.07654836706292305,shake_lr,na,na,20260810_141717,True
3075244,0.0234,0.0312,0.9048,3075.244,500000,-0.0819,0.0038999999999999972,0.017550000000000066,0.08385000000000001,shake_lr,na,na,20260810_141717,True
3077737,0.0273,0.0312,0.9204,3077.737,500000,-0.078,0.0038999999999999972,0.03315000000000001,0.08484180867944767,shake_lr,na,na,20260810_141717,True
3080234,0.0351,0.0312,0.9087,3080.234,500000,-0.07020000000000001,0.0038999999999999972,0.02144999999999997,0.07350749961738598,shake_lr,na,na,20260810_141717,True
3082719,0.0234,0.0429,0.9048,3082.719,500000,-0.0819,0.0156,0.017550000000000066,0.08519960387231858,shake_lr,na,na,20260810_141717,True
3085244,0.039,0.0273,0.9048,3085.244,500000,-0.0663,0.0,0.017550000000000066,0.06858347104076902,shake_lr,na,na,20260810_141717,True
3087734,0.0312,0.0312,0.9126,3087.734,500000,-0.0741,0.0038999999999999972,0.025349999999999984,0.07841328012524408,shake_lr,na,na,20260810_141717,True
3090231,0.0351,0.0351,0.9048,3090.231,500000,-0.07020000000000001,0.007799999999999998,0.017550000000000066,0.07277968466543397,shake_lr,na,na,20260810_141717,True
3092739,0.0429,0.0273,0.9087,3092.739,500000,-0.062400000000000004,0.0,0.02144999999999997,0.06598380483118566,shake_lr,na,na,20260810_141717,True
3095235,0.0351,0.0312,0.9126,3095.235,500000,-0.07020000000000001,0.0038999999999999972,0.025349999999999984,0.07473869479727353,shake_lr,na,na,20260810_141717,True
3097729,0.039,0.039,0.9126,3097.729,500000,-0.0663,0.011699999999999999,0.025349999999999984,0.07193888030821718,shake_lr,na,na,20260810_141717,True
3100227,0.0351,0.0312,0.9048,3100.227,500000,-0.07020000000000001,0.0038999999999999972,0.017550000000000066,0.072465526286642,shake_lr,na,na,20260810_141717,True
3102737,0.0351,0.0273,0.9126,3102.737,500000,-0.07020000000000001,0.0,0.025349999999999984,0.07463687091511809,shake_lr,na,na,20260810_141717,True
3105238,0.0351,0.0234,0.9126,3105.238,500000,-0.07020000000000001,-0.0039000000000000007,0.025349999999999984,0.07473869479727353,shake_lr,na,na,20260810_141717,True
3107730,0.0351,0.0234,0.9126,3107.73,500000,-0.07020000000000001,-0.0039000000000000007,0.025349999999999984,0.07473869479727353,shake_lr,na,na,20260810_141717,True
3110228,0.039,0.0273,0.9048,3110.228,500000,-0.0663,0.0,0.017550000000000066,0.06858347104076902,shake_lr,na,na,20260810_141717,True
3112741,0.0351,0.0234,0.9165,3112.741,500000,-0.07020000000000001,-0.0039000000000000007,0.029249999999999998,0.07614993434008989,shake_lr,na,na,20260810_141717,True
3115220,0.039,0.0351,0.9126,3115.22,500000,-0.0663,0.007799999999999998,0.025349999999999984,0.07140835035204215,shake_lr,na,na,20260810_141717,True
3117742,0.039,0.0312,0.9048,3117.742,500000,-0.0663,0.0038999999999999972,0.017550000000000066,0.06869426831985331,shake_lr,na,na,20260810_141717,True
3120217,0.0351,0.0351,0.9126,3120.217,500000,-0.07020000000000001,0.007799999999999998,0.025349999999999984,0.07504333747908605,shake_lr,na,na,20260810_141717,True
3122731,0.0312,0.0351,0.9048,3122.731,500000,-0.0741,0.007799999999999998,0.017550000000000066,0.07654836706292305,shake_lr,na,na,20260810_141717,True
3125219,0.0351,0.0351,0.9009,3125.219,500000,-0.07020000000000001,0.007799999999999998,0.013650000000000051,0.07193888030821723,shake_lr,na,na,20260810_141717,True
3127743,0.0429,0.0351,0.9165,3127.743,500000,-0.062400000000000004,0.007799999999999998,0.029249999999999998,0.06935533505073709,shake_lr,na,na,20260810_141717,True
3130241,0.0351,0.0312,0.9126,3130.241,500000,-0.07020000000000001,0.0038999999999999972,0.025349999999999984,0.07473869479727353,shake_lr,na,na,20260810_141717,True
3132721,0.039,0.0312,0.9165,3132.721,500000,-0.0663,0.0038999999999999972,0.029249999999999998,0.07257039685712073,shake_lr,na,na,20260810_141717,True
3135234,0.0351,0.0429,0.9126,3135.234,500000,-0.07020000000000001,0.0156,0.025349999999999984,0.0762497377044669,shake_lr,na,na,20260810_141717,True
3137723,0.0546,0.0273,0.9048,3137.723,500000,-0.0507,0.0,0.017550000000000066,0.053651584319570685,shake_lr,na,na,20260810_141717,True
3140220,0.0429,0.0702,0.897,3140.22,500000,-0.062400000000000004,0.042899999999999994,0.009750000000000036,0.07634941060676238,shake_lr,na,na,20260810_141717,True
3143113,0.0312,0.0624,0.9126,3143.113,500000,-0.0741,0.03509999999999999,0.025349999999999984,0.085822156230195,shake_lr,na,na,20260810_141717,True
3145244,0.0273,0.0156,0.9087,3145.244,500000,-0.078,-0.011700000000000002,0.02144999999999997,0.08173733846902527,shake_lr,na,na,20260810_141717,True
3147739,0.0468,0.0234,0.9243,3147.739,500000,-0.0585,-0.0039000000000000007,0.03705000000000003,0.0693553350507371,shake_lr,na,na,20260810_141717,True
3150236,0.0351,0.0273,0.9087,3150.236,500000,-0.07020000000000001,0.0,0.02144999999999997,0.07340396787640298,shake_lr,na,na,20260810_141717,True
3152731,0.0351,0.0312,0.9165,3152.731,500000,-0.07020000000000001,0.0038999999999999972,0.029249999999999998,0.07614993434008989,shake_lr,na,na,20260810_141717,True
3155237,0.0312,0.0312,0.9126,3155.237,500000,-0.0741,0.0038999999999999972,0.025349999999999984,0.07841328012524408,shake_lr,na,na,20260810_141717,True
3157727,0.0429,0.0507,0.8931,3157.727,500000,-0.062400000000000004,0.0234,0.005850000000000022,0.06689949551379293,shake_lr,na,na,20260810_141717,True
3160225,0.039,0.0507,0.9048,3160.225,500000,-0.0663,0.0234,0.017550000000000066,0.07246552628664199,shake_lr,na,na,20260810_141717,True
3162736,0.0351,0.0312,0.9087,3162.736,500000,-0.07020000000000001,0.0038999999999999972,0.02144999999999997,0.07350749961738598,shake_lr,na,na,20260810_141717,True
3165221,0.0273,0.0195,0.9321,3165.221,500000,-0.078,-0.007800000000000001,0.044850000000000056,0.09031258217989344,shake_lr,na,na,20260810_141717,True
3167744,0.0234,0.0156,0.9243,3167.744,500000,-0.0819,-0.011700000000000002,0.03705000000000003,0.09064878653352179,shake_lr,na,na,20260810_141717,True
3170230,0.039,0.0234,0.9048,3170.23,500000,-0.0663,-0.0039000000000000007,0.017550000000000066,0.06869426831985331,shake_lr,na,na,20260810_141717,True
3172744,0.039,0.0273,0.9126,3172.744,500000,-0.0663,0.0,0.025349999999999984,0.07098107142048504,shake_lr,na,na,20260810_141717,True
3175225,0.0351,0.039,0.9087,3175.225,500000,-0.07020000000000001,0.011699999999999999,0.02144999999999997,0.07433056235492908,shake_lr,na,na,20260810_141717,True
3177726,0.0351,0.0429,0.9048,3177.726,500000,-0.07020000000000001,0.0156,0.017550000000000066,0.07402298629479902,shake_lr,na,na,20260810_141717,True
3180224,0.039,0.039,0.897,3180.224,500000,-0.0663,0.011699999999999999,0.009750000000000036,0.0680267778157984,shake_lr,na,na,20260810_141717,True
3182735,0.0351,0.0312,0.9087,3182.735,500000,-0.07020000000000001,0.0038999999999999972,0.02144999999999997,0.07350749961738598,shake_lr,na,na,20260810_141717,True
3185227,0.0351,0.0195,0.9165,3185.227,500000,-0.07020000000000001,-0.007800000000000001,0.029249999999999998,0.07644895355725938,shake_lr,na,na,20260810_141717,True
3187723,0.0351,0.0273,0.9165,3187.723,500000,-0.07020000000000001,0.0,0.029249999999999998,0.07605,shake_lr,na,na,20260810_141717,True
3190222,0.0273,0.0273,0.9009,3190.222,500000,-0.078,0.0,0.013650000000000051,0.07918536796656313,shake_lr,na,na,20260810_141717,True
3192733,0.0351,0.0351,0.9087,3192.733,500000,-0.07020000000000001,0.007799999999999998,0.02144999999999997,0.07381722359991603,shake_lr,na,na,20260810_141717,True
3195220,0.0351,0.0312,0.9087,3195.22,500000,-0.07020000000000001,0.0038999999999999972,0.02144999999999997,0.07350749961738598,shake_lr,na,na,20260810_141717,True
3197716,0.039,0.0273,0.9126,3197.716,500000,-0.0663,0.0,0.025349999999999984,0.07098107142048504,shake_lr,na,na,20260810_141717,True
3200244,0.0312,0.0273,0.9126,3200.244,500000,-0.0741,0.0,0.025349999999999984,0.07831623394929048,shake_lr,na,na,20260810_141717,True
3202722,0.0312,0.0351,0.9048,3202.722,500000,-0.0741,0.007799999999999998,0.017550000000000066,0.07654836706292305,shake_lr,na,na,20260810_141717,True
3205240,0.0351,0.0312,0.9048,3205.24,500000,-0.07020000000000001,0.0038999999999999972,0.017550000000000066,0.072465526286642,shake_lr,na,na,20260810_141717,True
3207730,0.0429,0.0273,0.9126,3207.73,500000,-0.062400000000000004,0.0,0.025349999999999984,0.06735267255276511,shake_lr,na,na,20260810_141717,True
3210228,0.039,0.0312,0.9165,3210.228,500000,-0.0663,0.0038999999999999972,0.029249999999999998,0.07257039685712073,shake_lr,na,na,20260810_141717,True
3212733,0.039,0.0312,0.9165,3212.733,500000,-0.0663,0.0038999999999999972,0.029249999999999998,0.07257039685712073,shake_lr,na,na,20260810_141717,True
3215241,0.0351,0.0312,0.9126,3215.241,500000,-0.07020000000000001,0.0038999999999999972,0.025349999999999984,0.07473869479727353,shake_lr,na,na,20260810_141717,True
3217728,0.0351,0.039,0.9165,3217.728,500000,-0.07020000000000001,0.011699999999999999,0.029249999999999998,0.07694473666210055,shake_lr,na,na,20260810_141717,True
3220231,0.0312,0.0312,0.9165,3220.231,500000,-0.0741,0.0038999999999999972,0.029249999999999998,0.07975952921124847,shake_lr,na,na,20260810_141717,True
3222741,0.0312,0.0312,0.897,3222.741,500000,-0.0741,0.0038999999999999972,0.009750000000000036,0.0748403801433424,shake_lr,na,na,20260810_141717,True
3225229,0.0351,0.0312,0.9087,3225.229,500000,-0.07020000000000001,0.0038999999999999972,0.02144999999999997,0.07350749961738598,shake_lr,na,na,20260810_141717,True
3227723,0.0273,0.0312,0.8931,3227.723,500000,-0.078,0.0038999999999999972,0.005850000000000022,0.07831623394929049,shake_lr,na,na,20260810_141717,True
3230221,0.0312,0.0312,0.9048,3230.221,500000,-0.0741,0.0038999999999999972,0.017550000000000066,0.0762497377044669,shake_lr,na,na,20260810_141717,True
3232732,0.039,0.0312,0.9165,3232.732,500000,-0.0663,0.0038999999999999972,0.029249999999999998,0.07257039685712073,shake_lr,na,na,20260810_141717,True
3235217,0.0312,0.0234,0.9126,3235.217,500000,-0.0741,-0.0039000000000000007,0.025349999999999984,0.07841328012524408,shake_lr,na,na,20260810_141717,True
3237717,0.0312,0.0312,0.9048,3237.717,500000,-0.0741,0.0038999999999999972,0.017550000000000066,0.0762497377044669,shake_lr,na,na,20260810_141717,True
3240244,0.0351,0.0273,0.9087,3240.244,500000,-0.07020000000000001,0.0,0.02144999999999997,0.07340396787640298,shake_lr,na,na,20260810_141717,True
3242723,0.039,0.0312,0.9048,3242.723,500000,-0.0663,0.0038999999999999972,0.017550000000000066,0.06869426831985331,shake_lr,na,na,20260810_141717,True
3246397,0.0312,0.0312,0.9087,3246.397,500000,-0.0741,0.0038999999999999972,0.02144999999999997,0.07724067904931958,shake_lr,na,na,20260810_141717,True
3247722,0.0312,0.0312,0.9087,3247.722,500000,-0.0741,0.0038999999999999972,0.02144999999999997,0.07724067904931958,shake_lr,na,na,20260810_141717,True
3250220,0.0351,0.0312,0.9048,3250.22,500000,-0.07020000000000001,0.0038999999999999972,0.017550000000000066,0.072465526286642,shake_lr,na,na,20260810_141717,True
3252729,0.0273,0.0273,0.9048,3252.729,500000,-0.078,0.0,0.017550000000000066,0.07995000000000002,shake_lr,na,na,20260810_141717,True
3255224,0.039,0.0195,0.9165,3255.224,500000,-0.0663,-0.007800000000000001,0.029249999999999998,0.07288410320501995,shake_lr,na,na,20260810_141717,True
3257722,0.0312,0.0273,0.9087,3257.722,500000,-0.0741,0.0,0.02144999999999997,0.07714215773492467,shake_lr,na,na,20260810_141717,True
3260221,0.0351,0.0234,0.9126,3260.221,500000,-0.07020000000000001,-0.0039000000000000007,0.025349999999999984,0.07473869479727353,shake_lr,na,na,20260810_141717,True
3262731,0.0234,0.0234,0.9165,3262.731,500000,-0.0819,-0.0039000000000000007,0.029249999999999998,0.08705390571364388,shake_lr,na,na,20260810_141717,True
3265219,0.039,0.0234,0.9126,3265.219,500000,-0.0663,-0.0039000000000000007,0.025349999999999984,0.07108813192087692,shake_lr,na,na,20260810_141717,True
3267741,0.0312,0.0312,0.9126,3267.741,500000,-0.0741,0.0038999999999999972,0.025349999999999984,0.07841328012524408,shake_lr,na,na,20260810_141717,True
3270243,0.039,0.0273,0.9126,3270.243,500000,-0.0663,0.0,0.025349999999999984,0.07098107142048504,shake_lr,na,na,20260810_141717,True
3272722,0.039,0.0273,0.9048,3272.722,500000,-0.0663,0.0,0.017550000000000066,0.06858347104076902,shake_lr,na,na,20260810_141717,True
3275234,0.039,0.0234,0.9126,3275.234,500000,-0.0663,-0.0039000000000000007,0.025349999999999984,0.07108813192087692,shake_lr,na,na,20260810_141717,True
3277733,0.0351,0.0234,0.9126,3277.733,500000,-0.07020000000000001,-0.0039000000000000007,0.025349999999999984,0.07473869479727353,shake_lr,na,na,20260810_141717,True
3280230,0.0312,0.0234,0.9048,3280.23,500000,-0.0741,-0.0039000000000000007,0.017550000000000066,0.0762497377044669,shake_lr,na,na,20260810_141717,True
3282739,0.0273,0.0273,0.9126,3282.739,500000,-0.078,0.0,0.025349999999999984,0.08201598929477105,shake_lr,na,na,20260810_141717,True
3285234,0.0312,0.0273,0.9087,3285.234,500000,-0.0741,0.0,0.02144999999999997,0.07714215773492467,shake_lr,na,na,20260810_141717,True
3287727,0.0273,0.039,0.9126,3287.727,500000,-0.078,0.011699999999999999,0.025349999999999984,0.0828463185663672,shake_lr,na,na,20260810_141717,True
3290225,0.0312,0.0273,0.9204,3290.225,500000,-0.0741,0.0,0.03315000000000001,0.08117716735634473,shake_lr,na,na,20260810_141717,True
3292735,0.0351,0.0234,0.9087,3292.735,500000,-0.07020000000000001,-0.0039000000000000007,0.02144999999999997,0.07350749961738598,shake_lr,na,na,20260810_141717,True
3295228,0.0351,0.0195,0.9165,3295.228,500000,-0.07020000000000001,-0.007800000000000001,0.029249999999999998,0.07644895355725938,shake_lr,na,na,20260810_141717,True
3297719,0.0273,0.0273,0.9126,3297.719,500000,-0.078,0.0,0.025349999999999984,0.08201598929477105,shake_lr,na,na,20260810_141717,True
3300217,0.0312,0.0234,0.9048,3300.217,500000,-0.0741,-0.0039000000000000007,0.017550000000000066,0.0762497377044669,shake_lr,na,na,20260810_141717,True
3302744,0.039,0.0234,0.9165,3302.744,500000,-0.0663,-0.0039000000000000007,0.029249999999999998,0.07257039685712073,shake_lr,na,na,20260810_141717,True
3305242,0.0312,0.0273,0.9087,3305.242,500000,-0.0741,0.0,0.02144999999999997,0.07714215773492467,shake_lr,na,na,20260810_141717,True
3307727,0.0351,0.0273,0.9126,3307.727,500000,-0.07020000000000001,0.0,0.025349999999999984,0.07463687091511809,shake_lr,na,na,20260810_141717,True
3310223,0.039,0.0312,0.9087,3310.223,500000,-0.0663,0.0038999999999999972,0.02144999999999997,0.06979256765587578,shake_lr,na,na,20260810_141717,True
3312735,0.039,0.0195,0.9087,3312.735,500000,-0.0663,-0.007800000000000001,0.02144999999999997,0.07011870292582428,shake_lr,na,na,20260810_141717,True
3315218,0.0351,0.0234,0.9087,3315.218,500000,-0.07020000000000001,-0.0039000000000000007,0.02144999999999997,0.07350749961738598,shake_lr,na,na,20260810_141717,True
3317741,0.0351,0.0234,0.9087,3317.741,500000,-0.07020000000000001,-0.0039000000000000007,0.02144999999999997,0.07350749961738598,shake_lr,na,na,20260810_141717,True
3320244,0.039,0.0195,0.9087,3320.244,500000,-0.0663,-0.007800000000000001,0.02144999999999997,0.07011870292582428,shake_lr,na,na,20260810_141717,True
3322723,0.039,0.0273,0.9048,3322.723,500000,-0.0663,0.0,0.017550000000000066,0.06858347104076902,shake_lr,na,na,20260810_141717,True
3325241,0.0429,0.0234,0.9087,3325.241,500000,-0.062400000000000004,-0.0039000000000000007,0.02144999999999997,0.06609895990104533,shake_lr,na,na,20260810_141717,True
3327728,0.0312,0.0312,0.9048,3327.728,500000,-0.0741,0.0038999999999999972,0.017550000000000066,0.0762497377044669,shake_lr,na,na,20260810_141717,True
3330224,0.0351,0.0312,0.9126,3330.224,500000,-0.07020000000000001,0.0038999999999999972,0.025349999999999984,0.07473869479727353,shake_lr,na,na,20260810_141717,True
3332734,0.0234,0.0312,0.9165,3332.734,500000,-0.0819,0.0038999999999999972,0.029249999999999998,0.08705390571364388,shake_lr,na,na,20260810_141717,True
3335220,0.0351,0.0312,0.9204,3335.22,500000,-0.07020000000000001,0.0038999999999999972,0.03315000000000001,0.07773141256917954,shake_lr,na,na,20260810_141717,True
3337739,0.0468,0.0312,0.9126,3337.739,500000,-0.0585,0.0038999999999999972,0.025349999999999984,0.06387552348122087,shake_lr,na,na,20260810_141717,True
3340236,0.039,0.0234,0.9087,3340.236,500000,-0.0663,-0.0039000000000000007,0.02144999999999997,0.06979256765587578,shake_lr,na,na,20260810_141717,True
3342715,0.0351,0.0429,0.9048,3342.715,500000,-0.07020000000000001,0.0156,0.017550000000000066,0.07402298629479902,shake_lr,na,na,20260810_141717,True
3345237,0.0351,0.0273,0.9126,3345.237,500000,-0.07020000000000001,0.0,0.025349999999999984,0.07463687091511809,shake_lr,na,na,20260810_141717,True
3347934,0.0312,0.0351,0.9126,3347.934,500000,-0.0741,0.007799999999999998,0.025349999999999984,0.0787037006753812,shake_lr,na,na,20260810_141717,True
3350234,0.0312,0.039,0.9165,3350.234,500000,-0.0741,0.011699999999999999,0.029249999999999998,0.08051870900604405,shake_lr,na,na,20260810_141717,True
3352737,0.0351,0.0273,0.9126,3352.737,500000,-0.07020000000000001,0.0,0.025349999999999984,0.07463687091511809,shake_lr,na,na,20260810_141717,True
3355227,0.039,0.0312,0.9087,3355.227,500000,-0.0663,0.0038999999999999972,0.02144999999999997,0.06979256765587578,shake_lr,na,na,20260810_141717,True
3357745,0.0351,0.0312,0.9087,3357.745,500000,-0.07020000000000001,0.0038999999999999972,0.02144999999999997,0.07350749961738598,shake_lr,na,na,20260810_141717,True
3360216,0.0273,0.0312,0.9204,3360.216,500000,-0.078,0.0038999999999999972,0.03315000000000001,0.08484180867944767,shake_lr,na,na,20260810_141717,True
3362728,0.0312,0.0351,0.9126,3362.728,500000,-0.0741,0.007799999999999998,0.025349999999999984,0.0787037006753812,shake_lr,na,na,20260810_141717,True
3365218,0.0312,0.039,0.9165,3365.218,500000,-0.0741,0.011699999999999999,0.029249999999999998,0.08051870900604405,shake_lr,na,na,20260810_141717,True
3367725,0.039,0.0273,0.9087,3367.725,500000,-0.0663,0.0,0.02144999999999997,0.06968351670230198,shake_lr,na,na,20260810_141717,True
3370221,0.0351,0.0234,0.9126,3370.221,500000,-0.07020000000000001,-0.0039000000000000007,0.025349999999999984,0.07473869479727353,shake_lr,na,na,20260810_141717,True
3372733,0.039,0.0351,0.9087,3372.733,500000,-0.0663,0.007799999999999998,0.02144999999999997,0.07011870292582428,shake_lr,na,na,20260810_141717,True
3375217,0.039,0.0312,0.9126,3375.217,500000,-0.0663,0.0038999999999999972,0.025349999999999984,0.07108813192087692,shake_lr,na,na,20260810_141717,True
3377742,0.0273,0.0312,0.9165,3377.742,500000,-0.078,0.0038999999999999972,0.029249999999999998,0.08339527864333808,shake_lr,na,na,20260810_141717,True
3380240,0.039,0.0312,0.9126,3380.24,500000,-0.0663,0.0038999999999999972,0.025349999999999984,0.07108813192087692,shake_lr,na,na,20260810_141717,True
3382720,0.0351,0.0312,0.9126,3382.72,500000,-0.07020000000000001,0.0038999999999999972,0.025349999999999984,0.07473869479727353,shake_lr,na,na,20260810_141717,True
3385244,0.0312,0.039,0.9087,3385.244,500000,-0.0741,0.011699999999999999,0.02144999999999997,0.07802437119259596,shake_lr,na,na,20260810_141717,True
3387729,0.0429,0.0273,0.9165,3387.729,500000,-0.062400000000000004,0.0,0.029249999999999998,0.06891532848358194,shake_lr,na,na,20260810_141717,True
3390225,0.039,0.0273,0.9087,3390.225,500000,-0.0663,0.0,0.02144999999999997,0.06968351670230198,shake_lr,na,na,20260810_141717,True
3392736,0.039,0.0351,0.9165,3392.736,500000,-0.0663,0.007799999999999998,0.029249999999999998,0.07288410320501995,shake_lr,na,na,20260810_141717,True
3395227,0.039,0.0312,0.9126,3395.227,500000,-0.0663,0.0038999999999999972,0.025349999999999984,0.07108813192087692,shake_lr,na,na,20260810_141717,True
3397744,0.0351,0.0351,0.9048,3397.744,500000,-0.07020000000000001,0.007799999999999998,0.017550000000000066,0.07277968466543397,shake_lr,na,na,20260810_141717,True
3400241,0.0312,0.0312,0.9126,3400.241,500000,-0.0741,0.0038999999999999972,0.025349999999999984,0.07841328012524408,shake_lr,na,na,20260810_141717,True
3402719,0.0351,0.0234,0.9126,3402.719,500000,-0.07020000000000001,-0.0039000000000000007,0.025349999999999984,0.07473869479727353,shake_lr,na,na,20260810_141717,True
3405236,0.039,0.0273,0.9087,3405.236,500000,-0.0663,0.0,0.02144999999999997,0.06968351670230198,shake_lr,na,na,20260810_141717,True
3407724,0.0312,0.0351,0.9165,3407.724,500000,-0.0741,0.007799999999999998,0.029249999999999998,0.08004506543191779,shake_lr,na,na,20260810_141717,True
3410222,0.0312,0.0312,0.9165,3410.222,500000,-0.0741,0.0038999999999999972,0.029249999999999998,0.07975952921124847,shake_lr,na,na,20260810_141717,True
3412728,0.0429,0.0312,0.9009,3412.728,500000,-0.062400000000000004,0.0038999999999999972,0.013650000000000051,0.06399447241754558,shake_lr,na,na,20260810_141717,True
3415237,0.0429,0.0273,0.9165,3415.237,500000,-0.062400000000000004,0.0,0.029249999999999998,0.06891532848358194,shake_lr,na,na,20260810_141717,True
3417725,0.039,0.0351,0.9087,3417.725,500000,-0.0663,0.007799999999999998,0.02144999999999997,0.07011870292582428,shake_lr,na,na,20260810_141717,True
3420228,0.039,0.0312,0.9087,3420.228,500000,-0.0663,0.0038999999999999972,0.02144999999999997,0.06979256765587578,shake_lr,na,na,20260810_141717,True
3422739,0.039,0.0312,0.9087,3422.739,500000,-0.0663,0.0038999999999999972,0.02144999999999997,0.06979256765587578,shake_lr,na,na,20260810_141717,True
3425226,0.039,0.0273,0.9048,3425.226,500000,-0.0663,0.0,0.017550000000000066,0.06858347104076902,shake_lr,na,na,20260810_141717,True
3427744,0.0351,0.039,0.9048,3427.744,500000,-0.07020000000000001,0.011699999999999999,0.017550000000000066,0.07330028990392878,shake_lr,na,na,20260810_141717,True
3430241,0.0351,0.0312,0.9048,3430.241,500000,-0.07020000000000001,0.0038999999999999972,0.017550000000000066,0.072465526286642,shake_lr,na,na,20260810_141717,True
3432736,0.0351,0.0312,0.9126,3432.736,500000,-0.07020000000000001,0.0038999999999999972,0.025349999999999984,0.07473869479727353,shake_lr,na,na,20260810_141717,True
3435228,0.039,0.0351,0.9126,3435.228,500000,-0.0663,0.007799999999999998,0.025349999999999984,0.07140835035204215,shake_lr,na,na,20260810_141717,True
3437722,0.0312,0.039,0.9126,3437.722,500000,-0.0741,0.011699999999999999,0.025349999999999984,0.07918536796656311,shake_lr,na,na,20260810_141717,True
3440220,0.039,0.0273,0.9126,3440.22,500000,-0.0663,0.0,0.025349999999999984,0.07098107142048504,shake_lr,na,na,20260810_141717,True
3442732,0.039,0.0195,0.9282,3442.732,500000,-0.0663,-0.007800000000000001,0.04095000000000004,0.0783162339492905,shake_lr,na,na,20260810_141717,True
3445224,0.0351,0.0234,0.9087,3445.224,500000,-0.07020000000000001,-0.0039000000000000007,0.02144999999999997,0.07350749961738598,shake_lr,na,na,20260810_141717,True
3447744,0.0351,0.0312,0.9126,3447.744,500000,-0.07020000000000001,0.0038999999999999972,0.025349999999999984,0.07473869479727353,shake_lr,na,na,20260810_141717,True
3450330,0.0312,0.0312,0.9165,3450.33,500000,-0.0741,0.0038999999999999972,0.029249999999999998,0.07975952921124847,shake_lr,na,na,20260810_141717,True
3452728,0.039,0.0312,0.9087,3452.728,500000,-0.0663,0.0038999999999999972,0.02144999999999997,0.06979256765587578,shake_lr,na,na,20260810_141717,True
3455221,0.0351,0.0351,0.9087,3455.221,500000,-0.07020000000000001,0.007799999999999998,0.02144999999999997,0.07381722359991603,shake_lr,na,na,20260810_141717,True
3457720,0.0351,0.0312,0.9087,3457.72,500000,-0.07020000000000001,0.0038999999999999972,0.02144999999999997,0.07350749961738598,shake_lr,na,na,20260810_141717,True
3460216,0.039,0.0234,0.9087,3460.216,500000,-0.0663,-0.0039000000000000007,0.02144999999999997,0.06979256765587578,shake_lr,na,na,20260810_141717,True
3462727,0.0351,0.0234,0.9087,3462.727,500000,-0.07020000000000001,-0.0039000000000000007,0.02144999999999997,0.07350749961738598,shake_lr,na,na,20260810_141717,True
3465240,0.039,0.0195,0.9165,3465.24,500000,-0.0663,-0.007800000000000001,0.029249999999999998,0.07288410320501995,shake_lr,na,na,20260810_141717,True
3467728,0.039,0.0312,0.9087,3467.728,500000,-0.0663,0.0038999999999999972,0.02144999999999997,0.06979256765587578,shake_lr,na,na,20260810_141717,True
3470233,0.039,0.0273,0.9126,3470.233,500000,-0.0663,0.0,0.025349999999999984,0.07098107142048504,shake_lr,na,na,20260810_141717,True
3472744,0.0312,0.0273,0.9165,3472.744,500000,-0.0741,0.0,0.029249999999999998,0.07966412304168043,shake_lr,na,na,20260810_141717,True
3475220,0.0351,0.0234,0.9048,3475.22,500000,-0.07020000000000001,-0.0039000000000000007,0.017550000000000066,0.072465526286642,shake_lr,na,na,20260810_141717,True
3477718,0.0312,0.0273,0.8931,3477.718,500000,-0.0741,0.0,0.005850000000000022,0.07433056235492908,shake_lr,na,na,20260810_141717,True
3480244,0.0312,0.0312,0.9087,3480.244,500000,-0.0741,0.0038999999999999972,0.02144999999999997,0.07724067904931958,shake_lr,na,na,20260810_141717,True
3482723,0.0351,0.0273,0.9087,3482.723,500000,-0.07020000000000001,0.0,0.02144999999999997,0.07340396787640298,shake_lr,na,na,20260810_141717,True
3485215,0.0312,0.0273,0.9165,3485.215,500000,-0.0741,0.0,0.029249999999999998,0.07966412304168043,shake_lr,na,na,20260810_141717,True
3487736,0.0312,0.0234,0.9126,3487.736,500000,-0.0741,-0.0039000000000000007,0.025349999999999984,0.07841328012524408,shake_lr,na,na,20260810_141717,True
3490233,0.0312,0.0273,0.9165,3490.233,500000,-0.0741,0.0,0.029249999999999998,0.07966412304168043,shake_lr,na,na,20260810_141717,True
3492744,0.0351,0.0273,0.9165,3492.744,500000,-0.07020000000000001,0.0,0.029249999999999998,0.07605,shake_lr,na,na,20260810_141717,True
3495234,0.0273,0.0273,0.9087,3495.234,500000,-0.078,0.0,0.02144999999999997,0.080895627199497,shake_lr,na,na,20260810_141717,True
3497740,0.039,0.0234,0.9048,3497.74,500000,-0.0663,-0.0039000000000000007,0.017550000000000066,0.06869426831985331,shake_lr,na,na,20260810_141717,True
3500242,0.0429,0.0234,0.9165,3500.242,500000,-0.062400000000000004,-0.0039000000000000007,0.029249999999999998,0.06902559307966864,shake_lr,na,na,20260810_141717,True
3502721,0.0351,0.0351,0.9009,3502.721,500000,-0.07020000000000001,0.007799999999999998,0.013650000000000051,0.07193888030821723,shake_lr,na,na,20260810_141717,True
3505240,0.0312,0.0312,0.9126,3505.24,500000,-0.0741,0.0038999999999999972,0.025349999999999984,0.07841328012524408,shake_lr,na,na,20260810_141717,True
3507729,0.0312,0.0312,0.9165,3507.729,500000,-0.0741,0.0038999999999999972,0.029249999999999998,0.07975952921124847,shake_lr,na,na,20260810_141717,True
3510227,0.039,0.0273,0.9009,3510.227,500000,-0.0663,0.0,0.013650000000000051,0.06769056433506816,shake_lr,na,na,20260810_141717,True
3512728,0.0351,0.0312,0.9087,3512.728,500000,-0.07020000000000001,0.0038999999999999972,0.02144999999999997,0.07350749961738598,shake_lr,na,na,20260810_141717,True
3515237,0.039,0.0351,0.9126,3515.237,500000,-0.0663,0.007799999999999998,0.025349999999999984,0.07140835035204215,shake_lr,na,na,20260810_141717,True
3517725,0.0273,0.0273,0.9087,3517.725,500000,-0.078,0.0,0.02144999999999997,0.080895627199497,shake_lr,na,na,20260810_141717,True
3520227,0.0312,0.0234,0.9126,3520.227,500000,-0.0741,-0.0039000000000000007,0.025349999999999984,0.07841328012524408,shake_lr,na,na,20260810_141717,True
3522740,0.0351,0.0234,0.9048,3522.74,500000,-0.07020000000000001,-0.0039000000000000007,0.017550000000000066,0.072465526286642,shake_lr,na,na,20260810_141717,True
3525228,0.0351,0.0234,0.9048,3525.228,500000,-0.07020000000000001,-0.0039000000000000007,0.017550000000000066,0.072465526286642,shake_lr,na,na,20260810_141717,True
3527722,0.0351,0.0234,0.9048,3527.722,500000,-0.07020000000000001,-0.0039000000000000007,0.017550000000000066,0.072465526286642,shake_lr,na,na,20260810_141717,True
3530220,0.0312,0.0273,0.9087,3530.22,500000,-0.0741,0.0,0.02144999999999997,0.07714215773492467,shake_lr,na,na,20260810_141717,True
3532730,0.0312,0.0351,0.9048,3532.73,500000,-0.0741,0.007799999999999998,0.017550000000000066,0.07654836706292305,shake_lr,na,na,20260810_141717,True
3535245,0.0312,0.0312,0.9126,3535.245,500000,-0.0741,0.0038999999999999972,0.025349999999999984,0.07841328012524408,shake_lr,na,na,20260810_141717,True
3537730,0.039,0.0234,0.9282,3537.73,500000,-0.0663,-0.0039000000000000007,0.04095000000000004,0.07802437119259599,shake_lr,na,na,20260810_141717,True
3540228,0.0312,0.0273,0.9126,3540.228,500000,-0.0741,0.0,0.025349999999999984,0.07831623394929048,shake_lr,na,na,20260810_141717,True
3542739,0.0273,0.0273,0.9165,3542.739,500000,-0.078,0.0,0.029249999999999998,0.08330403651684593,shake_lr,na,na,20260810_141717,True
3545229,0.0312,0.0312,0.9165,3545.229,500000,-0.0741,0.0038999999999999972,0.029249999999999998,0.07975952921124847,shake_lr,na,na,20260810_141717,True
3547717,0.0234,0.0273,0.9243,3547.717,500000,-0.0819,0.0,0.03705000000000003,0.08989055845860566,shake_lr,na,na,20260810_141717,True
3550215,0.0468,0.0351,0.9048,3550.215,500000,-0.0585,0.007799999999999998,0.017550000000000066,0.0615718482750031,shake_lr,na,na,20260810_141717,True
3552886,0.0312,0.0351,0.9165,3552.886,500000,-0.0741,0.007799999999999998,0.029249999999999998,0.08004506543191779,shake_lr,na,na,20260810_141717,True
3555233,0.039,0.0312,0.9126,3555.233,500000,-0.0663,0.0038999999999999972,0.025349999999999984,0.07108813192087692,shake_lr,na,na,20260810_141717,True
3557729,0.039,0.0195,0.9087,3557.729,500000,-0.0663,-0.007800000000000001,0.02144999999999997,0.07011870292582428,shake_lr,na,na,20260810_141717,True
3560225,0.0429,0.0156,0.9009,3560.225,500000,-0.062400000000000004,-0.011700000000000002,0.013650000000000051,0.0649382206408522,shake_lr,na,na,20260810_141717,True
3562738,0.0351,0.0273,0.897,3562.738,500000,-0.07020000000000001,0.0,0.009750000000000036,0.07087384919700639,shake_lr,na,na,20260810_141717,True
3565219,0.0312,0.0351,0.9204,3565.219,500000,-0.0741,0.007799999999999998,0.03315000000000001,0.0815510422986733,shake_lr,na,na,20260810_141717,True
3567742,0.0312,0.0273,0.9126,3567.742,500000,-0.0741,0.0,0.025349999999999984,0.07831623394929048,shake_lr,na,na,20260810_141717,True
3570216,0.0312,0.0273,0.9087,3570.216,500000,-0.0741,0.0,0.02144999999999997,0.07714215773492467,shake_lr,na,na,20260810_141717,True
3572730,0.0234,0.0273,0.9048,3572.73,500000,-0.0819,0.0,0.017550000000000066,0.08375925322016668,shake_lr,na,na,20260810_141717,True
3575240,0.0351,0.0312,0.9126,3575.24,500000,-0.07020000000000001,0.0038999999999999972,0.025349999999999984,0.07473869479727353,shake_lr,na,na,20260810_141717,True
3577734,0.0312,0.0351,0.9087,3577.734,500000,-0.0741,0.007799999999999998,0.02144999999999997,0.07753549187307705,shake_lr,na,na,20260810_141717,True
3580231,0.0351,0.0312,0.9048,3580.231,500000,-0.07020000000000001,0.0038999999999999972,0.017550000000000066,0.072465526286642,shake_lr,na,na,20260810_141717,True
3582741,0.0351,0.0312,0.9087,3582.741,500000,-0.07020000000000001,0.0038999999999999972,0.02144999999999997,0.07350749961738598,shake_lr,na,na,20260810_141717,True
3585237,0.039,0.0351,0.9009,3585.237,500000,-0.0663,0.007799999999999998,0.013650000000000051,0.068138480317659,shake_lr,na,na,20260810_141717,True
3587730,0.039,0.0234,0.9126,3587.73,500000,-0.0663,-0.0039000000000000007,0.025349999999999984,0.07108813192087692,shake_lr,na,na,20260810_141717,True
3590228,0.0351,0.0429,0.9048,3590.228,500000,-0.07020000000000001,0.0156,0.017550000000000066,0.07402298629479902,shake_lr,na,na,20260810_141717,True
3592740,0.0351,0.0312,0.9087,3592.74,500000,-0.07020000000000001,0.0038999999999999972,0.02144999999999997,0.07350749961738598,shake_lr,na,na,20260810_141717,True
3595232,0.039,0.0312,0.9126,3595.232,500000,-0.0663,0.0038999999999999972,0.025349999999999984,0.07108813192087692,shake_lr,na,na,20260810_141717,True
3597727,0.039,0.0273,0.9048,3597.727,500000,-0.0663,0.0,0.017550000000000066,0.06858347104076902,shake_lr,na,na,20260810_141717,True
3600222,0.039,0.0234,0.897,3600.222,500000,-0.0663,-0.0039000000000000007,0.009750000000000036,0.06712646646442817,shake_lr,na,na,20260810_141717,True
3602733,0.039,0.0234,0.9165,3602.733,500000,-0.0663,-0.0039000000000000007,0.029249999999999998,0.07257039685712073,shake_lr,na,na,20260810_141717,True
3605220,0.0351,0.0351,0.9048,3605.22,500000,-0.07020000000000001,0.007799999999999998,0.017550000000000066,0.07277968466543397,shake_lr,na,na,20260810_141717,True
3607744,0.039,0.0273,0.9087,3607.744,500000,-0.0663,0.0,0.02144999999999997,0.06968351670230198,shake_lr,na,na,20260810_141717,True
3610240,0.039,0.0312,0.9126,3610.24,500000,-0.0663,0.0038999999999999972,0.025349999999999984,0.07108813192087692,shake_lr,na,na,20260810_141717,True
3612743,0.039,0.0312,0.9126,3612.743,500000,-0.0663,0.0038999999999999972,0.025349999999999984,0.07108813192087692,shake_lr,na,na,20260810_141717,True
3615220,0.0351,0.0351,0.9048,3615.22,500000,-0.07020000000000001,0.007799999999999998,0.017550000000000066,0.07277968466543397,shake_lr,na,na,20260810_141717,True
3617742,0.039,0.0195,0.9126,3617.742,500000,-0.0663,-0.007800000000000001,0.025349999999999984,0.07140835035204215,shake_lr,na,na,20260810_141717,True
3620215,0.0351,0.0273,0.9243,3620.215,500000,-0.07020000000000001,0.0,0.03705000000000003,0.07937721650448575,shake_lr,na,na,20260810_141717,True
3622728,0.039,0.0234,0.9165,3622.728,500000,-0.0663,-0.0039000000000000007,0.029249999999999998,0.07257039685712073,shake_lr,na,na,20260810_141717,True
3625215,0.0351,0.0273,0.9087,3625.215,500000,-0.07020000000000001,0.0,0.02144999999999997,0.07340396787640298,shake_lr,na,na,20260810_141717,True
3627739,0.0351,0.0312,0.9126,3627.739,500000,-0.07020000000000001,0.0038999999999999972,0.025349999999999984,0.07473869479727353,shake_lr,na,na,20260810_141717,True
3630217,0.0351,0.0312,0.9009,3630.217,500000,-0.07020000000000001,0.0038999999999999972,0.013650000000000051,0.07162103392160715,shake_lr,na,na,20260810_141717,True
3632732,0.039,0.0312,0.897,3632.732,500000,-0.0663,0.0038999999999999972,0.009750000000000036,0.06712646646442817,shake_lr,na,na,20260810_141717,True
3635224,0.039,0.0312,0.897,3635.224,500000,-0.0663,0.0038999999999999972,0.009750000000000036,0.06712646646442817,shake_lr,na,na,20260810_141717,True
3637716,0.0351,0.0351,0.9204,3637.716,500000,-0.07020000000000001,0.007799999999999998,0.03315000000000001,0.07802437119259599,shake_lr,na,na,20260810_141717,True
3640241,0.039,0.0351,0.9087,3640.241,500000,-0.0663,0.007799999999999998,0.02144999999999997,0.07011870292582428,shake_lr,na,na,20260810_141717,True
3642719,0.0351,0.039,0.9126,3642.719,500000,-0.07020000000000001,0.011699999999999999,0.025349999999999984,0.07554834544846102,shake_lr,na,na,20260810_141717,True
3645235,0.0312,0.0312,0.9048,3645.235,500000,-0.0741,0.0038999999999999972,0.017550000000000066,0.0762497377044669,shake_lr,na,na,20260810_141717,True
3647724,0.0312,0.039,0.9048,3647.724,500000,-0.0741,0.011699999999999999,0.017550000000000066,0.07704351043403981,shake_lr,na,na,20260810_141717,True
3650222,0.0351,0.0312,0.9087,3650.222,500000,-0.07020000000000001,0.0038999999999999972,0.02144999999999997,0.07350749961738598,shake_lr,na,na,20260810_141717,True
3652741,0.0429,0.0234,0.9165,3652.741,500000,-0.062400000000000004,-0.0039000000000000007,0.029249999999999998,0.06902559307966864,shake_lr,na,na,20260810_141717,True
3655217,0.0351,0.0312,0.9165,3655.217,500000,-0.07020000000000001,0.0038999999999999972,0.029249999999999998,0.07614993434008989,shake_lr,na,na,20260810_141717,True
3657741,0.039,0.0351,0.9048,3657.741,500000,-0.0663,0.007799999999999998,0.017550000000000066,0.06902559307966866,shake_lr,na,na,20260810_141717,True
3660236,0.0351,0.0351,0.9087,3660.236,500000,-0.07020000000000001,0.007799999999999998,0.02144999999999997,0.07381722359991603,shake_lr,na,na,20260810_141717,True
3662715,0.0351,0.0351,0.9165,3662.715,500000,-0.07020000000000001,0.007799999999999998,0.029249999999999998,0.07644895355725938,shake_lr,na,na,20260810_141717,True
3665234,0.0429,0.0273,0.9165,3665.234,500000,-0.062400000000000004,0.0,0.029249999999999998,0.06891532848358194,shake_lr,na,na,20260810_141717,True
3667725,0.0312,0.0312,0.9009,3667.725,500000,-0.0741,0.0038999999999999972,0.013650000000000051,0.07544761427639711,shake_lr,na,na,20260810_141717,True
3670230,0.0312,0.0234,0.9126,3670.23,500000,-0.0741,-0.0039000000000000007,0.025349999999999984,0.07841328012524408,shake_lr,na,na,20260810_141717,True
3672740,0.039,0.0234,0.9087,3672.74,500000,-0.0663,-0.0039000000000000007,0.02144999999999997,0.06979256765587578,shake_lr,na,na,20260810_141717,True
3675218,0.0351,0.0312,0.9048,3675.218,500000,-0.07020000000000001,0.0038999999999999972,0.017550000000000066,0.072465526286642,shake_lr,na,na,20260810_141717,True
3677745,0.0312,0.0351,0.9048,3677.745,500000,-0.0741,0.007799999999999998,0.017550000000000066,0.07654836706292305,shake_lr,na,na,20260810_141717,True
3680242,0.0429,0.0234,0.9126,3680.242,500000,-0.062400000000000004,-0.0039000000000000007,0.025349999999999984,0.06746549117882415,shake_lr,na,na,20260810_141717,True
3682721,0.0312,0.0273,0.9087,3682.721,500000,-0.0741,0.0,0.02144999999999997,0.07714215773492467,shake_lr,na,na,20260810_141717,True
3685217,0.0273,0.0312,0.9165,3685.217,500000,-0.078,0.0038999999999999972,0.029249999999999998,0.08339527864333808,shake_lr,na,na,20260810_141717,True
3687735,0.039,0.0273,0.9048,3687.735,500000,-0.0663,0.0,0.017550000000000066,0.06858347104076902,shake_lr,na,na,20260810_141717,True
3690231,0.039,0.0312,0.9048,3690.231,500000,-0.0663,0.0038999999999999972,0.017550000000000066,0.06869426831985331,shake_lr,na,na,20260810_141717,True
3692739,0.0312,0.0351,0.9087,3692.739,500000,-0.0741,0.007799999999999998,0.02144999999999997,0.07753549187307705,shake_lr,na,na,20260810_141717,True
3695215,0.0312,0.0312,0.9087,3695.215,500000,-0.0741,0.0038999999999999972,0.02144999999999997,0.07724067904931958,shake_lr,na,na,20260810_141717,True
3697741,0.039,0.0234,0.9126,3697.741,500000,-0.0663,-0.0039000000000000007,0.025349999999999984,0.07108813192087692,shake_lr,na,na,20260810_141717,True
3700240,0.0429,0.0234,0.9009,3700.24,500000,-0.062400000000000004,-0.0039000000000000007,0.013650000000000051,0.06399447241754558,shake_lr,na,na,20260810_141717,True
3702718,0.0351,0.0312,0.9048,3702.718,500000,-0.07020000000000001,0.0038999999999999972,0.017550000000000066,0.072465526286642,shake_lr,na,na,20260810_141717,True
3705239,0.039,0.0273,0.9165,3705.239,500000,-0.0663,0.0,0.029249999999999998,0.07246552628664198,shake_lr,na,na,20260810_141717,True
3707724,0.039,0.0273,0.9126,3707.724,500000,-0.0663,0.0,0.025349999999999984,0.07098107142048504,shake_lr,na,na,20260810_141717,True
3710223,0.0351,0.0234,0.9048,3710.223,500000,-0.07020000000000001,-0.0039000000000000007,0.017550000000000066,0.072465526286642,shake_lr,na,na,20260810_141717,True
3712724,0.0351,0.0312,0.9126,3712.724,500000,-0.07020000000000001,0.0038999999999999972,0.025349999999999984,0.07473869479727353,shake_lr,na,na,20260810_141717,True
3715236,0.0312,0.0273,0.9204,3715.236,500000,-0.0741,0.0,0.03315000000000001,0.08117716735634473,shake_lr,na,na,20260810_141717,True
3717724,0.0351,0.0195,0.9165,3717.724,500000,-0.07020000000000001,-0.007800000000000001,0.029249999999999998,0.07644895355725938,shake_lr,na,na,20260810_141717,True
3720227,0.039,0.0195,0.9165,3720.227,500000,-0.0663,-0.007800000000000001,0.029249999999999998,0.07288410320501995,shake_lr,na,na,20260810_141717,True
3722739,0.0312,0.0273,0.9126,3722.739,500000,-0.0741,0.0,0.025349999999999984,0.07831623394929048,shake_lr,na,na,20260810_141717,True
3725225,0.0312,0.0234,0.9165,3725.225,500000,-0.0741,-0.0039000000000000007,0.029249999999999998,0.07975952921124847,shake_lr,na,na,20260810_141717,True
3727716,0.0312,0.0273,0.9087,3727.716,500000,-0.0741,0.0,0.02144999999999997,0.07714215773492467,shake_lr,na,na,20260810_141717,True
3730243,0.0351,0.0234,0.9126,3730.243,500000,-0.07020000000000001,-0.0039000000000000007,0.025349999999999984,0.07473869479727353,shake_lr,na,na,20260810_141717,True
3732721,0.0351,0.0234,0.9009,3732.721,500000,-0.07020000000000001,-0.0039000000000000007,0.013650000000000051,0.07162103392160715,shake_lr,na,na,20260810_141717,True
3735239,0.039,0.0273,0.9009,3735.239,500000,-0.0663,0.0,0.013650000000000051,0.06769056433506816,shake_lr,na,na,20260810_141717,True
3737726,0.0351,0.0234,0.9009,3737.726,500000,-0.07020000000000001,-0.0039000000000000007,0.013650000000000051,0.07162103392160715,shake_lr,na,na,20260810_141717,True
3740222,0.0351,0.0234,0.9009,3740.222,500000,-0.07020000000000001,-0.0039000000000000007,0.013650000000000051,0.07162103392160715,shake_lr,na,na,20260810_141717,True
3742734,0.0312,0.0234,0.9009,3742.734,500000,-0.0741,-0.0039000000000000007,0.013650000000000051,0.07544761427639711,shake_lr,na,na,20260810_141717,True
3745226,0.0351,0.0273,0.9048,3745.226,500000,-0.07020000000000001,0.0,0.017550000000000066,0.07236050372958996,shake_lr,na,na,20260810_141717,True
3747743,0.039,0.0234,0.9048,3747.743,500000,-0.0663,-0.0039000000000000007,0.017550000000000066,0.06869426831985331,shake_lr,na,na,20260810_141717,True
3750240,0.039,0.0273,0.9087,3750.24,500000,-0.0663,0.0,0.02144999999999997,0.06968351670230198,shake_lr,na,na,20260810_141717,True
3752730,0.0312,0.0234,0.9009,3752.73,500000,-0.0741,-0.0039000000000000007,0.013650000000000051,0.07544761427639711,shake_lr,na,na,20260810_141717,True
3755231,0.0351,0.0273,0.9126,3755.231,500000,-0.07020000000000001,0.0,0.025349999999999984,0.07463687091511809,shake_lr,na,na,20260810_141717,True
3757744,0.0312,0.0273,0.9126,3757.744,500000,-0.0741,0.0,0.025349999999999984,0.07831623394929048,shake_lr,na,na,20260810_141717,True
3760228,0.0351,0.039,0.9087,3760.228,500000,-0.07020000000000001,0.011699999999999999,0.02144999999999997,0.07433056235492908,shake_lr,na,na,20260810_141717,True
3762741,0.0507,0.0312,0.9087,3762.741,500000,-0.0546,0.0038999999999999972,0.02144999999999997,0.0587917723835572,shake_lr,na,na,20260810_141717,True
3765232,0.039,0.0156,0.9087,3765.232,500000,-0.0663,-0.011700000000000002,0.02144999999999997,0.0706589166347744,shake_lr,na,na,20260810_141717,True
3767725,0.0351,0.0273,0.8892,3767.725,500000,-0.07020000000000001,0.0,0.0019500000000000073,0.07022707811093953,shake_lr,na,na,20260810_141717,True
3770227,0.0351,0.0273,0.8931,3770.227,500000,-0.07020000000000001,0.0,0.005850000000000022,0.07044332828593494,shake_lr,na,na,20260810_141717,True
3772740,0.0312,0.0234,0.8853,3772.74,500000,-0.0741,-0.0039000000000000007,-0.0019500000000000073,0.0742281786116297,shake_lr,na,na,20260810_141717,True
3775217,0.039,0.0273,0.9009,3775.217,500000,-0.0663,0.0,0.013650000000000051,0.06769056433506816,shake_lr,na,na,20260810_141717,True
3777744,0.0351,0.0351,0.9048,3777.744,500000,-0.07020000000000001,0.007799999999999998,0.017550000000000066,0.07277968466543397,shake_lr,na,na,20260810_141717,True
3780223,0.0351,0.0234,0.9204,3780.223,500000,-0.07020000000000001,-0.0039000000000000007,0.03315000000000001,0.07773141256917954,shake_lr,na,na,20260810_141717,True
3782722,0.039,0.0312,0.9282,3782.722,500000,-0.0663,0.0038999999999999972,0.04095000000000004,0.07802437119259599,shake_lr,na,na,20260810_141717,True
3785220,0.0351,0.0312,0.936,3785.22,500000,-0.07020000000000001,0.0038999999999999972,0.04875000000000007,0.08555590277707324,shake_lr,na,na,20260810_141717,True
3787741,0.0312,0.0273,0.9399,3787.741,500000,-0.0741,0.0,0.052649999999999975,0.09090012376229197,shake_lr,na,na,20260810_141717,True
3790239,0.0312,0.0195,0.9321,3790.239,500000,-0.0741,-0.007800000000000001,0.044850000000000056,0.08696650217181329,shake_lr,na,na,20260810_141717,True
3792718,0.0351,0.0234,0.9165,3792.718,500000,-0.07020000000000001,-0.0039000000000000007,0.029249999999999998,0.07614993434008989,shake_lr,na,na,20260810_141717,True
3795241,0.0312,0.0273,0.9204,3795.241,500000,-0.0741,0.0,0.03315000000000001,0.08117716735634473,shake_lr,na,na,20260810_141717,True
3797728,0.0351,0.0234,0.9126,3797.728,500000,-0.07020000000000001,-0.0039000000000000007,0.025349999999999984,0.07473869479727353,shake_lr,na,na,20260810_141717,True
3800227,0.0312,0.0234,0.897,3800.227,500000,-0.0741,-0.0039000000000000007,0.009750000000000036,0.0748403801433424,shake_lr,na,na,20260810_141717,True
3802739,0.0351,0.0234,0.8931,3802.739,500000,-0.07020000000000001,-0.0039000000000000007,0.005850000000000022,0.07055120480898963,shake_lr,na,na,20260810_141717,True
3805229,0.039,0.0468,0.897,3805.229,500000,-0.0663,0.0195,0.009750000000000036,0.0697925676558758,shake_lr,na,na,20260810_141717,True
3807717,0.039,0.0429,0.9009,3807.717,500000,-0.0663,0.0156,0.013650000000000051,0.06946490120917183,shake_lr,na,na,20260810_141717,True
3810215,0.0429,0.0429,0.9009,3810.215,500000,-0.062400000000000004,0.0156,0.013650000000000051,0.06575288967034074,shake_lr,na,na,20260810_141717,True
3812725,0.039,0.039,0.9048,3812.725,500000,-0.0663,0.011699999999999999,0.017550000000000066,0.06957429482215398,shake_lr,na,na,20260810_141717,True
3815237,0.0351,0.039,0.9087,3815.237,500000,-0.07020000000000001,0.011699999999999999,0.02144999999999997,0.07433056235492908,shake_lr,na,na,20260810_141717,True
3817728,0.0312,0.039,0.9087,3817.728,500000,-0.0741,0.011699999999999999,0.02144999999999997,0.07802437119259596,shake_lr,na,na,20260810_141717,True
3820231,0.039,0.0351,0.9048,3820.231,500000,-0.0663,0.007799999999999998,0.017550000000000066,0.06902559307966866,shake_lr,na,na,20260810_141717,True
3822741,0.0312,0.0351,0.8931,3822.741,500000,-0.0741,0.007799999999999998,0.005850000000000022,0.07473869479727352,shake_lr,na,na,20260810_141717,True
3825241,0.0429,0.0312,0.9048,3825.241,500000,-0.062400000000000004,0.0038999999999999972,0.017550000000000066,0.0649382206408522,shake_lr,na,na,20260810_141717,True
3827730,0.0429,0.0273,0.9126,3827.73,500000,-0.062400000000000004,0.0,0.025349999999999984,0.06735267255276511,shake_lr,na,na,20260810_141717,True
3830227,0.0351,0.0351,0.9165,3830.227,500000,-0.07020000000000001,0.007799999999999998,0.029249999999999998,0.07644895355725938,shake_lr,na,na,20260810_141717,True
3832740,0.039,0.0273,0.9126,3832.74,500000,-0.0663,0.0,0.025349999999999984,0.07098107142048504,shake_lr,na,na,20260810_141717,True
3835232,0.0312,0.0273,0.9204,3835.232,500000,-0.0741,0.0,0.03315000000000001,0.08117716735634473,shake_lr,na,na,20260810_141717,True
3837721,0.0429,0.0273,0.9126,3837.721,500000,-0.062400000000000004,0.0,0.025349999999999984,0.06735267255276511,shake_lr,na,na,20260810_141717,True
3840220,0.039,0.0312,0.9204,3840.22,500000,-0.0663,0.0038999999999999972,0.03315000000000001,0.0742281786116297,shake_lr,na,na,20260810_141717,True
3842732,0.039,0.0351,0.9165,3842.732,500000,-0.0663,0.007799999999999998,0.029249999999999998,0.07288410320501995,shake_lr,na,na,20260810_141717,True
3845221,0.0468,0.0312,0.9087,3845.221,500000,-0.0585,0.0038999999999999972,0.02144999999999997,0.062430461314970265,shake_lr,na,na,20260810_141717,True
3847743,0.0468,0.0312,0.9087,3847.743,500000,-0.0585,0.0038999999999999972,0.02144999999999997,0.062430461314970265,shake_lr,na,na,20260810_141717,True
3850241,0.0468,0.0312,0.9165,3850.241,500000,-0.0585,0.0038999999999999972,0.029249999999999998,0.06552116070400463,shake_lr,na,na,20260810_141717,True
3852737,0.0429,0.039,0.9087,3852.737,500000,-0.062400000000000004,0.011699999999999999,0.02144999999999997,0.06701307708201436,shake_lr,na,na,20260810_141717,True
3855240,0.039,0.0312,0.9165,3855.24,500000,-0.0663,0.0038999999999999972,0.029249999999999998,0.07257039685712073,shake_lr,na,na,20260810_141717,True
3857729,0.039,0.0351,0.9009,3857.729,500000,-0.0663,0.007799999999999998,0.013650000000000051,0.068138480317659,shake_lr,na,na,20260810_141717,True
3860222,0.0429,0.0312,0.9048,3860.222,500000,-0.062400000000000004,0.0038999999999999972,0.017550000000000066,0.0649382206408522,shake_lr,na,na,20260810_141717,True
3862737,0.0351,0.0312,0.897,3862.737,500000,-0.07020000000000001,0.0038999999999999972,0.009750000000000036,0.07098107142048507,shake_lr,na,na,20260810_141717,True
3865228,0.039,0.0234,0.9048,3865.228,500000,-0.0663,-0.0039000000000000007,0.017550000000000066,0.06869426831985331,shake_lr,na,na,20260810_141717,True
3867716,0.0351,0.039,0.9165,3867.716,500000,-0.07020000000000001,0.011699999999999999,0.029249999999999998,0.07694473666210055,shake_lr,na,na,20260810_141717,True
3870221,0.039,0.0234,0.9165,3870.221,500000,-0.0663,-0.0039000000000000007,0.029249999999999998,0.07257039685712073,shake_lr,na,na,20260810_141717,True
3872734,0.0351,0.0273,0.9165,3872.734,500000,-0.07020000000000001,0.0,0.029249999999999998,0.07605,shake_lr,na,na,20260810_141717,True
3875243,0.039,0.0273,0.9009,3875.243,500000,-0.0663,0.0,0.013650000000000051,0.06769056433506816,shake_lr,na,na,20260810_141717,True
3877732,0.0312,0.0234,0.9126,3877.732,500000,-0.0741,-0.0039000000000000007,0.025349999999999984,0.07841328012524408,shake_lr,na,na,20260810_141717,True
3880229,0.0312,0.0312,0.9204,3880.229,500000,-0.0741,0.0038999999999999972,0.03315000000000001,0.08127079733828135,shake_lr,na,na,20260810_141717,True
3882739,0.039,0.0351,0.9087,3882.739,500000,-0.0663,0.007799999999999998,0.02144999999999997,0.07011870292582428,shake_lr,na,na,20260810_141717,True
3885234,0.0351,0.0234,0.9048,3885.234,500000,-0.07020000000000001,-0.0039000000000000007,0.017550000000000066,0.072465526286642,shake_lr,na,na,20260810_141717,True
3887727,0.0351,0.0273,0.9048,3887.727,500000,-0.07020000000000001,0.0,0.017550000000000066,0.07236050372958996,shake_lr,na,na,20260810_141717,True
3890225,0.0351,0.0351,0.9087,3890.225,500000,-0.07020000000000001,0.007799999999999998,0.02144999999999997,0.07381722359991603,shake_lr,na,na,20260810_141717,True
3892722,0.0273,0.0273,0.897,3892.722,500000,-0.078,0.0,0.009750000000000036,0.07860701304591086,shake_lr,na,na,20260810_141717,True
3895219,0.0273,0.0273,0.9087,3895.219,500000,-0.078,0.0,0.02144999999999997,0.080895627199497,shake_lr,na,na,20260810_141717,True
3897743,0.0351,0.0195,0.9165,3897.743,500000,-0.07020000000000001,-0.007800000000000001,0.029249999999999998,0.07644895355725938,shake_lr,na,na,20260810_141717,True
3900239,0.0351,0.0312,0.9165,3900.239,500000,-0.07020000000000001,0.0038999999999999972,0.029249999999999998,0.07614993434008989,shake_lr,na,na,20260810_141717,True
3902719,0.0273,0.0312,0.9048,3902.719,500000,-0.078,0.0038999999999999972,0.017550000000000066,0.0800450654319178,shake_lr,na,na,20260810_141717,True
3905237,0.0273,0.0312,0.9243,3905.237,500000,-0.078,0.0038999999999999972,0.03705000000000003,0.08644022501127586,shake_lr,na,na,20260810_141717,True
3907728,0.0312,0.0273,0.9048,3907.728,500000,-0.0741,0.0,0.017550000000000066,0.07614993434008989,shake_lr,na,na,20260810_141717,True
3910224,0.0312,0.0312,0.9087,3910.224,500000,-0.0741,0.0038999999999999972,0.02144999999999997,0.07724067904931958,shake_lr,na,na,20260810_141717,True
3912729,0.0273,0.0273,0.9087,3912.729,500000,-0.078,0.0,0.02144999999999997,0.080895627199497,shake_lr,na,na,20260810_141717,True
3915240,0.0273,0.0234,0.9009,3915.24,500000,-0.078,-0.0039000000000000007,0.013650000000000051,0.07928135026599889,shake_lr,na,na,20260810_141717,True
3917725,0.0312,0.0273,0.9048,3917.725,500000,-0.0741,0.0,0.017550000000000066,0.07614993434008989,shake_lr,na,na,20260810_141717,True
3920228,0.0351,0.0273,0.9048,3920.228,500000,-0.07020000000000001,0.0,0.017550000000000066,0.07236050372958996,shake_lr,na,na,20260810_141717,True
3922740,0.0312,0.0273,0.9087,3922.74,500000,-0.0741,0.0,0.02144999999999997,0.07714215773492467,shake_lr,na,na,20260810_141717,True
3925225,0.0273,0.039,0.9048,3925.225,500000,-0.078,0.011699999999999999,0.017550000000000066,0.08080156248489259,shake_lr,na,na,20260810_141717,True
3927716,0.0312,0.039,0.9087,3927.716,500000,-0.0741,0.011699999999999999,0.02144999999999997,0.07802437119259596,shake_lr,na,na,20260810_141717,True
3930243,0.0312,0.0312,0.9048,3930.243,500000,-0.0741,0.0038999999999999972,0.017550000000000066,0.0762497377044669,shake_lr,na,na,20260810_141717,True
3932722,0.0312,0.0312,0.9126,3932.722,500000,-0.0741,0.0038999999999999972,0.025349999999999984,0.07841328012524408,shake_lr,na,na,20260810_141717,True
3935239,0.0351,0.0273,0.9087,3935.239,500000,-0.07020000000000001,0.0,0.02144999999999997,0.07340396787640298,shake_lr,na,na,20260810_141717,True
3937727,0.0195,0.039,0.9165,3937.727,500000,-0.0858,0.011699999999999999,0.029249999999999998,0.09140072483301213,shake_lr,na,na,20260810_141717,True
3940223,0.0312,0.0273,0.9048,3940.223,500000,-0.0741,0.0,0.017550000000000066,0.07614993434008989,shake_lr,na,na,20260810_141717,True
3942734,0.0312,0.0273,0.9126,3942.734,500000,-0.0741,0.0,0.025349999999999984,0.07831623394929048,shake_lr,na,na,20260810_141717,True
3945225,0.0312,0.0312,0.9165,3945.225,500000,-0.0741,0.0038999999999999972,0.029249999999999998,0.07975952921124847,shake_lr,na,na,20260810_141717,True
3947742,0.0312,0.0351,0.9126,3947.742,500000,-0.0741,0.007799999999999998,0.025349999999999984,0.0787037006753812,shake_lr,na,na,20260810_141717,True
3950240,0.0351,0.0195,0.9165,3950.24,500000,-0.07020000000000001,-0.007800000000000001,0.029249999999999998,0.07644895355725938,shake_lr,na,na,20260810_141717,True
3952818,0.0351,0.0273,0.9165,3952.818,500000,-0.07020000000000001,0.0,0.029249999999999998,0.07605,shake_lr,na,na,20260810_141717,True
3955237,0.0351,0.0273,0.9165,3955.237,500000,-0.07020000000000001,0.0,0.029249999999999998,0.07605,shake_lr,na,na,20260810_141717,True
3957741,0.0312,0.0234,0.9204,3957.741,500000,-0.0741,-0.0039000000000000007,0.03315000000000001,0.08127079733828135,shake_lr,na,na,20260810_141717,True
3960242,0.0351,0.0273,0.9126,3960.242,500000,-0.07020000000000001,0.0,0.025349999999999984,0.07463687091511809,shake_lr,na,na,20260810_141717,True
3962741,0.0312,0.0312,0.9126,3962.741,500000,-0.0741,0.0038999999999999972,0.025349999999999984,0.07841328012524408,shake_lr,na,na,20260810_141717,True
3965235,0.0273,0.039,0.9087,3965.235,500000,-0.078,0.011699999999999999,0.02144999999999997,0.08173733846902527,shake_lr,na,na,20260810_141717,True
3967730,0.0351,0.0312,0.9243,3967.73,500000,-0.07020000000000001,0.0038999999999999972,0.03705000000000003,0.07947296710202786,shake_lr,na,na,20260810_141717,True
3970235,0.039,0.039,0.9048,3970.235,500000,-0.0663,0.011699999999999999,0.017550000000000066,0.06957429482215398,shake_lr,na,na,20260810_141717,True
3972715,0.039,0.0429,0.9126,3972.715,500000,-0.0663,0.0156,0.025349999999999984,0.07267511609897846,shake_lr,na,na,20260810_141717,True
3975223,0.0351,0.0312,0.897,3975.223,500000,-0.07020000000000001,0.0038999999999999972,0.009750000000000036,0.07098107142048507,shake_lr,na,na,20260810_141717,True
3977715,0.0273,0.0312,0.9048,3977.715,500000,-0.078,0.0038999999999999972,0.017550000000000066,0.0800450654319178,shake_lr,na,na,20260810_141717,True
3980241,0.0351,0.0312,0.9165,3980.241,500000,-0.07020000000000001,0.0038999999999999972,0.029249999999999998,0.07614993434008989,shake_lr,na,na,20260810_141717,True
3982722,0.0351,0.0312,0.9204,3982.722,500000,-0.07020000000000001,0.0038999999999999972,0.03315000000000001,0.07773141256917954,shake_lr,na,na,20260810_141717,True
3985217,0.0312,0.0273,0.9048,3985.217,500000,-0.0741,0.0,0.017550000000000066,0.07614993434008989,shake_lr,na,na,20260810_141717,True
3987740,0.0351,0.0312,0.9204,3987.74,500000,-0.07020000000000001,0.0038999999999999972,0.03315000000000001,0.07773141256917954,shake_lr,na,na,20260810_141717,True
3990238,0.0351,0.0234,0.9087,3990.238,500000,-0.07020000000000001,-0.0039000000000000007,0.02144999999999997,0.07350749961738598,shake_lr,na,na,20260810_141717,True
3992717,0.0312,0.0234,0.9126,3992.717,500000,-0.0741,-0.0039000000000000007,0.025349999999999984,0.07841328012524408,shake_lr,na,na,20260810_141717,True
3995239,0.0312,0.0273,0.9048,3995.239,500000,-0.0741,0.0,0.017550000000000066,0.07614993434008989,shake_lr,na,na,20260810_141717,True
3997728,0.0273,0.0312,0.9126,3997.728,500000,-0.078,0.0038999999999999972,0.025349999999999984,0.08210866275856646,shake_lr,na,na,20260810_141717,True
4000224,0.039,0.0273,0.9087,4000.224,500000,-0.0663,0.0,0.02144999999999997,0.06968351670230198,shake_lr,na,na,20260810_141717,True
4002736,0.039,0.0312,0.9126,4002.736,500000,-0.0663,0.0038999999999999972,0.025349999999999984,0.07108813192087692,shake_lr,na,na,20260810_141717,True
4005225,0.0429,0.0234,0.9126,4005.225,500000,-0.062400000000000004,-0.0039000000000000007,0.025349999999999984,0.06746549117882415,shake_lr,na,na,20260810_141717,True
4007743,0.0351,0.0351,0.9048,4007.743,500000,-0.07020000000000001,0.007799999999999998,0.017550000000000066,0.07277968466543397,shake_lr,na,na,20260810_141717,True
