time_us,x_g,y_g,z_g,time_ms,cue_time_us,x_delta_g,y_delta_g,z_delta_g,dynamic_magnitude_g,label,requested_pace,requested_force,session_id,operator_accepted
20886,0.0117,0.0273,0.9009,20.886,500000,-0.003899999999999999,0.0039000000000000007,-0.011699999999999933,0.012934836682385998,tap1,natural,light,20260810_141717,True
21334,0.0117,0.0273,0.9009,21.334,500000,-0.003899999999999999,0.0039000000000000007,-0.011699999999999933,0.012934836682385998,tap1,natural,light,20260810_141717,True
21740,0.0117,0.0273,0.9009,21.74,500000,-0.003899999999999999,0.0039000000000000007,-0.011699999999999933,0.012934836682385998,tap1,natural,light,20260810_141717,True
22138,0.0117,0.0273,0.9009,22.138,500000,-0.003899999999999999,0.0039000000000000007,-0.011699999999999933,0.012934836682385998,tap1,natural,light,20260810_141717,True
22537,0.0234,0.0195,0.8931,22.537,500000,0.007800000000000001,-0.0039000000000000007,-0.019499999999999962,0.021361179742701446,tap1,natural,light,20260810_141717,True
22950,0.0234,0.0195,0.8931,22.95,500000,0.007800000000000001,-0.0039000000000000007,-0.019499999999999962,0.021361179742701446,tap1,natural,light,20260810_141717,True
23349,0.0234,0.0195,0.8931,23.349,500000,0.007800000000000001,-0.0039000000000000007,-0.019499999999999962,0.021361179742701446,tap1,natural,light,20260810_141717,True
23757,0.0234,0.0195,0.8931,23.757,500000,0.007800000000000001,-0.0039000000000000007,-0.019499999999999962,0.021361179742701446,tap1,natural,light,20260810_141717,True
24157,0.0234,0.0195,0.8931,24.157,500000,0.007800000000000001,-0.0039000000000000007,-0.019499999999999962,0.021361179742701446,tap1,natural,light,20260810_141717,True
24556,0.0234,0.0195,0.8931,24.556,500000,0.007800000000000001,-0.0039000000000000007,-0.019499999999999962,0.021361179742701446,tap1,natural,light,20260810_141717,True
25000,0.0156,0.0156,0.9087,25.0,500000,0.0,-0.007800000000000001,-0.0039000000000000146,0.008720665112249188,tap1,natural,light,20260810_141717,True
27530,0.0234,0.0156,0.9126,27.53,500000,0.007800000000000001,-0.007800000000000001,0.0,0.011030865786510143,tap1,natural,light,20260810_141717,True
30014,0.0234,0.0156,0.9126,30.014,500000,0.007800000000000001,-0.007800000000000001,0.0,0.011030865786510143,tap1,natural,light,20260810_141717,True
32519,0.0195,0.0273,0.9165,32.519,500000,0.0039000000000000007,0.0039000000000000007,0.0039000000000000146,0.006754998149518631,tap1,natural,light,20260810_141717,True
35022,0.0195,0.0234,0.9165,35.022,500000,0.0039000000000000007,0.0,0.0039000000000000146,0.005515432893255082,tap1,natural,light,20260810_141717,True
37520,0.0195,0.0234,0.9165,37.52,500000,0.0039000000000000007,0.0,0.0039000000000000146,0.005515432893255082,tap1,natural,light,20260810_141717,True
40009,0.0117,0.0351,0.9165,40.009,500000,-0.003899999999999999,0.011699999999999999,0.0039000000000000146,0.012934836682386062,tap1,natural,light,20260810_141717,True
42512,0.0117,0.0273,0.9165,42.512,500000,-0.003899999999999999,0.0039000000000000007,0.0039000000000000146,0.00675499814951863,tap1,natural,light,20260810_141717,True
45013,0.0195,0.0234,0.9165,45.013,500000,0.0039000000000000007,0.0,0.0039000000000000146,0.005515432893255082,tap1,natural,light,20260810_141717,True
47516,0.0195,0.0234,0.9204,47.516,500000,0.0039000000000000007,0.0,0.007800000000000029,0.008720665112249207,tap1,natural,light,20260810_141717,True
50024,0.0156,0.0195,0.9165,50.024,500000,0.0,-0.0039000000000000007,0.0039000000000000146,0.005515432893255082,tap1,natural,light,20260810_141717,True
52526,0.0195,0.0273,0.9126,52.526,500000,0.0039000000000000007,0.0039000000000000007,0.0,0.005515432893255071,tap1,natural,light,20260810_141717,True
55006,0.0156,0.0195,0.9204,55.006,500000,0.0,-0.0039000000000000007,0.007800000000000029,0.008720665112249207,tap1,natural,light,20260810_141717,True
57504,0.0117,0.0195,0.9087,57.504,500000,-0.003899999999999999,-0.0039000000000000007,-0.0039000000000000146,0.00675499814951863,tap1,natural,light,20260810_141717,True
60016,0.0156,0.0234,0.9087,60.016,500000,0.0,0.0,-0.0039000000000000146,0.0039000000000000146,tap1,natural,light,20260810_141717,True
62513,0.0234,0.0195,0.9048,62.513,500000,0.007800000000000001,-0.0039000000000000007,-0.007799999999999918,0.011699999999999947,tap1,natural,light,20260810_141717,True
65001,0.0156,0.0234,0.9204,65.001,500000,0.0,0.0,0.007800000000000029,0.007800000000000029,tap1,natural,light,20260810_141717,True
67530,0.0078,0.0156,0.9048,67.53,500000,-0.0078,-0.007800000000000001,-0.007799999999999918,0.013509996299037196,tap1,natural,light,20260810_141717,True
70016,0.0156,0.0195,0.9087,70.016,500000,0.0,-0.0039000000000000007,-0.0039000000000000146,0.005515432893255082,tap1,natural,light,20260810_141717,True
72521,0.0234,0.0234,0.9087,72.521,500000,0.007800000000000001,0.0,-0.0039000000000000146,0.008720665112249188,tap1,natural,light,20260810_141717,True
75025,0.0195,0.0195,0.9126,75.025,500000,0.0039000000000000007,-0.0039000000000000007,0.0,0.005515432893255071,tap1,natural,light,20260810_141717,True
77524,0.0117,0.0312,0.9126,77.524,500000,-0.003899999999999999,0.007799999999999998,0.0,0.008720665112249178,tap1,natural,light,20260810_141717,True
80006,0.0156,0.0273,0.9048,80.006,500000,0.0,0.0039000000000000007,-0.007799999999999918,0.008720665112249107,tap1,natural,light,20260810_141717,True
82512,0.0156,0.0234,0.9165,82.512,500000,0.0,0.0,0.0039000000000000146,0.0039000000000000146,tap1,natural,light,20260810_141717,True
85017,0.0195,0.0234,0.9048,85.017,500000,0.0039000000000000007,0.0,-0.007799999999999918,0.008720665112249107,tap1,natural,light,20260810_141717,True
87502,0.0156,0.0195,0.9204,87.502,500000,0.0,-0.0039000000000000007,0.007800000000000029,0.008720665112249207,tap1,natural,light,20260810_141717,True
90013,0.0156,0.0273,0.9087,90.013,500000,0.0,0.0039000000000000007,-0.0039000000000000146,0.005515432893255082,tap1,natural,light,20260810_141717,True
92519,0.0195,0.0195,0.9126,92.519,500000,0.0039000000000000007,-0.0039000000000000007,0.0,0.005515432893255071,tap1,natural,light,20260810_141717,True
95020,0.0234,0.0156,0.9048,95.02,500000,0.007800000000000001,-0.007800000000000001,-0.007799999999999918,0.013509996299037198,tap1,natural,light,20260810_141717,True
97518,0.0117,0.0273,0.9009,97.518,500000,-0.003899999999999999,0.0039000000000000007,-0.011699999999999933,0.012934836682385998,tap1,natural,light,20260810_141717,True
100002,0.0078,0.0234,0.9087,100.002,500000,-0.0078,0.0,-0.0039000000000000146,0.008720665112249186,tap1,natural,light,20260810_141717,True
102518,0.0195,0.0273,0.9087,102.518,500000,0.0039000000000000007,0.0039000000000000007,-0.0039000000000000146,0.006754998149518631,tap1,natural,light,20260810_141717,True
105023,0.0195,0.0195,0.9087,105.023,500000,0.0039000000000000007,-0.0039000000000000007,-0.0039000000000000146,0.006754998149518631,tap1,natural,light,20260810_141717,True
107520,0.0195,0.0195,0.9009,107.52,500000,0.0039000000000000007,-0.0039000000000000007,-0.011699999999999933,0.012934836682385998,tap1,natural,light,20260810_141717,True
110022,0.0117,0.0156,0.9087,110.022,500000,-0.003899999999999999,-0.007800000000000001,-0.0039000000000000146,0.0095530099968544,tap1,natural,light,20260810_141717,True
112516,0.0195,0.0195,0.9126,112.516,500000,0.0039000000000000007,-0.0039000000000000007,0.0,0.005515432893255071,tap1,natural,light,20260810_141717,True
115028,0.0156,0.0156,0.9087,115.028,500000,0.0,-0.007800000000000001,-0.0039000000000000146,0.008720665112249188,tap1,natural,light,20260810_141717,True
117525,0.0156,0.0273,0.9048,117.525,500000,0.0,0.0039000000000000007,-0.007799999999999918,0.008720665112249107,tap1,natural,light,20260810_141717,True
120022,0.0078,0.0351,0.9126,120.022,500000,-0.0078,0.011699999999999999,0.0,0.014061649974309557,tap1,natural,light,20260810_141717,True
122529,0.0117,0.0234,0.9087,122.529,500000,-0.003899999999999999,0.0,-0.0039000000000000146,0.00551543289325508,tap1,natural,light,20260810_141717,True
125007,0.0195,0.0273,0.9165,125.007,500000,0.0039000000000000007,0.0039000000000000007,0.0039000000000000146,0.006754998149518631,tap1,natural,light,20260810_141717,True
127506,0.0117,0.0234,0.9087,127.506,500000,-0.003899999999999999,0.0,-0.0039000000000000146,0.00551543289325508,tap1,natural,light,20260810_141717,True
130001,0.0117,0.0234,0.9009,130.001,500000,-0.003899999999999999,0.0,-0.011699999999999933,0.012332882874656614,tap1,natural,light,20260810_141717,True
132507,0.0117,0.0234,0.9126,132.507,500000,-0.003899999999999999,0.0,0.0,0.003899999999999999,tap1,natural,light,20260810_141717,True
135011,0.0117,0.0234,0.9126,135.011,500000,-0.003899999999999999,0.0,0.0,0.003899999999999999,tap1,natural,light,20260810_141717,True
137507,0.0156,0.0195,0.9126,137.507,500000,0.0,-0.0039000000000000007,0.0,0.0039000000000000007,tap1,natural,light,20260810_141717,True
140007,0.0195,0.0195,0.9048,140.007,500000,0.0039000000000000007,-0.0039000000000000007,-0.007799999999999918,0.009553009996854328,tap1,natural,light,20260810_141717,True
142515,0.0195,0.0234,0.9126,142.515,500000,0.0039000000000000007,0.0,0.0,0.0039000000000000007,tap1,natural,light,20260810_141717,True
145018,0.0117,0.0234,0.9165,145.018,500000,-0.003899999999999999,0.0,0.0039000000000000146,0.00551543289325508,tap1,natural,light,20260810_141717,True
147518,0.0195,0.0195,0.9204,147.518,500000,0.0039000000000000007,-0.0039000000000000007,0.007800000000000029,0.00955300999685442,tap1,natural,light,20260810_141717,True
150012,0.0195,0.0195,0.9126,150.012,500000,0.0039000000000000007,-0.0039000000000000007,0.0,0.005515432893255071,tap1,natural,light,20260810_141717,True
152504,0.0156,0.0234,0.9087,152.504,500000,0.0,0.0,-0.0039000000000000146,0.0039000000000000146,tap1,natural,light,20260810_141717,True
155012,0.0117,0.0234,0.9204,155.012,500000,-0.003899999999999999,0.0,0.007800000000000029,0.008720665112249205,tap1,natural,light,20260810_141717,True
157511,0.0117,0.0312,0.9048,157.511,500000,-0.003899999999999999,0.007799999999999998,-0.007799999999999918,0.011699999999999943,tap1,natural,light,20260810_141717,True
160007,0.0195,0.0234,0.9126,160.007,500000,0.0039000000000000007,0.0,0.0,0.0039000000000000007,tap1,natural,light,20260810_141717,True
162514,0.0195,0.0234,0.9126,162.514,500000,0.0039000000000000007,0.0,0.0,0.0039000000000000007,tap1,natural,light,20260810_141717,True
165018,0.0195,0.0156,0.9204,165.018,500000,0.0039000000000000007,-0.007800000000000001,0.007800000000000029,0.011700000000000021,tap1,natural,light,20260810_141717,True
167517,0.0156,0.0234,0.9126,167.517,500000,0.0,0.0,0.0,0.0,tap1,natural,light,20260810_141717,True
170014,0.0156,0.0156,0.9048,170.014,500000,0.0,-0.007800000000000001,-0.007799999999999918,0.011030865786510084,tap1,natural,light,20260810_141717,True
172520,0.0195,0.0156,0.9126,172.52,500000,0.0039000000000000007,-0.007800000000000001,0.0,0.008720665112249181,tap1,natural,light,20260810_141717,True
175022,0.0117,0.0234,0.9165,175.022,500000,-0.003899999999999999,0.0,0.0039000000000000146,0.00551543289325508,tap1,natural,light,20260810_141717,True
177519,0.0156,0.0273,0.9087,177.519,500000,0.0,0.0039000000000000007,-0.0039000000000000146,0.005515432893255082,tap1,natural,light,20260810_141717,True
180006,0.0156,0.0234,0.9087,180.006,500000,0.0,0.0,-0.0039000000000000146,0.0039000000000000146,tap1,natural,light,20260810_141717,True
182513,0.0117,0.0195,0.9165,182.513,500000,-0.003899999999999999,-0.0039000000000000007,0.0039000000000000146,0.00675499814951863,tap1,natural,light,20260810_141717,True
185016,0.0117,0.0234,0.9165,185.016,500000,-0.003899999999999999,0.0,0.0039000000000000146,0.00551543289325508,tap1,natural,light,20260810_141717,True
187514,0.0156,0.0234,0.9204,187.514,500000,0.0,0.0,0.007800000000000029,0.007800000000000029,tap1,natural,light,20260810_141717,True
190013,0.0195,0.0195,0.9048,190.013,500000,0.0039000000000000007,-0.0039000000000000007,-0.007799999999999918,0.009553009996854328,tap1,natural,light,20260810_141717,True
192515,0.0156,0.0195,0.9126,192.515,500000,0.0,-0.0039000000000000007,0.0,0.0039000000000000007,tap1,natural,light,20260810_141717,True
195017,0.0156,0.0156,0.9204,195.017,500000,0.0,-0.007800000000000001,0.007800000000000029,0.011030865786510163,tap1,natural,light,20260810_141717,True
197517,0.0156,0.0156,0.9126,197.517,500000,0.0,-0.007800000000000001,0.0,0.007800000000000001,tap1,natural,light,20260810_141717,True
200013,0.0117,0.0234,0.9204,200.013,500000,-0.003899999999999999,0.0,0.007800000000000029,0.008720665112249205,tap1,natural,light,20260810_141717,True
202529,0.0156,0.0195,0.9087,202.529,500000,0.0,-0.0039000000000000007,-0.0039000000000000146,0.005515432893255082,tap1,natural,light,20260810_141717,True
205009,0.0156,0.0273,0.9126,205.009,500000,0.0,0.0039000000000000007,0.0,0.0039000000000000007,tap1,natural,light,20260810_141717,True
207505,0.0156,0.0234,0.9009,207.505,500000,0.0,0.0,-0.011699999999999933,0.011699999999999933,tap1,natural,light,20260810_141717,True
210015,0.0195,0.0195,0.9048,210.015,500000,0.0039000000000000007,-0.0039000000000000007,-0.007799999999999918,0.009553009996854328,tap1,natural,light,20260810_141717,True
212524,0.0156,0.0156,0.9048,212.524,500000,0.0,-0.007800000000000001,-0.007799999999999918,0.011030865786510084,tap1,natural,light,20260810_141717,True
215024,0.0078,0.0273,0.9087,215.024,500000,-0.0078,0.0039000000000000007,-0.0039000000000000146,0.0095530099968544,tap1,natural,light,20260810_141717,True
217504,0.0117,0.0195,0.9126,217.504,500000,-0.003899999999999999,-0.0039000000000000007,0.0,0.00551543289325507,tap1,natural,light,20260810_141717,True
220024,0.0078,0.0234,0.9126,220.024,500000,-0.0078,0.0,0.0,0.0078,tap1,natural,light,20260810_141717,True
222526,0.0195,0.0195,0.9165,222.526,500000,0.0039000000000000007,-0.0039000000000000007,0.0039000000000000146,0.006754998149518631,tap1,natural,light,20260810_141717,True
225029,0.0195,0.0156,0.9126,225.029,500000,0.0039000000000000007,-0.007800000000000001,0.0,0.008720665112249181,tap1,natural,light,20260810_141717,True
227530,0.0117,0.0273,0.9126,227.53,500000,-0.003899999999999999,0.0039000000000000007,0.0,0.00551543289325507,tap1,natural,light,20260810_141717,True
230026,0.0156,0.0156,0.9126,230.026,500000,0.0,-0.007800000000000001,0.0,0.007800000000000001,tap1,natural,light,20260810_141717,True
232504,0.0156,0.0195,0.9126,232.504,500000,0.0,-0.0039000000000000007,0.0,0.0039000000000000007,tap1,natural,light,20260810_141717,True
235010,0.0195,0.0234,0.9165,235.01,500000,0.0039000000000000007,0.0,0.0039000000000000146,0.005515432893255082,tap1,natural,light,20260810_141717,True
237508,0.0156,0.0234,0.9048,237.508,500000,0.0,0.0,-0.007799999999999918,0.007799999999999918,tap1,natural,light,20260810_141717,True
240007,0.0195,0.0117,0.9087,240.007,500000,0.0039000000000000007,-0.0117,-0.0039000000000000146,0.012934836682386064,tap1,natural,light,20260810_141717,True
242508,0.0195,0.0117,0.9087,242.508,500000,0.0039000000000000007,-0.0117,-0.0039000000000000146,0.012934836682386064,tap1,natural,light,20260810_141717,True
245011,0.0117,0.0273,0.9087,245.011,500000,-0.003899999999999999,0.0039000000000000007,-0.0039000000000000146,0.00675499814951863,tap1,natural,light,20260810_141717,True
247510,0.0195,0.0234,0.9048,247.51,500000,0.0039000000000000007,0.0,-0.007799999999999918,0.008720665112249107,tap1,natural,light,20260810_141717,True
250003,0.0156,0.0234,0.9204,250.003,500000,0.0,0.0,0.007800000000000029,0.007800000000000029,tap1,natural,light,20260810_141717,True
252526,0.0117,0.0234,0.9165,252.526,500000,-0.003899999999999999,0.0,0.0039000000000000146,0.00551543289325508,tap1,natural,light,20260810_141717,True
255012,0.0117,0.0234,0.9165,255.012,500000,-0.003899999999999999,0.0,0.0039000000000000146,0.00551543289325508,tap1,natural,light,20260810_141717,True
257510,0.0117,0.0195,0.9087,257.51,500000,-0.003899999999999999,-0.0039000000000000007,-0.0039000000000000146,0.00675499814951863,tap1,natural,light,20260810_141717,True
260002,0.0156,0.0312,0.9048,260.002,500000,0.0,0.007799999999999998,-0.007799999999999918,0.011030865786510082,tap1,natural,light,20260810_141717,True
262510,0.0195,0.0312,0.9165,262.51,500000,0.0039000000000000007,0.007799999999999998,0.0039000000000000146,0.0095530099968544,tap1,natural,light,20260810_141717,True
265013,0.0117,0.0273,0.9087,265.013,500000,-0.003899999999999999,0.0039000000000000007,-0.0039000000000000146,0.00675499814951863,tap1,natural,light,20260810_141717,True
267512,0.0234,0.0234,0.897,267.512,500000,0.007800000000000001,0.0,-0.015599999999999947,0.017441330224498314,tap1,natural,light,20260810_141717,True
270013,0.0117,0.0234,0.9009,270.013,500000,-0.003899999999999999,0.0,-0.011699999999999933,0.012332882874656614,tap1,natural,light,20260810_141717,True
272514,0.0156,0.0234,0.9048,272.514,500000,0.0,0.0,-0.007799999999999918,0.007799999999999918,tap1,natural,light,20260810_141717,True
275018,0.0234,0.0195,0.9087,275.018,500000,0.007800000000000001,-0.0039000000000000007,-0.0039000000000000146,0.009553009996854402,tap1,natural,light,20260810_141717,True
277517,0.0234,0.0273,0.9165,277.517,500000,0.007800000000000001,0.0039000000000000007,0.0039000000000000146,0.009553009996854402,tap1,natural,light,20260810_141717,True
280003,0.0195,0.0273,0.9048,280.003,500000,0.0039000000000000007,0.0039000000000000007,-0.007799999999999918,0.009553009996854328,tap1,natural,light,20260810_141717,True
282507,0.0156,0.0234,0.9243,282.507,500000,0.0,0.0,0.011700000000000044,0.011700000000000044,tap1,natural,light,20260810_141717,True
285029,0.0117,0.0195,0.9087,285.029,500000,-0.003899999999999999,-0.0039000000000000007,-0.0039000000000000146,0.00675499814951863,tap1,natural,light,20260810_141717,True
287530,0.0195,0.0234,0.9048,287.53,500000,0.0039000000000000007,0.0,-0.007799999999999918,0.008720665112249107,tap1,natural,light,20260810_141717,True
290002,0.0195,0.0273,0.9087,290.002,500000,0.0039000000000000007,0.0039000000000000007,-0.0039000000000000146,0.006754998149518631,tap1,natural,light,20260810_141717,True
292508,0.0156,0.0273,0.9087,292.508,500000,0.0,0.0039000000000000007,-0.0039000000000000146,0.005515432893255082,tap1,natural,light,20260810_141717,True
295011,0.0234,0.0195,0.9243,295.011,500000,0.007800000000000001,-0.0039000000000000007,0.011700000000000044,0.014592463808418409,tap1,natural,light,20260810_141717,True
297510,0.0195,0.0195,0.9126,297.51,500000,0.0039000000000000007,-0.0039000000000000007,0.0,0.005515432893255071,tap1,natural,light,20260810_141717,True
300008,0.0156,0.0156,0.9087,300.008,500000,0.0,-0.007800000000000001,-0.0039000000000000146,0.008720665112249188,tap1,natural,light,20260810_141717,True
302525,0.0195,0.0156,0.9126,302.525,500000,0.0039000000000000007,-0.007800000000000001,0.0,0.008720665112249181,tap1,natural,light,20260810_141717,True
305029,0.0195,0.0234,0.9126,305.029,500000,0.0039000000000000007,0.0,0.0,0.0039000000000000007,tap1,natural,light,20260810_141717,True
307527,0.0156,0.0195,0.9126,307.527,500000,0.0,-0.0039000000000000007,0.0,0.0039000000000000007,tap1,natural,light,20260810_141717,True
310010,0.0156,0.0195,0.9087,310.01,500000,0.0,-0.0039000000000000007,-0.0039000000000000146,0.005515432893255082,tap1,natural,light,20260810_141717,True
312510,0.0156,0.0234,0.9126,312.51,500000,0.0,0.0,0.0,0.0,tap1,natural,light,20260810_141717,True
315024,0.0156,0.0156,0.9165,315.024,500000,0.0,-0.007800000000000001,0.0039000000000000146,0.008720665112249188,tap1,natural,light,20260810_141717,True
317520,0.0156,0.0195,0.9087,317.52,500000,0.0,-0.0039000000000000007,-0.0039000000000000146,0.005515432893255082,tap1,natural,light,20260810_141717,True
320018,0.0156,0.0234,0.9087,320.018,500000,0.0,0.0,-0.0039000000000000146,0.0039000000000000146,tap1,natural,light,20260810_141717,True
322526,0.0156,0.0156,0.9087,322.526,500000,0.0,-0.007800000000000001,-0.0039000000000000146,0.008720665112249188,tap1,natural,light,20260810_141717,True
325000,0.0156,0.0195,0.9009,325.0,500000,0.0,-0.0039000000000000007,-0.011699999999999933,0.012332882874656616,tap1,natural,light,20260810_141717,True
327500,0.0195,0.0234,0.9165,327.5,500000,0.0039000000000000007,0.0,0.0039000000000000146,0.005515432893255082,tap1,natural,light,20260810_141717,True
330001,0.0156,0.0234,0.9126,330.001,500000,0.0,0.0,0.0,0.0,tap1,natural,light,20260810_141717,True
332507,0.0156,0.0156,0.9126,332.507,500000,0.0,-0.007800000000000001,0.0,0.007800000000000001,tap1,natural,light,20260810_141717,True
335012,0.0117,0.0234,0.9048,335.012,500000,-0.003899999999999999,0.0,-0.007799999999999918,0.008720665112249105,tap1,natural,light,20260810_141717,True
337510,0.0078,0.0234,0.9087,337.51,500000,-0.0078,0.0,-0.0039000000000000146,0.008720665112249186,tap1,natural,light,20260810_141717,True
340000,0.0195,0.0273,0.9009,340.0,500000,0.0039000000000000007,0.0039000000000000007,-0.011699999999999933,0.012934836682385998,tap1,natural,light,20260810_141717,True
342507,0.0156,0.0234,0.9165,342.507,500000,0.0,0.0,0.0039000000000000146,0.0039000000000000146,tap1,natural,light,20260810_141717,True
345011,0.0195,0.0156,0.9087,345.011,500000,0.0039000000000000007,-0.007800000000000001,-0.0039000000000000146,0.009553009996854402,tap1,natural,light,20260810_141717,True
347511,0.0156,0.0195,0.9048,347.511,500000,0.0,-0.0039000000000000007,-0.007799999999999918,0.008720665112249107,tap1,natural,light,20260810_141717,True
350015,0.0156,0.0195,0.9048,350.015,500000,0.0,-0.0039000000000000007,-0.007799999999999918,0.008720665112249107,tap1,natural,light,20260810_141717,True
352523,0.0156,0.0234,0.9165,352.523,500000,0.0,0.0,0.0039000000000000146,0.0039000000000000146,tap1,natural,light,20260810_141717,True
355005,0.0195,0.0195,0.9126,355.005,500000,0.0039000000000000007,-0.0039000000000000007,0.0,0.005515432893255071,tap1,natural,light,20260810_141717,True
357510,0.0156,0.0117,0.9165,357.51,500000,0.0,-0.0117,0.0039000000000000146,0.012332882874656684,tap1,natural,light,20260810_141717,True
360014,0.0195,0.0195,0.9165,360.014,500000,0.0039000000000000007,-0.0039000000000000007,0.0039000000000000146,0.006754998149518631,tap1,natural,light,20260810_141717,True
362519,0.0156,0.0273,0.9126,362.519,500000,0.0,0.0039000000000000007,0.0,0.0039000000000000007,tap1,natural,light,20260810_141717,True
365022,0.0156,0.0195,0.9204,365.022,500000,0.0,-0.0039000000000000007,0.007800000000000029,0.008720665112249207,tap1,natural,light,20260810_141717,True
367519,0.0117,0.0195,0.9087,367.519,500000,-0.003899999999999999,-0.0039000000000000007,-0.0039000000000000146,0.00675499814951863,tap1,natural,light,20260810_141717,True
370015,0.0117,0.0234,0.9048,370.015,500000,-0.003899999999999999,0.0,-0.007799999999999918,0.008720665112249105,tap1,natural,light,20260810_141717,True
372515,0.0234,0.0156,0.9087,372.515,500000,0.007800000000000001,-0.007800000000000001,-0.0039000000000000146,0.011700000000000007,tap1,natural,light,20260810_141717,True
375019,0.0156,0.0195,0.9126,375.019,500000,0.0,-0.0039000000000000007,0.0,0.0039000000000000007,tap1,natural,light,20260810_141717,True
377517,0.0156,0.0234,0.9126,377.517,500000,0.0,0.0,0.0,0.0,tap1,natural,light,20260810_141717,True
380007,0.0195,0.0195,0.9009,380.007,500000,0.0039000000000000007,-0.0039000000000000007,-0.011699999999999933,0.012934836682385998,tap1,natural,light,20260810_141717,True
382511,0.0195,0.0195,0.9126,382.511,500000,0.0039000000000000007,-0.0039000000000000007,0.0,0.005515432893255071,tap1,natural,light,20260810_141717,True
385015,0.0117,0.0312,0.9165,385.015,500000,-0.003899999999999999,0.007799999999999998,0.0039000000000000146,0.009553009996854399,tap1,natural,light,20260810_141717,True
387512,0.0156,0.0195,0.9243,387.512,500000,0.0,-0.0039000000000000007,0.011700000000000044,0.012332882874656722,tap1,natural,light,20260810_141717,True
390003,0.0117,0.0234,0.9048,390.003,500000,-0.003899999999999999,0.0,-0.007799999999999918,0.008720665112249105,tap1,natural,light,20260810_141717,True
392507,0.0156,0.0156,0.9126,392.507,500000,0.0,-0.007800000000000001,0.0,0.007800000000000001,tap1,natural,light,20260810_141717,True
395007,0.0156,0.0195,0.9243,395.007,500000,0.0,-0.0039000000000000007,0.011700000000000044,0.012332882874656722,tap1,natural,light,20260810_141717,True
397506,0.0156,0.0195,0.9165,397.506,500000,0.0,-0.0039000000000000007,0.0039000000000000146,0.005515432893255082,tap1,natural,light,20260810_141717,True
400011,0.0234,0.0273,0.9009,400.011,500000,0.007800000000000001,0.0039000000000000007,-0.011699999999999933,0.014592463808418318,tap1,natural,light,20260810_141717,True
402525,0.0234,0.0195,0.9087,402.525,500000,0.007800000000000001,-0.0039000000000000007,-0.0039000000000000146,0.009553009996854402,tap1,natural,light,20260810_141717,True
405029,0.0117,0.0195,0.9087,405.029,500000,-0.003899999999999999,-0.0039000000000000007,-0.0039000000000000146,0.00675499814951863,tap1,natural,light,20260810_141717,True
407527,0.0156,0.0195,0.9204,407.527,500000,0.0,-0.0039000000000000007,0.007800000000000029,0.008720665112249207,tap1,natural,light,20260810_141717,True
410013,0.0156,0.0195,0.9087,410.013,500000,0.0,-0.0039000000000000007,-0.0039000000000000146,0.005515432893255082,tap1,natural,light,20260810_141717,True
412501,0.0195,0.0234,0.9126,412.501,500000,0.0039000000000000007,0.0,0.0,0.0039000000000000007,tap1,natural,light,20260810_141717,True
415001,0.0078,0.0195,0.9048,415.001,500000,-0.0078,-0.0039000000000000007,-0.007799999999999918,0.011699999999999945,tap1,natural,light,20260810_141717,True
417502,0.0117,0.0234,0.9087,417.502,500000,-0.003899999999999999,0.0,-0.0039000000000000146,0.00551543289325508,tap1,natural,light,20260810_141717,True
420024,0.0195,0.0195,0.9165,420.024,500000,0.0039000000000000007,-0.0039000000000000007,0.0039000000000000146,0.006754998149518631,tap1,natural,light,20260810_141717,True
422500,0.0156,0.0273,0.9165,422.5,500000,0.0,0.0039000000000000007,0.0039000000000000146,0.005515432893255082,tap1,natural,light,20260810_141717,True
425006,0.0156,0.0273,0.9126,425.006,500000,0.0,0.0039000000000000007,0.0,0.0039000000000000007,tap1,natural,light,20260810_141717,True
427503,0.0117,0.0273,0.9048,427.503,500000,-0.003899999999999999,0.0039000000000000007,-0.007799999999999918,0.009553009996854328,tap1,natural,light,20260810_141717,True
430010,0.0195,0.0234,0.9048,430.01,500000,0.0039000000000000007,0.0,-0.007799999999999918,0.008720665112249107,tap1,natural,light,20260810_141717,True
432511,0.0117,0.0234,0.9087,432.511,500000,-0.003899999999999999,0.0,-0.0039000000000000146,0.00551543289325508,tap1,natural,light,20260810_141717,True
435015,0.0156,0.0234,0.9087,435.015,500000,0.0,0.0,-0.0039000000000000146,0.0039000000000000146,tap1,natural,light,20260810_141717,True
437512,0.0195,0.0234,0.9165,437.512,500000,0.0039000000000000007,0.0,0.0039000000000000146,0.005515432893255082,tap1,natural,light,20260810_141717,True
440004,0.0156,0.0195,0.9126,440.004,500000,0.0,-0.0039000000000000007,0.0,0.0039000000000000007,tap1,natural,light,20260810_141717,True
442510,0.0078,0.0273,0.9048,442.51,500000,-0.0078,0.0039000000000000007,-0.007799999999999918,0.011699999999999945,tap1,natural,light,20260810_141717,True
445011,0.0156,0.0195,0.9009,445.011,500000,0.0,-0.0039000000000000007,-0.011699999999999933,0.012332882874656616,tap1,natural,light,20260810_141717,True
447508,0.0234,0.0234,0.9087,447.508,500000,0.007800000000000001,0.0,-0.0039000000000000146,0.008720665112249188,tap1,natural,light,20260810_141717,True
450008,0.0195,0.0195,0.9087,450.008,500000,0.0039000000000000007,-0.0039000000000000007,-0.0039000000000000146,0.006754998149518631,tap1,natural,light,20260810_141717,True
452506,0.0195,0.0195,0.9126,452.506,500000,0.0039000000000000007,-0.0039000000000000007,0.0,0.005515432893255071,tap1,natural,light,20260810_141717,True
455011,0.0195,0.0195,0.9126,455.011,500000,0.0039000000000000007,-0.0039000000000000007,0.0,0.005515432893255071,tap1,natural,light,20260810_141717,True
457521,0.0156,0.0273,0.9126,457.521,500000,0.0,0.0039000000000000007,0.0,0.0039000000000000007,tap1,natural,light,20260810_141717,True
460026,0.0156,0.0273,0.9126,460.026,500000,0.0,0.0039000000000000007,0.0,0.0039000000000000007,tap1,natural,light,20260810_141717,True
462529,0.0156,0.0273,0.9048,462.529,500000,0.0,0.0039000000000000007,-0.007799999999999918,0.008720665112249107,tap1,natural,light,20260810_141717,True
465008,0.0195,0.0273,0.9126,465.008,500000,0.0039000000000000007,0.0039000000000000007,0.0,0.005515432893255071,tap1,natural,light,20260810_141717,True
467505,0.0117,0.0234,0.9087,467.505,500000,-0.003899999999999999,0.0,-0.0039000000000000146,0.00551543289325508,tap1,natural,light,20260810_141717,True
470015,0.0195,0.0195,0.9126,470.015,500000,0.0039000000000000007,-0.0039000000000000007,0.0,0.005515432893255071,tap1,natural,light,20260810_141717,True
472517,0.0234,0.0312,0.9126,472.517,500000,0.007800000000000001,0.007799999999999998,0.0,0.01103086578651014,tap1,natural,light,20260810_141717,True
475020,0.0234,0.0156,0.9165,475.02,500000,0.007800000000000001,-0.007800000000000001,0.0039000000000000146,0.011700000000000007,tap1,natural,light,20260810_141717,True
477518,0.0195,0.0234,0.9126,477.518,500000,0.0039000000000000007,0.0,0.0,0.0039000000000000007,tap1,natural,light,20260810_141717,True
480011,0.0273,0.0234,0.9087,480.011,500000,0.011700000000000002,0.0,-0.0039000000000000146,0.012332882874656687,tap1,natural,light,20260810_141717,True
482519,0.0078,0.0195,0.9048,482.519,500000,-0.0078,-0.0039000000000000007,-0.007799999999999918,0.011699999999999945,tap1,natural,light,20260810_141717,True
485024,0.0117,0.0234,0.9126,485.024,500000,-0.003899999999999999,0.0,0.0,0.003899999999999999,tap1,natural,light,20260810_141717,True
487517,0.0078,0.0312,0.9126,487.517,500000,-0.0078,0.007799999999999998,0.0,0.011030865786510139,tap1,natural,light,20260810_141717,True
490007,0.0156,0.0273,0.9048,490.007,500000,0.0,0.0039000000000000007,-0.007799999999999918,0.008720665112249107,tap1,natural,light,20260810_141717,True
492507,0.0195,0.0195,0.9126,492.507,500000,0.0039000000000000007,-0.0039000000000000007,0.0,0.005515432893255071,tap1,natural,light,20260810_141717,True
495010,0.0156,0.0195,0.9087,495.01,500000,0.0,-0.0039000000000000007,-0.0039000000000000146,0.005515432893255082,tap1,natural,light,20260810_141717,True
497510,0.0234,0.0156,0.9126,497.51,500000,0.007800000000000001,-0.007800000000000001,0.0,0.011030865786510143,tap1,natural,light,20260810_141717,True
510321,0.0195,0.0195,0.9087,510.321,500000,0.0039000000000000007,-0.0039000000000000007,-0.0039000000000000146,0.006754998149518631,tap1,natural,light,20260810_141717,True
512775,0.0156,0.0234,0.9126,512.775,500000,0.0,0.0,0.0,0.0,tap1,natural,light,20260810_141717,True
515280,0.0234,0.0234,0.9087,515.28,500000,0.007800000000000001,0.0,-0.0039000000000000146,0.008720665112249188,tap1,natural,light,20260810_141717,True
517770,0.0195,0.0273,0.9126,517.77,500000,0.0039000000000000007,0.0039000000000000007,0.0,0.005515432893255071,tap1,natural,light,20260810_141717,True
520285,0.0156,0.0234,0.9165,520.285,500000,0.0,0.0,0.0039000000000000146,0.0039000000000000146,tap1,natural,light,20260810_141717,True
522764,0.0117,0.0273,0.9126,522.764,500000,-0.003899999999999999,0.0039000000000000007,0.0,0.00551543289325507,tap1,natural,light,20260810_141717,True
525291,0.0195,0.0195,0.9126,525.291,500000,0.0039000000000000007,-0.0039000000000000007,0.0,0.005515432893255071,tap1,natural,light,20260810_141717,True
527787,0.0117,0.0312,0.9126,527.787,500000,-0.003899999999999999,0.007799999999999998,0.0,0.008720665112249178,tap1,natural,light,20260810_141717,True
530268,0.0273,0.0195,0.9126,530.268,500000,0.011700000000000002,-0.0039000000000000007,0.0,0.012332882874656682,tap1,natural,light,20260810_141717,True
532773,0.0195,0.0234,0.9048,532.773,500000,0.0039000000000000007,0.0,-0.007799999999999918,0.008720665112249107,tap1,natural,light,20260810_141717,True
535271,0.0117,0.0195,0.9087,535.271,500000,-0.003899999999999999,-0.0039000000000000007,-0.0039000000000000146,0.00675499814951863,tap1,natural,light,20260810_141717,True
537789,0.0117,0.0234,0.9087,537.789,500000,-0.003899999999999999,0.0,-0.0039000000000000146,0.00551543289325508,tap1,natural,light,20260810_141717,True
540270,0.0234,0.0156,0.9165,540.27,500000,0.007800000000000001,-0.007800000000000001,0.0039000000000000146,0.011700000000000007,tap1,natural,light,20260810_141717,True
542782,0.0234,0.0273,0.9087,542.782,500000,0.007800000000000001,0.0039000000000000007,-0.0039000000000000146,0.009553009996854402,tap1,natural,light,20260810_141717,True
545264,0.0195,0.0195,0.9087,545.264,500000,0.0039000000000000007,-0.0039000000000000007,-0.0039000000000000146,0.006754998149518631,tap1,natural,light,20260810_141717,True
547763,0.0195,0.0234,0.9126,547.763,500000,0.0039000000000000007,0.0,0.0,0.0039000000000000007,tap1,natural,light,20260810_141717,True
550274,0.0117,0.0195,0.9048,550.274,500000,-0.003899999999999999,-0.0039000000000000007,-0.007799999999999918,0.009553009996854328,tap1,natural,light,20260810_141717,True
552780,0.0195,0.0156,0.9048,552.78,500000,0.0039000000000000007,-0.007800000000000001,-0.007799999999999918,0.011699999999999947,tap1,natural,light,20260810_141717,True
555276,0.0195,0.0078,0.9126,555.276,500000,0.0039000000000000007,-0.015600000000000001,0.0,0.016080111939908878,tap1,natural,light,20260810_141717,True
557764,0.0156,0.0195,0.9048,557.764,500000,0.0,-0.0039000000000000007,-0.007799999999999918,0.008720665112249107,tap1,natural,light,20260810_141717,True
560271,0.0195,0.0195,0.9048,560.271,500000,0.0039000000000000007,-0.0039000000000000007,-0.007799999999999918,0.009553009996854328,tap1,natural,light,20260810_141717,True
562769,0.0078,0.0234,0.9048,562.769,500000,-0.0078,0.0,-0.007799999999999918,0.011030865786510084,tap1,natural,light,20260810_141717,True
565292,0.0195,0.0156,0.9204,565.292,500000,0.0039000000000000007,-0.007800000000000001,0.007800000000000029,0.011700000000000021,tap1,natural,light,20260810_141717,True
567792,0.0156,0.0273,0.9165,567.792,500000,0.0,0.0039000000000000007,0.0039000000000000146,0.005515432893255082,tap1,natural,light,20260810_141717,True
570283,0.0117,0.0312,0.9165,570.283,500000,-0.003899999999999999,0.007799999999999998,0.0039000000000000146,0.009553009996854399,tap1,natural,light,20260810_141717,True
572763,0.0195,0.0195,0.9009,572.763,500000,0.0039000000000000007,-0.0039000000000000007,-0.011699999999999933,0.012934836682385998,tap1,natural,light,20260810_141717,True
575291,0.0195,0.0195,0.9009,575.291,500000,0.0039000000000000007,-0.0039000000000000007,-0.011699999999999933,0.012934836682385998,tap1,natural,light,20260810_141717,True
577783,0.0195,0.0234,0.9165,577.783,500000,0.0039000000000000007,0.0,0.0039000000000000146,0.005515432893255082,tap1,natural,light,20260810_141717,True
580290,0.0195,0.0312,0.9087,580.29,500000,0.0039000000000000007,0.007799999999999998,-0.0039000000000000146,0.0095530099968544,tap1,natural,light,20260810_141717,True
582771,0.0195,0.0273,0.9087,582.771,500000,0.0039000000000000007,0.0039000000000000007,-0.0039000000000000146,0.006754998149518631,tap1,natural,light,20260810_141717,True
585271,0.0117,0.0234,0.9087,585.271,500000,-0.003899999999999999,0.0,-0.0039000000000000146,0.00551543289325508,tap1,natural,light,20260810_141717,True
587766,0.0234,0.0234,0.9048,587.766,500000,0.007800000000000001,0.0,-0.007799999999999918,0.011030865786510084,tap1,natural,light,20260810_141717,True
590277,0.0117,0.0156,0.9048,590.277,500000,-0.003899999999999999,-0.007800000000000001,-0.007799999999999918,0.011699999999999945,tap1,natural,light,20260810_141717,True
592784,0.0156,0.0195,0.9126,592.784,500000,0.0,-0.0039000000000000007,0.0,0.0039000000000000007,tap1,natural,light,20260810_141717,True
595267,0.0156,0.0195,0.9087,595.267,500000,0.0,-0.0039000000000000007,-0.0039000000000000146,0.005515432893255082,tap1,natural,light,20260810_141717,True
597791,0.0156,0.0312,0.9126,597.791,500000,0.0,0.007799999999999998,0.0,0.007799999999999998,tap1,natural,light,20260810_141717,True
600274,0.0117,0.0234,0.9165,600.274,500000,-0.003899999999999999,0.0,0.0039000000000000146,0.00551543289325508,tap1,natural,light,20260810_141717,True
602768,0.0234,0.0273,0.9048,602.768,500000,0.007800000000000001,0.0039000000000000007,-0.007799999999999918,0.011699999999999947,tap1,natural,light,20260810_141717,True
605267,0.0117,0.0312,0.9048,605.267,500000,-0.003899999999999999,0.007799999999999998,-0.007799999999999918,0.011699999999999943,tap1,natural,light,20260810_141717,True
607773,0.0273,0.0234,0.9087,607.773,500000,0.011700000000000002,0.0,-0.0039000000000000146,0.012332882874656687,tap1,natural,light,20260810_141717,True
610264,0.0156,0.0273,0.9165,610.264,500000,0.0,0.0039000000000000007,0.0039000000000000146,0.005515432893255082,tap1,natural,light,20260810_141717,True
612789,0.0117,0.0273,0.9048,612.789,500000,-0.003899999999999999,0.0039000000000000007,-0.007799999999999918,0.009553009996854328,tap1,natural,light,20260810_141717,True
615267,0.0156,0.0195,0.9243,615.267,500000,0.0,-0.0039000000000000007,0.011700000000000044,0.012332882874656722,tap1,natural,light,20260810_141717,True
617771,0.0117,0.0234,0.9243,617.771,500000,-0.003899999999999999,0.0,0.011700000000000044,0.01233288287465672,tap1,natural,light,20260810_141717,True
620279,0.0156,0.0195,0.9087,620.279,500000,0.0,-0.0039000000000000007,-0.0039000000000000146,0.005515432893255082,tap1,natural,light,20260810_141717,True
622781,0.0117,0.0195,0.9048,622.781,500000,-0.003899999999999999,-0.0039000000000000007,-0.007799999999999918,0.009553009996854328,tap1,natural,light,20260810_141717,True
625278,0.0117,0.0312,0.9087,625.278,500000,-0.003899999999999999,0.007799999999999998,-0.0039000000000000146,0.009553009996854399,tap1,natural,light,20260810_141717,True
627766,0.0156,0.0195,0.9165,627.766,500000,0.0,-0.0039000000000000007,0.0039000000000000146,0.005515432893255082,tap1,natural,light,20260810_141717,True
630274,0.0156,0.0195,0.9165,630.274,500000,0.0,-0.0039000000000000007,0.0039000000000000146,0.005515432893255082,tap1,natural,light,20260810_141717,True
632780,0.0117,0.0195,0.9126,632.78,500000,-0.003899999999999999,-0.0039000000000000007,0.0,0.00551543289325507,tap1,natural,light,20260810_141717,True
635277,0.0078,0.0234,0.9165,635.277,500000,-0.0078,0.0,0.0039000000000000146,0.008720665112249186,tap1,natural,light,20260810_141717,True
637763,0.0234,0.0195,0.9165,637.763,500000,0.007800000000000001,-0.0039000000000000007,0.0039000000000000146,0.009553009996854402,tap1,natural,light,20260810_141717,True
640273,0.0156,0.0234,0.9087,640.273,500000,0.0,0.0,-0.0039000000000000146,0.0039000000000000146,tap1,natural,light,20260810_141717,True
642782,0.0234,0.0195,0.9048,642.782,500000,0.007800000000000001,-0.0039000000000000007,-0.007799999999999918,0.011699999999999947,tap1,natural,light,20260810_141717,True
645280,0.0234,0.0234,0.9204,645.28,500000,0.007800000000000001,0.0,0.007800000000000029,0.011030865786510163,tap1,natural,light,20260810_141717,True
647770,0.0156,0.0195,0.9165,647.77,500000,0.0,-0.0039000000000000007,0.0039000000000000146,0.005515432893255082,tap1,natural,light,20260810_141717,True
650278,0.0117,0.0156,0.9087,650.278,500000,-0.003899999999999999,-0.007800000000000001,-0.0039000000000000146,0.0095530099968544,tap1,natural,light,20260810_141717,True
652782,0.0234,0.0195,0.9087,652.782,500000,0.007800000000000001,-0.0039000000000000007,-0.0039000000000000146,0.009553009996854402,tap1,natural,light,20260810_141717,True
655279,0.0117,0.0273,0.9009,655.279,500000,-0.003899999999999999,0.0039000000000000007,-0.011699999999999933,0.012934836682385998,tap1,natural,light,20260810_141717,True
657766,0.0117,0.0273,0.9165,657.766,500000,-0.003899999999999999,0.0039000000000000007,0.0039000000000000146,0.00675499814951863,tap1,natural,light,20260810_141717,True
660280,0.0117,0.0273,0.9204,660.28,500000,-0.003899999999999999,0.0039000000000000007,0.007800000000000029,0.009553009996854418,tap1,natural,light,20260810_141717,True
662790,0.0156,0.0195,0.9165,662.79,500000,0.0,-0.0039000000000000007,0.0039000000000000146,0.005515432893255082,tap1,natural,light,20260810_141717,True
665271,0.0156,0.0195,0.9204,665.271,500000,0.0,-0.0039000000000000007,0.007800000000000029,0.008720665112249207,tap1,natural,light,20260810_141717,True
667763,0.0117,0.0273,0.9165,667.763,500000,-0.003899999999999999,0.0039000000000000007,0.0039000000000000146,0.00675499814951863,tap1,natural,light,20260810_141717,True
670278,0.0273,0.0156,0.9048,670.278,500000,0.011700000000000002,-0.007800000000000001,-0.007799999999999918,0.01608011193990884,tap1,natural,light,20260810_141717,True
672782,0.0156,0.0234,0.9048,672.782,500000,0.0,0.0,-0.007799999999999918,0.007799999999999918,tap1,natural,light,20260810_141717,True
675279,0.0234,0.0273,0.9048,675.279,500000,0.007800000000000001,0.0039000000000000007,-0.007799999999999918,0.011699999999999947,tap1,natural,light,20260810_141717,True
677786,0.0195,0.0234,0.9087,677.786,500000,0.0039000000000000007,0.0,-0.0039000000000000146,0.005515432893255082,tap1,natural,light,20260810_141717,True
680274,0.0195,0.0234,0.9087,680.274,500000,0.0039000000000000007,0.0,-0.0039000000000000146,0.005515432893255082,tap1,natural,light,20260810_141717,True
682779,0.0117,0.0234,0.9126,682.779,500000,-0.003899999999999999,0.0,0.0,0.003899999999999999,tap1,natural,light,20260810_141717,True
685276,0.0273,0.0156,0.9243,685.276,500000,0.011700000000000002,-0.007800000000000001,0.011700000000000044,0.018292621463311405,tap1,natural,light,20260810_141717,True
687763,0.0117,0.0351,0.9048,687.763,500000,-0.003899999999999999,0.011699999999999999,-0.007799999999999918,0.014592463808418325,tap1,natural,light,20260810_141717,True
690278,0.0195,0.0273,0.9087,690.278,500000,0.0039000000000000007,0.0039000000000000007,-0.0039000000000000146,0.006754998149518631,tap1,natural,light,20260810_141717,True
692786,0.0195,0.0195,0.9126,692.786,500000,0.0039000000000000007,-0.0039000000000000007,0.0,0.005515432893255071,tap1,natural,light,20260810_141717,True
695288,0.0117,0.0195,0.9087,695.288,500000,-0.003899999999999999,-0.0039000000000000007,-0.0039000000000000146,0.00675499814951863,tap1,natural,light,20260810_141717,True
697783,0.0156,0.0273,0.8931,697.783,500000,0.0,0.0039000000000000007,-0.019499999999999962,0.019886176103011823,tap1,natural,light,20260810_141717,True
700275,0.0117,0.0273,0.9126,700.275,500000,-0.003899999999999999,0.0039000000000000007,0.0,0.00551543289325507,tap1,natural,light,20260810_141717,True
702770,0.0195,0.0156,0.9399,702.77,500000,0.0039000000000000007,-0.007800000000000001,0.02729999999999999,0.028659029990563176,tap1,natural,light,20260810_141717,True
705267,0.0156,0.0234,0.9204,705.267,500000,0.0,0.0,0.007800000000000029,0.007800000000000029,tap1,natural,light,20260810_141717,True
707773,0.0156,0.0234,0.9087,707.773,500000,0.0,0.0,-0.0039000000000000146,0.0039000000000000146,tap1,natural,light,20260810_141717,True
710281,0.0195,0.0195,0.9048,710.281,500000,0.0039000000000000007,-0.0039000000000000007,-0.007799999999999918,0.009553009996854328,tap1,natural,light,20260810_141717,True
712792,0.0117,0.0273,0.9048,712.792,500000,-0.003899999999999999,0.0039000000000000007,-0.007799999999999918,0.009553009996854328,tap1,natural,light,20260810_141717,True
715268,0.0117,0.0312,0.9009,715.268,500000,-0.003899999999999999,0.007799999999999998,-0.011699999999999933,0.014592463808418317,tap1,natural,light,20260810_141717,True
717766,0.0156,0.0234,0.9165,717.766,500000,0.0,0.0,0.0039000000000000146,0.0039000000000000146,tap1,natural,light,20260810_141717,True
720281,0.0117,0.0234,0.9087,720.281,500000,-0.003899999999999999,0.0,-0.0039000000000000146,0.00551543289325508,tap1,natural,light,20260810_141717,True
722785,0.0234,0.0156,0.9126,722.785,500000,0.007800000000000001,-0.007800000000000001,0.0,0.011030865786510143,tap1,natural,light,20260810_141717,True
725281,0.0078,0.0195,0.9048,725.281,500000,-0.0078,-0.0039000000000000007,-0.007799999999999918,0.011699999999999945,tap1,natural,light,20260810_141717,True
727770,0.0156,0.0234,0.9048,727.77,500000,0.0,0.0,-0.007799999999999918,0.007799999999999918,tap1,natural,light,20260810_141717,True
730278,0.0156,0.0234,0.9165,730.278,500000,0.0,0.0,0.0039000000000000146,0.0039000000000000146,tap1,natural,light,20260810_141717,True
732781,0.0117,0.0156,0.9165,732.781,500000,-0.003899999999999999,-0.007800000000000001,0.0039000000000000146,0.0095530099968544,tap1,natural,light,20260810_141717,True
735278,0.0156,0.0195,0.9087,735.278,500000,0.0,-0.0039000000000000007,-0.0039000000000000146,0.005515432893255082,tap1,natural,light,20260810_141717,True
737764,0.0156,0.0273,0.9048,737.764,500000,0.0,0.0039000000000000007,-0.007799999999999918,0.008720665112249107,tap1,natural,light,20260810_141717,True
740273,0.0156,0.0234,0.9048,740.273,500000,0.0,0.0,-0.007799999999999918,0.007799999999999918,tap1,natural,light,20260810_141717,True
742763,0.0195,0.0195,0.9087,742.763,500000,0.0039000000000000007,-0.0039000000000000007,-0.0039000000000000146,0.006754998149518631,tap1,natural,light,20260810_141717,True
745263,0.0195,0.0156,0.9126,745.263,500000,0.0039000000000000007,-0.007800000000000001,0.0,0.008720665112249181,tap1,natural,light,20260810_141717,True
747790,0.0195,0.0156,0.9087,747.79,500000,0.0039000000000000007,-0.007800000000000001,-0.0039000000000000146,0.009553009996854402,tap1,natural,light,20260810_141717,True
750273,0.0156,0.0234,0.9087,750.273,500000,0.0,0.0,-0.0039000000000000146,0.0039000000000000146,tap1,natural,light,20260810_141717,True
752778,0.0117,0.0273,0.9165,752.778,500000,-0.003899999999999999,0.0039000000000000007,0.0039000000000000146,0.00675499814951863,tap1,natural,light,20260810_141717,True
755276,0.0156,0.0273,0.9009,755.276,500000,0.0,0.0039000000000000007,-0.011699999999999933,0.012332882874656616,tap1,natural,light,20260810_141717,True
757763,0.0234,0.0234,0.9087,757.763,500000,0.007800000000000001,0.0,-0.0039000000000000146,0.008720665112249188,tap1,natural,light,20260810_141717,True
760278,0.0156,0.0273,0.9126,760.278,500000,0.0,0.0039000000000000007,0.0,0.0039000000000000007,tap1,natural,light,20260810_141717,True
762780,0.0156,0.0195,0.9087,762.78,500000,0.0,-0.0039000000000000007,-0.0039000000000000146,0.005515432893255082,tap1,natural,light,20260810_141717,True
765263,0.0156,0.0273,0.9009,765.263,500000,0.0,0.0039000000000000007,-0.011699999999999933,0.012332882874656616,tap1,natural,light,20260810_141717,True
767771,0.0156,0.0273,0.9126,767.771,500000,0.0,0.0039000000000000007,0.0,0.0039000000000000007,tap1,natural,light,20260810_141717,True
770289,0.0195,0.0273,0.9048,770.289,500000,0.0039000000000000007,0.0039000000000000007,-0.007799999999999918,0.009553009996854328,tap1,natural,light,20260810_141717,True
772768,0.0156,0.0234,0.9048,772.768,500000,0.0,0.0,-0.007799999999999918,0.007799999999999918,tap1,natural,light,20260810_141717,True
775267,0.0117,0.0234,0.9048,775.267,500000,-0.003899999999999999,0.0,-0.007799999999999918,0.008720665112249105,tap1,natural,light,20260810_141717,True
777784,0.0195,0.0195,0.9087,777.784,500000,0.0039000000000000007,-0.0039000000000000007,-0.0039000000000000146,0.006754998149518631,tap1,natural,light,20260810_141717,True
780267,0.0195,0.0195,0.9009,780.267,500000,0.0039000000000000007,-0.0039000000000000007,-0.011699999999999933,0.012934836682385998,tap1,natural,light,20260810_141717,True
782773,0.0195,0.0195,0.9048,782.773,500000,0.0039000000000000007,-0.0039000000000000007,-0.007799999999999918,0.009553009996854328,tap1,natural,light,20260810_141717,True
785267,0.0234,0.0195,0.9048,785.267,500000,0.007800000000000001,-0.0039000000000000007,-0.007799999999999918,0.011699999999999947,tap1,natural,light,20260810_141717,True
787784,0.0156,0.0156,0.9204,787.784,500000,0.0,-0.007800000000000001,0.007800000000000029,0.011030865786510163,tap1,natural,light,20260810_141717,True
790267,0.0156,0.0156,0.9204,790.267,500000,0.0,-0.007800000000000001,0.007800000000000029,0.011030865786510163,tap1,natural,light,20260810_141717,True
792776,0.0156,0.0312,0.9126,792.776,500000,0.0,0.007799999999999998,0.0,0.007799999999999998,tap1,natural,light,20260810_141717,True
795273,0.0156,0.0234,0.9087,795.273,500000,0.0,0.0,-0.0039000000000000146,0.0039000000000000146,tap1,natural,light,20260810_141717,True
797790,0.0195,0.0117,0.9048,797.79,500000,0.0039000000000000007,-0.0117,-0.007799999999999918,0.014592463808418327,tap1,natural,light,20260810_141717,True
800279,0.0195,0.0117,0.9087,800.279,500000,0.0039000000000000007,-0.0117,-0.0039000000000000146,0.012934836682386064,tap1,natural,light,20260810_141717,True
802768,0.0117,0.0156,0.9087,802.768,500000,-0.003899999999999999,-0.007800000000000001,-0.0039000000000000146,0.0095530099968544,tap1,natural,light,20260810_141717,True
805266,0.0117,0.0234,0.9126,805.266,500000,-0.003899999999999999,0.0,0.0,0.003899999999999999,tap1,natural,light,20260810_141717,True
807789,0.0039,0.0195,0.9126,807.789,500000,-0.011699999999999999,-0.0039000000000000007,0.0,0.012332882874656679,tap1,natural,light,20260810_141717,True
810270,0.0117,0.0195,0.9126,810.27,500000,-0.003899999999999999,-0.0039000000000000007,0.0,0.00551543289325507,tap1,natural,light,20260810_141717,True
812790,0.0195,0.0234,0.9204,812.79,500000,0.0039000000000000007,0.0,0.007800000000000029,0.008720665112249207,tap1,natural,light,20260810_141717,True
815267,0.0195,0.0195,0.9087,815.267,500000,0.0039000000000000007,-0.0039000000000000007,-0.0039000000000000146,0.006754998149518631,tap1,natural,light,20260810_141717,True
817769,0.0195,0.0156,0.9165,817.769,500000,0.0039000000000000007,-0.007800000000000001,0.0039000000000000146,0.009553009996854402,tap1,natural,light,20260810_141717,True
820284,0.0117,0.0312,0.9126,820.284,500000,-0.003899999999999999,0.007799999999999998,0.0,0.008720665112249178,tap1,natural,light,20260810_141717,True
822789,0.0156,0.0234,0.9048,822.789,500000,0.0,0.0,-0.007799999999999918,0.007799999999999918,tap1,natural,light,20260810_141717,True
825286,0.0195,0.0234,0.9165,825.286,500000,0.0039000000000000007,0.0,0.0039000000000000146,0.005515432893255082,tap1,natural,light,20260810_141717,True
827780,0.0234,0.0234,0.9165,827.78,500000,0.007800000000000001,0.0,0.0039000000000000146,0.008720665112249188,tap1,natural,light,20260810_141717,True
830287,0.0234,0.0234,0.9048,830.287,500000,0.007800000000000001,0.0,-0.007799999999999918,0.011030865786510084,tap1,natural,light,20260810_141717,True
832768,0.0234,0.0234,0.9243,832.768,500000,0.007800000000000001,0.0,0.011700000000000044,0.014061649974309596,tap1,natural,light,20260810_141717,True
835265,0.0195,0.0234,0.9087,835.265,500000,0.0039000000000000007,0.0,-0.0039000000000000146,0.005515432893255082,tap1,natural,light,20260810_141717,True
837785,0.0195,0.0273,0.9126,837.785,500000,0.0039000000000000007,0.0039000000000000007,0.0,0.005515432893255071,tap1,natural,light,20260810_141717,True
840291,0.0156,0.0195,0.9048,840.291,500000,0.0,-0.0039000000000000007,-0.007799999999999918,0.008720665112249107,tap1,natural,light,20260810_141717,True
842770,0.0117,0.0234,0.9165,842.77,500000,-0.003899999999999999,0.0,0.0039000000000000146,0.00551543289325508,tap1,natural,light,20260810_141717,True
845267,0.0156,0.0234,0.9165,845.267,500000,0.0,0.0,0.0039000000000000146,0.0039000000000000146,tap1,natural,light,20260810_141717,True
847788,0.0156,0.0273,0.9048,847.788,500000,0.0,0.0039000000000000007,-0.007799999999999918,0.008720665112249107,tap1,natural,light,20260810_141717,True
850273,0.0156,0.0234,0.9126,850.273,500000,0.0,0.0,0.0,0.0,tap1,natural,light,20260810_141717,True
852778,0.0195,0.0273,0.9165,852.778,500000,0.0039000000000000007,0.0039000000000000007,0.0039000000000000146,0.006754998149518631,tap1,natural,light,20260810_141717,True
855275,0.0234,0.0234,0.9204,855.275,500000,0.007800000000000001,0.0,0.007800000000000029,0.011030865786510163,tap1,natural,light,20260810_141717,True
857763,0.0195,0.0195,0.9165,857.763,500000,0.0039000000000000007,-0.0039000000000000007,0.0039000000000000146,0.006754998149518631,tap1,natural,light,20260810_141717,True
860275,0.0195,0.0195,0.9087,860.275,500000,0.0039000000000000007,-0.0039000000000000007,-0.0039000000000000146,0.006754998149518631,tap1,natural,light,20260810_141717,True
862779,0.0117,0.0234,0.9243,862.779,500000,-0.003899999999999999,0.0,0.011700000000000044,0.01233288287465672,tap1,natural,light,20260810_141717,True
865819,0.0195,0.0234,0.9087,865.819,500000,0.0039000000000000007,0.0,-0.0039000000000000146,0.005515432893255082,tap1,natural,light,20260810_141717,True
867772,0.0195,0.0234,0.9048,867.772,500000,0.0039000000000000007,0.0,-0.007799999999999918,0.008720665112249107,tap1,natural,light,20260810_141717,True
870291,0.0117,0.0234,0.9009,870.291,500000,-0.003899999999999999,0.0,-0.011699999999999933,0.012332882874656614,tap1,natural,light,20260810_141717,True
872776,0.0117,0.0234,0.9126,872.776,500000,-0.003899999999999999,0.0,0.0,0.003899999999999999,tap1,natural,light,20260810_141717,True
875274,0.0195,0.0156,0.9126,875.274,500000,0.0039000000000000007,-0.007800000000000001,0.0,0.008720665112249181,tap1,natural,light,20260810_141717,True
877766,0.0156,0.0234,0.9126,877.766,500000,0.0,0.0,0.0,0.0,tap1,natural,light,20260810_141717,True
880281,0.0078,0.0273,0.897,880.281,500000,-0.0078,0.0039000000000000007,-0.015599999999999947,0.01787204521032773,tap1,natural,light,20260810_141717,True
882784,0.0156,0.0156,0.9048,882.784,500000,0.0,-0.007800000000000001,-0.007799999999999918,0.011030865786510084,tap1,natural,light,20260810_141717,True
885281,0.0117,0.0195,0.9009,885.281,500000,-0.003899999999999999,-0.0039000000000000007,-0.011699999999999933,0.012934836682385998,tap1,natural,light,20260810_141717,True
887769,0.0117,0.0234,0.9126,887.769,500000,-0.003899999999999999,0.0,0.0,0.003899999999999999,tap1,natural,light,20260810_141717,True
890284,0.0156,0.0234,0.9087,890.284,500000,0.0,0.0,-0.0039000000000000146,0.0039000000000000146,tap1,natural,light,20260810_141717,True
892790,0.0195,0.0234,0.9126,892.79,500000,0.0039000000000000007,0.0,0.0,0.0039000000000000007,tap1,natural,light,20260810_141717,True
895288,0.0195,0.0234,0.9126,895.288,500000,0.0039000000000000007,0.0,0.0,0.0039000000000000007,tap1,natural,light,20260810_141717,True
897784,0.0156,0.0234,0.9165,897.784,500000,0.0,0.0,0.0039000000000000146,0.0039000000000000146,tap1,natural,light,20260810_141717,True
900276,0.0234,0.0234,0.9087,900.276,500000,0.007800000000000001,0.0,-0.0039000000000000146,0.008720665112249188,tap1,natural,light,20260810_141717,True
902773,0.0156,0.0195,0.9048,902.773,500000,0.0,-0.0039000000000000007,-0.007799999999999918,0.008720665112249107,tap1,natural,light,20260810_141717,True
905269,0.0156,0.0273,0.9087,905.269,500000,0.0,0.0039000000000000007,-0.0039000000000000146,0.005515432893255082,tap1,natural,light,20260810_141717,True
907776,0.0195,0.0195,0.9048,907.776,500000,0.0039000000000000007,-0.0039000000000000007,-0.007799999999999918,0.009553009996854328,tap1,natural,light,20260810_141717,True
910288,0.0195,0.0195,0.9204,910.288,500000,0.0039000000000000007,-0.0039000000000000007,0.007800000000000029,0.00955300999685442,tap1,natural,light,20260810_141717,True
912780,0.0156,0.0234,0.9048,912.78,500000,0.0,0.0,-0.007799999999999918,0.007799999999999918,tap1,natural,light,20260810_141717,True
915287,0.0195,0.0312,0.9126,915.287,500000,0.0039000000000000007,0.007799999999999998,0.0,0.00872066511224918,tap1,natural,light,20260810_141717,True
917765,0.0195,0.0234,0.9204,917.765,500000,0.0039000000000000007,0.0,0.007800000000000029,0.008720665112249207,tap1,natural,light,20260810_141717,True
920280,0.0156,0.0234,0.9087,920.28,500000,0.0,0.0,-0.0039000000000000146,0.0039000000000000146,tap1,natural,light,20260810_141717,True
922782,0.0156,0.0195,0.9165,922.782,500000,0.0,-0.0039000000000000007,0.0039000000000000146,0.005515432893255082,tap1,natural,light,20260810_141717,True
925278,0.0156,0.0312,0.9243,925.278,500000,0.0,0.007799999999999998,0.011700000000000044,0.014061649974309594,tap1,natural,light,20260810_141717,True
927767,0.0195,0.0273,0.9282,927.767,500000,0.0039000000000000007,0.0039000000000000007,0.015600000000000058,0.01654629867976527,tap1,natural,light,20260810_141717,True
930282,0.0234,0.0234,0.9126,930.282,500000,0.007800000000000001,0.0,0.0,0.007800000000000001,tap1,natural,light,20260810_141717,True
932786,0.0117,0.0234,0.9126,932.786,500000,-0.003899999999999999,0.0,0.0,0.003899999999999999,tap1,natural,light,20260810_141717,True
935284,0.0156,0.0273,0.9243,935.284,500000,0.0,0.0039000000000000007,0.011700000000000044,0.012332882874656722,tap1,natural,light,20260810_141717,True
937773,0.0156,0.0234,0.9087,937.773,500000,0.0,0.0,-0.0039000000000000146,0.0039000000000000146,tap1,natural,light,20260810_141717,True
940267,0.0195,0.0156,0.9126,940.267,500000,0.0039000000000000007,-0.007800000000000001,0.0,0.008720665112249181,tap1,natural,light,20260810_141717,True
942775,0.0195,0.0195,0.9165,942.775,500000,0.0039000000000000007,-0.0039000000000000007,0.0039000000000000146,0.006754998149518631,tap1,natural,light,20260810_141717,True
945274,0.0039,0.0273,0.9009,945.274,500000,-0.011699999999999999,0.0039000000000000007,-0.011699999999999933,0.01699970587980858,tap1,natural,light,20260810_141717,True
947767,0.0195,0.0195,0.9126,947.767,500000,0.0039000000000000007,-0.0039000000000000007,0.0,0.005515432893255071,tap1,natural,light,20260810_141717,True
950275,0.0156,0.0156,0.9165,950.275,500000,0.0,-0.007800000000000001,0.0039000000000000146,0.008720665112249188,tap1,natural,light,20260810_141717,True
952780,0.0156,0.0273,0.9126,952.78,500000,0.0,0.0039000000000000007,0.0,0.0039000000000000007,tap1,natural,light,20260810_141717,True
955276,0.0117,0.0273,0.9087,955.276,500000,-0.003899999999999999,0.0039000000000000007,-0.0039000000000000146,0.00675499814951863,tap1,natural,light,20260810_141717,True
957765,0.0078,0.0234,0.9126,957.765,500000,-0.0078,0.0,0.0,0.0078,tap1,natural,light,20260810_141717,True
960281,0.0117,0.0273,0.9048,960.281,500000,-0.003899999999999999,0.0039000000000000007,-0.007799999999999918,0.009553009996854328,tap1,natural,light,20260810_141717,True
962785,0.0117,0.0234,0.9126,962.785,500000,-0.003899999999999999,0.0,0.0,0.003899999999999999,tap1,natural,light,20260810_141717,True
965282,0.0156,0.0234,0.9087,965.282,500000,0.0,0.0,-0.0039000000000000146,0.0039000000000000146,tap1,natural,light,20260810_141717,True
968205,0.0156,0.0156,0.9126,968.205,500000,0.0,-0.007800000000000001,0.0,0.007800000000000001,tap1,natural,light,20260810_141717,True
970271,0.0156,0.0273,0.9048,970.271,500000,0.0,0.0039000000000000007,-0.007799999999999918,0.008720665112249107,tap1,natural,light,20260810_141717,True
972776,0.0117,0.0234,0.9048,972.776,500000,-0.003899999999999999,0.0,-0.007799999999999918,0.008720665112249105,tap1,natural,light,20260810_141717,True
975273,5.889,-3.8259,-11.5245,975.273,500000,5.8734,-3.8493,-12.4371,14.282695630027266,tap1,natural,light,20260810_141717,True
977765,4.7697,-5.4834,13.5096,977.765,500000,4.7541,-5.506799999999999,12.597000000000001,14.546845776662378,tap1,natural,light,20260810_141717,True
980286,0.7839,1.5093,-0.8151,980.286,500000,0.7683000000000001,1.4859,-1.7277,2.4048141279525117,tap1,natural,light,20260810_141717,True
982765,1.6926,1.3845,-1.3533,982.765,500000,1.677,1.3611,-2.2659,3.130371386912422,tap1,natural,light,20260810_141717,True
985263,-0.2184,0.8736,0.5577,985.263,500000,-0.234,0.8502000000000001,-0.3549,0.9505524972351607,tap1,natural,light,20260810_141717,True
987784,-0.2652,-1.0374,1.9305,987.784,500000,-0.2808,-1.0608000000000002,1.0179,1.496751712876922,tap1,natural,light,20260810_141717,True
990265,0.2106,-0.4446,0.7527,990.265,500000,0.195,-0.46799999999999997,-0.15989999999999993,0.5316173529899113,tap1,natural,light,20260810_141717,True
992775,0.0663,-0.1092,0.8034,992.775,500000,0.050699999999999995,-0.1326,-0.10919999999999996,0.1791030150499985,tap1,natural,light,20260810_141717,True
995275,-0.4875,0.3822,1.5756,995.275,500000,-0.5031,0.3588,0.6629999999999999,0.9063200593609301,tap1,natural,light,20260810_141717,True
997765,0.1053,0.4095,0.9165,997.765,500000,0.0897,0.3861,0.0039000000000000146,0.3964019550910414,tap1,natural,light,20260810_141717,True
1000292,0.1794,0.3159,0.9126,1000.292,500000,0.1638,0.29250000000000004,0.0,0.33524124149632906,tap1,natural,light,20260810_141717,True
1002785,0.1794,0.3159,0.9126,1002.785,500000,0.1638,0.29250000000000004,0.0,0.33524124149632906,tap1,natural,light,20260810_141717,True
1005269,-0.0234,0.0117,0.9828,1005.269,500000,-0.039,-0.0117,0.07020000000000004,0.0811537429820708,tap1,natural,light,20260810_141717,True
1007763,-0.0741,-0.2145,1.1466,1007.763,500000,-0.0897,-0.2379,0.2340000000000001,0.3455408803600524,tap1,natural,light,20260810_141717,True
1010269,-0.0468,-0.1092,1.0764,1010.269,500000,-0.0624,-0.1326,0.16380000000000006,0.21978844373624382,tap1,natural,light,20260810_141717,True
1012790,0.0351,0.1404,1.0725,1012.79,500000,0.0195,0.11699999999999999,0.15990000000000004,0.19909108468236345,tap1,natural,light,20260810_141717,True
1015268,0.0195,0.2379,1.0374,1015.268,500000,0.0039000000000000007,0.2145,0.12480000000000013,0.24819448019647825,tap1,natural,light,20260810_141717,True
1017770,-0.0819,0.1677,1.0803,1017.77,500000,-0.0975,0.14429999999999998,0.16770000000000007,0.24176854634133038,tap1,natural,light,20260810_141717,True
1020283,-0.0507,0.1716,1.0998,1020.283,500000,-0.0663,0.1482,0.18720000000000014,0.24779582320935123,tap1,natural,light,20260810_141717,True
1022789,0.0234,-0.0195,1.0452,1022.789,500000,0.007800000000000001,-0.0429,0.13259999999999994,0.13958513531175154,tap1,natural,light,20260810_141717,True
1025288,0.0312,-0.0546,1.0413,1025.288,500000,0.0156,-0.078,0.12869999999999993,0.15129788498191235,tap1,natural,light,20260810_141717,True
1027781,0.0117,0.0546,1.0725,1027.781,500000,-0.003899999999999999,0.031200000000000002,0.15990000000000004,0.16296214284305424,tap1,natural,light,20260810_141717,True
1030263,-0.0078,0.1404,1.0608,1030.263,500000,-0.023399999999999997,0.11699999999999999,0.1482,0.1902624503153473,tap1,natural,light,20260810_141717,True
1032773,-0.0117,0.0468,1.0686,1032.773,500000,-0.027299999999999998,0.0234,0.15600000000000003,0.1600901308638356,tap1,natural,light,20260810_141717,True
1035270,0.0,-0.0117,1.0647,1035.27,500000,-0.0156,-0.0351,0.1521,0.1568750458167264,tap1,natural,light,20260810_141717,True
1037788,0.0039,-0.0273,1.0803,1037.788,500000,-0.011699999999999999,-0.0507,0.16770000000000007,0.17558664527805076,tap1,natural,light,20260810_141717,True
1040271,-0.2574,-0.0702,1.0257,1040.271,500000,-0.273,-0.0936,0.11310000000000009,0.30997027276821243,tap1,natural,light,20260810_141717,True
1042778,0.0585,0.1131,1.0335,1042.778,500000,0.04290000000000001,0.0897,0.12090000000000012,0.156535331475038,tap1,natural,light,20260810_141717,True
1045276,0.1872,-0.0078,0.9594,1045.276,500000,0.1716,-0.0312,0.046800000000000064,0.18058305568352753,tap1,natural,light,20260810_141717,True
1047764,0.0819,0.0039,1.0803,1047.764,500000,0.0663,-0.0195,0.16770000000000007,0.18138144888604243,tap1,natural,light,20260810_141717,True
1050276,-0.0195,0.0234,1.0647,1050.276,500000,-0.0351,0.0,0.1521,0.15609746955027812,tap1,natural,light,20260810_141717,True
1052780,0.0,0.0234,1.0998,1052.78,500000,-0.0156,0.0,0.18720000000000014,0.18784887542915996,tap1,natural,light,20260810_141717,True
1055277,0.0117,0.0429,1.1193,1055.277,500000,-0.003899999999999999,0.0195,0.2067,0.2076544003867965,tap1,natural,light,20260810_141717,True
1057764,0.0273,0.0234,1.0647,1057.764,500000,0.011700000000000002,0.0,0.1521,0.152549336281742,tap1,natural,light,20260810_141717,True
1060277,0.0507,0.0234,1.092,1060.277,500000,0.035100000000000006,0.0,0.17940000000000011,0.18280144966602438,tap1,natural,light,20260810_141717,True
1062781,0.0195,0.0468,1.0881,1062.781,500000,0.0039000000000000007,0.0234,0.1755000000000001,0.17709607561998666,tap1,natural,light,20260810_141717,True
1065277,0.0039,0.0624,1.1037,1065.277,500000,-0.011699999999999999,0.03899999999999999,0.19109999999999994,0.1953896107780554,tap1,natural,light,20260810_141717,True
1067768,0.0195,0.0351,1.0959,1067.768,500000,0.0039000000000000007,0.011699999999999999,0.18330000000000013,0.18371442512769662,tap1,natural,light,20260810_141717,True
1070602,0.0117,0.039,1.0764,1070.602,500000,-0.003899999999999999,0.0156,0.16380000000000006,0.16458739319887175,tap1,natural,light,20260810_141717,True
1072780,0.039,0.0312,1.0725,1072.78,500000,0.0234,0.007799999999999998,0.15990000000000004,0.16179125439899406,tap1,natural,light,20260810_141717,True
1075276,0.0234,0.0117,1.0608,1075.276,500000,0.007800000000000001,-0.0117,0.1482,0.14886561053514005,tap1,natural,light,20260810_141717,True
1077766,0.0234,0.0117,1.0608,1077.766,500000,0.007800000000000001,-0.0117,0.1482,0.14886561053514005,tap1,natural,light,20260810_141717,True
1080284,0.0312,0.0312,1.0569,1080.284,500000,0.0156,0.007799999999999998,0.14429999999999998,0.14535023219795692,tap1,natural,light,20260810_141717,True
1082790,0.0195,0.0351,1.0452,1082.79,500000,0.0039000000000000007,0.011699999999999999,0.13259999999999994,0.13317229441591816,tap1,natural,light,20260810_141717,True
1085287,0.0117,0.039,1.0491,1085.287,500000,-0.003899999999999999,0.0156,0.13649999999999995,0.1374438794563075,tap1,natural,light,20260810_141717,True
1087779,0.0156,0.0351,1.0452,1087.779,500000,0.0,0.011699999999999999,0.13259999999999994,0.13311517569383285,tap1,natural,light,20260810_141717,True
1090290,0.0156,0.0351,1.0335,1090.29,500000,0.0,0.011699999999999999,0.12090000000000012,0.12146480971870013,tap1,natural,light,20260810_141717,True
1092776,0.0195,0.0234,1.0413,1092.776,500000,0.0039000000000000007,0.0,0.12869999999999993,0.12875907734990952,tap1,natural,light,20260810_141717,True
1095276,0.0117,0.0195,1.0335,1095.276,500000,-0.003899999999999999,-0.0039000000000000007,0.12090000000000012,0.12102574106362675,tap1,natural,light,20260810_141717,True
1097765,0.0156,0.0195,1.0218,1097.765,500000,0.0,-0.0039000000000000007,0.10920000000000007,0.10926962066375089,tap1,natural,light,20260810_141717,True
1100268,0.0117,0.0273,1.0296,1100.268,500000,-0.003899999999999999,0.0039000000000000007,0.1170000000000001,0.11712992785791351,tap1,natural,light,20260810_141717,True
1102788,0.0156,0.0234,1.0257,1102.788,500000,0.0,0.0,0.11310000000000009,0.11310000000000009,tap1,natural,light,20260810_141717,True
1105285,0.0117,0.0234,1.0296,1105.285,500000,-0.003899999999999999,0.0,0.1170000000000001,0.11706498195446845,tap1,natural,light,20260810_141717,True
1107767,0.0156,0.0195,1.0296,1107.767,500000,0.0,-0.0039000000000000007,0.1170000000000001,0.11706498195446845,tap1,natural,light,20260810_141717,True
1110277,0.0156,0.0195,1.0296,1110.277,500000,0.0,-0.0039000000000000007,0.1170000000000001,0.11706498195446845,tap1,natural,light,20260810_141717,True
1112765,0.0156,0.0195,1.014,1112.765,500000,0.0,-0.0039000000000000007,0.10140000000000005,0.10147497228381001,tap1,natural,light,20260810_141717,True
1115275,0.0195,0.0,1.014,1115.275,500000,0.0039000000000000007,-0.0234,0.10140000000000005,0.10413803339798583,tap1,natural,light,20260810_141717,True
1117776,0.0273,0.0039,1.0218,1117.776,500000,0.011700000000000002,-0.0195,0.10920000000000007,0.11154272723938578,tap1,natural,light,20260810_141717,True
1120290,0.0117,0.0156,1.0179,1120.29,500000,-0.003899999999999999,-0.007800000000000001,0.10530000000000006,0.10566049403632377,tap1,natural,light,20260810_141717,True
1122769,0.0117,0.0234,1.014,1122.769,500000,-0.003899999999999999,0.0,0.10140000000000005,0.10147497228381001,tap1,natural,light,20260810_141717,True
1125267,0.0039,0.0273,1.0101,1125.267,500000,-0.011699999999999999,0.0039000000000000007,0.09750000000000003,0.09827690471316243,tap1,natural,light,20260810_141717,True
1127783,0.0195,0.0195,1.0101,1127.783,500000,0.0039000000000000007,-0.0039000000000000007,0.09750000000000003,0.09765587539928156,tap1,natural,light,20260810_141717,True
1130292,0.0117,0.0156,1.014,1130.292,500000,-0.003899999999999999,-0.007800000000000001,0.10140000000000005,0.10177430913545918,tap1,natural,light,20260810_141717,True
1132773,0.0117,0.0273,1.0023,1132.773,500000,-0.003899999999999999,0.0039000000000000007,0.0897,0.08986940525006272,tap1,natural,light,20260810_141717,True
1135287,0.0078,0.0234,0.9945,1135.287,500000,-0.0078,0.0,0.08190000000000008,0.08227059012794313,tap1,natural,light,20260810_141717,True
1137785,0.0078,0.0234,0.9984,1137.785,500000,-0.0078,0.0,0.08579999999999999,0.08615381593406062,tap1,natural,light,20260810_141717,True
1140269,0.0,0.039,0.9945,1140.269,500000,-0.0156,0.0156,0.08190000000000008,0.08481939636663312,tap1,natural,light,20260810_141717,True
1142776,0.0039,0.0312,0.9867,1142.776,500000,-0.011699999999999999,0.007799999999999998,0.07410000000000005,0.07542241046267355,tap1,natural,light,20260810_141717,True
1145273,0.0078,0.0351,0.9789,1145.273,500000,-0.0078,0.011699999999999999,0.06630000000000003,0.06777477406823282,tap1,natural,light,20260810_141717,True
1147763,0.0117,0.0273,0.9945,1147.763,500000,-0.003899999999999999,0.0039000000000000007,0.08190000000000008,0.08208550420141192,tap1,natural,light,20260810_141717,True
1150276,0.0156,0.0351,0.9867,1150.276,500000,0.0,0.011699999999999999,0.07410000000000005,0.0750179978405183,tap1,natural,light,20260810_141717,True
1152780,0.0195,0.0312,0.9828,1152.78,500000,0.0039000000000000007,0.007799999999999998,0.07020000000000004,0.07073959287414655,tap1,natural,light,20260810_141717,True
1155276,0.0156,0.0312,0.9789,1155.276,500000,0.0,0.007799999999999998,0.06630000000000003,0.06675724679763241,tap1,natural,light,20260810_141717,True
1157793,0.0156,0.0312,0.9789,1157.793,500000,0.0,0.007799999999999998,0.06630000000000003,0.06675724679763241,tap1,natural,light,20260810_141717,True
1160277,0.0195,0.0234,0.975,1160.277,500000,0.0039000000000000007,0.0,0.06240000000000001,0.06252175621333746,tap1,natural,light,20260810_141717,True
1162780,0.0195,0.0234,0.9789,1162.78,500000,0.0039000000000000007,0.0,0.06630000000000003,0.06641460682711299,tap1,natural,light,20260810_141717,True
1165277,0.0039,0.0351,0.975,1165.277,500000,-0.011699999999999999,0.011699999999999999,0.06240000000000001,0.06455648689326271,tap1,natural,light,20260810_141717,True
1167767,0.0156,0.0234,0.975,1167.767,500000,0.0,0.0,0.06240000000000001,0.06240000000000001,tap1,natural,light,20260810_141717,True
1170280,0.0156,0.0234,0.9906,1170.28,500000,0.0,0.0,0.07800000000000007,0.07800000000000007,tap1,natural,light,20260810_141717,True
1172976,0.0156,0.0195,0.9789,1172.976,500000,0.0,-0.0039000000000000007,0.06630000000000003,0.06641460682711299,tap1,natural,light,20260810_141717,True
1175293,0.0195,0.0156,0.9672,1175.293,500000,0.0039000000000000007,-0.007800000000000001,0.05459999999999998,0.055292042827155496,tap1,natural,light,20260810_141717,True
1177783,0.0117,0.0273,0.9672,1177.783,500000,-0.003899999999999999,0.0039000000000000007,0.05459999999999998,0.05487786438993411,tap1,natural,light,20260810_141717,True
1180270,0.0156,0.0273,0.9711,1180.27,500000,0.0,0.0039000000000000007,0.058499999999999996,0.058629855875654335,tap1,natural,light,20260810_141717,True
1182773,0.0117,0.0195,0.9672,1182.773,500000,-0.003899999999999999,-0.0039000000000000007,0.05459999999999998,0.05487786438993411,tap1,natural,light,20260810_141717,True
1185270,0.0117,0.0234,0.975,1185.27,500000,-0.003899999999999999,0.0,0.06240000000000001,0.06252175621333746,tap1,natural,light,20260810_141717,True
1187787,0.0078,0.0351,0.975,1187.787,500000,-0.0078,0.011699999999999999,0.06240000000000001,0.06396475592074125,tap1,natural,light,20260810_141717,True
1190267,0.0156,0.0195,0.975,1190.267,500000,0.0,-0.0039000000000000007,0.06240000000000001,0.06252175621333746,tap1,natural,light,20260810_141717,True
1192778,0.0156,0.0234,0.9672,1192.778,500000,0.0,0.0,0.05459999999999998,0.05459999999999998,tap1,natural,light,20260810_141717,True
1195281,0.0078,0.0273,0.9711,1195.281,500000,-0.0078,0.0039000000000000007,0.058499999999999996,0.05914642846360209,tap1,natural,light,20260810_141717,True
1197770,0.0117,0.0234,0.9672,1197.77,500000,-0.003899999999999999,0.0,0.05459999999999998,0.05473910850571096,tap1,natural,light,20260810_141717,True
1200281,0.0156,0.0234,0.9672,1200.281,500000,0.0,0.0,0.05459999999999998,0.05459999999999998,tap1,natural,light,20260810_141717,True
1202774,0.0156,0.0234,0.9594,1202.774,500000,0.0,0.0,0.046800000000000064,0.046800000000000064,tap1,natural,light,20260810_141717,True
1205272,0.0117,0.0195,0.9594,1205.272,500000,-0.003899999999999999,-0.0039000000000000007,0.046800000000000064,0.047123879297018896,tap1,natural,light,20260810_141717,True
1207779,0.0156,0.0273,0.9594,1207.779,500000,0.0,0.0039000000000000007,0.046800000000000064,0.04696221885729002,tap1,natural,light,20260810_141717,True
1210292,0.0156,0.0312,0.9555,1210.292,500000,0.0,0.007799999999999998,0.04290000000000005,0.043603325561245944,tap1,natural,light,20260810_141717,True
1212783,0.0156,0.0312,0.9594,1212.783,500000,0.0,0.007799999999999998,0.046800000000000064,0.04744554773632618,tap1,natural,light,20260810_141717,True
1215268,0.0156,0.0312,0.9594,1215.268,500000,0.0,0.007799999999999998,0.046800000000000064,0.04744554773632618,tap1,natural,light,20260810_141717,True
1217771,0.0117,0.0312,0.9672,1217.771,500000,-0.003899999999999999,0.007799999999999998,0.05459999999999998,0.055292042827155496,tap1,natural,light,20260810_141717,True
1220279,0.0195,0.0312,0.9594,1220.279,500000,0.0039000000000000007,0.007799999999999998,0.046800000000000064,0.0476055669013615,tap1,natural,light,20260810_141717,True
1222785,0.0234,0.0273,0.9477,1222.785,500000,0.007800000000000001,0.0039000000000000007,0.03510000000000002,0.03616711213243327,tap1,natural,light,20260810_141717,True
1225285,0.0195,0.0273,0.9594,1225.285,500000,0.0039000000000000007,0.0039000000000000007,0.046800000000000064,0.047123879297018896,tap1,natural,light,20260810_141717,True
1227778,0.0156,0.0351,0.9516,1227.778,500000,0.0,0.011699999999999999,0.039000000000000035,0.04071719538475118,tap1,natural,light,20260810_141717,True
1230285,0.0234,0.0195,0.9438,1230.285,500000,0.007800000000000001,-0.0039000000000000007,0.031200000000000006,0.0323958330653805,tap1,natural,light,20260810_141717,True
1232789,0.0234,0.0273,0.936,1232.789,500000,0.007800000000000001,0.0039000000000000007,0.023400000000000087,0.024972184525988192,tap1,natural,light,20260810_141717,True
1235287,0.0156,0.0312,0.9555,1235.287,500000,0.0,0.007799999999999998,0.04290000000000005,0.043603325561245944,tap1,natural,light,20260810_141717,True
1237782,0.0195,0.0234,0.9399,1237.782,500000,0.0039000000000000007,0.0,0.02729999999999999,0.027577164466275342,tap1,natural,light,20260810_141717,True
1240290,0.0156,0.0351,0.9477,1240.29,500000,0.0,0.011699999999999999,0.03510000000000002,0.03699864862397006,tap1,natural,light,20260810_141717,True
1242773,0.0156,0.0273,0.9399,1242.773,500000,0.0,0.0039000000000000007,0.02729999999999999,0.027577164466275342,tap1,natural,light,20260810_141717,True
1245271,0.0195,0.0273,0.9477,1245.271,500000,0.0039000000000000007,0.0039000000000000007,0.03510000000000002,0.035530690958662785,tap1,natural,light,20260810_141717,True
1247790,0.0195,0.0312,0.9516,1247.79,500000,0.0039000000000000007,0.007799999999999998,0.039000000000000035,0.039963107987242466,tap1,natural,light,20260810_141717,True
1250271,0.0195,0.0234,0.9516,1250.271,500000,0.0039000000000000007,0.0,0.039000000000000035,0.039194514922371505,tap1,natural,light,20260810_141717,True
1252779,0.0156,0.0234,0.9399,1252.779,500000,0.0,0.0,0.02729999999999999,0.02729999999999999,tap1,natural,light,20260810_141717,True
1255276,0.0195,0.0312,0.9438,1255.276,500000,0.0039000000000000007,0.007799999999999998,0.031200000000000006,0.0323958330653805,tap1,natural,light,20260810_141717,True
1257765,0.0117,0.0312,0.9555,1257.765,500000,-0.003899999999999999,0.007799999999999998,0.04290000000000005,0.04377739142525516,tap1,natural,light,20260810_141717,True
1260274,0.0156,0.0195,0.9516,1260.274,500000,0.0,-0.0039000000000000007,0.039000000000000035,0.039194514922371505,tap1,natural,light,20260810_141717,True
1262779,0.0195,0.0234,0.9438,1262.779,500000,0.0039000000000000007,0.0,0.031200000000000006,0.03144280521836435,tap1,natural,light,20260810_141717,True
1265277,0.0156,0.0273,0.9399,1265.277,500000,0.0,0.0039000000000000007,0.02729999999999999,0.027577164466275342,tap1,natural,light,20260810_141717,True
1267786,0.0156,0.0156,0.936,1267.786,500000,0.0,-0.007800000000000001,0.023400000000000087,0.024665765749313444,tap1,natural,light,20260810_141717,True
1270268,0.0156,0.0195,0.9438,1270.268,500000,0.0,-0.0039000000000000007,0.031200000000000006,0.03144280521836435,tap1,natural,light,20260810_141717,True
1272773,0.0117,0.0195,0.9438,1272.773,500000,-0.003899999999999999,-0.0039000000000000007,0.031200000000000006,0.03168374977808025,tap1,natural,light,20260810_141717,True
1275397,0.0156,0.0195,0.936,1275.397,500000,0.0,-0.0039000000000000007,0.023400000000000087,0.023722773868163145,tap1,natural,light,20260810_141717,True
1277786,0.0156,0.0273,0.9399,1277.786,500000,0.0,0.0039000000000000007,0.02729999999999999,0.027577164466275342,tap1,natural,light,20260810_141717,True
1280271,0.0117,0.0234,0.9477,1280.271,500000,-0.003899999999999999,0.0,0.03510000000000002,0.035316002038735944,tap1,natural,light,20260810_141717,True
1282776,0.0117,0.0234,0.9477,1282.776,500000,-0.003899999999999999,0.0,0.03510000000000002,0.035316002038735944,tap1,natural,light,20260810_141717,True
1285273,0.0195,0.0156,0.9477,1285.273,500000,0.0039000000000000007,-0.007800000000000001,0.03510000000000002,0.03616711213243327,tap1,natural,light,20260810_141717,True
1287791,0.0195,0.0195,0.9399,1287.791,500000,0.0039000000000000007,-0.0039000000000000007,0.02729999999999999,0.027851570871317104,tap1,natural,light,20260810_141717,True
1290269,0.0117,0.0273,0.9438,1290.269,500000,-0.003899999999999999,0.0039000000000000007,0.031200000000000006,0.03168374977808025,tap1,natural,light,20260810_141717,True
1292782,0.0117,0.0195,0.9321,1292.782,500000,-0.003899999999999999,-0.0039000000000000007,0.019500000000000073,0.020264994448555933,tap1,natural,light,20260810_141717,True
1295284,0.0078,0.0273,0.9399,1295.284,500000,-0.0078,0.0039000000000000007,0.02729999999999999,0.028659029990563176,tap1,natural,light,20260810_141717,True
1297771,0.0117,0.0312,0.9399,1297.771,500000,-0.003899999999999999,0.007799999999999998,0.02729999999999999,0.028659029990563172,tap1,natural,light,20260810_141717,True
1300288,0.0117,0.0273,0.9438,1300.288,500000,-0.003899999999999999,0.0039000000000000007,0.031200000000000006,0.03168374977808025,tap1,natural,light,20260810_141717,True
1302779,0.0117,0.0273,0.9399,1302.779,500000,-0.003899999999999999,0.0039000000000000007,0.02729999999999999,0.027851570871317104,tap1,natural,light,20260810_141717,True
1305277,0.0195,0.0234,0.936,1305.277,500000,0.0039000000000000007,0.0,0.023400000000000087,0.023722773868163145,tap1,natural,light,20260810_141717,True
1307785,0.0156,0.0234,0.9321,1307.785,500000,0.0,0.0,0.019500000000000073,0.019500000000000073,tap1,natural,light,20260810_141717,True
1310267,0.0117,0.0273,0.936,1310.267,500000,-0.003899999999999999,0.0039000000000000007,0.023400000000000087,0.024041214611579095,tap1,natural,light,20260810_141717,True
1312784,0.0117,0.0234,0.936,1312.784,500000,-0.003899999999999999,0.0,0.023400000000000087,0.023722773868163145,tap1,natural,light,20260810_141717,True
1315292,0.0078,0.0234,0.9399,1315.292,500000,-0.0078,0.0,0.02729999999999999,0.028392428568194013,tap1,natural,light,20260810_141717,True
1317768,0.0117,0.0312,0.9321,1317.768,500000,-0.003899999999999999,0.007799999999999998,0.019500000000000073,0.021361179742701544,tap1,natural,light,20260810_141717,True
1320276,0.0117,0.0312,0.9321,1320.276,500000,-0.003899999999999999,0.007799999999999998,0.019500000000000073,0.021361179742701544,tap1,natural,light,20260810_141717,True
1322781,0.0156,0.0312,0.9321,1322.781,500000,0.0,0.007799999999999998,0.019500000000000073,0.021002142747824634,tap1,natural,light,20260810_141717,True
1325278,0.0156,0.0312,0.9477,1325.278,500000,0.0,0.007799999999999998,0.03510000000000002,0.03595622338344228,tap1,natural,light,20260810_141717,True
1327765,0.0156,0.0234,0.9438,1327.765,500000,0.0,0.0,0.031200000000000006,0.031200000000000006,tap1,natural,light,20260810_141717,True
1330278,0.0234,0.0273,0.9438,1330.278,500000,0.007800000000000001,0.0039000000000000007,0.031200000000000006,0.0323958330653805,tap1,natural,light,20260810_141717,True
1332771,0.0234,0.0234,0.936,1332.771,500000,0.007800000000000001,0.0,0.023400000000000087,0.024665765749313444,tap1,natural,light,20260810_141717,True
1335274,0.0156,0.0234,0.9282,1335.274,500000,0.0,0.0,0.015600000000000058,0.015600000000000058,tap1,natural,light,20260810_141717,True
1337765,0.0078,0.0351,0.936,1337.765,500000,-0.0078,0.011699999999999999,0.023400000000000087,0.027300000000000074,tap1,natural,light,20260810_141717,True
1340277,0.0273,0.0312,0.9477,1340.277,500000,0.011700000000000002,0.007799999999999998,0.03510000000000002,0.03781190288784739,tap1,natural,light,20260810_141717,True
1342784,0.0234,0.0234,0.9399,1342.784,500000,0.007800000000000001,0.0,0.02729999999999999,0.028392428568194013,tap1,natural,light,20260810_141717,True
1345282,0.0195,0.0234,0.9243,1345.282,500000,0.0039000000000000007,0.0,0.011700000000000044,0.012332882874656722,tap1,natural,light,20260810_141717,True
1347772,0.0234,0.0234,0.9321,1347.772,500000,0.007800000000000001,0.0,0.019500000000000073,0.021002142747824634,tap1,natural,light,20260810_141717,True
1350289,0.0195,0.0312,0.9321,1350.289,500000,0.0039000000000000007,0.007799999999999998,0.019500000000000073,0.021361179742701544,tap1,natural,light,20260810_141717,True
1352768,0.0195,0.0234,0.936,1352.768,500000,0.0039000000000000007,0.0,0.023400000000000087,0.023722773868163145,tap1,natural,light,20260810_141717,True
1355265,0.0117,0.0273,0.936,1355.265,500000,-0.003899999999999999,0.0039000000000000007,0.023400000000000087,0.024041214611579095,tap1,natural,light,20260810_141717,True
1357782,0.0195,0.0234,0.9282,1357.782,500000,0.0039000000000000007,0.0,0.015600000000000058,0.016080111939908933,tap1,natural,light,20260810_141717,True
1360270,0.0117,0.0156,0.936,1360.27,500000,-0.003899999999999999,-0.007800000000000001,0.023400000000000087,0.024972184525988192,tap1,natural,light,20260810_141717,True
1362775,0.0078,0.0312,0.9399,1362.775,500000,-0.0078,0.007799999999999998,0.02729999999999999,0.029444354297555916,tap1,natural,light,20260810_141717,True
1365274,0.0117,0.0312,0.936,1365.274,500000,-0.003899999999999999,0.007799999999999998,0.023400000000000087,0.024972184525988192,tap1,natural,light,20260810_141717,True
1367768,0.0156,0.0234,0.9321,1367.768,500000,0.0,0.0,0.019500000000000073,0.019500000000000073,tap1,natural,light,20260810_141717,True
1370284,0.0078,0.0273,0.936,1370.284,500000,-0.0078,0.0039000000000000007,0.023400000000000087,0.024972184525988192,tap1,natural,light,20260810_141717,True
1372788,0.0156,0.0234,0.9321,1372.788,500000,0.0,0.0,0.019500000000000073,0.019500000000000073,tap1,natural,light,20260810_141717,True
1375288,0.0234,0.0234,0.9321,1375.288,500000,0.007800000000000001,0.0,0.019500000000000073,0.021002142747824634,tap1,natural,light,20260810_141717,True
1377912,0.0156,0.0195,0.9282,1377.912,500000,0.0,-0.0039000000000000007,0.015600000000000058,0.016080111939908933,tap1,natural,light,20260810_141717,True
1380266,0.0117,0.0273,0.9282,1380.266,500000,-0.003899999999999999,0.0039000000000000007,0.015600000000000058,0.016546298679765266,tap1,natural,light,20260810_141717,True
1382770,0.0156,0.0273,0.9282,1382.77,500000,0.0,0.0039000000000000007,0.015600000000000058,0.016080111939908933,tap1,natural,light,20260810_141717,True
1385269,0.0195,0.0234,0.9321,1385.269,500000,0.0039000000000000007,0.0,0.019500000000000073,0.01988617610301193,tap1,natural,light,20260810_141717,True
1387781,0.0117,0.0234,0.936,1387.781,500000,-0.003899999999999999,0.0,0.023400000000000087,0.023722773868163145,tap1,natural,light,20260810_141717,True
1390265,0.0117,0.0312,0.9321,1390.265,500000,-0.003899999999999999,0.007799999999999998,0.019500000000000073,0.021361179742701544,tap1,natural,light,20260810_141717,True
1392776,0.0078,0.0312,0.9243,1392.776,500000,-0.0078,0.007799999999999998,0.011700000000000044,0.016080111939908905,tap1,natural,light,20260810_141717,True
1395275,0.0117,0.0156,0.9321,1395.275,500000,-0.003899999999999999,-0.007800000000000001,0.019500000000000073,0.021361179742701544,tap1,natural,light,20260810_141717,True
1397782,0.0156,0.0195,0.936,1397.782,500000,0.0,-0.0039000000000000007,0.023400000000000087,0.023722773868163145,tap1,natural,light,20260810_141717,True
1400274,0.0156,0.0273,0.9321,1400.274,500000,0.0,0.0039000000000000007,0.019500000000000073,0.01988617610301193,tap1,natural,light,20260810_141717,True
1402771,0.0078,0.0234,0.9399,1402.771,500000,-0.0078,0.0,0.02729999999999999,0.028392428568194013,tap1,natural,light,20260810_141717,True
1405268,0.0117,0.0234,0.936,1405.268,500000,-0.003899999999999999,0.0,0.023400000000000087,0.023722773868163145,tap1,natural,light,20260810_141717,True
1407777,0.0195,0.0234,0.9321,1407.777,500000,0.0039000000000000007,0.0,0.019500000000000073,0.01988617610301193,tap1,natural,light,20260810_141717,True
1410289,0.0117,0.0234,0.936,1410.289,500000,-0.003899999999999999,0.0,0.023400000000000087,0.023722773868163145,tap1,natural,light,20260810_141717,True
1412780,0.0078,0.0234,0.9243,1412.78,500000,-0.0078,0.0,0.011700000000000044,0.014061649974309594,tap1,natural,light,20260810_141717,True
1415288,0.0078,0.0234,0.936,1415.288,500000,-0.0078,0.0,0.023400000000000087,0.024665765749313444,tap1,natural,light,20260810_141717,True
1417766,0.0156,0.0234,0.9282,1417.766,500000,0.0,0.0,0.015600000000000058,0.015600000000000058,tap1,natural,light,20260810_141717,True
1420282,0.0039,0.0234,0.9243,1420.282,500000,-0.011699999999999999,0.0,0.011700000000000044,0.01654629867976524,tap1,natural,light,20260810_141717,True
1422785,0.0195,0.0234,0.936,1422.785,500000,0.0039000000000000007,0.0,0.023400000000000087,0.023722773868163145,tap1,natural,light,20260810_141717,True
1425282,0.0195,0.0234,0.936,1425.282,500000,0.0039000000000000007,0.0,0.023400000000000087,0.023722773868163145,tap1,natural,light,20260810_141717,True
1427769,0.0195,0.0273,0.9243,1427.769,500000,0.0039000000000000007,0.0039000000000000007,0.011700000000000044,0.012934836682386099,tap1,natural,light,20260810_141717,True
1430284,0.0078,0.0351,0.9321,1430.284,500000,-0.0078,0.011699999999999999,0.019500000000000073,0.024041214611579067,tap1,natural,light,20260810_141717,True
1432788,0.0156,0.0195,0.9321,1432.788,500000,0.0,-0.0039000000000000007,0.019500000000000073,0.01988617610301193,tap1,natural,light,20260810_141717,True
1435286,0.0195,0.0312,0.9321,1435.286,500000,0.0039000000000000007,0.007799999999999998,0.019500000000000073,0.021361179742701544,tap1,natural,light,20260810_141717,True
1437781,0.0156,0.0273,0.9321,1437.781,500000,0.0,0.0039000000000000007,0.019500000000000073,0.01988617610301193,tap1,natural,light,20260810_141717,True
1440267,0.0156,0.0156,0.9282,1440.267,500000,0.0,-0.007800000000000001,0.015600000000000058,0.017441330224498414,tap1,natural,light,20260810_141717,True
1442773,0.0195,0.0195,0.9282,1442.773,500000,0.0039000000000000007,-0.0039000000000000007,0.015600000000000058,0.01654629867976527,tap1,natural,light,20260810_141717,True
1445272,0.0234,0.0156,0.936,1445.272,500000,0.007800000000000001,-0.007800000000000001,0.023400000000000087,0.025869673364772198,tap1,natural,light,20260810_141717,True
1447791,0.0195,0.0195,0.9243,1447.791,500000,0.0039000000000000007,-0.0039000000000000007,0.011700000000000044,0.012934836682386099,tap1,natural,light,20260810_141717,True
1450269,0.0117,0.0234,0.936,1450.269,500000,-0.003899999999999999,0.0,0.023400000000000087,0.023722773868163145,tap1,natural,light,20260810_141717,True
1452774,0.0117,0.0234,0.9243,1452.774,500000,-0.003899999999999999,0.0,0.011700000000000044,0.01233288287465672,tap1,natural,light,20260810_141717,True
1455271,0.0117,0.0234,0.9126,1455.271,500000,-0.003899999999999999,0.0,0.0,0.003899999999999999,tap1,natural,light,20260810_141717,True
1457789,0.0117,0.0312,0.9243,1457.789,500000,-0.003899999999999999,0.007799999999999998,0.011700000000000044,0.014592463808418405,tap1,natural,light,20260810_141717,True
1460266,0.0078,0.0312,0.9282,1460.266,500000,-0.0078,0.007799999999999998,0.015600000000000058,0.019106019993708836,tap1,natural,light,20260810_141717,True
1462783,0.0117,0.0312,0.9282,1462.783,500000,-0.003899999999999999,0.007799999999999998,0.015600000000000058,0.017872045210327824,tap1,natural,light,20260810_141717,True
1465281,0.0195,0.0312,0.9243,1465.281,500000,0.0039000000000000007,0.007799999999999998,0.011700000000000044,0.014592463808418405,tap1,natural,light,20260810_141717,True
1467778,0.0156,0.0273,0.9282,1467.778,500000,0.0,0.0039000000000000007,0.015600000000000058,0.016080111939908933,tap1,natural,light,20260810_141717,True
1470290,0.0078,0.0273,0.936,1470.29,500000,-0.0078,0.0039000000000000007,0.023400000000000087,0.024972184525988192,tap1,natural,light,20260810_141717,True
1472769,0.0117,0.0273,0.9282,1472.769,500000,-0.003899999999999999,0.0039000000000000007,0.015600000000000058,0.016546298679765266,tap1,natural,light,20260810_141717,True
1475267,0.0117,0.0195,0.9282,1475.267,500000,-0.003899999999999999,-0.0039000000000000007,0.015600000000000058,0.016546298679765266,tap1,natural,light,20260810_141717,True
1477786,0.0195,0.0234,0.9321,1477.786,500000,0.0039000000000000007,0.0,0.019500000000000073,0.01988617610301193,tap1,natural,light,20260810_141717,True
1480278,0.0117,0.0234,0.9321,1480.278,500000,-0.003899999999999999,0.0,0.019500000000000073,0.01988617610301193,tap1,natural,light,20260810_141717,True
1482786,0.0195,0.0312,0.9321,1482.786,500000,0.0039000000000000007,0.007799999999999998,0.019500000000000073,0.021361179742701544,tap1,natural,light,20260810_141717,True
1485285,0.0156,0.0351,0.9243,1485.285,500000,0.0,0.011699999999999999,0.011700000000000044,0.01654629867976524,tap1,natural,light,20260810_141717,True
1487765,0.0195,0.0195,0.9282,1487.765,500000,0.0039000000000000007,-0.0039000000000000007,0.015600000000000058,0.01654629867976527,tap1,natural,light,20260810_141717,True
1490283,0.0078,0.0234,0.9282,1490.283,500000,-0.0078,0.0,0.015600000000000058,0.01744133022449841,tap1,natural,light,20260810_141717,True
1492765,0.0117,0.0312,0.9243,1492.765,500000,-0.003899999999999999,0.007799999999999998,0.011700000000000044,0.014592463808418405,tap1,natural,light,20260810_141717,True
1495266,0.0156,0.0195,0.9126,1495.266,500000,0.0,-0.0039000000000000007,0.0,0.0039000000000000007,tap1,natural,light,20260810_141717,True
1497786,0.0078,0.0273,0.9282,1497.786,500000,-0.0078,0.0039000000000000007,0.015600000000000058,0.017872045210327828,tap1,natural,light,20260810_141717,True
1500282,0.0117,0.0312,0.9321,1500.282,500000,-0.003899999999999999,0.007799999999999998,0.019500000000000073,0.021361179742701544,tap1,natural,light,20260810_141717,True
1502773,0.0117,0.0273,0.9321,1502.773,500000,-0.003899999999999999,0.0039000000000000007,0.019500000000000073,0.020264994448555933,tap1,natural,light,20260810_141717,True
1505271,0.0117,0.0234,0.9126,1505.271,500000,-0.003899999999999999,0.0,0.0,0.003899999999999999,tap1,natural,light,20260810_141717,True
1507780,0.0156,0.0234,0.9243,1507.78,500000,0.0,0.0,0.011700000000000044,0.011700000000000044,tap1,natural,light,20260810_141717,True
1510288,0.0117,0.0195,0.9282,1510.288,500000,-0.003899999999999999,-0.0039000000000000007,0.015600000000000058,0.016546298679765266,tap1,natural,light,20260810_141717,True
1512782,0.0195,0.0234,0.9399,1512.782,500000,0.0039000000000000007,0.0,0.02729999999999999,0.027577164466275342,tap1,natural,light,20260810_141717,True
1515289,0.0078,0.0234,0.9243,1515.289,500000,-0.0078,0.0,0.011700000000000044,0.014061649974309594,tap1,natural,light,20260810_141717,True
1517766,0.0195,0.0156,0.9321,1517.766,500000,0.0039000000000000007,-0.007800000000000001,0.019500000000000073,0.021361179742701544,tap1,natural,light,20260810_141717,True
1520278,0.0195,0.0234,0.9243,1520.278,500000,0.0039000000000000007,0.0,0.011700000000000044,0.012332882874656722,tap1,natural,light,20260810_141717,True
1522783,0.0156,0.0234,0.9204,1522.783,500000,0.0,0.0,0.007800000000000029,0.007800000000000029,tap1,natural,light,20260810_141717,True
1525280,0.0156,0.0234,0.9282,1525.28,500000,0.0,0.0,0.015600000000000058,0.015600000000000058,tap1,natural,light,20260810_141717,True
1527783,0.0156,0.0273,0.9204,1527.783,500000,0.0,0.0039000000000000007,0.007800000000000029,0.008720665112249207,tap1,natural,light,20260810_141717,True
1530266,0.0156,0.0273,0.9204,1530.266,500000,0.0,0.0039000000000000007,0.007800000000000029,0.008720665112249207,tap1,natural,light,20260810_141717,True
1532770,0.0156,0.0195,0.9243,1532.77,500000,0.0,-0.0039000000000000007,0.011700000000000044,0.012332882874656722,tap1,natural,light,20260810_141717,True
1535267,0.0234,0.0234,0.9243,1535.267,500000,0.007800000000000001,0.0,0.011700000000000044,0.014061649974309596,tap1,natural,light,20260810_141717,True
1537788,0.0273,0.0273,0.9282,1537.788,500000,0.011700000000000002,0.0039000000000000007,0.015600000000000058,0.019886176103011906,tap1,natural,light,20260810_141717,True
1540267,0.0156,0.0351,0.9243,1540.267,500000,0.0,0.011699999999999999,0.011700000000000044,0.01654629867976524,tap1,natural,light,20260810_141717,True
1542777,0.0195,0.0312,0.9282,1542.777,500000,0.0039000000000000007,0.007799999999999998,0.015600000000000058,0.017872045210327828,tap1,natural,light,20260810_141717,True
1545275,0.0195,0.0273,0.9165,1545.275,500000,0.0039000000000000007,0.0039000000000000007,0.0039000000000000146,0.006754998149518631,tap1,natural,light,20260810_141717,True
1547765,0.0117,0.0273,0.9243,1547.765,500000,-0.003899999999999999,0.0039000000000000007,0.011700000000000044,0.012934836682386099,tap1,natural,light,20260810_141717,True
1550277,0.0117,0.0234,0.9477,1550.277,500000,-0.003899999999999999,0.0,0.03510000000000002,0.035316002038735944,tap1,natural,light,20260810_141717,True
1552782,0.0156,0.0312,0.9243,1552.782,500000,0.0,0.007799999999999998,0.011700000000000044,0.014061649974309594,tap1,natural,light,20260810_141717,True
1555280,0.0117,0.0195,0.9243,1555.28,500000,-0.003899999999999999,-0.0039000000000000007,0.011700000000000044,0.012934836682386099,tap1,natural,light,20260810_141717,True
1557768,0.0117,0.0273,0.9126,1557.768,500000,-0.003899999999999999,0.0039000000000000007,0.0,0.00551543289325507,tap1,natural,light,20260810_141717,True
1560276,0.0117,0.0312,0.936,1560.276,500000,-0.003899999999999999,0.007799999999999998,0.023400000000000087,0.024972184525988192,tap1,natural,light,20260810_141717,True
1562781,0.0195,0.0312,0.9165,1562.781,500000,0.0039000000000000007,0.007799999999999998,0.0039000000000000146,0.0095530099968544,tap1,natural,light,20260810_141717,True
1565277,0.0156,0.0234,0.9282,1565.277,500000,0.0,0.0,0.015600000000000058,0.015600000000000058,tap1,natural,light,20260810_141717,True
1567769,0.0117,0.0312,0.9243,1567.769,500000,-0.003899999999999999,0.007799999999999998,0.011700000000000044,0.014592463808418405,tap1,natural,light,20260810_141717,True
1570281,0.0117,0.0273,0.9204,1570.281,500000,-0.003899999999999999,0.0039000000000000007,0.007800000000000029,0.009553009996854418,tap1,natural,light,20260810_141717,True
1572787,0.0195,0.0273,0.9243,1572.787,500000,0.0039000000000000007,0.0039000000000000007,0.011700000000000044,0.012934836682386099,tap1,natural,light,20260810_141717,True
1575284,0.0195,0.0273,0.9321,1575.284,500000,0.0039000000000000007,0.0039000000000000007,0.019500000000000073,0.020264994448555933,tap1,natural,light,20260810_141717,True
1577778,0.0117,0.0312,0.9204,1577.778,500000,-0.003899999999999999,0.007799999999999998,0.007800000000000029,0.011700000000000018,tap1,natural,light,20260810_141717,True
1580287,0.0078,0.0312,0.9282,1580.287,500000,-0.0078,0.007799999999999998,0.015600000000000058,0.019106019993708836,tap1,natural,light,20260810_141717,True
1582769,0.0156,0.0273,0.9243,1582.769,500000,0.0,0.0039000000000000007,0.011700000000000044,0.012332882874656722,tap1,natural,light,20260810_141717,True
1585270,0.0156,0.0312,0.9165,1585.27,500000,0.0,0.007799999999999998,0.0039000000000000146,0.008720665112249185,tap1,natural,light,20260810_141717,True
1587763,0.0117,0.0234,0.9282,1587.763,500000,-0.003899999999999999,0.0,0.015600000000000058,0.016080111939908933,tap1,natural,light,20260810_141717,True
1590280,0.0117,0.0273,0.9204,1590.28,500000,-0.003899999999999999,0.0039000000000000007,0.007800000000000029,0.009553009996854418,tap1,natural,light,20260810_141717,True
1592788,0.0117,0.0234,0.9282,1592.788,500000,-0.003899999999999999,0.0,0.015600000000000058,0.016080111939908933,tap1,natural,light,20260810_141717,True
1595282,0.0195,0.0156,0.9282,1595.282,500000,0.0039000000000000007,-0.007800000000000001,0.015600000000000058,0.017872045210327828,tap1,natural,light,20260810_141717,True
1597764,0.0078,0.0234,0.9282,1597.764,500000,-0.0078,0.0,0.015600000000000058,0.01744133022449841,tap1,natural,light,20260810_141717,True
1600285,0.0078,0.0195,0.9204,1600.285,500000,-0.0078,-0.0039000000000000007,0.007800000000000029,0.01170000000000002,tap1,natural,light,20260810_141717,True
1602773,0.0156,0.0234,0.9243,1602.773,500000,0.0,0.0,0.011700000000000044,0.011700000000000044,tap1,natural,light,20260810_141717,True
1605270,0.0234,0.0234,0.9282,1605.27,500000,0.007800000000000001,0.0,0.015600000000000058,0.017441330224498414,tap1,natural,light,20260810_141717,True
1607777,0.0156,0.0156,0.9243,1607.777,500000,0.0,-0.007800000000000001,0.011700000000000044,0.014061649974309596,tap1,natural,light,20260810_141717,True
1610287,0.0156,0.0156,0.9204,1610.287,500000,0.0,-0.007800000000000001,0.007800000000000029,0.011030865786510163,tap1,natural,light,20260810_141717,True
1612783,0.0117,0.0273,0.9204,1612.783,500000,-0.003899999999999999,0.0039000000000000007,0.007800000000000029,0.009553009996854418,tap1,natural,light,20260810_141717,True
1615290,0.0117,0.0234,0.9204,1615.29,500000,-0.003899999999999999,0.0,0.007800000000000029,0.008720665112249205,tap1,natural,light,20260810_141717,True
1617768,0.0195,0.0312,0.9204,1617.768,500000,0.0039000000000000007,0.007799999999999998,0.007800000000000029,0.011700000000000018,tap1,natural,light,20260810_141717,True
1620280,0.0156,0.0234,0.9321,1620.28,500000,0.0,0.0,0.019500000000000073,0.019500000000000073,tap1,natural,light,20260810_141717,True
1622785,0.0117,0.0195,0.9243,1622.785,500000,-0.003899999999999999,-0.0039000000000000007,0.011700000000000044,0.012934836682386099,tap1,natural,light,20260810_141717,True
1625280,0.0195,0.0234,0.9243,1625.28,500000,0.0039000000000000007,0.0,0.011700000000000044,0.012332882874656722,tap1,natural,light,20260810_141717,True
1627771,0.0117,0.0312,0.9282,1627.771,500000,-0.003899999999999999,0.007799999999999998,0.015600000000000058,0.017872045210327824,tap1,natural,light,20260810_141717,True
1630283,0.0156,0.0234,0.9204,1630.283,500000,0.0,0.0,0.007800000000000029,0.007800000000000029,tap1,natural,light,20260810_141717,True
1632789,0.0195,0.0195,0.9204,1632.789,500000,0.0039000000000000007,-0.0039000000000000007,0.007800000000000029,0.00955300999685442,tap1,natural,light,20260810_141717,True
1635287,0.0195,0.0234,0.9126,1635.287,500000,0.0039000000000000007,0.0,0.0,0.0039000000000000007,tap1,natural,light,20260810_141717,True
1637782,0.0195,0.0234,0.9126,1637.782,500000,0.0039000000000000007,0.0,0.0,0.0039000000000000007,tap1,natural,light,20260810_141717,True
1640292,0.0273,0.0234,0.9321,1640.292,500000,0.011700000000000002,0.0,0.019500000000000073,0.022740712389896733,tap1,natural,light,20260810_141717,True
1642771,0.0195,0.0312,0.9126,1642.771,500000,0.0039000000000000007,0.007799999999999998,0.0,0.00872066511224918,tap1,natural,light,20260810_141717,True
1645269,0.0195,0.0234,0.9204,1645.269,500000,0.0039000000000000007,0.0,0.007800000000000029,0.008720665112249207,tap1,natural,light,20260810_141717,True
1647789,0.0078,0.0273,0.9204,1647.789,500000,-0.0078,0.0039000000000000007,0.007800000000000029,0.01170000000000002,tap1,natural,light,20260810_141717,True
1650269,0.0195,0.0273,0.9321,1650.269,500000,0.0039000000000000007,0.0039000000000000007,0.019500000000000073,0.020264994448555933,tap1,natural,light,20260810_141717,True
1652774,0.0117,0.0234,0.9204,1652.774,500000,-0.003899999999999999,0.0,0.007800000000000029,0.008720665112249205,tap1,natural,light,20260810_141717,True
1655273,0.0117,0.0117,0.9165,1655.273,500000,-0.003899999999999999,-0.0117,0.0039000000000000146,0.012934836682386064,tap1,natural,light,20260810_141717,True
1657792,0.0195,0.0312,0.9204,1657.792,500000,0.0039000000000000007,0.007799999999999998,0.007800000000000029,0.011700000000000018,tap1,natural,light,20260810_141717,True
1660287,0.0117,0.0312,0.9165,1660.287,500000,-0.003899999999999999,0.007799999999999998,0.0039000000000000146,0.009553009996854399,tap1,natural,light,20260810_141717,True
1662770,0.0195,0.0273,0.9204,1662.77,500000,0.0039000000000000007,0.0039000000000000007,0.007800000000000029,0.00955300999685442,tap1,natural,light,20260810_141717,True
1665267,0.0156,0.0195,0.9321,1665.267,500000,0.0,-0.0039000000000000007,0.019500000000000073,0.01988617610301193,tap1,natural,light,20260810_141717,True
1667763,0.0156,0.0273,0.9243,1667.763,500000,0.0,0.0039000000000000007,0.011700000000000044,0.012332882874656722,tap1,natural,light,20260810_141717,True
1670276,0.0195,0.0195,0.9204,1670.276,500000,0.0039000000000000007,-0.0039000000000000007,0.007800000000000029,0.00955300999685442,tap1,natural,light,20260810_141717,True
1672783,0.0117,0.0273,0.9126,1672.783,500000,-0.003899999999999999,0.0039000000000000007,0.0,0.00551543289325507,tap1,natural,light,20260810_141717,True
1675280,0.0156,0.0351,0.9321,1675.28,500000,0.0,0.011699999999999999,0.019500000000000073,0.022740712389896733,tap1,natural,light,20260810_141717,True
1677767,0.0195,0.0273,0.9204,1677.767,500000,0.0039000000000000007,0.0039000000000000007,0.007800000000000029,0.00955300999685442,tap1,natural,light,20260810_141717,True
1680281,0.0156,0.0273,0.9282,1680.281,500000,0.0,0.0039000000000000007,0.015600000000000058,0.016080111939908933,tap1,natural,light,20260810_141717,True
1682784,0.0156,0.0234,0.9126,1682.784,500000,0.0,0.0,0.0,0.0,tap1,natural,light,20260810_141717,True
1685265,0.0195,0.0156,0.9204,1685.265,500000,0.0039000000000000007,-0.007800000000000001,0.007800000000000029,0.011700000000000021,tap1,natural,light,20260810_141717,True
1687768,0.0117,0.0234,0.9243,1687.768,500000,-0.003899999999999999,0.0,0.011700000000000044,0.01233288287465672,tap1,natural,light,20260810_141717,True
1690284,0.0117,0.0234,0.9087,1690.284,500000,-0.003899999999999999,0.0,-0.0039000000000000146,0.00551543289325508,tap1,natural,light,20260810_141717,True
1692771,0.0117,0.0312,0.9204,1692.771,500000,-0.003899999999999999,0.007799999999999998,0.007800000000000029,0.011700000000000018,tap1,natural,light,20260810_141717,True
1695273,0.0078,0.0273,0.9165,1695.273,500000,-0.0078,0.0039000000000000007,0.0039000000000000146,0.0095530099968544,tap1,natural,light,20260810_141717,True
1697765,0.0195,0.0234,0.9165,1697.765,500000,0.0039000000000000007,0.0,0.0039000000000000146,0.005515432893255082,tap1,natural,light,20260810_141717,True
1700280,0.0156,0.0273,0.9243,1700.28,500000,0.0,0.0039000000000000007,0.011700000000000044,0.012332882874656722,tap1,natural,light,20260810_141717,True
1702771,0.0117,0.0273,0.9204,1702.771,500000,-0.003899999999999999,0.0039000000000000007,0.007800000000000029,0.009553009996854418,tap1,natural,light,20260810_141717,True
1705270,0.0234,0.0273,0.9204,1705.27,500000,0.007800000000000001,0.0039000000000000007,0.007800000000000029,0.011700000000000021,tap1,natural,light,20260810_141717,True
1707778,0.0156,0.0195,0.9165,1707.778,500000,0.0,-0.0039000000000000007,0.0039000000000000146,0.005515432893255082,tap1,natural,light,20260810_141717,True
1710283,0.0195,0.0195,0.9165,1710.283,500000,0.0039000000000000007,-0.0039000000000000007,0.0039000000000000146,0.006754998149518631,tap1,natural,light,20260810_141717,True
1712763,0.0117,0.0156,0.9204,1712.763,500000,-0.003899999999999999,-0.007800000000000001,0.007800000000000029,0.01170000000000002,tap1,natural,light,20260810_141717,True
1715270,0.0156,0.0195,0.9204,1715.27,500000,0.0,-0.0039000000000000007,0.007800000000000029,0.008720665112249207,tap1,natural,light,20260810_141717,True
1717774,0.0156,0.0234,0.9243,1717.774,500000,0.0,0.0,0.011700000000000044,0.011700000000000044,tap1,natural,light,20260810_141717,True
1720284,0.0195,0.0234,0.9204,1720.284,500000,0.0039000000000000007,0.0,0.007800000000000029,0.008720665112249207,tap1,natural,light,20260810_141717,True
1722763,0.0156,0.0234,0.9165,1722.763,500000,0.0,0.0,0.0039000000000000146,0.0039000000000000146,tap1,natural,light,20260810_141717,True
1725277,0.0117,0.0234,0.9243,1725.277,500000,-0.003899999999999999,0.0,0.011700000000000044,0.01233288287465672,tap1,natural,light,20260810_141717,True
1727771,0.0078,0.0234,0.9204,1727.771,500000,-0.0078,0.0,0.007800000000000029,0.011030865786510162,tap1,natural,light,20260810_141717,True
1730283,0.0234,0.0234,0.9282,1730.283,500000,0.007800000000000001,0.0,0.015600000000000058,0.017441330224498414,tap1,natural,light,20260810_141717,True
1732789,0.0156,0.0156,0.9243,1732.789,500000,0.0,-0.007800000000000001,0.011700000000000044,0.014061649974309596,tap1,natural,light,20260810_141717,True
1735287,0.0156,0.0234,0.9126,1735.287,500000,0.0,0.0,0.0,0.0,tap1,natural,light,20260810_141717,True
1737784,0.0117,0.0234,0.9243,1737.784,500000,-0.003899999999999999,0.0,0.011700000000000044,0.01233288287465672,tap1,natural,light,20260810_141717,True
1740291,0.0156,0.0156,0.9282,1740.291,500000,0.0,-0.007800000000000001,0.015600000000000058,0.017441330224498414,tap1,natural,light,20260810_141717,True
1742774,0.0156,0.0156,0.9282,1742.774,500000,0.0,-0.007800000000000001,0.015600000000000058,0.017441330224498414,tap1,natural,light,20260810_141717,True
1745274,0.0117,0.0312,0.9243,1745.274,500000,-0.003899999999999999,0.007799999999999998,0.011700000000000044,0.014592463808418405,tap1,natural,light,20260810_141717,True
1747766,0.0156,0.0273,0.9165,1747.766,500000,0.0,0.0039000000000000007,0.0039000000000000146,0.005515432893255082,tap1,natural,light,20260810_141717,True
1750272,0.0117,0.0234,0.9204,1750.272,500000,-0.003899999999999999,0.0,0.007800000000000029,0.008720665112249205,tap1,natural,light,20260810_141717,True
1752776,0.0156,0.0156,0.9204,1752.776,500000,0.0,-0.007800000000000001,0.007800000000000029,0.011030865786510163,tap1,natural,light,20260810_141717,True
1755273,0.0156,0.0234,0.9321,1755.273,500000,0.0,0.0,0.019500000000000073,0.019500000000000073,tap1,natural,light,20260810_141717,True
1757763,0.0156,0.0234,0.9126,1757.763,500000,0.0,0.0,0.0,0.0,tap1,natural,light,20260810_141717,True
1760269,0.0117,0.0234,0.936,1760.269,500000,-0.003899999999999999,0.0,0.023400000000000087,0.023722773868163145,tap1,natural,light,20260810_141717,True
1762774,0.0234,0.0234,0.9204,1762.774,500000,0.007800000000000001,0.0,0.007800000000000029,0.011030865786510163,tap1,natural,light,20260810_141717,True
1765271,0.0117,0.0234,0.9243,1765.271,500000,-0.003899999999999999,0.0,0.011700000000000044,0.01233288287465672,tap1,natural,light,20260810_141717,True
1767764,0.0195,0.0234,0.9126,1767.764,500000,0.0039000000000000007,0.0,0.0,0.0039000000000000007,tap1,natural,light,20260810_141717,True
1770271,0.0156,0.0351,0.9243,1770.271,500000,0.0,0.011699999999999999,0.011700000000000044,0.01654629867976524,tap1,natural,light,20260810_141717,True
1772776,0.0117,0.0273,0.9126,1772.776,500000,-0.003899999999999999,0.0039000000000000007,0.0,0.00551543289325507,tap1,natural,light,20260810_141717,True
1775273,0.0156,0.0273,0.9243,1775.273,500000,0.0,0.0039000000000000007,0.011700000000000044,0.012332882874656722,tap1,natural,light,20260810_141717,True
1777764,0.0195,0.0234,0.9282,1777.764,500000,0.0039000000000000007,0.0,0.015600000000000058,0.016080111939908933,tap1,natural,light,20260810_141717,True
1780270,0.0195,0.0273,0.9282,1780.27,500000,0.0039000000000000007,0.0039000000000000007,0.015600000000000058,0.01654629867976527,tap1,natural,light,20260810_141717,True
1782774,0.0156,0.0312,0.9204,1782.774,500000,0.0,0.007799999999999998,0.007800000000000029,0.01103086578651016,tap1,natural,light,20260810_141717,True
1785271,0.0156,0.0273,0.9204,1785.271,500000,0.0,0.0039000000000000007,0.007800000000000029,0.008720665112249207,tap1,natural,light,20260810_141717,True
1787772,0.0117,0.0273,0.9204,1787.772,500000,-0.003899999999999999,0.0039000000000000007,0.007800000000000029,0.009553009996854418,tap1,natural,light,20260810_141717,True
1790808,0.0156,0.0273,0.9126,1790.808,500000,0.0,0.0039000000000000007,0.0,0.0039000000000000007,tap1,natural,light,20260810_141717,True
1792788,0.0117,0.0273,0.9282,1792.788,500000,-0.003899999999999999,0.0039000000000000007,0.015600000000000058,0.016546298679765266,tap1,natural,light,20260810_141717,True
1795289,0.0156,0.0234,0.9126,1795.289,500000,0.0,0.0,0.0,0.0,tap1,natural,light,20260810_141717,True
1797783,0.0117,0.0195,0.9165,1797.783,500000,-0.003899999999999999,-0.0039000000000000007,0.0039000000000000146,0.00675499814951863,tap1,natural,light,20260810_141717,True
1800264,0.0117,0.0195,0.9204,1800.264,500000,-0.003899999999999999,-0.0039000000000000007,0.007800000000000029,0.009553009996854418,tap1,natural,light,20260810_141717,True
1802787,0.0156,0.0234,0.9204,1802.787,500000,0.0,0.0,0.007800000000000029,0.007800000000000029,tap1,natural,light,20260810_141717,True
1805287,0.0156,0.0195,0.9165,1805.287,500000,0.0,-0.0039000000000000007,0.0039000000000000146,0.005515432893255082,tap1,natural,light,20260810_141717,True
1807768,0.0078,0.0312,0.9243,1807.768,500000,-0.0078,0.007799999999999998,0.011700000000000044,0.016080111939908905,tap1,natural,light,20260810_141717,True
1810279,0.0195,0.0195,0.9165,1810.279,500000,0.0039000000000000007,-0.0039000000000000007,0.0039000000000000146,0.006754998149518631,tap1,natural,light,20260810_141717,True
1812768,0.0234,0.0195,0.9087,1812.768,500000,0.007800000000000001,-0.0039000000000000007,-0.0039000000000000146,0.009553009996854402,tap1,natural,light,20260810_141717,True
1815276,0.0078,0.0273,0.9282,1815.276,500000,-0.0078,0.0039000000000000007,0.015600000000000058,0.017872045210327828,tap1,natural,light,20260810_141717,True
1817776,0.0117,0.0234,0.9243,1817.776,500000,-0.003899999999999999,0.0,0.011700000000000044,0.01233288287465672,tap1,natural,light,20260810_141717,True
1820263,0.0117,0.0312,0.9126,1820.263,500000,-0.003899999999999999,0.007799999999999998,0.0,0.008720665112249178,tap1,natural,light,20260810_141717,True
1822772,0.0117,0.0312,0.9126,1822.772,500000,-0.003899999999999999,0.007799999999999998,0.0,0.008720665112249178,tap1,natural,light,20260810_141717,True
1825268,0.0234,0.0156,0.9126,1825.268,500000,0.007800000000000001,-0.007800000000000001,0.0,0.011030865786510143,tap1,natural,light,20260810_141717,True
1827785,0.0156,0.0273,0.9204,1827.785,500000,0.0,0.0039000000000000007,0.007800000000000029,0.008720665112249207,tap1,natural,light,20260810_141717,True
1830269,0.0156,0.0195,0.9126,1830.269,500000,0.0,-0.0039000000000000007,0.0,0.0039000000000000007,tap1,natural,light,20260810_141717,True
1832773,0.0117,0.0273,0.9204,1832.773,500000,-0.003899999999999999,0.0039000000000000007,0.007800000000000029,0.009553009996854418,tap1,natural,light,20260810_141717,True
1835270,0.0156,0.0234,0.9204,1835.27,500000,0.0,0.0,0.007800000000000029,0.007800000000000029,tap1,natural,light,20260810_141717,True
1837787,0.0156,0.0312,0.9282,1837.787,500000,0.0,0.007799999999999998,0.015600000000000058,0.01744133022449841,tap1,natural,light,20260810_141717,True
1840270,0.0039,0.0312,0.9126,1840.27,500000,-0.011699999999999999,0.007799999999999998,0.0,0.014061649974309556,tap1,natural,light,20260810_141717,True
1842778,0.0156,0.0195,0.9243,1842.778,500000,0.0,-0.0039000000000000007,0.011700000000000044,0.012332882874656722,tap1,natural,light,20260810_141717,True
1845277,0.0156,0.0273,0.9165,1845.277,500000,0.0,0.0039000000000000007,0.0039000000000000146,0.005515432893255082,tap1,natural,light,20260810_141717,True
1847764,0.0156,0.0273,0.9165,1847.764,500000,0.0,0.0039000000000000007,0.0039000000000000146,0.005515432893255082,tap1,natural,light,20260810_141717,True
1850279,0.0156,0.0195,0.9243,1850.279,500000,0.0,-0.0039000000000000007,0.011700000000000044,0.012332882874656722,tap1,natural,light,20260810_141717,True
1852782,0.0078,0.0273,0.9243,1852.782,500000,-0.0078,0.0039000000000000007,0.011700000000000044,0.014592463808418407,tap1,natural,light,20260810_141717,True
1855278,0.0156,0.0156,0.9243,1855.278,500000,0.0,-0.007800000000000001,0.011700000000000044,0.014061649974309596,tap1,natural,light,20260810_141717,True
1857775,0.0156,0.0156,0.9204,1857.775,500000,0.0,-0.007800000000000001,0.007800000000000029,0.011030865786510163,tap1,natural,light,20260810_141717,True
1860290,0.0156,0.0234,0.9243,1860.29,500000,0.0,0.0,0.011700000000000044,0.011700000000000044,tap1,natural,light,20260810_141717,True
1862769,0.0078,0.0273,0.9243,1862.769,500000,-0.0078,0.0039000000000000007,0.011700000000000044,0.014592463808418407,tap1,natural,light,20260810_141717,True
1865266,0.0117,0.0273,0.9126,1865.266,500000,-0.003899999999999999,0.0039000000000000007,0.0,0.00551543289325507,tap1,natural,light,20260810_141717,True
1867788,0.0195,0.0234,0.9204,1867.788,500000,0.0039000000000000007,0.0,0.007800000000000029,0.008720665112249207,tap1,natural,light,20260810_141717,True
1870267,0.0039,0.039,0.9165,1870.267,500000,-0.011699999999999999,0.0156,0.0039000000000000146,0.01988617610301186,tap1,natural,light,20260810_141717,True
1872772,0.0117,0.0234,0.9165,1872.772,500000,-0.003899999999999999,0.0,0.0039000000000000146,0.00551543289325508,tap1,natural,light,20260810_141717,True
1875269,0.0078,0.0234,0.9165,1875.269,500000,-0.0078,0.0,0.0039000000000000146,0.008720665112249186,tap1,natural,light,20260810_141717,True
1877788,0.0078,0.0273,0.9165,1877.788,500000,-0.0078,0.0039000000000000007,0.0039000000000000146,0.0095530099968544,tap1,natural,light,20260810_141717,True
1880271,0.0234,0.0234,0.9204,1880.271,500000,0.007800000000000001,0.0,0.007800000000000029,0.011030865786510163,tap1,natural,light,20260810_141717,True
1882774,0.0234,0.0273,0.9204,1882.774,500000,0.007800000000000001,0.0039000000000000007,0.007800000000000029,0.011700000000000021,tap1,natural,light,20260810_141717,True
1885273,0.0234,0.0156,0.9165,1885.273,500000,0.007800000000000001,-0.007800000000000001,0.0039000000000000146,0.011700000000000007,tap1,natural,light,20260810_141717,True
1887790,0.0156,0.0234,0.9126,1887.79,500000,0.0,0.0,0.0,0.0,tap1,natural,light,20260810_141717,True
1890273,0.0117,0.0312,0.9204,1890.273,500000,-0.003899999999999999,0.007799999999999998,0.007800000000000029,0.011700000000000018,tap1,natural,light,20260810_141717,True
1892787,0.0156,0.0273,0.9204,1892.787,500000,0.0,0.0039000000000000007,0.007800000000000029,0.008720665112249207,tap1,natural,light,20260810_141717,True
1895286,0.0117,0.0234,0.9204,1895.286,500000,-0.003899999999999999,0.0,0.007800000000000029,0.008720665112249205,tap1,natural,light,20260810_141717,True
1897784,0.0234,0.0273,0.9204,1897.784,500000,0.007800000000000001,0.0039000000000000007,0.007800000000000029,0.011700000000000021,tap1,natural,light,20260810_141717,True
1900278,0.0156,0.0273,0.9165,1900.278,500000,0.0,0.0039000000000000007,0.0039000000000000146,0.005515432893255082,tap1,natural,light,20260810_141717,True
1902769,0.0117,0.0273,0.9126,1902.769,500000,-0.003899999999999999,0.0039000000000000007,0.0,0.00551543289325507,tap1,natural,light,20260810_141717,True
1905266,0.0156,0.0234,0.9165,1905.266,500000,0.0,0.0,0.0039000000000000146,0.0039000000000000146,tap1,natural,light,20260810_141717,True
1907773,0.0156,0.0312,0.9087,1907.773,500000,0.0,0.007799999999999998,-0.0039000000000000146,0.008720665112249185,tap1,natural,light,20260810_141717,True
1910281,0.0234,0.0312,0.9126,1910.281,500000,0.007800000000000001,0.007799999999999998,0.0,0.01103086578651014,tap1,natural,light,20260810_141717,True
1912770,0.0117,0.0312,0.9204,1912.77,500000,-0.003899999999999999,0.007799999999999998,0.007800000000000029,0.011700000000000018,tap1,natural,light,20260810_141717,True
1915277,0.0234,0.0234,0.9165,1915.277,500000,0.007800000000000001,0.0,0.0039000000000000146,0.008720665112249188,tap1,natural,light,20260810_141717,True
1917778,0.0156,0.0195,0.9087,1917.778,500000,0.0,-0.0039000000000000007,-0.0039000000000000146,0.005515432893255082,tap1,natural,light,20260810_141717,True
1920293,0.0156,0.0156,0.9243,1920.293,500000,0.0,-0.007800000000000001,0.011700000000000044,0.014061649974309596,tap1,natural,light,20260810_141717,True
1922786,0.0117,0.0312,0.9204,1922.786,500000,-0.003899999999999999,0.007799999999999998,0.007800000000000029,0.011700000000000018,tap1,natural,light,20260810_141717,True
1925287,0.0156,0.0312,0.9165,1925.287,500000,0.0,0.007799999999999998,0.0039000000000000146,0.008720665112249185,tap1,natural,light,20260810_141717,True
1927784,0.0078,0.0273,0.9204,1927.784,500000,-0.0078,0.0039000000000000007,0.007800000000000029,0.01170000000000002,tap1,natural,light,20260810_141717,True
1930267,0.0156,0.0234,0.9126,1930.267,500000,0.0,0.0,0.0,0.0,tap1,natural,light,20260810_141717,True
1932772,0.0117,0.0195,0.9204,1932.772,500000,-0.003899999999999999,-0.0039000000000000007,0.007800000000000029,0.009553009996854418,tap1,natural,light,20260810_141717,True
1935269,0.0195,0.0195,0.9126,1935.269,500000,0.0039000000000000007,-0.0039000000000000007,0.0,0.005515432893255071,tap1,natural,light,20260810_141717,True
1937788,0.0117,0.0234,0.9204,1937.788,500000,-0.003899999999999999,0.0,0.007800000000000029,0.008720665112249205,tap1,natural,light,20260810_141717,True
1940270,0.0156,0.0273,0.9165,1940.27,500000,0.0,0.0039000000000000007,0.0039000000000000146,0.005515432893255082,tap1,natural,light,20260810_141717,True
1942779,0.0117,0.0234,0.9126,1942.779,500000,-0.003899999999999999,0.0,0.0,0.003899999999999999,tap1,natural,light,20260810_141717,True
1945276,0.0078,0.0234,0.9165,1945.276,500000,-0.0078,0.0,0.0039000000000000146,0.008720665112249186,tap1,natural,light,20260810_141717,True
1947765,0.0156,0.0234,0.9126,1947.765,500000,0.0,0.0,0.0,0.0,tap1,natural,light,20260810_141717,True
1950279,0.0195,0.0195,0.9126,1950.279,500000,0.0039000000000000007,-0.0039000000000000007,0.0,0.005515432893255071,tap1,natural,light,20260810_141717,True
1952783,0.0156,0.0234,0.9165,1952.783,500000,0.0,0.0,0.0039000000000000146,0.0039000000000000146,tap1,natural,light,20260810_141717,True
1955281,0.0156,0.0234,0.9165,1955.281,500000,0.0,0.0,0.0039000000000000146,0.0039000000000000146,tap1,natural,light,20260810_141717,True
1957769,0.0078,0.0312,0.9282,1957.769,500000,-0.0078,0.007799999999999998,0.015600000000000058,0.019106019993708836,tap1,natural,light,20260810_141717,True
1960277,0.0156,0.0195,0.9243,1960.277,500000,0.0,-0.0039000000000000007,0.011700000000000044,0.012332882874656722,tap1,natural,light,20260810_141717,True
1962783,0.0156,0.0195,0.9204,1962.783,500000,0.0,-0.0039000000000000007,0.007800000000000029,0.008720665112249207,tap1,natural,light,20260810_141717,True
1965278,0.0195,0.0234,0.9087,1965.278,500000,0.0039000000000000007,0.0,-0.0039000000000000146,0.005515432893255082,tap1,natural,light,20260810_141717,True
1967768,0.0195,0.0234,0.9165,1967.768,500000,0.0039000000000000007,0.0,0.0039000000000000146,0.005515432893255082,tap1,natural,light,20260810_141717,True
1970283,0.0156,0.0195,0.9243,1970.283,500000,0.0,-0.0039000000000000007,0.011700000000000044,0.012332882874656722,tap1,natural,light,20260810_141717,True
1972787,0.0156,0.0078,0.9321,1972.787,500000,0.0,-0.015600000000000001,0.019500000000000073,0.024972184525988168,tap1,natural,light,20260810_141717,True
1975284,0.0156,0.0351,0.9204,1975.284,500000,0.0,0.011699999999999999,0.007800000000000029,0.014061649974309573,tap1,natural,light,20260810_141717,True
1977771,0.0195,0.0273,0.9087,1977.771,500000,0.0039000000000000007,0.0039000000000000007,-0.0039000000000000146,0.006754998149518631,tap1,natural,light,20260810_141717,True
1980284,0.0156,0.0156,0.9126,1980.284,500000,0.0,-0.007800000000000001,0.0,0.007800000000000001,tap1,natural,light,20260810_141717,True
1982788,0.0156,0.0234,0.9243,1982.788,500000,0.0,0.0,0.011700000000000044,0.011700000000000044,tap1,natural,light,20260810_141717,True
1985287,0.0156,0.0273,0.9165,1985.287,500000,0.0,0.0039000000000000007,0.0039000000000000146,0.005515432893255082,tap1,natural,light,20260810_141717,True
1987766,0.0273,0.0234,0.9165,1987.766,500000,0.011700000000000002,0.0,0.0039000000000000146,0.012332882874656687,tap1,natural,light,20260810_141717,True
1990279,0.0117,0.0273,0.9204,1990.279,500000,-0.003899999999999999,0.0039000000000000007,0.007800000000000029,0.009553009996854418,tap1,natural,light,20260810_141717,True
1992778,0.0156,0.0156,0.9204,1992.778,500000,0.0,-0.007800000000000001,0.007800000000000029,0.011030865786510163,tap1,natural,light,20260810_141717,True
1995451,0.0156,0.0312,0.9087,1995.451,500000,0.0,0.007799999999999998,-0.0039000000000000146,0.008720665112249185,tap1,natural,light,20260810_141717,True
1997785,0.0156,0.0273,0.9165,1997.785,500000,0.0,0.0039000000000000007,0.0039000000000000146,0.005515432893255082,tap1,natural,light,20260810_141717,True
2000289,0.0156,0.0273,0.9126,2000.289,500000,0.0,0.0039000000000000007,0.0,0.0039000000000000007,tap1,natural,light,20260810_141717,True
2002780,0.0156,0.0234,0.9243,2002.78,500000,0.0,0.0,0.011700000000000044,0.011700000000000044,tap1,natural,light,20260810_141717,True
2005278,0.0117,0.0273,0.9165,2005.278,500000,-0.003899999999999999,0.0039000000000000007,0.0039000000000000146,0.00675499814951863,tap1,natural,light,20260810_141717,True
2007783,0.0156,0.039,0.9204,2007.783,500000,0.0,0.0156,0.007800000000000029,0.017441330224498373,tap1,natural,light,20260810_141717,True
2010267,0.0195,0.0273,0.9126,2010.267,500000,0.0039000000000000007,0.0039000000000000007,0.0,0.005515432893255071,tap1,natural,light,20260810_141717,True
2012784,0.0234,0.0273,0.9204,2012.784,500000,0.007800000000000001,0.0039000000000000007,0.007800000000000029,0.011700000000000021,tap1,natural,light,20260810_141717,True
2015293,0.0195,0.0312,0.9204,2015.293,500000,0.0039000000000000007,0.007799999999999998,0.007800000000000029,0.011700000000000018,tap1,natural,light,20260810_141717,True
2017764,0.0195,0.0234,0.9165,2017.764,500000,0.0039000000000000007,0.0,0.0039000000000000146,0.005515432893255082,tap1,natural,light,20260810_141717,True
2020277,0.0156,0.0234,0.9243,2020.277,500000,0.0,0.0,0.011700000000000044,0.011700000000000044,tap1,natural,light,20260810_141717,True
2022777,0.0156,0.0195,0.9165,2022.777,500000,0.0,-0.0039000000000000007,0.0039000000000000146,0.005515432893255082,tap1,natural,light,20260810_141717,True
2025275,0.0195,0.0234,0.9165,2025.275,500000,0.0039000000000000007,0.0,0.0039000000000000146,0.005515432893255082,tap1,natural,light,20260810_141717,True
2027787,0.0156,0.0234,0.9204,2027.787,500000,0.0,0.0,0.007800000000000029,0.007800000000000029,tap1,natural,light,20260810_141717,True
2030266,0.0195,0.0234,0.9087,2030.266,500000,0.0039000000000000007,0.0,-0.0039000000000000146,0.005515432893255082,tap1,natural,light,20260810_141717,True
2032767,0.0156,0.0234,0.9165,2032.767,500000,0.0,0.0,0.0039000000000000146,0.0039000000000000146,tap1,natural,light,20260810_141717,True
2035264,0.0156,0.0234,0.9243,2035.264,500000,0.0,0.0,0.011700000000000044,0.011700000000000044,tap1,natural,light,20260810_141717,True
2037782,0.0117,0.0234,0.9204,2037.782,500000,-0.003899999999999999,0.0,0.007800000000000029,0.008720665112249205,tap1,natural,light,20260810_141717,True
2040291,0.0195,0.0195,0.9165,2040.291,500000,0.0039000000000000007,-0.0039000000000000007,0.0039000000000000146,0.006754998149518631,tap1,natural,light,20260810_141717,True
2042769,0.0156,0.0273,0.9243,2042.769,500000,0.0,0.0039000000000000007,0.011700000000000044,0.012332882874656722,tap1,natural,light,20260810_141717,True
2045267,0.0156,0.0273,0.9126,2045.267,500000,0.0,0.0039000000000000007,0.0,0.0039000000000000007,tap1,natural,light,20260810_141717,True
2047783,0.0156,0.0234,0.9204,2047.783,500000,0.0,0.0,0.007800000000000029,0.007800000000000029,tap1,natural,light,20260810_141717,True
2050266,0.0195,0.0195,0.9165,2050.266,500000,0.0039000000000000007,-0.0039000000000000007,0.0039000000000000146,0.006754998149518631,tap1,natural,light,20260810_141717,True
2052786,0.0117,0.0234,0.9048,2052.786,500000,-0.003899999999999999,0.0,-0.007799999999999918,0.008720665112249105,tap1,natural,light,20260810_141717,True
2055287,0.0117,0.0312,0.9165,2055.287,500000,-0.003899999999999999,0.007799999999999998,0.0039000000000000146,0.009553009996854399,tap1,natural,light,20260810_141717,True
2057785,0.0195,0.0234,0.9204,2057.785,500000,0.0039000000000000007,0.0,0.007800000000000029,0.008720665112249207,tap1,natural,light,20260810_141717,True
2060269,0.0195,0.0234,0.9204,2060.269,500000,0.0039000000000000007,0.0,0.007800000000000029,0.008720665112249207,tap1,natural,light,20260810_141717,True
2062769,0.0117,0.0273,0.9126,2062.769,500000,-0.003899999999999999,0.0039000000000000007,0.0,0.00551543289325507,tap1,natural,light,20260810_141717,True
2065266,0.0117,0.0273,0.9243,2065.266,500000,-0.003899999999999999,0.0039000000000000007,0.011700000000000044,0.012934836682386099,tap1,natural,light,20260810_141717,True
2067784,0.0195,0.0312,0.9243,2067.784,500000,0.0039000000000000007,0.007799999999999998,0.011700000000000044,0.014592463808418405,tap1,natural,light,20260810_141717,True
2070267,0.0195,0.0195,0.9126,2070.267,500000,0.0039000000000000007,-0.0039000000000000007,0.0,0.005515432893255071,tap1,natural,light,20260810_141717,True
2072768,0.0078,0.0273,0.9126,2072.768,500000,-0.0078,0.0039000000000000007,0.0,0.00872066511224918,tap1,natural,light,20260810_141717,True
2075265,0.0117,0.0273,0.9126,2075.265,500000,-0.003899999999999999,0.0039000000000000007,0.0,0.00551543289325507,tap1,natural,light,20260810_141717,True
2077786,0.0234,0.0273,0.9204,2077.786,500000,0.007800000000000001,0.0039000000000000007,0.007800000000000029,0.011700000000000021,tap1,natural,light,20260810_141717,True
2080269,0.0195,0.0273,0.9126,2080.269,500000,0.0039000000000000007,0.0039000000000000007,0.0,0.005515432893255071,tap1,natural,light,20260810_141717,True
2082767,0.0156,0.0312,0.9204,2082.767,500000,0.0,0.007799999999999998,0.007800000000000029,0.01103086578651016,tap1,natural,light,20260810_141717,True
2085263,0.0234,0.0156,0.9126,2085.263,500000,0.007800000000000001,-0.007800000000000001,0.0,0.011030865786510143,tap1,natural,light,20260810_141717,True
2087782,0.0195,0.0234,0.9087,2087.782,500000,0.0039000000000000007,0.0,-0.0039000000000000146,0.005515432893255082,tap1,natural,light,20260810_141717,True
2090264,0.0195,0.0234,0.9165,2090.264,500000,0.0039000000000000007,0.0,0.0039000000000000146,0.005515432893255082,tap1,natural,light,20260810_141717,True
2092773,0.0078,0.0156,0.9087,2092.773,500000,-0.0078,-0.007800000000000001,-0.0039000000000000146,0.011700000000000006,tap1,natural,light,20260810_141717,True
2095277,0.0117,0.0234,0.9165,2095.277,500000,-0.003899999999999999,0.0,0.0039000000000000146,0.00551543289325508,tap1,natural,light,20260810_141717,True
2097770,0.0195,0.0273,0.9126,2097.77,500000,0.0039000000000000007,0.0039000000000000007,0.0,0.005515432893255071,tap1,natural,light,20260810_141717,True
2100268,0.0117,0.0234,0.9204,2100.268,500000,-0.003899999999999999,0.0,0.007800000000000029,0.008720665112249205,tap1,natural,light,20260810_141717,True
2102786,0.0117,0.0312,0.9204,2102.786,500000,-0.003899999999999999,0.007799999999999998,0.007800000000000029,0.011700000000000018,tap1,natural,light,20260810_141717,True
2105282,0.0156,0.0312,0.9204,2105.282,500000,0.0,0.007799999999999998,0.007800000000000029,0.01103086578651016,tap1,natural,light,20260810_141717,True
2107790,0.0117,0.0273,0.9165,2107.79,500000,-0.003899999999999999,0.0039000000000000007,0.0039000000000000146,0.00675499814951863,tap1,natural,light,20260810_141717,True
2110267,0.0117,0.0273,0.9204,2110.267,500000,-0.003899999999999999,0.0039000000000000007,0.007800000000000029,0.009553009996854418,tap1,natural,light,20260810_141717,True
2112786,0.0117,0.0195,0.9165,2112.786,500000,-0.003899999999999999,-0.0039000000000000007,0.0039000000000000146,0.00675499814951863,tap1,natural,light,20260810_141717,True
2115293,0.0234,0.0156,0.9165,2115.293,500000,0.007800000000000001,-0.007800000000000001,0.0039000000000000146,0.011700000000000007,tap1,natural,light,20260810_141717,True
2117785,0.0117,0.0273,0.9165,2117.785,500000,-0.003899999999999999,0.0039000000000000007,0.0039000000000000146,0.00675499814951863,tap1,natural,light,20260810_141717,True
2120271,0.0156,0.0273,0.9165,2120.271,500000,0.0,0.0039000000000000007,0.0039000000000000146,0.005515432893255082,tap1,natural,light,20260810_141717,True
2122777,0.0156,0.0312,0.9204,2122.777,500000,0.0,0.007799999999999998,0.007800000000000029,0.01103086578651016,tap1,natural,light,20260810_141717,True
2125275,0.0117,0.0312,0.9243,2125.275,500000,-0.003899999999999999,0.007799999999999998,0.011700000000000044,0.014592463808418405,tap1,natural,light,20260810_141717,True
2127763,0.0117,0.0156,0.9126,2127.763,500000,-0.003899999999999999,-0.007800000000000001,0.0,0.00872066511224918,tap1,natural,light,20260810_141717,True
2130275,0.0156,0.0156,0.9165,2130.275,500000,0.0,-0.007800000000000001,0.0039000000000000146,0.008720665112249188,tap1,natural,light,20260810_141717,True
2132774,0.0156,0.0195,0.9243,2132.774,500000,0.0,-0.0039000000000000007,0.011700000000000044,0.012332882874656722,tap1,natural,light,20260810_141717,True
2135269,0.0234,0.0156,0.9048,2135.269,500000,0.007800000000000001,-0.007800000000000001,-0.007799999999999918,0.013509996299037198,tap1,natural,light,20260810_141717,True
2137783,0.0195,0.0234,0.9243,2137.783,500000,0.0039000000000000007,0.0,0.011700000000000044,0.012332882874656722,tap1,natural,light,20260810_141717,True
2140290,0.0117,0.0273,0.9126,2140.29,500000,-0.003899999999999999,0.0039000000000000007,0.0,0.00551543289325507,tap1,natural,light,20260810_141717,True
2142770,0.0156,0.0234,0.9165,2142.77,500000,0.0,0.0,0.0039000000000000146,0.0039000000000000146,tap1,natural,light,20260810_141717,True
2145269,0.0117,0.0234,0.9165,2145.269,500000,-0.003899999999999999,0.0,0.0039000000000000146,0.00551543289325508,tap1,natural,light,20260810_141717,True
2147783,0.0156,0.0156,0.9126,2147.783,500000,0.0,-0.007800000000000001,0.0,0.007800000000000001,tap1,natural,light,20260810_141717,True
2150266,0.0117,0.0273,0.9165,2150.266,500000,-0.003899999999999999,0.0039000000000000007,0.0039000000000000146,0.00675499814951863,tap1,natural,light,20260810_141717,True
2152771,0.0156,0.0195,0.9165,2152.771,500000,0.0,-0.0039000000000000007,0.0039000000000000146,0.005515432893255082,tap1,natural,light,20260810_141717,True
2155267,0.0156,0.0234,0.9126,2155.267,500000,0.0,0.0,0.0,0.0,tap1,natural,light,20260810_141717,True
2157783,0.0156,0.0234,0.9165,2157.783,500000,0.0,0.0,0.0039000000000000146,0.0039000000000000146,tap1,natural,light,20260810_141717,True
2160266,0.0156,0.0234,0.9126,2160.266,500000,0.0,0.0,0.0,0.0,tap1,natural,light,20260810_141717,True
2162771,0.0117,0.0234,0.9126,2162.771,500000,-0.003899999999999999,0.0,0.0,0.003899999999999999,tap1,natural,light,20260810_141717,True
2165267,0.0117,0.0234,0.9126,2165.267,500000,-0.003899999999999999,0.0,0.0,0.003899999999999999,tap1,natural,light,20260810_141717,True
2167787,0.0195,0.0273,0.9126,2167.787,500000,0.0039000000000000007,0.0039000000000000007,0.0,0.005515432893255071,tap1,natural,light,20260810_141717,True
2170263,0.0234,0.0156,0.9126,2170.263,500000,0.007800000000000001,-0.007800000000000001,0.0,0.011030865786510143,tap1,natural,light,20260810_141717,True
2172767,0.0156,0.0234,0.9165,2172.767,500000,0.0,0.0,0.0039000000000000146,0.0039000000000000146,tap1,natural,light,20260810_141717,True
2175266,0.0156,0.0273,0.9165,2175.266,500000,0.0,0.0039000000000000007,0.0039000000000000146,0.005515432893255082,tap1,natural,light,20260810_141717,True
2177784,0.0156,0.0234,0.9204,2177.784,500000,0.0,0.0,0.007800000000000029,0.007800000000000029,tap1,natural,light,20260810_141717,True
2180266,0.0156,0.0195,0.9165,2180.266,500000,0.0,-0.0039000000000000007,0.0039000000000000146,0.005515432893255082,tap1,natural,light,20260810_141717,True
2182772,0.0156,0.0312,0.9165,2182.772,500000,0.0,0.007799999999999998,0.0039000000000000146,0.008720665112249185,tap1,natural,light,20260810_141717,True
2185276,0.0195,0.0156,0.9204,2185.276,500000,0.0039000000000000007,-0.007800000000000001,0.007800000000000029,0.011700000000000021,tap1,natural,light,20260810_141717,True
2187767,0.0117,0.0195,0.9087,2187.767,500000,-0.003899999999999999,-0.0039000000000000007,-0.0039000000000000146,0.00675499814951863,tap1,natural,light,20260810_141717,True
2190277,0.0234,0.0234,0.9126,2190.277,500000,0.007800000000000001,0.0,0.0,0.007800000000000001,tap1,natural,light,20260810_141717,True
2192782,0.0234,0.0195,0.9165,2192.782,500000,0.007800000000000001,-0.0039000000000000007,0.0039000000000000146,0.009553009996854402,tap1,natural,light,20260810_141717,True
2195278,0.0195,0.0195,0.9204,2195.278,500000,0.0039000000000000007,-0.0039000000000000007,0.007800000000000029,0.00955300999685442,tap1,natural,light,20260810_141717,True
2197763,0.0156,0.0234,0.9087,2197.763,500000,0.0,0.0,-0.0039000000000000146,0.0039000000000000146,tap1,natural,light,20260810_141717,True
2200284,0.0273,0.0234,0.9204,2200.284,500000,0.011700000000000002,0.0,0.007800000000000029,0.014061649974309576,tap1,natural,light,20260810_141717,True
2202768,0.0156,0.0273,0.9087,2202.768,500000,0.0,0.0039000000000000007,-0.0039000000000000146,0.005515432893255082,tap1,natural,light,20260810_141717,True
2205267,0.0117,0.0312,0.9165,2205.267,500000,-0.003899999999999999,0.007799999999999998,0.0039000000000000146,0.009553009996854399,tap1,natural,light,20260810_141717,True
2207776,0.0156,0.0234,0.9204,2207.776,500000,0.0,0.0,0.007800000000000029,0.007800000000000029,tap1,natural,light,20260810_141717,True
2210287,0.0156,0.0273,0.9204,2210.287,500000,0.0,0.0039000000000000007,0.007800000000000029,0.008720665112249207,tap1,natural,light,20260810_141717,True
2212774,0.0234,0.0234,0.9243,2212.774,500000,0.007800000000000001,0.0,0.011700000000000044,0.014061649974309596,tap1,natural,light,20260810_141717,True
2215287,0.0195,0.0273,0.9126,2215.287,500000,0.0039000000000000007,0.0039000000000000007,0.0,0.005515432893255071,tap1,natural,light,20260810_141717,True
2217766,0.0156,0.0273,0.9165,2217.766,500000,0.0,0.0039000000000000007,0.0039000000000000146,0.005515432893255082,tap1,natural,light,20260810_141717,True
2220283,0.0195,0.0234,0.9126,2220.283,500000,0.0039000000000000007,0.0,0.0,0.0039000000000000007,tap1,natural,light,20260810_141717,True
2222784,0.0156,0.0312,0.9087,2222.784,500000,0.0,0.007799999999999998,-0.0039000000000000146,0.008720665112249185,tap1,natural,light,20260810_141717,True
2225280,0.0156,0.0312,0.9126,2225.28,500000,0.0,0.007799999999999998,0.0,0.007799999999999998,tap1,natural,light,20260810_141717,True
2227764,0.0156,0.0273,0.9204,2227.764,500000,0.0,0.0039000000000000007,0.007800000000000029,0.008720665112249207,tap1,natural,light,20260810_141717,True
2230277,0.0117,0.0312,0.9243,2230.277,500000,-0.003899999999999999,0.007799999999999998,0.011700000000000044,0.014592463808418405,tap1,natural,light,20260810_141717,True
2232781,0.0195,0.0234,0.9165,2232.781,500000,0.0039000000000000007,0.0,0.0039000000000000146,0.005515432893255082,tap1,natural,light,20260810_141717,True
2235277,0.0156,0.0234,0.9165,2235.277,500000,0.0,0.0,0.0039000000000000146,0.0039000000000000146,tap1,natural,light,20260810_141717,True
2237766,0.0156,0.0195,0.9087,2237.766,500000,0.0,-0.0039000000000000007,-0.0039000000000000146,0.005515432893255082,tap1,natural,light,20260810_141717,True
2240278,0.0156,0.0234,0.9165,2240.278,500000,0.0,0.0,0.0039000000000000146,0.0039000000000000146,tap1,natural,light,20260810_141717,True
2242785,0.0156,0.0234,0.9165,2242.785,500000,0.0,0.0,0.0039000000000000146,0.0039000000000000146,tap1,natural,light,20260810_141717,True
2245286,0.0156,0.0234,0.9165,2245.286,500000,0.0,0.0,0.0039000000000000146,0.0039000000000000146,tap1,natural,light,20260810_141717,True
2247781,0.0117,0.0273,0.9126,2247.781,500000,-0.003899999999999999,0.0039000000000000007,0.0,0.00551543289325507,tap1,natural,light,20260810_141717,True
2250275,0.0156,0.0195,0.9165,2250.275,500000,0.0,-0.0039000000000000007,0.0039000000000000146,0.005515432893255082,tap1,natural,light,20260810_141717,True
2252787,0.0117,0.0195,0.9204,2252.787,500000,-0.003899999999999999,-0.0039000000000000007,0.007800000000000029,0.009553009996854418,tap1,natural,light,20260810_141717,True
2255286,0.0117,0.0234,0.9204,2255.286,500000,-0.003899999999999999,0.0,0.007800000000000029,0.008720665112249205,tap1,natural,light,20260810_141717,True
2257783,0.0156,0.0273,0.9126,2257.783,500000,0.0,0.0039000000000000007,0.0,0.0039000000000000007,tap1,natural,light,20260810_141717,True
2260291,0.0156,0.0195,0.9126,2260.291,500000,0.0,-0.0039000000000000007,0.0,0.0039000000000000007,tap1,natural,light,20260810_141717,True
2262769,0.0117,0.0234,0.9204,2262.769,500000,-0.003899999999999999,0.0,0.007800000000000029,0.008720665112249205,tap1,natural,light,20260810_141717,True
2265268,0.0117,0.0234,0.9087,2265.268,500000,-0.003899999999999999,0.0,-0.0039000000000000146,0.00551543289325508,tap1,natural,light,20260810_141717,True
2267793,0.0117,0.0273,0.9204,2267.793,500000,-0.003899999999999999,0.0039000000000000007,0.007800000000000029,0.009553009996854418,tap1,natural,light,20260810_141717,True
2270269,0.0195,0.0273,0.9165,2270.269,500000,0.0039000000000000007,0.0039000000000000007,0.0039000000000000146,0.006754998149518631,tap1,natural,light,20260810_141717,True
2272772,0.0195,0.0273,0.9165,2272.772,500000,0.0039000000000000007,0.0039000000000000007,0.0039000000000000146,0.006754998149518631,tap1,natural,light,20260810_141717,True
2275268,0.0156,0.0351,0.9282,2275.268,500000,0.0,0.011699999999999999,0.015600000000000058,0.019500000000000045,tap1,natural,light,20260810_141717,True
2277785,0.0234,0.0117,0.9165,2277.785,500000,0.007800000000000001,-0.0117,0.0039000000000000146,0.014592463808418376,tap1,natural,light,20260810_141717,True
2280268,0.0195,0.0234,0.9204,2280.268,500000,0.0039000000000000007,0.0,0.007800000000000029,0.008720665112249207,tap1,natural,light,20260810_141717,True
2282772,0.0156,0.0234,0.9204,2282.772,500000,0.0,0.0,0.007800000000000029,0.007800000000000029,tap1,natural,light,20260810_141717,True
2285268,0.0078,0.0312,0.9204,2285.268,500000,-0.0078,0.007799999999999998,0.007800000000000029,0.013509996299037258,tap1,natural,light,20260810_141717,True
2287787,0.0117,0.0195,0.9087,2287.787,500000,-0.003899999999999999,-0.0039000000000000007,-0.0039000000000000146,0.00675499814951863,tap1,natural,light,20260810_141717,True
2290269,0.0117,0.0273,0.9126,2290.269,500000,-0.003899999999999999,0.0039000000000000007,0.0,0.00551543289325507,tap1,natural,light,20260810_141717,True
2292779,0.0117,0.0273,0.9126,2292.779,500000,-0.003899999999999999,0.0039000000000000007,0.0,0.00551543289325507,tap1,natural,light,20260810_141717,True
2295278,0.0234,0.0195,0.9126,2295.278,500000,0.007800000000000001,-0.0039000000000000007,0.0,0.008720665112249181,tap1,natural,light,20260810_141717,True
2297766,0.0156,0.0273,0.9165,2297.766,500000,0.0,0.0039000000000000007,0.0039000000000000146,0.005515432893255082,tap1,natural,light,20260810_141717,True
2300277,0.0117,0.0273,0.9087,2300.277,500000,-0.003899999999999999,0.0039000000000000007,-0.0039000000000000146,0.00675499814951863,tap1,natural,light,20260810_141717,True
2302788,0.0156,0.0273,0.9243,2302.788,500000,0.0,0.0039000000000000007,0.011700000000000044,0.012332882874656722,tap1,natural,light,20260810_141717,True
2305287,0.0195,0.0273,0.9243,2305.287,500000,0.0039000000000000007,0.0039000000000000007,0.011700000000000044,0.012934836682386099,tap1,natural,light,20260810_141717,True
2307789,0.0234,0.0234,0.9204,2307.789,500000,0.007800000000000001,0.0,0.007800000000000029,0.011030865786510163,tap1,natural,light,20260810_141717,True
2310273,0.0156,0.0195,0.9087,2310.273,500000,0.0,-0.0039000000000000007,-0.0039000000000000146,0.005515432893255082,tap1,natural,light,20260810_141717,True
2312787,0.0078,0.0234,0.9165,2312.787,500000,-0.0078,0.0,0.0039000000000000146,0.008720665112249186,tap1,natural,light,20260810_141717,True
2315279,0.0156,0.0156,0.9165,2315.279,500000,0.0,-0.007800000000000001,0.0039000000000000146,0.008720665112249188,tap1,natural,light,20260810_141717,True
2317764,0.0117,0.0273,0.9204,2317.764,500000,-0.003899999999999999,0.0039000000000000007,0.007800000000000029,0.009553009996854418,tap1,natural,light,20260810_141717,True
2320274,0.0117,0.0195,0.9087,2320.274,500000,-0.003899999999999999,-0.0039000000000000007,-0.0039000000000000146,0.00675499814951863,tap1,natural,light,20260810_141717,True
2322779,0.0195,0.0234,0.9087,2322.779,500000,0.0039000000000000007,0.0,-0.0039000000000000146,0.005515432893255082,tap1,natural,light,20260810_141717,True
2325276,0.0156,0.0273,0.9087,2325.276,500000,0.0,0.0039000000000000007,-0.0039000000000000146,0.005515432893255082,tap1,natural,light,20260810_141717,True
2327763,0.0156,0.0234,0.9165,2327.763,500000,0.0,0.0,0.0039000000000000146,0.0039000000000000146,tap1,natural,light,20260810_141717,True
2330271,0.0117,0.0195,0.9087,2330.271,500000,-0.003899999999999999,-0.0039000000000000007,-0.0039000000000000146,0.00675499814951863,tap1,natural,light,20260810_141717,True
2332774,0.0156,0.0234,0.9165,2332.774,500000,0.0,0.0,0.0039000000000000146,0.0039000000000000146,tap1,natural,light,20260810_141717,True
2335272,0.0195,0.0273,0.9087,2335.272,500000,0.0039000000000000007,0.0039000000000000007,-0.0039000000000000146,0.006754998149518631,tap1,natural,light,20260810_141717,True
2337789,0.0156,0.0195,0.9126,2337.789,500000,0.0,-0.0039000000000000007,0.0,0.0039000000000000007,tap1,natural,light,20260810_141717,True
2340273,0.0156,0.0273,0.9204,2340.273,500000,0.0,0.0039000000000000007,0.007800000000000029,0.008720665112249207,tap1,natural,light,20260810_141717,True
2342781,0.0156,0.0234,0.9126,2342.781,500000,0.0,0.0,0.0,0.0,tap1,natural,light,20260810_141717,True
2345278,0.0156,0.0234,0.9165,2345.278,500000,0.0,0.0,0.0039000000000000146,0.0039000000000000146,tap1,natural,light,20260810_141717,True
2347767,0.0156,0.0234,0.9165,2347.767,500000,0.0,0.0,0.0039000000000000146,0.0039000000000000146,tap1,natural,light,20260810_141717,True
2350276,0.0039,0.0312,0.9243,2350.276,500000,-0.011699999999999999,0.007799999999999998,0.011700000000000044,0.0182926214633114,tap1,natural,light,20260810_141717,True
2352780,0.0156,0.0234,0.9165,2352.78,500000,0.0,0.0,0.0039000000000000146,0.0039000000000000146,tap1,natural,light,20260810_141717,True
2355276,0.0195,0.0234,0.9087,2355.276,500000,0.0039000000000000007,0.0,-0.0039000000000000146,0.005515432893255082,tap1,natural,light,20260810_141717,True
2357763,0.0156,0.0234,0.9204,2357.763,500000,0.0,0.0,0.007800000000000029,0.007800000000000029,tap1,natural,light,20260810_141717,True
2360277,0.0117,0.0273,0.9165,2360.277,500000,-0.003899999999999999,0.0039000000000000007,0.0039000000000000146,0.00675499814951863,tap1,natural,light,20260810_141717,True
2362781,0.0117,0.0195,0.9087,2362.781,500000,-0.003899999999999999,-0.0039000000000000007,-0.0039000000000000146,0.00675499814951863,tap1,natural,light,20260810_141717,True
2365276,0.0117,0.0312,0.9204,2365.276,500000,-0.003899999999999999,0.007799999999999998,0.007800000000000029,0.011700000000000018,tap1,natural,light,20260810_141717,True
2367768,0.0117,0.0195,0.9204,2367.768,500000,-0.003899999999999999,-0.0039000000000000007,0.007800000000000029,0.009553009996854418,tap1,natural,light,20260810_141717,True
2370276,0.0156,0.0273,0.9126,2370.276,500000,0.0,0.0039000000000000007,0.0,0.0039000000000000007,tap1,natural,light,20260810_141717,True
2372781,0.0195,0.0273,0.9087,2372.781,500000,0.0039000000000000007,0.0039000000000000007,-0.0039000000000000146,0.006754998149518631,tap1,natural,light,20260810_141717,True
2375277,0.0156,0.0312,0.9165,2375.277,500000,0.0,0.007799999999999998,0.0039000000000000146,0.008720665112249185,tap1,natural,light,20260810_141717,True
2377763,0.0156,0.0312,0.9165,2377.763,500000,0.0,0.007799999999999998,0.0039000000000000146,0.008720665112249185,tap1,natural,light,20260810_141717,True
2380288,0.0078,0.0234,0.9126,2380.288,500000,-0.0078,0.0,0.0,0.0078,tap1,natural,light,20260810_141717,True
2382770,0.0117,0.0234,0.9165,2382.77,500000,-0.003899999999999999,0.0,0.0039000000000000146,0.00551543289325508,tap1,natural,light,20260810_141717,True
2385268,0.0156,0.0195,0.9204,2385.268,500000,0.0,-0.0039000000000000007,0.007800000000000029,0.008720665112249207,tap1,natural,light,20260810_141717,True
2387786,0.0117,0.0273,0.9165,2387.786,500000,-0.003899999999999999,0.0039000000000000007,0.0039000000000000146,0.00675499814951863,tap1,natural,light,20260810_141717,True
2390263,0.0117,0.0234,0.9048,2390.263,500000,-0.003899999999999999,0.0,-0.007799999999999918,0.008720665112249105,tap1,natural,light,20260810_141717,True
2392775,0.0117,0.0312,0.9204,2392.775,500000,-0.003899999999999999,0.007799999999999998,0.007800000000000029,0.011700000000000018,tap1,natural,light,20260810_141717,True
2395275,0.0156,0.0195,0.9165,2395.275,500000,0.0,-0.0039000000000000007,0.0039000000000000146,0.005515432893255082,tap1,natural,light,20260810_141717,True
2397763,0.0312,0.0117,0.9126,2397.763,500000,0.0156,-0.0117,0.0,0.0195,tap1,natural,light,20260810_141717,True
2400282,0.0078,0.0273,0.9165,2400.282,500000,-0.0078,0.0039000000000000007,0.0039000000000000146,0.0095530099968544,tap1,natural,light,20260810_141717,True
2402792,0.0195,0.0195,0.9204,2402.792,500000,0.0039000000000000007,-0.0039000000000000007,0.007800000000000029,0.00955300999685442,tap1,natural,light,20260810_141717,True
2405288,0.0078,0.0312,0.9087,2405.288,500000,-0.0078,0.007799999999999998,-0.0039000000000000146,0.011700000000000004,tap1,natural,light,20260810_141717,True
2407790,0.0078,0.0312,0.9204,2407.79,500000,-0.0078,0.007799999999999998,0.007800000000000029,0.013509996299037258,tap1,natural,light,20260810_141717,True
2410271,0.0156,0.0234,0.9165,2410.271,500000,0.0,0.0,0.0039000000000000146,0.0039000000000000146,tap1,natural,light,20260810_141717,True
2412793,0.0078,0.0195,0.9048,2412.793,500000,-0.0078,-0.0039000000000000007,-0.007799999999999918,0.011699999999999945,tap1,natural,light,20260810_141717,True
2415269,0.0078,0.0234,0.9204,2415.269,500000,-0.0078,0.0,0.007800000000000029,0.011030865786510162,tap1,natural,light,20260810_141717,True
2417774,0.0156,0.0234,0.9048,2417.774,500000,0.0,0.0,-0.007799999999999918,0.007799999999999918,tap1,natural,light,20260810_141717,True
2420281,0.0156,0.0234,0.9048,2420.281,500000,0.0,0.0,-0.007799999999999918,0.007799999999999918,tap1,natural,light,20260810_141717,True
2422787,0.0117,0.0312,0.9087,2422.787,500000,-0.003899999999999999,0.007799999999999998,-0.0039000000000000146,0.009553009996854399,tap1,natural,light,20260810_141717,True
2425284,0.0156,0.0234,0.9243,2425.284,500000,0.0,0.0,0.011700000000000044,0.011700000000000044,tap1,natural,light,20260810_141717,True
2427773,0.0156,0.0312,0.9204,2427.773,500000,0.0,0.007799999999999998,0.007800000000000029,0.01103086578651016,tap1,natural,light,20260810_141717,True
2430287,0.0156,0.0312,0.9126,2430.287,500000,0.0,0.007799999999999998,0.0,0.007799999999999998,tap1,natural,light,20260810_141717,True
2432767,0.0195,0.0195,0.9126,2432.767,500000,0.0039000000000000007,-0.0039000000000000007,0.0,0.005515432893255071,tap1,natural,light,20260810_141717,True
2435265,0.0195,0.0273,0.9126,2435.265,500000,0.0039000000000000007,0.0039000000000000007,0.0,0.005515432893255071,tap1,natural,light,20260810_141717,True
2437783,0.0117,0.0234,0.9087,2437.783,500000,-0.003899999999999999,0.0,-0.0039000000000000146,0.00551543289325508,tap1,natural,light,20260810_141717,True
2440289,0.0039,0.0312,0.9087,2440.289,500000,-0.011699999999999999,0.007799999999999998,-0.0039000000000000146,0.014592463808418374,tap1,natural,light,20260810_141717,True
2442771,0.0156,0.0273,0.9087,2442.771,500000,0.0,0.0039000000000000007,-0.0039000000000000146,0.005515432893255082,tap1,natural,light,20260810_141717,True
2445286,0.0156,0.0156,0.9087,2445.286,500000,0.0,-0.007800000000000001,-0.0039000000000000146,0.008720665112249188,tap1,natural,light,20260810_141717,True
2447786,0.0156,0.0234,0.9126,2447.786,500000,0.0,0.0,0.0,0.0,tap1,natural,light,20260810_141717,True
2450268,0.0156,0.0234,0.9204,2450.268,500000,0.0,0.0,0.007800000000000029,0.007800000000000029,tap1,natural,light,20260810_141717,True
2452772,0.0156,0.0234,0.9282,2452.772,500000,0.0,0.0,0.015600000000000058,0.015600000000000058,tap1,natural,light,20260810_141717,True
2455270,0.0156,0.0234,0.9126,2455.27,500000,0.0,0.0,0.0,0.0,tap1,natural,light,20260810_141717,True
2457789,0.0156,0.0234,0.9048,2457.789,500000,0.0,0.0,-0.007799999999999918,0.007799999999999918,tap1,natural,light,20260810_141717,True
2460271,0.0117,0.0195,0.9165,2460.271,500000,-0.003899999999999999,-0.0039000000000000007,0.0039000000000000146,0.00675499814951863,tap1,natural,light,20260810_141717,True
2462776,0.0195,0.0156,0.9126,2462.776,500000,0.0039000000000000007,-0.007800000000000001,0.0,0.008720665112249181,tap1,natural,light,20260810_141717,True
2465272,0.0156,0.0273,0.9126,2465.272,500000,0.0,0.0039000000000000007,0.0,0.0039000000000000007,tap1,natural,light,20260810_141717,True
2467767,0.0156,0.0234,0.9165,2467.767,500000,0.0,0.0,0.0039000000000000146,0.0039000000000000146,tap1,natural,light,20260810_141717,True
2470293,0.0117,0.0273,0.9204,2470.293,500000,-0.003899999999999999,0.0039000000000000007,0.007800000000000029,0.009553009996854418,tap1,natural,light,20260810_141717,True
2472777,0.0156,0.0156,0.9165,2472.777,500000,0.0,-0.007800000000000001,0.0039000000000000146,0.008720665112249188,tap1,natural,light,20260810_141717,True
2475288,0.0195,0.0156,0.9087,2475.288,500000,0.0039000000000000007,-0.007800000000000001,-0.0039000000000000146,0.009553009996854402,tap1,natural,light,20260810_141717,True
2477774,0.0195,0.0234,0.9087,2477.774,500000,0.0039000000000000007,0.0,-0.0039000000000000146,0.005515432893255082,tap1,natural,light,20260810_141717,True
2480289,0.0117,0.0273,0.9126,2480.289,500000,-0.003899999999999999,0.0039000000000000007,0.0,0.00551543289325507,tap1,natural,light,20260810_141717,True
2482768,0.0156,0.0234,0.9243,2482.768,500000,0.0,0.0,0.011700000000000044,0.011700000000000044,tap1,natural,light,20260810_141717,True
2485267,0.0156,0.0234,0.9243,2485.267,500000,0.0,0.0,0.011700000000000044,0.011700000000000044,tap1,natural,light,20260810_141717,True
2487787,0.0117,0.0234,0.9126,2487.787,500000,-0.003899999999999999,0.0,0.0,0.003899999999999999,tap1,natural,light,20260810_141717,True
2490268,0.0117,0.0195,0.9204,2490.268,500000,-0.003899999999999999,-0.0039000000000000007,0.007800000000000029,0.009553009996854418,tap1,natural,light,20260810_141717,True
2492779,0.0156,0.0273,0.9165,2492.779,500000,0.0,0.0039000000000000007,0.0039000000000000146,0.005515432893255082,tap1,natural,light,20260810_141717,True
2495277,0.0156,0.0234,0.9204,2495.277,500000,0.0,0.0,0.007800000000000029,0.007800000000000029,tap1,natural,light,20260810_141717,True
2497766,0.0117,0.0234,0.9087,2497.766,500000,-0.003899999999999999,0.0,-0.0039000000000000146,0.00551543289325508,tap1,natural,light,20260810_141717,True
2500270,0.0117,0.0312,0.9165,2500.27,500000,-0.003899999999999999,0.007799999999999998,0.0039000000000000146,0.009553009996854399,tap1,natural,light,20260810_141717,True
2502768,0.0234,0.0312,0.897,2502.768,500000,0.007800000000000001,0.007799999999999998,-0.015599999999999947,0.019106019993708746,tap1,natural,light,20260810_141717,True
2505279,0.0195,0.0234,0.9165,2505.279,500000,0.0039000000000000007,0.0,0.0039000000000000146,0.005515432893255082,tap1,natural,light,20260810_141717,True
2507782,0.0156,0.0351,0.9165,2507.782,500000,0.0,0.011699999999999999,0.0039000000000000146,0.012332882874656684,tap1,natural,light,20260810_141717,True
2510292,0.0195,0.0234,0.9204,2510.292,500000,0.0039000000000000007,0.0,0.007800000000000029,0.008720665112249207,tap1,natural,light,20260810_141717,True
2512786,0.0156,0.0234,0.9048,2512.786,500000,0.0,0.0,-0.007799999999999918,0.007799999999999918,tap1,natural,light,20260810_141717,True
2515265,0.0156,0.0273,0.9087,2515.265,500000,0.0,0.0039000000000000007,-0.0039000000000000146,0.005515432893255082,tap1,natural,light,20260810_141717,True
2517772,0.0195,0.0195,0.9126,2517.772,500000,0.0039000000000000007,-0.0039000000000000007,0.0,0.005515432893255071,tap1,natural,light,20260810_141717,True
2520280,0.0117,0.0312,0.9087,2520.28,500000,-0.003899999999999999,0.007799999999999998,-0.0039000000000000146,0.009553009996854399,tap1,natural,light,20260810_141717,True
2522785,0.0156,0.0195,0.9126,2522.785,500000,0.0,-0.0039000000000000007,0.0,0.0039000000000000007,tap1,natural,light,20260810_141717,True
2525281,0.0195,0.0195,0.9087,2525.281,500000,0.0039000000000000007,-0.0039000000000000007,-0.0039000000000000146,0.006754998149518631,tap1,natural,light,20260810_141717,True
2527772,0.0117,0.0273,0.9204,2527.772,500000,-0.003899999999999999,0.0039000000000000007,0.007800000000000029,0.009553009996854418,tap1,natural,light,20260810_141717,True
2530286,0.0078,0.0312,0.9204,2530.286,500000,-0.0078,0.007799999999999998,0.007800000000000029,0.013509996299037258,tap1,natural,light,20260810_141717,True
2532789,0.0117,0.0234,0.9165,2532.789,500000,-0.003899999999999999,0.0,0.0039000000000000146,0.00551543289325508,tap1,natural,light,20260810_141717,True
2535286,0.0195,0.0117,0.9126,2535.286,500000,0.0039000000000000007,-0.0117,0.0,0.01233288287465668,tap1,natural,light,20260810_141717,True
2537780,0.0195,0.0234,0.9126,2537.78,500000,0.0039000000000000007,0.0,0.0,0.0039000000000000007,tap1,natural,light,20260810_141717,True
2540291,0.0117,0.0195,0.9165,2540.291,500000,-0.003899999999999999,-0.0039000000000000007,0.0039000000000000146,0.00675499814951863,tap1,natural,light,20260810_141717,True
2542776,0.0078,0.0195,0.9087,2542.776,500000,-0.0078,-0.0039000000000000007,-0.0039000000000000146,0.0095530099968544,tap1,natural,light,20260810_141717,True
2545274,0.0156,0.0273,0.9165,2545.274,500000,0.0,0.0039000000000000007,0.0039000000000000146,0.005515432893255082,tap1,natural,light,20260810_141717,True
2547765,0.0156,0.0234,0.9087,2547.765,500000,0.0,0.0,-0.0039000000000000146,0.0039000000000000146,tap1,natural,light,20260810_141717,True
2550279,0.0078,0.0234,0.9087,2550.279,500000,-0.0078,0.0,-0.0039000000000000146,0.008720665112249186,tap1,natural,light,20260810_141717,True
2552784,0.0078,0.0234,0.9165,2552.784,500000,-0.0078,0.0,0.0039000000000000146,0.008720665112249186,tap1,natural,light,20260810_141717,True
2555281,0.0078,0.0273,0.9126,2555.281,500000,-0.0078,0.0039000000000000007,0.0,0.00872066511224918,tap1,natural,light,20260810_141717,True
2557772,0.0078,0.0234,0.9048,2557.772,500000,-0.0078,0.0,-0.007799999999999918,0.011030865786510084,tap1,natural,light,20260810_141717,True
2560287,0.0117,0.0195,0.9126,2560.287,500000,-0.003899999999999999,-0.0039000000000000007,0.0,0.00551543289325507,tap1,natural,light,20260810_141717,True
2562768,0.0117,0.0312,0.9087,2562.768,500000,-0.003899999999999999,0.007799999999999998,-0.0039000000000000146,0.009553009996854399,tap1,natural,light,20260810_141717,True
2565265,0.0156,0.0195,0.9204,2565.265,500000,0.0,-0.0039000000000000007,0.007800000000000029,0.008720665112249207,tap1,natural,light,20260810_141717,True
2567789,0.0195,0.0234,0.9087,2567.789,500000,0.0039000000000000007,0.0,-0.0039000000000000146,0.005515432893255082,tap1,natural,light,20260810_141717,True
2570268,0.0156,0.0234,0.9126,2570.268,500000,0.0,0.0,0.0,0.0,tap1,natural,light,20260810_141717,True
2572770,0.0156,0.0312,0.9165,2572.77,500000,0.0,0.007799999999999998,0.0039000000000000146,0.008720665112249185,tap1,natural,light,20260810_141717,True
2575269,0.0156,0.0273,0.9087,2575.269,500000,0.0,0.0039000000000000007,-0.0039000000000000146,0.005515432893255082,tap1,natural,light,20260810_141717,True
2577776,0.0156,0.0234,0.9204,2577.776,500000,0.0,0.0,0.007800000000000029,0.007800000000000029,tap1,natural,light,20260810_141717,True
2580289,0.0195,0.0234,0.9126,2580.289,500000,0.0039000000000000007,0.0,0.0,0.0039000000000000007,tap1,natural,light,20260810_141717,True
2582769,0.0234,0.0234,0.9126,2582.769,500000,0.007800000000000001,0.0,0.0,0.007800000000000001,tap1,natural,light,20260810_141717,True
2585269,0.0156,0.0273,0.9087,2585.269,500000,0.0,0.0039000000000000007,-0.0039000000000000146,0.005515432893255082,tap1,natural,light,20260810_141717,True
2587767,0.0195,0.0195,0.9165,2587.767,500000,0.0039000000000000007,-0.0039000000000000007,0.0039000000000000146,0.006754998149518631,tap1,natural,light,20260810_141717,True
2590277,0.0078,0.0312,0.9165,2590.277,500000,-0.0078,0.007799999999999998,0.0039000000000000146,0.011700000000000004,tap1,natural,light,20260810_141717,True
2592783,0.0078,0.0312,0.9165,2592.783,500000,-0.0078,0.007799999999999998,0.0039000000000000146,0.011700000000000004,tap1,natural,light,20260810_141717,True
2595266,0.0156,0.0234,0.9087,2595.266,500000,0.0,0.0,-0.0039000000000000146,0.0039000000000000146,tap1,natural,light,20260810_141717,True
2597792,0.0195,0.0195,0.9126,2597.792,500000,0.0039000000000000007,-0.0039000000000000007,0.0,0.005515432893255071,tap1,natural,light,20260810_141717,True
2600283,0.0156,0.0273,0.9204,2600.283,500000,0.0,0.0039000000000000007,0.007800000000000029,0.008720665112249207,tap1,natural,light,20260810_141717,True
2602773,0.0117,0.0195,0.9087,2602.773,500000,-0.003899999999999999,-0.0039000000000000007,-0.0039000000000000146,0.00675499814951863,tap1,natural,light,20260810_141717,True
2605271,0.0195,0.0234,0.9165,2605.271,500000,0.0039000000000000007,0.0,0.0039000000000000146,0.005515432893255082,tap1,natural,light,20260810_141717,True
2607774,0.0156,0.0312,0.9009,2607.774,500000,0.0,0.007799999999999998,-0.011699999999999933,0.014061649974309502,tap1,natural,light,20260810_141717,True
2610289,0.0234,0.0195,0.9087,2610.289,500000,0.007800000000000001,-0.0039000000000000007,-0.0039000000000000146,0.009553009996854402,tap1,natural,light,20260810_141717,True
2612786,0.0195,0.0273,0.9165,2612.786,500000,0.0039000000000000007,0.0039000000000000007,0.0039000000000000146,0.006754998149518631,tap1,natural,light,20260810_141717,True
2615264,0.0117,0.0195,0.9126,2615.264,500000,-0.003899999999999999,-0.0039000000000000007,0.0,0.00551543289325507,tap1,natural,light,20260810_141717,True
2617769,0.0156,0.0273,0.9048,2617.769,500000,0.0,0.0039000000000000007,-0.007799999999999918,0.008720665112249107,tap1,natural,light,20260810_141717,True
2620290,0.0117,0.0234,0.9165,2620.29,500000,-0.003899999999999999,0.0,0.0039000000000000146,0.00551543289325508,tap1,natural,light,20260810_141717,True
2622769,0.0195,0.0234,0.9204,2622.769,500000,0.0039000000000000007,0.0,0.007800000000000029,0.008720665112249207,tap1,natural,light,20260810_141717,True
2625267,0.0273,0.0117,0.9165,2625.267,500000,0.011700000000000002,-0.0117,0.0039000000000000146,0.016999705879808633,tap1,natural,light,20260810_141717,True
2627783,0.0117,0.0273,0.9087,2627.783,500000,-0.003899999999999999,0.0039000000000000007,-0.0039000000000000146,0.00675499814951863,tap1,natural,light,20260810_141717,True
2630267,0.0156,0.0273,0.9048,2630.267,500000,0.0,0.0039000000000000007,-0.007799999999999918,0.008720665112249107,tap1,natural,light,20260810_141717,True
2632771,0.0117,0.0351,0.9126,2632.771,500000,-0.003899999999999999,0.011699999999999999,0.0,0.012332882874656677,tap1,natural,light,20260810_141717,True
2635268,0.0156,0.0195,0.9165,2635.268,500000,0.0,-0.0039000000000000007,0.0039000000000000146,0.005515432893255082,tap1,natural,light,20260810_141717,True
2637783,0.0117,0.0195,0.9204,2637.783,500000,-0.003899999999999999,-0.0039000000000000007,0.007800000000000029,0.009553009996854418,tap1,natural,light,20260810_141717,True
2640268,0.0117,0.0273,0.9126,2640.268,500000,-0.003899999999999999,0.0039000000000000007,0.0,0.00551543289325507,tap1,natural,light,20260810_141717,True
2642793,0.0078,0.0273,0.9165,2642.793,500000,-0.0078,0.0039000000000000007,0.0039000000000000146,0.0095530099968544,tap1,natural,light,20260810_141717,True
2645293,0.0156,0.0234,0.9087,2645.293,500000,0.0,0.0,-0.0039000000000000146,0.0039000000000000146,tap1,natural,light,20260810_141717,True
2647784,0.0156,0.0234,0.9126,2647.784,500000,0.0,0.0,0.0,0.0,tap1,natural,light,20260810_141717,True
2650268,0.0156,0.0117,0.9165,2650.268,500000,0.0,-0.0117,0.0039000000000000146,0.012332882874656684,tap1,natural,light,20260810_141717,True
2652774,0.0156,0.0312,0.9048,2652.774,500000,0.0,0.007799999999999998,-0.007799999999999918,0.011030865786510082,tap1,natural,light,20260810_141717,True
2655270,0.0156,0.0273,0.9087,2655.27,500000,0.0,0.0039000000000000007,-0.0039000000000000146,0.005515432893255082,tap1,natural,light,20260810_141717,True
2657788,0.0195,0.0195,0.9048,2657.788,500000,0.0039000000000000007,-0.0039000000000000007,-0.007799999999999918,0.009553009996854328,tap1,natural,light,20260810_141717,True
2660271,0.0156,0.0234,0.9126,2660.271,500000,0.0,0.0,0.0,0.0,tap1,natural,light,20260810_141717,True
2662772,0.0195,0.0234,0.9243,2662.772,500000,0.0039000000000000007,0.0,0.011700000000000044,0.012332882874656722,tap1,natural,light,20260810_141717,True
2665268,0.0117,0.0273,0.9048,2665.268,500000,-0.003899999999999999,0.0039000000000000007,-0.007799999999999918,0.009553009996854328,tap1,natural,light,20260810_141717,True
2667790,0.0195,0.0273,0.9126,2667.79,500000,0.0039000000000000007,0.0039000000000000007,0.0,0.005515432893255071,tap1,natural,light,20260810_141717,True
2670273,0.0195,0.0234,0.9126,2670.273,500000,0.0039000000000000007,0.0,0.0,0.0039000000000000007,tap1,natural,light,20260810_141717,True
2672778,0.0156,0.0234,0.9048,2672.778,500000,0.0,0.0,-0.007799999999999918,0.007799999999999918,tap1,natural,light,20260810_141717,True
2675276,0.0195,0.0195,0.9204,2675.276,500000,0.0039000000000000007,-0.0039000000000000007,0.007800000000000029,0.00955300999685442,tap1,natural,light,20260810_141717,True
2677793,0.0195,0.0234,0.9165,2677.793,500000,0.0039000000000000007,0.0,0.0039000000000000146,0.005515432893255082,tap1,natural,light,20260810_141717,True
2680273,0.0156,0.0234,0.9243,2680.273,500000,0.0,0.0,0.011700000000000044,0.011700000000000044,tap1,natural,light,20260810_141717,True
2682776,0.0195,0.0273,0.9087,2682.776,500000,0.0039000000000000007,0.0039000000000000007,-0.0039000000000000146,0.006754998149518631,tap1,natural,light,20260810_141717,True
2685274,0.0195,0.0234,0.9087,2685.274,500000,0.0039000000000000007,0.0,-0.0039000000000000146,0.005515432893255082,tap1,natural,light,20260810_141717,True
2687763,0.0156,0.0234,0.9165,2687.763,500000,0.0,0.0,0.0039000000000000146,0.0039000000000000146,tap1,natural,light,20260810_141717,True
2690272,0.0156,0.0195,0.9087,2690.272,500000,0.0,-0.0039000000000000007,-0.0039000000000000146,0.005515432893255082,tap1,natural,light,20260810_141717,True
2692778,0.0117,0.0195,0.9165,2692.778,500000,-0.003899999999999999,-0.0039000000000000007,0.0039000000000000146,0.00675499814951863,tap1,natural,light,20260810_141717,True
2695276,0.0156,0.0234,0.9165,2695.276,500000,0.0,0.0,0.0039000000000000146,0.0039000000000000146,tap1,natural,light,20260810_141717,True
2697764,0.0156,0.0234,0.9165,2697.764,500000,0.0,0.0,0.0039000000000000146,0.0039000000000000146,tap1,natural,light,20260810_141717,True
2700284,0.0117,0.0195,0.9165,2700.284,500000,-0.003899999999999999,-0.0039000000000000007,0.0039000000000000146,0.00675499814951863,tap1,natural,light,20260810_141717,True
2702776,0.0195,0.0273,0.9165,2702.776,500000,0.0039000000000000007,0.0039000000000000007,0.0039000000000000146,0.006754998149518631,tap1,natural,light,20260810_141717,True
2705273,0.0195,0.0234,0.9048,2705.273,500000,0.0039000000000000007,0.0,-0.007799999999999918,0.008720665112249107,tap1,natural,light,20260810_141717,True
2707763,0.0117,0.0234,0.9204,2707.763,500000,-0.003899999999999999,0.0,0.007800000000000029,0.008720665112249205,tap1,natural,light,20260810_141717,True
2710291,0.0156,0.0234,0.9087,2710.291,500000,0.0,0.0,-0.0039000000000000146,0.0039000000000000146,tap1,natural,light,20260810_141717,True
2712786,0.0156,0.0195,0.9126,2712.786,500000,0.0,-0.0039000000000000007,0.0,0.0039000000000000007,tap1,natural,light,20260810_141717,True
2715265,0.0156,0.0195,0.9165,2715.265,500000,0.0,-0.0039000000000000007,0.0039000000000000146,0.005515432893255082,tap1,natural,light,20260810_141717,True
2717791,0.0117,0.0273,0.9126,2717.791,500000,-0.003899999999999999,0.0039000000000000007,0.0,0.00551543289325507,tap1,natural,light,20260810_141717,True
2720270,0.0156,0.0312,0.9126,2720.27,500000,0.0,0.007799999999999998,0.0,0.007799999999999998,tap1,natural,light,20260810_141717,True
2722776,0.0117,0.0195,0.9204,2722.776,500000,-0.003899999999999999,-0.0039000000000000007,0.007800000000000029,0.009553009996854418,tap1,natural,light,20260810_141717,True
2725273,0.0156,0.0195,0.9126,2725.273,500000,0.0,-0.0039000000000000007,0.0,0.0039000000000000007,tap1,natural,light,20260810_141717,True
2727793,0.0234,0.0273,0.9048,2727.793,500000,0.007800000000000001,0.0039000000000000007,-0.007799999999999918,0.011699999999999947,tap1,natural,light,20260810_141717,True
2730272,0.0117,0.0312,0.9048,2730.272,500000,-0.003899999999999999,0.007799999999999998,-0.007799999999999918,0.011699999999999943,tap1,natural,light,20260810_141717,True
2732778,0.0195,0.0195,0.9243,2732.778,500000,0.0039000000000000007,-0.0039000000000000007,0.011700000000000044,0.012934836682386099,tap1,natural,light,20260810_141717,True
2735275,0.0156,0.0273,0.9165,2735.275,500000,0.0,0.0039000000000000007,0.0039000000000000146,0.005515432893255082,tap1,natural,light,20260810_141717,True
2737764,0.0117,0.0273,0.9126,2737.764,500000,-0.003899999999999999,0.0039000000000000007,0.0,0.00551543289325507,tap1,natural,light,20260810_141717,True
2740271,0.0234,0.0195,0.9165,2740.271,500000,0.007800000000000001,-0.0039000000000000007,0.0039000000000000146,0.009553009996854402,tap1,natural,light,20260810_141717,True
2742777,0.0195,0.0234,0.9087,2742.777,500000,0.0039000000000000007,0.0,-0.0039000000000000146,0.005515432893255082,tap1,natural,light,20260810_141717,True
2745277,0.0195,0.0273,0.9165,2745.277,500000,0.0039000000000000007,0.0039000000000000007,0.0039000000000000146,0.006754998149518631,tap1,natural,light,20260810_141717,True
2747764,0.0156,0.0273,0.9165,2747.764,500000,0.0,0.0039000000000000007,0.0039000000000000146,0.005515432893255082,tap1,natural,light,20260810_141717,True
2750273,0.0156,0.0234,0.9165,2750.273,500000,0.0,0.0,0.0039000000000000146,0.0039000000000000146,tap1,natural,light,20260810_141717,True
2752777,0.0117,0.0195,0.9126,2752.777,500000,-0.003899999999999999,-0.0039000000000000007,0.0,0.00551543289325507,tap1,natural,light,20260810_141717,True
2755275,0.0195,0.0273,0.9126,2755.275,500000,0.0039000000000000007,0.0039000000000000007,0.0,0.005515432893255071,tap1,natural,light,20260810_141717,True
2757793,0.0156,0.0234,0.9126,2757.793,500000,0.0,0.0,0.0,0.0,tap1,natural,light,20260810_141717,True
2760268,0.0117,0.0234,0.9165,2760.268,500000,-0.003899999999999999,0.0,0.0039000000000000146,0.00551543289325508,tap1,natural,light,20260810_141717,True
2762774,0.0117,0.0195,0.9165,2762.774,500000,-0.003899999999999999,-0.0039000000000000007,0.0039000000000000146,0.00675499814951863,tap1,natural,light,20260810_141717,True
2765270,0.0156,0.0234,0.9087,2765.27,500000,0.0,0.0,-0.0039000000000000146,0.0039000000000000146,tap1,natural,light,20260810_141717,True
2767792,0.0156,0.0195,0.9165,2767.792,500000,0.0,-0.0039000000000000007,0.0039000000000000146,0.005515432893255082,tap1,natural,light,20260810_141717,True
2770275,0.0156,0.0195,0.9126,2770.275,500000,0.0,-0.0039000000000000007,0.0,0.0039000000000000007,tap1,natural,light,20260810_141717,True
2772779,0.0156,0.0234,0.9165,2772.779,500000,0.0,0.0,0.0039000000000000146,0.0039000000000000146,tap1,natural,light,20260810_141717,True
2775286,0.0195,0.0273,0.9165,2775.286,500000,0.0039000000000000007,0.0039000000000000007,0.0039000000000000146,0.006754998149518631,tap1,natural,light,20260810_141717,True
2777787,0.0156,0.0234,0.9165,2777.787,500000,0.0,0.0,0.0039000000000000146,0.0039000000000000146,tap1,natural,light,20260810_141717,True
2780269,0.0156,0.0273,0.9048,2780.269,500000,0.0,0.0039000000000000007,-0.007799999999999918,0.008720665112249107,tap1,natural,light,20260810_141717,True
2782772,0.0234,0.0195,0.9087,2782.772,500000,0.007800000000000001,-0.0039000000000000007,-0.0039000000000000146,0.009553009996854402,tap1,natural,light,20260810_141717,True
2785270,0.0156,0.0273,0.9126,2785.27,500000,0.0,0.0039000000000000007,0.0,0.0039000000000000007,tap1,natural,light,20260810_141717,True
2787789,0.0117,0.0195,0.9126,2787.789,500000,-0.003899999999999999,-0.0039000000000000007,0.0,0.00551543289325507,tap1,natural,light,20260810_141717,True
2790263,0.0117,0.0273,0.9126,2790.263,500000,-0.003899999999999999,0.0039000000000000007,0.0,0.00551543289325507,tap1,natural,light,20260810_141717,True
2792776,0.0039,0.0273,0.9165,2792.776,500000,-0.011699999999999999,0.0039000000000000007,0.0039000000000000146,0.012934836682386064,tap1,natural,light,20260810_141717,True
2795273,0.0117,0.0234,0.9126,2795.273,500000,-0.003899999999999999,0.0,0.0,0.003899999999999999,tap1,natural,light,20260810_141717,True
2797764,0.0156,0.0234,0.9087,2797.764,500000,0.0,0.0,-0.0039000000000000146,0.0039000000000000146,tap1,natural,light,20260810_141717,True
2800282,0.0195,0.0234,0.9126,2800.282,500000,0.0039000000000000007,0.0,0.0,0.0039000000000000007,tap1,natural,light,20260810_141717,True
2802770,0.0195,0.0234,0.9243,2802.77,500000,0.0039000000000000007,0.0,0.011700000000000044,0.012332882874656722,tap1,natural,light,20260810_141717,True
2805268,0.0195,0.0234,0.9243,2805.268,500000,0.0039000000000000007,0.0,0.011700000000000044,0.012332882874656722,tap1,natural,light,20260810_141717,True
2807774,0.0195,0.0273,0.9204,2807.774,500000,0.0039000000000000007,0.0039000000000000007,0.007800000000000029,0.00955300999685442,tap1,natural,light,20260810_141717,True
2810280,0.0195,0.0273,0.9126,2810.28,500000,0.0039000000000000007,0.0039000000000000007,0.0,0.005515432893255071,tap1,natural,light,20260810_141717,True
2812788,0.0195,0.0234,0.9204,2812.788,500000,0.0039000000000000007,0.0,0.007800000000000029,0.008720665112249207,tap1,natural,light,20260810_141717,True
2815293,0.0195,0.0234,0.9204,2815.293,500000,0.0039000000000000007,0.0,0.007800000000000029,0.008720665112249207,tap1,natural,light,20260810_141717,True
2817790,0.0156,0.0312,0.9126,2817.79,500000,0.0,0.007799999999999998,0.0,0.007799999999999998,tap1,natural,light,20260810_141717,True
2820275,0.0156,0.0234,0.9087,2820.275,500000,0.0,0.0,-0.0039000000000000146,0.0039000000000000146,tap1,natural,light,20260810_141717,True
2822779,0.0156,0.0195,0.9165,2822.779,500000,0.0,-0.0039000000000000007,0.0039000000000000146,0.005515432893255082,tap1,natural,light,20260810_141717,True
2825276,0.0117,0.0195,0.9126,2825.276,500000,-0.003899999999999999,-0.0039000000000000007,0.0,0.00551543289325507,tap1,natural,light,20260810_141717,True
2827792,0.0195,0.0273,0.9204,2827.792,500000,0.0039000000000000007,0.0039000000000000007,0.007800000000000029,0.00955300999685442,tap1,natural,light,20260810_141717,True
2830276,0.0156,0.0234,0.9126,2830.276,500000,0.0,0.0,0.0,0.0,tap1,natural,light,20260810_141717,True
2832781,0.0117,0.0312,0.9165,2832.781,500000,-0.003899999999999999,0.007799999999999998,0.0039000000000000146,0.009553009996854399,tap1,natural,light,20260810_141717,True
2835276,0.0156,0.0273,0.9165,2835.276,500000,0.0,0.0039000000000000007,0.0039000000000000146,0.005515432893255082,tap1,natural,light,20260810_141717,True
2837764,0.0117,0.0351,0.9204,2837.764,500000,-0.003899999999999999,0.011699999999999999,0.007800000000000029,0.014592463808418386,tap1,natural,light,20260810_141717,True
2840292,0.0117,0.0195,0.9204,2840.292,500000,-0.003899999999999999,-0.0039000000000000007,0.007800000000000029,0.009553009996854418,tap1,natural,light,20260810_141717,True
2842773,0.0156,0.0234,0.9126,2842.773,500000,0.0,0.0,0.0,0.0,tap1,natural,light,20260810_141717,True
2845272,0.0234,0.0195,0.9204,2845.272,500000,0.007800000000000001,-0.0039000000000000007,0.007800000000000029,0.011700000000000021,tap1,natural,light,20260810_141717,True
2847764,0.0195,0.0156,0.9126,2847.764,500000,0.0039000000000000007,-0.007800000000000001,0.0,0.008720665112249181,tap1,natural,light,20260810_141717,True
2850276,0.0078,0.0234,0.9165,2850.276,500000,-0.0078,0.0,0.0039000000000000146,0.008720665112249186,tap1,natural,light,20260810_141717,True
2852781,0.0117,0.0156,0.9126,2852.781,500000,-0.003899999999999999,-0.007800000000000001,0.0,0.00872066511224918,tap1,natural,light,20260810_141717,True
2855277,0.0195,0.0312,0.9009,2855.277,500000,0.0039000000000000007,0.007799999999999998,-0.011699999999999933,0.014592463808418317,tap1,natural,light,20260810_141717,True
2857764,0.0156,0.0273,0.9165,2857.764,500000,0.0,0.0039000000000000007,0.0039000000000000146,0.005515432893255082,tap1,natural,light,20260810_141717,True
2860279,0.0234,0.0234,0.9087,2860.279,500000,0.007800000000000001,0.0,-0.0039000000000000146,0.008720665112249188,tap1,natural,light,20260810_141717,True
2862782,0.0195,0.0195,0.9165,2862.782,500000,0.0039000000000000007,-0.0039000000000000007,0.0039000000000000146,0.006754998149518631,tap1,natural,light,20260810_141717,True
2865280,0.0195,0.0195,0.9126,2865.28,500000,0.0039000000000000007,-0.0039000000000000007,0.0,0.005515432893255071,tap1,natural,light,20260810_141717,True
2867769,0.0234,0.0234,0.9204,2867.769,500000,0.007800000000000001,0.0,0.007800000000000029,0.011030865786510163,tap1,natural,light,20260810_141717,True
2870279,0.0195,0.0273,0.9126,2870.279,500000,0.0039000000000000007,0.0039000000000000007,0.0,0.005515432893255071,tap1,natural,light,20260810_141717,True
2872786,0.0156,0.0273,0.9126,2872.786,500000,0.0,0.0039000000000000007,0.0,0.0039000000000000007,tap1,natural,light,20260810_141717,True
2875284,0.0195,0.0234,0.9087,2875.284,500000,0.0039000000000000007,0.0,-0.0039000000000000146,0.005515432893255082,tap1,natural,light,20260810_141717,True
2877771,0.0195,0.0195,0.9165,2877.771,500000,0.0039000000000000007,-0.0039000000000000007,0.0039000000000000146,0.006754998149518631,tap1,natural,light,20260810_141717,True
2880281,0.0156,0.0234,0.9204,2880.281,500000,0.0,0.0,0.007800000000000029,0.007800000000000029,tap1,natural,light,20260810_141717,True
2882786,0.0195,0.0195,0.9126,2882.786,500000,0.0039000000000000007,-0.0039000000000000007,0.0,0.005515432893255071,tap1,natural,light,20260810_141717,True
2885282,0.0195,0.0234,0.9126,2885.282,500000,0.0039000000000000007,0.0,0.0,0.0039000000000000007,tap1,natural,light,20260810_141717,True
2887772,0.0195,0.0234,0.9126,2887.772,500000,0.0039000000000000007,0.0,0.0,0.0039000000000000007,tap1,natural,light,20260810_141717,True
2890286,0.0156,0.0273,0.9087,2890.286,500000,0.0,0.0039000000000000007,-0.0039000000000000146,0.005515432893255082,tap1,natural,light,20260810_141717,True
2892793,0.0156,0.0234,0.9165,2892.793,500000,0.0,0.0,0.0039000000000000146,0.0039000000000000146,tap1,natural,light,20260810_141717,True
2895291,0.0117,0.0234,0.9165,2895.291,500000,-0.003899999999999999,0.0,0.0039000000000000146,0.00551543289325508,tap1,natural,light,20260810_141717,True
2897786,0.0156,0.0195,0.9204,2897.786,500000,0.0,-0.0039000000000000007,0.007800000000000029,0.008720665112249207,tap1,natural,light,20260810_141717,True
2900266,0.0117,0.0234,0.9165,2900.266,500000,-0.003899999999999999,0.0,0.0039000000000000146,0.00551543289325508,tap1,natural,light,20260810_141717,True
2902785,0.0156,0.0234,0.9204,2902.785,500000,0.0,0.0,0.007800000000000029,0.007800000000000029,tap1,natural,light,20260810_141717,True
2905267,0.0195,0.0195,0.9048,2905.267,500000,0.0039000000000000007,-0.0039000000000000007,-0.007799999999999918,0.009553009996854328,tap1,natural,light,20260810_141717,True
2907775,0.0156,0.0234,0.9204,2907.775,500000,0.0,0.0,0.007800000000000029,0.007800000000000029,tap1,natural,light,20260810_141717,True
2910285,0.0156,0.0234,0.9204,2910.285,500000,0.0,0.0,0.007800000000000029,0.007800000000000029,tap1,natural,light,20260810_141717,True
2912775,0.0195,0.0195,0.9243,2912.775,500000,0.0039000000000000007,-0.0039000000000000007,0.011700000000000044,0.012934836682386099,tap1,natural,light,20260810_141717,True
2915269,0.0195,0.0234,0.9126,2915.269,500000,0.0039000000000000007,0.0,0.0,0.0039000000000000007,tap1,natural,light,20260810_141717,True
2917776,0.0195,0.0273,0.9165,2917.776,500000,0.0039000000000000007,0.0039000000000000007,0.0039000000000000146,0.006754998149518631,tap1,natural,light,20260810_141717,True
2920290,0.0078,0.0234,0.9243,2920.29,500000,-0.0078,0.0,0.011700000000000044,0.014061649974309594,tap1,natural,light,20260810_141717,True
2922769,0.0117,0.0273,0.9126,2922.769,500000,-0.003899999999999999,0.0039000000000000007,0.0,0.00551543289325507,tap1,natural,light,20260810_141717,True
2925267,0.0156,0.0234,0.9048,2925.267,500000,0.0,0.0,-0.007799999999999918,0.007799999999999918,tap1,natural,light,20260810_141717,True
2927785,0.0195,0.0312,0.9204,2927.785,500000,0.0039000000000000007,0.007799999999999998,0.007800000000000029,0.011700000000000018,tap1,natural,light,20260810_141717,True
2930266,0.0156,0.039,0.9204,2930.266,500000,0.0,0.0156,0.007800000000000029,0.017441330224498373,tap1,natural,light,20260810_141717,True
2932773,0.0195,0.0234,0.9321,2932.773,500000,0.0039000000000000007,0.0,0.019500000000000073,0.01988617610301193,tap1,natural,light,20260810_141717,True
2935271,0.0195,0.0273,0.9126,2935.271,500000,0.0039000000000000007,0.0039000000000000007,0.0,0.005515432893255071,tap1,natural,light,20260810_141717,True
2937788,0.0117,0.0273,0.9126,2937.788,500000,-0.003899999999999999,0.0039000000000000007,0.0,0.00551543289325507,tap1,natural,light,20260810_141717,True
2940270,0.0195,0.0312,0.9165,2940.27,500000,0.0039000000000000007,0.007799999999999998,0.0039000000000000146,0.0095530099968544,tap1,natural,light,20260810_141717,True
2942779,0.0078,0.0312,0.9126,2942.779,500000,-0.0078,0.007799999999999998,0.0,0.011030865786510139,tap1,natural,light,20260810_141717,True
2945277,0.0156,0.0234,0.9165,2945.277,500000,0.0,0.0,0.0039000000000000146,0.0039000000000000146,tap1,natural,light,20260810_141717,True
2947768,0.0156,0.0312,0.9087,2947.768,500000,0.0,0.007799999999999998,-0.0039000000000000146,0.008720665112249185,tap1,natural,light,20260810_141717,True
2950280,0.0156,0.0273,0.9126,2950.28,500000,0.0,0.0039000000000000007,0.0,0.0039000000000000007,tap1,natural,light,20260810_141717,True
2952784,0.0156,0.0156,0.9087,2952.784,500000,0.0,-0.007800000000000001,-0.0039000000000000146,0.008720665112249188,tap1,natural,light,20260810_141717,True
2955281,0.0078,0.0273,0.9087,2955.281,500000,-0.0078,0.0039000000000000007,-0.0039000000000000146,0.0095530099968544,tap1,natural,light,20260810_141717,True
2957770,0.0117,0.0312,0.9126,2957.77,500000,-0.003899999999999999,0.007799999999999998,0.0,0.008720665112249178,tap1,natural,light,20260810_141717,True
2960276,0.0117,0.0195,0.9048,2960.276,500000,-0.003899999999999999,-0.0039000000000000007,-0.007799999999999918,0.009553009996854328,tap1,natural,light,20260810_141717,True
2962780,0.0195,0.0195,0.9087,2962.78,500000,0.0039000000000000007,-0.0039000000000000007,-0.0039000000000000146,0.006754998149518631,tap1,natural,light,20260810_141717,True
2965276,0.0234,0.0195,0.9087,2965.276,500000,0.007800000000000001,-0.0039000000000000007,-0.0039000000000000146,0.009553009996854402,tap1,natural,light,20260810_141717,True
2967770,0.0117,0.0234,0.9087,2967.77,500000,-0.003899999999999999,0.0,-0.0039000000000000146,0.00551543289325508,tap1,natural,light,20260810_141717,True
2970270,0.0195,0.0195,0.9048,2970.27,500000,0.0039000000000000007,-0.0039000000000000007,-0.007799999999999918,0.009553009996854328,tap1,natural,light,20260810_141717,True
2972779,0.0195,0.0195,0.9048,2972.779,500000,0.0039000000000000007,-0.0039000000000000007,-0.007799999999999918,0.009553009996854328,tap1,natural,light,20260810_141717,True
2975277,0.0195,0.0234,0.9126,2975.277,500000,0.0039000000000000007,0.0,0.0,0.0039000000000000007,tap1,natural,light,20260810_141717,True
2977769,0.0156,0.0234,0.9165,2977.769,500000,0.0,0.0,0.0039000000000000146,0.0039000000000000146,tap1,natural,light,20260810_141717,True
2980282,0.0195,0.0234,0.9204,2980.282,500000,0.0039000000000000007,0.0,0.007800000000000029,0.008720665112249207,tap1,natural,light,20260810_141717,True
2982789,0.0195,0.0273,0.9087,2982.789,500000,0.0039000000000000007,0.0039000000000000007,-0.0039000000000000146,0.006754998149518631,tap1,natural,light,20260810_141717,True
2985289,0.0078,0.0234,0.9126,2985.289,500000,-0.0078,0.0,0.0,0.0078,tap1,natural,light,20260810_141717,True
2987784,0.0156,0.0234,0.9126,2987.784,500000,0.0,0.0,0.0,0.0,tap1,natural,light,20260810_141717,True
2990291,0.0195,0.0195,0.9165,2990.291,500000,0.0039000000000000007,-0.0039000000000000007,0.0039000000000000146,0.006754998149518631,tap1,natural,light,20260810_141717,True
2992775,0.0195,0.0234,0.9126,2992.775,500000,0.0039000000000000007,0.0,0.0,0.0039000000000000007,tap1,natural,light,20260810_141717,True
2995275,0.0156,0.0273,0.9087,2995.275,500000,0.0,0.0039000000000000007,-0.0039000000000000146,0.005515432893255082,tap1,natural,light,20260810_141717,True
2997767,0.0078,0.0273,0.9087,2997.767,500000,-0.0078,0.0039000000000000007,-0.0039000000000000146,0.0095530099968544,tap1,natural,light,20260810_141717,True
3000284,0.0156,0.0234,0.9048,3000.284,500000,0.0,0.0,-0.007799999999999918,0.007799999999999918,tap1,natural,light,20260810_141717,True
3002778,0.0117,0.0195,0.9087,3002.778,500000,-0.003899999999999999,-0.0039000000000000007,-0.0039000000000000146,0.00675499814951863,tap1,natural,light,20260810_141717,True
3005276,0.0195,0.0195,0.9165,3005.276,500000,0.0039000000000000007,-0.0039000000000000007,0.0039000000000000146,0.006754998149518631,tap1,natural,light,20260810_141717,True
3007770,0.0156,0.0312,0.9126,3007.77,500000,0.0,0.007799999999999998,0.0,0.007799999999999998,tap1,natural,light,20260810_141717,True
3010278,0.0156,0.0156,0.9165,3010.278,500000,0.0,-0.007800000000000001,0.0039000000000000146,0.008720665112249188,tap1,natural,light,20260810_141717,True
3012773,0.0195,0.0234,0.9009,3012.773,500000,0.0039000000000000007,0.0,-0.011699999999999933,0.012332882874656616,tap1,natural,light,20260810_141717,True
3015279,0.0195,0.0234,0.9126,3015.279,500000,0.0039000000000000007,0.0,0.0,0.0039000000000000007,tap1,natural,light,20260810_141717,True
3017771,0.0195,0.0234,0.9126,3017.771,500000,0.0039000000000000007,0.0,0.0,0.0039000000000000007,tap1,natural,light,20260810_141717,True
3020288,0.0156,0.0234,0.9204,3020.288,500000,0.0,0.0,0.007800000000000029,0.007800000000000029,tap1,natural,light,20260810_141717,True
3022768,0.0117,0.0234,0.9204,3022.768,500000,-0.003899999999999999,0.0,0.007800000000000029,0.008720665112249205,tap1,natural,light,20260810_141717,True
3025266,0.0195,0.0234,0.9087,3025.266,500000,0.0039000000000000007,0.0,-0.0039000000000000146,0.005515432893255082,tap1,natural,light,20260810_141717,True
3027788,0.0195,0.0273,0.9087,3027.788,500000,0.0039000000000000007,0.0039000000000000007,-0.0039000000000000146,0.006754998149518631,tap1,natural,light,20260810_141717,True
3030273,0.0195,0.0234,0.9009,3030.273,500000,0.0039000000000000007,0.0,-0.011699999999999933,0.012332882874656616,tap1,natural,light,20260810_141717,True
3032778,0.0156,0.0195,0.9243,3032.778,500000,0.0,-0.0039000000000000007,0.011700000000000044,0.012332882874656722,tap1,natural,light,20260810_141717,True
3035292,0.0117,0.0234,0.9048,3035.292,500000,-0.003899999999999999,0.0,-0.007799999999999918,0.008720665112249105,tap1,natural,light,20260810_141717,True
3037789,0.0234,0.0273,0.9126,3037.789,500000,0.007800000000000001,0.0039000000000000007,0.0,0.008720665112249181,tap1,natural,light,20260810_141717,True
3040269,0.0117,0.0273,0.9282,3040.269,500000,-0.003899999999999999,0.0039000000000000007,0.015600000000000058,0.016546298679765266,tap1,natural,light,20260810_141717,True
3042777,0.0195,0.0273,0.897,3042.777,500000,0.0039000000000000007,0.0039000000000000007,-0.015599999999999947,0.016546298679765162,tap1,natural,light,20260810_141717,True
3045276,0.0156,0.0195,0.9087,3045.276,500000,0.0,-0.0039000000000000007,-0.0039000000000000146,0.005515432893255082,tap1,natural,light,20260810_141717,True
3047766,0.0156,0.0273,0.9204,3047.766,500000,0.0,0.0039000000000000007,0.007800000000000029,0.008720665112249207,tap1,natural,light,20260810_141717,True
3050282,0.0156,0.0195,0.9048,3050.282,500000,0.0,-0.0039000000000000007,-0.007799999999999918,0.008720665112249107,tap1,natural,light,20260810_141717,True
3052786,0.0078,0.0273,0.9087,3052.786,500000,-0.0078,0.0039000000000000007,-0.0039000000000000146,0.0095530099968544,tap1,natural,light,20260810_141717,True
3055284,0.0117,0.0234,0.9165,3055.284,500000,-0.003899999999999999,0.0,0.0039000000000000146,0.00551543289325508,tap1,natural,light,20260810_141717,True
3057771,0.0195,0.0273,0.9126,3057.771,500000,0.0039000000000000007,0.0039000000000000007,0.0,0.005515432893255071,tap1,natural,light,20260810_141717,True
3060283,0.0156,0.0234,0.9087,3060.283,500000,0.0,0.0,-0.0039000000000000146,0.0039000000000000146,tap1,natural,light,20260810_141717,True
3062786,0.0234,0.0156,0.9165,3062.786,500000,0.007800000000000001,-0.007800000000000001,0.0039000000000000146,0.011700000000000007,tap1,natural,light,20260810_141717,True
3065283,0.0195,0.0273,0.9126,3065.283,500000,0.0039000000000000007,0.0039000000000000007,0.0,0.005515432893255071,tap1,natural,light,20260810_141717,True
3067773,0.0156,0.0273,0.9087,3067.773,500000,0.0,0.0039000000000000007,-0.0039000000000000146,0.005515432893255082,tap1,natural,light,20260810_141717,True
3070289,0.0195,0.0234,0.9165,3070.289,500000,0.0039000000000000007,0.0,0.0039000000000000146,0.005515432893255082,tap1,natural,light,20260810_141717,True
3072768,0.0156,0.0273,0.9165,3072.768,500000,0.0,0.0039000000000000007,0.0039000000000000146,0.005515432893255082,tap1,natural,light,20260810_141717,True
3075267,0.0117,0.0234,0.9087,3075.267,500000,-0.003899999999999999,0.0,-0.0039000000000000146,0.00551543289325508,tap1,natural,light,20260810_141717,True
3077781,0.0195,0.0273,0.9087,3077.781,500000,0.0039000000000000007,0.0039000000000000007,-0.0039000000000000146,0.006754998149518631,tap1,natural,light,20260810_141717,True
3080291,0.0156,0.0234,0.9165,3080.291,500000,0.0,0.0,0.0039000000000000146,0.0039000000000000146,tap1,natural,light,20260810_141717,True
3082770,0.0156,0.0234,0.9165,3082.77,500000,0.0,0.0,0.0039000000000000146,0.0039000000000000146,tap1,natural,light,20260810_141717,True
3085268,0.0156,0.0234,0.9126,3085.268,500000,0.0,0.0,0.0,0.0,tap1,natural,light,20260810_141717,True
3087785,0.0156,0.0234,0.9165,3087.785,500000,0.0,0.0,0.0039000000000000146,0.0039000000000000146,tap1,natural,light,20260810_141717,True
3090265,0.0117,0.0273,0.9126,3090.265,500000,-0.003899999999999999,0.0039000000000000007,0.0,0.00551543289325507,tap1,natural,light,20260810_141717,True
3092773,0.0117,0.0195,0.9243,3092.773,500000,-0.003899999999999999,-0.0039000000000000007,0.011700000000000044,0.012934836682386099,tap1,natural,light,20260810_141717,True
3095270,0.0117,0.0273,0.9126,3095.27,500000,-0.003899999999999999,0.0039000000000000007,0.0,0.00551543289325507,tap1,natural,light,20260810_141717,True
3097789,0.0156,0.0234,0.9165,3097.789,500000,0.0,0.0,0.0039000000000000146,0.0039000000000000146,tap1,natural,light,20260810_141717,True
3100285,0.0195,0.0234,0.9087,3100.285,500000,0.0039000000000000007,0.0,-0.0039000000000000146,0.005515432893255082,tap1,natural,light,20260810_141717,True
3102788,0.0156,0.0234,0.9165,3102.788,500000,0.0,0.0,0.0039000000000000146,0.0039000000000000146,tap1,natural,light,20260810_141717,True
3105286,0.0156,0.0273,0.9126,3105.286,500000,0.0,0.0039000000000000007,0.0,0.0039000000000000007,tap1,natural,light,20260810_141717,True
3107767,0.0117,0.0234,0.9204,3107.767,500000,-0.003899999999999999,0.0,0.007800000000000029,0.008720665112249205,tap1,natural,light,20260810_141717,True
3110276,0.0156,0.0195,0.9126,3110.276,500000,0.0,-0.0039000000000000007,0.0,0.0039000000000000007,tap1,natural,light,20260810_141717,True
3112767,0.0156,0.0234,0.9165,3112.767,500000,0.0,0.0,0.0039000000000000146,0.0039000000000000146,tap1,natural,light,20260810_141717,True
3115275,0.0195,0.0195,0.9126,3115.275,500000,0.0039000000000000007,-0.0039000000000000007,0.0,0.005515432893255071,tap1,natural,light,20260810_141717,True
3117776,0.0195,0.0234,0.9126,3117.776,500000,0.0039000000000000007,0.0,0.0,0.0039000000000000007,tap1,natural,light,20260810_141717,True
3120278,0.0234,0.0273,0.9204,3120.278,500000,0.007800000000000001,0.0039000000000000007,0.007800000000000029,0.011700000000000021,tap1,natural,light,20260810_141717,True
3122766,0.0234,0.0273,0.9204,3122.766,500000,0.007800000000000001,0.0039000000000000007,0.007800000000000029,0.011700000000000021,tap1,natural,light,20260810_141717,True
3125265,0.0156,0.0234,0.9087,3125.265,500000,0.0,0.0,-0.0039000000000000146,0.0039000000000000146,tap1,natural,light,20260810_141717,True
3127787,0.0195,0.0273,0.9126,3127.787,500000,0.0039000000000000007,0.0039000000000000007,0.0,0.005515432893255071,tap1,natural,light,20260810_141717,True
3130269,0.0156,0.0234,0.9048,3130.269,500000,0.0,0.0,-0.007799999999999918,0.007799999999999918,tap1,natural,light,20260810_141717,True
3132772,0.0156,0.0312,0.9126,3132.772,500000,0.0,0.007799999999999998,0.0,0.007799999999999998,tap1,natural,light,20260810_141717,True
3135268,0.0195,0.0273,0.9204,3135.268,500000,0.0039000000000000007,0.0039000000000000007,0.007800000000000029,0.00955300999685442,tap1,natural,light,20260810_141717,True
3137787,0.0195,0.0195,0.9087,3137.787,500000,0.0039000000000000007,-0.0039000000000000007,-0.0039000000000000146,0.006754998149518631,tap1,natural,light,20260810_141717,True
3140270,0.0156,0.0195,0.9165,3140.27,500000,0.0,-0.0039000000000000007,0.0039000000000000146,0.005515432893255082,tap1,natural,light,20260810_141717,True
3142782,0.0156,0.0312,0.9087,3142.782,500000,0.0,0.007799999999999998,-0.0039000000000000146,0.008720665112249185,tap1,natural,light,20260810_141717,True
3145280,0.0156,0.0234,0.9126,3145.28,500000,0.0,0.0,0.0,0.0,tap1,natural,light,20260810_141717,True
3147767,0.0195,0.0195,0.9126,3147.767,500000,0.0039000000000000007,-0.0039000000000000007,0.0,0.005515432893255071,tap1,natural,light,20260810_141717,True
3150276,0.0156,0.0273,0.9165,3150.276,500000,0.0,0.0039000000000000007,0.0039000000000000146,0.005515432893255082,tap1,natural,light,20260810_141717,True
3152779,0.0117,0.0273,0.9087,3152.779,500000,-0.003899999999999999,0.0039000000000000007,-0.0039000000000000146,0.00675499814951863,tap1,natural,light,20260810_141717,True
3155275,0.0117,0.0234,0.9087,3155.275,500000,-0.003899999999999999,0.0,-0.0039000000000000146,0.00551543289325508,tap1,natural,light,20260810_141717,True
3157793,0.0117,0.0195,0.9087,3157.793,500000,-0.003899999999999999,-0.0039000000000000007,-0.0039000000000000146,0.00675499814951863,tap1,natural,light,20260810_141717,True
3160269,0.0156,0.0234,0.9204,3160.269,500000,0.0,0.0,0.007800000000000029,0.007800000000000029,tap1,natural,light,20260810_141717,True
3162773,0.0156,0.0273,0.9087,3162.773,500000,0.0,0.0039000000000000007,-0.0039000000000000146,0.005515432893255082,tap1,natural,light,20260810_141717,True
3165270,0.0117,0.0273,0.9126,3165.27,500000,-0.003899999999999999,0.0039000000000000007,0.0,0.00551543289325507,tap1,natural,light,20260810_141717,True
3167782,0.0117,0.0234,0.9126,3167.782,500000,-0.003899999999999999,0.0,0.0,0.003899999999999999,tap1,natural,light,20260810_141717,True
3170266,0.0117,0.0273,0.9204,3170.266,500000,-0.003899999999999999,0.0039000000000000007,0.007800000000000029,0.009553009996854418,tap1,natural,light,20260810_141717,True
3172774,0.0156,0.0234,0.9126,3172.774,500000,0.0,0.0,0.0,0.0,tap1,natural,light,20260810_141717,True
3175270,0.0156,0.0273,0.9165,3175.27,500000,0.0,0.0039000000000000007,0.0039000000000000146,0.005515432893255082,tap1,natural,light,20260810_141717,True
3177787,0.0117,0.0273,0.9087,3177.787,500000,-0.003899999999999999,0.0039000000000000007,-0.0039000000000000146,0.00675499814951863,tap1,natural,light,20260810_141717,True
3180263,0.0156,0.0273,0.9165,3180.263,500000,0.0,0.0039000000000000007,0.0039000000000000146,0.005515432893255082,tap1,natural,light,20260810_141717,True
3182775,0.0156,0.0234,0.9204,3182.775,500000,0.0,0.0,0.007800000000000029,0.007800000000000029,tap1,natural,light,20260810_141717,True
3185273,0.0195,0.0195,0.9204,3185.273,500000,0.0039000000000000007,-0.0039000000000000007,0.007800000000000029,0.00955300999685442,tap1,natural,light,20260810_141717,True
3187792,0.0195,0.0273,0.9048,3187.792,500000,0.0039000000000000007,0.0039000000000000007,-0.007799999999999918,0.009553009996854328,tap1,natural,light,20260810_141717,True
3190276,0.0117,0.0273,0.9204,3190.276,500000,-0.003899999999999999,0.0039000000000000007,0.007800000000000029,0.009553009996854418,tap1,natural,light,20260810_141717,True
3192783,0.0234,0.0234,0.9126,3192.783,500000,0.007800000000000001,0.0,0.0,0.007800000000000001,tap1,natural,light,20260810_141717,True
3195282,0.0156,0.0273,0.9087,3195.282,500000,0.0,0.0039000000000000007,-0.0039000000000000146,0.005515432893255082,tap1,natural,light,20260810_141717,True
3197772,0.0195,0.0234,0.9126,3197.772,500000,0.0039000000000000007,0.0,0.0,0.0039000000000000007,tap1,natural,light,20260810_141717,True
3200286,0.0156,0.0195,0.9087,3200.286,500000,0.0,-0.0039000000000000007,-0.0039000000000000146,0.005515432893255082,tap1,natural,light,20260810_141717,True
3202777,0.0078,0.0234,0.9165,3202.777,500000,-0.0078,0.0,0.0039000000000000146,0.008720665112249186,tap1,natural,light,20260810_141717,True
3205273,0.0117,0.0234,0.9087,3205.273,500000,-0.003899999999999999,0.0,-0.0039000000000000146,0.00551543289325508,tap1,natural,light,20260810_141717,True
3207779,0.0195,0.0234,0.9243,3207.779,500000,0.0039000000000000007,0.0,0.011700000000000044,0.012332882874656722,tap1,natural,light,20260810_141717,True
3210289,0.0117,0.0195,0.9126,3210.289,500000,-0.003899999999999999,-0.0039000000000000007,0.0,0.00551543289325507,tap1,natural,light,20260810_141717,True
3212783,0.0156,0.0273,0.9126,3212.783,500000,0.0,0.0039000000000000007,0.0,0.0039000000000000007,tap1,natural,light,20260810_141717,True
3215292,0.0117,0.0273,0.9048,3215.292,500000,-0.003899999999999999,0.0039000000000000007,-0.007799999999999918,0.009553009996854328,tap1,natural,light,20260810_141717,True
3217768,0.0078,0.0234,0.9087,3217.768,500000,-0.0078,0.0,-0.0039000000000000146,0.008720665112249186,tap1,natural,light,20260810_141717,True
3220276,0.0117,0.0195,0.9087,3220.276,500000,-0.003899999999999999,-0.0039000000000000007,-0.0039000000000000146,0.00675499814951863,tap1,natural,light,20260810_141717,True
3222780,0.0156,0.0273,0.9243,3222.78,500000,0.0,0.0039000000000000007,0.011700000000000044,0.012332882874656722,tap1,natural,light,20260810_141717,True
3225263,0.0117,0.0312,0.9165,3225.263,500000,-0.003899999999999999,0.007799999999999998,0.0039000000000000146,0.009553009996854399,tap1,natural,light,20260810_141717,True
3227787,0.0117,0.0234,0.9243,3227.787,500000,-0.003899999999999999,0.0,0.011700000000000044,0.01233288287465672,tap1,natural,light,20260810_141717,True
3230271,0.0117,0.0234,0.9243,3230.271,500000,-0.003899999999999999,0.0,0.011700000000000044,0.01233288287465672,tap1,natural,light,20260810_141717,True
3232792,0.0117,0.0195,0.9126,3232.792,500000,-0.003899999999999999,-0.0039000000000000007,0.0,0.00551543289325507,tap1,natural,light,20260810_141717,True
3235291,0.0156,0.0273,0.9009,3235.291,500000,0.0,0.0039000000000000007,-0.011699999999999933,0.012332882874656616,tap1,natural,light,20260810_141717,True
3237785,0.0156,0.0273,0.9087,3237.785,500000,0.0,0.0039000000000000007,-0.0039000000000000146,0.005515432893255082,tap1,natural,light,20260810_141717,True
3240263,0.0234,0.0195,0.9087,3240.263,500000,0.007800000000000001,-0.0039000000000000007,-0.0039000000000000146,0.009553009996854402,tap1,natural,light,20260810_141717,True
3242780,0.0078,0.0234,0.9126,3242.78,500000,-0.0078,0.0,0.0,0.0078,tap1,natural,light,20260810_141717,True
3245278,0.0156,0.0273,0.9243,3245.278,500000,0.0,0.0039000000000000007,0.011700000000000044,0.012332882874656722,tap1,natural,light,20260810_141717,True
3247767,0.0195,0.0195,0.9165,3247.767,500000,0.0039000000000000007,-0.0039000000000000007,0.0039000000000000146,0.006754998149518631,tap1,natural,light,20260810_141717,True
3250282,0.0156,0.0234,0.9204,3250.282,500000,0.0,0.0,0.007800000000000029,0.007800000000000029,tap1,natural,light,20260810_141717,True
3252786,0.0234,0.0234,0.9087,3252.786,500000,0.007800000000000001,0.0,-0.0039000000000000146,0.008720665112249188,tap1,natural,light,20260810_141717,True
3255285,0.0117,0.0234,0.9165,3255.285,500000,-0.003899999999999999,0.0,0.0039000000000000146,0.00551543289325508,tap1,natural,light,20260810_141717,True
3257773,0.0156,0.0234,0.9087,3257.773,500000,0.0,0.0,-0.0039000000000000146,0.0039000000000000146,tap1,natural,light,20260810_141717,True
3260288,0.0234,0.0234,0.9126,3260.288,500000,0.007800000000000001,0.0,0.0,0.007800000000000001,tap1,natural,light,20260810_141717,True
3262767,0.0234,0.0234,0.9165,3262.767,500000,0.007800000000000001,0.0,0.0039000000000000146,0.008720665112249188,tap1,natural,light,20260810_141717,True
3265265,0.0117,0.0195,0.9204,3265.265,500000,-0.003899999999999999,-0.0039000000000000007,0.007800000000000029,0.009553009996854418,tap1,natural,light,20260810_141717,True
3267787,0.0273,0.0234,0.9243,3267.787,500000,0.011700000000000002,0.0,0.011700000000000044,0.016546298679765245,tap1,natural,light,20260810_141717,True
3270270,0.0195,0.0195,0.9087,3270.27,500000,0.0039000000000000007,-0.0039000000000000007,-0.0039000000000000146,0.006754998149518631,tap1,natural,light,20260810_141717,True
3272772,0.0117,0.0234,0.9126,3272.772,500000,-0.003899999999999999,0.0,0.0,0.003899999999999999,tap1,natural,light,20260810_141717,True
3275268,0.0156,0.0234,0.9204,3275.268,500000,0.0,0.0,0.007800000000000029,0.007800000000000029,tap1,natural,light,20260810_141717,True
3277786,0.0156,0.0156,0.9165,3277.786,500000,0.0,-0.007800000000000001,0.0039000000000000146,0.008720665112249188,tap1,natural,light,20260810_141717,True
3280269,0.0156,0.0234,0.9165,3280.269,500000,0.0,0.0,0.0039000000000000146,0.0039000000000000146,tap1,natural,light,20260810_141717,True
3282773,0.0156,0.0273,0.9165,3282.773,500000,0.0,0.0039000000000000007,0.0039000000000000146,0.005515432893255082,tap1,natural,light,20260810_141717,True
3285271,0.0078,0.0234,0.9048,3285.271,500000,-0.0078,0.0,-0.007799999999999918,0.011030865786510084,tap1,natural,light,20260810_141717,True
3287788,0.0156,0.0312,0.9087,3287.788,500000,0.0,0.007799999999999998,-0.0039000000000000146,0.008720665112249185,tap1,natural,light,20260810_141717,True
3290266,0.0156,0.0273,0.9126,3290.266,500000,0.0,0.0039000000000000007,0.0,0.0039000000000000007,tap1,natural,light,20260810_141717,True
3292772,0.0195,0.0234,0.9126,3292.772,500000,0.0039000000000000007,0.0,0.0,0.0039000000000000007,tap1,natural,light,20260810_141717,True
3295269,0.0156,0.0234,0.9048,3295.269,500000,0.0,0.0,-0.007799999999999918,0.007799999999999918,tap1,natural,light,20260810_141717,True
3297776,0.0117,0.0273,0.9048,3297.776,500000,-0.003899999999999999,0.0039000000000000007,-0.007799999999999918,0.009553009996854328,tap1,natural,light,20260810_141717,True
3300291,0.0156,0.0234,0.9165,3300.291,500000,0.0,0.0,0.0039000000000000146,0.0039000000000000146,tap1,natural,light,20260810_141717,True
3302780,0.0156,0.0234,0.9048,3302.78,500000,0.0,0.0,-0.007799999999999918,0.007799999999999918,tap1,natural,light,20260810_141717,True
3305276,0.0195,0.0195,0.9087,3305.276,500000,0.0039000000000000007,-0.0039000000000000007,-0.0039000000000000146,0.006754998149518631,tap1,natural,light,20260810_141717,True
3307783,0.0156,0.0195,0.9087,3307.783,500000,0.0,-0.0039000000000000007,-0.0039000000000000146,0.005515432893255082,tap1,natural,light,20260810_141717,True
3310263,0.0117,0.0273,0.9048,3310.263,500000,-0.003899999999999999,0.0039000000000000007,-0.007799999999999918,0.009553009996854328,tap1,natural,light,20260810_141717,True
3312788,0.0156,0.0234,0.9048,3312.788,500000,0.0,0.0,-0.007799999999999918,0.007799999999999918,tap1,natural,light,20260810_141717,True
3315264,0.0156,0.0156,0.9048,3315.264,500000,0.0,-0.007800000000000001,-0.007799999999999918,0.011030865786510084,tap1,natural,light,20260810_141717,True
3317764,0.0039,0.0273,0.9126,3317.764,500000,-0.011699999999999999,0.0039000000000000007,0.0,0.012332882874656679,tap1,natural,light,20260810_141717,True
3320280,0.0156,0.0234,0.9165,3320.28,500000,0.0,0.0,0.0039000000000000146,0.0039000000000000146,tap1,natural,light,20260810_141717,True
3322781,0.0156,0.0195,0.9126,3322.781,500000,0.0,-0.0039000000000000007,0.0,0.0039000000000000007,tap1,natural,light,20260810_141717,True
3325269,0.0117,0.0273,0.9126,3325.269,500000,-0.003899999999999999,0.0039000000000000007,0.0,0.00551543289325507,tap1,natural,light,20260810_141717,True
3327768,0.0156,0.0273,0.9126,3327.768,500000,0.0,0.0039000000000000007,0.0,0.0039000000000000007,tap1,natural,light,20260810_141717,True
3330282,0.0195,0.0156,0.9165,3330.282,500000,0.0039000000000000007,-0.007800000000000001,0.0039000000000000146,0.009553009996854402,tap1,natural,light,20260810_141717,True
3332786,0.0078,0.0234,0.9126,3332.786,500000,-0.0078,0.0,0.0,0.0078,tap1,natural,light,20260810_141717,True
3335282,0.0156,0.0273,0.9126,3335.282,500000,0.0,0.0039000000000000007,0.0,0.0039000000000000007,tap1,natural,light,20260810_141717,True
3337771,0.0156,0.0273,0.9126,3337.771,500000,0.0,0.0039000000000000007,0.0,0.0039000000000000007,tap1,natural,light,20260810_141717,True
3340285,0.0117,0.0273,0.9009,3340.285,500000,-0.003899999999999999,0.0039000000000000007,-0.011699999999999933,0.012934836682385998,tap1,natural,light,20260810_141717,True
3342772,0.0117,0.0195,0.9126,3342.772,500000,-0.003899999999999999,-0.0039000000000000007,0.0,0.00551543289325507,tap1,natural,light,20260810_141717,True
3345270,0.0195,0.0273,0.9087,3345.27,500000,0.0039000000000000007,0.0039000000000000007,-0.0039000000000000146,0.006754998149518631,tap1,natural,light,20260810_141717,True
3347789,0.0117,0.0273,0.9087,3347.789,500000,-0.003899999999999999,0.0039000000000000007,-0.0039000000000000146,0.00675499814951863,tap1,natural,light,20260810_141717,True
3350269,0.0156,0.0195,0.9048,3350.269,500000,0.0,-0.0039000000000000007,-0.007799999999999918,0.008720665112249107,tap1,natural,light,20260810_141717,True
3352774,0.0195,0.0273,0.9087,3352.774,500000,0.0039000000000000007,0.0039000000000000007,-0.0039000000000000146,0.006754998149518631,tap1,natural,light,20260810_141717,True
3355272,0.0156,0.0234,0.9165,3355.272,500000,0.0,0.0,0.0039000000000000146,0.0039000000000000146,tap1,natural,light,20260810_141717,True
3357788,0.0234,0.0273,0.9087,3357.788,500000,0.007800000000000001,0.0039000000000000007,-0.0039000000000000146,0.009553009996854402,tap1,natural,light,20260810_141717,True
3360269,0.0156,0.0195,0.9126,3360.269,500000,0.0,-0.0039000000000000007,0.0,0.0039000000000000007,tap1,natural,light,20260810_141717,True
3362790,0.0156,0.0312,0.9165,3362.79,500000,0.0,0.007799999999999998,0.0039000000000000146,0.008720665112249185,tap1,natural,light,20260810_141717,True
3365290,0.0273,0.0117,0.9126,3365.29,500000,0.011700000000000002,-0.0117,0.0,0.016546298679765214,tap1,natural,light,20260810_141717,True
3367790,0.0156,0.0234,0.9126,3367.79,500000,0.0,0.0,0.0,0.0,tap1,natural,light,20260810_141717,True
3370274,0.0117,0.0234,0.9048,3370.274,500000,-0.003899999999999999,0.0,-0.007799999999999918,0.008720665112249105,tap1,natural,light,20260810_141717,True
3372778,0.0117,0.0312,0.9165,3372.778,500000,-0.003899999999999999,0.007799999999999998,0.0039000000000000146,0.009553009996854399,tap1,natural,light,20260810_141717,True
3375275,0.0156,0.0195,0.9126,3375.275,500000,0.0,-0.0039000000000000007,0.0,0.0039000000000000007,tap1,natural,light,20260810_141717,True
3377792,0.0078,0.0195,0.9165,3377.792,500000,-0.0078,-0.0039000000000000007,0.0039000000000000146,0.0095530099968544,tap1,natural,light,20260810_141717,True
3380270,0.0117,0.0273,0.9126,3380.27,500000,-0.003899999999999999,0.0039000000000000007,0.0,0.00551543289325507,tap1,natural,light,20260810_141717,True
3382775,0.0195,0.0234,0.9165,3382.775,500000,0.0039000000000000007,0.0,0.0039000000000000146,0.005515432893255082,tap1,natural,light,20260810_141717,True
3385272,0.0234,0.0195,0.9204,3385.272,500000,0.007800000000000001,-0.0039000000000000007,0.007800000000000029,0.011700000000000021,tap1,natural,light,20260810_141717,True
3387789,0.0078,0.0312,0.9165,3387.789,500000,-0.0078,0.007799999999999998,0.0039000000000000146,0.011700000000000004,tap1,natural,light,20260810_141717,True
3390272,0.0156,0.0273,0.9165,3390.272,500000,0.0,0.0039000000000000007,0.0039000000000000146,0.005515432893255082,tap1,natural,light,20260810_141717,True
3392780,0.0117,0.0234,0.9087,3392.78,500000,-0.003899999999999999,0.0,-0.0039000000000000146,0.00551543289325508,tap1,natural,light,20260810_141717,True
3395279,0.0195,0.0273,0.9126,3395.279,500000,0.0039000000000000007,0.0039000000000000007,0.0,0.005515432893255071,tap1,natural,light,20260810_141717,True
3397766,0.0156,0.0273,0.9009,3397.766,500000,0.0,0.0039000000000000007,-0.011699999999999933,0.012332882874656616,tap1,natural,light,20260810_141717,True
3400287,0.0117,0.0273,0.9087,3400.287,500000,-0.003899999999999999,0.0039000000000000007,-0.0039000000000000146,0.00675499814951863,tap1,natural,light,20260810_141717,True
3402780,0.0078,0.0234,0.9087,3402.78,500000,-0.0078,0.0,-0.0039000000000000146,0.008720665112249186,tap1,natural,light,20260810_141717,True
3405490,0.0156,0.0156,0.9126,3405.49,500000,0.0,-0.007800000000000001,0.0,0.007800000000000001,tap1,natural,light,20260810_141717,True
3407772,0.0117,0.0195,0.9165,3407.772,500000,-0.003899999999999999,-0.0039000000000000007,0.0039000000000000146,0.00675499814951863,tap1,natural,light,20260810_141717,True
3410289,0.0195,0.0234,0.9126,3410.289,500000,0.0039000000000000007,0.0,0.0,0.0039000000000000007,tap1,natural,light,20260810_141717,True
3412784,0.0117,0.0273,0.9204,3412.784,500000,-0.003899999999999999,0.0039000000000000007,0.007800000000000029,0.009553009996854418,tap1,natural,light,20260810_141717,True
3415293,0.0195,0.0273,0.9204,3415.293,500000,0.0039000000000000007,0.0039000000000000007,0.007800000000000029,0.00955300999685442,tap1,natural,light,20260810_141717,True
3417765,0.0117,0.0195,0.9048,3417.765,500000,-0.003899999999999999,-0.0039000000000000007,-0.007799999999999918,0.009553009996854328,tap1,natural,light,20260810_141717,True
3420283,0.0195,0.0195,0.9087,3420.283,500000,0.0039000000000000007,-0.0039000000000000007,-0.0039000000000000146,0.006754998149518631,tap1,natural,light,20260810_141717,True
3422765,0.0156,0.0195,0.9126,3422.765,500000,0.0,-0.0039000000000000007,0.0,0.0039000000000000007,tap1,natural,light,20260810_141717,True
3425824,0.0156,0.0312,0.9165,3425.824,500000,0.0,0.007799999999999998,0.0039000000000000146,0.008720665112249185,tap1,natural,light,20260810_141717,True
3427774,0.0117,0.0234,0.9048,3427.774,500000,-0.003899999999999999,0.0,-0.007799999999999918,0.008720665112249105,tap1,natural,light,20260810_141717,True
3430268,0.0234,0.0195,0.9126,3430.268,500000,0.007800000000000001,-0.0039000000000000007,0.0,0.008720665112249181,tap1,natural,light,20260810_141717,True
3432775,0.0195,0.0195,0.9126,3432.775,500000,0.0039000000000000007,-0.0039000000000000007,0.0,0.005515432893255071,tap1,natural,light,20260810_141717,True
3435271,0.0156,0.0234,0.9087,3435.271,500000,0.0,0.0,-0.0039000000000000146,0.0039000000000000146,tap1,natural,light,20260810_141717,True
3437765,0.0156,0.0273,0.9126,3437.765,500000,0.0,0.0039000000000000007,0.0,0.0039000000000000007,tap1,natural,light,20260810_141717,True
3440275,0.0117,0.0195,0.9165,3440.275,500000,-0.003899999999999999,-0.0039000000000000007,0.0039000000000000146,0.00675499814951863,tap1,natural,light,20260810_141717,True
3442785,0.0195,0.0234,0.9048,3442.785,500000,0.0039000000000000007,0.0,-0.007799999999999918,0.008720665112249107,tap1,natural,light,20260810_141717,True
3445284,0.0195,0.0234,0.9048,3445.284,500000,0.0039000000000000007,0.0,-0.007799999999999918,0.008720665112249107,tap1,natural,light,20260810_141717,True
3447782,0.0156,0.0273,0.9087,3447.782,500000,0.0,0.0039000000000000007,-0.0039000000000000146,0.005515432893255082,tap1,natural,light,20260810_141717,True
3450263,0.0117,0.0195,0.9165,3450.263,500000,-0.003899999999999999,-0.0039000000000000007,0.0039000000000000146,0.00675499814951863,tap1,natural,light,20260810_141717,True
3452767,0.0195,0.0351,0.9165,3452.767,500000,0.0039000000000000007,0.011699999999999999,0.0039000000000000146,0.012934836682386064,tap1,natural,light,20260810_141717,True
3455264,0.0078,0.0273,0.9243,3455.264,500000,-0.0078,0.0039000000000000007,0.011700000000000044,0.014592463808418407,tap1,natural,light,20260810_141717,True
3457785,0.0117,0.0195,0.9165,3457.785,500000,-0.003899999999999999,-0.0039000000000000007,0.0039000000000000146,0.00675499814951863,tap1,natural,light,20260810_141717,True
3460267,0.0156,0.0273,0.9126,3460.267,500000,0.0,0.0039000000000000007,0.0,0.0039000000000000007,tap1,natural,light,20260810_141717,True
3462779,0.0117,0.0351,0.9165,3462.779,500000,-0.003899999999999999,0.011699999999999999,0.0039000000000000146,0.012934836682386062,tap1,natural,light,20260810_141717,True
3465266,0.0195,0.0195,0.9204,3465.266,500000,0.0039000000000000007,-0.0039000000000000007,0.007800000000000029,0.00955300999685442,tap1,natural,light,20260810_141717,True
3467787,0.0195,0.0156,0.9243,3467.787,500000,0.0039000000000000007,-0.007800000000000001,0.011700000000000044,0.014592463808418409,tap1,natural,light,20260810_141717,True
3470274,0.0078,0.0312,0.9243,3470.274,500000,-0.0078,0.007799999999999998,0.011700000000000044,0.016080111939908905,tap1,natural,light,20260810_141717,True
3472780,0.0195,0.0234,0.9243,3472.78,500000,0.0039000000000000007,0.0,0.011700000000000044,0.012332882874656722,tap1,natural,light,20260810_141717,True
3475276,0.0195,0.0117,0.9243,3475.276,500000,0.0039000000000000007,-0.0117,0.011700000000000044,0.016999705879808657,tap1,natural,light,20260810_141717,True
3477763,0.0156,0.0234,0.9165,3477.763,500000,0.0,0.0,0.0039000000000000146,0.0039000000000000146,tap1,natural,light,20260810_141717,True
3480273,0.0195,0.0273,0.9126,3480.273,500000,0.0039000000000000007,0.0039000000000000007,0.0,0.005515432893255071,tap1,natural,light,20260810_141717,True
3482775,0.0195,0.0234,0.9165,3482.775,500000,0.0039000000000000007,0.0,0.0039000000000000146,0.005515432893255082,tap1,natural,light,20260810_141717,True
3485274,0.0156,0.0234,0.9087,3485.274,500000,0.0,0.0,-0.0039000000000000146,0.0039000000000000146,tap1,natural,light,20260810_141717,True
3487793,0.0195,0.0195,0.9126,3487.793,500000,0.0039000000000000007,-0.0039000000000000007,0.0,0.005515432893255071,tap1,natural,light,20260810_141717,True
3490273,0.0195,0.0156,0.9165,3490.273,500000,0.0039000000000000007,-0.007800000000000001,0.0039000000000000146,0.009553009996854402,tap1,natural,light,20260810_141717,True
3492778,0.0156,0.0273,0.9048,3492.778,500000,0.0,0.0039000000000000007,-0.007799999999999918,0.008720665112249107,tap1,natural,light,20260810_141717,True
3495267,0.0156,0.0234,0.9048,3495.267,500000,0.0,0.0,-0.007799999999999918,0.007799999999999918,tap1,natural,light,20260810_141717,True
3497792,0.0195,0.0234,0.9165,3497.792,500000,0.0039000000000000007,0.0,0.0039000000000000146,0.005515432893255082,tap1,natural,light,20260810_141717,True
3500267,0.0117,0.0273,0.9087,3500.267,500000,-0.003899999999999999,0.0039000000000000007,-0.0039000000000000146,0.00675499814951863,tap1,natural,light,20260810_141717,True
3502790,0.0078,0.0195,0.9165,3502.79,500000,-0.0078,-0.0039000000000000007,0.0039000000000000146,0.0095530099968544,tap1,natural,light,20260810_141717,True
3505286,0.0117,0.0195,0.9165,3505.286,500000,-0.003899999999999999,-0.0039000000000000007,0.0039000000000000146,0.00675499814951863,tap1,natural,light,20260810_141717,True
3507772,0.0078,0.0312,0.9204,3507.772,500000,-0.0078,0.007799999999999998,0.007800000000000029,0.013509996299037258,tap1,natural,light,20260810_141717,True
3510283,0.0117,0.0234,0.9126,3510.283,500000,-0.003899999999999999,0.0,0.0,0.003899999999999999,tap1,natural,light,20260810_141717,True
3512775,0.0234,0.0273,0.9165,3512.775,500000,0.007800000000000001,0.0039000000000000007,0.0039000000000000146,0.009553009996854402,tap1,natural,light,20260810_141717,True
3515285,0.0195,0.0273,0.9165,3515.285,500000,0.0039000000000000007,0.0039000000000000007,0.0039000000000000146,0.006754998149518631,tap1,natural,light,20260810_141717,True
3517791,0.0117,0.0234,0.9165,3517.791,500000,-0.003899999999999999,0.0,0.0039000000000000146,0.00551543289325508,tap1,natural,light,20260810_141717,True
3520269,0.0234,0.0234,0.9165,3520.269,500000,0.007800000000000001,0.0,0.0039000000000000146,0.008720665112249188,tap1,natural,light,20260810_141717,True
3522770,0.0156,0.0195,0.9048,3522.77,500000,0.0,-0.0039000000000000007,-0.007799999999999918,0.008720665112249107,tap1,natural,light,20260810_141717,True
3525267,0.0156,0.0234,0.9126,3525.267,500000,0.0,0.0,0.0,0.0,tap1,natural,light,20260810_141717,True
3528253,0.0195,0.0195,0.9165,3528.253,500000,0.0039000000000000007,-0.0039000000000000007,0.0039000000000000146,0.006754998149518631,tap1,natural,light,20260810_141717,True
3530263,0.0234,0.0156,0.9204,3530.263,500000,0.007800000000000001,-0.007800000000000001,0.007800000000000029,0.013509996299037262,tap1,natural,light,20260810_141717,True
3532770,0.0117,0.0195,0.9087,3532.77,500000,-0.003899999999999999,-0.0039000000000000007,-0.0039000000000000146,0.00675499814951863,tap1,natural,light,20260810_141717,True
3535267,0.0117,0.0312,0.9165,3535.267,500000,-0.003899999999999999,0.007799999999999998,0.0039000000000000146,0.009553009996854399,tap1,natural,light,20260810_141717,True
3537791,0.0195,0.0156,0.9126,3537.791,500000,0.0039000000000000007,-0.007800000000000001,0.0,0.008720665112249181,tap1,natural,light,20260810_141717,True
3540273,0.0117,0.0312,0.9126,3540.273,500000,-0.003899999999999999,0.007799999999999998,0.0,0.008720665112249178,tap1,natural,light,20260810_141717,True
3542787,0.0117,0.0273,0.9165,3542.787,500000,-0.003899999999999999,0.0039000000000000007,0.0039000000000000146,0.00675499814951863,tap1,natural,light,20260810_141717,True
3545286,0.0117,0.0195,0.9126,3545.286,500000,-0.003899999999999999,-0.0039000000000000007,0.0,0.00551543289325507,tap1,natural,light,20260810_141717,True
3547781,0.0156,0.0195,0.9126,3547.781,500000,0.0,-0.0039000000000000007,0.0,0.0039000000000000007,tap1,natural,light,20260810_141717,True
3550292,0.0156,0.0195,0.9087,3550.292,500000,0.0,-0.0039000000000000007,-0.0039000000000000146,0.005515432893255082,tap1,natural,light,20260810_141717,True
3552767,0.0156,0.0195,0.9087,3552.767,500000,0.0,-0.0039000000000000007,-0.0039000000000000146,0.005515432893255082,tap1,natural,light,20260810_141717,True
3555265,0.0195,0.0234,0.9126,3555.265,500000,0.0039000000000000007,0.0,0.0,0.0039000000000000007,tap1,natural,light,20260810_141717,True
3557785,0.0195,0.0117,0.9165,3557.785,500000,0.0039000000000000007,-0.0117,0.0039000000000000146,0.012934836682386064,tap1,natural,light,20260810_141717,True
3560281,0.0234,0.0195,0.9126,3560.281,500000,0.007800000000000001,-0.0039000000000000007,0.0,0.008720665112249181,tap1,natural,light,20260810_141717,True
3562788,0.0117,0.0234,0.9165,3562.788,500000,-0.003899999999999999,0.0,0.0039000000000000146,0.00551543289325508,tap1,natural,light,20260810_141717,True
3565280,0.0117,0.0234,0.9204,3565.28,500000,-0.003899999999999999,0.0,0.007800000000000029,0.008720665112249205,tap1,natural,light,20260810_141717,True
3567777,0.0234,0.0195,0.9126,3567.777,500000,0.007800000000000001,-0.0039000000000000007,0.0,0.008720665112249181,tap1,natural,light,20260810_141717,True
3570289,0.0195,0.0234,0.9087,3570.289,500000,0.0039000000000000007,0.0,-0.0039000000000000146,0.005515432893255082,tap1,natural,light,20260810_141717,True
3572768,0.0273,0.0273,0.9165,3572.768,500000,0.011700000000000002,0.0039000000000000007,0.0039000000000000146,0.012934836682386066,tap1,natural,light,20260810_141717,True
3575266,0.0156,0.0156,0.9243,3575.266,500000,0.0,-0.007800000000000001,0.011700000000000044,0.014061649974309596,tap1,natural,light,20260810_141717,True
3577786,0.0195,0.0195,0.9243,3577.786,500000,0.0039000000000000007,-0.0039000000000000007,0.011700000000000044,0.012934836682386099,tap1,natural,light,20260810_141717,True
3580266,0.0156,0.0273,0.9048,3580.266,500000,0.0,0.0039000000000000007,-0.007799999999999918,0.008720665112249107,tap1,natural,light,20260810_141717,True
3582767,0.0156,0.0273,0.9048,3582.767,500000,0.0,0.0039000000000000007,-0.007799999999999918,0.008720665112249107,tap1,natural,light,20260810_141717,True
3585266,0.0078,0.0273,0.9048,3585.266,500000,-0.0078,0.0039000000000000007,-0.007799999999999918,0.011699999999999945,tap1,natural,light,20260810_141717,True
3587792,0.0117,0.0195,0.9126,3587.792,500000,-0.003899999999999999,-0.0039000000000000007,0.0,0.00551543289325507,tap1,natural,light,20260810_141717,True
3590273,0.0117,0.0234,0.9165,3590.273,500000,-0.003899999999999999,0.0,0.0039000000000000146,0.00551543289325508,tap1,natural,light,20260810_141717,True
3592774,0.0156,0.0234,0.9126,3592.774,500000,0.0,0.0,0.0,0.0,tap1,natural,light,20260810_141717,True
3595288,0.0156,0.0195,0.9087,3595.288,500000,0.0,-0.0039000000000000007,-0.0039000000000000146,0.005515432893255082,tap1,natural,light,20260810_141717,True
3597790,0.0156,0.0234,0.9087,3597.79,500000,0.0,0.0,-0.0039000000000000146,0.0039000000000000146,tap1,natural,light,20260810_141717,True
3600279,0.0234,0.0273,0.9126,3600.279,500000,0.007800000000000001,0.0039000000000000007,0.0,0.008720665112249181,tap1,natural,light,20260810_141717,True
3602771,0.0078,0.0234,0.9165,3602.771,500000,-0.0078,0.0,0.0039000000000000146,0.008720665112249186,tap1,natural,light,20260810_141717,True
3605267,0.0156,0.0234,0.9165,3605.267,500000,0.0,0.0,0.0039000000000000146,0.0039000000000000146,tap1,natural,light,20260810_141717,True
3607775,0.0195,0.0195,0.9126,3607.775,500000,0.0039000000000000007,-0.0039000000000000007,0.0,0.005515432893255071,tap1,natural,light,20260810_141717,True
3610287,0.0117,0.0234,0.9087,3610.287,500000,-0.003899999999999999,0.0,-0.0039000000000000146,0.00551543289325508,tap1,natural,light,20260810_141717,True
3612781,0.0117,0.0195,0.9126,3612.781,500000,-0.003899999999999999,-0.0039000000000000007,0.0,0.00551543289325507,tap1,natural,light,20260810_141717,True
3615289,0.0195,0.0195,0.9165,3615.289,500000,0.0039000000000000007,-0.0039000000000000007,0.0039000000000000146,0.006754998149518631,tap1,natural,light,20260810_141717,True
3617765,0.0195,0.0234,0.9204,3617.765,500000,0.0039000000000000007,0.0,0.007800000000000029,0.008720665112249207,tap1,natural,light,20260810_141717,True
3620274,0.0234,0.0234,0.9009,3620.274,500000,0.007800000000000001,0.0,-0.011699999999999933,0.014061649974309504,tap1,natural,light,20260810_141717,True
3622779,0.0117,0.0312,0.9165,3622.779,500000,-0.003899999999999999,0.007799999999999998,0.0039000000000000146,0.009553009996854399,tap1,natural,light,20260810_141717,True
3625288,0.0195,0.0156,0.9165,3625.288,500000,0.0039000000000000007,-0.007800000000000001,0.0039000000000000146,0.009553009996854402,tap1,natural,light,20260810_141717,True
3627788,0.0156,0.0312,0.9126,3627.788,500000,0.0,0.007799999999999998,0.0,0.007799999999999998,tap1,natural,light,20260810_141717,True
3630627,0.0156,0.0156,0.9204,3630.627,500000,0.0,-0.007800000000000001,0.007800000000000029,0.011030865786510163,tap1,natural,light,20260810_141717,True
3632770,0.0156,0.0234,0.9126,3632.77,500000,0.0,0.0,0.0,0.0,tap1,natural,light,20260810_141717,True
3635267,0.0117,0.0195,0.9087,3635.267,500000,-0.003899999999999999,-0.0039000000000000007,-0.0039000000000000146,0.00675499814951863,tap1,natural,light,20260810_141717,True
3637790,0.0195,0.0234,0.9165,3637.79,500000,0.0039000000000000007,0.0,0.0039000000000000146,0.005515432893255082,tap1,natural,light,20260810_141717,True
3640272,0.0156,0.0195,0.9126,3640.272,500000,0.0,-0.0039000000000000007,0.0,0.0039000000000000007,tap1,natural,light,20260810_141717,True
3642786,0.0195,0.0156,0.9048,3642.786,500000,0.0039000000000000007,-0.007800000000000001,-0.007799999999999918,0.011699999999999947,tap1,natural,light,20260810_141717,True
3645286,0.0156,0.0234,0.9126,3645.286,500000,0.0,0.0,0.0,0.0,tap1,natural,light,20260810_141717,True
3647780,0.0117,0.0234,0.9126,3647.78,500000,-0.003899999999999999,0.0,0.0,0.003899999999999999,tap1,natural,light,20260810_141717,True
3650286,0.0117,0.0195,0.9126,3650.286,500000,-0.003899999999999999,-0.0039000000000000007,0.0,0.00551543289325507,tap1,natural,light,20260810_141717,True
3652767,0.0117,0.0234,0.9009,3652.767,500000,-0.003899999999999999,0.0,-0.011699999999999933,0.012332882874656614,tap1,natural,light,20260810_141717,True
3655265,0.0156,0.0195,0.9126,3655.265,500000,0.0,-0.0039000000000000007,0.0,0.0039000000000000007,tap1,natural,light,20260810_141717,True
3657784,0.0156,0.0195,0.9126,3657.784,500000,0.0,-0.0039000000000000007,0.0,0.0039000000000000007,tap1,natural,light,20260810_141717,True
3660266,0.0117,0.0234,0.9126,3660.266,500000,-0.003899999999999999,0.0,0.0,0.003899999999999999,tap1,natural,light,20260810_141717,True
3662772,0.0156,0.0195,0.9126,3662.772,500000,0.0,-0.0039000000000000007,0.0,0.0039000000000000007,tap1,natural,light,20260810_141717,True
3665269,0.0117,0.0273,0.9048,3665.269,500000,-0.003899999999999999,0.0039000000000000007,-0.007799999999999918,0.009553009996854328,tap1,natural,light,20260810_141717,True
3667763,0.0195,0.0234,0.9165,3667.763,500000,0.0039000000000000007,0.0,0.0039000000000000146,0.005515432893255082,tap1,natural,light,20260810_141717,True
3670269,0.0156,0.0312,0.9087,3670.269,500000,0.0,0.007799999999999998,-0.0039000000000000146,0.008720665112249185,tap1,natural,light,20260810_141717,True
3672773,0.0156,0.0312,0.9126,3672.773,500000,0.0,0.007799999999999998,0.0,0.007799999999999998,tap1,natural,light,20260810_141717,True
3675273,0.0195,0.0312,0.9009,3675.273,500000,0.0039000000000000007,0.007799999999999998,-0.011699999999999933,0.014592463808418317,tap1,natural,light,20260810_141717,True
3677763,0.0195,0.0312,0.9009,3677.763,500000,0.0039000000000000007,0.007799999999999998,-0.011699999999999933,0.014592463808418317,tap1,natural,light,20260810_141717,True
3680275,0.0195,0.0312,0.9126,3680.275,500000,0.0039000000000000007,0.007799999999999998,0.0,0.00872066511224918,tap1,natural,light,20260810_141717,True
3682779,0.0195,0.0234,0.9165,3682.779,500000,0.0039000000000000007,0.0,0.0039000000000000146,0.005515432893255082,tap1,natural,light,20260810_141717,True
3685277,0.0156,0.0195,0.9126,3685.277,500000,0.0,-0.0039000000000000007,0.0,0.0039000000000000007,tap1,natural,light,20260810_141717,True
3687768,0.0195,0.0195,0.9165,3687.768,500000,0.0039000000000000007,-0.0039000000000000007,0.0039000000000000146,0.006754998149518631,tap1,natural,light,20260810_141717,True
3690278,0.0195,0.0273,0.9282,3690.278,500000,0.0039000000000000007,0.0039000000000000007,0.015600000000000058,0.01654629867976527,tap1,natural,light,20260810_141717,True
3692765,0.0156,0.0195,0.9165,3692.765,500000,0.0,-0.0039000000000000007,0.0039000000000000146,0.005515432893255082,tap1,natural,light,20260810_141717,True
3695264,0.0078,0.0273,0.9087,3695.264,500000,-0.0078,0.0039000000000000007,-0.0039000000000000146,0.0095530099968544,tap1,natural,light,20260810_141717,True
3697790,0.0195,0.0273,0.9126,3697.79,500000,0.0039000000000000007,0.0039000000000000007,0.0,0.005515432893255071,tap1,natural,light,20260810_141717,True
3700274,0.0039,0.0234,0.9087,3700.274,500000,-0.011699999999999999,0.0,-0.0039000000000000146,0.012332882874656684,tap1,natural,light,20260810_141717,True
3702774,0.0195,0.0273,0.9087,3702.774,500000,0.0039000000000000007,0.0039000000000000007,-0.0039000000000000146,0.006754998149518631,tap1,natural,light,20260810_141717,True
3705271,0.0117,0.0234,0.9165,3705.271,500000,-0.003899999999999999,0.0,0.0039000000000000146,0.00551543289325508,tap1,natural,light,20260810_141717,True
3707779,0.0156,0.0234,0.9165,3707.779,500000,0.0,0.0,0.0039000000000000146,0.0039000000000000146,tap1,natural,light,20260810_141717,True
3710291,0.0195,0.0195,0.9087,3710.291,500000,0.0039000000000000007,-0.0039000000000000007,-0.0039000000000000146,0.006754998149518631,tap1,natural,light,20260810_141717,True
3712779,0.0156,0.0273,0.9048,3712.779,500000,0.0,0.0039000000000000007,-0.007799999999999918,0.008720665112249107,tap1,natural,light,20260810_141717,True
3715288,0.0234,0.0234,0.9087,3715.288,500000,0.007800000000000001,0.0,-0.0039000000000000146,0.008720665112249188,tap1,natural,light,20260810_141717,True
3717765,0.0117,0.0195,0.9087,3717.765,500000,-0.003899999999999999,-0.0039000000000000007,-0.0039000000000000146,0.00675499814951863,tap1,natural,light,20260810_141717,True
3720277,0.0156,0.0156,0.9087,3720.277,500000,0.0,-0.007800000000000001,-0.0039000000000000146,0.008720665112249188,tap1,natural,light,20260810_141717,True
3722782,0.0078,0.0273,0.9126,3722.782,500000,-0.0078,0.0039000000000000007,0.0,0.00872066511224918,tap1,natural,light,20260810_141717,True
3725279,0.0156,0.0273,0.9204,3725.279,500000,0.0,0.0039000000000000007,0.007800000000000029,0.008720665112249207,tap1,natural,light,20260810_141717,True
3727765,0.0156,0.0234,0.9204,3727.765,500000,0.0,0.0,0.007800000000000029,0.007800000000000029,tap1,natural,light,20260810_141717,True
3730277,0.0195,0.0156,0.9087,3730.277,500000,0.0039000000000000007,-0.007800000000000001,-0.0039000000000000146,0.009553009996854402,tap1,natural,light,20260810_141717,True
3732970,0.0117,0.0273,0.9126,3732.97,500000,-0.003899999999999999,0.0039000000000000007,0.0,0.00551543289325507,tap1,natural,light,20260810_141717,True
3735274,0.0195,0.0195,0.9126,3735.274,500000,0.0039000000000000007,-0.0039000000000000007,0.0,0.005515432893255071,tap1,natural,light,20260810_141717,True
3737768,0.0117,0.0273,0.9204,3737.768,500000,-0.003899999999999999,0.0039000000000000007,0.007800000000000029,0.009553009996854418,tap1,natural,light,20260810_141717,True
3740283,0.0078,0.0234,0.9126,3740.283,500000,-0.0078,0.0,0.0,0.0078,tap1,natural,light,20260810_141717,True
3742770,0.0195,0.0234,0.9048,3742.77,500000,0.0039000000000000007,0.0,-0.007799999999999918,0.008720665112249107,tap1,natural,light,20260810_141717,True
3745268,0.0234,0.0117,0.9126,3745.268,500000,0.007800000000000001,-0.0117,0.0,0.014061649974309559,tap1,natural,light,20260810_141717,True
3747787,0.0117,0.0234,0.9087,3747.787,500000,-0.003899999999999999,0.0,-0.0039000000000000146,0.00551543289325508,tap1,natural,light,20260810_141717,True
3750270,0.0156,0.0195,0.9126,3750.27,500000,0.0,-0.0039000000000000007,0.0,0.0039000000000000007,tap1,natural,light,20260810_141717,True
3752774,0.0156,0.0234,0.9126,3752.774,500000,0.0,0.0,0.0,0.0,tap1,natural,light,20260810_141717,True
3755271,0.0156,0.0195,0.9126,3755.271,500000,0.0,-0.0039000000000000007,0.0,0.0039000000000000007,tap1,natural,light,20260810_141717,True
3757779,0.0156,0.0234,0.9048,3757.779,500000,0.0,0.0,-0.007799999999999918,0.007799999999999918,tap1,natural,light,20260810_141717,True
3760290,0.0234,0.0195,0.9126,3760.29,500000,0.007800000000000001,-0.0039000000000000007,0.0,0.008720665112249181,tap1,natural,light,20260810_141717,True
3762768,0.0234,0.0156,0.9126,3762.768,500000,0.007800000000000001,-0.007800000000000001,0.0,0.011030865786510143,tap1,natural,light,20260810_141717,True
3765265,0.0234,0.0156,0.9126,3765.265,500000,0.007800000000000001,-0.007800000000000001,0.0,0.011030865786510143,tap1,natural,light,20260810_141717,True
3767788,0.0195,0.0234,0.9126,3767.788,500000,0.0039000000000000007,0.0,0.0,0.0039000000000000007,tap1,natural,light,20260810_141717,True
3770273,0.0117,0.0273,0.9087,3770.273,500000,-0.003899999999999999,0.0039000000000000007,-0.0039000000000000146,0.00675499814951863,tap1,natural,light,20260810_141717,True
3772777,0.0195,0.0195,0.9204,3772.777,500000,0.0039000000000000007,-0.0039000000000000007,0.007800000000000029,0.00955300999685442,tap1,natural,light,20260810_141717,True
3775274,0.0195,0.0234,0.9009,3775.274,500000,0.0039000000000000007,0.0,-0.011699999999999933,0.012332882874656616,tap1,natural,light,20260810_141717,True
3777792,0.0156,0.0273,0.9204,3777.792,500000,0.0,0.0039000000000000007,0.007800000000000029,0.008720665112249207,tap1,natural,light,20260810_141717,True
3780270,0.0156,0.0312,0.9126,3780.27,500000,0.0,0.007799999999999998,0.0,0.007799999999999998,tap1,natural,light,20260810_141717,True
3782774,0.0234,0.0195,0.9204,3782.774,500000,0.007800000000000001,-0.0039000000000000007,0.007800000000000029,0.011700000000000021,tap1,natural,light,20260810_141717,True
3785270,0.0234,0.0273,0.9321,3785.27,500000,0.007800000000000001,0.0039000000000000007,0.019500000000000073,0.021361179742701544,tap1,natural,light,20260810_141717,True
3787787,0.0117,0.0273,0.9126,3787.787,500000,-0.003899999999999999,0.0039000000000000007,0.0,0.00551543289325507,tap1,natural,light,20260810_141717,True
3790270,0.0195,0.0234,0.9048,3790.27,500000,0.0039000000000000007,0.0,-0.007799999999999918,0.008720665112249107,tap1,natural,light,20260810_141717,True
3792776,0.0078,0.0156,0.9048,3792.776,500000,-0.0078,-0.007800000000000001,-0.007799999999999918,0.013509996299037196,tap1,natural,light,20260810_141717,True
3795275,0.0117,0.0273,0.9204,3795.275,500000,-0.003899999999999999,0.0039000000000000007,0.007800000000000029,0.009553009996854418,tap1,natural,light,20260810_141717,True
3797793,0.0117,0.0234,0.9048,3797.793,500000,-0.003899999999999999,0.0,-0.007799999999999918,0.008720665112249105,tap1,natural,light,20260810_141717,True
3800278,0.0156,0.0195,0.9048,3800.278,500000,0.0,-0.0039000000000000007,-0.007799999999999918,0.008720665112249107,tap1,natural,light,20260810_141717,True
3802771,0.0156,0.0156,0.9126,3802.771,500000,0.0,-0.007800000000000001,0.0,0.007800000000000001,tap1,natural,light,20260810_141717,True
3805269,0.0117,0.0195,0.9087,3805.269,500000,-0.003899999999999999,-0.0039000000000000007,-0.0039000000000000146,0.00675499814951863,tap1,natural,light,20260810_141717,True
3807776,0.0195,0.0156,0.9087,3807.776,500000,0.0039000000000000007,-0.007800000000000001,-0.0039000000000000146,0.009553009996854402,tap1,natural,light,20260810_141717,True
3810285,0.0234,0.0234,0.9048,3810.285,500000,0.007800000000000001,0.0,-0.007799999999999918,0.011030865786510084,tap1,natural,light,20260810_141717,True
3812776,0.0156,0.0273,0.9204,3812.776,500000,0.0,0.0039000000000000007,0.007800000000000029,0.008720665112249207,tap1,natural,light,20260810_141717,True
3815286,0.0117,0.0234,0.9087,3815.286,500000,-0.003899999999999999,0.0,-0.0039000000000000146,0.00551543289325508,tap1,natural,light,20260810_141717,True
3817793,0.0117,0.0234,0.9126,3817.793,500000,-0.003899999999999999,0.0,0.0,0.003899999999999999,tap1,natural,light,20260810_141717,True
3820270,0.0195,0.0234,0.9165,3820.27,500000,0.0039000000000000007,0.0,0.0039000000000000146,0.005515432893255082,tap1,natural,light,20260810_141717,True
3822785,0.0117,0.0195,0.9087,3822.785,500000,-0.003899999999999999,-0.0039000000000000007,-0.0039000000000000146,0.00675499814951863,tap1,natural,light,20260810_141717,True
3825286,0.0234,0.0273,0.9126,3825.286,500000,0.007800000000000001,0.0039000000000000007,0.0,0.008720665112249181,tap1,natural,light,20260810_141717,True
3827783,0.0156,0.0234,0.9243,3827.783,500000,0.0,0.0,0.011700000000000044,0.011700000000000044,tap1,natural,light,20260810_141717,True
3830265,0.0078,0.0234,0.9165,3830.265,500000,-0.0078,0.0,0.0039000000000000146,0.008720665112249186,tap1,natural,light,20260810_141717,True
3832768,0.0117,0.0273,0.9048,3832.768,500000,-0.003899999999999999,0.0039000000000000007,-0.007799999999999918,0.009553009996854328,tap1,natural,light,20260810_141717,True
3835353,0.0234,0.0195,0.9048,3835.353,500000,0.007800000000000001,-0.0039000000000000007,-0.007799999999999918,0.011699999999999947,tap1,natural,light,20260810_141717,True
3837766,0.0156,0.0273,0.9048,3837.766,500000,0.0,0.0039000000000000007,-0.007799999999999918,0.008720665112249107,tap1,natural,light,20260810_141717,True
3840283,0.0117,0.0273,0.9126,3840.283,500000,-0.003899999999999999,0.0039000000000000007,0.0,0.00551543289325507,tap1,natural,light,20260810_141717,True
3842766,0.0156,0.0273,0.9048,3842.766,500000,0.0,0.0039000000000000007,-0.007799999999999918,0.008720665112249107,tap1,natural,light,20260810_141717,True
3845266,0.0156,0.0234,0.9087,3845.266,500000,0.0,0.0,-0.0039000000000000146,0.0039000000000000146,tap1,natural,light,20260810_141717,True
3847786,0.0195,0.0312,0.9126,3847.786,500000,0.0039000000000000007,0.007799999999999998,0.0,0.00872066511224918,tap1,natural,light,20260810_141717,True
3850269,0.0156,0.0195,0.9204,3850.269,500000,0.0,-0.0039000000000000007,0.007800000000000029,0.008720665112249207,tap1,natural,light,20260810_141717,True
3852774,0.0195,0.0234,0.9126,3852.774,500000,0.0039000000000000007,0.0,0.0,0.0039000000000000007,tap1,natural,light,20260810_141717,True
3855273,0.0195,0.0273,0.9126,3855.273,500000,0.0039000000000000007,0.0039000000000000007,0.0,0.005515432893255071,tap1,natural,light,20260810_141717,True
3857790,0.0195,0.0234,0.9087,3857.79,500000,0.0039000000000000007,0.0,-0.0039000000000000146,0.005515432893255082,tap1,natural,light,20260810_141717,True
3860269,0.0117,0.0234,0.9048,3860.269,500000,-0.003899999999999999,0.0,-0.007799999999999918,0.008720665112249105,tap1,natural,light,20260810_141717,True
3862773,0.0195,0.0156,0.9048,3862.773,500000,0.0039000000000000007,-0.007800000000000001,-0.007799999999999918,0.011699999999999947,tap1,natural,light,20260810_141717,True
3865269,0.0078,0.0234,0.9009,3865.269,500000,-0.0078,0.0,-0.011699999999999933,0.014061649974309502,tap1,natural,light,20260810_141717,True
3867791,0.0195,0.0234,0.9126,3867.791,500000,0.0039000000000000007,0.0,0.0,0.0039000000000000007,tap1,natural,light,20260810_141717,True
3870277,0.0156,0.0273,0.9126,3870.277,500000,0.0,0.0039000000000000007,0.0,0.0039000000000000007,tap1,natural,light,20260810_141717,True
3872782,0.0156,0.0273,0.9126,3872.782,500000,0.0,0.0039000000000000007,0.0,0.0039000000000000007,tap1,natural,light,20260810_141717,True
3875279,0.0117,0.0234,0.9126,3875.279,500000,-0.003899999999999999,0.0,0.0,0.003899999999999999,tap1,natural,light,20260810_141717,True
3877766,0.0195,0.0234,0.9126,3877.766,500000,0.0039000000000000007,0.0,0.0,0.0039000000000000007,tap1,natural,light,20260810_141717,True
3880278,0.0117,0.039,0.9126,3880.278,500000,-0.003899999999999999,0.0156,0.0,0.016080111939908874,tap1,natural,light,20260810_141717,True
3882783,0.0117,0.0234,0.9126,3882.783,500000,-0.003899999999999999,0.0,0.0,0.003899999999999999,tap1,natural,light,20260810_141717,True
3885280,0.0156,0.0234,0.9204,3885.28,500000,0.0,0.0,0.007800000000000029,0.007800000000000029,tap1,natural,light,20260810_141717,True
3887788,0.0156,0.0234,0.9243,3887.788,500000,0.0,0.0,0.011700000000000044,0.011700000000000044,tap1,natural,light,20260810_141717,True
3890273,0.0195,0.0273,0.9165,3890.273,500000,0.0039000000000000007,0.0039000000000000007,0.0039000000000000146,0.006754998149518631,tap1,natural,light,20260810_141717,True
3892781,0.0234,0.0156,0.9087,3892.781,500000,0.007800000000000001,-0.007800000000000001,-0.0039000000000000146,0.011700000000000007,tap1,natural,light,20260810_141717,True
3895280,0.0117,0.0273,0.9126,3895.28,500000,-0.003899999999999999,0.0039000000000000007,0.0,0.00551543289325507,tap1,natural,light,20260810_141717,True
3897768,0.0195,0.0234,0.9204,3897.768,500000,0.0039000000000000007,0.0,0.007800000000000029,0.008720665112249207,tap1,natural,light,20260810_141717,True
3900275,0.0117,0.0273,0.9165,3900.275,500000,-0.003899999999999999,0.0039000000000000007,0.0039000000000000146,0.00675499814951863,tap1,natural,light,20260810_141717,True
3902774,0.0117,0.0312,0.9165,3902.774,500000,-0.003899999999999999,0.007799999999999998,0.0039000000000000146,0.009553009996854399,tap1,natural,light,20260810_141717,True
3905269,0.0117,0.0273,0.9204,3905.269,500000,-0.003899999999999999,0.0039000000000000007,0.007800000000000029,0.009553009996854418,tap1,natural,light,20260810_141717,True
3907776,0.0117,0.0312,0.9126,3907.776,500000,-0.003899999999999999,0.007799999999999998,0.0,0.008720665112249178,tap1,natural,light,20260810_141717,True
3910283,0.0117,0.0312,0.9243,3910.283,500000,-0.003899999999999999,0.007799999999999998,0.011700000000000044,0.014592463808418405,tap1,natural,light,20260810_141717,True
3912772,0.0117,0.0234,0.9087,3912.772,500000,-0.003899999999999999,0.0,-0.0039000000000000146,0.00551543289325508,tap1,natural,light,20260810_141717,True
3915281,0.0117,0.0273,0.9204,3915.281,500000,-0.003899999999999999,0.0039000000000000007,0.007800000000000029,0.009553009996854418,tap1,natural,light,20260810_141717,True
3917781,0.0195,0.0195,0.9048,3917.781,500000,0.0039000000000000007,-0.0039000000000000007,-0.007799999999999918,0.009553009996854328,tap1,natural,light,20260810_141717,True
3920265,0.0156,0.0234,0.9087,3920.265,500000,0.0,0.0,-0.0039000000000000146,0.0039000000000000146,tap1,natural,light,20260810_141717,True
3922770,0.0117,0.0273,0.9165,3922.77,500000,-0.003899999999999999,0.0039000000000000007,0.0039000000000000146,0.00675499814951863,tap1,natural,light,20260810_141717,True
3925267,0.0195,0.0273,0.9126,3925.267,500000,0.0039000000000000007,0.0039000000000000007,0.0,0.005515432893255071,tap1,natural,light,20260810_141717,True
3927766,0.0195,0.0273,0.9087,3927.766,500000,0.0039000000000000007,0.0039000000000000007,-0.0039000000000000146,0.006754998149518631,tap1,natural,light,20260810_141717,True
3930282,0.0156,0.0273,0.9087,3930.282,500000,0.0,0.0039000000000000007,-0.0039000000000000146,0.005515432893255082,tap1,natural,light,20260810_141717,True
3932784,0.0156,0.0156,0.9048,3932.784,500000,0.0,-0.007800000000000001,-0.007799999999999918,0.011030865786510084,tap1,natural,light,20260810_141717,True
3935282,0.0117,0.0273,0.9204,3935.282,500000,-0.003899999999999999,0.0039000000000000007,0.007800000000000029,0.009553009996854418,tap1,natural,light,20260810_141717,True
3937932,0.0156,0.0234,0.9165,3937.932,500000,0.0,0.0,0.0039000000000000146,0.0039000000000000146,tap1,natural,light,20260810_141717,True
3940286,0.0234,0.0195,0.9126,3940.286,500000,0.007800000000000001,-0.0039000000000000007,0.0,0.008720665112249181,tap1,natural,light,20260810_141717,True
3942774,0.0117,0.0195,0.9165,3942.774,500000,-0.003899999999999999,-0.0039000000000000007,0.0039000000000000146,0.00675499814951863,tap1,natural,light,20260810_141717,True
3945274,0.0156,0.0234,0.9009,3945.274,500000,0.0,0.0,-0.011699999999999933,0.011699999999999933,tap1,natural,light,20260810_141717,True
3947788,0.0156,0.0273,0.9048,3947.788,500000,0.0,0.0039000000000000007,-0.007799999999999918,0.008720665112249107,tap1,natural,light,20260810_141717,True
3950269,0.0195,0.0234,0.9204,3950.269,500000,0.0039000000000000007,0.0,0.007800000000000029,0.008720665112249207,tap1,natural,light,20260810_141717,True
3952787,0.0195,0.0195,0.9087,3952.787,500000,0.0039000000000000007,-0.0039000000000000007,-0.0039000000000000146,0.006754998149518631,tap1,natural,light,20260810_141717,True
3955288,0.0156,0.0156,0.9087,3955.288,500000,0.0,-0.007800000000000001,-0.0039000000000000146,0.008720665112249188,tap1,natural,light,20260810_141717,True
3957789,0.0117,0.0234,0.9126,3957.789,500000,-0.003899999999999999,0.0,0.0,0.003899999999999999,tap1,natural,light,20260810_141717,True
3960266,0.0117,0.0234,0.9087,3960.266,500000,-0.003899999999999999,0.0,-0.0039000000000000146,0.00551543289325508,tap1,natural,light,20260810_141717,True
3962771,0.0156,0.0234,0.9087,3962.771,500000,0.0,0.0,-0.0039000000000000146,0.0039000000000000146,tap1,natural,light,20260810_141717,True
3965270,0.0117,0.0312,0.9087,3965.27,500000,-0.003899999999999999,0.007799999999999998,-0.0039000000000000146,0.009553009996854399,tap1,natural,light,20260810_141717,True
3967765,0.0156,0.0195,0.9165,3967.765,500000,0.0,-0.0039000000000000007,0.0039000000000000146,0.005515432893255082,tap1,natural,light,20260810_141717,True
3970272,0.0117,0.0195,0.9165,3970.272,500000,-0.003899999999999999,-0.0039000000000000007,0.0039000000000000146,0.00675499814951863,tap1,natural,light,20260810_141717,True
3972775,0.0039,0.0273,0.9087,3972.775,500000,-0.011699999999999999,0.0039000000000000007,-0.0039000000000000146,0.012934836682386064,tap1,natural,light,20260810_141717,True
3975273,0.0156,0.0273,0.9087,3975.273,500000,0.0,0.0039000000000000007,-0.0039000000000000146,0.005515432893255082,tap1,natural,light,20260810_141717,True
3977765,0.0156,0.0273,0.9087,3977.765,500000,0.0,0.0039000000000000007,-0.0039000000000000146,0.005515432893255082,tap1,natural,light,20260810_141717,True
3980271,0.0156,0.0195,0.9048,3980.271,500000,0.0,-0.0039000000000000007,-0.007799999999999918,0.008720665112249107,tap1,natural,light,20260810_141717,True
3982774,0.0195,0.0312,0.9126,3982.774,500000,0.0039000000000000007,0.007799999999999998,0.0,0.00872066511224918,tap1,natural,light,20260810_141717,True
3985270,0.0156,0.0273,0.9165,3985.27,500000,0.0,0.0039000000000000007,0.0039000000000000146,0.005515432893255082,tap1,natural,light,20260810_141717,True
3987792,0.0195,0.0273,0.9087,3987.792,500000,0.0039000000000000007,0.0039000000000000007,-0.0039000000000000146,0.006754998149518631,tap1,natural,light,20260810_141717,True
3990268,0.0117,0.0273,0.9126,3990.268,500000,-0.003899999999999999,0.0039000000000000007,0.0,0.00551543289325507,tap1,natural,light,20260810_141717,True
3992776,0.0195,0.0195,0.9165,3992.776,500000,0.0039000000000000007,-0.0039000000000000007,0.0039000000000000146,0.006754998149518631,tap1,natural,light,20260810_141717,True
3995275,0.0117,0.0234,0.9087,3995.275,500000,-0.003899999999999999,0.0,-0.0039000000000000146,0.00551543289325508,tap1,natural,light,20260810_141717,True
3997766,0.0156,0.0195,0.9165,3997.766,500000,0.0,-0.0039000000000000007,0.0039000000000000146,0.005515432893255082,tap1,natural,light,20260810_141717,True
4000266,0.0234,0.0117,0.9126,4000.266,500000,0.007800000000000001,-0.0117,0.0,0.014061649974309559,tap1,natural,light,20260810_141717,True
4002787,0.0156,0.0195,0.9165,4002.787,500000,0.0,-0.0039000000000000007,0.0039000000000000146,0.005515432893255082,tap1,natural,light,20260810_141717,True
4005272,0.0195,0.0156,0.9126,4005.272,500000,0.0039000000000000007,-0.007800000000000001,0.0,0.008720665112249181,tap1,natural,light,20260810_141717,True
4007777,0.0156,0.0234,0.9126,4007.777,500000,0.0,0.0,0.0,0.0,tap1,natural,light,20260810_141717,True
