time_us,x_g,y_g,z_g,time_ms,cue_time_us,x_delta_g,y_delta_g,z_delta_g,dynamic_magnitude_g,label,requested_pace,requested_force,session_id,operator_accepted
20911,0.0546,0.0507,0.9087,20.911,500000,0.0,0.0019500000000000003,0.0,0.0019500000000000003,tap2,slow,light,20260810_141717,True
21357,0.0546,0.0507,0.9087,21.357,500000,0.0,0.0019500000000000003,0.0,0.0019500000000000003,tap2,slow,light,20260810_141717,True
21763,0.0546,0.0507,0.9087,21.763,500000,0.0,0.0019500000000000003,0.0,0.0019500000000000003,tap2,slow,light,20260810_141717,True
22163,0.0546,0.0507,0.9087,22.163,500000,0.0,0.0019500000000000003,0.0,0.0019500000000000003,tap2,slow,light,20260810_141717,True
22562,0.0546,0.0507,0.9243,22.562,500000,0.0,0.0019500000000000003,0.015600000000000058,0.01572140260918223,tap2,slow,light,20260810_141717,True
22975,0.0546,0.0507,0.9243,22.975,500000,0.0,0.0019500000000000003,0.015600000000000058,0.01572140260918223,tap2,slow,light,20260810_141717,True
23374,0.0546,0.0507,0.9243,23.374,500000,0.0,0.0019500000000000003,0.015600000000000058,0.01572140260918223,tap2,slow,light,20260810_141717,True
23781,0.0546,0.0507,0.9243,23.781,500000,0.0,0.0019500000000000003,0.015600000000000058,0.01572140260918223,tap2,slow,light,20260810_141717,True
24180,0.0546,0.0507,0.9243,24.18,500000,0.0,0.0019500000000000003,0.015600000000000058,0.01572140260918223,tap2,slow,light,20260810_141717,True
24591,0.0546,0.0507,0.9243,24.591,500000,0.0,0.0019500000000000003,0.015600000000000058,0.01572140260918223,tap2,slow,light,20260810_141717,True
25027,0.0585,0.0468,0.9126,25.027,500000,0.0039000000000000007,-0.0019500000000000003,0.0039000000000000146,0.005850000000000011,tap2,slow,light,20260810_141717,True
27523,0.0585,0.0468,0.9009,27.523,500000,0.0039000000000000007,-0.0019500000000000003,-0.007799999999999918,0.008936022605163817,tap2,slow,light,20260810_141717,True
30025,0.0585,0.0468,0.9009,30.025,500000,0.0039000000000000007,-0.0019500000000000003,-0.007799999999999918,0.008936022605163817,tap2,slow,light,20260810_141717,True
32505,0.0507,0.0468,0.9087,32.505,500000,-0.0039000000000000007,-0.0019500000000000003,0.0,0.004360332556124591,tap2,slow,light,20260810_141717,True
35010,0.0585,0.0546,0.9048,35.01,500000,0.0039000000000000007,0.005850000000000001,-0.0038999999999999035,0.008040055969954392,tap2,slow,light,20260810_141717,True
37529,0.0546,0.0468,0.9087,37.529,500000,0.0,-0.0019500000000000003,0.0,0.0019500000000000003,tap2,slow,light,20260810_141717,True
40029,0.0585,0.0507,0.9087,40.029,500000,0.0039000000000000007,0.0019500000000000003,0.0,0.004360332556124591,tap2,slow,light,20260810_141717,True
42508,0.0507,0.0507,0.9087,42.508,500000,-0.0039000000000000007,0.0019500000000000003,0.0,0.004360332556124591,tap2,slow,light,20260810_141717,True
45013,0.0468,0.0507,0.9009,45.013,500000,-0.007800000000000001,0.0019500000000000003,-0.007799999999999918,0.011201897160749099,tap2,slow,light,20260810_141717,True
47524,0.0624,0.0429,0.897,47.524,500000,0.0077999999999999944,-0.005850000000000001,-0.011699999999999933,0.015229986868017922,tap2,slow,light,20260810_141717,True
50010,0.0546,0.0468,0.9204,50.01,500000,0.0,-0.0019500000000000003,0.011700000000000044,0.011861386934081572,tap2,slow,light,20260810_141717,True
52520,0.0585,0.039,0.9126,52.52,500000,0.0039000000000000007,-0.009750000000000002,0.0039000000000000146,0.011201897160749163,tap2,slow,light,20260810_141717,True
55027,0.0507,0.0468,0.9048,55.027,500000,-0.0039000000000000007,-0.0019500000000000003,-0.0038999999999999035,0.005849999999999936,tap2,slow,light,20260810_141717,True
57524,0.0546,0.0507,0.9087,57.524,500000,0.0,0.0019500000000000003,0.0,0.0019500000000000003,tap2,slow,light,20260810_141717,True
60020,0.0585,0.0429,0.9165,60.02,500000,0.0039000000000000007,-0.005850000000000001,0.007800000000000029,0.010501071373912305,tap2,slow,light,20260810_141717,True
62500,0.0624,0.039,0.9126,62.5,500000,0.0077999999999999944,-0.009750000000000002,0.0039000000000000146,0.013080997668373772,tap2,slow,light,20260810_141717,True
65004,0.0468,0.0585,0.9087,65.004,500000,-0.007800000000000001,0.009750000000000002,0.0,0.012486092262994056,tap2,slow,light,20260810_141717,True
67512,0.0585,0.0546,0.9048,67.512,500000,0.0039000000000000007,0.005850000000000001,-0.0038999999999999035,0.008040055969954392,tap2,slow,light,20260810_141717,True
70010,0.0507,0.0468,0.9009,70.01,500000,-0.0039000000000000007,-0.0019500000000000003,-0.007799999999999918,0.008936022605163817,tap2,slow,light,20260810_141717,True
72519,0.0585,0.0468,0.9243,72.519,500000,0.0039000000000000007,-0.0019500000000000003,0.015600000000000058,0.0161979165326903,tap2,slow,light,20260810_141717,True
75019,0.0546,0.0507,0.9048,75.019,500000,0.0,0.0019500000000000003,-0.0038999999999999035,0.004360332556124504,tap2,slow,light,20260810_141717,True
77529,0.0546,0.0507,0.9048,77.529,500000,0.0,0.0019500000000000003,-0.0038999999999999035,0.004360332556124504,tap2,slow,light,20260810_141717,True
80028,0.0624,0.0468,0.9048,80.028,500000,0.0077999999999999944,-0.0019500000000000003,-0.0038999999999999035,0.008936022605163841,tap2,slow,light,20260810_141717,True
82512,0.0624,0.0507,0.9126,82.512,500000,0.0077999999999999944,0.0019500000000000003,0.0039000000000000146,0.00893602260516389,tap2,slow,light,20260810_141717,True
85022,0.0546,0.0507,0.9126,85.022,500000,0.0,0.0019500000000000003,0.0039000000000000146,0.004360332556124604,tap2,slow,light,20260810_141717,True
87518,0.0507,0.0546,0.9126,87.518,500000,-0.0039000000000000007,0.005850000000000001,0.0039000000000000146,0.008040055969954446,tap2,slow,light,20260810_141717,True
90285,0.0624,0.0468,0.9048,90.285,500000,0.0077999999999999944,-0.0019500000000000003,-0.0038999999999999035,0.008936022605163841,tap2,slow,light,20260810_141717,True
92513,0.0546,0.0429,0.897,92.513,500000,0.0,-0.005850000000000001,-0.011699999999999933,0.013080997668373711,tap2,slow,light,20260810_141717,True
95015,0.0507,0.0507,0.9048,95.015,500000,-0.0039000000000000007,0.0019500000000000003,-0.0038999999999999035,0.005849999999999936,tap2,slow,light,20260810_141717,True
97512,0.0585,0.0507,0.897,97.512,500000,0.0039000000000000007,0.0019500000000000003,-0.011699999999999933,0.012486092262993992,tap2,slow,light,20260810_141717,True
100004,0.0546,0.0468,0.9048,100.004,500000,0.0,-0.0019500000000000003,-0.0038999999999999035,0.004360332556124504,tap2,slow,light,20260810_141717,True
102505,0.0468,0.0585,0.897,102.505,500000,-0.007800000000000001,0.009750000000000002,-0.011699999999999933,0.017111180555414593,tap2,slow,light,20260810_141717,True
105016,0.0507,0.0429,0.9048,105.016,500000,-0.0039000000000000007,-0.005850000000000001,-0.0038999999999999035,0.008040055969954392,tap2,slow,light,20260810_141717,True
107515,0.0507,0.0468,0.897,107.515,500000,-0.0039000000000000007,-0.0019500000000000003,-0.011699999999999933,0.012486092262993992,tap2,slow,light,20260810_141717,True
110008,0.0468,0.0507,0.9165,110.008,500000,-0.007800000000000001,0.0019500000000000003,0.007800000000000029,0.011201897160749177,tap2,slow,light,20260810_141717,True
112524,0.0429,0.0507,0.9165,112.524,500000,-0.011700000000000002,0.0019500000000000003,0.007800000000000029,0.014196214284097028,tap2,slow,light,20260810_141717,True
115029,0.0585,0.039,0.9126,115.029,500000,0.0039000000000000007,-0.009750000000000002,0.0039000000000000146,0.011201897160749163,tap2,slow,light,20260810_141717,True
117530,0.0624,0.0429,0.9087,117.53,500000,0.0077999999999999944,-0.005850000000000001,0.0,0.009749999999999997,tap2,slow,light,20260810_141717,True
120026,0.0546,0.0468,0.9048,120.026,500000,0.0,-0.0019500000000000003,-0.0038999999999999035,0.004360332556124504,tap2,slow,light,20260810_141717,True
122510,0.0546,0.0468,0.9087,122.51,500000,0.0,-0.0019500000000000003,0.0,0.0019500000000000003,tap2,slow,light,20260810_141717,True
125019,0.0507,0.0468,0.9048,125.019,500000,-0.0039000000000000007,-0.0019500000000000003,-0.0038999999999999035,0.005849999999999936,tap2,slow,light,20260810_141717,True
127517,0.0624,0.0429,0.9087,127.517,500000,0.0077999999999999944,-0.005850000000000001,0.0,0.009749999999999997,tap2,slow,light,20260810_141717,True
130007,0.0546,0.0468,0.9048,130.007,500000,0.0,-0.0019500000000000003,-0.0038999999999999035,0.004360332556124504,tap2,slow,light,20260810_141717,True
132521,0.0546,0.0468,0.9087,132.521,500000,0.0,-0.0019500000000000003,0.0,0.0019500000000000003,tap2,slow,light,20260810_141717,True
135025,0.0546,0.0468,0.9087,135.025,500000,0.0,-0.0019500000000000003,0.0,0.0019500000000000003,tap2,slow,light,20260810_141717,True
137522,0.0585,0.0429,0.9087,137.522,500000,0.0039000000000000007,-0.005850000000000001,0.0,0.00703082498715478,tap2,slow,light,20260810_141717,True
140011,0.0585,0.0468,0.897,140.011,500000,0.0039000000000000007,-0.0019500000000000003,-0.011699999999999933,0.012486092262993992,tap2,slow,light,20260810_141717,True
142528,0.0585,0.0546,0.9048,142.528,500000,0.0039000000000000007,0.005850000000000001,-0.0038999999999999035,0.008040055969954392,tap2,slow,light,20260810_141717,True
145006,0.0546,0.0507,0.9126,145.006,500000,0.0,0.0019500000000000003,0.0039000000000000146,0.004360332556124604,tap2,slow,light,20260810_141717,True
147520,0.0546,0.0507,0.9009,147.52,500000,0.0,0.0019500000000000003,-0.007799999999999918,0.008040055969954359,tap2,slow,light,20260810_141717,True
150001,0.0546,0.0546,0.9204,150.001,500000,0.0,0.005850000000000001,0.011700000000000044,0.01308099766837381,tap2,slow,light,20260810_141717,True
152510,0.0585,0.0429,0.9087,152.51,500000,0.0039000000000000007,-0.005850000000000001,0.0,0.00703082498715478,tap2,slow,light,20260810_141717,True
155014,0.0585,0.0468,0.9009,155.014,500000,0.0039000000000000007,-0.0019500000000000003,-0.007799999999999918,0.008936022605163817,tap2,slow,light,20260810_141717,True
157513,0.0546,0.0507,0.9009,157.513,500000,0.0,0.0019500000000000003,-0.007799999999999918,0.008040055969954359,tap2,slow,light,20260810_141717,True
160002,0.0585,0.0429,0.9009,160.002,500000,0.0039000000000000007,-0.005850000000000001,-0.007799999999999918,0.010501071373912223,tap2,slow,light,20260810_141717,True
162509,0.0468,0.0507,0.9165,162.509,500000,-0.007800000000000001,0.0019500000000000003,0.007800000000000029,0.011201897160749177,tap2,slow,light,20260810_141717,True
165016,0.0507,0.0546,0.9165,165.016,500000,-0.0039000000000000007,0.005850000000000001,0.007800000000000029,0.010501071373912305,tap2,slow,light,20260810_141717,True
167512,0.0546,0.0468,0.9087,167.512,500000,0.0,-0.0019500000000000003,0.0,0.0019500000000000003,tap2,slow,light,20260810_141717,True
170013,0.0624,0.0507,0.9165,170.013,500000,0.0077999999999999944,0.0019500000000000003,0.007800000000000029,0.011201897160749172,tap2,slow,light,20260810_141717,True
172528,0.0546,0.0546,0.9165,172.528,500000,0.0,0.005850000000000001,0.007800000000000029,0.009750000000000024,tap2,slow,light,20260810_141717,True
175012,0.0507,0.0468,0.9165,175.012,500000,-0.0039000000000000007,-0.0019500000000000003,0.007800000000000029,0.008936022605163914,tap2,slow,light,20260810_141717,True
177511,0.0546,0.0468,0.9048,177.511,500000,0.0,-0.0019500000000000003,-0.0038999999999999035,0.004360332556124504,tap2,slow,light,20260810_141717,True
180029,0.0546,0.0429,0.9087,180.029,500000,0.0,-0.005850000000000001,0.0,0.005850000000000001,tap2,slow,light,20260810_141717,True
182512,0.0546,0.0468,0.9009,182.512,500000,0.0,-0.0019500000000000003,-0.007799999999999918,0.008040055969954359,tap2,slow,light,20260810_141717,True
185028,0.0585,0.0507,0.897,185.028,500000,0.0039000000000000007,0.0019500000000000003,-0.011699999999999933,0.012486092262993992,tap2,slow,light,20260810_141717,True
187526,0.0585,0.0507,0.9165,187.526,500000,0.0039000000000000007,0.0019500000000000003,0.007800000000000029,0.008936022605163914,tap2,slow,light,20260810_141717,True
190028,0.0546,0.0507,0.9126,190.028,500000,0.0,0.0019500000000000003,0.0039000000000000146,0.004360332556124604,tap2,slow,light,20260810_141717,True
192695,0.0546,0.0468,0.9126,192.695,500000,0.0,-0.0019500000000000003,0.0039000000000000146,0.004360332556124604,tap2,slow,light,20260810_141717,True
195025,0.0507,0.0546,0.9048,195.025,500000,-0.0039000000000000007,0.005850000000000001,-0.0038999999999999035,0.008040055969954392,tap2,slow,light,20260810_141717,True
197523,0.0546,0.0507,0.9126,197.523,500000,0.0,0.0019500000000000003,0.0039000000000000146,0.004360332556124604,tap2,slow,light,20260810_141717,True
200015,0.0507,0.0507,0.9087,200.015,500000,-0.0039000000000000007,0.0019500000000000003,0.0,0.004360332556124591,tap2,slow,light,20260810_141717,True
202501,0.0507,0.0468,0.9165,202.501,500000,-0.0039000000000000007,-0.0019500000000000003,0.007800000000000029,0.008936022605163914,tap2,slow,light,20260810_141717,True
205005,0.0546,0.0468,0.9165,205.005,500000,0.0,-0.0019500000000000003,0.007800000000000029,0.008040055969954467,tap2,slow,light,20260810_141717,True
207504,0.0507,0.0507,0.9087,207.504,500000,-0.0039000000000000007,0.0019500000000000003,0.0,0.004360332556124591,tap2,slow,light,20260810_141717,True
210022,0.0546,0.0507,0.9087,210.022,500000,0.0,0.0019500000000000003,0.0,0.0019500000000000003,tap2,slow,light,20260810_141717,True
212501,0.0585,0.0468,0.9087,212.501,500000,0.0039000000000000007,-0.0019500000000000003,0.0,0.004360332556124591,tap2,slow,light,20260810_141717,True
215008,0.0507,0.0468,0.9165,215.008,500000,-0.0039000000000000007,-0.0019500000000000003,0.007800000000000029,0.008936022605163914,tap2,slow,light,20260810_141717,True
217505,0.0546,0.0468,0.9087,217.505,500000,0.0,-0.0019500000000000003,0.0,0.0019500000000000003,tap2,slow,light,20260810_141717,True
220022,0.0507,0.0468,0.9126,220.022,500000,-0.0039000000000000007,-0.0019500000000000003,0.0039000000000000146,0.005850000000000011,tap2,slow,light,20260810_141717,True
222503,0.0546,0.0429,0.9087,222.503,500000,0.0,-0.005850000000000001,0.0,0.005850000000000001,tap2,slow,light,20260810_141717,True
225011,0.0546,0.0507,0.9126,225.011,500000,0.0,0.0019500000000000003,0.0039000000000000146,0.004360332556124604,tap2,slow,light,20260810_141717,True
227510,0.0624,0.0507,0.9126,227.51,500000,0.0077999999999999944,0.0019500000000000003,0.0039000000000000146,0.00893602260516389,tap2,slow,light,20260810_141717,True
230000,0.0546,0.0468,0.9087,230.0,500000,0.0,-0.0019500000000000003,0.0,0.0019500000000000003,tap2,slow,light,20260810_141717,True
232526,0.0624,0.0468,0.897,232.526,500000,0.0077999999999999944,-0.0019500000000000003,-0.011699999999999933,0.014196214284096951,tap2,slow,light,20260810_141717,True
235011,0.0585,0.0468,0.9126,235.011,500000,0.0039000000000000007,-0.0019500000000000003,0.0039000000000000146,0.005850000000000011,tap2,slow,light,20260810_141717,True
237510,0.0585,0.0507,0.9048,237.51,500000,0.0039000000000000007,0.0019500000000000003,-0.0038999999999999035,0.005849999999999936,tap2,slow,light,20260810_141717,True
240002,0.0585,0.0507,0.9048,240.002,500000,0.0039000000000000007,0.0019500000000000003,-0.0038999999999999035,0.005849999999999936,tap2,slow,light,20260810_141717,True
242516,0.0585,0.0468,0.9165,242.516,500000,0.0039000000000000007,-0.0019500000000000003,0.007800000000000029,0.008936022605163914,tap2,slow,light,20260810_141717,True
245013,0.0585,0.0585,0.9048,245.013,500000,0.0039000000000000007,0.009750000000000002,-0.0038999999999999035,0.011201897160749123,tap2,slow,light,20260810_141717,True
247529,0.0546,0.0468,0.9048,247.529,500000,0.0,-0.0019500000000000003,-0.0038999999999999035,0.004360332556124504,tap2,slow,light,20260810_141717,True
250015,0.0468,0.0468,0.9087,250.015,500000,-0.007800000000000001,-0.0019500000000000003,0.0,0.008040055969954439,tap2,slow,light,20260810_141717,True
252525,0.0585,0.0468,0.9087,252.525,500000,0.0039000000000000007,-0.0019500000000000003,0.0,0.004360332556124591,tap2,slow,light,20260810_141717,True
255005,0.0468,0.0507,0.9087,255.005,500000,-0.007800000000000001,0.0019500000000000003,0.0,0.008040055969954439,tap2,slow,light,20260810_141717,True
257504,0.0546,0.0585,0.9048,257.504,500000,0.0,0.009750000000000002,-0.0038999999999999035,0.010501071373912249,tap2,slow,light,20260810_141717,True
260022,0.0585,0.0429,0.9087,260.022,500000,0.0039000000000000007,-0.005850000000000001,0.0,0.00703082498715478,tap2,slow,light,20260810_141717,True
262502,0.0546,0.0507,0.9009,262.502,500000,0.0,0.0019500000000000003,-0.007799999999999918,0.008040055969954359,tap2,slow,light,20260810_141717,True
265023,0.0585,0.0507,0.9087,265.023,500000,0.0039000000000000007,0.0019500000000000003,0.0,0.004360332556124591,tap2,slow,light,20260810_141717,True
267505,0.0507,0.0468,0.9087,267.505,500000,-0.0039000000000000007,-0.0019500000000000003,0.0,0.004360332556124591,tap2,slow,light,20260810_141717,True
270000,0.0429,0.0507,0.9087,270.0,500000,-0.011700000000000002,0.0019500000000000003,0.0,0.01186138693408153,tap2,slow,light,20260810_141717,True
272516,0.0468,0.0507,0.9087,272.516,500000,-0.007800000000000001,0.0019500000000000003,0.0,0.008040055969954439,tap2,slow,light,20260810_141717,True
275025,0.0546,0.0429,0.9087,275.025,500000,0.0,-0.005850000000000001,0.0,0.005850000000000001,tap2,slow,light,20260810_141717,True
277522,0.0507,0.0429,0.9048,277.522,500000,-0.0039000000000000007,-0.005850000000000001,-0.0038999999999999035,0.008040055969954392,tap2,slow,light,20260810_141717,True
280009,0.0546,0.0429,0.9048,280.009,500000,0.0,-0.005850000000000001,-0.0038999999999999035,0.007030824987154727,tap2,slow,light,20260810_141717,True
282521,0.0468,0.0429,0.9087,282.521,500000,-0.007800000000000001,-0.005850000000000001,0.0,0.009750000000000002,tap2,slow,light,20260810_141717,True
285015,0.0585,0.0429,0.9126,285.015,500000,0.0039000000000000007,-0.005850000000000001,0.0039000000000000146,0.008040055969954446,tap2,slow,light,20260810_141717,True
287513,0.0546,0.0507,0.9243,287.513,500000,0.0,0.0019500000000000003,0.015600000000000058,0.01572140260918223,tap2,slow,light,20260810_141717,True
290007,0.0546,0.0468,0.9048,290.007,500000,0.0,-0.0019500000000000003,-0.0038999999999999035,0.004360332556124504,tap2,slow,light,20260810_141717,True
292517,0.0546,0.0468,0.9048,292.517,500000,0.0,-0.0019500000000000003,-0.0038999999999999035,0.004360332556124504,tap2,slow,light,20260810_141717,True
295090,0.0546,0.0507,0.9009,295.09,500000,0.0,0.0019500000000000003,-0.007799999999999918,0.008040055969954359,tap2,slow,light,20260810_141717,True
297522,0.0507,0.0429,0.9126,297.522,500000,-0.0039000000000000007,-0.005850000000000001,0.0039000000000000146,0.008040055969954446,tap2,slow,light,20260810_141717,True
300027,0.0507,0.0507,0.9048,300.027,500000,-0.0039000000000000007,0.0019500000000000003,-0.0038999999999999035,0.005849999999999936,tap2,slow,light,20260810_141717,True
302510,0.0546,0.0507,0.9126,302.51,500000,0.0,0.0019500000000000003,0.0039000000000000146,0.004360332556124604,tap2,slow,light,20260810_141717,True
305014,0.0585,0.0429,0.9087,305.014,500000,0.0039000000000000007,-0.005850000000000001,0.0,0.00703082498715478,tap2,slow,light,20260810_141717,True
307511,0.0585,0.0429,0.9165,307.511,500000,0.0039000000000000007,-0.005850000000000001,0.007800000000000029,0.010501071373912305,tap2,slow,light,20260810_141717,True
310001,0.0546,0.0507,0.9126,310.001,500000,0.0,0.0019500000000000003,0.0039000000000000146,0.004360332556124604,tap2,slow,light,20260810_141717,True
312508,0.0546,0.0468,0.9009,312.508,500000,0.0,-0.0019500000000000003,-0.007799999999999918,0.008040055969954359,tap2,slow,light,20260810_141717,True
315010,0.0546,0.0429,0.9126,315.01,500000,0.0,-0.005850000000000001,0.0039000000000000146,0.007030824987154788,tap2,slow,light,20260810_141717,True
317509,0.0507,0.0507,0.9087,317.509,500000,-0.0039000000000000007,0.0019500000000000003,0.0,0.004360332556124591,tap2,slow,light,20260810_141717,True
320028,0.0546,0.0507,0.9087,320.028,500000,0.0,0.0019500000000000003,0.0,0.0019500000000000003,tap2,slow,light,20260810_141717,True
322512,0.0546,0.0468,0.9009,322.512,500000,0.0,-0.0019500000000000003,-0.007799999999999918,0.008040055969954359,tap2,slow,light,20260810_141717,True
325019,0.0546,0.0429,0.9087,325.019,500000,0.0,-0.005850000000000001,0.0,0.005850000000000001,tap2,slow,light,20260810_141717,True
327519,0.0507,0.0507,0.9087,327.519,500000,-0.0039000000000000007,0.0019500000000000003,0.0,0.004360332556124591,tap2,slow,light,20260810_141717,True
330007,0.0546,0.0468,0.9087,330.007,500000,0.0,-0.0019500000000000003,0.0,0.0019500000000000003,tap2,slow,light,20260810_141717,True
332521,0.0507,0.0507,0.9009,332.521,500000,-0.0039000000000000007,0.0019500000000000003,-0.007799999999999918,0.008936022605163817,tap2,slow,light,20260810_141717,True
335027,0.0546,0.0546,0.9126,335.027,500000,0.0,0.005850000000000001,0.0039000000000000146,0.007030824987154788,tap2,slow,light,20260810_141717,True
337527,0.0546,0.0468,0.9087,337.527,500000,0.0,-0.0019500000000000003,0.0,0.0019500000000000003,tap2,slow,light,20260810_141717,True
340022,0.0624,0.0507,0.9048,340.022,500000,0.0077999999999999944,0.0019500000000000003,-0.0038999999999999035,0.008936022605163841,tap2,slow,light,20260810_141717,True
342500,0.0663,0.039,0.9087,342.5,500000,0.011699999999999995,-0.009750000000000002,0.0,0.015229986868017973,tap2,slow,light,20260810_141717,True
345025,0.0624,0.0468,0.9087,345.025,500000,0.0077999999999999944,-0.0019500000000000003,0.0,0.008040055969954432,tap2,slow,light,20260810_141717,True
347506,0.0624,0.0468,0.9087,347.506,500000,0.0077999999999999944,-0.0019500000000000003,0.0,0.008040055969954432,tap2,slow,light,20260810_141717,True
350019,0.0663,0.0468,0.9087,350.019,500000,0.011699999999999995,-0.0019500000000000003,0.0,0.011861386934081524,tap2,slow,light,20260810_141717,True
352500,0.0546,0.039,0.9087,352.5,500000,0.0,-0.009750000000000002,0.0,0.009750000000000002,tap2,slow,light,20260810_141717,True
355003,0.0507,0.0468,0.9165,355.003,500000,-0.0039000000000000007,-0.0019500000000000003,0.007800000000000029,0.008936022605163914,tap2,slow,light,20260810_141717,True
357501,0.0546,0.0429,0.9165,357.501,500000,0.0,-0.005850000000000001,0.007800000000000029,0.009750000000000024,tap2,slow,light,20260810_141717,True
360019,0.0585,0.0546,0.9126,360.019,500000,0.0039000000000000007,0.005850000000000001,0.0039000000000000146,0.008040055969954446,tap2,slow,light,20260810_141717,True
362501,0.0546,0.0468,0.9165,362.501,500000,0.0,-0.0019500000000000003,0.007800000000000029,0.008040055969954467,tap2,slow,light,20260810_141717,True
365000,0.0507,0.039,0.9204,365.0,500000,-0.0039000000000000007,-0.009750000000000002,0.011700000000000044,0.015721402609182204,tap2,slow,light,20260810_141717,True
367508,0.0585,0.0507,0.9087,367.508,500000,0.0039000000000000007,0.0019500000000000003,0.0,0.004360332556124591,tap2,slow,light,20260810_141717,True
370006,0.0546,0.0546,0.9126,370.006,500000,0.0,0.005850000000000001,0.0039000000000000146,0.007030824987154788,tap2,slow,light,20260810_141717,True
372519,0.0624,0.039,0.9204,372.519,500000,0.0077999999999999944,-0.009750000000000002,0.011700000000000044,0.017111180555414666,tap2,slow,light,20260810_141717,True
375027,0.0507,0.0507,0.9126,375.027,500000,-0.0039000000000000007,0.0019500000000000003,0.0039000000000000146,0.005850000000000011,tap2,slow,light,20260810_141717,True
377526,0.0546,0.039,0.9126,377.526,500000,0.0,-0.009750000000000002,0.0039000000000000146,0.010501071373912289,tap2,slow,light,20260810_141717,True
380021,0.0546,0.0507,0.9087,380.021,500000,0.0,0.0019500000000000003,0.0,0.0019500000000000003,tap2,slow,light,20260810_141717,True
382500,0.0546,0.0507,0.9048,382.5,500000,0.0,0.0019500000000000003,-0.0038999999999999035,0.004360332556124504,tap2,slow,light,20260810_141717,True
385015,0.0585,0.0429,0.9048,385.015,500000,0.0039000000000000007,-0.005850000000000001,-0.0038999999999999035,0.008040055969954392,tap2,slow,light,20260810_141717,True
387511,0.0585,0.0429,0.9009,387.511,500000,0.0039000000000000007,-0.005850000000000001,-0.007799999999999918,0.010501071373912223,tap2,slow,light,20260810_141717,True
390006,0.0546,0.0546,0.9087,390.006,500000,0.0,0.005850000000000001,0.0,0.005850000000000001,tap2,slow,light,20260810_141717,True
392520,0.0546,0.0468,0.9048,392.52,500000,0.0,-0.0019500000000000003,-0.0038999999999999035,0.004360332556124504,tap2,slow,light,20260810_141717,True
395023,0.0585,0.0546,0.9009,395.023,500000,0.0039000000000000007,0.005850000000000001,-0.007799999999999918,0.010501071373912223,tap2,slow,light,20260810_141717,True
397526,0.0585,0.0468,0.9087,397.526,500000,0.0039000000000000007,-0.0019500000000000003,0.0,0.004360332556124591,tap2,slow,light,20260810_141717,True
400010,0.0624,0.0468,0.8931,400.01,500000,0.0077999999999999944,-0.0019500000000000003,-0.015599999999999947,0.01754999999999995,tap2,slow,light,20260810_141717,True
402522,0.0585,0.0546,0.9165,402.522,500000,0.0039000000000000007,0.005850000000000001,0.007800000000000029,0.010501071373912305,tap2,slow,light,20260810_141717,True
405027,0.0546,0.0468,0.9048,405.027,500000,0.0,-0.0019500000000000003,-0.0038999999999999035,0.004360332556124504,tap2,slow,light,20260810_141717,True
407524,0.0546,0.0546,0.9048,407.524,500000,0.0,0.005850000000000001,-0.0038999999999999035,0.007030824987154727,tap2,slow,light,20260810_141717,True
410012,0.0507,0.0429,0.9087,410.012,500000,-0.0039000000000000007,-0.005850000000000001,0.0,0.00703082498715478,tap2,slow,light,20260810_141717,True
412527,0.0546,0.0507,0.9048,412.527,500000,0.0,0.0019500000000000003,-0.0038999999999999035,0.004360332556124504,tap2,slow,light,20260810_141717,True
415008,0.0507,0.0468,0.9087,415.008,500000,-0.0039000000000000007,-0.0019500000000000003,0.0,0.004360332556124591,tap2,slow,light,20260810_141717,True
417505,0.0585,0.0507,0.9087,417.505,500000,0.0039000000000000007,0.0019500000000000003,0.0,0.004360332556124591,tap2,slow,light,20260810_141717,True
420027,0.0507,0.0507,0.9048,420.027,500000,-0.0039000000000000007,0.0019500000000000003,-0.0038999999999999035,0.005849999999999936,tap2,slow,light,20260810_141717,True
422510,0.0585,0.0507,0.9009,422.51,500000,0.0039000000000000007,0.0019500000000000003,-0.007799999999999918,0.008936022605163817,tap2,slow,light,20260810_141717,True
425020,0.0585,0.039,0.9087,425.02,500000,0.0039000000000000007,-0.009750000000000002,0.0,0.010501071373912284,tap2,slow,light,20260810_141717,True
427519,0.0507,0.0468,0.9243,427.519,500000,-0.0039000000000000007,-0.0019500000000000003,0.015600000000000058,0.0161979165326903,tap2,slow,light,20260810_141717,True
430027,0.0585,0.039,0.9087,430.027,500000,0.0039000000000000007,-0.009750000000000002,0.0,0.010501071373912284,tap2,slow,light,20260810_141717,True
432510,0.0546,0.0429,0.897,432.51,500000,0.0,-0.005850000000000001,-0.011699999999999933,0.013080997668373711,tap2,slow,light,20260810_141717,True
435014,0.0585,0.0507,0.9126,435.014,500000,0.0039000000000000007,0.0019500000000000003,0.0039000000000000146,0.005850000000000011,tap2,slow,light,20260810_141717,True
437511,0.0546,0.0429,0.9126,437.511,500000,0.0,-0.005850000000000001,0.0039000000000000146,0.007030824987154788,tap2,slow,light,20260810_141717,True
440001,0.0507,0.0507,0.9087,440.001,500000,-0.0039000000000000007,0.0019500000000000003,0.0,0.004360332556124591,tap2,slow,light,20260810_141717,True
442509,0.0546,0.0546,0.9048,442.509,500000,0.0,0.005850000000000001,-0.0038999999999999035,0.007030824987154727,tap2,slow,light,20260810_141717,True
445000,0.0507,0.0429,0.9126,445.0,500000,-0.0039000000000000007,-0.005850000000000001,0.0039000000000000146,0.008040055969954446,tap2,slow,light,20260810_141717,True
447513,0.0468,0.0507,0.9009,447.513,500000,-0.007800000000000001,0.0019500000000000003,-0.007799999999999918,0.011201897160749099,tap2,slow,light,20260810_141717,True
450024,0.0468,0.0507,0.9009,450.024,500000,-0.007800000000000001,0.0019500000000000003,-0.007799999999999918,0.011201897160749099,tap2,slow,light,20260810_141717,True
452502,0.0585,0.0546,0.9126,452.502,500000,0.0039000000000000007,0.005850000000000001,0.0039000000000000146,0.008040055969954446,tap2,slow,light,20260810_141717,True
455005,0.0546,0.0507,0.9165,455.005,500000,0.0,0.0019500000000000003,0.007800000000000029,0.008040055969954467,tap2,slow,light,20260810_141717,True
457504,0.0507,0.0507,0.9048,457.504,500000,-0.0039000000000000007,0.0019500000000000003,-0.0038999999999999035,0.005849999999999936,tap2,slow,light,20260810_141717,True
460023,0.0546,0.0585,0.9009,460.023,500000,0.0,0.009750000000000002,-0.007799999999999918,0.012486092262994004,tap2,slow,light,20260810_141717,True
462504,0.0546,0.0507,0.9126,462.504,500000,0.0,0.0019500000000000003,0.0039000000000000146,0.004360332556124604,tap2,slow,light,20260810_141717,True
465024,0.0585,0.0507,0.9087,465.024,500000,0.0039000000000000007,0.0019500000000000003,0.0,0.004360332556124591,tap2,slow,light,20260810_141717,True
467505,0.0546,0.0507,0.9087,467.505,500000,0.0,0.0019500000000000003,0.0,0.0019500000000000003,tap2,slow,light,20260810_141717,True
470000,0.0585,0.0585,0.9243,470.0,500000,0.0039000000000000007,0.009750000000000002,0.015600000000000058,0.01880511898393631,tap2,slow,light,20260810_141717,True
472515,0.0507,0.0585,0.9048,472.515,500000,-0.0039000000000000007,0.009750000000000002,-0.0038999999999999035,0.011201897160749123,tap2,slow,light,20260810_141717,True
475024,0.0507,0.0429,0.9126,475.024,500000,-0.0039000000000000007,-0.005850000000000001,0.0039000000000000146,0.008040055969954446,tap2,slow,light,20260810_141717,True
477522,0.0546,0.0546,0.9009,477.522,500000,0.0,0.005850000000000001,-0.007799999999999918,0.009749999999999936,tap2,slow,light,20260810_141717,True
480010,0.0507,0.0468,0.9087,480.01,500000,-0.0039000000000000007,-0.0019500000000000003,0.0,0.004360332556124591,tap2,slow,light,20260810_141717,True
482520,0.0546,0.0429,0.9048,482.52,500000,0.0,-0.005850000000000001,-0.0038999999999999035,0.007030824987154727,tap2,slow,light,20260810_141717,True
485010,0.0546,0.0507,0.9126,485.01,500000,0.0,0.0019500000000000003,0.0039000000000000146,0.004360332556124604,tap2,slow,light,20260810_141717,True
487508,0.0429,0.0507,0.9048,487.508,500000,-0.011700000000000002,0.0019500000000000003,-0.0038999999999999035,0.012486092262994027,tap2,slow,light,20260810_141717,True
490002,0.0468,0.0507,0.9048,490.002,500000,-0.007800000000000001,0.0019500000000000003,-0.0038999999999999035,0.008936022605163848,tap2,slow,light,20260810_141717,True
492516,0.0546,0.0507,0.9087,492.516,500000,0.0,0.0019500000000000003,0.0,0.0019500000000000003,tap2,slow,light,20260810_141717,True
495004,0.0624,0.0468,0.9087,495.004,500000,0.0077999999999999944,-0.0019500000000000003,0.0,0.008040055969954432,tap2,slow,light,20260810_141717,True
497504,0.0585,0.0546,0.9165,497.504,500000,0.0039000000000000007,0.005850000000000001,0.007800000000000029,0.010501071373912305,tap2,slow,light,20260810_141717,True
510282,0.0507,0.039,0.9048,510.282,500000,-0.0039000000000000007,-0.009750000000000002,-0.0038999999999999035,0.011201897160749123,tap2,slow,light,20260810_141717,True
512747,0.0507,0.0546,0.9009,512.747,500000,-0.0039000000000000007,0.005850000000000001,-0.007799999999999918,0.010501071373912223,tap2,slow,light,20260810_141717,True
515244,0.0546,0.0468,0.9087,515.244,500000,0.0,-0.0019500000000000003,0.0,0.0019500000000000003,tap2,slow,light,20260810_141717,True
517754,0.0546,0.0507,0.9048,517.754,500000,0.0,0.0019500000000000003,-0.0038999999999999035,0.004360332556124504,tap2,slow,light,20260810_141717,True
520231,0.0585,0.0468,0.9087,520.231,500000,0.0039000000000000007,-0.0019500000000000003,0.0,0.004360332556124591,tap2,slow,light,20260810_141717,True
522753,0.0663,0.0429,0.9087,522.753,500000,0.011699999999999995,-0.005850000000000001,0.0,0.013080997668373767,tap2,slow,light,20260810_141717,True
525226,0.0585,0.0507,0.9126,525.226,500000,0.0039000000000000007,0.0019500000000000003,0.0039000000000000146,0.005850000000000011,tap2,slow,light,20260810_141717,True
527738,0.0507,0.0429,0.9087,527.738,500000,-0.0039000000000000007,-0.005850000000000001,0.0,0.00703082498715478,tap2,slow,light,20260810_141717,True
530251,0.0546,0.0429,0.9087,530.251,500000,0.0,-0.005850000000000001,0.0,0.005850000000000001,tap2,slow,light,20260810_141717,True
532743,0.0546,0.0507,0.9087,532.743,500000,0.0,0.0019500000000000003,0.0,0.0019500000000000003,tap2,slow,light,20260810_141717,True
535240,0.0546,0.0429,0.9087,535.24,500000,0.0,-0.005850000000000001,0.0,0.005850000000000001,tap2,slow,light,20260810_141717,True
537752,0.0624,0.0507,0.9087,537.752,500000,0.0077999999999999944,0.0019500000000000003,0.0,0.008040055969954432,tap2,slow,light,20260810_141717,True
540234,0.0507,0.0507,0.9048,540.234,500000,-0.0039000000000000007,0.0019500000000000003,-0.0038999999999999035,0.005849999999999936,tap2,slow,light,20260810_141717,True
542754,0.0546,0.0429,0.9165,542.754,500000,0.0,-0.005850000000000001,0.007800000000000029,0.009750000000000024,tap2,slow,light,20260810_141717,True
545226,0.0507,0.0546,0.9126,545.226,500000,-0.0039000000000000007,0.005850000000000001,0.0039000000000000146,0.008040055969954446,tap2,slow,light,20260810_141717,True
547750,0.0546,0.0468,0.9165,547.75,500000,0.0,-0.0019500000000000003,0.007800000000000029,0.008040055969954467,tap2,slow,light,20260810_141717,True
550254,0.0585,0.039,0.9048,550.254,500000,0.0039000000000000007,-0.009750000000000002,-0.0038999999999999035,0.011201897160749123,tap2,slow,light,20260810_141717,True
552741,0.0507,0.0507,0.9009,552.741,500000,-0.0039000000000000007,0.0019500000000000003,-0.007799999999999918,0.008936022605163817,tap2,slow,light,20260810_141717,True
555237,0.0468,0.0507,0.9087,555.237,500000,-0.007800000000000001,0.0019500000000000003,0.0,0.008040055969954439,tap2,slow,light,20260810_141717,True
557747,0.0507,0.0468,0.9048,557.747,500000,-0.0039000000000000007,-0.0019500000000000003,-0.0038999999999999035,0.005849999999999936,tap2,slow,light,20260810_141717,True
560249,0.0546,0.0468,0.9009,560.249,500000,0.0,-0.0019500000000000003,-0.007799999999999918,0.008040055969954359,tap2,slow,light,20260810_141717,True
562742,0.0507,0.0468,0.9126,562.742,500000,-0.0039000000000000007,-0.0019500000000000003,0.0039000000000000146,0.005850000000000011,tap2,slow,light,20260810_141717,True
565229,0.0507,0.0468,0.9126,565.229,500000,-0.0039000000000000007,-0.0019500000000000003,0.0039000000000000146,0.005850000000000011,tap2,slow,light,20260810_141717,True
567752,0.0507,0.0507,0.9165,567.752,500000,-0.0039000000000000007,0.0019500000000000003,0.007800000000000029,0.008936022605163914,tap2,slow,light,20260810_141717,True
570240,0.0546,0.0507,0.9126,570.24,500000,0.0,0.0019500000000000003,0.0039000000000000146,0.004360332556124604,tap2,slow,light,20260810_141717,True
572739,0.0585,0.0507,0.897,572.739,500000,0.0039000000000000007,0.0019500000000000003,-0.011699999999999933,0.012486092262993992,tap2,slow,light,20260810_141717,True
575241,0.0507,0.0546,0.8931,575.241,500000,-0.0039000000000000007,0.005850000000000001,-0.015599999999999947,0.01711118055541459,tap2,slow,light,20260810_141717,True
577752,0.0585,0.0468,0.9048,577.752,500000,0.0039000000000000007,-0.0019500000000000003,-0.0038999999999999035,0.005849999999999936,tap2,slow,light,20260810_141717,True
580233,0.0507,0.0468,0.8931,580.233,500000,-0.0039000000000000007,-0.0019500000000000003,-0.015599999999999947,0.016197916532690194,tap2,slow,light,20260810_141717,True
582728,0.0546,0.0468,0.9126,582.728,500000,0.0,-0.0019500000000000003,0.0039000000000000146,0.004360332556124604,tap2,slow,light,20260810_141717,True
585234,0.0663,0.0468,0.9126,585.234,500000,0.011699999999999995,-0.0019500000000000003,0.0039000000000000146,0.012486092262994056,tap2,slow,light,20260810_141717,True
587746,0.0468,0.0585,0.897,587.746,500000,-0.007800000000000001,0.009750000000000002,-0.011699999999999933,0.017111180555414593,tap2,slow,light,20260810_141717,True
590235,0.0546,0.0429,0.9126,590.235,500000,0.0,-0.005850000000000001,0.0039000000000000146,0.007030824987154788,tap2,slow,light,20260810_141717,True
592735,0.0429,0.0546,0.9087,592.735,500000,-0.011700000000000002,0.005850000000000001,0.0,0.013080997668373772,tap2,slow,light,20260810_141717,True
595231,0.0468,0.0468,0.9048,595.231,500000,-0.007800000000000001,-0.0019500000000000003,-0.0038999999999999035,0.008936022605163848,tap2,slow,light,20260810_141717,True
597742,0.0507,0.0507,0.9204,597.742,500000,-0.0039000000000000007,0.0019500000000000003,0.011700000000000044,0.012486092262994096,tap2,slow,light,20260810_141717,True
600228,0.0624,0.039,0.9204,600.228,500000,0.0077999999999999944,-0.009750000000000002,0.011700000000000044,0.017111180555414666,tap2,slow,light,20260810_141717,True
602737,0.0468,0.0468,0.9087,602.737,500000,-0.007800000000000001,-0.0019500000000000003,0.0,0.008040055969954439,tap2,slow,light,20260810_141717,True
605242,0.0468,0.0507,0.9165,605.242,500000,-0.007800000000000001,0.0019500000000000003,0.007800000000000029,0.011201897160749177,tap2,slow,light,20260810_141717,True
607752,0.0546,0.0468,0.9087,607.752,500000,0.0,-0.0019500000000000003,0.0,0.0019500000000000003,tap2,slow,light,20260810_141717,True
610234,0.0546,0.0507,0.9165,610.234,500000,0.0,0.0019500000000000003,0.007800000000000029,0.008040055969954467,tap2,slow,light,20260810_141717,True
612730,0.0546,0.0468,0.9087,612.73,500000,0.0,-0.0019500000000000003,0.0,0.0019500000000000003,tap2,slow,light,20260810_141717,True
615227,0.0507,0.0507,0.9126,615.227,500000,-0.0039000000000000007,0.0019500000000000003,0.0039000000000000146,0.005850000000000011,tap2,slow,light,20260810_141717,True
617738,0.0507,0.0507,0.9126,617.738,500000,-0.0039000000000000007,0.0019500000000000003,0.0039000000000000146,0.005850000000000011,tap2,slow,light,20260810_141717,True
620251,0.0624,0.0468,0.9087,620.251,500000,0.0077999999999999944,-0.0019500000000000003,0.0,0.008040055969954432,tap2,slow,light,20260810_141717,True
622742,0.0507,0.0507,0.9009,622.742,500000,-0.0039000000000000007,0.0019500000000000003,-0.007799999999999918,0.008936022605163817,tap2,slow,light,20260810_141717,True
625234,0.0624,0.0429,0.9087,625.234,500000,0.0077999999999999944,-0.005850000000000001,0.0,0.009749999999999997,tap2,slow,light,20260810_141717,True
627749,0.0546,0.0429,0.9087,627.749,500000,0.0,-0.005850000000000001,0.0,0.005850000000000001,tap2,slow,light,20260810_141717,True
630236,0.0546,0.0429,0.9048,630.236,500000,0.0,-0.005850000000000001,-0.0038999999999999035,0.007030824987154727,tap2,slow,light,20260810_141717,True
632734,0.0546,0.0507,0.9087,632.734,500000,0.0,0.0019500000000000003,0.0,0.0019500000000000003,tap2,slow,light,20260810_141717,True
635231,0.0624,0.0429,0.9048,635.231,500000,0.0077999999999999944,-0.005850000000000001,-0.0038999999999999035,0.010501071373912244,tap2,slow,light,20260810_141717,True
637741,0.0507,0.0468,0.9048,637.741,500000,-0.0039000000000000007,-0.0019500000000000003,-0.0038999999999999035,0.005849999999999936,tap2,slow,light,20260810_141717,True
640253,0.0546,0.0429,0.9048,640.253,500000,0.0,-0.005850000000000001,-0.0038999999999999035,0.007030824987154727,tap2,slow,light,20260810_141717,True
642745,0.0546,0.0507,0.9126,642.745,500000,0.0,0.0019500000000000003,0.0039000000000000146,0.004360332556124604,tap2,slow,light,20260810_141717,True
645239,0.0585,0.039,0.9204,645.239,500000,0.0039000000000000007,-0.009750000000000002,0.011700000000000044,0.015721402609182204,tap2,slow,light,20260810_141717,True
647733,0.0585,0.0429,0.9087,647.733,500000,0.0039000000000000007,-0.005850000000000001,0.0,0.00703082498715478,tap2,slow,light,20260810_141717,True
650237,0.0663,0.0468,0.9165,650.237,500000,0.011699999999999995,-0.0019500000000000003,0.007800000000000029,0.014196214284097022,tap2,slow,light,20260810_141717,True
652730,0.0507,0.0546,0.9087,652.73,500000,-0.0039000000000000007,0.005850000000000001,0.0,0.00703082498715478,tap2,slow,light,20260810_141717,True
655229,0.0546,0.0507,0.9126,655.229,500000,0.0,0.0019500000000000003,0.0039000000000000146,0.004360332556124604,tap2,slow,light,20260810_141717,True
657740,0.0546,0.0507,0.9048,657.74,500000,0.0,0.0019500000000000003,-0.0038999999999999035,0.004360332556124504,tap2,slow,light,20260810_141717,True
660251,0.0507,0.0585,0.9126,660.251,500000,-0.0039000000000000007,0.009750000000000002,0.0039000000000000146,0.011201897160749163,tap2,slow,light,20260810_141717,True
662742,0.0585,0.0468,0.9165,662.742,500000,0.0039000000000000007,-0.0019500000000000003,0.007800000000000029,0.008936022605163914,tap2,slow,light,20260810_141717,True
665242,0.0585,0.0351,0.9126,665.242,500000,0.0039000000000000007,-0.013650000000000002,0.0039000000000000146,0.014722177148777969,tap2,slow,light,20260810_141717,True
667735,0.0546,0.0468,0.9009,667.735,500000,0.0,-0.0019500000000000003,-0.007799999999999918,0.008040055969954359,tap2,slow,light,20260810_141717,True
670226,0.0546,0.0468,0.9009,670.226,500000,0.0,-0.0019500000000000003,-0.007799999999999918,0.008040055969954359,tap2,slow,light,20260810_141717,True
672753,0.0546,0.0507,0.9087,672.753,500000,0.0,0.0019500000000000003,0.0,0.0019500000000000003,tap2,slow,light,20260810_141717,True
675226,0.0546,0.0507,0.9087,675.226,500000,0.0,0.0019500000000000003,0.0,0.0019500000000000003,tap2,slow,light,20260810_141717,True
677737,0.0429,0.0468,0.9126,677.737,500000,-0.011700000000000002,-0.0019500000000000003,0.0039000000000000146,0.012486092262994061,tap2,slow,light,20260810_141717,True
680250,0.0624,0.0546,0.9009,680.25,500000,0.0077999999999999944,0.005850000000000001,-0.007799999999999918,0.012486092262994,tap2,slow,light,20260810_141717,True
682742,0.0585,0.0429,0.9048,682.742,500000,0.0039000000000000007,-0.005850000000000001,-0.0038999999999999035,0.008040055969954392,tap2,slow,light,20260810_141717,True
685247,0.0624,0.0585,0.9204,685.247,500000,0.0077999999999999944,0.009750000000000002,0.011700000000000044,0.017111180555414666,tap2,slow,light,20260810_141717,True
687726,0.0546,0.0585,0.9126,687.726,500000,0.0,0.009750000000000002,0.0039000000000000146,0.010501071373912289,tap2,slow,light,20260810_141717,True
690248,0.0546,0.0468,0.9126,690.248,500000,0.0,-0.0019500000000000003,0.0039000000000000146,0.004360332556124604,tap2,slow,light,20260810_141717,True
692750,0.0585,0.0468,0.9087,692.75,500000,0.0039000000000000007,-0.0019500000000000003,0.0,0.004360332556124591,tap2,slow,light,20260810_141717,True
695247,0.0507,0.0429,0.9126,695.247,500000,-0.0039000000000000007,-0.005850000000000001,0.0039000000000000146,0.008040055969954446,tap2,slow,light,20260810_141717,True
697755,0.0468,0.0546,0.9243,697.755,500000,-0.007800000000000001,0.005850000000000001,0.015600000000000058,0.01839626320751043,tap2,slow,light,20260810_141717,True
700247,0.0546,0.0546,0.9087,700.247,500000,0.0,0.005850000000000001,0.0,0.005850000000000001,tap2,slow,light,20260810_141717,True
702740,0.0507,0.0468,0.897,702.74,500000,-0.0039000000000000007,-0.0019500000000000003,-0.011699999999999933,0.012486092262993992,tap2,slow,light,20260810_141717,True
705254,0.0468,0.0507,0.9048,705.254,500000,-0.007800000000000001,0.0019500000000000003,-0.0038999999999999035,0.008936022605163848,tap2,slow,light,20260810_141717,True
707736,0.0585,0.039,0.9009,707.736,500000,0.0039000000000000007,-0.009750000000000002,-0.007799999999999918,0.013080997668373721,tap2,slow,light,20260810_141717,True
710249,0.0585,0.0468,0.9165,710.249,500000,0.0039000000000000007,-0.0019500000000000003,0.007800000000000029,0.008936022605163914,tap2,slow,light,20260810_141717,True
712742,0.0585,0.0429,0.9009,712.742,500000,0.0039000000000000007,-0.005850000000000001,-0.007799999999999918,0.010501071373912223,tap2,slow,light,20260810_141717,True
715240,0.0546,0.0507,0.9009,715.24,500000,0.0,0.0019500000000000003,-0.007799999999999918,0.008040055969954359,tap2,slow,light,20260810_141717,True
717752,0.0507,0.0507,0.9087,717.752,500000,-0.0039000000000000007,0.0019500000000000003,0.0,0.004360332556124591,tap2,slow,light,20260810_141717,True
720234,0.0546,0.0507,0.9165,720.234,500000,0.0,0.0019500000000000003,0.007800000000000029,0.008040055969954467,tap2,slow,light,20260810_141717,True
722754,0.0546,0.0468,0.9048,722.754,500000,0.0,-0.0019500000000000003,-0.0038999999999999035,0.004360332556124504,tap2,slow,light,20260810_141717,True
725230,0.0507,0.0507,0.9087,725.23,500000,-0.0039000000000000007,0.0019500000000000003,0.0,0.004360332556124591,tap2,slow,light,20260810_141717,True
727742,0.0546,0.0468,0.9126,727.742,500000,0.0,-0.0019500000000000003,0.0039000000000000146,0.004360332556124604,tap2,slow,light,20260810_141717,True
730256,0.0585,0.0468,0.9126,730.256,500000,0.0039000000000000007,-0.0019500000000000003,0.0039000000000000146,0.005850000000000011,tap2,slow,light,20260810_141717,True
732747,0.0507,0.0507,0.9009,732.747,500000,-0.0039000000000000007,0.0019500000000000003,-0.007799999999999918,0.008936022605163817,tap2,slow,light,20260810_141717,True
735244,0.0585,0.0507,0.9048,735.244,500000,0.0039000000000000007,0.0019500000000000003,-0.0038999999999999035,0.005849999999999936,tap2,slow,light,20260810_141717,True
737752,0.0585,0.039,0.9087,737.752,500000,0.0039000000000000007,-0.009750000000000002,0.0,0.010501071373912284,tap2,slow,light,20260810_141717,True
740234,0.0546,0.0468,0.9126,740.234,500000,0.0,-0.0019500000000000003,0.0039000000000000146,0.004360332556124604,tap2,slow,light,20260810_141717,True
742755,0.0507,0.0468,0.8931,742.755,500000,-0.0039000000000000007,-0.0019500000000000003,-0.015599999999999947,0.016197916532690194,tap2,slow,light,20260810_141717,True
745243,0.0468,0.0507,0.9126,745.243,500000,-0.007800000000000001,0.0019500000000000003,0.0039000000000000146,0.008936022605163896,tap2,slow,light,20260810_141717,True
747738,0.0624,0.0429,0.9165,747.738,500000,0.0077999999999999944,-0.005850000000000001,0.007800000000000029,0.01248609226299407,tap2,slow,light,20260810_141717,True
750626,0.0546,0.0507,0.9048,750.626,500000,0.0,0.0019500000000000003,-0.0038999999999999035,0.004360332556124504,tap2,slow,light,20260810_141717,True
752734,0.0546,0.0429,0.9048,752.734,500000,0.0,-0.005850000000000001,-0.0038999999999999035,0.007030824987154727,tap2,slow,light,20260810_141717,True
755231,0.0546,0.0468,0.9165,755.231,500000,0.0,-0.0019500000000000003,0.007800000000000029,0.008040055969954467,tap2,slow,light,20260810_141717,True
757726,0.0624,0.0351,0.9165,757.726,500000,0.0077999999999999944,-0.013650000000000002,0.007800000000000029,0.017550000000000014,tap2,slow,light,20260810_141717,True
760242,0.0507,0.0429,0.9087,760.242,500000,-0.0039000000000000007,-0.005850000000000001,0.0,0.00703082498715478,tap2,slow,light,20260810_141717,True
762739,0.0546,0.0468,0.9126,762.739,500000,0.0,-0.0019500000000000003,0.0039000000000000146,0.004360332556124604,tap2,slow,light,20260810_141717,True
765240,0.0507,0.0507,0.9087,765.24,500000,-0.0039000000000000007,0.0019500000000000003,0.0,0.004360332556124591,tap2,slow,light,20260810_141717,True
767733,0.0468,0.0468,0.9087,767.733,500000,-0.007800000000000001,-0.0019500000000000003,0.0,0.008040055969954439,tap2,slow,light,20260810_141717,True
770253,0.0507,0.0507,0.9087,770.253,500000,-0.0039000000000000007,0.0019500000000000003,0.0,0.004360332556124591,tap2,slow,light,20260810_141717,True
772743,0.0624,0.0507,0.9087,772.743,500000,0.0077999999999999944,0.0019500000000000003,0.0,0.008040055969954432,tap2,slow,light,20260810_141717,True
775247,0.0624,0.0507,0.9087,775.247,500000,0.0077999999999999944,0.0019500000000000003,0.0,0.008040055969954432,tap2,slow,light,20260810_141717,True
777728,0.0663,0.0468,0.9048,777.728,500000,0.011699999999999995,-0.0019500000000000003,-0.0038999999999999035,0.01248609226299402,tap2,slow,light,20260810_141717,True
780239,0.0585,0.0468,0.9204,780.239,500000,0.0039000000000000007,-0.0019500000000000003,0.011700000000000044,0.012486092262994096,tap2,slow,light,20260810_141717,True
782741,0.0624,0.0468,0.9165,782.741,500000,0.0077999999999999944,-0.0019500000000000003,0.007800000000000029,0.011201897160749172,tap2,slow,light,20260810_141717,True
785245,0.0585,0.0507,0.9126,785.245,500000,0.0039000000000000007,0.0019500000000000003,0.0039000000000000146,0.005850000000000011,tap2,slow,light,20260810_141717,True
787751,0.0546,0.0546,0.9243,787.751,500000,0.0,0.005850000000000001,0.015600000000000058,0.01666080730336924,tap2,slow,light,20260810_141717,True
790240,0.0546,0.0468,0.9165,790.24,500000,0.0,-0.0019500000000000003,0.007800000000000029,0.008040055969954467,tap2,slow,light,20260810_141717,True
792738,0.0546,0.0546,0.9165,792.738,500000,0.0,0.005850000000000001,0.007800000000000029,0.009750000000000024,tap2,slow,light,20260810_141717,True
795234,0.0624,0.0546,0.9048,795.234,500000,0.0077999999999999944,0.005850000000000001,-0.0038999999999999035,0.010501071373912244,tap2,slow,light,20260810_141717,True
797745,0.0585,0.0507,0.9087,797.745,500000,0.0039000000000000007,0.0019500000000000003,0.0,0.004360332556124591,tap2,slow,light,20260810_141717,True
800230,0.0507,0.0468,0.9048,800.23,500000,-0.0039000000000000007,-0.0019500000000000003,-0.0038999999999999035,0.005849999999999936,tap2,slow,light,20260810_141717,True
802729,0.0585,0.0468,0.897,802.729,500000,0.0039000000000000007,-0.0019500000000000003,-0.011699999999999933,0.012486092262993992,tap2,slow,light,20260810_141717,True
805256,0.0546,0.0468,0.9087,805.256,500000,0.0,-0.0019500000000000003,0.0,0.0019500000000000003,tap2,slow,light,20260810_141717,True
807730,0.0507,0.0507,0.9126,807.73,500000,-0.0039000000000000007,0.0019500000000000003,0.0039000000000000146,0.005850000000000011,tap2,slow,light,20260810_141717,True
810249,0.0585,0.0507,0.9009,810.249,500000,0.0039000000000000007,0.0019500000000000003,-0.007799999999999918,0.008936022605163817,tap2,slow,light,20260810_141717,True
812740,0.0546,0.0507,0.9126,812.74,500000,0.0,0.0019500000000000003,0.0039000000000000146,0.004360332556124604,tap2,slow,light,20260810_141717,True
815236,0.0585,0.0468,0.9009,815.236,500000,0.0039000000000000007,-0.0019500000000000003,-0.007799999999999918,0.008936022605163817,tap2,slow,light,20260810_141717,True
817747,0.0546,0.0468,0.9048,817.747,500000,0.0,-0.0019500000000000003,-0.0038999999999999035,0.004360332556124504,tap2,slow,light,20260810_141717,True
820228,0.0585,0.0507,0.9009,820.228,500000,0.0039000000000000007,0.0019500000000000003,-0.007799999999999918,0.008936022605163817,tap2,slow,light,20260810_141717,True
822739,0.0468,0.0507,0.9009,822.739,500000,-0.007800000000000001,0.0019500000000000003,-0.007799999999999918,0.011201897160749099,tap2,slow,light,20260810_141717,True
825246,0.0546,0.0429,0.9048,825.246,500000,0.0,-0.005850000000000001,-0.0038999999999999035,0.007030824987154727,tap2,slow,light,20260810_141717,True
827755,0.0507,0.0468,0.9126,827.755,500000,-0.0039000000000000007,-0.0019500000000000003,0.0039000000000000146,0.005850000000000011,tap2,slow,light,20260810_141717,True
830243,0.0546,0.0507,0.9048,830.243,500000,0.0,0.0019500000000000003,-0.0038999999999999035,0.004360332556124504,tap2,slow,light,20260810_141717,True
832734,0.0585,0.0468,0.9009,832.734,500000,0.0039000000000000007,-0.0019500000000000003,-0.007799999999999918,0.008936022605163817,tap2,slow,light,20260810_141717,True
835230,0.0507,0.0507,0.9165,835.23,500000,-0.0039000000000000007,0.0019500000000000003,0.007800000000000029,0.008936022605163914,tap2,slow,light,20260810_141717,True
837740,0.0624,0.0546,0.9087,837.74,500000,0.0077999999999999944,0.005850000000000001,0.0,0.009749999999999997,tap2,slow,light,20260810_141717,True
840254,0.0585,0.0507,0.9048,840.254,500000,0.0039000000000000007,0.0019500000000000003,-0.0038999999999999035,0.005849999999999936,tap2,slow,light,20260810_141717,True
842747,0.0468,0.0507,0.9087,842.747,500000,-0.007800000000000001,0.0019500000000000003,0.0,0.008040055969954439,tap2,slow,light,20260810_141717,True
845248,0.0624,0.0468,0.9087,845.248,500000,0.0077999999999999944,-0.0019500000000000003,0.0,0.008040055969954432,tap2,slow,light,20260810_141717,True
847738,0.0507,0.0468,0.9087,847.738,500000,-0.0039000000000000007,-0.0019500000000000003,0.0,0.004360332556124591,tap2,slow,light,20260810_141717,True
850244,0.0546,0.0507,0.9126,850.244,500000,0.0,0.0019500000000000003,0.0039000000000000146,0.004360332556124604,tap2,slow,light,20260810_141717,True
852742,0.0546,0.0429,0.9048,852.742,500000,0.0,-0.005850000000000001,-0.0038999999999999035,0.007030824987154727,tap2,slow,light,20260810_141717,True
855240,0.0585,0.0507,0.9048,855.24,500000,0.0039000000000000007,0.0019500000000000003,-0.0038999999999999035,0.005849999999999936,tap2,slow,light,20260810_141717,True
857750,0.0546,0.0507,0.897,857.75,500000,0.0,0.0019500000000000003,-0.011699999999999933,0.011861386934081461,tap2,slow,light,20260810_141717,True
860232,0.0468,0.0468,0.9009,860.232,500000,-0.007800000000000001,-0.0019500000000000003,-0.007799999999999918,0.011201897160749099,tap2,slow,light,20260810_141717,True
862755,0.0546,0.0507,0.9048,862.755,500000,0.0,0.0019500000000000003,-0.0038999999999999035,0.004360332556124504,tap2,slow,light,20260810_141717,True
865237,0.0507,0.0468,0.9087,865.237,500000,-0.0039000000000000007,-0.0019500000000000003,0.0,0.004360332556124591,tap2,slow,light,20260810_141717,True
867756,0.0546,0.0468,0.9087,867.756,500000,0.0,-0.0019500000000000003,0.0,0.0019500000000000003,tap2,slow,light,20260810_141717,True
870246,0.0507,0.0429,0.9087,870.246,500000,-0.0039000000000000007,-0.005850000000000001,0.0,0.00703082498715478,tap2,slow,light,20260810_141717,True
872742,0.0468,0.0546,0.9048,872.742,500000,-0.007800000000000001,0.005850000000000001,-0.0038999999999999035,0.010501071373912249,tap2,slow,light,20260810_141717,True
875242,0.0546,0.0468,0.9087,875.242,500000,0.0,-0.0019500000000000003,0.0,0.0019500000000000003,tap2,slow,light,20260810_141717,True
877753,0.0624,0.0468,0.9087,877.753,500000,0.0077999999999999944,-0.0019500000000000003,0.0,0.008040055969954432,tap2,slow,light,20260810_141717,True
880237,0.0624,0.0468,0.9087,880.237,500000,0.0077999999999999944,-0.0019500000000000003,0.0,0.008040055969954432,tap2,slow,light,20260810_141717,True
882729,0.0546,0.0468,0.9087,882.729,500000,0.0,-0.0019500000000000003,0.0,0.0019500000000000003,tap2,slow,light,20260810_141717,True
885234,0.0468,0.0585,0.9126,885.234,500000,-0.007800000000000001,0.009750000000000002,0.0039000000000000146,0.013080997668373775,tap2,slow,light,20260810_141717,True
887746,0.0546,0.0507,0.9204,887.746,500000,0.0,0.0019500000000000003,0.011700000000000044,0.011861386934081572,tap2,slow,light,20260810_141717,True
890245,0.0546,0.0468,0.9009,890.245,500000,0.0,-0.0019500000000000003,-0.007799999999999918,0.008040055969954359,tap2,slow,light,20260810_141717,True
892737,0.0546,0.0507,0.9048,892.737,500000,0.0,0.0019500000000000003,-0.0038999999999999035,0.004360332556124504,tap2,slow,light,20260810_141717,True
895235,0.0585,0.0507,0.9087,895.235,500000,0.0039000000000000007,0.0019500000000000003,0.0,0.004360332556124591,tap2,slow,light,20260810_141717,True
897746,0.0624,0.0624,0.9048,897.746,500000,0.0077999999999999944,0.013649999999999995,-0.0038999999999999035,0.016197916532690215,tap2,slow,light,20260810_141717,True
900231,0.0507,0.0663,0.9126,900.231,500000,-0.0039000000000000007,0.017549999999999996,0.0039000000000000146,0.018396263207510376,tap2,slow,light,20260810_141717,True
902755,0.0624,0.0585,0.9126,902.755,500000,0.0077999999999999944,0.009750000000000002,0.0039000000000000146,0.013080997668373772,tap2,slow,light,20260810_141717,True
905255,0.0507,0.0468,0.9165,905.255,500000,-0.0039000000000000007,-0.0019500000000000003,0.007800000000000029,0.008936022605163914,tap2,slow,light,20260810_141717,True
907735,0.0546,0.0429,0.9087,907.735,500000,0.0,-0.005850000000000001,0.0,0.005850000000000001,tap2,slow,light,20260810_141717,True
910251,0.0624,0.0507,0.9048,910.251,500000,0.0077999999999999944,0.0019500000000000003,-0.0038999999999999035,0.008936022605163841,tap2,slow,light,20260810_141717,True
912748,0.0546,0.0546,0.9087,912.748,500000,0.0,0.005850000000000001,0.0,0.005850000000000001,tap2,slow,light,20260810_141717,True
915243,0.0624,0.0468,0.9126,915.243,500000,0.0077999999999999944,-0.0019500000000000003,0.0039000000000000146,0.00893602260516389,tap2,slow,light,20260810_141717,True
917752,0.0585,0.0585,0.9009,917.752,500000,0.0039000000000000007,0.009750000000000002,-0.007799999999999918,0.013080997668373721,tap2,slow,light,20260810_141717,True
920241,0.0585,0.0507,0.9087,920.241,500000,0.0039000000000000007,0.0019500000000000003,0.0,0.004360332556124591,tap2,slow,light,20260810_141717,True
922734,0.0507,0.0507,0.9126,922.734,500000,-0.0039000000000000007,0.0019500000000000003,0.0039000000000000146,0.005850000000000011,tap2,slow,light,20260810_141717,True
925234,0.0468,0.0546,0.9009,925.234,500000,-0.007800000000000001,0.005850000000000001,-0.007799999999999918,0.012486092262994006,tap2,slow,light,20260810_141717,True
927743,0.0468,0.0507,0.9087,927.743,500000,-0.007800000000000001,0.0019500000000000003,0.0,0.008040055969954439,tap2,slow,light,20260810_141717,True
930254,0.0546,0.0546,0.9009,930.254,500000,0.0,0.005850000000000001,-0.007799999999999918,0.009749999999999936,tap2,slow,light,20260810_141717,True
932747,0.0663,0.0546,0.9048,932.747,500000,0.011699999999999995,0.005850000000000001,-0.0038999999999999035,0.01364999999999997,tap2,slow,light,20260810_141717,True
935243,0.0585,0.0468,0.9087,935.243,500000,0.0039000000000000007,-0.0019500000000000003,0.0,0.004360332556124591,tap2,slow,light,20260810_141717,True
937753,0.0546,0.0507,0.9009,937.753,500000,0.0,0.0019500000000000003,-0.007799999999999918,0.008040055969954359,tap2,slow,light,20260810_141717,True
940232,0.0546,0.0507,0.9087,940.232,500000,0.0,0.0019500000000000003,0.0,0.0019500000000000003,tap2,slow,light,20260810_141717,True
942727,0.0546,0.0429,0.9048,942.727,500000,0.0,-0.005850000000000001,-0.0038999999999999035,0.007030824987154727,tap2,slow,light,20260810_141717,True
945246,0.0507,0.0507,0.897,945.246,500000,-0.0039000000000000007,0.0019500000000000003,-0.011699999999999933,0.012486092262993992,tap2,slow,light,20260810_141717,True
947740,0.0507,0.0468,0.9126,947.74,500000,-0.0039000000000000007,-0.0019500000000000003,0.0039000000000000146,0.005850000000000011,tap2,slow,light,20260810_141717,True
950247,0.0585,0.039,0.9087,950.247,500000,0.0039000000000000007,-0.009750000000000002,0.0,0.010501071373912284,tap2,slow,light,20260810_141717,True
952756,0.0585,0.0468,0.9204,952.756,500000,0.0039000000000000007,-0.0019500000000000003,0.011700000000000044,0.012486092262994096,tap2,slow,light,20260810_141717,True
955230,0.0546,0.0507,0.9126,955.23,500000,0.0,0.0019500000000000003,0.0039000000000000146,0.004360332556124604,tap2,slow,light,20260810_141717,True
957741,0.0546,0.0507,0.9048,957.741,500000,0.0,0.0019500000000000003,-0.0038999999999999035,0.004360332556124504,tap2,slow,light,20260810_141717,True
960253,0.0624,0.0429,0.9087,960.253,500000,0.0077999999999999944,-0.005850000000000001,0.0,0.009749999999999997,tap2,slow,light,20260810_141717,True
962740,0.0546,0.0468,0.9087,962.74,500000,0.0,-0.0019500000000000003,0.0,0.0019500000000000003,tap2,slow,light,20260810_141717,True
965226,0.0585,0.0429,0.9048,965.226,500000,0.0039000000000000007,-0.005850000000000001,-0.0038999999999999035,0.008040055969954392,tap2,slow,light,20260810_141717,True
967749,0.0546,0.0468,0.9048,967.749,500000,0.0,-0.0019500000000000003,-0.0038999999999999035,0.004360332556124504,tap2,slow,light,20260810_141717,True
970240,0.0546,0.0468,0.9048,970.24,500000,0.0,-0.0019500000000000003,-0.0038999999999999035,0.004360332556124504,tap2,slow,light,20260810_141717,True
972735,0.0507,0.0429,0.9165,972.735,500000,-0.0039000000000000007,-0.005850000000000001,0.007800000000000029,0.010501071373912305,tap2,slow,light,20260810_141717,True
975240,0.0507,0.0507,0.9126,975.24,500000,-0.0039000000000000007,0.0019500000000000003,0.0039000000000000146,0.005850000000000011,tap2,slow,light,20260810_141717,True
977752,0.0507,0.0429,0.9126,977.752,500000,-0.0039000000000000007,-0.005850000000000001,0.0039000000000000146,0.008040055969954446,tap2,slow,light,20260810_141717,True
980233,0.0546,0.0507,0.9048,980.233,500000,0.0,0.0019500000000000003,-0.0038999999999999035,0.004360332556124504,tap2,slow,light,20260810_141717,True
982732,0.0546,0.0507,0.9087,982.732,500000,0.0,0.0019500000000000003,0.0,0.0019500000000000003,tap2,slow,light,20260810_141717,True
985236,0.0546,0.0507,0.9087,985.236,500000,0.0,0.0019500000000000003,0.0,0.0019500000000000003,tap2,slow,light,20260810_141717,True
987746,0.0468,0.0468,0.9126,987.746,500000,-0.007800000000000001,-0.0019500000000000003,0.0039000000000000146,0.008936022605163896,tap2,slow,light,20260810_141717,True
990236,0.0585,0.0507,0.9087,990.236,500000,0.0039000000000000007,0.0019500000000000003,0.0,0.004360332556124591,tap2,slow,light,20260810_141717,True
992755,0.0507,0.0468,0.9048,992.755,500000,-0.0039000000000000007,-0.0019500000000000003,-0.0038999999999999035,0.005849999999999936,tap2,slow,light,20260810_141717,True
995254,0.0468,0.0468,0.9087,995.254,500000,-0.007800000000000001,-0.0019500000000000003,0.0,0.008040055969954439,tap2,slow,light,20260810_141717,True
997733,0.0546,0.0507,0.9048,997.733,500000,0.0,0.0019500000000000003,-0.0038999999999999035,0.004360332556124504,tap2,slow,light,20260810_141717,True
1000250,0.0507,0.0507,0.9087,1000.25,500000,-0.0039000000000000007,0.0019500000000000003,0.0,0.004360332556124591,tap2,slow,light,20260810_141717,True
1002740,0.0507,0.0507,0.9087,1002.74,500000,-0.0039000000000000007,0.0019500000000000003,0.0,0.004360332556124591,tap2,slow,light,20260810_141717,True
1005241,0.0546,0.039,0.9087,1005.241,500000,0.0,-0.009750000000000002,0.0,0.009750000000000002,tap2,slow,light,20260810_141717,True
1007753,0.0585,0.0468,0.9126,1007.753,500000,0.0039000000000000007,-0.0019500000000000003,0.0039000000000000146,0.005850000000000011,tap2,slow,light,20260810_141717,True
1010237,0.0507,0.0429,0.9048,1010.237,500000,-0.0039000000000000007,-0.005850000000000001,-0.0038999999999999035,0.008040055969954392,tap2,slow,light,20260810_141717,True
1012734,0.0624,0.0429,0.9048,1012.734,500000,0.0077999999999999944,-0.005850000000000001,-0.0038999999999999035,0.010501071373912244,tap2,slow,light,20260810_141717,True
1015238,0.1989,0.3978,0.4212,1015.238,500000,0.14429999999999998,0.34904999999999997,-0.48749999999999993,0.6166965562576135,tap2,slow,light,20260810_141717,True
1017750,2.8041,-1.1973,-7.8234,1017.75,500000,2.7495,-1.24605,-8.7321,9.23915370921493,tap2,slow,light,20260810_141717,True
1020251,3.2331,2.9328,10.280399,1020.251,500000,3.1784999999999997,2.88405,9.371699,10.307732476112339,tap2,slow,light,20260810_141717,True
1022737,-0.3081,0.2301,0.507,1022.737,500000,-0.36269999999999997,0.18135,-0.40169999999999995,0.5707906818615734,tap2,slow,light,20260810_141717,True
1025242,-0.2379,-2.0475,1.2909,1025.242,500000,-0.2925,-2.09625,0.3822,2.1507898903658624,tap2,slow,light,20260810_141717,True
1027755,-0.8463,-0.7254,0.9945,1027.755,500000,-0.9009,-0.77415,0.0858000000000001,1.1909200949266077,tap2,slow,light,20260810_141717,True
1030238,0.0312,-0.3315,1.209,1030.238,500000,-0.023400000000000004,-0.38025000000000003,0.3003000000000001,0.48509557048070445,tap2,slow,light,20260810_141717,True
1032736,0.1911,0.1677,0.897,1032.736,500000,0.13649999999999998,0.11894999999999999,-0.011699999999999933,0.18143385158233288,tap2,slow,light,20260810_141717,True
1035233,0.1482,0.4485,0.7488,1035.233,500000,0.09359999999999999,0.39975,-0.15989999999999993,0.44060076316320645,tap2,slow,light,20260810_141717,True
1037745,0.273,0.5577,0.7644,1037.745,500000,0.2184,0.50895,-0.14429999999999998,0.5723208475147485,tap2,slow,light,20260810_141717,True
1040229,0.2379,0.429,0.7488,1040.229,500000,0.1833,0.38025,-0.15989999999999993,0.4513944644100102,tap2,slow,light,20260810_141717,True
1042726,0.0117,-0.0585,1.0218,1042.726,500000,-0.0429,-0.10725000000000001,0.11310000000000009,0.1616619389343083,tap2,slow,light,20260810_141717,True
1045229,-0.0819,-0.4329,1.1505,1045.229,500000,-0.1365,-0.48165,0.24180000000000013,0.5559552252654886,tap2,slow,light,20260810_141717,True
1047753,-0.0624,-0.3549,1.1544,1047.753,500000,-0.11699999999999999,-0.40365,0.24570000000000014,0.4868170215799773,tap2,slow,light,20260810_141717,True
1050229,0.078,-0.0312,1.0374,1050.229,500000,0.023399999999999997,-0.07995,0.12870000000000015,0.1533077052858076,tap2,slow,light,20260810_141717,True
1052756,0.1053,0.156,1.0101,1052.756,500000,0.0507,0.10725,0.10140000000000005,0.15606092560279144,tap2,slow,light,20260810_141717,True
1055252,0.0819,0.1326,0.975,1055.252,500000,0.027299999999999998,0.08385,0.06630000000000003,0.11032589224656197,tap2,slow,light,20260810_141717,True
1057730,0.0741,0.117,0.9906,1057.73,500000,0.019499999999999997,0.06825,0.08190000000000008,0.10837860720640405,tap2,slow,light,20260810_141717,True
1060243,0.0546,0.0507,1.0023,1060.243,500000,0.0,0.0019500000000000003,0.09360000000000002,0.09362031029643089,tap2,slow,light,20260810_141717,True
1062730,-0.0117,-0.0429,1.0647,1062.73,500000,-0.0663,-0.09165000000000001,0.15600000000000003,0.1926951283764071,tap2,slow,light,20260810_141717,True
1065244,-0.0078,-0.0819,1.092,1065.244,500000,-0.062400000000000004,-0.13065,0.18330000000000013,0.23358525745431805,tap2,slow,light,20260810_141717,True
1067735,0.0078,-0.0897,1.0881,1067.735,500000,-0.0468,-0.13845000000000002,0.17940000000000011,0.23139360946231866,tap2,slow,light,20260810_141717,True
1070226,0.0195,0.0078,1.0608,1070.226,500000,-0.035100000000000006,-0.04095,0.1521,0.16137943642236455,tap2,slow,light,20260810_141717,True
1072753,0.0312,0.0429,1.0491,1072.753,500000,-0.023400000000000004,-0.005850000000000001,0.14039999999999997,0.14245680924406523,tap2,slow,light,20260810_141717,True
1075250,0.0429,0.0858,1.0374,1075.25,500000,-0.011700000000000002,0.03705,0.12870000000000015,0.13443690899451696,tap2,slow,light,20260810_141717,True
1077740,0.0351,0.0585,1.0452,1077.74,500000,-0.019500000000000003,0.009750000000000002,0.13649999999999995,0.13823010706788877,tap2,slow,light,20260810_141717,True
1080229,0.0195,0.0351,1.0998,1080.229,500000,-0.035100000000000006,-0.013650000000000002,0.19110000000000016,0.19477562090775133,tap2,slow,light,20260810_141717,True
1082749,0.0273,0.0546,1.1076,1082.749,500000,-0.0273,0.005850000000000001,0.19889999999999997,0.20084999999999997,tap2,slow,light,20260810_141717,True
1085237,0.0624,0.1872,1.0998,1085.237,500000,0.0077999999999999944,0.13845000000000002,0.19110000000000016,0.23611110202614374,tap2,slow,light,20260810_141717,True
1087749,0.0273,-0.1911,1.1076,1087.749,500000,-0.0273,-0.23985,0.19889999999999997,0.3127851059433617,tap2,slow,light,20260810_141717,True
1090243,-0.1404,-0.3627,1.3182,1090.243,500000,-0.195,-0.41145000000000004,0.4095000000000001,0.6123776224683591,tap2,slow,light,20260810_141717,True
1092737,-0.1404,-0.3627,1.3182,1092.737,500000,-0.195,-0.41145000000000004,0.4095000000000001,0.6123776224683591,tap2,slow,light,20260810_141717,True
1095235,-0.1404,0.2808,1.5249,1095.235,500000,-0.195,0.23204999999999998,0.6162,0.6867129258285445,tap2,slow,light,20260810_141717,True
1097747,-0.1521,-0.1716,1.3962,1097.747,500000,-0.20670000000000002,-0.22035,0.48750000000000016,0.5735287808820061,tap2,slow,light,20260810_141717,True
1100234,0.0273,-0.0078,1.092,1100.234,500000,-0.0273,-0.05655,0.18330000000000013,0.1937577933916467,tap2,slow,light,20260810_141717,True
1102726,0.1599,0.0858,0.9126,1102.726,500000,0.10529999999999998,0.03705,0.0039000000000000146,0.11169602723463352,tap2,slow,light,20260810_141717,True
1105254,0.2028,0.1833,0.858,1105.254,500000,0.1482,0.13455,-0.05069999999999997,0.2064883350216181,tap2,slow,light,20260810_141717,True
1107731,0.2418,0.3003,0.8346,1107.731,500000,0.18719999999999998,0.25155,-0.07409999999999994,0.3221987779306433,tap2,slow,light,20260810_141717,True
1110243,0.2535,0.312,0.7839,1110.243,500000,0.1989,0.26325,-0.12479999999999991,0.35275602404494805,tap2,slow,light,20260810_141717,True
1112740,0.2496,0.2418,0.7527,1112.74,500000,0.19499999999999998,0.19305,-0.15599999999999992,0.31564109760929415,tap2,slow,light,20260810_141717,True
1115230,0.2106,0.1716,0.8385,1115.23,500000,0.156,0.12285,-0.07019999999999993,0.21060902758428943,tap2,slow,light,20260810_141717,True
1117741,0.1209,0.0858,0.9516,1117.741,500000,0.0663,0.03705,0.04290000000000005,0.08722845006074569,tap2,slow,light,20260810_141717,True
1120252,0.039,0.0078,1.1076,1120.252,500000,-0.015600000000000003,-0.04095,0.19889999999999997,0.20367000883782566,tap2,slow,light,20260810_141717,True
1122742,-0.0273,-0.0234,1.2207,1122.742,500000,-0.0819,-0.07215,0.31199999999999994,0.3305408182055583,tap2,slow,light,20260810_141717,True
1125246,-0.0624,-0.0702,1.2636,1125.246,500000,-0.11699999999999999,-0.11895,0.3549000000000001,0.39216337475598106,tap2,slow,light,20260810_141717,True
1127727,-0.0624,-0.0936,1.248,1127.727,500000,-0.11699999999999999,-0.14235,0.33930000000000005,0.3861049242110233,tap2,slow,light,20260810_141717,True
1130241,-0.039,-0.078,1.2363,1130.241,500000,-0.0936,-0.12675,0.3276,0.3635220522884409,tap2,slow,light,20260810_141717,True
1132735,-0.0117,-0.0273,1.1661,1132.735,500000,-0.0663,-0.07605,0.25739999999999996,0.276467091169998,tap2,slow,light,20260810_141717,True
1135231,0.0234,0.039,1.0881,1135.231,500000,-0.031200000000000002,-0.009750000000000002,0.17940000000000011,0.1823536742157943,tap2,slow,light,20260810_141717,True
1137741,0.0624,0.078,1.0218,1137.741,500000,0.0077999999999999944,0.029249999999999998,0.11310000000000009,0.11708122180776907,tap2,slow,light,20260810_141717,True
1140227,0.1131,0.1131,0.9516,1140.227,500000,0.0585,0.06435,0.04290000000000005,0.09697207072141961,tap2,slow,light,20260810_141717,True
1142747,0.1248,0.1131,0.9087,1142.747,500000,0.07019999999999998,0.06435,0.0,0.09523110048718328,tap2,slow,light,20260810_141717,True
1145243,0.1287,0.1131,0.9126,1145.243,500000,0.0741,0.06435,0.0039000000000000146,0.09821885002381162,tap2,slow,light,20260810_141717,True
1147732,0.117,0.1092,0.936,1147.732,500000,0.062400000000000004,0.060450000000000004,0.027300000000000102,0.09106729654491785,tap2,slow,light,20260810_141717,True
1150253,0.0702,0.0897,0.9789,1150.253,500000,0.015599999999999996,0.04095,0.07020000000000004,0.08275447117829952,tap2,slow,light,20260810_141717,True
1152741,0.0546,0.0546,1.0101,1152.741,500000,0.0,0.005850000000000001,0.10140000000000005,0.1015686098162223,tap2,slow,light,20260810_141717,True
1155240,0.0351,0.0078,1.0491,1155.24,500000,-0.019500000000000003,-0.04095,0.14039999999999997,0.14754427301661013,tap2,slow,light,20260810_141717,True
1157749,0.0078,0.0039,1.0647,1157.749,500000,-0.0468,-0.04485,0.15600000000000003,0.1689312360103957,tap2,slow,light,20260810_141717,True
1160234,0.0039,0.0,1.0998,1160.234,500000,-0.0507,-0.04875,0.19110000000000016,0.20363266560156812,tap2,slow,light,20260810_141717,True
1162754,0.0,0.0039,1.1037,1162.754,500000,-0.0546,-0.04485,0.19499999999999995,0.20740704544445923,tap2,slow,light,20260810_141717,True
1165256,0.0195,0.0117,1.0686,1165.256,500000,-0.035100000000000006,-0.03705,0.15990000000000004,0.16784731901344152,tap2,slow,light,20260810_141717,True
1167742,0.039,0.0195,1.0257,1167.742,500000,-0.015600000000000003,-0.02925,0.1170000000000001,0.12160560225581725,tap2,slow,light,20260810_141717,True
1170230,0.0507,0.039,0.9984,1170.23,500000,-0.0039000000000000007,-0.009750000000000002,0.0897,0.09031258217989341,tap2,slow,light,20260810_141717,True
1172752,0.0702,0.0741,0.9828,1172.752,500000,0.015599999999999996,0.025349999999999998,0.07410000000000005,0.0798548213948288,tap2,slow,light,20260810_141717,True
1175255,0.0741,0.0819,0.9711,1175.255,500000,0.019499999999999997,0.03315,0.06240000000000001,0.07330028990392877,tap2,slow,light,20260810_141717,True
1177735,0.0741,0.0819,0.9594,1177.735,500000,0.019499999999999997,0.03315,0.05070000000000008,0.06363695860111487,tap2,slow,light,20260810_141717,True
1180248,0.0741,0.0663,0.9516,1180.248,500000,0.019499999999999997,0.017549999999999996,0.04290000000000005,0.05028580813708778,tap2,slow,light,20260810_141717,True
1182740,0.0741,0.0546,0.9633,1182.74,500000,0.019499999999999997,0.005850000000000001,0.05460000000000009,0.05827205591018743,tap2,slow,light,20260810_141717,True
1185244,0.0546,0.0546,0.9828,1185.244,500000,0.0,0.005850000000000001,0.07410000000000005,0.07433056235492913,tap2,slow,light,20260810_141717,True
1187750,0.0507,0.0507,0.9945,1187.75,500000,-0.0039000000000000007,0.0019500000000000003,0.0858000000000001,0.08591072401045179,tap2,slow,light,20260810_141717,True
1190241,0.039,0.0468,1.0101,1190.241,500000,-0.015600000000000003,-0.0019500000000000003,0.10140000000000005,0.10261151251199843,tap2,slow,light,20260810_141717,True
1192733,0.0351,0.0312,1.014,1192.733,500000,-0.019500000000000003,-0.017550000000000003,0.10530000000000006,0.10851885780821696,tap2,slow,light,20260810_141717,True
1195229,0.0351,0.0312,1.014,1195.229,500000,-0.019500000000000003,-0.017550000000000003,0.10530000000000006,0.10851885780821696,tap2,slow,light,20260810_141717,True
1197741,0.0351,0.0312,1.014,1197.741,500000,-0.019500000000000003,-0.017550000000000003,0.10530000000000006,0.10851885780821696,tap2,slow,light,20260810_141717,True
1200227,0.0351,0.0312,1.0101,1200.227,500000,-0.019500000000000003,-0.017550000000000003,0.10140000000000005,0.10473878221556718,tap2,slow,light,20260810_141717,True
1202747,0.0507,0.0351,1.0023,1202.747,500000,-0.0039000000000000007,-0.013650000000000002,0.09360000000000002,0.0946704415327192,tap2,slow,light,20260810_141717,True
1205245,0.0546,0.0429,0.9867,1205.245,500000,0.0,-0.005850000000000001,0.07800000000000007,0.07821906736851322,tap2,slow,light,20260810_141717,True
1207754,0.0624,0.0468,0.9594,1207.754,500000,0.0077999999999999944,-0.0019500000000000003,0.05070000000000008,0.05133354166624399,tap2,slow,light,20260810_141717,True
1210238,0.0663,0.0468,0.9555,1210.238,500000,0.011699999999999995,-0.0019500000000000003,0.046800000000000064,0.04827973177224586,tap2,slow,light,20260810_141717,True
1212736,0.0741,0.0585,0.9477,1212.736,500000,0.019499999999999997,0.009750000000000002,0.039000000000000035,0.044680113025819465,tap2,slow,light,20260810_141717,True
1215246,0.0741,0.0624,0.9438,1215.246,500000,0.019499999999999997,0.013649999999999995,0.03510000000000002,0.04240969818331653,tap2,slow,light,20260810_141717,True
1217746,0.0741,0.0585,0.9555,1217.746,500000,0.019499999999999997,0.009750000000000002,0.046800000000000064,0.051628988950007594,tap2,slow,light,20260810_141717,True
1220238,0.0702,0.0546,0.9633,1220.238,500000,0.015599999999999996,0.005850000000000001,0.05460000000000009,0.05708539655638743,tap2,slow,light,20260810_141717,True
1222736,0.0585,0.0468,0.9594,1222.736,500000,0.0039000000000000007,-0.0019500000000000003,0.05070000000000008,0.05088715456772964,tap2,slow,light,20260810_141717,True
1225241,0.0429,0.0468,0.9828,1225.241,500000,-0.011700000000000002,-0.0019500000000000003,0.07410000000000005,0.0750433374790861,tap2,slow,light,20260810_141717,True
1227750,0.0507,0.0468,0.9906,1227.75,500000,-0.0039000000000000007,-0.0019500000000000003,0.08190000000000008,0.08201598929477114,tap2,slow,light,20260810_141717,True
1230233,0.0468,0.0312,0.9867,1230.233,500000,-0.007800000000000001,-0.017550000000000003,0.07800000000000007,0.08032958670377939,tap2,slow,light,20260810_141717,True
1232729,0.0429,0.0312,0.9867,1232.729,500000,-0.011700000000000002,-0.017550000000000003,0.07800000000000007,0.08080156248489265,tap2,slow,light,20260810_141717,True
1235226,0.0468,0.0351,0.9711,1235.226,500000,-0.007800000000000001,-0.013650000000000002,0.06240000000000001,0.06435000000000002,tap2,slow,light,20260810_141717,True
1237737,0.0429,0.0273,0.9672,1237.737,500000,-0.011700000000000002,-0.02145,0.058499999999999996,0.06339749600733455,tap2,slow,light,20260810_141717,True
1240250,0.0507,0.0468,0.975,1240.25,500000,-0.0039000000000000007,-0.0019500000000000003,0.06630000000000003,0.06644322764586323,tap2,slow,light,20260810_141717,True
1242741,0.0546,0.0546,0.9516,1242.741,500000,0.0,0.005850000000000001,0.04290000000000005,0.04329702645679036,tap2,slow,light,20260810_141717,True
1245229,0.0546,0.0507,0.9477,1245.229,500000,0.0,0.0019500000000000003,0.039000000000000035,0.039048719569276566,tap2,slow,light,20260810_141717,True
1247749,0.0624,0.0546,0.9477,1247.749,500000,0.0077999999999999944,0.005850000000000001,0.039000000000000035,0.04020027984977222,tap2,slow,light,20260810_141717,True
1250255,0.0624,0.0507,0.9516,1250.255,500000,0.0077999999999999944,0.0019500000000000003,0.04290000000000005,0.04364690710691886,tap2,slow,light,20260810_141717,True
1252741,0.0624,0.0507,0.9516,1252.741,500000,0.0077999999999999944,0.0019500000000000003,0.04290000000000005,0.04364690710691886,tap2,slow,light,20260810_141717,True
1255238,0.0624,0.0468,0.9438,1255.238,500000,0.0077999999999999944,-0.0019500000000000003,0.03510000000000002,0.036009061359607825,tap2,slow,light,20260810_141717,True
1257748,0.0507,0.039,0.9633,1257.748,500000,-0.0039000000000000007,-0.009750000000000002,0.05460000000000009,0.055600651974594774,tap2,slow,light,20260810_141717,True
1260231,0.0468,0.0468,0.9711,1260.231,500000,-0.007800000000000001,-0.0019500000000000003,0.06240000000000001,0.06291583663911655,tap2,slow,light,20260810_141717,True
1262755,0.0507,0.0429,0.9711,1262.755,500000,-0.0039000000000000007,-0.005850000000000001,0.06240000000000001,0.06279484453360802,tap2,slow,light,20260810_141717,True
1265235,0.0546,0.039,0.9633,1265.235,500000,0.0,-0.009750000000000002,0.05460000000000009,0.05546370434797887,tap2,slow,light,20260810_141717,True
1267755,0.0507,0.0429,0.9594,1267.755,500000,-0.0039000000000000007,-0.005850000000000001,0.05070000000000008,0.05118517851878616,tap2,slow,light,20260810_141717,True
1270244,0.0585,0.0429,0.9516,1270.244,500000,0.0039000000000000007,-0.005850000000000001,0.04290000000000005,0.04347231877873556,tap2,slow,light,20260810_141717,True
1272735,0.0585,0.0312,0.9477,1272.735,500000,0.0039000000000000007,-0.017550000000000003,0.039000000000000035,0.042944295313813254,tap2,slow,light,20260810_141717,True
1275238,0.0585,0.0468,0.936,1275.238,500000,0.0039000000000000007,-0.0019500000000000003,0.027300000000000102,0.02764602141357786,tap2,slow,light,20260810_141717,True
1277751,0.0624,0.0585,0.936,1277.751,500000,0.0077999999999999944,0.009750000000000002,0.027300000000000102,0.030019868420764362,tap2,slow,light,20260810_141717,True
1280235,0.0585,0.0585,0.936,1280.235,500000,0.0039000000000000007,0.009750000000000002,0.027300000000000102,0.029250000000000095,tap2,slow,light,20260810_141717,True
1282736,0.0585,0.0546,0.9399,1282.736,500000,0.0039000000000000007,0.005850000000000001,0.031200000000000006,0.03198237796037062,tap2,slow,light,20260810_141717,True
1285241,0.0624,0.0429,0.9399,1285.241,500000,0.0077999999999999944,-0.005850000000000001,0.031200000000000006,0.032687956497768414,tap2,slow,light,20260810_141717,True
1287747,0.0585,0.0468,0.9516,1287.747,500000,0.0039000000000000007,-0.0019500000000000003,0.04290000000000005,0.043121021555617214,tap2,slow,light,20260810_141717,True
1290238,0.0546,0.0429,0.9438,1290.238,500000,0.0,-0.005850000000000001,0.03510000000000002,0.03558416080224461,tap2,slow,light,20260810_141717,True
1292734,0.0507,0.0429,0.9555,1292.734,500000,-0.0039000000000000007,-0.005850000000000001,0.046800000000000064,0.04732517828809529,tap2,slow,light,20260810_141717,True
1295230,0.0468,0.0468,0.9477,1295.23,500000,-0.007800000000000001,-0.0019500000000000003,0.039000000000000035,0.0398201268204912,tap2,slow,light,20260810_141717,True
1297741,0.0468,0.0429,0.9555,1297.741,500000,-0.007800000000000001,-0.005850000000000001,0.046800000000000064,0.04780483762131199,tap2,slow,light,20260810_141717,True
1300226,0.0468,0.0429,0.9555,1300.226,500000,-0.007800000000000001,-0.005850000000000001,0.046800000000000064,0.04780483762131199,tap2,slow,light,20260810_141717,True
1302752,0.0507,0.0351,0.9516,1302.752,500000,-0.0039000000000000007,-0.013650000000000002,0.04290000000000005,0.04518785788240027,tap2,slow,light,20260810_141717,True
1305252,0.0585,0.0351,0.9399,1305.252,500000,0.0039000000000000007,-0.013650000000000002,0.031200000000000006,0.03427787187093155,tap2,slow,light,20260810_141717,True
1307730,0.0546,0.0429,0.9438,1307.73,500000,0.0,-0.005850000000000001,0.03510000000000002,0.03558416080224461,tap2,slow,light,20260810_141717,True
1310244,0.0624,0.0429,0.9399,1310.244,500000,0.0077999999999999944,-0.005850000000000001,0.031200000000000006,0.032687956497768414,tap2,slow,light,20260810_141717,True
1312740,0.0546,0.0468,0.9321,1312.74,500000,0.0,-0.0019500000000000003,0.023400000000000087,0.023481109428645064,tap2,slow,light,20260810_141717,True
1315239,0.0624,0.0546,0.9516,1315.239,500000,0.0077999999999999944,0.005850000000000001,0.04290000000000005,0.04399400527344611,tap2,slow,light,20260810_141717,True
1317750,0.0624,0.0468,0.9555,1317.75,500000,0.0077999999999999944,-0.0019500000000000003,0.046800000000000064,0.04748560308135515,tap2,slow,light,20260810_141717,True
1320241,0.0468,0.0546,0.936,1320.241,500000,-0.007800000000000001,0.005850000000000001,0.027300000000000102,0.028988834057271182,tap2,slow,light,20260810_141717,True
1322731,0.0585,0.0429,0.9477,1322.731,500000,0.0039000000000000007,-0.005850000000000001,0.039000000000000035,0.039628682794158106,tap2,slow,light,20260810_141717,True
1325237,0.0507,0.0546,0.9516,1325.237,500000,-0.0039000000000000007,0.005850000000000001,0.04290000000000005,0.04347231877873556,tap2,slow,light,20260810_141717,True
1327750,0.0507,0.0468,0.9477,1327.75,500000,-0.0039000000000000007,-0.0019500000000000003,0.039000000000000035,0.039242993005121345,tap2,slow,light,20260810_141717,True
1330240,0.0546,0.0468,0.9516,1330.24,500000,0.0,-0.0019500000000000003,0.04290000000000005,0.04294429531381327,tap2,slow,light,20260810_141717,True
1332741,0.0546,0.0468,0.9555,1332.741,500000,0.0,-0.0019500000000000003,0.046800000000000064,0.04684060738291089,tap2,slow,light,20260810_141717,True
1335235,0.0546,0.0468,0.9555,1335.235,500000,0.0,-0.0019500000000000003,0.046800000000000064,0.04684060738291089,tap2,slow,light,20260810_141717,True
1337746,0.0507,0.0507,0.936,1337.746,500000,-0.0039000000000000007,0.0019500000000000003,0.027300000000000102,0.02764602141357786,tap2,slow,light,20260810_141717,True
1340252,0.0429,0.0468,0.936,1340.252,500000,-0.011700000000000002,-0.0019500000000000003,0.027300000000000102,0.0297654581688239,tap2,slow,light,20260810_141717,True
1342741,0.0585,0.0468,0.9438,1342.741,500000,0.0039000000000000007,-0.0019500000000000003,0.03510000000000002,0.035369796437073275,tap2,slow,light,20260810_141717,True
1345251,0.0585,0.0429,0.936,1345.251,500000,0.0039000000000000007,-0.005850000000000001,0.027300000000000102,0.028190822974861973,tap2,slow,light,20260810_141717,True
1347752,0.0546,0.0507,0.9321,1347.752,500000,0.0,0.0019500000000000003,0.023400000000000087,0.023481109428645064,tap2,slow,light,20260810_141717,True
1350231,0.0468,0.0546,0.936,1350.231,500000,-0.007800000000000001,0.005850000000000001,0.027300000000000102,0.028988834057271182,tap2,slow,light,20260810_141717,True
1352728,0.0546,0.0429,0.9282,1352.728,500000,0.0,-0.005850000000000001,0.019500000000000073,0.020358597692375642,tap2,slow,light,20260810_141717,True
1355255,0.0507,0.0468,0.9282,1355.255,500000,-0.0039000000000000007,-0.0019500000000000003,0.019500000000000073,0.01998155399362129,tap2,slow,light,20260810_141717,True
1357734,0.0468,0.0507,0.9438,1357.734,500000,-0.007800000000000001,0.0019500000000000003,0.03510000000000002,0.03600906135960783,tap2,slow,light,20260810_141717,True
1360246,3.2058,-1.5561,-8.568299,1360.246,500000,3.1512,-1.60485,-9.476999,10.115291147984866,tap2,slow,light,20260810_141717,True
1362746,-6.1698,7.0239,11.083799,1362.746,500000,-6.2244,6.97515,10.175099000000001,13.817688393588163,tap2,slow,light,20260810_141717,True
1365253,-1.4001,-0.1014,0.3237,1365.253,500000,-1.4546999999999999,-0.15015,-0.585,1.5750943186044446,tap2,slow,light,20260810_141717,True
1367740,-0.0039,-1.9734,1.56,1367.74,500000,-0.0585,-2.02215,0.6513000000000001,2.1252539995257034,tap2,slow,light,20260810_141717,True
1370226,-0.4485,-0.741,1.1427,1370.226,500000,-0.5031,-0.78975,0.2340000000000001,0.9651790883043415,tap2,slow,light,20260810_141717,True
1372752,0.1326,-0.4563,1.2246,1372.752,500000,0.07799999999999999,-0.50505,0.31589999999999996,0.600793069617152,tap2,slow,light,20260810_141717,True
1375253,-0.0117,0.0663,0.9243,1375.253,500000,-0.0663,0.017549999999999996,0.015600000000000058,0.0703352863077986,tap2,slow,light,20260810_141717,True
1377734,0.1365,0.4797,0.7839,1377.734,500000,0.0819,0.43095,-0.12479999999999991,0.45607077575744753,tap2,slow,light,20260810_141717,True
1380246,0.2613,0.7059,0.7059,1380.246,500000,0.20669999999999997,0.65715,-0.20279999999999998,0.7181217532563681,tap2,slow,light,20260810_141717,True
1382745,0.312,0.5421,0.7293,1382.745,500000,0.2574,0.49335,-0.1794,0.5846651541694614,tap2,slow,light,20260810_141717,True
1385247,0.078,0.1911,0.9126,1385.247,500000,0.023399999999999997,0.14234999999999998,0.0039000000000000146,0.1443131750742114,tap2,slow,light,20260810_141717,True
1387756,-0.0897,-0.3003,1.0881,1387.756,500000,-0.1443,-0.34905,0.17940000000000011,0.4181420243170974,tap2,slow,light,20260810_141717,True
1390246,-0.0858,-0.4017,1.1934,1390.246,500000,-0.1404,-0.45045,0.28470000000000006,0.5510639277797087,tap2,slow,light,20260810_141717,True
1392743,-0.0468,-0.2223,1.1154,1392.743,500000,-0.1014,-0.27105,0.2067,0.3556331712593751,tap2,slow,light,20260810_141717,True
1395240,0.0039,-0.039,1.0413,1395.24,500000,-0.0507,-0.08775,0.13259999999999994,0.16689311699408094,tap2,slow,light,20260810_141717,True
1397750,0.0546,0.0,1.0374,1397.75,500000,0.0,-0.04875,0.12870000000000015,0.13762358991103246,tap2,slow,light,20260810_141717,True
1400235,0.0741,0.1521,0.9789,1400.235,500000,0.019499999999999997,0.10335000000000001,0.07020000000000004,0.12644964412761314,tap2,slow,light,20260810_141717,True
1402732,0.0741,0.1521,0.9789,1402.732,500000,0.019499999999999997,0.10335000000000001,0.07020000000000004,0.12644964412761314,tap2,slow,light,20260810_141717,True
1405229,0.1053,0.2028,0.9789,1405.229,500000,0.0507,0.15405000000000002,0.07020000000000004,0.17671992672022024,tap2,slow,light,20260810_141717,True
1407740,0.0741,0.1248,1.0062,1407.74,500000,0.019499999999999997,0.07604999999999999,0.09750000000000003,0.12518027999649148,tap2,slow,light,20260810_141717,True
1410250,0.0,0.0,1.0218,1410.25,500000,-0.0546,-0.04875,0.11310000000000009,0.1347194585054439,tap2,slow,light,20260810_141717,True
1412755,-0.0156,-0.0858,1.0959,1412.755,500000,-0.0702,-0.13455,0.18720000000000014,0.2409887601113381,tap2,slow,light,20260810_141717,True
1415256,-0.0039,-0.0429,1.0803,1415.256,500000,-0.0585,-0.09165000000000001,0.17160000000000009,0.20314657885379225,tap2,slow,light,20260810_141717,True
1417735,0.0195,0.0078,1.0686,1417.735,500000,-0.035100000000000006,-0.04095,0.15990000000000004,0.16875106666329553,tap2,slow,light,20260810_141717,True
1420252,0.0429,0.0234,1.0374,1420.252,500000,-0.011700000000000002,-0.02535,0.12870000000000015,0.1316935932382439,tap2,slow,light,20260810_141717,True
1422729,0.0351,0.0585,1.0491,1422.729,500000,-0.019500000000000003,0.009750000000000002,0.14039999999999997,0.14208262560918555,tap2,slow,light,20260810_141717,True
1425242,0.0351,0.0975,1.0842,1425.242,500000,-0.019500000000000003,0.04875,0.1755000000000001,0.18318586872354548,tap2,slow,light,20260810_141717,True
1427753,-0.0741,0.0819,1.0842,1427.753,500000,-0.1287,0.03315,0.1755000000000001,0.22014282295818785,tap2,slow,light,20260810_141717,True
1430236,-0.0273,0.0195,1.3182,1430.236,500000,-0.0819,-0.02925,0.4095000000000001,0.4186328015098674,tap2,slow,light,20260810_141717,True
1432726,-0.1989,-0.0936,1.3767,1432.726,500000,-0.2535,-0.14235,0.4680000000000001,0.5509535121042428,tap2,slow,light,20260810_141717,True
1435255,-0.1482,-0.0156,1.3416,1435.255,500000,-0.2028,-0.06435,0.43289999999999995,0.48236000300605353,tap2,slow,light,20260810_141717,True
1437736,-0.0312,-0.1599,1.1427,1437.736,500000,-0.0858,-0.20865,0.2340000000000001,0.325042247254107,tap2,slow,light,20260810_141717,True
1440250,0.0312,-0.0351,1.0335,1440.25,500000,-0.023400000000000004,-0.08385000000000001,0.12480000000000013,0.15216248716421546,tap2,slow,light,20260810_141717,True
1442742,0.0702,0.1053,0.9945,1442.742,500000,0.015599999999999996,0.05655,0.0858000000000001,0.10393701217564423,tap2,slow,light,20260810_141717,True
1445229,0.1404,0.1911,0.9477,1445.229,500000,0.08579999999999999,0.14234999999999998,0.039000000000000035,0.17072247215876413,tap2,slow,light,20260810_141717,True
1447752,0.1911,0.2535,0.9009,1447.752,500000,0.13649999999999998,0.20475,-0.007799999999999918,0.2462024624166054,tap2,slow,light,20260810_141717,True
1450227,0.2262,0.2262,0.8541,1450.227,500000,0.1716,0.17745,-0.05459999999999998,0.25281657876808633,tap2,slow,light,20260810_141717,True
1452748,0.2067,0.1989,0.8151,1452.748,500000,0.15209999999999999,0.15015,-0.0935999999999999,0.23332465043368217,tap2,slow,light,20260810_141717,True
1455245,0.1677,0.1326,0.8658,1455.245,500000,0.11309999999999998,0.08385,-0.04289999999999994,0.1471830238172867,tap2,slow,light,20260810_141717,True
1457753,0.0975,0.0741,1.014,1457.753,500000,0.0429,0.025349999999999998,0.10530000000000006,0.11649516084370205,tap2,slow,light,20260810_141717,True
1460235,0.039,0.0468,1.0881,1460.235,500000,-0.015600000000000003,-0.0019500000000000003,0.17940000000000011,0.1800875412126004,tap2,slow,light,20260810_141717,True
1462726,0.0078,-0.0039,1.1622,1462.726,500000,-0.0468,-0.05265,0.25349999999999995,0.2631055159056913,tap2,slow,light,20260810_141717,True
1465235,-0.0195,-0.0468,1.1895,1465.235,500000,-0.0741,-0.09555,0.28080000000000005,0.30572741535557457,tap2,slow,light,20260810_141717,True
1467726,-0.0234,-0.0585,1.1934,1467.726,500000,-0.078,-0.10725000000000001,0.28470000000000006,0.3140710946585184,tap2,slow,light,20260810_141717,True
1470245,-0.0117,-0.0234,1.1817,1470.245,500000,-0.0663,-0.07215,0.273,0.2900522582225486,tap2,slow,light,20260810_141717,True
1472742,0.0,0.0,1.1427,1472.742,500000,-0.0546,-0.04875,0.2340000000000001,0.24518099946774027,tap2,slow,light,20260810_141717,True
1475241,0.0312,0.0312,1.0764,1475.241,500000,-0.023400000000000004,-0.017550000000000003,0.16770000000000007,0.17023176113757393,tap2,slow,light,20260810_141717,True
1477737,0.0663,0.0663,1.0257,1477.737,500000,0.011699999999999995,0.017549999999999996,0.1170000000000001,0.11888604838247432,tap2,slow,light,20260810_141717,True
1480230,0.0897,0.0819,0.9828,1480.23,500000,0.0351,0.03315,0.07410000000000005,0.08844061566949886,tap2,slow,light,20260810_141717,True
1482754,0.1092,0.0975,0.9399,1482.754,500000,0.0546,0.04875,0.031200000000000006,0.07956860247610235,tap2,slow,light,20260810_141717,True
1485228,0.1014,0.0975,0.9399,1485.228,500000,0.0468,0.04875,0.031200000000000006,0.07443280526757003,tap2,slow,light,20260810_141717,True
1487732,0.0897,0.0897,0.9594,1487.732,500000,0.0351,0.04095,0.05070000000000008,0.07402298629479905,tap2,slow,light,20260810_141717,True
1490235,0.0858,0.0702,0.9828,1490.235,500000,0.0312,0.021449999999999997,0.07410000000000005,0.08321269434407234,tap2,slow,light,20260810_141717,True
1492736,0.0663,0.039,1.0062,1492.736,500000,0.011699999999999995,-0.009750000000000002,0.09750000000000003,0.09868233124526399,tap2,slow,light,20260810_141717,True
1495235,0.0312,0.0312,1.0413,1495.235,500000,-0.023400000000000004,-0.017550000000000003,0.13259999999999994,0.13578778479671869,tap2,slow,light,20260810_141717,True
1497746,0.0156,0.0156,1.0686,1497.746,500000,-0.03900000000000001,-0.03315,0.15990000000000004,0.1678926219343781,tap2,slow,light,20260810_141717,True
1500231,0.0078,0.0078,1.0842,1500.231,500000,-0.0468,-0.04095,0.1755000000000001,0.1861918164152228,tap2,slow,light,20260810_141717,True
1502754,0.0078,0.0078,1.0842,1502.754,500000,-0.0468,-0.04095,0.1755000000000001,0.1861918164152228,tap2,slow,light,20260810_141717,True
1505253,0.0078,0.0156,1.0569,1505.253,500000,-0.0468,-0.03315,0.1482,0.15891004530865882,tap2,slow,light,20260810_141717,True
1507731,0.0078,0.0156,1.0569,1507.731,500000,-0.0468,-0.03315,0.1482,0.15891004530865882,tap2,slow,light,20260810_141717,True
1510244,0.0234,0.0234,1.0452,1510.244,500000,-0.031200000000000002,-0.02535,0.13649999999999995,0.1422965653134326,tap2,slow,light,20260810_141717,True
1512741,0.039,0.0468,1.0257,1512.741,500000,-0.015600000000000003,-0.0019500000000000003,0.1170000000000001,0.11805152476778953,tap2,slow,light,20260810_141717,True
1515240,0.0546,0.0624,0.9984,1515.24,500000,0.0,0.013649999999999995,0.0897,0.09073264296822837,tap2,slow,light,20260810_141717,True
1517750,0.0624,0.0741,0.9672,1517.75,500000,0.0077999999999999944,0.025349999999999998,0.058499999999999996,0.06423170945880234,tap2,slow,light,20260810_141717,True
1520231,0.078,0.0663,0.9633,1520.231,500000,0.023399999999999997,0.017549999999999996,0.05460000000000009,0.06194128267964759,tap2,slow,light,20260810_141717,True
1522753,0.0702,0.0663,0.9516,1522.753,500000,0.015599999999999996,0.017549999999999996,0.04290000000000005,0.04890575119553941,tap2,slow,light,20260810_141717,True
1525236,0.0819,0.0663,0.9672,1525.236,500000,0.027299999999999998,0.017549999999999996,0.058499999999999996,0.06689949551379291,tap2,slow,light,20260810_141717,True
1527753,0.0663,0.0585,0.9867,1527.753,500000,0.011699999999999995,0.009750000000000002,0.07800000000000007,0.0794729671020279,tap2,slow,light,20260810_141717,True
1530234,0.0546,0.0507,0.9945,1530.234,500000,0.0,0.0019500000000000003,0.0858000000000001,0.08582215623019511,tap2,slow,light,20260810_141717,True
1532755,0.039,0.0312,1.0023,1532.755,500000,-0.015600000000000003,-0.017550000000000003,0.09360000000000002,0.09650037564693727,tap2,slow,light,20260810_141717,True
1535253,0.0312,0.0273,1.0179,1535.253,500000,-0.023400000000000004,-0.02145,0.10920000000000007,0.11372028183222208,tap2,slow,light,20260810_141717,True
1537731,0.0273,0.0312,1.0218,1537.731,500000,-0.0273,-0.017550000000000003,0.11310000000000009,0.11766436376405569,tap2,slow,light,20260810_141717,True
1540245,0.039,0.0273,1.014,1540.245,500000,-0.015600000000000003,-0.02145,0.10530000000000006,0.10858891518014172,tap2,slow,light,20260810_141717,True
1542753,0.0351,0.0351,1.0062,1542.753,500000,-0.019500000000000003,-0.013650000000000002,0.09750000000000003,0.10036345201317064,tap2,slow,light,20260810_141717,True
1545255,0.0312,0.0507,0.9906,1545.255,500000,-0.023400000000000004,0.0019500000000000003,0.08190000000000008,0.08519960387231865,tap2,slow,light,20260810_141717,True
1547738,0.0429,0.0468,0.9789,1547.738,500000,-0.011700000000000002,-0.0019500000000000003,0.07020000000000004,0.07119503142776192,tap2,slow,light,20260810_141717,True
1550243,0.0585,0.0468,0.9633,1550.243,500000,0.0039000000000000007,-0.0019500000000000003,0.05460000000000009,0.05477383043023383,tap2,slow,light,20260810_141717,True
1552736,0.0702,0.0663,0.9594,1552.736,500000,0.015599999999999996,0.017549999999999996,0.05070000000000008,0.05587354024938824,tap2,slow,light,20260810_141717,True
1555234,0.0702,0.0585,0.9672,1555.234,500000,0.015599999999999996,0.009750000000000002,0.058499999999999996,0.06132432225471391,tap2,slow,light,20260810_141717,True
1557745,0.0624,0.0624,0.9594,1557.745,500000,0.0077999999999999944,0.013649999999999995,0.05070000000000008,0.053081564596383246,tap2,slow,light,20260810_141717,True
1560226,0.0624,0.0507,0.9633,1560.226,500000,0.0077999999999999944,0.0019500000000000003,0.05460000000000009,0.05518878962253122,tap2,slow,light,20260810_141717,True
1562754,0.0585,0.0585,0.975,1562.754,500000,0.0039000000000000007,0.009750000000000002,0.06630000000000003,0.0671264664644282,tap2,slow,light,20260810_141717,True
1565238,0.0507,0.0468,0.9828,1565.238,500000,-0.0039000000000000007,-0.0019500000000000003,0.07410000000000005,0.07422817861162975,tap2,slow,light,20260810_141717,True
1567727,0.0429,0.0429,0.9789,1567.727,500000,-0.011700000000000002,-0.005850000000000001,0.07020000000000004,0.0714083503520422,tap2,slow,light,20260810_141717,True
1570245,0.0429,0.039,0.9867,1570.245,500000,-0.011700000000000002,-0.009750000000000002,0.07800000000000007,0.0794729671020279,tap2,slow,light,20260810_141717,True
1572741,0.0429,0.039,0.9945,1572.741,500000,-0.011700000000000002,-0.009750000000000002,0.0858000000000001,0.08714122158886699,tap2,slow,light,20260810_141717,True
1575242,0.0429,0.0312,0.9867,1575.242,500000,-0.011700000000000002,-0.017550000000000003,0.07800000000000007,0.08080156248489265,tap2,slow,light,20260810_141717,True
1577750,0.0507,0.039,0.9789,1577.75,500000,-0.0039000000000000007,-0.009750000000000002,0.07020000000000004,0.0709810714204851,tap2,slow,light,20260810_141717,True
1580231,0.0507,0.0468,0.9633,1580.231,500000,-0.0039000000000000007,-0.0019500000000000003,0.05460000000000009,0.05477383043023383,tap2,slow,light,20260810_141717,True
1582755,0.0546,0.0507,0.9555,1582.755,500000,0.0,0.0019500000000000003,0.046800000000000064,0.04684060738291089,tap2,slow,light,20260810_141717,True
1585229,0.0585,0.0507,0.9594,1585.229,500000,0.0039000000000000007,0.0019500000000000003,0.05070000000000008,0.05088715456772964,tap2,slow,light,20260810_141717,True
1587740,0.0624,0.0546,0.9594,1587.74,500000,0.0077999999999999944,0.005850000000000001,0.05070000000000008,0.05162898895000761,tap2,slow,light,20260810_141717,True
1590227,0.0663,0.0507,0.9594,1590.227,500000,0.011699999999999995,0.0019500000000000003,0.05070000000000008,0.052069016698992956,tap2,slow,light,20260810_141717,True
1592755,0.0624,0.0585,0.9711,1592.755,500000,0.0077999999999999944,0.009750000000000002,0.06240000000000001,0.06363695860111482,tap2,slow,light,20260810_141717,True
1595253,0.0624,0.0468,0.9672,1595.253,500000,0.0077999999999999944,-0.0019500000000000003,0.058499999999999996,0.059049915325934205,tap2,slow,light,20260810_141717,True
1597733,0.0507,0.0468,0.9672,1597.733,500000,-0.0039000000000000007,-0.0019500000000000003,0.058499999999999996,0.05866227493031616,tap2,slow,light,20260810_141717,True
1600249,0.0468,0.0507,0.9594,1600.249,500000,-0.007800000000000001,0.0019500000000000003,0.05070000000000008,0.05133354166624399,tap2,slow,light,20260810_141717,True
1602740,0.0468,0.039,0.9711,1602.74,500000,-0.007800000000000001,-0.009750000000000002,0.06240000000000001,0.06363695860111482,tap2,slow,light,20260810_141717,True
1605237,0.0507,0.0429,0.9633,1605.237,500000,-0.0039000000000000007,-0.005850000000000001,0.05460000000000009,0.055050817432623196,tap2,slow,light,20260810_141717,True
1607748,0.0546,0.0429,0.9633,1607.748,500000,0.0,-0.005850000000000001,0.05460000000000009,0.054912498577282115,tap2,slow,light,20260810_141717,True
1610242,0.0546,0.0429,0.9633,1610.242,500000,0.0,-0.005850000000000001,0.05460000000000009,0.054912498577282115,tap2,slow,light,20260810_141717,True
1612740,0.0507,0.039,0.9711,1612.74,500000,-0.0039000000000000007,-0.009750000000000002,0.06240000000000001,0.06327742488439303,tap2,slow,light,20260810_141717,True
1615238,0.0546,0.0429,0.9555,1615.238,500000,0.0,-0.005850000000000001,0.046800000000000064,0.04716420782754658,tap2,slow,light,20260810_141717,True
1617748,0.0585,0.0507,0.9516,1617.748,500000,0.0039000000000000007,0.0019500000000000003,0.04290000000000005,0.043121021555617214,tap2,slow,light,20260810_141717,True
1620229,0.0585,0.0507,0.9399,1620.229,500000,0.0039000000000000007,0.0019500000000000003,0.031200000000000006,0.03150321412173685,tap2,slow,light,20260810_141717,True
1622726,0.0585,0.0507,0.9477,1622.726,500000,0.0039000000000000007,0.0019500000000000003,0.039000000000000035,0.039242993005121345,tap2,slow,light,20260810_141717,True
1625228,0.0546,0.0546,0.9594,1625.228,500000,0.0,0.005850000000000001,0.05070000000000008,0.051036384080379436,tap2,slow,light,20260810_141717,True
1627755,0.0546,0.0546,0.9594,1627.755,500000,0.0,0.005850000000000001,0.05070000000000008,0.051036384080379436,tap2,slow,light,20260810_141717,True
1630246,0.0468,0.0546,0.9516,1630.246,500000,-0.007800000000000001,0.005850000000000001,0.04290000000000005,0.04399400527344611,tap2,slow,light,20260810_141717,True
1632742,0.0585,0.0507,0.9477,1632.742,500000,0.0039000000000000007,0.0019500000000000003,0.039000000000000035,0.039242993005121345,tap2,slow,light,20260810_141717,True
1635238,0.0507,0.0468,0.9555,1635.238,500000,-0.0039000000000000007,-0.0019500000000000003,0.046800000000000064,0.04700268609345647,tap2,slow,light,20260810_141717,True
1637749,0.0507,0.0351,0.975,1637.749,500000,-0.0039000000000000007,-0.013650000000000002,0.06630000000000003,0.06780282073778349,tap2,slow,light,20260810_141717,True
1640232,0.0429,0.0468,0.9555,1640.232,500000,-0.011700000000000002,-0.0019500000000000003,0.046800000000000064,0.04827973177224586,tap2,slow,light,20260810_141717,True
1642727,0.0546,0.0351,0.9672,1642.727,500000,0.0,-0.013650000000000002,0.058499999999999996,0.06007139502292251,tap2,slow,light,20260810_141717,True
1645248,0.0546,0.039,0.9516,1645.248,500000,0.0,-0.009750000000000002,0.04290000000000005,0.04399400527344611,tap2,slow,light,20260810_141717,True
1647736,0.0429,0.0429,0.9477,1647.736,500000,-0.011700000000000002,-0.005850000000000001,0.039000000000000035,0.04113529506397156,tap2,slow,light,20260810_141717,True
1650243,0.0546,0.0468,0.9555,1650.243,500000,0.0,-0.0019500000000000003,0.046800000000000064,0.04684060738291089,tap2,slow,light,20260810_141717,True
1652741,0.0546,0.0468,0.9516,1652.741,500000,0.0,-0.0019500000000000003,0.04290000000000005,0.04294429531381327,tap2,slow,light,20260810_141717,True
1655239,0.0546,0.0507,0.9438,1655.239,500000,0.0,0.0019500000000000003,0.03510000000000002,0.03515412493577392,tap2,slow,light,20260810_141717,True
1657749,0.0468,0.0468,0.9477,1657.749,500000,-0.007800000000000001,-0.0019500000000000003,0.039000000000000035,0.0398201268204912,tap2,slow,light,20260810_141717,True
1660232,0.0507,0.0429,0.9477,1660.232,500000,-0.0039000000000000007,-0.005850000000000001,0.039000000000000035,0.039628682794158106,tap2,slow,light,20260810_141717,True
1662755,0.0429,0.0507,0.9438,1662.755,500000,-0.011700000000000002,0.0019500000000000003,0.03510000000000002,0.03705000000000002,tap2,slow,light,20260810_141717,True
1665233,0.0468,0.0468,0.9516,1665.233,500000,-0.007800000000000001,-0.0019500000000000003,0.04290000000000005,0.04364690710691886,tap2,slow,light,20260810_141717,True
1667732,0.0507,0.0468,0.9594,1667.732,500000,-0.0039000000000000007,-0.0019500000000000003,0.05070000000000008,0.05088715456772964,tap2,slow,light,20260810_141717,True
1670254,0.0429,0.0507,0.9555,1670.254,500000,-0.011700000000000002,0.0019500000000000003,0.046800000000000064,0.04827973177224586,tap2,slow,light,20260810_141717,True
1672740,0.0507,0.0429,0.9477,1672.74,500000,-0.0039000000000000007,-0.005850000000000001,0.039000000000000035,0.039628682794158106,tap2,slow,light,20260810_141717,True
1675227,0.0468,0.0429,0.9438,1675.227,500000,-0.007800000000000001,-0.005850000000000001,0.03510000000000002,0.03642900629992536,tap2,slow,light,20260810_141717,True
1677741,0.0468,0.0429,0.9438,1677.741,500000,-0.007800000000000001,-0.005850000000000001,0.03510000000000002,0.03642900629992536,tap2,slow,light,20260810_141717,True
1680256,0.0546,0.0468,0.9438,1680.256,500000,0.0,-0.0019500000000000003,0.03510000000000002,0.03515412493577392,tap2,slow,light,20260810_141717,True
1682746,0.0468,0.0429,0.9477,1682.746,500000,-0.007800000000000001,-0.005850000000000001,0.039000000000000035,0.04020027984977222,tap2,slow,light,20260810_141717,True
1685253,0.0546,0.0507,0.9399,1685.253,500000,0.0,0.0019500000000000003,0.031200000000000006,0.03126087810666873,tap2,slow,light,20260810_141717,True
1687732,0.0507,0.0546,0.9438,1687.732,500000,-0.0039000000000000007,0.005850000000000001,0.03510000000000002,0.03579724151383737,tap2,slow,light,20260810_141717,True
1690250,0.0507,0.0546,0.9477,1690.25,500000,-0.0039000000000000007,0.005850000000000001,0.039000000000000035,0.039628682794158106,tap2,slow,light,20260810_141717,True
1692740,0.0624,0.0468,0.9399,1692.74,500000,0.0077999999999999944,-0.0019500000000000003,0.031200000000000006,0.0322192877016237,tap2,slow,light,20260810_141717,True
1695238,0.0468,0.0546,0.9516,1695.238,500000,-0.007800000000000001,0.005850000000000001,0.04290000000000005,0.04399400527344611,tap2,slow,light,20260810_141717,True
1697748,0.0507,0.0507,0.9516,1697.748,500000,-0.0039000000000000007,0.0019500000000000003,0.04290000000000005,0.043121021555617214,tap2,slow,light,20260810_141717,True
1700233,0.0507,0.0429,0.9399,1700.233,500000,-0.0039000000000000007,-0.005850000000000001,0.031200000000000006,0.03198237796037062,tap2,slow,light,20260810_141717,True
1702755,0.0546,0.0468,0.9477,1702.755,500000,0.0,-0.0019500000000000003,0.039000000000000035,0.039048719569276566,tap2,slow,light,20260810_141717,True
1705253,0.0507,0.0429,0.9438,1705.253,500000,-0.0039000000000000007,-0.005850000000000001,0.03510000000000002,0.03579724151383737,tap2,slow,light,20260810_141717,True
1707732,0.0468,0.0468,0.9594,1707.732,500000,-0.007800000000000001,-0.0019500000000000003,0.05070000000000008,0.05133354166624399,tap2,slow,light,20260810_141717,True
1710244,0.0507,0.0507,0.9438,1710.244,500000,-0.0039000000000000007,0.0019500000000000003,0.03510000000000002,0.035369796437073275,tap2,slow,light,20260810_141717,True
1712740,0.0507,0.0507,0.9438,1712.74,500000,-0.0039000000000000007,0.0019500000000000003,0.03510000000000002,0.035369796437073275,tap2,slow,light,20260810_141717,True
1715236,0.0468,0.0585,0.9438,1715.236,500000,-0.007800000000000001,0.009750000000000002,0.03510000000000002,0.03725469769035848,tap2,slow,light,20260810_141717,True
1717747,0.0507,0.0507,0.9516,1717.747,500000,-0.0039000000000000007,0.0019500000000000003,0.04290000000000005,0.043121021555617214,tap2,slow,light,20260810_141717,True
1720227,0.0468,0.0468,0.936,1720.227,500000,-0.007800000000000001,-0.0019500000000000003,0.027300000000000102,0.028459313062686623,tap2,slow,light,20260810_141717,True
1722755,0.0507,0.0429,0.9438,1722.755,500000,-0.0039000000000000007,-0.005850000000000001,0.03510000000000002,0.03579724151383737,tap2,slow,light,20260810_141717,True
1725227,0.0546,0.0429,0.9477,1725.227,500000,0.0,-0.005850000000000001,0.039000000000000035,0.03943630941150557,tap2,slow,light,20260810_141717,True
1727740,0.0624,0.0546,0.9438,1727.74,500000,0.0077999999999999944,0.005850000000000001,0.03510000000000002,0.036429006299925355,tap2,slow,light,20260810_141717,True
1730238,0.0507,0.0585,0.9399,1730.238,500000,-0.0039000000000000007,0.009750000000000002,0.031200000000000006,0.03291978888146156,tap2,slow,light,20260810_141717,True
1732728,0.0546,0.0507,0.936,1732.728,500000,0.0,0.0019500000000000003,0.027300000000000102,0.02736955425285559,tap2,slow,light,20260810_141717,True
1735254,0.0468,0.0507,0.9438,1735.254,500000,-0.007800000000000001,0.0019500000000000003,0.03510000000000002,0.03600906135960783,tap2,slow,light,20260810_141717,True
1737735,0.0507,0.0468,0.9399,1737.735,500000,-0.0039000000000000007,-0.0019500000000000003,0.031200000000000006,0.03150321412173685,tap2,slow,light,20260810_141717,True
1740245,0.0507,0.0507,0.9321,1740.245,500000,-0.0039000000000000007,0.0019500000000000003,0.023400000000000087,0.023802783450680806,tap2,slow,light,20260810_141717,True
1742745,0.0546,0.0429,0.9399,1742.745,500000,0.0,-0.005850000000000001,0.031200000000000006,0.03174370016239443,tap2,slow,light,20260810_141717,True
1745235,0.0468,0.0507,0.9321,1745.235,500000,-0.007800000000000001,0.0019500000000000003,0.023400000000000087,0.024742726203876648,tap2,slow,light,20260810_141717,True
1747753,0.0507,0.0507,0.936,1747.753,500000,-0.0039000000000000007,0.0019500000000000003,0.027300000000000102,0.02764602141357786,tap2,slow,light,20260810_141717,True
1750243,0.0468,0.0468,0.9399,1750.243,500000,-0.007800000000000001,-0.0019500000000000003,0.031200000000000006,0.0322192877016237,tap2,slow,light,20260810_141717,True
1752727,0.0546,0.0507,0.9438,1752.727,500000,0.0,0.0019500000000000003,0.03510000000000002,0.03515412493577392,tap2,slow,light,20260810_141717,True
1755255,0.0507,0.0546,0.936,1755.255,500000,-0.0039000000000000007,0.005850000000000001,0.027300000000000102,0.028190822974861973,tap2,slow,light,20260810_141717,True
1757734,0.0507,0.0429,0.9399,1757.734,500000,-0.0039000000000000007,-0.005850000000000001,0.031200000000000006,0.03198237796037062,tap2,slow,light,20260810_141717,True
1760255,0.0546,0.0507,0.936,1760.255,500000,0.0,0.0019500000000000003,0.027300000000000102,0.02736955425285559,tap2,slow,light,20260810_141717,True
1762745,0.0507,0.0468,0.9438,1762.745,500000,-0.0039000000000000007,-0.0019500000000000003,0.03510000000000002,0.035369796437073275,tap2,slow,light,20260810_141717,True
1765247,0.0546,0.039,0.9399,1765.247,500000,0.0,-0.009750000000000002,0.031200000000000006,0.032687956497768414,tap2,slow,light,20260810_141717,True
1767737,0.0546,0.0507,0.9399,1767.737,500000,0.0,0.0019500000000000003,0.031200000000000006,0.03126087810666873,tap2,slow,light,20260810_141717,True
1770256,0.0507,0.0429,0.9438,1770.256,500000,-0.0039000000000000007,-0.005850000000000001,0.03510000000000002,0.03579724151383737,tap2,slow,light,20260810_141717,True
1772747,0.0546,0.0429,0.9399,1772.747,500000,0.0,-0.005850000000000001,0.031200000000000006,0.03174370016239443,tap2,slow,light,20260810_141717,True
1775248,0.0585,0.0429,0.9282,1775.248,500000,0.0039000000000000007,-0.005850000000000001,0.019500000000000073,0.020728784334832634,tap2,slow,light,20260810_141717,True
1777727,0.0507,0.039,0.936,1777.727,500000,-0.0039000000000000007,-0.009750000000000002,0.027300000000000102,0.029250000000000095,tap2,slow,light,20260810_141717,True
1780240,0.0585,0.0429,0.9321,1780.24,500000,0.0039000000000000007,-0.005850000000000001,0.023400000000000087,0.024433429967976338,tap2,slow,light,20260810_141717,True
1782740,0.0546,0.0429,0.9282,1782.74,500000,0.0,-0.005850000000000001,0.019500000000000073,0.020358597692375642,tap2,slow,light,20260810_141717,True
1785243,0.0468,0.0468,0.9399,1785.243,500000,-0.007800000000000001,-0.0019500000000000003,0.031200000000000006,0.0322192877016237,tap2,slow,light,20260810_141717,True
1787753,0.0546,0.0429,0.9282,1787.753,500000,0.0,-0.005850000000000001,0.019500000000000073,0.020358597692375642,tap2,slow,light,20260810_141717,True
1790240,0.0546,0.0429,0.9321,1790.24,500000,0.0,-0.005850000000000001,0.023400000000000087,0.0241201679098634,tap2,slow,light,20260810_141717,True
1792740,0.0585,0.0507,0.9438,1792.74,500000,0.0039000000000000007,0.0019500000000000003,0.03510000000000002,0.035369796437073275,tap2,slow,light,20260810_141717,True
1795235,0.0429,0.0468,0.9438,1795.235,500000,-0.011700000000000002,-0.0019500000000000003,0.03510000000000002,0.03705000000000002,tap2,slow,light,20260810_141717,True
1797746,0.0507,0.0468,0.9321,1797.746,500000,-0.0039000000000000007,-0.0019500000000000003,0.023400000000000087,0.023802783450680806,tap2,slow,light,20260810_141717,True
1800233,0.0507,0.0468,0.936,1800.233,500000,-0.0039000000000000007,-0.0019500000000000003,0.027300000000000102,0.02764602141357786,tap2,slow,light,20260810_141717,True
1802726,0.0507,0.039,0.9282,1802.726,500000,-0.0039000000000000007,-0.009750000000000002,0.019500000000000073,0.022147742548621133,tap2,slow,light,20260810_141717,True
1805238,0.0585,0.0468,0.9282,1805.238,500000,0.0039000000000000007,-0.0019500000000000003,0.019500000000000073,0.01998155399362129,tap2,slow,light,20260810_141717,True
1807753,0.0585,0.0429,0.9399,1807.753,500000,0.0039000000000000007,-0.005850000000000001,0.031200000000000006,0.03198237796037062,tap2,slow,light,20260810_141717,True
1810240,0.0546,0.0507,0.9438,1810.24,500000,0.0,0.0019500000000000003,0.03510000000000002,0.03515412493577392,tap2,slow,light,20260810_141717,True
1812737,0.0546,0.0507,0.9438,1812.737,500000,0.0,0.0019500000000000003,0.03510000000000002,0.03515412493577392,tap2,slow,light,20260810_141717,True
1815234,0.0546,0.0429,0.9321,1815.234,500000,0.0,-0.005850000000000001,0.023400000000000087,0.0241201679098634,tap2,slow,light,20260810_141717,True
1817746,0.0468,0.039,0.936,1817.746,500000,-0.007800000000000001,-0.009750000000000002,0.027300000000000102,0.030019868420764366,tap2,slow,light,20260810_141717,True
1820229,0.0507,0.039,0.9399,1820.229,500000,-0.0039000000000000007,-0.009750000000000002,0.031200000000000006,0.03291978888146156,tap2,slow,light,20260810_141717,True
1822756,0.0585,0.0507,0.9438,1822.756,500000,0.0039000000000000007,0.0019500000000000003,0.03510000000000002,0.035369796437073275,tap2,slow,light,20260810_141717,True
1825226,0.0468,0.0468,0.9438,1825.226,500000,-0.007800000000000001,-0.0019500000000000003,0.03510000000000002,0.03600906135960783,tap2,slow,light,20260810_141717,True
1827737,0.0507,0.0507,0.936,1827.737,500000,-0.0039000000000000007,0.0019500000000000003,0.027300000000000102,0.02764602141357786,tap2,slow,light,20260810_141717,True
1830250,0.0507,0.0546,0.9516,1830.25,500000,-0.0039000000000000007,0.005850000000000001,0.04290000000000005,0.04347231877873556,tap2,slow,light,20260810_141717,True
1832741,0.0507,0.0351,0.9399,1832.741,500000,-0.0039000000000000007,-0.013650000000000002,0.031200000000000006,0.03427787187093155,tap2,slow,light,20260810_141717,True
1835227,0.0507,0.0507,0.936,1835.227,500000,-0.0039000000000000007,0.0019500000000000003,0.027300000000000102,0.02764602141357786,tap2,slow,light,20260810_141717,True
1837735,0.0468,0.0429,0.9399,1837.735,500000,-0.007800000000000001,-0.005850000000000001,0.031200000000000006,0.032687956497768414,tap2,slow,light,20260810_141717,True
1840247,0.0507,0.0468,0.9321,1840.247,500000,-0.0039000000000000007,-0.0019500000000000003,0.023400000000000087,0.023802783450680806,tap2,slow,light,20260810_141717,True
1842746,0.0507,0.0429,0.9555,1842.746,500000,-0.0039000000000000007,-0.005850000000000001,0.046800000000000064,0.04732517828809529,tap2,slow,light,20260810_141717,True
1845250,0.039,0.0585,0.9321,1845.25,500000,-0.015600000000000003,0.009750000000000002,0.023400000000000087,0.02976545816882388,tap2,slow,light,20260810_141717,True
1847737,0.0507,0.0468,0.936,1847.737,500000,-0.0039000000000000007,-0.0019500000000000003,0.027300000000000102,0.02764602141357786,tap2,slow,light,20260810_141717,True
1850246,0.0507,0.0468,0.9282,1850.246,500000,-0.0039000000000000007,-0.0019500000000000003,0.019500000000000073,0.01998155399362129,tap2,slow,light,20260810_141717,True
1852741,0.0429,0.0507,0.9282,1852.741,500000,-0.011700000000000002,0.0019500000000000003,0.019500000000000073,0.022824164825903333,tap2,slow,light,20260810_141717,True
1855238,0.0546,0.0507,0.936,1855.238,500000,0.0,0.0019500000000000003,0.027300000000000102,0.02736955425285559,tap2,slow,light,20260810_141717,True
1857749,0.0507,0.0546,0.9282,1857.749,500000,-0.0039000000000000007,0.005850000000000001,0.019500000000000073,0.020728784334832634,tap2,slow,light,20260810_141717,True
1860231,0.0468,0.0429,0.936,1860.231,500000,-0.007800000000000001,-0.005850000000000001,0.027300000000000102,0.028988834057271182,tap2,slow,light,20260810_141717,True
1862754,0.0546,0.0546,0.9321,1862.754,500000,0.0,0.005850000000000001,0.023400000000000087,0.0241201679098634,tap2,slow,light,20260810_141717,True
1865232,0.0507,0.0546,0.936,1865.232,500000,-0.0039000000000000007,0.005850000000000001,0.027300000000000102,0.028190822974861973,tap2,slow,light,20260810_141717,True
1867753,0.039,0.0468,0.9321,1867.753,500000,-0.015600000000000003,-0.0019500000000000003,0.023400000000000087,0.028190822974861945,tap2,slow,light,20260810_141717,True
1870255,0.0507,0.0468,0.9321,1870.255,500000,-0.0039000000000000007,-0.0019500000000000003,0.023400000000000087,0.023802783450680806,tap2,slow,light,20260810_141717,True
1872749,0.0507,0.0429,0.9321,1872.749,500000,-0.0039000000000000007,-0.005850000000000001,0.023400000000000087,0.024433429967976338,tap2,slow,light,20260810_141717,True
1875249,0.0546,0.0507,0.936,1875.249,500000,0.0,0.0019500000000000003,0.027300000000000102,0.02736955425285559,tap2,slow,light,20260810_141717,True
1877727,0.0507,0.0468,0.9399,1877.727,500000,-0.0039000000000000007,-0.0019500000000000003,0.031200000000000006,0.03150321412173685,tap2,slow,light,20260810_141717,True
1880244,0.0468,0.0468,0.9282,1880.244,500000,-0.007800000000000001,-0.0019500000000000003,0.019500000000000073,0.021092474961464405,tap2,slow,light,20260810_141717,True
1882743,0.0507,0.0429,0.9243,1882.743,500000,-0.0039000000000000007,-0.005850000000000001,0.015600000000000058,0.017111180555414694,tap2,slow,light,20260810_141717,True
1885246,0.0507,0.0468,0.9243,1885.246,500000,-0.0039000000000000007,-0.0019500000000000003,0.015600000000000058,0.0161979165326903,tap2,slow,light,20260810_141717,True
1887752,0.0429,0.0468,0.9204,1887.752,500000,-0.011700000000000002,-0.0019500000000000003,0.011700000000000044,0.01666080730336922,tap2,slow,light,20260810_141717,True
1890240,0.0429,0.0468,0.9282,1890.24,500000,-0.011700000000000002,-0.0019500000000000003,0.019500000000000073,0.022824164825903333,tap2,slow,light,20260810_141717,True
1892737,0.0507,0.039,0.9321,1892.737,500000,-0.0039000000000000007,-0.009750000000000002,0.023400000000000087,0.025648245554033597,tap2,slow,light,20260810_141717,True
1895235,0.0507,0.0429,0.936,1895.235,500000,-0.0039000000000000007,-0.005850000000000001,0.027300000000000102,0.028190822974861973,tap2,slow,light,20260810_141717,True
1897746,0.0468,0.0468,0.9282,1897.746,500000,-0.007800000000000001,-0.0019500000000000003,0.019500000000000073,0.021092474961464405,tap2,slow,light,20260810_141717,True
1900232,0.0546,0.039,0.936,1900.232,500000,0.0,-0.009750000000000002,0.027300000000000102,0.028988834057271182,tap2,slow,light,20260810_141717,True
1902731,0.0585,0.0507,0.9282,1902.731,500000,0.0039000000000000007,0.0019500000000000003,0.019500000000000073,0.01998155399362129,tap2,slow,light,20260810_141717,True
1905229,0.0507,0.0507,0.9282,1905.229,500000,-0.0039000000000000007,0.0019500000000000003,0.019500000000000073,0.01998155399362129,tap2,slow,light,20260810_141717,True
1907740,0.0507,0.0429,0.9243,1907.74,500000,-0.0039000000000000007,-0.005850000000000001,0.015600000000000058,0.017111180555414694,tap2,slow,light,20260810_141717,True
1910250,0.0468,0.0468,0.936,1910.25,500000,-0.007800000000000001,-0.0019500000000000003,0.027300000000000102,0.028459313062686623,tap2,slow,light,20260810_141717,True
1912745,0.0585,0.0429,0.9321,1912.745,500000,0.0039000000000000007,-0.005850000000000001,0.023400000000000087,0.024433429967976338,tap2,slow,light,20260810_141717,True
1915252,0.0507,0.0429,0.9243,1915.252,500000,-0.0039000000000000007,-0.005850000000000001,0.015600000000000058,0.017111180555414694,tap2,slow,light,20260810_141717,True
1917730,0.0507,0.0429,0.9243,1917.73,500000,-0.0039000000000000007,-0.005850000000000001,0.015600000000000058,0.017111180555414694,tap2,slow,light,20260810_141717,True
1920244,0.0507,0.0468,0.9321,1920.244,500000,-0.0039000000000000007,-0.0019500000000000003,0.023400000000000087,0.023802783450680806,tap2,slow,light,20260810_141717,True
1922736,0.0546,0.0468,0.9282,1922.736,500000,0.0,-0.0019500000000000003,0.019500000000000073,0.019597257461185808,tap2,slow,light,20260810_141717,True
1925241,0.0546,0.0468,0.936,1925.241,500000,0.0,-0.0019500000000000003,0.027300000000000102,0.02736955425285559,tap2,slow,light,20260810_141717,True
1927752,0.0546,0.0429,0.9282,1927.752,500000,0.0,-0.005850000000000001,0.019500000000000073,0.020358597692375642,tap2,slow,light,20260810_141717,True
1930236,0.0546,0.0468,0.9243,1930.236,500000,0.0,-0.0019500000000000003,0.015600000000000058,0.01572140260918223,tap2,slow,light,20260810_141717,True
1932731,0.0468,0.0585,0.9321,1932.731,500000,-0.007800000000000001,0.009750000000000002,0.023400000000000087,0.026522867492034193,tap2,slow,light,20260810_141717,True
1935229,0.0585,0.0468,0.9243,1935.229,500000,0.0039000000000000007,-0.0019500000000000003,0.015600000000000058,0.0161979165326903,tap2,slow,light,20260810_141717,True
1937742,0.0585,0.0507,0.9243,1937.742,500000,0.0039000000000000007,0.0019500000000000003,0.015600000000000058,0.0161979165326903,tap2,slow,light,20260810_141717,True
1940228,0.0546,0.039,0.9243,1940.228,500000,0.0,-0.009750000000000002,0.015600000000000058,0.01839626320751043,tap2,slow,light,20260810_141717,True
1942726,0.0585,0.0468,0.9399,1942.726,500000,0.0039000000000000007,-0.0019500000000000003,0.031200000000000006,0.03150321412173685,tap2,slow,light,20260810_141717,True
1945226,0.0546,0.0468,0.936,1945.226,500000,0.0,-0.0019500000000000003,0.027300000000000102,0.02736955425285559,tap2,slow,light,20260810_141717,True
1947752,0.0585,0.0429,0.9399,1947.752,500000,0.0039000000000000007,-0.005850000000000001,0.031200000000000006,0.03198237796037062,tap2,slow,light,20260810_141717,True
1950227,0.0585,0.0468,0.9282,1950.227,500000,0.0039000000000000007,-0.0019500000000000003,0.019500000000000073,0.01998155399362129,tap2,slow,light,20260810_141717,True
1952755,0.0624,0.0468,0.9321,1952.755,500000,0.0077999999999999944,-0.0019500000000000003,0.023400000000000087,0.024742726203876644,tap2,slow,light,20260810_141717,True
1955252,0.0507,0.0507,0.9321,1955.252,500000,-0.0039000000000000007,0.0019500000000000003,0.023400000000000087,0.023802783450680806,tap2,slow,light,20260810_141717,True
1957733,0.0468,0.0507,0.9243,1957.733,500000,-0.007800000000000001,0.0019500000000000003,0.015600000000000058,0.01755000000000005,tap2,slow,light,20260810_141717,True
1960245,0.0585,0.0429,0.9243,1960.245,500000,0.0039000000000000007,-0.005850000000000001,0.015600000000000058,0.017111180555414694,tap2,slow,light,20260810_141717,True
1962743,0.0546,0.0507,0.9321,1962.743,500000,0.0,0.0019500000000000003,0.023400000000000087,0.023481109428645064,tap2,slow,light,20260810_141717,True
1965253,0.0468,0.0585,0.9243,1965.253,500000,-0.007800000000000001,0.009750000000000002,0.015600000000000058,0.019981553993621264,tap2,slow,light,20260810_141717,True
1967741,0.0546,0.0468,0.9321,1967.741,500000,0.0,-0.0019500000000000003,0.023400000000000087,0.023481109428645064,tap2,slow,light,20260810_141717,True
1970228,0.0429,0.0546,0.936,1970.228,500000,-0.011700000000000002,0.005850000000000001,0.027300000000000102,0.030272140657707138,tap2,slow,light,20260810_141717,True
1972756,0.0468,0.039,0.9399,1972.756,500000,-0.007800000000000001,-0.009750000000000002,0.031200000000000006,0.03360569148224747,tap2,slow,light,20260810_141717,True
1975227,0.0468,0.0507,0.936,1975.227,500000,-0.007800000000000001,0.0019500000000000003,0.027300000000000102,0.028459313062686623,tap2,slow,light,20260810_141717,True
1977741,0.0585,0.0429,0.9243,1977.741,500000,0.0039000000000000007,-0.005850000000000001,0.015600000000000058,0.017111180555414694,tap2,slow,light,20260810_141717,True
1980253,0.0546,0.0468,0.936,1980.253,500000,0.0,-0.0019500000000000003,0.027300000000000102,0.02736955425285559,tap2,slow,light,20260810_141717,True
1982747,0.0468,0.0468,0.9282,1982.747,500000,-0.007800000000000001,-0.0019500000000000003,0.019500000000000073,0.021092474961464405,tap2,slow,light,20260810_141717,True
1985250,0.0468,0.0546,0.936,1985.25,500000,-0.007800000000000001,0.005850000000000001,0.027300000000000102,0.028988834057271182,tap2,slow,light,20260810_141717,True
1987729,0.0468,0.0507,0.936,1987.729,500000,-0.007800000000000001,0.0019500000000000003,0.027300000000000102,0.028459313062686623,tap2,slow,light,20260810_141717,True
1990246,0.0507,0.0468,0.9321,1990.246,500000,-0.0039000000000000007,-0.0019500000000000003,0.023400000000000087,0.023802783450680806,tap2,slow,light,20260810_141717,True
1992739,0.0468,0.0468,0.9321,1992.739,500000,-0.007800000000000001,-0.0019500000000000003,0.023400000000000087,0.024742726203876648,tap2,slow,light,20260810_141717,True
1995235,0.0468,0.0468,0.9282,1995.235,500000,-0.007800000000000001,-0.0019500000000000003,0.019500000000000073,0.021092474961464405,tap2,slow,light,20260810_141717,True
1997746,0.0429,0.0429,0.9321,1997.746,500000,-0.011700000000000002,-0.005850000000000001,0.023400000000000087,0.02680806781549174,tap2,slow,light,20260810_141717,True
2000230,0.0585,0.0429,0.9321,2000.23,500000,0.0039000000000000007,-0.005850000000000001,0.023400000000000087,0.024433429967976338,tap2,slow,light,20260810_141717,True
2002738,0.0468,0.0507,0.9282,2002.738,500000,-0.007800000000000001,0.0019500000000000003,0.019500000000000073,0.021092474961464405,tap2,slow,light,20260810_141717,True
2005240,0.0546,0.0468,0.9243,2005.24,500000,0.0,-0.0019500000000000003,0.015600000000000058,0.01572140260918223,tap2,slow,light,20260810_141717,True
2007750,0.0468,0.0429,0.9282,2007.75,500000,-0.007800000000000001,-0.005850000000000001,0.019500000000000073,0.021801662780623014,tap2,slow,light,20260810_141717,True
2010234,0.0507,0.0468,0.9204,2010.234,500000,-0.0039000000000000007,-0.0019500000000000003,0.011700000000000044,0.012486092262994096,tap2,slow,light,20260810_141717,True
2012732,0.0429,0.0468,0.9321,2012.732,500000,-0.011700000000000002,-0.0019500000000000003,0.023400000000000087,0.026234566891793813,tap2,slow,light,20260810_141717,True
2015230,0.0585,0.0429,0.9243,2015.23,500000,0.0039000000000000007,-0.005850000000000001,0.015600000000000058,0.017111180555414694,tap2,slow,light,20260810_141717,True
2017742,0.0507,0.0468,0.9321,2017.742,500000,-0.0039000000000000007,-0.0019500000000000003,0.023400000000000087,0.023802783450680806,tap2,slow,light,20260810_141717,True
2020253,0.0507,0.0468,0.9321,2020.253,500000,-0.0039000000000000007,-0.0019500000000000003,0.023400000000000087,0.023802783450680806,tap2,slow,light,20260810_141717,True
2022746,0.0507,0.0429,0.9282,2022.746,500000,-0.0039000000000000007,-0.005850000000000001,0.019500000000000073,0.020728784334832634,tap2,slow,light,20260810_141717,True
2025247,0.0546,0.0468,0.9282,2025.247,500000,0.0,-0.0019500000000000003,0.019500000000000073,0.019597257461185808,tap2,slow,light,20260810_141717,True
2027727,0.0624,0.0546,0.9282,2027.727,500000,0.0077999999999999944,0.005850000000000001,0.019500000000000073,0.021801662780623014,tap2,slow,light,20260810_141717,True
2030240,0.0546,0.0429,0.936,2030.24,500000,0.0,-0.005850000000000001,0.027300000000000102,0.02791975107338899,tap2,slow,light,20260810_141717,True
2032731,0.0507,0.0429,0.9321,2032.731,500000,-0.0039000000000000007,-0.005850000000000001,0.023400000000000087,0.024433429967976338,tap2,slow,light,20260810_141717,True
2035228,0.0429,0.0546,0.9282,2035.228,500000,-0.011700000000000002,0.005850000000000001,0.019500000000000073,0.023481109428645036,tap2,slow,light,20260810_141717,True
2037745,0.0429,0.0546,0.9282,2037.745,500000,-0.011700000000000002,0.005850000000000001,0.019500000000000073,0.023481109428645036,tap2,slow,light,20260810_141717,True
2040237,0.0585,0.0468,0.9321,2040.237,500000,0.0039000000000000007,-0.0019500000000000003,0.023400000000000087,0.023802783450680806,tap2,slow,light,20260810_141717,True
2042733,0.0468,0.0507,0.9321,2042.733,500000,-0.007800000000000001,0.0019500000000000003,0.023400000000000087,0.024742726203876648,tap2,slow,light,20260810_141717,True
2045255,0.0468,0.0468,0.9243,2045.255,500000,-0.007800000000000001,-0.0019500000000000003,0.015600000000000058,0.01755000000000005,tap2,slow,light,20260810_141717,True
2047741,0.0468,0.0429,0.9321,2047.741,500000,-0.007800000000000001,-0.005850000000000001,0.023400000000000087,0.02535000000000008,tap2,slow,light,20260810_141717,True
2050248,0.0546,0.0468,0.9282,2050.248,500000,0.0,-0.0019500000000000003,0.019500000000000073,0.019597257461185808,tap2,slow,light,20260810_141717,True
2052746,0.0468,0.0468,0.9321,2052.746,500000,-0.007800000000000001,-0.0019500000000000003,0.023400000000000087,0.024742726203876648,tap2,slow,light,20260810_141717,True
2055244,0.0546,0.0351,0.9282,2055.244,500000,0.0,-0.013650000000000002,0.019500000000000073,0.023802783450680782,tap2,slow,light,20260810_141717,True
2057752,0.0546,0.0429,0.9204,2057.752,500000,0.0,-0.005850000000000001,0.011700000000000044,0.01308099766837381,tap2,slow,light,20260810_141717,True
2060234,0.0507,0.0429,0.9282,2060.234,500000,-0.0039000000000000007,-0.005850000000000001,0.019500000000000073,0.020728784334832634,tap2,slow,light,20260810_141717,True
2062754,0.0546,0.0351,0.9243,2062.754,500000,0.0,-0.013650000000000002,0.015600000000000058,0.020728784334832613,tap2,slow,light,20260810_141717,True
2065238,0.0585,0.0468,0.9243,2065.238,500000,0.0039000000000000007,-0.0019500000000000003,0.015600000000000058,0.0161979165326903,tap2,slow,light,20260810_141717,True
2067747,0.0507,0.0507,0.9321,2067.747,500000,-0.0039000000000000007,0.0019500000000000003,0.023400000000000087,0.023802783450680806,tap2,slow,light,20260810_141717,True
2070241,0.0468,0.0507,0.9165,2070.241,500000,-0.007800000000000001,0.0019500000000000003,0.007800000000000029,0.011201897160749177,tap2,slow,light,20260810_141717,True
2072741,0.0585,0.039,0.9282,2072.741,500000,0.0039000000000000007,-0.009750000000000002,0.019500000000000073,0.022147742548621133,tap2,slow,light,20260810_141717,True
2075230,0.0468,0.0468,0.9321,2075.23,500000,-0.007800000000000001,-0.0019500000000000003,0.023400000000000087,0.024742726203876648,tap2,slow,light,20260810_141717,True
2077752,0.0507,0.0507,0.936,2077.752,500000,-0.0039000000000000007,0.0019500000000000003,0.027300000000000102,0.02764602141357786,tap2,slow,light,20260810_141717,True
2080239,0.0468,0.0468,0.9282,2080.239,500000,-0.007800000000000001,-0.0019500000000000003,0.019500000000000073,0.021092474961464405,tap2,slow,light,20260810_141717,True
2082731,0.0468,0.0429,0.9321,2082.731,500000,-0.007800000000000001,-0.005850000000000001,0.023400000000000087,0.02535000000000008,tap2,slow,light,20260810_141717,True
2085235,0.0507,0.0507,0.9243,2085.235,500000,-0.0039000000000000007,0.0019500000000000003,0.015600000000000058,0.0161979165326903,tap2,slow,light,20260810_141717,True
2087746,0.0507,0.0507,0.9321,2087.746,500000,-0.0039000000000000007,0.0019500000000000003,0.023400000000000087,0.023802783450680806,tap2,slow,light,20260810_141717,True
2090232,0.0546,0.0468,0.9282,2090.232,500000,0.0,-0.0019500000000000003,0.019500000000000073,0.019597257461185808,tap2,slow,light,20260810_141717,True
2092727,0.0546,0.0429,0.9282,2092.727,500000,0.0,-0.005850000000000001,0.019500000000000073,0.020358597692375642,tap2,slow,light,20260810_141717,True
2095255,0.0507,0.0468,0.936,2095.255,500000,-0.0039000000000000007,-0.0019500000000000003,0.027300000000000102,0.02764602141357786,tap2,slow,light,20260810_141717,True
2097735,0.0507,0.0468,0.9321,2097.735,500000,-0.0039000000000000007,-0.0019500000000000003,0.023400000000000087,0.023802783450680806,tap2,slow,light,20260810_141717,True
2100250,0.0468,0.0507,0.9321,2100.25,500000,-0.007800000000000001,0.0019500000000000003,0.023400000000000087,0.024742726203876648,tap2,slow,light,20260810_141717,True
2102740,0.0468,0.0468,0.9165,2102.74,500000,-0.007800000000000001,-0.0019500000000000003,0.007800000000000029,0.011201897160749177,tap2,slow,light,20260810_141717,True
2105236,0.0507,0.0468,0.9204,2105.236,500000,-0.0039000000000000007,-0.0019500000000000003,0.011700000000000044,0.012486092262994096,tap2,slow,light,20260810_141717,True
2107746,0.039,0.0585,0.936,2107.746,500000,-0.015600000000000003,0.009750000000000002,0.027300000000000102,0.032919788881461645,tap2,slow,light,20260810_141717,True
2110226,0.0507,0.0429,0.9282,2110.226,500000,-0.0039000000000000007,-0.005850000000000001,0.019500000000000073,0.020728784334832634,tap2,slow,light,20260810_141717,True
2112749,0.0507,0.0546,0.9243,2112.749,500000,-0.0039000000000000007,0.005850000000000001,0.015600000000000058,0.017111180555414694,tap2,slow,light,20260810_141717,True
2115247,0.0546,0.0546,0.9243,2115.247,500000,0.0,0.005850000000000001,0.015600000000000058,0.01666080730336924,tap2,slow,light,20260810_141717,True
2117726,0.0507,0.0468,0.9243,2117.726,500000,-0.0039000000000000007,-0.0019500000000000003,0.015600000000000058,0.0161979165326903,tap2,slow,light,20260810_141717,True
2120238,0.0507,0.0468,0.9243,2120.238,500000,-0.0039000000000000007,-0.0019500000000000003,0.015600000000000058,0.0161979165326903,tap2,slow,light,20260810_141717,True
2122730,0.0507,0.0468,0.9243,2122.73,500000,-0.0039000000000000007,-0.0019500000000000003,0.015600000000000058,0.0161979165326903,tap2,slow,light,20260810_141717,True
2125231,0.0507,0.0468,0.9282,2125.231,500000,-0.0039000000000000007,-0.0019500000000000003,0.019500000000000073,0.01998155399362129,tap2,slow,light,20260810_141717,True
2127745,0.0507,0.0468,0.9282,2127.745,500000,-0.0039000000000000007,-0.0019500000000000003,0.019500000000000073,0.01998155399362129,tap2,slow,light,20260810_141717,True
2130226,0.0585,0.0624,0.9243,2130.226,500000,0.0039000000000000007,0.013649999999999995,0.015600000000000058,0.021092474961464377,tap2,slow,light,20260810_141717,True
2132738,0.0585,0.0507,0.9282,2132.738,500000,0.0039000000000000007,0.0019500000000000003,0.019500000000000073,0.01998155399362129,tap2,slow,light,20260810_141717,True
2135240,0.0585,0.0468,0.9165,2135.24,500000,0.0039000000000000007,-0.0019500000000000003,0.007800000000000029,0.008936022605163914,tap2,slow,light,20260810_141717,True
2138274,0.0546,0.0468,0.9282,2138.274,500000,0.0,-0.0019500000000000003,0.019500000000000073,0.019597257461185808,tap2,slow,light,20260810_141717,True
2140245,0.0546,0.0468,0.9282,2140.245,500000,0.0,-0.0019500000000000003,0.019500000000000073,0.019597257461185808,tap2,slow,light,20260810_141717,True
2142740,0.0507,0.0546,0.9165,2142.74,500000,-0.0039000000000000007,0.005850000000000001,0.007800000000000029,0.010501071373912305,tap2,slow,light,20260810_141717,True
2145232,0.0468,0.0585,0.9243,2145.232,500000,-0.007800000000000001,0.009750000000000002,0.015600000000000058,0.019981553993621264,tap2,slow,light,20260810_141717,True
2147754,0.0546,0.0507,0.9243,2147.754,500000,0.0,0.0019500000000000003,0.015600000000000058,0.01572140260918223,tap2,slow,light,20260810_141717,True
2150230,0.0546,0.0507,0.9282,2150.23,500000,0.0,0.0019500000000000003,0.019500000000000073,0.019597257461185808,tap2,slow,light,20260810_141717,True
2152754,0.0507,0.0585,0.9321,2152.754,500000,-0.0039000000000000007,0.009750000000000002,0.023400000000000087,0.025648245554033597,tap2,slow,light,20260810_141717,True
2155253,0.0546,0.0546,0.936,2155.253,500000,0.0,0.005850000000000001,0.027300000000000102,0.02791975107338899,tap2,slow,light,20260810_141717,True
2157732,0.0507,0.0468,0.9399,2157.732,500000,-0.0039000000000000007,-0.0019500000000000003,0.031200000000000006,0.03150321412173685,tap2,slow,light,20260810_141717,True
2160247,0.0468,0.0468,0.9243,2160.247,500000,-0.007800000000000001,-0.0019500000000000003,0.015600000000000058,0.01755000000000005,tap2,slow,light,20260810_141717,True
2162735,0.0468,0.0468,0.9165,2162.735,500000,-0.007800000000000001,-0.0019500000000000003,0.007800000000000029,0.011201897160749177,tap2,slow,light,20260810_141717,True
2165235,0.0507,0.0468,0.9165,2165.235,500000,-0.0039000000000000007,-0.0019500000000000003,0.007800000000000029,0.008936022605163914,tap2,slow,light,20260810_141717,True
2167726,0.0507,0.0507,0.9204,2167.726,500000,-0.0039000000000000007,0.0019500000000000003,0.011700000000000044,0.012486092262994096,tap2,slow,light,20260810_141717,True
2170246,0.0546,0.0429,0.9243,2170.246,500000,0.0,-0.005850000000000001,0.015600000000000058,0.01666080730336924,tap2,slow,light,20260810_141717,True
2172736,0.0546,0.039,0.9243,2172.736,500000,0.0,-0.009750000000000002,0.015600000000000058,0.01839626320751043,tap2,slow,light,20260810_141717,True
2175238,0.0585,0.0429,0.9321,2175.238,500000,0.0039000000000000007,-0.005850000000000001,0.023400000000000087,0.024433429967976338,tap2,slow,light,20260810_141717,True
2177748,0.0507,0.0468,0.9282,2177.748,500000,-0.0039000000000000007,-0.0019500000000000003,0.019500000000000073,0.01998155399362129,tap2,slow,light,20260810_141717,True
2180229,0.0585,0.0468,0.936,2180.229,500000,0.0039000000000000007,-0.0019500000000000003,0.027300000000000102,0.02764602141357786,tap2,slow,light,20260810_141717,True
2182726,0.0546,0.0507,0.9282,2182.726,500000,0.0,0.0019500000000000003,0.019500000000000073,0.019597257461185808,tap2,slow,light,20260810_141717,True
2185231,0.0507,0.0468,0.9243,2185.231,500000,-0.0039000000000000007,-0.0019500000000000003,0.015600000000000058,0.0161979165326903,tap2,slow,light,20260810_141717,True
2187742,0.0507,0.0468,0.9204,2187.742,500000,-0.0039000000000000007,-0.0019500000000000003,0.011700000000000044,0.012486092262994096,tap2,slow,light,20260810_141717,True
2190232,0.0546,0.0546,0.9243,2190.232,500000,0.0,0.005850000000000001,0.015600000000000058,0.01666080730336924,tap2,slow,light,20260810_141717,True
2192729,0.0507,0.039,0.9243,2192.729,500000,-0.0039000000000000007,-0.009750000000000002,0.015600000000000058,0.01880511898393631,tap2,slow,light,20260810_141717,True
2195229,0.0507,0.0468,0.9204,2195.229,500000,-0.0039000000000000007,-0.0019500000000000003,0.011700000000000044,0.012486092262994096,tap2,slow,light,20260810_141717,True
2197741,0.0429,0.0468,0.9282,2197.741,500000,-0.011700000000000002,-0.0019500000000000003,0.019500000000000073,0.022824164825903333,tap2,slow,light,20260810_141717,True
2200245,0.0546,0.0468,0.9165,2200.245,500000,0.0,-0.0019500000000000003,0.007800000000000029,0.008040055969954467,tap2,slow,light,20260810_141717,True
2202741,0.0507,0.0507,0.9282,2202.741,500000,-0.0039000000000000007,0.0019500000000000003,0.019500000000000073,0.01998155399362129,tap2,slow,light,20260810_141717,True
2205240,0.0585,0.0429,0.9243,2205.24,500000,0.0039000000000000007,-0.005850000000000001,0.015600000000000058,0.017111180555414694,tap2,slow,light,20260810_141717,True
2207750,0.0546,0.039,0.9321,2207.75,500000,0.0,-0.009750000000000002,0.023400000000000087,0.02535000000000008,tap2,slow,light,20260810_141717,True
2210236,0.0468,0.0507,0.9321,2210.236,500000,-0.007800000000000001,0.0019500000000000003,0.023400000000000087,0.024742726203876648,tap2,slow,light,20260810_141717,True
2212731,0.0429,0.0546,0.9243,2212.731,500000,-0.011700000000000002,0.005850000000000001,0.015600000000000058,0.020358597692375618,tap2,slow,light,20260810_141717,True
2215228,0.0429,0.0507,0.9204,2215.228,500000,-0.011700000000000002,0.0019500000000000003,0.011700000000000044,0.01666080730336922,tap2,slow,light,20260810_141717,True
2217738,0.0468,0.0468,0.9321,2217.738,500000,-0.007800000000000001,-0.0019500000000000003,0.023400000000000087,0.024742726203876648,tap2,slow,light,20260810_141717,True
2220253,0.0468,0.0507,0.9243,2220.253,500000,-0.007800000000000001,0.0019500000000000003,0.015600000000000058,0.01755000000000005,tap2,slow,light,20260810_141717,True
2222743,0.0546,0.0507,0.9204,2222.743,500000,0.0,0.0019500000000000003,0.011700000000000044,0.011861386934081572,tap2,slow,light,20260810_141717,True
2225244,0.0546,0.0507,0.9204,2225.244,500000,0.0,0.0019500000000000003,0.011700000000000044,0.011861386934081572,tap2,slow,light,20260810_141717,True
2227755,0.0546,0.0429,0.9243,2227.755,500000,0.0,-0.005850000000000001,0.015600000000000058,0.01666080730336924,tap2,slow,light,20260810_141717,True
2230241,0.0585,0.0429,0.9243,2230.241,500000,0.0039000000000000007,-0.005850000000000001,0.015600000000000058,0.017111180555414694,tap2,slow,light,20260810_141717,True
2232735,0.0546,0.0546,0.9321,2232.735,500000,0.0,0.005850000000000001,0.023400000000000087,0.0241201679098634,tap2,slow,light,20260810_141717,True
2235233,0.0507,0.0468,0.9282,2235.233,500000,-0.0039000000000000007,-0.0019500000000000003,0.019500000000000073,0.01998155399362129,tap2,slow,light,20260810_141717,True
2237746,0.0546,0.0507,0.9321,2237.746,500000,0.0,0.0019500000000000003,0.023400000000000087,0.023481109428645064,tap2,slow,light,20260810_141717,True
2240657,0.0468,0.0468,0.9165,2240.657,500000,-0.007800000000000001,-0.0019500000000000003,0.007800000000000029,0.011201897160749177,tap2,slow,light,20260810_141717,True
2242753,0.0468,0.0468,0.9165,2242.753,500000,-0.007800000000000001,-0.0019500000000000003,0.007800000000000029,0.011201897160749177,tap2,slow,light,20260810_141717,True
2245250,0.0468,0.0546,0.9282,2245.25,500000,-0.007800000000000001,0.005850000000000001,0.019500000000000073,0.021801662780623014,tap2,slow,light,20260810_141717,True
2247741,0.0351,0.0585,0.9243,2247.741,500000,-0.019500000000000003,0.009750000000000002,0.015600000000000058,0.0268080678154917,tap2,slow,light,20260810_141717,True
2250230,0.0507,0.039,0.9165,2250.23,500000,-0.0039000000000000007,-0.009750000000000002,0.007800000000000029,0.013080997668373787,tap2,slow,light,20260810_141717,True
2252755,0.0507,0.0468,0.9165,2252.755,500000,-0.0039000000000000007,-0.0019500000000000003,0.007800000000000029,0.008936022605163914,tap2,slow,light,20260810_141717,True
2255254,0.0546,0.0468,0.936,2255.254,500000,0.0,-0.0019500000000000003,0.027300000000000102,0.02736955425285559,tap2,slow,light,20260810_141717,True
2257732,0.0585,0.0468,0.9126,2257.732,500000,0.0039000000000000007,-0.0019500000000000003,0.0039000000000000146,0.005850000000000011,tap2,slow,light,20260810_141717,True
2260246,0.0546,0.0507,0.9204,2260.246,500000,0.0,0.0019500000000000003,0.011700000000000044,0.011861386934081572,tap2,slow,light,20260810_141717,True
2262737,0.0546,0.0429,0.9165,2262.737,500000,0.0,-0.005850000000000001,0.007800000000000029,0.009750000000000024,tap2,slow,light,20260810_141717,True
2265233,0.0546,0.039,0.9321,2265.233,500000,0.0,-0.009750000000000002,0.023400000000000087,0.02535000000000008,tap2,slow,light,20260810_141717,True
2267726,0.0507,0.0507,0.9282,2267.726,500000,-0.0039000000000000007,0.0019500000000000003,0.019500000000000073,0.01998155399362129,tap2,slow,light,20260810_141717,True
2270247,0.0507,0.0429,0.9243,2270.247,500000,-0.0039000000000000007,-0.005850000000000001,0.015600000000000058,0.017111180555414694,tap2,slow,light,20260810_141717,True
2272740,0.0468,0.0468,0.9165,2272.74,500000,-0.007800000000000001,-0.0019500000000000003,0.007800000000000029,0.011201897160749177,tap2,slow,light,20260810_141717,True
2275241,0.0507,0.0507,0.9165,2275.241,500000,-0.0039000000000000007,0.0019500000000000003,0.007800000000000029,0.008936022605163914,tap2,slow,light,20260810_141717,True
2277751,0.0546,0.039,0.9243,2277.751,500000,0.0,-0.009750000000000002,0.015600000000000058,0.01839626320751043,tap2,slow,light,20260810_141717,True
2280232,0.0507,0.0507,0.9126,2280.232,500000,-0.0039000000000000007,0.0019500000000000003,0.0039000000000000146,0.005850000000000011,tap2,slow,light,20260810_141717,True
2282737,0.0468,0.0429,0.9282,2282.737,500000,-0.007800000000000001,-0.005850000000000001,0.019500000000000073,0.021801662780623014,tap2,slow,light,20260810_141717,True
2285242,0.0468,0.0468,0.9321,2285.242,500000,-0.007800000000000001,-0.0019500000000000003,0.023400000000000087,0.024742726203876648,tap2,slow,light,20260810_141717,True
2287752,0.0507,0.0468,0.9282,2287.752,500000,-0.0039000000000000007,-0.0019500000000000003,0.019500000000000073,0.01998155399362129,tap2,slow,light,20260810_141717,True
2290238,0.0546,0.0429,0.9243,2290.238,500000,0.0,-0.005850000000000001,0.015600000000000058,0.01666080730336924,tap2,slow,light,20260810_141717,True
2292737,0.0468,0.039,0.9282,2292.737,500000,-0.007800000000000001,-0.009750000000000002,0.019500000000000073,0.023154967069724,tap2,slow,light,20260810_141717,True
2295234,0.0546,0.039,0.9243,2295.234,500000,0.0,-0.009750000000000002,0.015600000000000058,0.01839626320751043,tap2,slow,light,20260810_141717,True
2297745,0.0429,0.0585,0.9282,2297.745,500000,-0.011700000000000002,0.009750000000000002,0.019500000000000073,0.024742726203876624,tap2,slow,light,20260810_141717,True
2300229,0.0663,0.039,0.9243,2300.229,500000,0.011699999999999995,-0.009750000000000002,0.015600000000000058,0.02180166278062299,tap2,slow,light,20260810_141717,True
2302728,0.0507,0.0546,0.9282,2302.728,500000,-0.0039000000000000007,0.005850000000000001,0.019500000000000073,0.020728784334832634,tap2,slow,light,20260810_141717,True
2305256,0.0507,0.039,0.9204,2305.256,500000,-0.0039000000000000007,-0.009750000000000002,0.011700000000000044,0.015721402609182204,tap2,slow,light,20260810_141717,True
2307736,0.0507,0.0468,0.9204,2307.736,500000,-0.0039000000000000007,-0.0019500000000000003,0.011700000000000044,0.012486092262994096,tap2,slow,light,20260810_141717,True
2310247,0.0507,0.0429,0.9204,2310.247,500000,-0.0039000000000000007,-0.005850000000000001,0.011700000000000044,0.013650000000000037,tap2,slow,light,20260810_141717,True
2312741,0.0429,0.0507,0.9204,2312.741,500000,-0.011700000000000002,0.0019500000000000003,0.011700000000000044,0.01666080730336922,tap2,slow,light,20260810_141717,True
2315237,0.0468,0.0507,0.9204,2315.237,500000,-0.007800000000000001,0.0019500000000000003,0.011700000000000044,0.014196214284097047,tap2,slow,light,20260810_141717,True
2317750,0.0507,0.0468,0.9204,2317.75,500000,-0.0039000000000000007,-0.0019500000000000003,0.011700000000000044,0.012486092262994096,tap2,slow,light,20260810_141717,True
2320230,0.0546,0.0468,0.9282,2320.23,500000,0.0,-0.0019500000000000003,0.019500000000000073,0.019597257461185808,tap2,slow,light,20260810_141717,True
2322753,0.0546,0.0429,0.9282,2322.753,500000,0.0,-0.005850000000000001,0.019500000000000073,0.020358597692375642,tap2,slow,light,20260810_141717,True
2325255,0.0585,0.0507,0.9243,2325.255,500000,0.0039000000000000007,0.0019500000000000003,0.015600000000000058,0.0161979165326903,tap2,slow,light,20260810_141717,True
2327734,0.0585,0.0507,0.9243,2327.734,500000,0.0039000000000000007,0.0019500000000000003,0.015600000000000058,0.0161979165326903,tap2,slow,light,20260810_141717,True
2330233,0.0546,0.0468,0.9243,2330.233,500000,0.0,-0.0019500000000000003,0.015600000000000058,0.01572140260918223,tap2,slow,light,20260810_141717,True
2332735,0.0546,0.0468,0.9243,2332.735,500000,0.0,-0.0019500000000000003,0.015600000000000058,0.01572140260918223,tap2,slow,light,20260810_141717,True
2335235,0.0468,0.0468,0.9243,2335.235,500000,-0.007800000000000001,-0.0019500000000000003,0.015600000000000058,0.01755000000000005,tap2,slow,light,20260810_141717,True
2337746,0.0507,0.0507,0.9204,2337.746,500000,-0.0039000000000000007,0.0019500000000000003,0.011700000000000044,0.012486092262994096,tap2,slow,light,20260810_141717,True
2340227,0.0546,0.0507,0.9243,2340.227,500000,0.0,0.0019500000000000003,0.015600000000000058,0.01572140260918223,tap2,slow,light,20260810_141717,True
2343089,0.0546,0.0507,0.9321,2343.089,500000,0.0,0.0019500000000000003,0.023400000000000087,0.023481109428645064,tap2,slow,light,20260810_141717,True
2345256,0.0507,0.0468,0.9165,2345.256,500000,-0.0039000000000000007,-0.0019500000000000003,0.007800000000000029,0.008936022605163914,tap2,slow,light,20260810_141717,True
2347747,0.0624,0.0429,0.9321,2347.747,500000,0.0077999999999999944,-0.005850000000000001,0.023400000000000087,0.02535000000000008,tap2,slow,light,20260810_141717,True
2350233,0.0546,0.0429,0.9243,2350.233,500000,0.0,-0.005850000000000001,0.015600000000000058,0.01666080730336924,tap2,slow,light,20260810_141717,True
2352734,0.0585,0.0429,0.9321,2352.734,500000,0.0039000000000000007,-0.005850000000000001,0.023400000000000087,0.024433429967976338,tap2,slow,light,20260810_141717,True
2355233,0.0507,0.0429,0.9243,2355.233,500000,-0.0039000000000000007,-0.005850000000000001,0.015600000000000058,0.017111180555414694,tap2,slow,light,20260810_141717,True
2357746,0.0468,0.0585,0.9282,2357.746,500000,-0.007800000000000001,0.009750000000000002,0.019500000000000073,0.023154967069724,tap2,slow,light,20260810_141717,True
2360230,0.0546,0.0468,0.9321,2360.23,500000,0.0,-0.0019500000000000003,0.023400000000000087,0.023481109428645064,tap2,slow,light,20260810_141717,True
2362752,0.0546,0.039,0.9204,2362.752,500000,0.0,-0.009750000000000002,0.011700000000000044,0.01522998686801801,tap2,slow,light,20260810_141717,True
2365233,0.0507,0.0546,0.9165,2365.233,500000,-0.0039000000000000007,0.005850000000000001,0.007800000000000029,0.010501071373912305,tap2,slow,light,20260810_141717,True
2367753,0.0546,0.0429,0.9204,2367.753,500000,0.0,-0.005850000000000001,0.011700000000000044,0.01308099766837381,tap2,slow,light,20260810_141717,True
2370242,0.0546,0.0468,0.9243,2370.242,500000,0.0,-0.0019500000000000003,0.015600000000000058,0.01572140260918223,tap2,slow,light,20260810_141717,True
2372740,0.0546,0.0507,0.9243,2372.74,500000,0.0,0.0019500000000000003,0.015600000000000058,0.01572140260918223,tap2,slow,light,20260810_141717,True
2375241,0.0507,0.0507,0.9165,2375.241,500000,-0.0039000000000000007,0.0019500000000000003,0.007800000000000029,0.008936022605163914,tap2,slow,light,20260810_141717,True
2377752,0.0507,0.0507,0.9204,2377.752,500000,-0.0039000000000000007,0.0019500000000000003,0.011700000000000044,0.012486092262994096,tap2,slow,light,20260810_141717,True
2380234,0.0468,0.0507,0.9204,2380.234,500000,-0.007800000000000001,0.0019500000000000003,0.011700000000000044,0.014196214284097047,tap2,slow,light,20260810_141717,True
2382733,0.0507,0.039,0.9243,2382.733,500000,-0.0039000000000000007,-0.009750000000000002,0.015600000000000058,0.01880511898393631,tap2,slow,light,20260810_141717,True
2385238,0.0546,0.0468,0.9243,2385.238,500000,0.0,-0.0019500000000000003,0.015600000000000058,0.01572140260918223,tap2,slow,light,20260810_141717,True
2387748,0.0546,0.0546,0.9243,2387.748,500000,0.0,0.005850000000000001,0.015600000000000058,0.01666080730336924,tap2,slow,light,20260810_141717,True
2390234,0.0507,0.0468,0.9126,2390.234,500000,-0.0039000000000000007,-0.0019500000000000003,0.0039000000000000146,0.005850000000000011,tap2,slow,light,20260810_141717,True
2392727,0.0468,0.0585,0.9282,2392.727,500000,-0.007800000000000001,0.009750000000000002,0.019500000000000073,0.023154967069724,tap2,slow,light,20260810_141717,True
2395241,0.0468,0.0507,0.9282,2395.241,500000,-0.007800000000000001,0.0019500000000000003,0.019500000000000073,0.021092474961464405,tap2,slow,light,20260810_141717,True
2397753,0.0507,0.0507,0.9204,2397.753,500000,-0.0039000000000000007,0.0019500000000000003,0.011700000000000044,0.012486092262994096,tap2,slow,light,20260810_141717,True
2400248,0.0585,0.0468,0.9243,2400.248,500000,0.0039000000000000007,-0.0019500000000000003,0.015600000000000058,0.0161979165326903,tap2,slow,light,20260810_141717,True
2402741,0.0429,0.0546,0.9204,2402.741,500000,-0.011700000000000002,0.005850000000000001,0.011700000000000044,0.01755000000000003,tap2,slow,light,20260810_141717,True
2405241,0.0507,0.0507,0.9282,2405.241,500000,-0.0039000000000000007,0.0019500000000000003,0.019500000000000073,0.01998155399362129,tap2,slow,light,20260810_141717,True
2407750,0.0468,0.0429,0.9321,2407.75,500000,-0.007800000000000001,-0.005850000000000001,0.023400000000000087,0.02535000000000008,tap2,slow,light,20260810_141717,True
2410233,0.0468,0.0507,0.9165,2410.233,500000,-0.007800000000000001,0.0019500000000000003,0.007800000000000029,0.011201897160749177,tap2,slow,light,20260810_141717,True
2412726,0.0468,0.0507,0.9204,2412.726,500000,-0.007800000000000001,0.0019500000000000003,0.011700000000000044,0.014196214284097047,tap2,slow,light,20260810_141717,True
2415254,0.0468,0.0468,0.9165,2415.254,500000,-0.007800000000000001,-0.0019500000000000003,0.007800000000000029,0.011201897160749177,tap2,slow,light,20260810_141717,True
2417734,0.0546,0.039,0.9204,2417.734,500000,0.0,-0.009750000000000002,0.011700000000000044,0.01522998686801801,tap2,slow,light,20260810_141717,True
2420250,0.0546,0.0507,0.9282,2420.25,500000,0.0,0.0019500000000000003,0.019500000000000073,0.019597257461185808,tap2,slow,light,20260810_141717,True
2422741,0.0468,0.0507,0.9204,2422.741,500000,-0.007800000000000001,0.0019500000000000003,0.011700000000000044,0.014196214284097047,tap2,slow,light,20260810_141717,True
2425242,0.0507,0.0546,0.9282,2425.242,500000,-0.0039000000000000007,0.005850000000000001,0.019500000000000073,0.020728784334832634,tap2,slow,light,20260810_141717,True
2427753,0.0546,0.0468,0.9165,2427.753,500000,0.0,-0.0019500000000000003,0.007800000000000029,0.008040055969954467,tap2,slow,light,20260810_141717,True
2430238,0.0546,0.0468,0.9165,2430.238,500000,0.0,-0.0019500000000000003,0.007800000000000029,0.008040055969954467,tap2,slow,light,20260810_141717,True
2432730,0.0585,0.0468,0.9165,2432.73,500000,0.0039000000000000007,-0.0019500000000000003,0.007800000000000029,0.008936022605163914,tap2,slow,light,20260810_141717,True
2435227,0.0468,0.0507,0.9243,2435.227,500000,-0.007800000000000001,0.0019500000000000003,0.015600000000000058,0.01755000000000005,tap2,slow,light,20260810_141717,True
2437738,0.0507,0.0429,0.9282,2437.738,500000,-0.0039000000000000007,-0.005850000000000001,0.019500000000000073,0.020728784334832634,tap2,slow,light,20260810_141717,True
2440249,0.0546,0.039,0.9243,2440.249,500000,0.0,-0.009750000000000002,0.015600000000000058,0.01839626320751043,tap2,slow,light,20260810_141717,True
2442742,0.0507,0.0429,0.9282,2442.742,500000,-0.0039000000000000007,-0.005850000000000001,0.019500000000000073,0.020728784334832634,tap2,slow,light,20260810_141717,True
2445433,0.0507,0.039,0.9321,2445.433,500000,-0.0039000000000000007,-0.009750000000000002,0.023400000000000087,0.025648245554033597,tap2,slow,light,20260810_141717,True
2447734,0.0507,0.0429,0.9165,2447.734,500000,-0.0039000000000000007,-0.005850000000000001,0.007800000000000029,0.010501071373912305,tap2,slow,light,20260810_141717,True
2450253,0.0468,0.0546,0.9048,2450.253,500000,-0.007800000000000001,0.005850000000000001,-0.0038999999999999035,0.010501071373912249,tap2,slow,light,20260810_141717,True
2452742,0.0585,0.0468,0.9204,2452.742,500000,0.0039000000000000007,-0.0019500000000000003,0.011700000000000044,0.012486092262994096,tap2,slow,light,20260810_141717,True
2455239,0.0468,0.0507,0.9204,2455.239,500000,-0.007800000000000001,0.0019500000000000003,0.011700000000000044,0.014196214284097047,tap2,slow,light,20260810_141717,True
2457750,0.0429,0.0507,0.9165,2457.75,500000,-0.011700000000000002,0.0019500000000000003,0.007800000000000029,0.014196214284097028,tap2,slow,light,20260810_141717,True
2460247,0.0468,0.0507,0.9126,2460.247,500000,-0.007800000000000001,0.0019500000000000003,0.0039000000000000146,0.008936022605163896,tap2,slow,light,20260810_141717,True
2462742,0.0507,0.0507,0.9204,2462.742,500000,-0.0039000000000000007,0.0019500000000000003,0.011700000000000044,0.012486092262994096,tap2,slow,light,20260810_141717,True
2465250,0.0546,0.0507,0.9282,2465.25,500000,0.0,0.0019500000000000003,0.019500000000000073,0.019597257461185808,tap2,slow,light,20260810_141717,True
2467740,0.0429,0.0546,0.9126,2467.74,500000,-0.011700000000000002,0.005850000000000001,0.0039000000000000146,0.013650000000000008,tap2,slow,light,20260810_141717,True
2470228,0.0507,0.0468,0.9087,2470.228,500000,-0.0039000000000000007,-0.0019500000000000003,0.0,0.004360332556124591,tap2,slow,light,20260810_141717,True
2472726,0.0546,0.0429,0.9165,2472.726,500000,0.0,-0.005850000000000001,0.007800000000000029,0.009750000000000024,tap2,slow,light,20260810_141717,True
2475226,0.0585,0.0468,0.9165,2475.226,500000,0.0039000000000000007,-0.0019500000000000003,0.007800000000000029,0.008936022605163914,tap2,slow,light,20260810_141717,True
2477738,0.0546,0.0468,0.9282,2477.738,500000,0.0,-0.0019500000000000003,0.019500000000000073,0.019597257461185808,tap2,slow,light,20260810_141717,True
2480249,0.0507,0.0468,0.9165,2480.249,500000,-0.0039000000000000007,-0.0019500000000000003,0.007800000000000029,0.008936022605163914,tap2,slow,light,20260810_141717,True
2482746,0.0546,0.0507,0.9165,2482.746,500000,0.0,0.0019500000000000003,0.007800000000000029,0.008040055969954467,tap2,slow,light,20260810_141717,True
2485248,0.0546,0.0429,0.9243,2485.248,500000,0.0,-0.005850000000000001,0.015600000000000058,0.01666080730336924,tap2,slow,light,20260810_141717,True
2487726,0.0546,0.0429,0.9243,2487.726,500000,0.0,-0.005850000000000001,0.015600000000000058,0.01666080730336924,tap2,slow,light,20260810_141717,True
2490245,0.0507,0.0429,0.9165,2490.245,500000,-0.0039000000000000007,-0.005850000000000001,0.007800000000000029,0.010501071373912305,tap2,slow,light,20260810_141717,True
2492741,0.0507,0.0507,0.9243,2492.741,500000,-0.0039000000000000007,0.0019500000000000003,0.015600000000000058,0.0161979165326903,tap2,slow,light,20260810_141717,True
2495238,0.0507,0.0507,0.9165,2495.238,500000,-0.0039000000000000007,0.0019500000000000003,0.007800000000000029,0.008936022605163914,tap2,slow,light,20260810_141717,True
2497748,0.0507,0.0468,0.9243,2497.748,500000,-0.0039000000000000007,-0.0019500000000000003,0.015600000000000058,0.0161979165326903,tap2,slow,light,20260810_141717,True
2500230,0.0468,0.0429,0.9204,2500.23,500000,-0.007800000000000001,-0.005850000000000001,0.011700000000000044,0.01522998686801801,tap2,slow,light,20260810_141717,True
2502727,0.0507,0.0468,0.9243,2502.727,500000,-0.0039000000000000007,-0.0019500000000000003,0.015600000000000058,0.0161979165326903,tap2,slow,light,20260810_141717,True
2505255,0.0468,0.0429,0.9126,2505.255,500000,-0.007800000000000001,-0.005850000000000001,0.0039000000000000146,0.01050107137391229,tap2,slow,light,20260810_141717,True
2507735,0.0507,0.0468,0.9087,2507.735,500000,-0.0039000000000000007,-0.0019500000000000003,0.0,0.004360332556124591,tap2,slow,light,20260810_141717,True
2510244,0.0429,0.0546,0.9165,2510.244,500000,-0.011700000000000002,0.005850000000000001,0.007800000000000029,0.015229986868017993,tap2,slow,light,20260810_141717,True
2512740,0.0507,0.0585,0.9204,2512.74,500000,-0.0039000000000000007,0.009750000000000002,0.011700000000000044,0.015721402609182204,tap2,slow,light,20260810_141717,True
2515237,0.0468,0.0468,0.9165,2515.237,500000,-0.007800000000000001,-0.0019500000000000003,0.007800000000000029,0.011201897160749177,tap2,slow,light,20260810_141717,True
2517734,0.0468,0.0546,0.9282,2517.734,500000,-0.007800000000000001,0.005850000000000001,0.019500000000000073,0.021801662780623014,tap2,slow,light,20260810_141717,True
2520247,0.0507,0.0507,0.9243,2520.247,500000,-0.0039000000000000007,0.0019500000000000003,0.015600000000000058,0.0161979165326903,tap2,slow,light,20260810_141717,True
2522741,0.0507,0.039,0.9204,2522.741,500000,-0.0039000000000000007,-0.009750000000000002,0.011700000000000044,0.015721402609182204,tap2,slow,light,20260810_141717,True
2525245,0.0507,0.0468,0.9204,2525.245,500000,-0.0039000000000000007,-0.0019500000000000003,0.011700000000000044,0.012486092262994096,tap2,slow,light,20260810_141717,True
2527742,0.0507,0.0546,0.9243,2527.742,500000,-0.0039000000000000007,0.005850000000000001,0.015600000000000058,0.017111180555414694,tap2,slow,light,20260810_141717,True
2530226,0.0507,0.0546,0.9204,2530.226,500000,-0.0039000000000000007,0.005850000000000001,0.011700000000000044,0.013650000000000037,tap2,slow,light,20260810_141717,True
2532728,0.0507,0.0546,0.9204,2532.728,500000,-0.0039000000000000007,0.005850000000000001,0.011700000000000044,0.013650000000000037,tap2,slow,light,20260810_141717,True
2535226,0.0468,0.0429,0.9204,2535.226,500000,-0.007800000000000001,-0.005850000000000001,0.011700000000000044,0.01522998686801801,tap2,slow,light,20260810_141717,True
2537738,0.0546,0.0507,0.9243,2537.738,500000,0.0,0.0019500000000000003,0.015600000000000058,0.01572140260918223,tap2,slow,light,20260810_141717,True
2540247,0.0507,0.0429,0.9321,2540.247,500000,-0.0039000000000000007,-0.005850000000000001,0.023400000000000087,0.024433429967976338,tap2,slow,light,20260810_141717,True
2542747,0.0507,0.0507,0.9282,2542.747,500000,-0.0039000000000000007,0.0019500000000000003,0.019500000000000073,0.01998155399362129,tap2,slow,light,20260810_141717,True
2545244,0.0546,0.0429,0.9204,2545.244,500000,0.0,-0.005850000000000001,0.011700000000000044,0.01308099766837381,tap2,slow,light,20260810_141717,True
2547840,0.0507,0.0468,0.9165,2547.84,500000,-0.0039000000000000007,-0.0019500000000000003,0.007800000000000029,0.008936022605163914,tap2,slow,light,20260810_141717,True
2550253,0.0507,0.0468,0.9243,2550.253,500000,-0.0039000000000000007,-0.0019500000000000003,0.015600000000000058,0.0161979165326903,tap2,slow,light,20260810_141717,True
2552746,0.0507,0.0507,0.9087,2552.746,500000,-0.0039000000000000007,0.0019500000000000003,0.0,0.004360332556124591,tap2,slow,light,20260810_141717,True
2555243,0.0624,0.0429,0.9126,2555.243,500000,0.0077999999999999944,-0.005850000000000001,0.0039000000000000146,0.010501071373912286,tap2,slow,light,20260810_141717,True
2557754,0.0507,0.0507,0.9204,2557.754,500000,-0.0039000000000000007,0.0019500000000000003,0.011700000000000044,0.012486092262994096,tap2,slow,light,20260810_141717,True
2560235,0.0429,0.0507,0.9165,2560.235,500000,-0.011700000000000002,0.0019500000000000003,0.007800000000000029,0.014196214284097028,tap2,slow,light,20260810_141717,True
2562729,0.0468,0.0507,0.9087,2562.729,500000,-0.007800000000000001,0.0019500000000000003,0.0,0.008040055969954439,tap2,slow,light,20260810_141717,True
2565242,0.0585,0.0507,0.9243,2565.242,500000,0.0039000000000000007,0.0019500000000000003,0.015600000000000058,0.0161979165326903,tap2,slow,light,20260810_141717,True
2567734,0.0507,0.0507,0.9243,2567.734,500000,-0.0039000000000000007,0.0019500000000000003,0.015600000000000058,0.0161979165326903,tap2,slow,light,20260810_141717,True
2570249,0.0546,0.0429,0.9126,2570.249,500000,0.0,-0.005850000000000001,0.0039000000000000146,0.007030824987154788,tap2,slow,light,20260810_141717,True
2572746,0.0546,0.0468,0.9126,2572.746,500000,0.0,-0.0019500000000000003,0.0039000000000000146,0.004360332556124604,tap2,slow,light,20260810_141717,True
2575246,0.0546,0.0546,0.9204,2575.246,500000,0.0,0.005850000000000001,0.011700000000000044,0.01308099766837381,tap2,slow,light,20260810_141717,True
2577726,0.0624,0.0507,0.9282,2577.726,500000,0.0077999999999999944,0.0019500000000000003,0.019500000000000073,0.0210924749614644,tap2,slow,light,20260810_141717,True
2580237,0.0546,0.0546,0.9087,2580.237,500000,0.0,0.005850000000000001,0.0,0.005850000000000001,tap2,slow,light,20260810_141717,True
2582730,0.0507,0.0468,0.9282,2582.73,500000,-0.0039000000000000007,-0.0019500000000000003,0.019500000000000073,0.01998155399362129,tap2,slow,light,20260810_141717,True
2585234,0.0546,0.0507,0.9204,2585.234,500000,0.0,0.0019500000000000003,0.011700000000000044,0.011861386934081572,tap2,slow,light,20260810_141717,True
2587745,0.0468,0.0546,0.9126,2587.745,500000,-0.007800000000000001,0.005850000000000001,0.0039000000000000146,0.01050107137391229,tap2,slow,light,20260810_141717,True
2590230,0.0585,0.039,0.9165,2590.23,500000,0.0039000000000000007,-0.009750000000000002,0.007800000000000029,0.013080997668373787,tap2,slow,light,20260810_141717,True
2592746,0.0468,0.0468,0.9126,2592.746,500000,-0.007800000000000001,-0.0019500000000000003,0.0039000000000000146,0.008936022605163896,tap2,slow,light,20260810_141717,True
2595245,0.0507,0.039,0.9126,2595.245,500000,-0.0039000000000000007,-0.009750000000000002,0.0039000000000000146,0.011201897160749163,tap2,slow,light,20260810_141717,True
2597755,0.0546,0.0468,0.9243,2597.755,500000,0.0,-0.0019500000000000003,0.015600000000000058,0.01572140260918223,tap2,slow,light,20260810_141717,True
2600243,0.0507,0.0468,0.9165,2600.243,500000,-0.0039000000000000007,-0.0019500000000000003,0.007800000000000029,0.008936022605163914,tap2,slow,light,20260810_141717,True
2602739,0.0546,0.0507,0.9282,2602.739,500000,0.0,0.0019500000000000003,0.019500000000000073,0.019597257461185808,tap2,slow,light,20260810_141717,True
2605236,0.0507,0.0507,0.9126,2605.236,500000,-0.0039000000000000007,0.0019500000000000003,0.0039000000000000146,0.005850000000000011,tap2,slow,light,20260810_141717,True
2607747,0.0546,0.0546,0.9165,2607.747,500000,0.0,0.005850000000000001,0.007800000000000029,0.009750000000000024,tap2,slow,light,20260810_141717,True
2610256,0.0507,0.0468,0.9165,2610.256,500000,-0.0039000000000000007,-0.0019500000000000003,0.007800000000000029,0.008936022605163914,tap2,slow,light,20260810_141717,True
2612752,0.0585,0.0429,0.9243,2612.752,500000,0.0039000000000000007,-0.005850000000000001,0.015600000000000058,0.017111180555414694,tap2,slow,light,20260810_141717,True
2615249,0.0546,0.0429,0.9243,2615.249,500000,0.0,-0.005850000000000001,0.015600000000000058,0.01666080730336924,tap2,slow,light,20260810_141717,True
2617726,0.0507,0.0429,0.9126,2617.726,500000,-0.0039000000000000007,-0.005850000000000001,0.0039000000000000146,0.008040055969954446,tap2,slow,light,20260810_141717,True
2620235,0.0585,0.039,0.9204,2620.235,500000,0.0039000000000000007,-0.009750000000000002,0.011700000000000044,0.015721402609182204,tap2,slow,light,20260810_141717,True
2622728,0.0546,0.0507,0.9282,2622.728,500000,0.0,0.0019500000000000003,0.019500000000000073,0.019597257461185808,tap2,slow,light,20260810_141717,True
2625228,0.0468,0.0468,0.9165,2625.228,500000,-0.007800000000000001,-0.0019500000000000003,0.007800000000000029,0.011201897160749177,tap2,slow,light,20260810_141717,True
2627741,0.0429,0.0507,0.9204,2627.741,500000,-0.011700000000000002,0.0019500000000000003,0.011700000000000044,0.01666080730336922,tap2,slow,light,20260810_141717,True
2630251,0.0468,0.0468,0.9165,2630.251,500000,-0.007800000000000001,-0.0019500000000000003,0.007800000000000029,0.011201897160749177,tap2,slow,light,20260810_141717,True
2632746,0.0507,0.0429,0.9165,2632.746,500000,-0.0039000000000000007,-0.005850000000000001,0.007800000000000029,0.010501071373912305,tap2,slow,light,20260810_141717,True
2635244,0.0507,0.0468,0.9126,2635.244,500000,-0.0039000000000000007,-0.0019500000000000003,0.0039000000000000146,0.005850000000000011,tap2,slow,light,20260810_141717,True
2637753,0.0507,0.0468,0.9126,2637.753,500000,-0.0039000000000000007,-0.0019500000000000003,0.0039000000000000146,0.005850000000000011,tap2,slow,light,20260810_141717,True
2640232,0.0507,0.0468,0.9243,2640.232,500000,-0.0039000000000000007,-0.0019500000000000003,0.015600000000000058,0.0161979165326903,tap2,slow,light,20260810_141717,True
2642727,0.0546,0.0468,0.9204,2642.727,500000,0.0,-0.0019500000000000003,0.011700000000000044,0.011861386934081572,tap2,slow,light,20260810_141717,True
2645244,0.0585,0.0468,0.9165,2645.244,500000,0.0039000000000000007,-0.0019500000000000003,0.007800000000000029,0.008936022605163914,tap2,slow,light,20260810_141717,True
2647735,0.0585,0.0468,0.9126,2647.735,500000,0.0039000000000000007,-0.0019500000000000003,0.0039000000000000146,0.005850000000000011,tap2,slow,light,20260810_141717,True
2650241,0.0468,0.0507,0.9243,2650.241,500000,-0.007800000000000001,0.0019500000000000003,0.015600000000000058,0.01755000000000005,tap2,slow,light,20260810_141717,True
2652746,0.0507,0.0546,0.9165,2652.746,500000,-0.0039000000000000007,0.005850000000000001,0.007800000000000029,0.010501071373912305,tap2,slow,light,20260810_141717,True
2655244,0.0624,0.0507,0.9282,2655.244,500000,0.0077999999999999944,0.0019500000000000003,0.019500000000000073,0.0210924749614644,tap2,slow,light,20260810_141717,True
2657739,0.0468,0.0624,0.9087,2657.739,500000,-0.007800000000000001,0.013649999999999995,0.0,0.01572140260918217,tap2,slow,light,20260810_141717,True
2660256,0.0546,0.0507,0.9165,2660.256,500000,0.0,0.0019500000000000003,0.007800000000000029,0.008040055969954467,tap2,slow,light,20260810_141717,True
2662747,0.0507,0.0507,0.9204,2662.747,500000,-0.0039000000000000007,0.0019500000000000003,0.011700000000000044,0.012486092262994096,tap2,slow,light,20260810_141717,True
2665251,0.0507,0.0546,0.9243,2665.251,500000,-0.0039000000000000007,0.005850000000000001,0.015600000000000058,0.017111180555414694,tap2,slow,light,20260810_141717,True
2667746,0.0507,0.0468,0.9243,2667.746,500000,-0.0039000000000000007,-0.0019500000000000003,0.015600000000000058,0.0161979165326903,tap2,slow,light,20260810_141717,True
2670239,0.0624,0.0351,0.9243,2670.239,500000,0.0077999999999999944,-0.013650000000000002,0.015600000000000058,0.02214774254862111,tap2,slow,light,20260810_141717,True
2672737,0.0507,0.0546,0.9165,2672.737,500000,-0.0039000000000000007,0.005850000000000001,0.007800000000000029,0.010501071373912305,tap2,slow,light,20260810_141717,True
2675241,0.0546,0.0468,0.9204,2675.241,500000,0.0,-0.0019500000000000003,0.011700000000000044,0.011861386934081572,tap2,slow,light,20260810_141717,True
2677752,0.0507,0.0507,0.9126,2677.752,500000,-0.0039000000000000007,0.0019500000000000003,0.0039000000000000146,0.005850000000000011,tap2,slow,light,20260810_141717,True
2680233,0.0507,0.0468,0.9165,2680.233,500000,-0.0039000000000000007,-0.0019500000000000003,0.007800000000000029,0.008936022605163914,tap2,slow,light,20260810_141717,True
2682755,0.0429,0.0429,0.9282,2682.755,500000,-0.011700000000000002,-0.005850000000000001,0.019500000000000073,0.023481109428645036,tap2,slow,light,20260810_141717,True
2685228,0.0585,0.0468,0.9204,2685.228,500000,0.0039000000000000007,-0.0019500000000000003,0.011700000000000044,0.012486092262994096,tap2,slow,light,20260810_141717,True
2687741,0.0585,0.0507,0.9165,2687.741,500000,0.0039000000000000007,0.0019500000000000003,0.007800000000000029,0.008936022605163914,tap2,slow,light,20260810_141717,True
2690232,0.0546,0.0468,0.9243,2690.232,500000,0.0,-0.0019500000000000003,0.015600000000000058,0.01572140260918223,tap2,slow,light,20260810_141717,True
2692726,0.0546,0.0507,0.9126,2692.726,500000,0.0,0.0019500000000000003,0.0039000000000000146,0.004360332556124604,tap2,slow,light,20260810_141717,True
2695226,0.0507,0.0546,0.9243,2695.226,500000,-0.0039000000000000007,0.005850000000000001,0.015600000000000058,0.017111180555414694,tap2,slow,light,20260810_141717,True
2697729,0.0468,0.0507,0.9243,2697.729,500000,-0.007800000000000001,0.0019500000000000003,0.015600000000000058,0.01755000000000005,tap2,slow,light,20260810_141717,True
2700252,0.0585,0.0468,0.9165,2700.252,500000,0.0039000000000000007,-0.0019500000000000003,0.007800000000000029,0.008936022605163914,tap2,slow,light,20260810_141717,True
2702740,0.0468,0.0546,0.9204,2702.74,500000,-0.007800000000000001,0.005850000000000001,0.011700000000000044,0.01522998686801801,tap2,slow,light,20260810_141717,True
2705238,0.0468,0.0507,0.9282,2705.238,500000,-0.007800000000000001,0.0019500000000000003,0.019500000000000073,0.021092474961464405,tap2,slow,light,20260810_141717,True
2707750,0.0429,0.0507,0.9204,2707.75,500000,-0.011700000000000002,0.0019500000000000003,0.011700000000000044,0.01666080730336922,tap2,slow,light,20260810_141717,True
2710235,0.0585,0.0429,0.9204,2710.235,500000,0.0039000000000000007,-0.005850000000000001,0.011700000000000044,0.013650000000000037,tap2,slow,light,20260810_141717,True
2712755,0.0546,0.0468,0.9087,2712.755,500000,0.0,-0.0019500000000000003,0.0,0.0019500000000000003,tap2,slow,light,20260810_141717,True
2715253,0.0468,0.0429,0.9048,2715.253,500000,-0.007800000000000001,-0.005850000000000001,-0.0038999999999999035,0.010501071373912249,tap2,slow,light,20260810_141717,True
2717735,0.0546,0.0429,0.9126,2717.735,500000,0.0,-0.005850000000000001,0.0039000000000000146,0.007030824987154788,tap2,slow,light,20260810_141717,True
2720248,0.0468,0.0468,0.9204,2720.248,500000,-0.007800000000000001,-0.0019500000000000003,0.011700000000000044,0.014196214284097047,tap2,slow,light,20260810_141717,True
2722754,0.0507,0.0468,0.9126,2722.754,500000,-0.0039000000000000007,-0.0019500000000000003,0.0039000000000000146,0.005850000000000011,tap2,slow,light,20260810_141717,True
2725226,0.0546,0.0468,0.9165,2725.226,500000,0.0,-0.0019500000000000003,0.007800000000000029,0.008040055969954467,tap2,slow,light,20260810_141717,True
2727741,0.0585,0.0429,0.9243,2727.741,500000,0.0039000000000000007,-0.005850000000000001,0.015600000000000058,0.017111180555414694,tap2,slow,light,20260810_141717,True
2730226,0.0585,0.0468,0.9165,2730.226,500000,0.0039000000000000007,-0.0019500000000000003,0.007800000000000029,0.008936022605163914,tap2,slow,light,20260810_141717,True
2732752,0.0585,0.0429,0.9126,2732.752,500000,0.0039000000000000007,-0.005850000000000001,0.0039000000000000146,0.008040055969954446,tap2,slow,light,20260810_141717,True
2735251,0.0507,0.0507,0.9204,2735.251,500000,-0.0039000000000000007,0.0019500000000000003,0.011700000000000044,0.012486092262994096,tap2,slow,light,20260810_141717,True
2737731,0.0507,0.0429,0.9165,2737.731,500000,-0.0039000000000000007,-0.005850000000000001,0.007800000000000029,0.010501071373912305,tap2,slow,light,20260810_141717,True
2740244,0.0546,0.0351,0.9204,2740.244,500000,0.0,-0.013650000000000002,0.011700000000000044,0.01797811169172116,tap2,slow,light,20260810_141717,True
2742735,0.0546,0.0351,0.9204,2742.735,500000,0.0,-0.013650000000000002,0.011700000000000044,0.01797811169172116,tap2,slow,light,20260810_141717,True
2745236,0.0507,0.0507,0.9165,2745.236,500000,-0.0039000000000000007,0.0019500000000000003,0.007800000000000029,0.008936022605163914,tap2,slow,light,20260810_141717,True
2747726,0.0585,0.0507,0.9282,2747.726,500000,0.0039000000000000007,0.0019500000000000003,0.019500000000000073,0.01998155399362129,tap2,slow,light,20260810_141717,True
2750232,0.0429,0.0546,0.9126,2750.232,500000,-0.011700000000000002,0.005850000000000001,0.0039000000000000146,0.013650000000000008,tap2,slow,light,20260810_141717,True
2752747,0.0585,0.0507,0.9204,2752.747,500000,0.0039000000000000007,0.0019500000000000003,0.011700000000000044,0.012486092262994096,tap2,slow,light,20260810_141717,True
2755254,0.0585,0.0468,0.9165,2755.254,500000,0.0039000000000000007,-0.0019500000000000003,0.007800000000000029,0.008936022605163914,tap2,slow,light,20260810_141717,True
2757732,0.0429,0.0507,0.9126,2757.732,500000,-0.011700000000000002,0.0019500000000000003,0.0039000000000000146,0.012486092262994061,tap2,slow,light,20260810_141717,True
2760244,0.0546,0.039,0.9282,2760.244,500000,0.0,-0.009750000000000002,0.019500000000000073,0.021801662780623014,tap2,slow,light,20260810_141717,True
2762740,0.0429,0.0585,0.9243,2762.74,500000,-0.011700000000000002,0.009750000000000002,0.015600000000000058,0.021801662780622993,tap2,slow,light,20260810_141717,True
2765238,0.0585,0.0468,0.9282,2765.238,500000,0.0039000000000000007,-0.0019500000000000003,0.019500000000000073,0.01998155399362129,tap2,slow,light,20260810_141717,True
2767729,0.0507,0.0507,0.9204,2767.729,500000,-0.0039000000000000007,0.0019500000000000003,0.011700000000000044,0.012486092262994096,tap2,slow,light,20260810_141717,True
2770248,0.0468,0.0546,0.9243,2770.248,500000,-0.007800000000000001,0.005850000000000001,0.015600000000000058,0.01839626320751043,tap2,slow,light,20260810_141717,True
2772740,0.0507,0.0546,0.9282,2772.74,500000,-0.0039000000000000007,0.005850000000000001,0.019500000000000073,0.020728784334832634,tap2,slow,light,20260810_141717,True
2775247,0.0546,0.0585,0.9204,2775.247,500000,0.0,0.009750000000000002,0.011700000000000044,0.01522998686801801,tap2,slow,light,20260810_141717,True
2777727,0.0507,0.039,0.9204,2777.727,500000,-0.0039000000000000007,-0.009750000000000002,0.011700000000000044,0.015721402609182204,tap2,slow,light,20260810_141717,True
2780237,0.0507,0.0429,0.9243,2780.237,500000,-0.0039000000000000007,-0.005850000000000001,0.015600000000000058,0.017111180555414694,tap2,slow,light,20260810_141717,True
2782737,0.0507,0.0507,0.9165,2782.737,500000,-0.0039000000000000007,0.0019500000000000003,0.007800000000000029,0.008936022605163914,tap2,slow,light,20260810_141717,True
2785242,0.0507,0.039,0.9087,2785.242,500000,-0.0039000000000000007,-0.009750000000000002,0.0,0.010501071373912284,tap2,slow,light,20260810_141717,True
2787733,0.0507,0.0429,0.9165,2787.733,500000,-0.0039000000000000007,-0.005850000000000001,0.007800000000000029,0.010501071373912305,tap2,slow,light,20260810_141717,True
2790230,0.0507,0.0468,0.9204,2790.23,500000,-0.0039000000000000007,-0.0019500000000000003,0.011700000000000044,0.012486092262994096,tap2,slow,light,20260810_141717,True
2792727,0.0507,0.0468,0.9204,2792.727,500000,-0.0039000000000000007,-0.0019500000000000003,0.011700000000000044,0.012486092262994096,tap2,slow,light,20260810_141717,True
2795256,0.0585,0.0429,0.9243,2795.256,500000,0.0039000000000000007,-0.005850000000000001,0.015600000000000058,0.017111180555414694,tap2,slow,light,20260810_141717,True
2797736,0.0468,0.0429,0.9204,2797.736,500000,-0.007800000000000001,-0.005850000000000001,0.011700000000000044,0.01522998686801801,tap2,slow,light,20260810_141717,True
2800252,0.0507,0.0429,0.9243,2800.252,500000,-0.0039000000000000007,-0.005850000000000001,0.015600000000000058,0.017111180555414694,tap2,slow,light,20260810_141717,True
2802742,0.0546,0.0429,0.9282,2802.742,500000,0.0,-0.005850000000000001,0.019500000000000073,0.020358597692375642,tap2,slow,light,20260810_141717,True
2805240,0.0546,0.0429,0.9204,2805.24,500000,0.0,-0.005850000000000001,0.011700000000000044,0.01308099766837381,tap2,slow,light,20260810_141717,True
2807750,0.0546,0.0468,0.9282,2807.75,500000,0.0,-0.0019500000000000003,0.019500000000000073,0.019597257461185808,tap2,slow,light,20260810_141717,True
2810229,0.0507,0.0468,0.9243,2810.229,500000,-0.0039000000000000007,-0.0019500000000000003,0.015600000000000058,0.0161979165326903,tap2,slow,light,20260810_141717,True
2812753,0.0507,0.0429,0.9126,2812.753,500000,-0.0039000000000000007,-0.005850000000000001,0.0039000000000000146,0.008040055969954446,tap2,slow,light,20260810_141717,True
2815252,0.0546,0.0507,0.9126,2815.252,500000,0.0,0.0019500000000000003,0.0039000000000000146,0.004360332556124604,tap2,slow,light,20260810_141717,True
2817731,0.0468,0.0468,0.9126,2817.731,500000,-0.007800000000000001,-0.0019500000000000003,0.0039000000000000146,0.008936022605163896,tap2,slow,light,20260810_141717,True
2820242,0.0468,0.0429,0.9126,2820.242,500000,-0.007800000000000001,-0.005850000000000001,0.0039000000000000146,0.01050107137391229,tap2,slow,light,20260810_141717,True
2822734,0.0507,0.0468,0.9165,2822.734,500000,-0.0039000000000000007,-0.0019500000000000003,0.007800000000000029,0.008936022605163914,tap2,slow,light,20260810_141717,True
2825235,0.0546,0.0468,0.9126,2825.235,500000,0.0,-0.0019500000000000003,0.0039000000000000146,0.004360332556124604,tap2,slow,light,20260810_141717,True
2827746,0.0507,0.0546,0.9165,2827.746,500000,-0.0039000000000000007,0.005850000000000001,0.007800000000000029,0.010501071373912305,tap2,slow,light,20260810_141717,True
2830230,0.0507,0.0429,0.9243,2830.23,500000,-0.0039000000000000007,-0.005850000000000001,0.015600000000000058,0.017111180555414694,tap2,slow,light,20260810_141717,True
2832755,0.0546,0.039,0.9204,2832.755,500000,0.0,-0.009750000000000002,0.011700000000000044,0.01522998686801801,tap2,slow,light,20260810_141717,True
2835255,0.0507,0.0507,0.9165,2835.255,500000,-0.0039000000000000007,0.0019500000000000003,0.007800000000000029,0.008936022605163914,tap2,slow,light,20260810_141717,True
2837736,0.0507,0.0468,0.9204,2837.736,500000,-0.0039000000000000007,-0.0019500000000000003,0.011700000000000044,0.012486092262994096,tap2,slow,light,20260810_141717,True
2840252,0.0507,0.0429,0.9204,2840.252,500000,-0.0039000000000000007,-0.005850000000000001,0.011700000000000044,0.013650000000000037,tap2,slow,light,20260810_141717,True
2842740,0.0507,0.039,0.9087,2842.74,500000,-0.0039000000000000007,-0.009750000000000002,0.0,0.010501071373912284,tap2,slow,light,20260810_141717,True
2845231,0.0507,0.039,0.9087,2845.231,500000,-0.0039000000000000007,-0.009750000000000002,0.0,0.010501071373912284,tap2,slow,light,20260810_141717,True
2847754,0.0468,0.0429,0.9321,2847.754,500000,-0.007800000000000001,-0.005850000000000001,0.023400000000000087,0.02535000000000008,tap2,slow,light,20260810_141717,True
2850232,0.0585,0.0429,0.9165,2850.232,500000,0.0039000000000000007,-0.005850000000000001,0.007800000000000029,0.010501071373912305,tap2,slow,light,20260810_141717,True
2852752,0.0546,0.0507,0.9204,2852.752,500000,0.0,0.0019500000000000003,0.011700000000000044,0.011861386934081572,tap2,slow,light,20260810_141717,True
2855245,0.0546,0.0468,0.9087,2855.245,500000,0.0,-0.0019500000000000003,0.0,0.0019500000000000003,tap2,slow,light,20260810_141717,True
2857756,0.0468,0.0507,0.9204,2857.756,500000,-0.007800000000000001,0.0019500000000000003,0.011700000000000044,0.014196214284097047,tap2,slow,light,20260810_141717,True
2860239,0.0546,0.0468,0.9204,2860.239,500000,0.0,-0.0019500000000000003,0.011700000000000044,0.011861386934081572,tap2,slow,light,20260810_141717,True
2862730,0.0507,0.0429,0.9165,2862.73,500000,-0.0039000000000000007,-0.005850000000000001,0.007800000000000029,0.010501071373912305,tap2,slow,light,20260810_141717,True
2865240,0.0546,0.0429,0.9087,2865.24,500000,0.0,-0.005850000000000001,0.0,0.005850000000000001,tap2,slow,light,20260810_141717,True
2867731,0.0546,0.0429,0.9126,2867.731,500000,0.0,-0.005850000000000001,0.0039000000000000146,0.007030824987154788,tap2,slow,light,20260810_141717,True
2870251,0.0507,0.0468,0.9243,2870.251,500000,-0.0039000000000000007,-0.0019500000000000003,0.015600000000000058,0.0161979165326903,tap2,slow,light,20260810_141717,True
2872742,0.0546,0.0507,0.9204,2872.742,500000,0.0,0.0019500000000000003,0.011700000000000044,0.011861386934081572,tap2,slow,light,20260810_141717,True
2875247,0.0546,0.0507,0.9165,2875.247,500000,0.0,0.0019500000000000003,0.007800000000000029,0.008040055969954467,tap2,slow,light,20260810_141717,True
2877728,0.0468,0.0546,0.9165,2877.728,500000,-0.007800000000000001,0.005850000000000001,0.007800000000000029,0.012486092262994075,tap2,slow,light,20260810_141717,True
2880239,0.0546,0.0546,0.9165,2880.239,500000,0.0,0.005850000000000001,0.007800000000000029,0.009750000000000024,tap2,slow,light,20260810_141717,True
2882737,0.0546,0.0468,0.9204,2882.737,500000,0.0,-0.0019500000000000003,0.011700000000000044,0.011861386934081572,tap2,slow,light,20260810_141717,True
2885241,0.0546,0.0429,0.9204,2885.241,500000,0.0,-0.005850000000000001,0.011700000000000044,0.01308099766837381,tap2,slow,light,20260810_141717,True
2887747,0.0585,0.039,0.9165,2887.747,500000,0.0039000000000000007,-0.009750000000000002,0.007800000000000029,0.013080997668373787,tap2,slow,light,20260810_141717,True
2890236,0.0468,0.0468,0.9165,2890.236,500000,-0.007800000000000001,-0.0019500000000000003,0.007800000000000029,0.011201897160749177,tap2,slow,light,20260810_141717,True
2892735,0.0468,0.0507,0.9126,2892.735,500000,-0.007800000000000001,0.0019500000000000003,0.0039000000000000146,0.008936022605163896,tap2,slow,light,20260810_141717,True
2895233,0.0507,0.0468,0.9126,2895.233,500000,-0.0039000000000000007,-0.0019500000000000003,0.0039000000000000146,0.005850000000000011,tap2,slow,light,20260810_141717,True
2897743,0.0546,0.0468,0.9165,2897.743,500000,0.0,-0.0019500000000000003,0.007800000000000029,0.008040055969954467,tap2,slow,light,20260810_141717,True
2900230,0.0507,0.0468,0.9126,2900.23,500000,-0.0039000000000000007,-0.0019500000000000003,0.0039000000000000146,0.005850000000000011,tap2,slow,light,20260810_141717,True
2902750,0.0546,0.0546,0.9087,2902.75,500000,0.0,0.005850000000000001,0.0,0.005850000000000001,tap2,slow,light,20260810_141717,True
2905252,0.0507,0.0507,0.9087,2905.252,500000,-0.0039000000000000007,0.0019500000000000003,0.0,0.004360332556124591,tap2,slow,light,20260810_141717,True
2907731,0.0507,0.0507,0.9165,2907.731,500000,-0.0039000000000000007,0.0019500000000000003,0.007800000000000029,0.008936022605163914,tap2,slow,light,20260810_141717,True
2910243,0.0546,0.0429,0.9126,2910.243,500000,0.0,-0.005850000000000001,0.0039000000000000146,0.007030824987154788,tap2,slow,light,20260810_141717,True
2912735,0.0468,0.0546,0.9126,2912.735,500000,-0.007800000000000001,0.005850000000000001,0.0039000000000000146,0.01050107137391229,tap2,slow,light,20260810_141717,True
2915235,0.0546,0.0468,0.9204,2915.235,500000,0.0,-0.0019500000000000003,0.011700000000000044,0.011861386934081572,tap2,slow,light,20260810_141717,True
2917746,0.0585,0.0468,0.9126,2917.746,500000,0.0039000000000000007,-0.0019500000000000003,0.0039000000000000146,0.005850000000000011,tap2,slow,light,20260810_141717,True
2920247,0.0546,0.0429,0.9165,2920.247,500000,0.0,-0.005850000000000001,0.007800000000000029,0.009750000000000024,tap2,slow,light,20260810_141717,True
2922742,0.0546,0.0468,0.9165,2922.742,500000,0.0,-0.0019500000000000003,0.007800000000000029,0.008040055969954467,tap2,slow,light,20260810_141717,True
2925244,0.0585,0.0507,0.9126,2925.244,500000,0.0039000000000000007,0.0019500000000000003,0.0039000000000000146,0.005850000000000011,tap2,slow,light,20260810_141717,True
2927755,0.0585,0.0429,0.9126,2927.755,500000,0.0039000000000000007,-0.005850000000000001,0.0039000000000000146,0.008040055969954446,tap2,slow,light,20260810_141717,True
2930237,0.0507,0.0468,0.9087,2930.237,500000,-0.0039000000000000007,-0.0019500000000000003,0.0,0.004360332556124591,tap2,slow,light,20260810_141717,True
2932729,0.0546,0.0507,0.9165,2932.729,500000,0.0,0.0019500000000000003,0.007800000000000029,0.008040055969954467,tap2,slow,light,20260810_141717,True
2935256,0.0546,0.039,0.9243,2935.256,500000,0.0,-0.009750000000000002,0.015600000000000058,0.01839626320751043,tap2,slow,light,20260810_141717,True
2937734,0.0546,0.0507,0.9243,2937.734,500000,0.0,0.0019500000000000003,0.015600000000000058,0.01572140260918223,tap2,slow,light,20260810_141717,True
2940246,0.0468,0.0429,0.9165,2940.246,500000,-0.007800000000000001,-0.005850000000000001,0.007800000000000029,0.012486092262994075,tap2,slow,light,20260810_141717,True
2942738,0.0507,0.039,0.9165,2942.738,500000,-0.0039000000000000007,-0.009750000000000002,0.007800000000000029,0.013080997668373787,tap2,slow,light,20260810_141717,True
2945229,0.0468,0.0468,0.9126,2945.229,500000,-0.007800000000000001,-0.0019500000000000003,0.0039000000000000146,0.008936022605163896,tap2,slow,light,20260810_141717,True
2947750,0.0507,0.0546,0.9165,2947.75,500000,-0.0039000000000000007,0.005850000000000001,0.007800000000000029,0.010501071373912305,tap2,slow,light,20260810_141717,True
2950229,0.0507,0.0546,0.9165,2950.229,500000,-0.0039000000000000007,0.005850000000000001,0.007800000000000029,0.010501071373912305,tap2,slow,light,20260810_141717,True
2952744,0.0429,0.0507,0.9126,2952.744,500000,-0.011700000000000002,0.0019500000000000003,0.0039000000000000146,0.012486092262994061,tap2,slow,light,20260810_141717,True
2955241,0.0507,0.0507,0.9204,2955.241,500000,-0.0039000000000000007,0.0019500000000000003,0.011700000000000044,0.012486092262994096,tap2,slow,light,20260810_141717,True
2957740,0.0585,0.0429,0.9204,2957.74,500000,0.0039000000000000007,-0.005850000000000001,0.011700000000000044,0.013650000000000037,tap2,slow,light,20260810_141717,True
2960239,0.0468,0.039,0.9165,2960.239,500000,-0.007800000000000001,-0.009750000000000002,0.007800000000000029,0.014722177148777979,tap2,slow,light,20260810_141717,True
2962737,0.0429,0.0507,0.9165,2962.737,500000,-0.011700000000000002,0.0019500000000000003,0.007800000000000029,0.014196214284097028,tap2,slow,light,20260810_141717,True
2965227,0.0585,0.0429,0.9165,2965.227,500000,0.0039000000000000007,-0.005850000000000001,0.007800000000000029,0.010501071373912305,tap2,slow,light,20260810_141717,True
2967748,0.0546,0.0507,0.9087,2967.748,500000,0.0,0.0019500000000000003,0.0,0.0019500000000000003,tap2,slow,light,20260810_141717,True
2970235,0.0507,0.0624,0.9243,2970.235,500000,-0.0039000000000000007,0.013649999999999995,0.015600000000000058,0.021092474961464377,tap2,slow,light,20260810_141717,True
2972730,0.0585,0.0468,0.9204,2972.73,500000,0.0039000000000000007,-0.0019500000000000003,0.011700000000000044,0.012486092262994096,tap2,slow,light,20260810_141717,True
2975237,0.0507,0.0429,0.9126,2975.237,500000,-0.0039000000000000007,-0.005850000000000001,0.0039000000000000146,0.008040055969954446,tap2,slow,light,20260810_141717,True
2977749,0.0507,0.0546,0.9009,2977.749,500000,-0.0039000000000000007,0.005850000000000001,-0.007799999999999918,0.010501071373912223,tap2,slow,light,20260810_141717,True
2980231,0.0546,0.0585,0.9126,2980.231,500000,0.0,0.009750000000000002,0.0039000000000000146,0.010501071373912289,tap2,slow,light,20260810_141717,True
2982755,0.0507,0.0546,0.9204,2982.755,500000,-0.0039000000000000007,0.005850000000000001,0.011700000000000044,0.013650000000000037,tap2,slow,light,20260810_141717,True
2985246,0.0585,0.0429,0.9165,2985.246,500000,0.0039000000000000007,-0.005850000000000001,0.007800000000000029,0.010501071373912305,tap2,slow,light,20260810_141717,True
2987728,0.0546,0.0507,0.9048,2987.728,500000,0.0,0.0019500000000000003,-0.0038999999999999035,0.004360332556124504,tap2,slow,light,20260810_141717,True
2990252,0.0507,0.0468,0.9204,2990.252,500000,-0.0039000000000000007,-0.0019500000000000003,0.011700000000000044,0.012486092262994096,tap2,slow,light,20260810_141717,True
2992743,0.0624,0.0468,0.9087,2992.743,500000,0.0077999999999999944,-0.0019500000000000003,0.0,0.008040055969954432,tap2,slow,light,20260810_141717,True
2995242,0.0507,0.0429,0.9087,2995.242,500000,-0.0039000000000000007,-0.005850000000000001,0.0,0.00703082498715478,tap2,slow,light,20260810_141717,True
2997750,0.0507,0.0546,0.9126,2997.75,500000,-0.0039000000000000007,0.005850000000000001,0.0039000000000000146,0.008040055969954446,tap2,slow,light,20260810_141717,True
3000234,0.0585,0.0429,0.9165,3000.234,500000,0.0039000000000000007,-0.005850000000000001,0.007800000000000029,0.010501071373912305,tap2,slow,light,20260810_141717,True
3002732,0.0507,0.0429,0.9087,3002.732,500000,-0.0039000000000000007,-0.005850000000000001,0.0,0.00703082498715478,tap2,slow,light,20260810_141717,True
3005231,0.0468,0.0468,0.9165,3005.231,500000,-0.007800000000000001,-0.0019500000000000003,0.007800000000000029,0.011201897160749177,tap2,slow,light,20260810_141717,True
3007741,0.0507,0.0468,0.9165,3007.741,500000,-0.0039000000000000007,-0.0019500000000000003,0.007800000000000029,0.008936022605163914,tap2,slow,light,20260810_141717,True
3010253,0.0585,0.0429,0.9087,3010.253,500000,0.0039000000000000007,-0.005850000000000001,0.0,0.00703082498715478,tap2,slow,light,20260810_141717,True
3012742,0.0468,0.0468,0.9165,3012.742,500000,-0.007800000000000001,-0.0019500000000000003,0.007800000000000029,0.011201897160749177,tap2,slow,light,20260810_141717,True
3015240,0.0546,0.0429,0.9087,3015.24,500000,0.0,-0.005850000000000001,0.0,0.005850000000000001,tap2,slow,light,20260810_141717,True
3017752,0.0507,0.0468,0.9126,3017.752,500000,-0.0039000000000000007,-0.0019500000000000003,0.0039000000000000146,0.005850000000000011,tap2,slow,light,20260810_141717,True
3020233,0.0468,0.0468,0.9243,3020.233,500000,-0.007800000000000001,-0.0019500000000000003,0.015600000000000058,0.01755000000000005,tap2,slow,light,20260810_141717,True
3022754,0.0507,0.0546,0.9165,3022.754,500000,-0.0039000000000000007,0.005850000000000001,0.007800000000000029,0.010501071373912305,tap2,slow,light,20260810_141717,True
3025255,0.0468,0.0585,0.9165,3025.255,500000,-0.007800000000000001,0.009750000000000002,0.007800000000000029,0.014722177148777979,tap2,slow,light,20260810_141717,True
3027736,0.0507,0.0507,0.9087,3027.736,500000,-0.0039000000000000007,0.0019500000000000003,0.0,0.004360332556124591,tap2,slow,light,20260810_141717,True
3030250,0.0507,0.0429,0.9204,3030.25,500000,-0.0039000000000000007,-0.005850000000000001,0.011700000000000044,0.013650000000000037,tap2,slow,light,20260810_141717,True
3032740,0.0507,0.0468,0.9126,3032.74,500000,-0.0039000000000000007,-0.0019500000000000003,0.0039000000000000146,0.005850000000000011,tap2,slow,light,20260810_141717,True
3035237,0.0507,0.0468,0.9204,3035.237,500000,-0.0039000000000000007,-0.0019500000000000003,0.011700000000000044,0.012486092262994096,tap2,slow,light,20260810_141717,True
3037749,0.0507,0.0507,0.9165,3037.749,500000,-0.0039000000000000007,0.0019500000000000003,0.007800000000000029,0.008936022605163914,tap2,slow,light,20260810_141717,True
3040233,0.0468,0.0546,0.9204,3040.233,500000,-0.007800000000000001,0.005850000000000001,0.011700000000000044,0.01522998686801801,tap2,slow,light,20260810_141717,True
3042729,0.0585,0.0546,0.9204,3042.729,500000,0.0039000000000000007,0.005850000000000001,0.011700000000000044,0.013650000000000037,tap2,slow,light,20260810_141717,True
3045249,0.0468,0.0585,0.9204,3045.249,500000,-0.007800000000000001,0.009750000000000002,0.011700000000000044,0.01711118055541467,tap2,slow,light,20260810_141717,True
3047740,0.0507,0.0468,0.9165,3047.74,500000,-0.0039000000000000007,-0.0019500000000000003,0.007800000000000029,0.008936022605163914,tap2,slow,light,20260810_141717,True
3050232,0.0468,0.0507,0.9243,3050.232,500000,-0.007800000000000001,0.0019500000000000003,0.015600000000000058,0.01755000000000005,tap2,slow,light,20260810_141717,True
3052731,0.0468,0.0507,0.9243,3052.731,500000,-0.007800000000000001,0.0019500000000000003,0.015600000000000058,0.01755000000000005,tap2,slow,light,20260810_141717,True
3055229,0.0507,0.0507,0.9204,3055.229,500000,-0.0039000000000000007,0.0019500000000000003,0.011700000000000044,0.012486092262994096,tap2,slow,light,20260810_141717,True
3057741,0.0546,0.0546,0.9087,3057.741,500000,0.0,0.005850000000000001,0.0,0.005850000000000001,tap2,slow,light,20260810_141717,True
3060243,0.0624,0.0507,0.9204,3060.243,500000,0.0077999999999999944,0.0019500000000000003,0.011700000000000044,0.014196214284097043,tap2,slow,light,20260810_141717,True
3062753,0.0546,0.0468,0.9204,3062.753,500000,0.0,-0.0019500000000000003,0.011700000000000044,0.011861386934081572,tap2,slow,light,20260810_141717,True
3065240,0.0585,0.0507,0.9204,3065.24,500000,0.0039000000000000007,0.0019500000000000003,0.011700000000000044,0.012486092262994096,tap2,slow,light,20260810_141717,True
3067728,0.0507,0.0546,0.9165,3067.728,500000,-0.0039000000000000007,0.005850000000000001,0.007800000000000029,0.010501071373912305,tap2,slow,light,20260810_141717,True
3070238,0.0429,0.0468,0.9087,3070.238,500000,-0.011700000000000002,-0.0019500000000000003,0.0,0.01186138693408153,tap2,slow,light,20260810_141717,True
3072735,0.0507,0.0429,0.9204,3072.735,500000,-0.0039000000000000007,-0.005850000000000001,0.011700000000000044,0.013650000000000037,tap2,slow,light,20260810_141717,True
3075235,0.0507,0.0507,0.9087,3075.235,500000,-0.0039000000000000007,0.0019500000000000003,0.0,0.004360332556124591,tap2,slow,light,20260810_141717,True
3077731,0.0507,0.0468,0.9165,3077.731,500000,-0.0039000000000000007,-0.0019500000000000003,0.007800000000000029,0.008936022605163914,tap2,slow,light,20260810_141717,True
3080249,0.0507,0.0468,0.9165,3080.249,500000,-0.0039000000000000007,-0.0019500000000000003,0.007800000000000029,0.008936022605163914,tap2,slow,light,20260810_141717,True
3082743,0.0585,0.0468,0.9321,3082.743,500000,0.0039000000000000007,-0.0019500000000000003,0.023400000000000087,0.023802783450680806,tap2,slow,light,20260810_141717,True
3085246,0.0585,0.0429,0.9126,3085.246,500000,0.0039000000000000007,-0.005850000000000001,0.0039000000000000146,0.008040055969954446,tap2,slow,light,20260810_141717,True
3087750,0.0546,0.0507,0.9048,3087.75,500000,0.0,0.0019500000000000003,-0.0038999999999999035,0.004360332556124504,tap2,slow,light,20260810_141717,True
3090239,0.0468,0.0507,0.9126,3090.239,500000,-0.007800000000000001,0.0019500000000000003,0.0039000000000000146,0.008936022605163896,tap2,slow,light,20260810_141717,True
3092737,0.0546,0.0429,0.9087,3092.737,500000,0.0,-0.005850000000000001,0.0,0.005850000000000001,tap2,slow,light,20260810_141717,True
3095234,0.0546,0.0546,0.9165,3095.234,500000,0.0,0.005850000000000001,0.007800000000000029,0.009750000000000024,tap2,slow,light,20260810_141717,True
3097747,0.0468,0.0507,0.9204,3097.747,500000,-0.007800000000000001,0.0019500000000000003,0.011700000000000044,0.014196214284097047,tap2,slow,light,20260810_141717,True
3100233,0.0429,0.0507,0.9204,3100.233,500000,-0.011700000000000002,0.0019500000000000003,0.011700000000000044,0.01666080730336922,tap2,slow,light,20260810_141717,True
3102754,0.0507,0.0468,0.9126,3102.754,500000,-0.0039000000000000007,-0.0019500000000000003,0.0039000000000000146,0.005850000000000011,tap2,slow,light,20260810_141717,True
3105255,0.0468,0.0507,0.9204,3105.255,500000,-0.007800000000000001,0.0019500000000000003,0.011700000000000044,0.014196214284097047,tap2,slow,light,20260810_141717,True
3107736,0.0546,0.0468,0.9243,3107.736,500000,0.0,-0.0019500000000000003,0.015600000000000058,0.01572140260918223,tap2,slow,light,20260810_141717,True
3110249,0.0468,0.0429,0.9243,3110.249,500000,-0.007800000000000001,-0.005850000000000001,0.015600000000000058,0.01839626320751043,tap2,slow,light,20260810_141717,True
3112740,0.0546,0.0507,0.9321,3112.74,500000,0.0,0.0019500000000000003,0.023400000000000087,0.023481109428645064,tap2,slow,light,20260810_141717,True
3115239,0.0507,0.0429,0.9165,3115.239,500000,-0.0039000000000000007,-0.005850000000000001,0.007800000000000029,0.010501071373912305,tap2,slow,light,20260810_141717,True
3117726,0.0507,0.0546,0.9204,3117.726,500000,-0.0039000000000000007,0.005850000000000001,0.011700000000000044,0.013650000000000037,tap2,slow,light,20260810_141717,True
3120242,0.0507,0.0507,0.9126,3120.242,500000,-0.0039000000000000007,0.0019500000000000003,0.0039000000000000146,0.005850000000000011,tap2,slow,light,20260810_141717,True
3122737,0.0507,0.0468,0.9087,3122.737,500000,-0.0039000000000000007,-0.0019500000000000003,0.0,0.004360332556124591,tap2,slow,light,20260810_141717,True
3125239,0.0468,0.0507,0.9165,3125.239,500000,-0.007800000000000001,0.0019500000000000003,0.007800000000000029,0.011201897160749177,tap2,slow,light,20260810_141717,True
3127749,0.0507,0.0468,0.9204,3127.749,500000,-0.0039000000000000007,-0.0019500000000000003,0.011700000000000044,0.012486092262994096,tap2,slow,light,20260810_141717,True
3130232,0.0546,0.0507,0.9204,3130.232,500000,0.0,0.0019500000000000003,0.011700000000000044,0.011861386934081572,tap2,slow,light,20260810_141717,True
3132755,0.0546,0.0468,0.9165,3132.755,500000,0.0,-0.0019500000000000003,0.007800000000000029,0.008040055969954467,tap2,slow,light,20260810_141717,True
3135253,0.0468,0.0468,0.9126,3135.253,500000,-0.007800000000000001,-0.0019500000000000003,0.0039000000000000146,0.008936022605163896,tap2,slow,light,20260810_141717,True
3137733,0.0468,0.0429,0.9165,3137.733,500000,-0.007800000000000001,-0.005850000000000001,0.007800000000000029,0.012486092262994075,tap2,slow,light,20260810_141717,True
3140243,0.0546,0.0468,0.9087,3140.243,500000,0.0,-0.0019500000000000003,0.0,0.0019500000000000003,tap2,slow,light,20260810_141717,True
3142741,0.0546,0.0429,0.9165,3142.741,500000,0.0,-0.005850000000000001,0.007800000000000029,0.009750000000000024,tap2,slow,light,20260810_141717,True
3145236,0.0546,0.0429,0.9165,3145.236,500000,0.0,-0.005850000000000001,0.007800000000000029,0.009750000000000024,tap2,slow,light,20260810_141717,True
3147755,0.0468,0.0429,0.9204,3147.755,500000,-0.007800000000000001,-0.005850000000000001,0.011700000000000044,0.01522998686801801,tap2,slow,light,20260810_141717,True
3150231,0.0468,0.0507,0.9087,3150.231,500000,-0.007800000000000001,0.0019500000000000003,0.0,0.008040055969954439,tap2,slow,light,20260810_141717,True
3152726,0.0507,0.0507,0.9204,3152.726,500000,-0.0039000000000000007,0.0019500000000000003,0.011700000000000044,0.012486092262994096,tap2,slow,light,20260810_141717,True
3155254,0.0468,0.0468,0.9165,3155.254,500000,-0.007800000000000001,-0.0019500000000000003,0.007800000000000029,0.011201897160749177,tap2,slow,light,20260810_141717,True
3157733,0.0468,0.0468,0.9165,3157.733,500000,-0.007800000000000001,-0.0019500000000000003,0.007800000000000029,0.011201897160749177,tap2,slow,light,20260810_141717,True
3160246,0.0507,0.0507,0.9126,3160.246,500000,-0.0039000000000000007,0.0019500000000000003,0.0039000000000000146,0.005850000000000011,tap2,slow,light,20260810_141717,True
3162754,0.0546,0.0546,0.9087,3162.754,500000,0.0,0.005850000000000001,0.0,0.005850000000000001,tap2,slow,light,20260810_141717,True
3165236,0.0507,0.0546,0.9048,3165.236,500000,-0.0039000000000000007,0.005850000000000001,-0.0038999999999999035,0.008040055969954392,tap2,slow,light,20260810_141717,True
3167726,0.0585,0.0429,0.9126,3167.726,500000,0.0039000000000000007,-0.005850000000000001,0.0039000000000000146,0.008040055969954446,tap2,slow,light,20260810_141717,True
3170236,0.0507,0.0429,0.9048,3170.236,500000,-0.0039000000000000007,-0.005850000000000001,-0.0038999999999999035,0.008040055969954392,tap2,slow,light,20260810_141717,True
3172727,0.0546,0.039,0.9204,3172.727,500000,0.0,-0.009750000000000002,0.011700000000000044,0.01522998686801801,tap2,slow,light,20260810_141717,True
3175232,0.0429,0.0546,0.9087,3175.232,500000,-0.011700000000000002,0.005850000000000001,0.0,0.013080997668373772,tap2,slow,light,20260810_141717,True
3177746,0.0585,0.0546,0.9204,3177.746,500000,0.0039000000000000007,0.005850000000000001,0.011700000000000044,0.013650000000000037,tap2,slow,light,20260810_141717,True
3180226,0.0468,0.0546,0.9204,3180.226,500000,-0.007800000000000001,0.005850000000000001,0.011700000000000044,0.01522998686801801,tap2,slow,light,20260810_141717,True
3182737,0.0546,0.0468,0.9048,3182.737,500000,0.0,-0.0019500000000000003,-0.0038999999999999035,0.004360332556124504,tap2,slow,light,20260810_141717,True
3185246,0.0429,0.0507,0.9087,3185.246,500000,-0.011700000000000002,0.0019500000000000003,0.0,0.01186138693408153,tap2,slow,light,20260810_141717,True
3187754,0.0507,0.0507,0.9204,3187.754,500000,-0.0039000000000000007,0.0019500000000000003,0.011700000000000044,0.012486092262994096,tap2,slow,light,20260810_141717,True
3190248,0.0507,0.0429,0.9165,3190.248,500000,-0.0039000000000000007,-0.005850000000000001,0.007800000000000029,0.010501071373912305,tap2,slow,light,20260810_141717,True
3192739,0.0585,0.0468,0.9126,3192.739,500000,0.0039000000000000007,-0.0019500000000000003,0.0039000000000000146,0.005850000000000011,tap2,slow,light,20260810_141717,True
3195235,0.0585,0.0468,0.9126,3195.235,500000,0.0039000000000000007,-0.0019500000000000003,0.0039000000000000146,0.005850000000000011,tap2,slow,light,20260810_141717,True
3197746,0.0468,0.0468,0.9126,3197.746,500000,-0.007800000000000001,-0.0019500000000000003,0.0039000000000000146,0.008936022605163896,tap2,slow,light,20260810_141717,True
3200234,0.0624,0.0429,0.9126,3200.234,500000,0.0077999999999999944,-0.005850000000000001,0.0039000000000000146,0.010501071373912286,tap2,slow,light,20260810_141717,True
3202755,0.0546,0.0507,0.9126,3202.755,500000,0.0,0.0019500000000000003,0.0039000000000000146,0.004360332556124604,tap2,slow,light,20260810_141717,True
3205254,0.0546,0.0468,0.9165,3205.254,500000,0.0,-0.0019500000000000003,0.007800000000000029,0.008040055969954467,tap2,slow,light,20260810_141717,True
3207735,0.0507,0.0468,0.9165,3207.735,500000,-0.0039000000000000007,-0.0019500000000000003,0.007800000000000029,0.008936022605163914,tap2,slow,light,20260810_141717,True
3210250,0.0546,0.0546,0.9243,3210.25,500000,0.0,0.005850000000000001,0.015600000000000058,0.01666080730336924,tap2,slow,light,20260810_141717,True
3212741,0.0468,0.0507,0.9126,3212.741,500000,-0.007800000000000001,0.0019500000000000003,0.0039000000000000146,0.008936022605163896,tap2,slow,light,20260810_141717,True
3215238,0.0507,0.0468,0.9126,3215.238,500000,-0.0039000000000000007,-0.0019500000000000003,0.0039000000000000146,0.005850000000000011,tap2,slow,light,20260810_141717,True
3217748,0.0546,0.0507,0.9126,3217.748,500000,0.0,0.0019500000000000003,0.0039000000000000146,0.004360332556124604,tap2,slow,light,20260810_141717,True
3220230,0.0507,0.0546,0.9165,3220.23,500000,-0.0039000000000000007,0.005850000000000001,0.007800000000000029,0.010501071373912305,tap2,slow,light,20260810_141717,True
3222753,0.0507,0.0429,0.9204,3222.753,500000,-0.0039000000000000007,-0.005850000000000001,0.011700000000000044,0.013650000000000037,tap2,slow,light,20260810_141717,True
3225255,0.0507,0.0429,0.9165,3225.255,500000,-0.0039000000000000007,-0.005850000000000001,0.007800000000000029,0.010501071373912305,tap2,slow,light,20260810_141717,True
3227736,0.0468,0.0546,0.9087,3227.736,500000,-0.007800000000000001,0.005850000000000001,0.0,0.009750000000000002,tap2,slow,light,20260810_141717,True
3230251,0.0507,0.0468,0.9087,3230.251,500000,-0.0039000000000000007,-0.0019500000000000003,0.0,0.004360332556124591,tap2,slow,light,20260810_141717,True
3232738,0.0507,0.0429,0.9087,3232.738,500000,-0.0039000000000000007,-0.005850000000000001,0.0,0.00703082498715478,tap2,slow,light,20260810_141717,True
3235235,0.0507,0.0468,0.9126,3235.235,500000,-0.0039000000000000007,-0.0019500000000000003,0.0039000000000000146,0.005850000000000011,tap2,slow,light,20260810_141717,True
3237746,0.0546,0.0468,0.9048,3237.746,500000,0.0,-0.0019500000000000003,-0.0038999999999999035,0.004360332556124504,tap2,slow,light,20260810_141717,True
3240228,0.0468,0.0546,0.9087,3240.228,500000,-0.007800000000000001,0.005850000000000001,0.0,0.009750000000000002,tap2,slow,light,20260810_141717,True
3242750,0.0507,0.0507,0.9126,3242.75,500000,-0.0039000000000000007,0.0019500000000000003,0.0039000000000000146,0.005850000000000011,tap2,slow,light,20260810_141717,True
3245239,0.0546,0.0429,0.9243,3245.239,500000,0.0,-0.005850000000000001,0.015600000000000058,0.01666080730336924,tap2,slow,light,20260810_141717,True
3247746,0.0546,0.0507,0.9048,3247.746,500000,0.0,0.0019500000000000003,-0.0038999999999999035,0.004360332556124504,tap2,slow,light,20260810_141717,True
3250254,0.0546,0.0507,0.9204,3250.254,500000,0.0,0.0019500000000000003,0.011700000000000044,0.011861386934081572,tap2,slow,light,20260810_141717,True
3252740,0.0507,0.0468,0.9126,3252.74,500000,-0.0039000000000000007,-0.0019500000000000003,0.0039000000000000146,0.005850000000000011,tap2,slow,light,20260810_141717,True
3255238,0.0546,0.0507,0.9204,3255.238,500000,0.0,0.0019500000000000003,0.011700000000000044,0.011861386934081572,tap2,slow,light,20260810_141717,True
3257747,0.0468,0.0507,0.9087,3257.747,500000,-0.007800000000000001,0.0019500000000000003,0.0,0.008040055969954439,tap2,slow,light,20260810_141717,True
3260230,0.0468,0.0507,0.9087,3260.23,500000,-0.007800000000000001,0.0019500000000000003,0.0,0.008040055969954439,tap2,slow,light,20260810_141717,True
3262755,0.0507,0.0546,0.9243,3262.755,500000,-0.0039000000000000007,0.005850000000000001,0.015600000000000058,0.017111180555414694,tap2,slow,light,20260810_141717,True
3265245,0.0585,0.0429,0.9243,3265.245,500000,0.0039000000000000007,-0.005850000000000001,0.015600000000000058,0.017111180555414694,tap2,slow,light,20260810_141717,True
3267737,0.0468,0.0585,0.9204,3267.737,500000,-0.007800000000000001,0.009750000000000002,0.011700000000000044,0.01711118055541467,tap2,slow,light,20260810_141717,True
3270249,0.0585,0.0507,0.9126,3270.249,500000,0.0039000000000000007,0.0019500000000000003,0.0039000000000000146,0.005850000000000011,tap2,slow,light,20260810_141717,True
3272741,0.0507,0.0546,0.9204,3272.741,500000,-0.0039000000000000007,0.005850000000000001,0.011700000000000044,0.013650000000000037,tap2,slow,light,20260810_141717,True
3275245,0.0585,0.0507,0.9243,3275.245,500000,0.0039000000000000007,0.0019500000000000003,0.015600000000000058,0.0161979165326903,tap2,slow,light,20260810_141717,True
3277726,0.0507,0.0546,0.9009,3277.726,500000,-0.0039000000000000007,0.005850000000000001,-0.007799999999999918,0.010501071373912223,tap2,slow,light,20260810_141717,True
3280239,0.0702,0.0546,0.9126,3280.239,500000,0.015599999999999996,0.005850000000000001,0.0039000000000000146,0.017111180555414638,tap2,slow,light,20260810_141717,True
3282737,0.0546,0.0585,0.9126,3282.737,500000,0.0,0.009750000000000002,0.0039000000000000146,0.010501071373912289,tap2,slow,light,20260810_141717,True
3285241,0.0468,0.0546,0.9165,3285.241,500000,-0.007800000000000001,0.005850000000000001,0.007800000000000029,0.012486092262994075,tap2,slow,light,20260810_141717,True
3287747,0.0546,0.0429,0.9243,3287.747,500000,0.0,-0.005850000000000001,0.015600000000000058,0.01666080730336924,tap2,slow,light,20260810_141717,True
3290236,0.0468,0.0546,0.9087,3290.236,500000,-0.007800000000000001,0.005850000000000001,0.0,0.009750000000000002,tap2,slow,light,20260810_141717,True
3292729,0.0507,0.0507,0.9243,3292.729,500000,-0.0039000000000000007,0.0019500000000000003,0.015600000000000058,0.0161979165326903,tap2,slow,light,20260810_141717,True
3295228,0.0546,0.0429,0.9087,3295.228,500000,0.0,-0.005850000000000001,0.0,0.005850000000000001,tap2,slow,light,20260810_141717,True
3297738,0.0585,0.039,0.9048,3297.738,500000,0.0039000000000000007,-0.009750000000000002,-0.0038999999999999035,0.011201897160749123,tap2,slow,light,20260810_141717,True
3300256,0.0507,0.0468,0.9126,3300.256,500000,-0.0039000000000000007,-0.0019500000000000003,0.0039000000000000146,0.005850000000000011,tap2,slow,light,20260810_141717,True
3302742,0.0585,0.0546,0.9087,3302.742,500000,0.0039000000000000007,0.005850000000000001,0.0,0.00703082498715478,tap2,slow,light,20260810_141717,True
3305241,0.0585,0.0507,0.9087,3305.241,500000,0.0039000000000000007,0.0019500000000000003,0.0,0.004360332556124591,tap2,slow,light,20260810_141717,True
3307750,0.0546,0.0429,0.9126,3307.75,500000,0.0,-0.005850000000000001,0.0039000000000000146,0.007030824987154788,tap2,slow,light,20260810_141717,True
3310233,0.0624,0.0468,0.9165,3310.233,500000,0.0077999999999999944,-0.0019500000000000003,0.007800000000000029,0.011201897160749172,tap2,slow,light,20260810_141717,True
3312740,0.0546,0.0585,0.9165,3312.74,500000,0.0,0.009750000000000002,0.007800000000000029,0.012486092262994073,tap2,slow,light,20260810_141717,True
3315243,0.0468,0.0468,0.9126,3315.243,500000,-0.007800000000000001,-0.0019500000000000003,0.0039000000000000146,0.008936022605163896,tap2,slow,light,20260810_141717,True
3317752,0.0546,0.0468,0.9204,3317.752,500000,0.0,-0.0019500000000000003,0.011700000000000044,0.011861386934081572,tap2,slow,light,20260810_141717,True
3320240,0.0468,0.0468,0.9126,3320.24,500000,-0.007800000000000001,-0.0019500000000000003,0.0039000000000000146,0.008936022605163896,tap2,slow,light,20260810_141717,True
3322738,0.0546,0.0429,0.9243,3322.738,500000,0.0,-0.005850000000000001,0.015600000000000058,0.01666080730336924,tap2,slow,light,20260810_141717,True
3325238,0.0507,0.0429,0.9165,3325.238,500000,-0.0039000000000000007,-0.005850000000000001,0.007800000000000029,0.010501071373912305,tap2,slow,light,20260810_141717,True
3327750,0.0507,0.0507,0.9204,3327.75,500000,-0.0039000000000000007,0.0019500000000000003,0.011700000000000044,0.012486092262994096,tap2,slow,light,20260810_141717,True
3330232,0.0624,0.0429,0.9243,3330.232,500000,0.0077999999999999944,-0.005850000000000001,0.015600000000000058,0.018396263207510425,tap2,slow,light,20260810_141717,True
3332730,0.0546,0.0507,0.9126,3332.73,500000,0.0,0.0019500000000000003,0.0039000000000000146,0.004360332556124604,tap2,slow,light,20260810_141717,True
3335228,0.0546,0.0429,0.9126,3335.228,500000,0.0,-0.005850000000000001,0.0039000000000000146,0.007030824987154788,tap2,slow,light,20260810_141717,True
3337740,0.0546,0.0507,0.9126,3337.74,500000,0.0,0.0019500000000000003,0.0039000000000000146,0.004360332556124604,tap2,slow,light,20260810_141717,True
3340254,0.0507,0.0468,0.9126,3340.254,500000,-0.0039000000000000007,-0.0019500000000000003,0.0039000000000000146,0.005850000000000011,tap2,slow,light,20260810_141717,True
3342740,0.0546,0.0468,0.9087,3342.74,500000,0.0,-0.0019500000000000003,0.0,0.0019500000000000003,tap2,slow,light,20260810_141717,True
3345229,0.0507,0.0546,0.9165,3345.229,500000,-0.0039000000000000007,0.005850000000000001,0.007800000000000029,0.010501071373912305,tap2,slow,light,20260810_141717,True
3347752,0.0507,0.0429,0.9165,3347.752,500000,-0.0039000000000000007,-0.005850000000000001,0.007800000000000029,0.010501071373912305,tap2,slow,light,20260810_141717,True
3350226,0.0546,0.0546,0.9126,3350.226,500000,0.0,0.005850000000000001,0.0039000000000000146,0.007030824987154788,tap2,slow,light,20260810_141717,True
3352747,0.0468,0.0507,0.9165,3352.747,500000,-0.007800000000000001,0.0019500000000000003,0.007800000000000029,0.011201897160749177,tap2,slow,light,20260810_141717,True
3355244,0.0507,0.0468,0.9126,3355.244,500000,-0.0039000000000000007,-0.0019500000000000003,0.0039000000000000146,0.005850000000000011,tap2,slow,light,20260810_141717,True
3357752,0.0507,0.0585,0.9126,3357.752,500000,-0.0039000000000000007,0.009750000000000002,0.0039000000000000146,0.011201897160749163,tap2,slow,light,20260810_141717,True
3360235,0.0507,0.0468,0.9165,3360.235,500000,-0.0039000000000000007,-0.0019500000000000003,0.007800000000000029,0.008936022605163914,tap2,slow,light,20260810_141717,True
3362729,0.0507,0.0468,0.9165,3362.729,500000,-0.0039000000000000007,-0.0019500000000000003,0.007800000000000029,0.008936022605163914,tap2,slow,light,20260810_141717,True
3365235,0.0468,0.0546,0.9165,3365.235,500000,-0.007800000000000001,0.005850000000000001,0.007800000000000029,0.012486092262994075,tap2,slow,light,20260810_141717,True
3367733,0.0585,0.039,0.9204,3367.733,500000,0.0039000000000000007,-0.009750000000000002,0.011700000000000044,0.015721402609182204,tap2,slow,light,20260810_141717,True
3370254,0.0546,0.0468,0.9126,3370.254,500000,0.0,-0.0019500000000000003,0.0039000000000000146,0.004360332556124604,tap2,slow,light,20260810_141717,True
3372743,0.0507,0.0429,0.9165,3372.743,500000,-0.0039000000000000007,-0.005850000000000001,0.007800000000000029,0.010501071373912305,tap2,slow,light,20260810_141717,True
3375249,0.0546,0.0507,0.9126,3375.249,500000,0.0,0.0019500000000000003,0.0039000000000000146,0.004360332556124604,tap2,slow,light,20260810_141717,True
3377745,0.0507,0.0507,0.9126,3377.745,500000,-0.0039000000000000007,0.0019500000000000003,0.0039000000000000146,0.005850000000000011,tap2,slow,light,20260810_141717,True
3380235,0.0429,0.0507,0.9165,3380.235,500000,-0.011700000000000002,0.0019500000000000003,0.007800000000000029,0.014196214284097028,tap2,slow,light,20260810_141717,True
3382730,0.0546,0.0468,0.9282,3382.73,500000,0.0,-0.0019500000000000003,0.019500000000000073,0.019597257461185808,tap2,slow,light,20260810_141717,True
3385234,0.0429,0.0507,0.9165,3385.234,500000,-0.011700000000000002,0.0019500000000000003,0.007800000000000029,0.014196214284097028,tap2,slow,light,20260810_141717,True
3387738,0.0546,0.0429,0.9204,3387.738,500000,0.0,-0.005850000000000001,0.011700000000000044,0.01308099766837381,tap2,slow,light,20260810_141717,True
3390228,0.0507,0.0468,0.9126,3390.228,500000,-0.0039000000000000007,-0.0019500000000000003,0.0039000000000000146,0.005850000000000011,tap2,slow,light,20260810_141717,True
3392755,0.0585,0.0546,0.9087,3392.755,500000,0.0039000000000000007,0.005850000000000001,0.0,0.00703082498715478,tap2,slow,light,20260810_141717,True
3395254,0.0507,0.0507,0.9243,3395.254,500000,-0.0039000000000000007,0.0019500000000000003,0.015600000000000058,0.0161979165326903,tap2,slow,light,20260810_141717,True
3397736,0.0546,0.0507,0.9126,3397.736,500000,0.0,0.0019500000000000003,0.0039000000000000146,0.004360332556124604,tap2,slow,light,20260810_141717,True
3400254,0.0585,0.0507,0.9165,3400.254,500000,0.0039000000000000007,0.0019500000000000003,0.007800000000000029,0.008936022605163914,tap2,slow,light,20260810_141717,True
3402738,0.0624,0.0429,0.9048,3402.738,500000,0.0077999999999999944,-0.005850000000000001,-0.0038999999999999035,0.010501071373912244,tap2,slow,light,20260810_141717,True
3405235,0.0468,0.0468,0.9165,3405.235,500000,-0.007800000000000001,-0.0019500000000000003,0.007800000000000029,0.011201897160749177,tap2,slow,light,20260810_141717,True
3407746,0.0507,0.0468,0.9204,3407.746,500000,-0.0039000000000000007,-0.0019500000000000003,0.011700000000000044,0.012486092262994096,tap2,slow,light,20260810_141717,True
3410229,0.0507,0.0468,0.9048,3410.229,500000,-0.0039000000000000007,-0.0019500000000000003,-0.0038999999999999035,0.005849999999999936,tap2,slow,light,20260810_141717,True
3412755,0.0507,0.0546,0.9087,3412.755,500000,-0.0039000000000000007,0.005850000000000001,0.0,0.00703082498715478,tap2,slow,light,20260810_141717,True
3415254,0.0546,0.0546,0.9087,3415.254,500000,0.0,0.005850000000000001,0.0,0.005850000000000001,tap2,slow,light,20260810_141717,True
3417734,0.0507,0.0507,0.9204,3417.734,500000,-0.0039000000000000007,0.0019500000000000003,0.011700000000000044,0.012486092262994096,tap2,slow,light,20260810_141717,True
3420246,0.0468,0.0468,0.9087,3420.246,500000,-0.007800000000000001,-0.0019500000000000003,0.0,0.008040055969954439,tap2,slow,light,20260810_141717,True
3422737,0.0546,0.0468,0.9165,3422.737,500000,0.0,-0.0019500000000000003,0.007800000000000029,0.008040055969954467,tap2,slow,light,20260810_141717,True
3425238,0.0546,0.0507,0.9126,3425.238,500000,0.0,0.0019500000000000003,0.0039000000000000146,0.004360332556124604,tap2,slow,light,20260810_141717,True
3427748,0.0507,0.0507,0.9087,3427.748,500000,-0.0039000000000000007,0.0019500000000000003,0.0,0.004360332556124591,tap2,slow,light,20260810_141717,True
3430232,0.0546,0.0507,0.9126,3430.232,500000,0.0,0.0019500000000000003,0.0039000000000000146,0.004360332556124604,tap2,slow,light,20260810_141717,True
3432727,0.0585,0.0507,0.9087,3432.727,500000,0.0039000000000000007,0.0019500000000000003,0.0,0.004360332556124591,tap2,slow,light,20260810_141717,True
3435256,0.0507,0.0468,0.9126,3435.256,500000,-0.0039000000000000007,-0.0019500000000000003,0.0039000000000000146,0.005850000000000011,tap2,slow,light,20260810_141717,True
3437734,0.0507,0.0507,0.9243,3437.734,500000,-0.0039000000000000007,0.0019500000000000003,0.015600000000000058,0.0161979165326903,tap2,slow,light,20260810_141717,True
3440245,0.0507,0.0546,0.9204,3440.245,500000,-0.0039000000000000007,0.005850000000000001,0.011700000000000044,0.013650000000000037,tap2,slow,light,20260810_141717,True
3442741,0.0507,0.039,0.9165,3442.741,500000,-0.0039000000000000007,-0.009750000000000002,0.007800000000000029,0.013080997668373787,tap2,slow,light,20260810_141717,True
3445251,0.0546,0.0507,0.9126,3445.251,500000,0.0,0.0019500000000000003,0.0039000000000000146,0.004360332556124604,tap2,slow,light,20260810_141717,True
3447735,0.0468,0.0468,0.9048,3447.735,500000,-0.007800000000000001,-0.0019500000000000003,-0.0038999999999999035,0.008936022605163848,tap2,slow,light,20260810_141717,True
3450242,0.0585,0.0468,0.9126,3450.242,500000,0.0039000000000000007,-0.0019500000000000003,0.0039000000000000146,0.005850000000000011,tap2,slow,light,20260810_141717,True
3452737,0.0546,0.0429,0.9165,3452.737,500000,0.0,-0.005850000000000001,0.007800000000000029,0.009750000000000024,tap2,slow,light,20260810_141717,True
3455234,0.0507,0.0429,0.9087,3455.234,500000,-0.0039000000000000007,-0.005850000000000001,0.0,0.00703082498715478,tap2,slow,light,20260810_141717,True
3457746,0.0546,0.0468,0.9126,3457.746,500000,0.0,-0.0019500000000000003,0.0039000000000000146,0.004360332556124604,tap2,slow,light,20260810_141717,True
3460232,0.0468,0.0507,0.9087,3460.232,500000,-0.007800000000000001,0.0019500000000000003,0.0,0.008040055969954439,tap2,slow,light,20260810_141717,True
3462756,0.0546,0.0468,0.9126,3462.756,500000,0.0,-0.0019500000000000003,0.0039000000000000146,0.004360332556124604,tap2,slow,light,20260810_141717,True
3465236,0.0507,0.0507,0.9243,3465.236,500000,-0.0039000000000000007,0.0019500000000000003,0.015600000000000058,0.0161979165326903,tap2,slow,light,20260810_141717,True
3467726,0.0507,0.0507,0.9243,3467.726,500000,-0.0039000000000000007,0.0019500000000000003,0.015600000000000058,0.0161979165326903,tap2,slow,light,20260810_141717,True
3470243,0.0507,0.0468,0.9165,3470.243,500000,-0.0039000000000000007,-0.0019500000000000003,0.007800000000000029,0.008936022605163914,tap2,slow,light,20260810_141717,True
3472729,0.0624,0.0429,0.9165,3472.729,500000,0.0077999999999999944,-0.005850000000000001,0.007800000000000029,0.01248609226299407,tap2,slow,light,20260810_141717,True
3475235,0.0546,0.0468,0.9126,3475.235,500000,0.0,-0.0019500000000000003,0.0039000000000000146,0.004360332556124604,tap2,slow,light,20260810_141717,True
3477748,0.0468,0.0507,0.9243,3477.748,500000,-0.007800000000000001,0.0019500000000000003,0.015600000000000058,0.01755000000000005,tap2,slow,light,20260810_141717,True
3480237,0.0507,0.0468,0.9087,3480.237,500000,-0.0039000000000000007,-0.0019500000000000003,0.0,0.004360332556124591,tap2,slow,light,20260810_141717,True
3482728,0.0468,0.0468,0.9048,3482.728,500000,-0.007800000000000001,-0.0019500000000000003,-0.0038999999999999035,0.008936022605163848,tap2,slow,light,20260810_141717,True
3485233,0.0507,0.0546,0.9048,3485.233,500000,-0.0039000000000000007,0.005850000000000001,-0.0038999999999999035,0.008040055969954392,tap2,slow,light,20260810_141717,True
3487754,0.0546,0.0507,0.9126,3487.754,500000,0.0,0.0019500000000000003,0.0039000000000000146,0.004360332556124604,tap2,slow,light,20260810_141717,True
3490229,0.0546,0.0546,0.9165,3490.229,500000,0.0,0.005850000000000001,0.007800000000000029,0.009750000000000024,tap2,slow,light,20260810_141717,True
3492755,0.0468,0.0546,0.9087,3492.755,500000,-0.007800000000000001,0.005850000000000001,0.0,0.009750000000000002,tap2,slow,light,20260810_141717,True
3495254,0.0507,0.0546,0.9126,3495.254,500000,-0.0039000000000000007,0.005850000000000001,0.0039000000000000146,0.008040055969954446,tap2,slow,light,20260810_141717,True
3497733,0.0507,0.0468,0.9126,3497.733,500000,-0.0039000000000000007,-0.0019500000000000003,0.0039000000000000146,0.005850000000000011,tap2,slow,light,20260810_141717,True
3500250,0.0546,0.0468,0.9165,3500.25,500000,0.0,-0.0019500000000000003,0.007800000000000029,0.008040055969954467,tap2,slow,light,20260810_141717,True
3502742,0.0585,0.0429,0.9087,3502.742,500000,0.0039000000000000007,-0.005850000000000001,0.0,0.00703082498715478,tap2,slow,light,20260810_141717,True
3505238,0.0468,0.0468,0.8931,3505.238,500000,-0.007800000000000001,-0.0019500000000000003,-0.015599999999999947,0.017549999999999955,tap2,slow,light,20260810_141717,True
3507748,0.0546,0.0429,0.9126,3507.748,500000,0.0,-0.005850000000000001,0.0039000000000000146,0.007030824987154788,tap2,slow,light,20260810_141717,True
3510252,0.0507,0.0429,0.9165,3510.252,500000,-0.0039000000000000007,-0.005850000000000001,0.007800000000000029,0.010501071373912305,tap2,slow,light,20260810_141717,True
3512740,0.0507,0.0429,0.9204,3512.74,500000,-0.0039000000000000007,-0.005850000000000001,0.011700000000000044,0.013650000000000037,tap2,slow,light,20260810_141717,True
3515237,0.0546,0.0507,0.9204,3515.237,500000,0.0,0.0019500000000000003,0.011700000000000044,0.011861386934081572,tap2,slow,light,20260810_141717,True
3517747,0.0585,0.0468,0.9048,3517.747,500000,0.0039000000000000007,-0.0019500000000000003,-0.0038999999999999035,0.005849999999999936,tap2,slow,light,20260810_141717,True
3520231,0.0507,0.0468,0.9204,3520.231,500000,-0.0039000000000000007,-0.0019500000000000003,0.011700000000000044,0.012486092262994096,tap2,slow,light,20260810_141717,True
3522728,0.0507,0.0468,0.9126,3522.728,500000,-0.0039000000000000007,-0.0019500000000000003,0.0039000000000000146,0.005850000000000011,tap2,slow,light,20260810_141717,True
3525229,0.0507,0.0468,0.9204,3525.229,500000,-0.0039000000000000007,-0.0019500000000000003,0.011700000000000044,0.012486092262994096,tap2,slow,light,20260810_141717,True
3527741,0.0546,0.0429,0.9165,3527.741,500000,0.0,-0.005850000000000001,0.007800000000000029,0.009750000000000024,tap2,slow,light,20260810_141717,True
3530256,0.0546,0.039,0.9165,3530.256,500000,0.0,-0.009750000000000002,0.007800000000000029,0.012486092262994073,tap2,slow,light,20260810_141717,True
3532747,0.0546,0.0429,0.9204,3532.747,500000,0.0,-0.005850000000000001,0.011700000000000044,0.01308099766837381,tap2,slow,light,20260810_141717,True
3535245,0.0702,0.0351,0.9126,3535.245,500000,0.015599999999999996,-0.013650000000000002,0.0039000000000000146,0.02109247496146434,tap2,slow,light,20260810_141717,True
3537753,0.0507,0.0546,0.9204,3537.753,500000,-0.0039000000000000007,0.005850000000000001,0.011700000000000044,0.013650000000000037,tap2,slow,light,20260810_141717,True
3540234,0.0546,0.0468,0.9126,3540.234,500000,0.0,-0.0019500000000000003,0.0039000000000000146,0.004360332556124604,tap2,slow,light,20260810_141717,True
3542735,0.0546,0.0468,0.9126,3542.735,500000,0.0,-0.0019500000000000003,0.0039000000000000146,0.004360332556124604,tap2,slow,light,20260810_141717,True
3545235,0.0468,0.0507,0.9204,3545.235,500000,-0.007800000000000001,0.0019500000000000003,0.011700000000000044,0.014196214284097047,tap2,slow,light,20260810_141717,True
3547726,0.0468,0.0507,0.9087,3547.726,500000,-0.007800000000000001,0.0019500000000000003,0.0,0.008040055969954439,tap2,slow,light,20260810_141717,True
3550229,0.0585,0.0468,0.9204,3550.229,500000,0.0039000000000000007,-0.0019500000000000003,0.011700000000000044,0.012486092262994096,tap2,slow,light,20260810_141717,True
3552755,0.0468,0.0468,0.9204,3552.755,500000,-0.007800000000000001,-0.0019500000000000003,0.011700000000000044,0.014196214284097047,tap2,slow,light,20260810_141717,True
3555253,0.0507,0.0507,0.9087,3555.253,500000,-0.0039000000000000007,0.0019500000000000003,0.0,0.004360332556124591,tap2,slow,light,20260810_141717,True
3557733,0.0624,0.0507,0.9126,3557.733,500000,0.0077999999999999944,0.0019500000000000003,0.0039000000000000146,0.00893602260516389,tap2,slow,light,20260810_141717,True
3560246,0.0507,0.039,0.9048,3560.246,500000,-0.0039000000000000007,-0.009750000000000002,-0.0038999999999999035,0.011201897160749123,tap2,slow,light,20260810_141717,True
3562738,0.0546,0.0429,0.9204,3562.738,500000,0.0,-0.005850000000000001,0.011700000000000044,0.01308099766837381,tap2,slow,light,20260810_141717,True
3565252,0.0585,0.0468,0.9165,3565.252,500000,0.0039000000000000007,-0.0019500000000000003,0.007800000000000029,0.008936022605163914,tap2,slow,light,20260810_141717,True
3567737,0.0468,0.0546,0.9126,3567.737,500000,-0.007800000000000001,0.005850000000000001,0.0039000000000000146,0.01050107137391229,tap2,slow,light,20260810_141717,True
3570226,0.0468,0.0546,0.9126,3570.226,500000,-0.007800000000000001,0.005850000000000001,0.0039000000000000146,0.01050107137391229,tap2,slow,light,20260810_141717,True
3572734,0.0468,0.0429,0.9126,3572.734,500000,-0.007800000000000001,-0.005850000000000001,0.0039000000000000146,0.01050107137391229,tap2,slow,light,20260810_141717,True
3575229,0.0468,0.0624,0.9087,3575.229,500000,-0.007800000000000001,0.013649999999999995,0.0,0.01572140260918217,tap2,slow,light,20260810_141717,True
3577743,0.0507,0.0468,0.9204,3577.743,500000,-0.0039000000000000007,-0.0019500000000000003,0.011700000000000044,0.012486092262994096,tap2,slow,light,20260810_141717,True
3580255,0.0468,0.0546,0.9165,3580.255,500000,-0.007800000000000001,0.005850000000000001,0.007800000000000029,0.012486092262994075,tap2,slow,light,20260810_141717,True
3582741,0.0507,0.0507,0.9009,3582.741,500000,-0.0039000000000000007,0.0019500000000000003,-0.007799999999999918,0.008936022605163817,tap2,slow,light,20260810_141717,True
3585245,0.0507,0.0546,0.9243,3585.245,500000,-0.0039000000000000007,0.005850000000000001,0.015600000000000058,0.017111180555414694,tap2,slow,light,20260810_141717,True
3587753,0.0468,0.0507,0.9087,3587.753,500000,-0.007800000000000001,0.0019500000000000003,0.0,0.008040055969954439,tap2,slow,light,20260810_141717,True
3590243,0.0546,0.0429,0.9243,3590.243,500000,0.0,-0.005850000000000001,0.015600000000000058,0.01666080730336924,tap2,slow,light,20260810_141717,True
3592734,0.0546,0.0507,0.9048,3592.734,500000,0.0,0.0019500000000000003,-0.0038999999999999035,0.004360332556124504,tap2,slow,light,20260810_141717,True
3595231,0.0468,0.0546,0.9087,3595.231,500000,-0.007800000000000001,0.005850000000000001,0.0,0.009750000000000002,tap2,slow,light,20260810_141717,True
3597743,0.0585,0.0507,0.9087,3597.743,500000,0.0039000000000000007,0.0019500000000000003,0.0,0.004360332556124591,tap2,slow,light,20260810_141717,True
3600230,0.0546,0.0468,0.9048,3600.23,500000,0.0,-0.0019500000000000003,-0.0038999999999999035,0.004360332556124504,tap2,slow,light,20260810_141717,True
3602753,0.0546,0.0468,0.9165,3602.753,500000,0.0,-0.0019500000000000003,0.007800000000000029,0.008040055969954467,tap2,slow,light,20260810_141717,True
3605253,0.0546,0.0507,0.9087,3605.253,500000,0.0,0.0019500000000000003,0.0,0.0019500000000000003,tap2,slow,light,20260810_141717,True
3607731,0.0507,0.0507,0.9048,3607.731,500000,-0.0039000000000000007,0.0019500000000000003,-0.0038999999999999035,0.005849999999999936,tap2,slow,light,20260810_141717,True
3610244,0.0546,0.0507,0.9204,3610.244,500000,0.0,0.0019500000000000003,0.011700000000000044,0.011861386934081572,tap2,slow,light,20260810_141717,True
3612735,0.0546,0.0585,0.9087,3612.735,500000,0.0,0.009750000000000002,0.0,0.009750000000000002,tap2,slow,light,20260810_141717,True
3615234,0.0468,0.0546,0.9165,3615.234,500000,-0.007800000000000001,0.005850000000000001,0.007800000000000029,0.012486092262994075,tap2,slow,light,20260810_141717,True
3617746,0.0546,0.039,0.9204,3617.746,500000,0.0,-0.009750000000000002,0.011700000000000044,0.01522998686801801,tap2,slow,light,20260810_141717,True
3620230,0.0546,0.039,0.9126,3620.23,500000,0.0,-0.009750000000000002,0.0039000000000000146,0.010501071373912289,tap2,slow,light,20260810_141717,True
3622752,0.0507,0.0468,0.9087,3622.752,500000,-0.0039000000000000007,-0.0019500000000000003,0.0,0.004360332556124591,tap2,slow,light,20260810_141717,True
3625254,0.0585,0.0468,0.9048,3625.254,500000,0.0039000000000000007,-0.0019500000000000003,-0.0038999999999999035,0.005849999999999936,tap2,slow,light,20260810_141717,True
3627734,0.0468,0.0468,0.9165,3627.734,500000,-0.007800000000000001,-0.0019500000000000003,0.007800000000000029,0.011201897160749177,tap2,slow,light,20260810_141717,True
3630246,0.0546,0.0468,0.9165,3630.246,500000,0.0,-0.0019500000000000003,0.007800000000000029,0.008040055969954467,tap2,slow,light,20260810_141717,True
3632736,0.0507,0.0507,0.9165,3632.736,500000,-0.0039000000000000007,0.0019500000000000003,0.007800000000000029,0.008936022605163914,tap2,slow,light,20260810_141717,True
3635234,0.0585,0.0507,0.9126,3635.234,500000,0.0039000000000000007,0.0019500000000000003,0.0039000000000000146,0.005850000000000011,tap2,slow,light,20260810_141717,True
3637746,0.0507,0.0468,0.9204,3637.746,500000,-0.0039000000000000007,-0.0019500000000000003,0.011700000000000044,0.012486092262994096,tap2,slow,light,20260810_141717,True
3640242,0.0468,0.0507,0.9165,3640.242,500000,-0.007800000000000001,0.0019500000000000003,0.007800000000000029,0.011201897160749177,tap2,slow,light,20260810_141717,True
3642740,0.0468,0.0468,0.9165,3642.74,500000,-0.007800000000000001,-0.0019500000000000003,0.007800000000000029,0.011201897160749177,tap2,slow,light,20260810_141717,True
3645236,0.0468,0.0507,0.9165,3645.236,500000,-0.007800000000000001,0.0019500000000000003,0.007800000000000029,0.011201897160749177,tap2,slow,light,20260810_141717,True
3647727,0.0507,0.0468,0.9048,3647.727,500000,-0.0039000000000000007,-0.0019500000000000003,-0.0038999999999999035,0.005849999999999936,tap2,slow,light,20260810_141717,True
3650231,0.0507,0.0429,0.9126,3650.231,500000,-0.0039000000000000007,-0.005850000000000001,0.0039000000000000146,0.008040055969954446,tap2,slow,light,20260810_141717,True
3652727,0.0507,0.0507,0.9165,3652.727,500000,-0.0039000000000000007,0.0019500000000000003,0.007800000000000029,0.008936022605163914,tap2,slow,light,20260810_141717,True
3655254,0.0468,0.0507,0.9126,3655.254,500000,-0.007800000000000001,0.0019500000000000003,0.0039000000000000146,0.008936022605163896,tap2,slow,light,20260810_141717,True
3657734,0.0468,0.0468,0.9204,3657.734,500000,-0.007800000000000001,-0.0019500000000000003,0.011700000000000044,0.014196214284097047,tap2,slow,light,20260810_141717,True
3660249,0.0546,0.0507,0.9126,3660.249,500000,0.0,0.0019500000000000003,0.0039000000000000146,0.004360332556124604,tap2,slow,light,20260810_141717,True
3662741,0.0546,0.0429,0.9126,3662.741,500000,0.0,-0.005850000000000001,0.0039000000000000146,0.007030824987154788,tap2,slow,light,20260810_141717,True
3665249,0.0507,0.0507,0.9165,3665.249,500000,-0.0039000000000000007,0.0019500000000000003,0.007800000000000029,0.008936022605163914,tap2,slow,light,20260810_141717,True
3667742,0.0546,0.0507,0.9126,3667.742,500000,0.0,0.0019500000000000003,0.0039000000000000146,0.004360332556124604,tap2,slow,light,20260810_141717,True
3670233,0.0507,0.0507,0.9087,3670.233,500000,-0.0039000000000000007,0.0019500000000000003,0.0,0.004360332556124591,tap2,slow,light,20260810_141717,True
3672755,0.0546,0.0507,0.9009,3672.755,500000,0.0,0.0019500000000000003,-0.007799999999999918,0.008040055969954359,tap2,slow,light,20260810_141717,True
3675248,0.0546,0.0507,0.9009,3675.248,500000,0.0,0.0019500000000000003,-0.007799999999999918,0.008040055969954359,tap2,slow,light,20260810_141717,True
3677730,0.0468,0.0507,0.9087,3677.73,500000,-0.007800000000000001,0.0019500000000000003,0.0,0.008040055969954439,tap2,slow,light,20260810_141717,True
3680248,0.0507,0.0468,0.9126,3680.248,500000,-0.0039000000000000007,-0.0019500000000000003,0.0039000000000000146,0.005850000000000011,tap2,slow,light,20260810_141717,True
3682739,0.0546,0.0507,0.9204,3682.739,500000,0.0,0.0019500000000000003,0.011700000000000044,0.011861386934081572,tap2,slow,light,20260810_141717,True
3685242,0.0468,0.0468,0.9087,3685.242,500000,-0.007800000000000001,-0.0019500000000000003,0.0,0.008040055969954439,tap2,slow,light,20260810_141717,True
3687749,0.0585,0.0507,0.9087,3687.749,500000,0.0039000000000000007,0.0019500000000000003,0.0,0.004360332556124591,tap2,slow,light,20260810_141717,True
3690238,0.0585,0.0468,0.9165,3690.238,500000,0.0039000000000000007,-0.0019500000000000003,0.007800000000000029,0.008936022605163914,tap2,slow,light,20260810_141717,True
3692735,0.0546,0.0546,0.9087,3692.735,500000,0.0,0.005850000000000001,0.0,0.005850000000000001,tap2,slow,light,20260810_141717,True
3695231,0.0507,0.0507,0.9282,3695.231,500000,-0.0039000000000000007,0.0019500000000000003,0.019500000000000073,0.01998155399362129,tap2,slow,light,20260810_141717,True
3697743,0.0585,0.0468,0.9087,3697.743,500000,0.0039000000000000007,-0.0019500000000000003,0.0,0.004360332556124591,tap2,slow,light,20260810_141717,True
3700232,0.0507,0.0429,0.9282,3700.232,500000,-0.0039000000000000007,-0.005850000000000001,0.019500000000000073,0.020728784334832634,tap2,slow,light,20260810_141717,True
3702754,0.0429,0.039,0.9243,3702.754,500000,-0.011700000000000002,-0.009750000000000002,0.015600000000000058,0.021801662780622993,tap2,slow,light,20260810_141717,True
3705237,0.0507,0.0507,0.9009,3705.237,500000,-0.0039000000000000007,0.0019500000000000003,-0.007799999999999918,0.008936022605163817,tap2,slow,light,20260810_141717,True
3707753,0.0507,0.0546,0.9087,3707.753,500000,-0.0039000000000000007,0.005850000000000001,0.0,0.00703082498715478,tap2,slow,light,20260810_141717,True
3710241,0.0585,0.0507,0.9048,3710.241,500000,0.0039000000000000007,0.0019500000000000003,-0.0038999999999999035,0.005849999999999936,tap2,slow,light,20260810_141717,True
3712733,0.0507,0.0429,0.9087,3712.733,500000,-0.0039000000000000007,-0.005850000000000001,0.0,0.00703082498715478,tap2,slow,light,20260810_141717,True
3715230,0.0546,0.0468,0.9126,3715.23,500000,0.0,-0.0019500000000000003,0.0039000000000000146,0.004360332556124604,tap2,slow,light,20260810_141717,True
3717742,0.0507,0.0468,0.9165,3717.742,500000,-0.0039000000000000007,-0.0019500000000000003,0.007800000000000029,0.008936022605163914,tap2,slow,light,20260810_141717,True
3720254,0.0507,0.0429,0.9165,3720.254,500000,-0.0039000000000000007,-0.005850000000000001,0.007800000000000029,0.010501071373912305,tap2,slow,light,20260810_141717,True
3722743,0.0585,0.0507,0.9087,3722.743,500000,0.0039000000000000007,0.0019500000000000003,0.0,0.004360332556124591,tap2,slow,light,20260810_141717,True
3725243,0.0546,0.0429,0.9087,3725.243,500000,0.0,-0.005850000000000001,0.0,0.005850000000000001,tap2,slow,light,20260810_141717,True
3727754,0.0507,0.0468,0.9165,3727.754,500000,-0.0039000000000000007,-0.0019500000000000003,0.007800000000000029,0.008936022605163914,tap2,slow,light,20260810_141717,True
3730238,0.0546,0.0468,0.9126,3730.238,500000,0.0,-0.0019500000000000003,0.0039000000000000146,0.004360332556124604,tap2,slow,light,20260810_141717,True
3732736,0.0546,0.0468,0.9165,3732.736,500000,0.0,-0.0019500000000000003,0.007800000000000029,0.008040055969954467,tap2,slow,light,20260810_141717,True
3735233,0.0585,0.0507,0.9126,3735.233,500000,0.0039000000000000007,0.0019500000000000003,0.0039000000000000146,0.005850000000000011,tap2,slow,light,20260810_141717,True
3737743,0.0546,0.0507,0.9243,3737.743,500000,0.0,0.0019500000000000003,0.015600000000000058,0.01572140260918223,tap2,slow,light,20260810_141717,True
3740227,0.0546,0.0429,0.9165,3740.227,500000,0.0,-0.005850000000000001,0.007800000000000029,0.009750000000000024,tap2,slow,light,20260810_141717,True
3742754,0.0546,0.0468,0.9204,3742.754,500000,0.0,-0.0019500000000000003,0.011700000000000044,0.011861386934081572,tap2,slow,light,20260810_141717,True
3745249,0.0546,0.039,0.9048,3745.249,500000,0.0,-0.009750000000000002,-0.0038999999999999035,0.010501071373912249,tap2,slow,light,20260810_141717,True
3747739,0.0546,0.0507,0.9087,3747.739,500000,0.0,0.0019500000000000003,0.0,0.0019500000000000003,tap2,slow,light,20260810_141717,True
3750242,0.0546,0.0468,0.9165,3750.242,500000,0.0,-0.0019500000000000003,0.007800000000000029,0.008040055969954467,tap2,slow,light,20260810_141717,True
3752738,0.0546,0.0429,0.9126,3752.738,500000,0.0,-0.005850000000000001,0.0039000000000000146,0.007030824987154788,tap2,slow,light,20260810_141717,True
3755235,0.0507,0.0507,0.9087,3755.235,500000,-0.0039000000000000007,0.0019500000000000003,0.0,0.004360332556124591,tap2,slow,light,20260810_141717,True
3757746,0.0507,0.0546,0.9126,3757.746,500000,-0.0039000000000000007,0.005850000000000001,0.0039000000000000146,0.008040055969954446,tap2,slow,light,20260810_141717,True
3760228,0.0546,0.0429,0.9165,3760.228,500000,0.0,-0.005850000000000001,0.007800000000000029,0.009750000000000024,tap2,slow,light,20260810_141717,True
3762752,0.0507,0.0351,0.9126,3762.752,500000,-0.0039000000000000007,-0.013650000000000002,0.0039000000000000146,0.014722177148777969,tap2,slow,light,20260810_141717,True
3765252,0.0546,0.0507,0.9126,3765.252,500000,0.0,0.0019500000000000003,0.0039000000000000146,0.004360332556124604,tap2,slow,light,20260810_141717,True
3767736,0.0507,0.0468,0.9126,3767.736,500000,-0.0039000000000000007,-0.0019500000000000003,0.0039000000000000146,0.005850000000000011,tap2,slow,light,20260810_141717,True
3770254,0.0546,0.0507,0.9126,3770.254,500000,0.0,0.0019500000000000003,0.0039000000000000146,0.004360332556124604,tap2,slow,light,20260810_141717,True
3772727,0.0351,0.0507,0.9048,3772.727,500000,-0.019500000000000003,0.0019500000000000003,-0.0038999999999999035,0.019981553993621202,tap2,slow,light,20260810_141717,True
3775233,0.0507,0.0585,0.9126,3775.233,500000,-0.0039000000000000007,0.009750000000000002,0.0039000000000000146,0.011201897160749163,tap2,slow,light,20260810_141717,True
3777750,0.0546,0.0429,0.9165,3777.75,500000,0.0,-0.005850000000000001,0.007800000000000029,0.009750000000000024,tap2,slow,light,20260810_141717,True
3780242,0.0546,0.0429,0.9165,3780.242,500000,0.0,-0.005850000000000001,0.007800000000000029,0.009750000000000024,tap2,slow,light,20260810_141717,True
3782742,0.0468,0.0546,0.9126,3782.742,500000,-0.007800000000000001,0.005850000000000001,0.0039000000000000146,0.01050107137391229,tap2,slow,light,20260810_141717,True
3785245,0.0507,0.0507,0.9165,3785.245,500000,-0.0039000000000000007,0.0019500000000000003,0.007800000000000029,0.008936022605163914,tap2,slow,light,20260810_141717,True
3787753,0.0546,0.0507,0.9087,3787.753,500000,0.0,0.0019500000000000003,0.0,0.0019500000000000003,tap2,slow,light,20260810_141717,True
3790245,0.0624,0.0429,0.9048,3790.245,500000,0.0077999999999999944,-0.005850000000000001,-0.0038999999999999035,0.010501071373912244,tap2,slow,light,20260810_141717,True
3792740,0.0507,0.0429,0.897,3792.74,500000,-0.0039000000000000007,-0.005850000000000001,-0.011699999999999933,0.013649999999999942,tap2,slow,light,20260810_141717,True
3795236,0.0429,0.0624,0.9087,3795.236,500000,-0.011700000000000002,0.013649999999999995,0.0,0.01797811169172113,tap2,slow,light,20260810_141717,True
3797747,0.0507,0.039,0.9165,3797.747,500000,-0.0039000000000000007,-0.009750000000000002,0.007800000000000029,0.013080997668373787,tap2,slow,light,20260810_141717,True
3800237,0.0546,0.0507,0.9165,3800.237,500000,0.0,0.0019500000000000003,0.007800000000000029,0.008040055969954467,tap2,slow,light,20260810_141717,True
3802737,0.0507,0.0546,0.9126,3802.737,500000,-0.0039000000000000007,0.005850000000000001,0.0039000000000000146,0.008040055969954446,tap2,slow,light,20260810_141717,True
3805234,0.0585,0.0546,0.9087,3805.234,500000,0.0039000000000000007,0.005850000000000001,0.0,0.00703082498715478,tap2,slow,light,20260810_141717,True
3807746,0.0624,0.0507,0.9126,3807.746,500000,0.0077999999999999944,0.0019500000000000003,0.0039000000000000146,0.00893602260516389,tap2,slow,light,20260810_141717,True
3810229,0.0468,0.0546,0.9243,3810.229,500000,-0.007800000000000001,0.005850000000000001,0.015600000000000058,0.01839626320751043,tap2,slow,light,20260810_141717,True
3812752,0.0546,0.0546,0.9165,3812.752,500000,0.0,0.005850000000000001,0.007800000000000029,0.009750000000000024,tap2,slow,light,20260810_141717,True
3815249,0.0546,0.0429,0.9165,3815.249,500000,0.0,-0.005850000000000001,0.007800000000000029,0.009750000000000024,tap2,slow,light,20260810_141717,True
3817727,0.0507,0.0468,0.9126,3817.727,500000,-0.0039000000000000007,-0.0019500000000000003,0.0039000000000000146,0.005850000000000011,tap2,slow,light,20260810_141717,True
3820241,0.0507,0.0585,0.9126,3820.241,500000,-0.0039000000000000007,0.009750000000000002,0.0039000000000000146,0.011201897160749163,tap2,slow,light,20260810_141717,True
3822730,0.0468,0.0507,0.9165,3822.73,500000,-0.007800000000000001,0.0019500000000000003,0.007800000000000029,0.011201897160749177,tap2,slow,light,20260810_141717,True
3825230,0.0507,0.0507,0.9087,3825.23,500000,-0.0039000000000000007,0.0019500000000000003,0.0,0.004360332556124591,tap2,slow,light,20260810_141717,True
3827740,0.0507,0.0546,0.9126,3827.74,500000,-0.0039000000000000007,0.005850000000000001,0.0039000000000000146,0.008040055969954446,tap2,slow,light,20260810_141717,True
3830253,0.0468,0.0546,0.9126,3830.253,500000,-0.007800000000000001,0.005850000000000001,0.0039000000000000146,0.01050107137391229,tap2,slow,light,20260810_141717,True
3832740,0.0585,0.0468,0.9048,3832.74,500000,0.0039000000000000007,-0.0019500000000000003,-0.0038999999999999035,0.005849999999999936,tap2,slow,light,20260810_141717,True
3835236,0.0585,0.0468,0.9204,3835.236,500000,0.0039000000000000007,-0.0019500000000000003,0.011700000000000044,0.012486092262994096,tap2,slow,light,20260810_141717,True
3837735,0.0585,0.0468,0.9126,3837.735,500000,0.0039000000000000007,-0.0019500000000000003,0.0039000000000000146,0.005850000000000011,tap2,slow,light,20260810_141717,True
3840253,0.0585,0.0468,0.9126,3840.253,500000,0.0039000000000000007,-0.0019500000000000003,0.0039000000000000146,0.005850000000000011,tap2,slow,light,20260810_141717,True
3842740,0.0546,0.0507,0.9087,3842.74,500000,0.0,0.0019500000000000003,0.0,0.0019500000000000003,tap2,slow,light,20260810_141717,True
3845232,0.0585,0.0507,0.9126,3845.232,500000,0.0039000000000000007,0.0019500000000000003,0.0039000000000000146,0.005850000000000011,tap2,slow,light,20260810_141717,True
3847750,0.0546,0.0468,0.9087,3847.75,500000,0.0,-0.0019500000000000003,0.0,0.0019500000000000003,tap2,slow,light,20260810_141717,True
3850226,0.0507,0.0429,0.9204,3850.226,500000,-0.0039000000000000007,-0.005850000000000001,0.011700000000000044,0.013650000000000037,tap2,slow,light,20260810_141717,True
3852752,0.0546,0.0468,0.9087,3852.752,500000,0.0,-0.0019500000000000003,0.0,0.0019500000000000003,tap2,slow,light,20260810_141717,True
3855253,0.0507,0.039,0.9087,3855.253,500000,-0.0039000000000000007,-0.009750000000000002,0.0,0.010501071373912284,tap2,slow,light,20260810_141717,True
3857731,0.0507,0.0429,0.9165,3857.731,500000,-0.0039000000000000007,-0.005850000000000001,0.007800000000000029,0.010501071373912305,tap2,slow,light,20260810_141717,True
3860245,0.0546,0.0507,0.9087,3860.245,500000,0.0,0.0019500000000000003,0.0,0.0019500000000000003,tap2,slow,light,20260810_141717,True
3862742,0.0585,0.0468,0.9087,3862.742,500000,0.0039000000000000007,-0.0019500000000000003,0.0,0.004360332556124591,tap2,slow,light,20260810_141717,True
3865251,0.0546,0.0429,0.9048,3865.251,500000,0.0,-0.005850000000000001,-0.0038999999999999035,0.007030824987154727,tap2,slow,light,20260810_141717,True
3867737,0.0585,0.0468,0.9165,3867.737,500000,0.0039000000000000007,-0.0019500000000000003,0.007800000000000029,0.008936022605163914,tap2,slow,light,20260810_141717,True
3870256,0.0507,0.0468,0.9126,3870.256,500000,-0.0039000000000000007,-0.0019500000000000003,0.0039000000000000146,0.005850000000000011,tap2,slow,light,20260810_141717,True
3872744,0.0507,0.0585,0.9126,3872.744,500000,-0.0039000000000000007,0.009750000000000002,0.0039000000000000146,0.011201897160749163,tap2,slow,light,20260810_141717,True
3875244,0.0546,0.0468,0.9204,3875.244,500000,0.0,-0.0019500000000000003,0.011700000000000044,0.011861386934081572,tap2,slow,light,20260810_141717,True
3877756,0.0546,0.0429,0.9165,3877.756,500000,0.0,-0.005850000000000001,0.007800000000000029,0.009750000000000024,tap2,slow,light,20260810_141717,True
3880239,0.0507,0.0468,0.9126,3880.239,500000,-0.0039000000000000007,-0.0019500000000000003,0.0039000000000000146,0.005850000000000011,tap2,slow,light,20260810_141717,True
3882746,0.0507,0.0468,0.9126,3882.746,500000,-0.0039000000000000007,-0.0019500000000000003,0.0039000000000000146,0.005850000000000011,tap2,slow,light,20260810_141717,True
3885250,0.0507,0.0507,0.9087,3885.25,500000,-0.0039000000000000007,0.0019500000000000003,0.0,0.004360332556124591,tap2,slow,light,20260810_141717,True
3887727,0.0507,0.0429,0.8931,3887.727,500000,-0.0039000000000000007,-0.005850000000000001,-0.015599999999999947,0.01711118055541459,tap2,slow,light,20260810_141717,True
3890249,0.0507,0.0546,0.9048,3890.249,500000,-0.0039000000000000007,0.005850000000000001,-0.0038999999999999035,0.008040055969954392,tap2,slow,light,20260810_141717,True
3892741,0.0585,0.0468,0.9087,3892.741,500000,0.0039000000000000007,-0.0019500000000000003,0.0,0.004360332556124591,tap2,slow,light,20260810_141717,True
3895238,0.0468,0.0507,0.9204,3895.238,500000,-0.007800000000000001,0.0019500000000000003,0.011700000000000044,0.014196214284097047,tap2,slow,light,20260810_141717,True
3897748,0.0507,0.0468,0.9204,3897.748,500000,-0.0039000000000000007,-0.0019500000000000003,0.011700000000000044,0.012486092262994096,tap2,slow,light,20260810_141717,True
3900235,0.0429,0.0546,0.9165,3900.235,500000,-0.011700000000000002,0.005850000000000001,0.007800000000000029,0.015229986868017993,tap2,slow,light,20260810_141717,True
3902746,0.0507,0.0468,0.9087,3902.746,500000,-0.0039000000000000007,-0.0019500000000000003,0.0,0.004360332556124591,tap2,slow,light,20260810_141717,True
3905247,0.0468,0.0468,0.9048,3905.247,500000,-0.007800000000000001,-0.0019500000000000003,-0.0038999999999999035,0.008936022605163848,tap2,slow,light,20260810_141717,True
3907726,0.0507,0.0507,0.9048,3907.726,500000,-0.0039000000000000007,0.0019500000000000003,-0.0038999999999999035,0.005849999999999936,tap2,slow,light,20260810_141717,True
3910241,0.0507,0.0546,0.9165,3910.241,500000,-0.0039000000000000007,0.005850000000000001,0.007800000000000029,0.010501071373912305,tap2,slow,light,20260810_141717,True
3912739,0.0468,0.0507,0.9165,3912.739,500000,-0.007800000000000001,0.0019500000000000003,0.007800000000000029,0.011201897160749177,tap2,slow,light,20260810_141717,True
3915243,0.0546,0.039,0.9087,3915.243,500000,0.0,-0.009750000000000002,0.0,0.009750000000000002,tap2,slow,light,20260810_141717,True
3917726,0.0507,0.0546,0.9048,3917.726,500000,-0.0039000000000000007,0.005850000000000001,-0.0038999999999999035,0.008040055969954392,tap2,slow,light,20260810_141717,True
3920637,0.0507,0.0507,0.9165,3920.637,500000,-0.0039000000000000007,0.0019500000000000003,0.007800000000000029,0.008936022605163914,tap2,slow,light,20260810_141717,True
3922744,0.0507,0.0468,0.9165,3922.744,500000,-0.0039000000000000007,-0.0019500000000000003,0.007800000000000029,0.008936022605163914,tap2,slow,light,20260810_141717,True
3925250,0.0585,0.0507,0.9048,3925.25,500000,0.0039000000000000007,0.0019500000000000003,-0.0038999999999999035,0.005849999999999936,tap2,slow,light,20260810_141717,True
3927729,0.0546,0.0468,0.9165,3927.729,500000,0.0,-0.0019500000000000003,0.007800000000000029,0.008040055969954467,tap2,slow,light,20260810_141717,True
3930233,0.0546,0.0468,0.9087,3930.233,500000,0.0,-0.0019500000000000003,0.0,0.0019500000000000003,tap2,slow,light,20260810_141717,True
3932729,0.0507,0.0468,0.9165,3932.729,500000,-0.0039000000000000007,-0.0019500000000000003,0.007800000000000029,0.008936022605163914,tap2,slow,light,20260810_141717,True
3935229,0.0507,0.0507,0.9126,3935.229,500000,-0.0039000000000000007,0.0019500000000000003,0.0039000000000000146,0.005850000000000011,tap2,slow,light,20260810_141717,True
3937740,0.0546,0.039,0.9087,3937.74,500000,0.0,-0.009750000000000002,0.0,0.009750000000000002,tap2,slow,light,20260810_141717,True
3940251,0.0585,0.0468,0.9009,3940.251,500000,0.0039000000000000007,-0.0019500000000000003,-0.007799999999999918,0.008936022605163817,tap2,slow,light,20260810_141717,True
3942746,0.0546,0.0546,0.9165,3942.746,500000,0.0,0.005850000000000001,0.007800000000000029,0.009750000000000024,tap2,slow,light,20260810_141717,True
3945252,0.0468,0.0468,0.9087,3945.252,500000,-0.007800000000000001,-0.0019500000000000003,0.0,0.008040055969954439,tap2,slow,light,20260810_141717,True
3947739,0.0507,0.0429,0.9048,3947.739,500000,-0.0039000000000000007,-0.005850000000000001,-0.0038999999999999035,0.008040055969954392,tap2,slow,light,20260810_141717,True
3950237,0.0546,0.0468,0.9126,3950.237,500000,0.0,-0.0019500000000000003,0.0039000000000000146,0.004360332556124604,tap2,slow,light,20260810_141717,True
3952737,0.0507,0.0546,0.9048,3952.737,500000,-0.0039000000000000007,0.005850000000000001,-0.0038999999999999035,0.008040055969954392,tap2,slow,light,20260810_141717,True
3955235,0.0468,0.0468,0.9126,3955.235,500000,-0.007800000000000001,-0.0019500000000000003,0.0039000000000000146,0.008936022605163896,tap2,slow,light,20260810_141717,True
3957747,0.0546,0.0507,0.9126,3957.747,500000,0.0,0.0019500000000000003,0.0039000000000000146,0.004360332556124604,tap2,slow,light,20260810_141717,True
3960227,0.0507,0.0468,0.9243,3960.227,500000,-0.0039000000000000007,-0.0019500000000000003,0.015600000000000058,0.0161979165326903,tap2,slow,light,20260810_141717,True
3962755,0.0546,0.0468,0.9048,3962.755,500000,0.0,-0.0019500000000000003,-0.0038999999999999035,0.004360332556124504,tap2,slow,light,20260810_141717,True
3965242,0.0546,0.0507,0.9048,3965.242,500000,0.0,0.0019500000000000003,-0.0038999999999999035,0.004360332556124504,tap2,slow,light,20260810_141717,True
3967751,0.0507,0.0546,0.9087,3967.751,500000,-0.0039000000000000007,0.005850000000000001,0.0,0.00703082498715478,tap2,slow,light,20260810_141717,True
3970244,0.0585,0.0468,0.9087,3970.244,500000,0.0039000000000000007,-0.0019500000000000003,0.0,0.004360332556124591,tap2,slow,light,20260810_141717,True
3972737,0.0585,0.039,0.9126,3972.737,500000,0.0039000000000000007,-0.009750000000000002,0.0039000000000000146,0.011201897160749163,tap2,slow,light,20260810_141717,True
3975238,0.0507,0.0468,0.9048,3975.238,500000,-0.0039000000000000007,-0.0019500000000000003,-0.0038999999999999035,0.005849999999999936,tap2,slow,light,20260810_141717,True
3977750,0.0507,0.0429,0.9126,3977.75,500000,-0.0039000000000000007,-0.005850000000000001,0.0039000000000000146,0.008040055969954446,tap2,slow,light,20260810_141717,True
3980231,0.0468,0.0507,0.9087,3980.231,500000,-0.007800000000000001,0.0019500000000000003,0.0,0.008040055969954439,tap2,slow,light,20260810_141717,True
3982729,0.0507,0.0429,0.9126,3982.729,500000,-0.0039000000000000007,-0.005850000000000001,0.0039000000000000146,0.008040055969954446,tap2,slow,light,20260810_141717,True
3985237,0.0507,0.0429,0.9126,3985.237,500000,-0.0039000000000000007,-0.005850000000000001,0.0039000000000000146,0.008040055969954446,tap2,slow,light,20260810_141717,True
3987749,0.0507,0.0546,0.9087,3987.749,500000,-0.0039000000000000007,0.005850000000000001,0.0,0.00703082498715478,tap2,slow,light,20260810_141717,True
3990234,0.0546,0.0507,0.9204,3990.234,500000,0.0,0.0019500000000000003,0.011700000000000044,0.011861386934081572,tap2,slow,light,20260810_141717,True
3992733,0.0507,0.0546,0.9126,3992.733,500000,-0.0039000000000000007,0.005850000000000001,0.0039000000000000146,0.008040055969954446,tap2,slow,light,20260810_141717,True
3995230,0.0507,0.0507,0.9126,3995.23,500000,-0.0039000000000000007,0.0019500000000000003,0.0039000000000000146,0.005850000000000011,tap2,slow,light,20260810_141717,True
3997741,0.0546,0.0507,0.9048,3997.741,500000,0.0,0.0019500000000000003,-0.0038999999999999035,0.004360332556124504,tap2,slow,light,20260810_141717,True
4000231,0.0624,0.0351,0.9009,4000.231,500000,0.0077999999999999944,-0.013650000000000002,-0.007799999999999918,0.01754999999999996,tap2,slow,light,20260810_141717,True
4002755,0.0624,0.039,0.9165,4002.755,500000,0.0077999999999999944,-0.009750000000000002,0.007800000000000029,0.014722177148777976,tap2,slow,light,20260810_141717,True
4005255,0.0624,0.0468,0.9048,4005.255,500000,0.0077999999999999944,-0.0019500000000000003,-0.0038999999999999035,0.008936022605163841,tap2,slow,light,20260810_141717,True
4007736,0.0546,0.0468,0.9009,4007.736,500000,0.0,-0.0019500000000000003,-0.007799999999999918,0.008040055969954359,tap2,slow,light,20260810_141717,True
