time_us,x_g,y_g,z_g,time_ms,cue_time_us,x_delta_g,y_delta_g,z_delta_g,dynamic_magnitude_g,label,requested_pace,requested_force,session_id,operator_accepted
20877,0.0507,0.0117,0.9048,20.877,500000,-0.0039000000000000007,0.0039000000000000007,-0.0038999999999999035,0.006754998149518567,tap2,fast,firm,20260810_141717,True
21329,0.0507,0.0117,0.9048,21.329,500000,-0.0039000000000000007,0.0039000000000000007,-0.0038999999999999035,0.006754998149518567,tap2,fast,firm,20260810_141717,True
21738,0.0507,0.0117,0.9048,21.738,500000,-0.0039000000000000007,0.0039000000000000007,-0.0038999999999999035,0.006754998149518567,tap2,fast,firm,20260810_141717,True
22135,0.0507,0.0117,0.9048,22.135,500000,-0.0039000000000000007,0.0039000000000000007,-0.0038999999999999035,0.006754998149518567,tap2,fast,firm,20260810_141717,True
22531,0.0585,0.0078,0.9126,22.531,500000,0.0039000000000000007,0.0,0.0039000000000000146,0.005515432893255082,tap2,fast,firm,20260810_141717,True
22942,0.0585,0.0078,0.9126,22.942,500000,0.0039000000000000007,0.0,0.0039000000000000146,0.005515432893255082,tap2,fast,firm,20260810_141717,True
23338,0.0585,0.0078,0.9126,23.338,500000,0.0039000000000000007,0.0,0.0039000000000000146,0.005515432893255082,tap2,fast,firm,20260810_141717,True
23743,0.0585,0.0078,0.9126,23.743,500000,0.0039000000000000007,0.0,0.0039000000000000146,0.005515432893255082,tap2,fast,firm,20260810_141717,True
24140,0.0585,0.0078,0.9126,24.14,500000,0.0039000000000000007,0.0,0.0039000000000000146,0.005515432893255082,tap2,fast,firm,20260810_141717,True
24536,0.0585,0.0078,0.9126,24.536,500000,0.0039000000000000007,0.0,0.0039000000000000146,0.005515432893255082,tap2,fast,firm,20260810_141717,True
25008,0.0663,0.0117,0.9243,25.008,500000,0.011699999999999995,0.0039000000000000007,0.015600000000000058,0.019886176103011903,tap2,fast,firm,20260810_141717,True
27505,0.0663,0.0117,0.9243,27.505,500000,0.011699999999999995,0.0039000000000000007,0.015600000000000058,0.019886176103011903,tap2,fast,firm,20260810_141717,True
30017,0.0624,0.0039,0.9087,30.017,500000,0.0077999999999999944,-0.0039,0.0,0.008720665112249174,tap2,fast,firm,20260810_141717,True
32514,0.0429,0.0078,0.9087,32.514,500000,-0.011700000000000002,0.0,0.0,0.011700000000000002,tap2,fast,firm,20260810_141717,True
35016,0.0585,0.0078,0.9204,35.016,500000,0.0039000000000000007,0.0,0.011700000000000044,0.012332882874656722,tap2,fast,firm,20260810_141717,True
37502,0.0585,0.0039,0.9126,37.502,500000,0.0039000000000000007,-0.0039,0.0039000000000000146,0.00675499814951863,tap2,fast,firm,20260810_141717,True
40015,0.0585,0.0039,0.9087,40.015,500000,0.0039000000000000007,-0.0039,0.0,0.005515432893255071,tap2,fast,firm,20260810_141717,True
42513,0.0546,0.0117,0.9009,42.513,500000,0.0,0.0039000000000000007,-0.007799999999999918,0.008720665112249107,tap2,fast,firm,20260810_141717,True
45017,0.0429,0.0156,0.9048,45.017,500000,-0.011700000000000002,0.0078,-0.0038999999999999035,0.014592463808418348,tap2,fast,firm,20260810_141717,True
47507,0.0468,0.0156,0.9009,47.507,500000,-0.007800000000000001,0.0078,-0.007799999999999918,0.013509996299037196,tap2,fast,firm,20260810_141717,True
50021,0.0546,0.0039,0.9009,50.021,500000,0.0,-0.0039,-0.007799999999999918,0.008720665112249107,tap2,fast,firm,20260810_141717,True
52520,0.0546,0.0078,0.9126,52.52,500000,0.0,0.0,0.0039000000000000146,0.0039000000000000146,tap2,fast,firm,20260810_141717,True
55022,0.0429,0.0078,0.9165,55.022,500000,-0.011700000000000002,0.0,0.007800000000000029,0.014061649974309576,tap2,fast,firm,20260810_141717,True
57506,0.0507,0.0078,0.9126,57.506,500000,-0.0039000000000000007,0.0,0.0039000000000000146,0.005515432893255082,tap2,fast,firm,20260810_141717,True
60018,0.0585,0.0078,0.9126,60.018,500000,0.0039000000000000007,0.0,0.0039000000000000146,0.005515432893255082,tap2,fast,firm,20260810_141717,True
62515,0.0624,0.0195,0.9126,62.515,500000,0.0077999999999999944,0.0117,0.0039000000000000146,0.014592463808418372,tap2,fast,firm,20260810_141717,True
65018,0.0546,0.0078,0.9126,65.018,500000,0.0,0.0,0.0039000000000000146,0.0039000000000000146,tap2,fast,firm,20260810_141717,True
67502,0.0546,0.0039,0.9048,67.502,500000,0.0,-0.0039,-0.0038999999999999035,0.005515432893255002,tap2,fast,firm,20260810_141717,True
70016,0.0546,0.0078,0.9009,70.016,500000,0.0,0.0,-0.007799999999999918,0.007799999999999918,tap2,fast,firm,20260810_141717,True
72738,0.0585,0.0117,0.9165,72.738,500000,0.0039000000000000007,0.0039000000000000007,0.007800000000000029,0.00955300999685442,tap2,fast,firm,20260810_141717,True
75020,0.0585,0.0156,0.9087,75.02,500000,0.0039000000000000007,0.0078,0.0,0.00872066511224918,tap2,fast,firm,20260810_141717,True
77502,0.0585,0.0117,0.9087,77.502,500000,0.0039000000000000007,0.0039000000000000007,0.0,0.005515432893255071,tap2,fast,firm,20260810_141717,True
80011,0.0429,0.0156,0.9009,80.011,500000,-0.011700000000000002,0.0078,-0.007799999999999918,0.01608011193990884,tap2,fast,firm,20260810_141717,True
82513,0.0546,0.0117,0.9087,82.513,500000,0.0,0.0039000000000000007,0.0,0.0039000000000000007,tap2,fast,firm,20260810_141717,True
85005,0.0507,0.0078,0.9165,85.005,500000,-0.0039000000000000007,0.0,0.007800000000000029,0.008720665112249207,tap2,fast,firm,20260810_141717,True
87515,0.0546,0.0039,0.9048,87.515,500000,0.0,-0.0039,-0.0038999999999999035,0.005515432893255002,tap2,fast,firm,20260810_141717,True
90003,0.0585,0.0039,0.9048,90.003,500000,0.0039000000000000007,-0.0039,-0.0038999999999999035,0.006754998149518566,tap2,fast,firm,20260810_141717,True
92501,0.0546,0.0117,0.9126,92.501,500000,0.0,0.0039000000000000007,0.0039000000000000146,0.005515432893255082,tap2,fast,firm,20260810_141717,True
95005,0.0546,0.0078,0.897,95.005,500000,0.0,0.0,-0.011699999999999933,0.011699999999999933,tap2,fast,firm,20260810_141717,True
97530,0.0546,0.0039,0.9087,97.53,500000,0.0,-0.0039,0.0,0.0039,tap2,fast,firm,20260810_141717,True
100000,0.0585,0.0078,0.9165,100.0,500000,0.0039000000000000007,0.0,0.007800000000000029,0.008720665112249207,tap2,fast,firm,20260810_141717,True
102502,0.0624,0.0078,0.9087,102.502,500000,0.0077999999999999944,0.0,0.0,0.0077999999999999944,tap2,fast,firm,20260810_141717,True
105006,0.0507,0.0156,0.9126,105.006,500000,-0.0039000000000000007,0.0078,0.0039000000000000146,0.0095530099968544,tap2,fast,firm,20260810_141717,True
107510,0.0507,0.0156,0.9087,107.51,500000,-0.0039000000000000007,0.0078,0.0,0.00872066511224918,tap2,fast,firm,20260810_141717,True
110025,0.0507,0.0078,0.9087,110.025,500000,-0.0039000000000000007,0.0,0.0,0.0039000000000000007,tap2,fast,firm,20260810_141717,True
112523,0.0468,0.0117,0.9087,112.523,500000,-0.007800000000000001,0.0039000000000000007,0.0,0.008720665112249181,tap2,fast,firm,20260810_141717,True
115026,0.0546,0.0078,0.9048,115.026,500000,0.0,0.0,-0.0038999999999999035,0.0038999999999999035,tap2,fast,firm,20260810_141717,True
117511,0.0507,0.0039,0.9087,117.511,500000,-0.0039000000000000007,-0.0039,0.0,0.005515432893255071,tap2,fast,firm,20260810_141717,True
120024,0.0546,0.0195,0.9009,120.024,500000,0.0,0.0117,-0.007799999999999918,0.014061649974309512,tap2,fast,firm,20260810_141717,True
122525,0.0546,0.0117,0.9048,122.525,500000,0.0,0.0039000000000000007,-0.0038999999999999035,0.005515432893255003,tap2,fast,firm,20260810_141717,True
125029,0.0507,0.0156,0.9126,125.029,500000,-0.0039000000000000007,0.0078,0.0039000000000000146,0.0095530099968544,tap2,fast,firm,20260810_141717,True
127515,0.0546,0.0117,0.9165,127.515,500000,0.0,0.0039000000000000007,0.007800000000000029,0.008720665112249207,tap2,fast,firm,20260810_141717,True
130028,0.0546,0.0117,0.9087,130.028,500000,0.0,0.0039000000000000007,0.0,0.0039000000000000007,tap2,fast,firm,20260810_141717,True
132527,0.0546,0.0078,0.9048,132.527,500000,0.0,0.0,-0.0038999999999999035,0.0038999999999999035,tap2,fast,firm,20260810_141717,True
135002,0.0546,0.0078,0.9048,135.002,500000,0.0,0.0,-0.0038999999999999035,0.0038999999999999035,tap2,fast,firm,20260810_141717,True
137515,0.0507,0.0078,0.9165,137.515,500000,-0.0039000000000000007,0.0,0.007800000000000029,0.008720665112249207,tap2,fast,firm,20260810_141717,True
140000,0.0546,0.0078,0.9087,140.0,500000,0.0,0.0,0.0,0.0,tap2,fast,firm,20260810_141717,True
142529,0.0546,0.0117,0.9126,142.529,500000,0.0,0.0039000000000000007,0.0039000000000000146,0.005515432893255082,tap2,fast,firm,20260810_141717,True
145017,0.0546,0.0039,0.9048,145.017,500000,0.0,-0.0039,-0.0038999999999999035,0.005515432893255002,tap2,fast,firm,20260810_141717,True
147513,0.0468,0.0117,0.9087,147.513,500000,-0.007800000000000001,0.0039000000000000007,0.0,0.008720665112249181,tap2,fast,firm,20260810_141717,True
150027,0.0507,0.0117,0.9087,150.027,500000,-0.0039000000000000007,0.0039000000000000007,0.0,0.005515432893255071,tap2,fast,firm,20260810_141717,True
152525,0.0468,0.0156,0.9087,152.525,500000,-0.007800000000000001,0.0078,0.0,0.011030865786510143,tap2,fast,firm,20260810_141717,True
155029,0.0585,0.0078,0.9165,155.029,500000,0.0039000000000000007,0.0,0.007800000000000029,0.008720665112249207,tap2,fast,firm,20260810_141717,True
157514,0.0585,0.0195,0.9165,157.514,500000,0.0039000000000000007,0.0117,0.007800000000000029,0.014592463808418388,tap2,fast,firm,20260810_141717,True
160026,0.0585,0.0117,0.9126,160.026,500000,0.0039000000000000007,0.0039000000000000007,0.0039000000000000146,0.006754998149518631,tap2,fast,firm,20260810_141717,True
162525,0.0624,0.0039,0.9048,162.525,500000,0.0077999999999999944,-0.0039,-0.0038999999999999035,0.00955300999685435,tap2,fast,firm,20260810_141717,True
165029,0.0546,0.0078,0.9048,165.029,500000,0.0,0.0,-0.0038999999999999035,0.0038999999999999035,tap2,fast,firm,20260810_141717,True
167514,0.0624,0.0039,0.9165,167.514,500000,0.0077999999999999944,-0.0039,0.007800000000000029,0.011700000000000014,tap2,fast,firm,20260810_141717,True
170002,0.0624,0.0078,0.9165,170.002,500000,0.0077999999999999944,0.0,0.007800000000000029,0.011030865786510158,tap2,fast,firm,20260810_141717,True
172502,0.0585,0.0117,0.9087,172.502,500000,0.0039000000000000007,0.0039000000000000007,0.0,0.005515432893255071,tap2,fast,firm,20260810_141717,True
175141,0.0468,0.0156,0.9048,175.141,500000,-0.007800000000000001,0.0078,-0.0038999999999999035,0.011699999999999969,tap2,fast,firm,20260810_141717,True
177505,0.0546,0.0078,0.9126,177.505,500000,0.0,0.0,0.0039000000000000146,0.0039000000000000146,tap2,fast,firm,20260810_141717,True
180029,0.0585,0.0078,0.9087,180.029,500000,0.0039000000000000007,0.0,0.0,0.0039000000000000007,tap2,fast,firm,20260810_141717,True
182526,0.0546,0.0039,0.9165,182.526,500000,0.0,-0.0039,0.007800000000000029,0.008720665112249205,tap2,fast,firm,20260810_141717,True
185015,0.0585,0.0117,0.9165,185.015,500000,0.0039000000000000007,0.0039000000000000007,0.007800000000000029,0.00955300999685442,tap2,fast,firm,20260810_141717,True
187522,0.0507,0.0156,0.9126,187.522,500000,-0.0039000000000000007,0.0078,0.0039000000000000146,0.0095530099968544,tap2,fast,firm,20260810_141717,True
190017,0.0507,0.0117,0.9048,190.017,500000,-0.0039000000000000007,0.0039000000000000007,-0.0038999999999999035,0.006754998149518567,tap2,fast,firm,20260810_141717,True
192514,0.0546,0.0078,0.9126,192.514,500000,0.0,0.0,0.0039000000000000146,0.0039000000000000146,tap2,fast,firm,20260810_141717,True
195020,0.0507,0.0117,0.9048,195.02,500000,-0.0039000000000000007,0.0039000000000000007,-0.0038999999999999035,0.006754998149518567,tap2,fast,firm,20260810_141717,True
197516,0.0585,0.0078,0.9087,197.516,500000,0.0039000000000000007,0.0,0.0,0.0039000000000000007,tap2,fast,firm,20260810_141717,True
200022,0.0546,0.0078,0.9087,200.022,500000,0.0,0.0,0.0,0.0,tap2,fast,firm,20260810_141717,True
202524,0.0507,0.0117,0.9087,202.524,500000,-0.0039000000000000007,0.0039000000000000007,0.0,0.005515432893255071,tap2,fast,firm,20260810_141717,True
205028,0.0546,0.0117,0.9126,205.028,500000,0.0,0.0039000000000000007,0.0039000000000000146,0.005515432893255082,tap2,fast,firm,20260810_141717,True
207502,0.0546,0.0156,0.9048,207.502,500000,0.0,0.0078,-0.0038999999999999035,0.008720665112249136,tap2,fast,firm,20260810_141717,True
210006,0.0546,0.0078,0.9165,210.006,500000,0.0,0.0,0.007800000000000029,0.007800000000000029,tap2,fast,firm,20260810_141717,True
212508,0.0546,0.0156,0.9009,212.508,500000,0.0,0.0078,-0.007799999999999918,0.011030865786510084,tap2,fast,firm,20260810_141717,True
215013,0.0624,0.0078,0.9087,215.013,500000,0.0077999999999999944,0.0,0.0,0.0077999999999999944,tap2,fast,firm,20260810_141717,True
217527,0.0585,0.0039,0.9009,217.527,500000,0.0039000000000000007,-0.0039,-0.007799999999999918,0.009553009996854328,tap2,fast,firm,20260810_141717,True
220025,0.0507,0.0156,0.9048,220.025,500000,-0.0039000000000000007,0.0078,-0.0038999999999999035,0.009553009996854355,tap2,fast,firm,20260810_141717,True
222526,0.0546,0.0039,0.9048,222.526,500000,0.0,-0.0039,-0.0038999999999999035,0.005515432893255002,tap2,fast,firm,20260810_141717,True
225004,0.0468,0.0117,0.9048,225.004,500000,-0.007800000000000001,0.0039000000000000007,-0.0038999999999999035,0.009553009996854357,tap2,fast,firm,20260810_141717,True
227519,0.0624,0.0078,0.9048,227.519,500000,0.0077999999999999944,0.0,-0.0038999999999999035,0.008720665112249133,tap2,fast,firm,20260810_141717,True
230003,0.0546,0.0156,0.9126,230.003,500000,0.0,0.0078,0.0039000000000000146,0.008720665112249186,tap2,fast,firm,20260810_141717,True
232501,0.0546,0.0039,0.9048,232.501,500000,0.0,-0.0039,-0.0038999999999999035,0.005515432893255002,tap2,fast,firm,20260810_141717,True
235005,0.0507,0.0039,0.9087,235.005,500000,-0.0039000000000000007,-0.0039,0.0,0.005515432893255071,tap2,fast,firm,20260810_141717,True
237520,0.0585,0.0039,0.9009,237.52,500000,0.0039000000000000007,-0.0039,-0.007799999999999918,0.009553009996854328,tap2,fast,firm,20260810_141717,True
240017,0.0585,0.0078,0.897,240.017,500000,0.0039000000000000007,0.0,-0.011699999999999933,0.012332882874656616,tap2,fast,firm,20260810_141717,True
242515,0.0585,0.0078,0.897,242.515,500000,0.0039000000000000007,0.0,-0.011699999999999933,0.012332882874656616,tap2,fast,firm,20260810_141717,True
245020,0.0546,0.0078,0.9009,245.02,500000,0.0,0.0,-0.007799999999999918,0.007799999999999918,tap2,fast,firm,20260810_141717,True
247509,0.0585,0.0117,0.9048,247.509,500000,0.0039000000000000007,0.0039000000000000007,-0.0038999999999999035,0.006754998149518567,tap2,fast,firm,20260810_141717,True
250023,0.0468,0.0078,0.9126,250.023,500000,-0.007800000000000001,0.0,0.0039000000000000146,0.008720665112249188,tap2,fast,firm,20260810_141717,True
252520,0.0585,0.0078,0.9087,252.52,500000,0.0039000000000000007,0.0,0.0,0.0039000000000000007,tap2,fast,firm,20260810_141717,True
255023,0.0546,0.0078,0.9126,255.023,500000,0.0,0.0,0.0039000000000000146,0.0039000000000000146,tap2,fast,firm,20260810_141717,True
257508,0.0507,0.0117,0.9165,257.508,500000,-0.0039000000000000007,0.0039000000000000007,0.007800000000000029,0.00955300999685442,tap2,fast,firm,20260810_141717,True
260027,0.0507,0.0156,0.9009,260.027,500000,-0.0039000000000000007,0.0078,-0.007799999999999918,0.011699999999999945,tap2,fast,firm,20260810_141717,True
262524,0.0468,0.0156,0.9126,262.524,500000,-0.007800000000000001,0.0078,0.0039000000000000146,0.011700000000000006,tap2,fast,firm,20260810_141717,True
265030,0.0546,0.0117,0.9165,265.03,500000,0.0,0.0039000000000000007,0.007800000000000029,0.008720665112249207,tap2,fast,firm,20260810_141717,True
267515,0.0546,0.0117,0.9126,267.515,500000,0.0,0.0039000000000000007,0.0039000000000000146,0.005515432893255082,tap2,fast,firm,20260810_141717,True
270028,0.0429,0.0078,0.9243,270.028,500000,-0.011700000000000002,0.0,0.015600000000000058,0.01950000000000005,tap2,fast,firm,20260810_141717,True
272501,0.0507,0.0078,0.9087,272.501,500000,-0.0039000000000000007,0.0,0.0,0.0039000000000000007,tap2,fast,firm,20260810_141717,True
275019,0.0507,0.0117,0.9087,275.019,500000,-0.0039000000000000007,0.0039000000000000007,0.0,0.005515432893255071,tap2,fast,firm,20260810_141717,True
277529,0.0546,0.0117,0.9126,277.529,500000,0.0,0.0039000000000000007,0.0039000000000000146,0.005515432893255082,tap2,fast,firm,20260810_141717,True
280021,0.0585,0.0156,0.9087,280.021,500000,0.0039000000000000007,0.0078,0.0,0.00872066511224918,tap2,fast,firm,20260810_141717,True
282518,0.0585,0.0039,0.9165,282.518,500000,0.0039000000000000007,-0.0039,0.007800000000000029,0.009553009996854418,tap2,fast,firm,20260810_141717,True
285002,0.0546,0.0039,0.9087,285.002,500000,0.0,-0.0039,0.0,0.0039,tap2,fast,firm,20260810_141717,True
287501,0.0585,0.0078,0.9009,287.501,500000,0.0039000000000000007,0.0,-0.007799999999999918,0.008720665112249107,tap2,fast,firm,20260810_141717,True
290019,0.0546,0.0078,0.9165,290.019,500000,0.0,0.0,0.007800000000000029,0.007800000000000029,tap2,fast,firm,20260810_141717,True
292518,0.0507,0.0039,0.9204,292.518,500000,-0.0039000000000000007,-0.0039,0.011700000000000044,0.012934836682386099,tap2,fast,firm,20260810_141717,True
295021,0.0585,0.0078,0.9048,295.021,500000,0.0039000000000000007,0.0,-0.0038999999999999035,0.005515432893255003,tap2,fast,firm,20260810_141717,True
297517,0.0507,0.0039,0.9087,297.517,500000,-0.0039000000000000007,-0.0039,0.0,0.005515432893255071,tap2,fast,firm,20260810_141717,True
300019,0.0546,0.0039,0.9126,300.019,500000,0.0,-0.0039,0.0039000000000000146,0.005515432893255081,tap2,fast,firm,20260810_141717,True
302520,0.0546,0.0078,0.9165,302.52,500000,0.0,0.0,0.007800000000000029,0.007800000000000029,tap2,fast,firm,20260810_141717,True
305025,0.0585,0.0117,0.9126,305.025,500000,0.0039000000000000007,0.0039000000000000007,0.0039000000000000146,0.006754998149518631,tap2,fast,firm,20260810_141717,True
307529,0.0546,0.0117,0.9087,307.529,500000,0.0,0.0039000000000000007,0.0,0.0039000000000000007,tap2,fast,firm,20260810_141717,True
310027,0.0507,0.0078,0.9087,310.027,500000,-0.0039000000000000007,0.0,0.0,0.0039000000000000007,tap2,fast,firm,20260810_141717,True
312525,0.0546,0.0078,0.9126,312.525,500000,0.0,0.0,0.0039000000000000146,0.0039000000000000146,tap2,fast,firm,20260810_141717,True
315029,0.0546,0.0078,0.9165,315.029,500000,0.0,0.0,0.007800000000000029,0.007800000000000029,tap2,fast,firm,20260810_141717,True
317514,0.0585,0.0078,0.897,317.514,500000,0.0039000000000000007,0.0,-0.011699999999999933,0.012332882874656616,tap2,fast,firm,20260810_141717,True
320004,0.0468,0.0117,0.9048,320.004,500000,-0.007800000000000001,0.0039000000000000007,-0.0038999999999999035,0.009553009996854357,tap2,fast,firm,20260810_141717,True
322504,0.0507,0.0156,0.9126,322.504,500000,-0.0039000000000000007,0.0078,0.0039000000000000146,0.0095530099968544,tap2,fast,firm,20260810_141717,True
325006,0.0585,0.0039,0.9165,325.006,500000,0.0039000000000000007,-0.0039,0.007800000000000029,0.009553009996854418,tap2,fast,firm,20260810_141717,True
327520,0.0546,0.0039,0.9126,327.52,500000,0.0,-0.0039,0.0039000000000000146,0.005515432893255081,tap2,fast,firm,20260810_141717,True
330012,0.0585,0.0117,0.9087,330.012,500000,0.0039000000000000007,0.0039000000000000007,0.0,0.005515432893255071,tap2,fast,firm,20260810_141717,True
332508,0.0546,0.0078,0.9048,332.508,500000,0.0,0.0,-0.0038999999999999035,0.0038999999999999035,tap2,fast,firm,20260810_141717,True
335013,0.0546,0.0039,0.9048,335.013,500000,0.0,-0.0039,-0.0038999999999999035,0.005515432893255002,tap2,fast,firm,20260810_141717,True
337528,0.0546,0.0078,0.897,337.528,500000,0.0,0.0,-0.011699999999999933,0.011699999999999933,tap2,fast,firm,20260810_141717,True
340026,0.0546,0.0,0.9087,340.026,500000,0.0,-0.0078,0.0,0.0078,tap2,fast,firm,20260810_141717,True
342505,0.0507,0.0078,0.9165,342.505,500000,-0.0039000000000000007,0.0,0.007800000000000029,0.008720665112249207,tap2,fast,firm,20260810_141717,True
345009,0.0507,0.0117,0.9087,345.009,500000,-0.0039000000000000007,0.0039000000000000007,0.0,0.005515432893255071,tap2,fast,firm,20260810_141717,True
347513,0.0507,0.0117,0.9165,347.513,500000,-0.0039000000000000007,0.0039000000000000007,0.007800000000000029,0.00955300999685442,tap2,fast,firm,20260810_141717,True
350026,0.0429,0.0078,0.9087,350.026,500000,-0.011700000000000002,0.0,0.0,0.011700000000000002,tap2,fast,firm,20260810_141717,True
352523,0.0429,0.0078,0.9087,352.523,500000,-0.011700000000000002,0.0,0.0,0.011700000000000002,tap2,fast,firm,20260810_141717,True
355026,0.0468,0.0117,0.9048,355.026,500000,-0.007800000000000001,0.0039000000000000007,-0.0038999999999999035,0.009553009996854357,tap2,fast,firm,20260810_141717,True
357509,0.0585,0.0039,0.9126,357.509,500000,0.0039000000000000007,-0.0039,0.0039000000000000146,0.00675499814951863,tap2,fast,firm,20260810_141717,True
360026,0.0585,0.0117,0.9009,360.026,500000,0.0039000000000000007,0.0039000000000000007,-0.007799999999999918,0.009553009996854328,tap2,fast,firm,20260810_141717,True
362525,0.0585,0.0195,0.9009,362.525,500000,0.0039000000000000007,0.0117,-0.007799999999999918,0.014592463808418327,tap2,fast,firm,20260810_141717,True
365029,0.0585,0.0078,0.9126,365.029,500000,0.0039000000000000007,0.0,0.0039000000000000146,0.005515432893255082,tap2,fast,firm,20260810_141717,True
367515,0.0468,0.0117,0.9243,367.515,500000,-0.007800000000000001,0.0039000000000000007,0.015600000000000058,0.017872045210327828,tap2,fast,firm,20260810_141717,True
370027,0.0585,0.0156,0.9048,370.027,500000,0.0039000000000000007,0.0078,-0.0038999999999999035,0.009553009996854355,tap2,fast,firm,20260810_141717,True
372502,0.0507,0.0117,0.9204,372.502,500000,-0.0039000000000000007,0.0039000000000000007,0.011700000000000044,0.012934836682386099,tap2,fast,firm,20260810_141717,True
375009,0.0546,0.0078,0.9048,375.009,500000,0.0,0.0,-0.0038999999999999035,0.0038999999999999035,tap2,fast,firm,20260810_141717,True
377522,0.0507,0.0039,0.9243,377.522,500000,-0.0039000000000000007,-0.0039,0.015600000000000058,0.01654629867976527,tap2,fast,firm,20260810_141717,True
380001,0.0585,0.0039,0.9165,380.001,500000,0.0039000000000000007,-0.0039,0.007800000000000029,0.009553009996854418,tap2,fast,firm,20260810_141717,True
382508,0.0663,0.0078,0.9087,382.508,500000,0.011699999999999995,0.0,0.0,0.011699999999999995,tap2,fast,firm,20260810_141717,True
385021,0.0468,0.0234,0.9204,385.021,500000,-0.007800000000000001,0.015600000000000001,0.011700000000000044,0.021002142747824592,tap2,fast,firm,20260810_141717,True
387519,0.0546,0.0117,0.9126,387.519,500000,0.0,0.0039000000000000007,0.0039000000000000146,0.005515432893255082,tap2,fast,firm,20260810_141717,True
390016,0.0663,0.0078,0.9165,390.016,500000,0.011699999999999995,0.0,0.007800000000000029,0.014061649974309571,tap2,fast,firm,20260810_141717,True
392515,0.0507,0.0117,0.9126,392.515,500000,-0.0039000000000000007,0.0039000000000000007,0.0039000000000000146,0.006754998149518631,tap2,fast,firm,20260810_141717,True
395018,0.0546,0.0117,0.897,395.018,500000,0.0,0.0039000000000000007,-0.011699999999999933,0.012332882874656616,tap2,fast,firm,20260810_141717,True
397509,0.0468,0.0117,0.9126,397.509,500000,-0.007800000000000001,0.0039000000000000007,0.0039000000000000146,0.009553009996854402,tap2,fast,firm,20260810_141717,True
400001,0.0585,0.0078,0.9087,400.001,500000,0.0039000000000000007,0.0,0.0,0.0039000000000000007,tap2,fast,firm,20260810_141717,True
402503,0.0507,0.0195,0.9087,402.503,500000,-0.0039000000000000007,0.0117,0.0,0.01233288287465668,tap2,fast,firm,20260810_141717,True
405007,0.0585,0.0117,0.9048,405.007,500000,0.0039000000000000007,0.0039000000000000007,-0.0038999999999999035,0.006754998149518567,tap2,fast,firm,20260810_141717,True
407526,0.0507,0.0156,0.9165,407.526,500000,-0.0039000000000000007,0.0078,0.007800000000000029,0.01170000000000002,tap2,fast,firm,20260810_141717,True
410025,0.0585,0.0117,0.9009,410.025,500000,0.0039000000000000007,0.0039000000000000007,-0.007799999999999918,0.009553009996854328,tap2,fast,firm,20260810_141717,True
412523,0.0546,0.0078,0.9126,412.523,500000,0.0,0.0,0.0039000000000000146,0.0039000000000000146,tap2,fast,firm,20260810_141717,True
415026,0.0468,0.0117,0.9126,415.026,500000,-0.007800000000000001,0.0039000000000000007,0.0039000000000000146,0.009553009996854402,tap2,fast,firm,20260810_141717,True
417513,0.0546,0.0117,0.9009,417.513,500000,0.0,0.0039000000000000007,-0.007799999999999918,0.008720665112249107,tap2,fast,firm,20260810_141717,True
420001,0.0546,0.0117,0.9087,420.001,500000,0.0,0.0039000000000000007,0.0,0.0039000000000000007,tap2,fast,firm,20260810_141717,True
422502,0.0585,0.0078,0.9009,422.502,500000,0.0039000000000000007,0.0,-0.007799999999999918,0.008720665112249107,tap2,fast,firm,20260810_141717,True
425006,0.0507,0.0195,0.9126,425.006,500000,-0.0039000000000000007,0.0117,0.0039000000000000146,0.012934836682386064,tap2,fast,firm,20260810_141717,True
427520,0.0546,0.0156,0.9126,427.52,500000,0.0,0.0078,0.0039000000000000146,0.008720665112249186,tap2,fast,firm,20260810_141717,True
430017,0.0546,0.0156,0.9087,430.017,500000,0.0,0.0078,0.0,0.0078,tap2,fast,firm,20260810_141717,True
432515,0.0546,0.0039,0.9087,432.515,500000,0.0,-0.0039,0.0,0.0039,tap2,fast,firm,20260810_141717,True
435020,0.0507,0.0078,0.9087,435.02,500000,-0.0039000000000000007,0.0,0.0,0.0039000000000000007,tap2,fast,firm,20260810_141717,True
437502,0.0468,0.0156,0.9126,437.502,500000,-0.007800000000000001,0.0078,0.0039000000000000146,0.011700000000000006,tap2,fast,firm,20260810_141717,True
440016,0.0585,0.0117,0.9087,440.016,500000,0.0039000000000000007,0.0039000000000000007,0.0,0.005515432893255071,tap2,fast,firm,20260810_141717,True
442513,0.0624,0.0117,0.9165,442.513,500000,0.0077999999999999944,0.0039000000000000007,0.007800000000000029,0.011700000000000016,tap2,fast,firm,20260810_141717,True
445017,0.0546,0.0078,0.9165,445.017,500000,0.0,0.0,0.007800000000000029,0.007800000000000029,tap2,fast,firm,20260810_141717,True
447504,0.0507,0.0117,0.9126,447.504,500000,-0.0039000000000000007,0.0039000000000000007,0.0039000000000000146,0.006754998149518631,tap2,fast,firm,20260810_141717,True
450023,0.0546,0.0156,0.9165,450.023,500000,0.0,0.0078,0.007800000000000029,0.011030865786510162,tap2,fast,firm,20260810_141717,True
452520,0.0507,0.0117,0.9087,452.52,500000,-0.0039000000000000007,0.0039000000000000007,0.0,0.005515432893255071,tap2,fast,firm,20260810_141717,True
455023,0.0507,0.0,0.9087,455.023,500000,-0.0039000000000000007,-0.0078,0.0,0.00872066511224918,tap2,fast,firm,20260810_141717,True
457505,0.0546,0.0039,0.9087,457.505,500000,0.0,-0.0039,0.0,0.0039,tap2,fast,firm,20260810_141717,True
460020,0.0546,0.0039,0.9087,460.02,500000,0.0,-0.0039,0.0,0.0039,tap2,fast,firm,20260810_141717,True
462518,0.0546,0.0078,0.9126,462.518,500000,0.0,0.0,0.0039000000000000146,0.0039000000000000146,tap2,fast,firm,20260810_141717,True
465022,0.0546,0.0117,0.9087,465.022,500000,0.0,0.0039000000000000007,0.0,0.0039000000000000007,tap2,fast,firm,20260810_141717,True
467505,0.0546,0.0078,0.9087,467.505,500000,0.0,0.0,0.0,0.0,tap2,fast,firm,20260810_141717,True
470018,0.0507,0.0078,0.9087,470.018,500000,-0.0039000000000000007,0.0,0.0,0.0039000000000000007,tap2,fast,firm,20260810_141717,True
472504,0.0546,0.0,0.9087,472.504,500000,0.0,-0.0078,0.0,0.0078,tap2,fast,firm,20260810_141717,True
475014,0.0546,0.0156,0.9087,475.014,500000,0.0,0.0078,0.0,0.0078,tap2,fast,firm,20260810_141717,True
477523,0.0624,0.0039,0.9165,477.523,500000,0.0077999999999999944,-0.0039,0.007800000000000029,0.011700000000000014,tap2,fast,firm,20260810_141717,True
480023,0.0546,0.0156,0.9126,480.023,500000,0.0,0.0078,0.0039000000000000146,0.008720665112249186,tap2,fast,firm,20260810_141717,True
482521,0.0663,0.0039,0.9009,482.521,500000,0.011699999999999995,-0.0039,-0.007799999999999918,0.014592463808418324,tap2,fast,firm,20260810_141717,True
485000,0.0624,0.0117,0.9126,485.0,500000,0.0077999999999999944,0.0039000000000000007,0.0039000000000000146,0.009553009996854397,tap2,fast,firm,20260810_141717,True
487529,0.0507,0.0039,0.9048,487.529,500000,-0.0039000000000000007,-0.0039,-0.0038999999999999035,0.006754998149518566,tap2,fast,firm,20260810_141717,True
490027,0.0507,0.0117,0.9087,490.027,500000,-0.0039000000000000007,0.0039000000000000007,0.0,0.005515432893255071,tap2,fast,firm,20260810_141717,True
492524,0.0546,0.0078,0.9087,492.524,500000,0.0,0.0,0.0,0.0,tap2,fast,firm,20260810_141717,True
495029,0.0507,0.0117,0.9126,495.029,500000,-0.0039000000000000007,0.0039000000000000007,0.0039000000000000146,0.006754998149518631,tap2,fast,firm,20260810_141717,True
497524,0.0351,0.0234,0.9204,497.524,500000,-0.019500000000000003,0.015600000000000001,0.011700000000000044,0.027577164466275374,tap2,fast,firm,20260810_141717,True
510239,0.0546,0.0117,0.9126,510.239,500000,0.0,0.0039000000000000007,0.0039000000000000146,0.005515432893255082,tap2,fast,firm,20260810_141717,True
512690,0.0546,0.0078,0.9048,512.69,500000,0.0,0.0,-0.0038999999999999035,0.0038999999999999035,tap2,fast,firm,20260810_141717,True
515186,0.0468,0.0156,0.9048,515.186,500000,-0.007800000000000001,0.0078,-0.0038999999999999035,0.011699999999999969,tap2,fast,firm,20260810_141717,True
517708,0.0585,0.0039,0.9126,517.708,500000,0.0039000000000000007,-0.0039,0.0039000000000000146,0.00675499814951863,tap2,fast,firm,20260810_141717,True
520212,0.0507,0.0156,0.897,520.212,500000,-0.0039000000000000007,0.0078,-0.011699999999999933,0.014592463808418318,tap2,fast,firm,20260810_141717,True
522694,0.0507,0.0117,0.9165,522.694,500000,-0.0039000000000000007,0.0039000000000000007,0.007800000000000029,0.00955300999685442,tap2,fast,firm,20260810_141717,True
525197,0.0546,0.0117,0.9087,525.197,500000,0.0,0.0039000000000000007,0.0,0.0039000000000000007,tap2,fast,firm,20260810_141717,True
527691,0.0585,0.0117,0.9087,527.691,500000,0.0039000000000000007,0.0039000000000000007,0.0,0.005515432893255071,tap2,fast,firm,20260810_141717,True
530198,0.0468,0.0117,0.9126,530.198,500000,-0.007800000000000001,0.0039000000000000007,0.0039000000000000146,0.009553009996854402,tap2,fast,firm,20260810_141717,True
532705,0.0507,0.0,0.9126,532.705,500000,-0.0039000000000000007,-0.0078,0.0039000000000000146,0.0095530099968544,tap2,fast,firm,20260810_141717,True
535204,0.0585,0.0039,0.9087,535.204,500000,0.0039000000000000007,-0.0039,0.0,0.005515432893255071,tap2,fast,firm,20260810_141717,True
537710,0.0507,0.0078,0.9126,537.71,500000,-0.0039000000000000007,0.0,0.0039000000000000146,0.005515432893255082,tap2,fast,firm,20260810_141717,True
540193,0.0546,0.0117,0.9165,540.193,500000,0.0,0.0039000000000000007,0.007800000000000029,0.008720665112249207,tap2,fast,firm,20260810_141717,True
542700,0.0546,0.0117,0.9048,542.7,500000,0.0,0.0039000000000000007,-0.0038999999999999035,0.005515432893255003,tap2,fast,firm,20260810_141717,True
545198,0.0585,0.0039,0.9126,545.198,500000,0.0039000000000000007,-0.0039,0.0039000000000000146,0.00675499814951863,tap2,fast,firm,20260810_141717,True
547698,0.0507,0.0156,0.9048,547.698,500000,-0.0039000000000000007,0.0078,-0.0038999999999999035,0.009553009996854355,tap2,fast,firm,20260810_141717,True
550211,0.0507,0.0156,0.9165,550.211,500000,-0.0039000000000000007,0.0078,0.007800000000000029,0.01170000000000002,tap2,fast,firm,20260810_141717,True
552688,0.0546,0.0117,0.9126,552.688,500000,0.0,0.0039000000000000007,0.0039000000000000146,0.005515432893255082,tap2,fast,firm,20260810_141717,True
555186,0.0546,0.0078,0.9048,555.186,500000,0.0,0.0,-0.0038999999999999035,0.0038999999999999035,tap2,fast,firm,20260810_141717,True
557683,0.0546,0.0117,0.9009,557.683,500000,0.0,0.0039000000000000007,-0.007799999999999918,0.008720665112249107,tap2,fast,firm,20260810_141717,True
560194,0.0507,0.0078,0.9126,560.194,500000,-0.0039000000000000007,0.0,0.0039000000000000146,0.005515432893255082,tap2,fast,firm,20260810_141717,True
562701,0.0546,0.0078,0.9087,562.701,500000,0.0,0.0,0.0,0.0,tap2,fast,firm,20260810_141717,True
565200,0.0429,0.0078,0.9126,565.2,500000,-0.011700000000000002,0.0,0.0039000000000000146,0.012332882874656687,tap2,fast,firm,20260810_141717,True
567692,0.0507,0.0078,0.9087,567.692,500000,-0.0039000000000000007,0.0,0.0,0.0039000000000000007,tap2,fast,firm,20260810_141717,True
570204,0.0585,0.0039,0.897,570.204,500000,0.0039000000000000007,-0.0039,-0.011699999999999933,0.012934836682385998,tap2,fast,firm,20260810_141717,True
572684,0.0468,0.0117,0.9009,572.684,500000,-0.007800000000000001,0.0039000000000000007,-0.007799999999999918,0.011699999999999947,tap2,fast,firm,20260810_141717,True
575184,0.0468,0.0117,0.9009,575.184,500000,-0.007800000000000001,0.0039000000000000007,-0.007799999999999918,0.011699999999999947,tap2,fast,firm,20260810_141717,True
577707,0.0507,0.0156,0.9048,577.707,500000,-0.0039000000000000007,0.0078,-0.0038999999999999035,0.009553009996854355,tap2,fast,firm,20260810_141717,True
580187,0.0507,0.0039,0.9126,580.187,500000,-0.0039000000000000007,-0.0039,0.0039000000000000146,0.00675499814951863,tap2,fast,firm,20260810_141717,True
582697,0.0507,0.0117,0.9126,582.697,500000,-0.0039000000000000007,0.0039000000000000007,0.0039000000000000146,0.006754998149518631,tap2,fast,firm,20260810_141717,True
585210,0.0546,0.0039,0.9048,585.21,500000,0.0,-0.0039,-0.0038999999999999035,0.005515432893255002,tap2,fast,firm,20260810_141717,True
587696,0.0507,0.0156,0.9087,587.696,500000,-0.0039000000000000007,0.0078,0.0,0.00872066511224918,tap2,fast,firm,20260810_141717,True
590208,0.0546,0.0078,0.9126,590.208,500000,0.0,0.0,0.0039000000000000146,0.0039000000000000146,tap2,fast,firm,20260810_141717,True
592685,0.0546,0.0156,0.9048,592.685,500000,0.0,0.0078,-0.0038999999999999035,0.008720665112249136,tap2,fast,firm,20260810_141717,True
595184,0.0546,0.0234,0.9165,595.184,500000,0.0,0.015600000000000001,0.007800000000000029,0.017441330224498373,tap2,fast,firm,20260810_141717,True
597820,0.0624,0.0195,0.9087,597.82,500000,0.0077999999999999944,0.0117,0.0,0.014061649974309556,tap2,fast,firm,20260810_141717,True
600204,0.0546,0.0117,0.9126,600.204,500000,0.0,0.0039000000000000007,0.0039000000000000146,0.005515432893255082,tap2,fast,firm,20260810_141717,True
602699,0.0468,0.0078,0.9048,602.699,500000,-0.007800000000000001,0.0,-0.0038999999999999035,0.008720665112249138,tap2,fast,firm,20260810_141717,True
605201,0.0546,0.0078,0.9165,605.201,500000,0.0,0.0,0.007800000000000029,0.007800000000000029,tap2,fast,firm,20260810_141717,True
607709,0.0546,0.0156,0.9165,607.709,500000,0.0,0.0078,0.007800000000000029,0.011030865786510162,tap2,fast,firm,20260810_141717,True
610193,0.0585,0.0117,0.9087,610.193,500000,0.0039000000000000007,0.0039000000000000007,0.0,0.005515432893255071,tap2,fast,firm,20260810_141717,True
612700,0.0507,0.0117,0.9126,612.7,500000,-0.0039000000000000007,0.0039000000000000007,0.0039000000000000146,0.006754998149518631,tap2,fast,firm,20260810_141717,True
615198,0.0507,0.0039,0.9087,615.198,500000,-0.0039000000000000007,-0.0039,0.0,0.005515432893255071,tap2,fast,firm,20260810_141717,True
617687,0.0546,0.0117,0.9087,617.687,500000,0.0,0.0039000000000000007,0.0,0.0039000000000000007,tap2,fast,firm,20260810_141717,True
620201,0.0585,0.0078,0.9165,620.201,500000,0.0039000000000000007,0.0,0.007800000000000029,0.008720665112249207,tap2,fast,firm,20260810_141717,True
622684,0.0507,0.0078,0.9165,622.684,500000,-0.0039000000000000007,0.0,0.007800000000000029,0.008720665112249207,tap2,fast,firm,20260810_141717,True
625185,0.0507,0.0117,0.9204,625.185,500000,-0.0039000000000000007,0.0039000000000000007,0.011700000000000044,0.012934836682386099,tap2,fast,firm,20260810_141717,True
627710,0.0546,0.0117,0.9126,627.71,500000,0.0,0.0039000000000000007,0.0039000000000000146,0.005515432893255082,tap2,fast,firm,20260810_141717,True
630193,0.0546,0.0078,0.897,630.193,500000,0.0,0.0,-0.011699999999999933,0.011699999999999933,tap2,fast,firm,20260810_141717,True
632701,0.0624,0.0117,0.8931,632.701,500000,0.0077999999999999944,0.0039000000000000007,-0.015599999999999947,0.017872045210327727,tap2,fast,firm,20260810_141717,True
635200,0.0585,0.0078,0.9126,635.2,500000,0.0039000000000000007,0.0,0.0039000000000000146,0.005515432893255082,tap2,fast,firm,20260810_141717,True
637691,0.0546,0.0117,0.9126,637.691,500000,0.0,0.0039000000000000007,0.0039000000000000146,0.005515432893255082,tap2,fast,firm,20260810_141717,True
640201,0.0546,0.0078,0.9126,640.201,500000,0.0,0.0,0.0039000000000000146,0.0039000000000000146,tap2,fast,firm,20260810_141717,True
642707,0.0468,0.0117,0.9087,642.707,500000,-0.007800000000000001,0.0039000000000000007,0.0,0.008720665112249181,tap2,fast,firm,20260810_141717,True
645206,0.0546,0.0078,0.9087,645.206,500000,0.0,0.0,0.0,0.0,tap2,fast,firm,20260810_141717,True
647776,0.0546,0.0078,0.9126,647.776,500000,0.0,0.0,0.0039000000000000146,0.0039000000000000146,tap2,fast,firm,20260810_141717,True
650201,0.0468,0.0117,0.9165,650.201,500000,-0.007800000000000001,0.0039000000000000007,0.007800000000000029,0.011700000000000021,tap2,fast,firm,20260810_141717,True
652709,0.0507,0.0117,0.9087,652.709,500000,-0.0039000000000000007,0.0039000000000000007,0.0,0.005515432893255071,tap2,fast,firm,20260810_141717,True
655208,0.0546,0.0078,0.9165,655.208,500000,0.0,0.0,0.007800000000000029,0.007800000000000029,tap2,fast,firm,20260810_141717,True
657691,0.0507,0.0117,0.9126,657.691,500000,-0.0039000000000000007,0.0039000000000000007,0.0039000000000000146,0.006754998149518631,tap2,fast,firm,20260810_141717,True
660204,0.0546,0.0156,0.9048,660.204,500000,0.0,0.0078,-0.0038999999999999035,0.008720665112249136,tap2,fast,firm,20260810_141717,True
662710,0.0507,0.0078,0.9126,662.71,500000,-0.0039000000000000007,0.0,0.0039000000000000146,0.005515432893255082,tap2,fast,firm,20260810_141717,True
665209,0.0546,0.0117,0.9087,665.209,500000,0.0,0.0039000000000000007,0.0,0.0039000000000000007,tap2,fast,firm,20260810_141717,True
667699,0.0546,0.0117,0.9126,667.699,500000,0.0,0.0039000000000000007,0.0039000000000000146,0.005515432893255082,tap2,fast,firm,20260810_141717,True
670200,0.0546,0.0117,0.9087,670.2,500000,0.0,0.0039000000000000007,0.0,0.0039000000000000007,tap2,fast,firm,20260810_141717,True
672684,0.0507,0.0156,0.9087,672.684,500000,-0.0039000000000000007,0.0078,0.0,0.00872066511224918,tap2,fast,firm,20260810_141717,True
675184,0.0546,0.0078,0.9126,675.184,500000,0.0,0.0,0.0039000000000000146,0.0039000000000000146,tap2,fast,firm,20260810_141717,True
677708,0.0507,0.0078,0.9126,677.708,500000,-0.0039000000000000007,0.0,0.0039000000000000146,0.005515432893255082,tap2,fast,firm,20260810_141717,True
680187,0.0546,0.0156,0.9009,680.187,500000,0.0,0.0078,-0.007799999999999918,0.011030865786510084,tap2,fast,firm,20260810_141717,True
682689,0.0546,0.0156,0.9009,682.689,500000,0.0,0.0078,-0.007799999999999918,0.011030865786510084,tap2,fast,firm,20260810_141717,True
685206,0.0546,0.0117,0.9126,685.206,500000,0.0,0.0039000000000000007,0.0039000000000000146,0.005515432893255082,tap2,fast,firm,20260810_141717,True
687692,0.0546,0.0117,0.9126,687.692,500000,0.0,0.0039000000000000007,0.0039000000000000146,0.005515432893255082,tap2,fast,firm,20260810_141717,True
690192,0.0507,0.0195,0.9048,690.192,500000,-0.0039000000000000007,0.0117,-0.0038999999999999035,0.012934836682386031,tap2,fast,firm,20260810_141717,True
692697,0.0585,0.0078,0.9087,692.697,500000,0.0039000000000000007,0.0,0.0,0.0039000000000000007,tap2,fast,firm,20260810_141717,True
695196,0.0468,0.0156,0.9126,695.196,500000,-0.007800000000000001,0.0078,0.0039000000000000146,0.011700000000000006,tap2,fast,firm,20260810_141717,True
697876,0.0507,0.0039,0.8931,697.876,500000,-0.0039000000000000007,-0.0039,-0.015599999999999947,0.016546298679765162,tap2,fast,firm,20260810_141717,True
700193,0.0585,-0.0039,0.9126,700.193,500000,0.0039000000000000007,-0.011699999999999999,0.0039000000000000146,0.012934836682386064,tap2,fast,firm,20260810_141717,True
702700,0.0468,0.0078,0.9087,702.7,500000,-0.007800000000000001,0.0,0.0,0.007800000000000001,tap2,fast,firm,20260810_141717,True
705197,0.0507,0.0117,0.9048,705.197,500000,-0.0039000000000000007,0.0039000000000000007,-0.0038999999999999035,0.006754998149518567,tap2,fast,firm,20260810_141717,True
707706,0.0507,0.0078,0.9009,707.706,500000,-0.0039000000000000007,0.0,-0.007799999999999918,0.008720665112249107,tap2,fast,firm,20260810_141717,True
710187,0.0546,0.0039,0.9048,710.187,500000,0.0,-0.0039,-0.0038999999999999035,0.005515432893255002,tap2,fast,firm,20260810_141717,True
712696,0.0468,0.0117,0.9204,712.696,500000,-0.007800000000000001,0.0039000000000000007,0.011700000000000044,0.014592463808418409,tap2,fast,firm,20260810_141717,True
715193,0.0468,0.0117,0.9126,715.193,500000,-0.007800000000000001,0.0039000000000000007,0.0039000000000000146,0.009553009996854402,tap2,fast,firm,20260810_141717,True
717683,0.0546,0.0156,0.9204,717.683,500000,0.0,0.0078,0.011700000000000044,0.014061649974309594,tap2,fast,firm,20260810_141717,True
720197,0.0546,0.0039,0.9126,720.197,500000,0.0,-0.0039,0.0039000000000000146,0.005515432893255081,tap2,fast,firm,20260810_141717,True
722708,0.0546,0.0078,0.9126,722.708,500000,0.0,0.0,0.0039000000000000146,0.0039000000000000146,tap2,fast,firm,20260810_141717,True
725207,0.0585,0.0078,0.9126,725.207,500000,0.0039000000000000007,0.0,0.0039000000000000146,0.005515432893255082,tap2,fast,firm,20260810_141717,True
727699,0.0546,0.0156,0.9048,727.699,500000,0.0,0.0078,-0.0038999999999999035,0.008720665112249136,tap2,fast,firm,20260810_141717,True
730205,0.0585,0.0039,0.9048,730.205,500000,0.0039000000000000007,-0.0039,-0.0038999999999999035,0.006754998149518566,tap2,fast,firm,20260810_141717,True
732682,0.0585,0.0078,0.9126,732.682,500000,0.0039000000000000007,0.0,0.0039000000000000146,0.005515432893255082,tap2,fast,firm,20260810_141717,True
735196,0.0546,0.0078,0.9087,735.196,500000,0.0,0.0,0.0,0.0,tap2,fast,firm,20260810_141717,True
737696,0.0585,0.0078,0.9009,737.696,500000,0.0039000000000000007,0.0,-0.007799999999999918,0.008720665112249107,tap2,fast,firm,20260810_141717,True
740205,0.0546,0.0039,0.9048,740.205,500000,0.0,-0.0039,-0.0038999999999999035,0.005515432893255002,tap2,fast,firm,20260810_141717,True
742712,0.0507,0.0078,0.9048,742.712,500000,-0.0039000000000000007,0.0,-0.0038999999999999035,0.005515432893255003,tap2,fast,firm,20260810_141717,True
745209,0.0507,0.0117,0.9087,745.209,500000,-0.0039000000000000007,0.0039000000000000007,0.0,0.005515432893255071,tap2,fast,firm,20260810_141717,True
747703,0.0507,0.0156,0.8931,747.703,500000,-0.0039000000000000007,0.0078,-0.015599999999999947,0.01787204521032773,tap2,fast,firm,20260810_141717,True
750209,0.0507,0.0195,0.9126,750.209,500000,-0.0039000000000000007,0.0117,0.0039000000000000146,0.012934836682386064,tap2,fast,firm,20260810_141717,True
752688,0.0507,0.0117,0.9048,752.688,500000,-0.0039000000000000007,0.0039000000000000007,-0.0038999999999999035,0.006754998149518567,tap2,fast,firm,20260810_141717,True
755185,0.0585,0.0117,0.9087,755.185,500000,0.0039000000000000007,0.0039000000000000007,0.0,0.005515432893255071,tap2,fast,firm,20260810_141717,True
757682,0.0546,0.0156,0.9009,757.682,500000,0.0,0.0078,-0.007799999999999918,0.011030865786510084,tap2,fast,firm,20260810_141717,True
760211,0.0507,0.0156,0.9087,760.211,500000,-0.0039000000000000007,0.0078,0.0,0.00872066511224918,tap2,fast,firm,20260810_141717,True
762690,0.0546,0.0117,0.9048,762.69,500000,0.0,0.0039000000000000007,-0.0038999999999999035,0.005515432893255003,tap2,fast,firm,20260810_141717,True
765189,0.0507,0.0117,0.9087,765.189,500000,-0.0039000000000000007,0.0039000000000000007,0.0,0.005515432893255071,tap2,fast,firm,20260810_141717,True
767691,0.0585,0.0039,0.9087,767.691,500000,0.0039000000000000007,-0.0039,0.0,0.005515432893255071,tap2,fast,firm,20260810_141717,True
770197,0.0546,0.0117,0.9048,770.197,500000,0.0,0.0039000000000000007,-0.0038999999999999035,0.005515432893255003,tap2,fast,firm,20260810_141717,True
772692,0.0585,0.0078,0.9087,772.692,500000,0.0039000000000000007,0.0,0.0,0.0039000000000000007,tap2,fast,firm,20260810_141717,True
775191,0.0585,0.0039,0.9048,775.191,500000,0.0039000000000000007,-0.0039,-0.0038999999999999035,0.006754998149518566,tap2,fast,firm,20260810_141717,True
777684,0.0546,0.0078,0.9126,777.684,500000,0.0,0.0,0.0039000000000000146,0.0039000000000000146,tap2,fast,firm,20260810_141717,True
780202,0.0546,0.0078,0.9009,780.202,500000,0.0,0.0,-0.007799999999999918,0.007799999999999918,tap2,fast,firm,20260810_141717,True
782708,0.0546,0.0117,0.9126,782.708,500000,0.0,0.0039000000000000007,0.0039000000000000146,0.005515432893255082,tap2,fast,firm,20260810_141717,True
785211,0.0507,0.0078,0.9087,785.211,500000,-0.0039000000000000007,0.0,0.0,0.0039000000000000007,tap2,fast,firm,20260810_141717,True
787698,0.0507,0.0078,0.9126,787.698,500000,-0.0039000000000000007,0.0,0.0039000000000000146,0.005515432893255082,tap2,fast,firm,20260810_141717,True
790198,0.0546,0.0078,0.9087,790.198,500000,0.0,0.0,0.0,0.0,tap2,fast,firm,20260810_141717,True
792682,0.0546,0.0078,0.9087,792.682,500000,0.0,0.0,0.0,0.0,tap2,fast,firm,20260810_141717,True
795209,0.0468,0.0117,0.9087,795.209,500000,-0.007800000000000001,0.0039000000000000007,0.0,0.008720665112249181,tap2,fast,firm,20260810_141717,True
797854,0.0507,0.0078,0.9126,797.854,500000,-0.0039000000000000007,0.0,0.0039000000000000146,0.005515432893255082,tap2,fast,firm,20260810_141717,True
800182,0.0507,0.0078,0.9126,800.182,500000,-0.0039000000000000007,0.0,0.0039000000000000146,0.005515432893255082,tap2,fast,firm,20260810_141717,True
802693,0.0546,0.0117,0.9048,802.693,500000,0.0,0.0039000000000000007,-0.0038999999999999035,0.005515432893255003,tap2,fast,firm,20260810_141717,True
805192,0.0546,0.0,0.897,805.192,500000,0.0,-0.0078,-0.011699999999999933,0.014061649974309502,tap2,fast,firm,20260810_141717,True
807704,0.0585,0.0,0.9048,807.704,500000,0.0039000000000000007,-0.0078,-0.0038999999999999035,0.009553009996854355,tap2,fast,firm,20260810_141717,True
810186,0.0546,0.0156,0.9087,810.186,500000,0.0,0.0078,0.0,0.0078,tap2,fast,firm,20260810_141717,True
812696,0.0507,0.0234,0.9126,812.696,500000,-0.0039000000000000007,0.015600000000000001,0.0039000000000000146,0.016546298679765214,tap2,fast,firm,20260810_141717,True
815193,0.0468,0.0195,0.9048,815.193,500000,-0.007800000000000001,0.0117,-0.0038999999999999035,0.014592463808418346,tap2,fast,firm,20260810_141717,True
817685,0.0546,0.0078,0.9048,817.685,500000,0.0,0.0,-0.0038999999999999035,0.0038999999999999035,tap2,fast,firm,20260810_141717,True
820199,0.0468,0.0078,0.9048,820.199,500000,-0.007800000000000001,0.0,-0.0038999999999999035,0.008720665112249138,tap2,fast,firm,20260810_141717,True
822684,0.0507,0.0117,0.9087,822.684,500000,-0.0039000000000000007,0.0039000000000000007,0.0,0.005515432893255071,tap2,fast,firm,20260810_141717,True
825185,0.0468,0.0039,0.9126,825.185,500000,-0.007800000000000001,-0.0039,0.0039000000000000146,0.0095530099968544,tap2,fast,firm,20260810_141717,True
827712,0.0507,0.0117,0.9087,827.712,500000,-0.0039000000000000007,0.0039000000000000007,0.0,0.005515432893255071,tap2,fast,firm,20260810_141717,True
830193,0.0468,0.0078,0.9087,830.193,500000,-0.007800000000000001,0.0,0.0,0.007800000000000001,tap2,fast,firm,20260810_141717,True
832701,0.0546,0.0117,0.9048,832.701,500000,0.0,0.0039000000000000007,-0.0038999999999999035,0.005515432893255003,tap2,fast,firm,20260810_141717,True
835200,0.0468,0.0117,0.9087,835.2,500000,-0.007800000000000001,0.0039000000000000007,0.0,0.008720665112249181,tap2,fast,firm,20260810_141717,True
837691,0.0546,0.0078,0.9126,837.691,500000,0.0,0.0,0.0039000000000000146,0.0039000000000000146,tap2,fast,firm,20260810_141717,True
840198,0.0546,0.0078,0.9087,840.198,500000,0.0,0.0,0.0,0.0,tap2,fast,firm,20260810_141717,True
842707,0.0585,0.0039,0.9126,842.707,500000,0.0039000000000000007,-0.0039,0.0039000000000000146,0.00675499814951863,tap2,fast,firm,20260810_141717,True
845205,0.0624,0.0078,0.9009,845.205,500000,0.0077999999999999944,0.0,-0.007799999999999918,0.01103086578651008,tap2,fast,firm,20260810_141717,True
847699,0.0546,0.0078,0.9048,847.699,500000,0.0,0.0,-0.0038999999999999035,0.0038999999999999035,tap2,fast,firm,20260810_141717,True
850184,0.0546,0.0078,0.9087,850.184,500000,0.0,0.0,0.0,0.0,tap2,fast,firm,20260810_141717,True
852691,0.0585,0.0078,0.9126,852.691,500000,0.0039000000000000007,0.0,0.0039000000000000146,0.005515432893255082,tap2,fast,firm,20260810_141717,True
855187,0.0585,0.0078,0.9087,855.187,500000,0.0039000000000000007,0.0,0.0,0.0039000000000000007,tap2,fast,firm,20260810_141717,True
857682,0.0546,0.0156,0.9165,857.682,500000,0.0,0.0078,0.007800000000000029,0.011030865786510162,tap2,fast,firm,20260810_141717,True
860193,0.0585,0.0156,0.9126,860.193,500000,0.0039000000000000007,0.0078,0.0039000000000000146,0.0095530099968544,tap2,fast,firm,20260810_141717,True
862701,0.0546,0.0078,0.9165,862.701,500000,0.0,0.0,0.007800000000000029,0.007800000000000029,tap2,fast,firm,20260810_141717,True
865210,0.0546,0.0117,0.9087,865.21,500000,0.0,0.0039000000000000007,0.0,0.0039000000000000007,tap2,fast,firm,20260810_141717,True
867712,0.0585,0.0078,0.9126,867.712,500000,0.0039000000000000007,0.0,0.0039000000000000146,0.005515432893255082,tap2,fast,firm,20260810_141717,True
870192,0.0546,0.0039,0.9048,870.192,500000,0.0,-0.0039,-0.0038999999999999035,0.005515432893255002,tap2,fast,firm,20260810_141717,True
872702,0.0468,0.0117,0.9009,872.702,500000,-0.007800000000000001,0.0039000000000000007,-0.007799999999999918,0.011699999999999947,tap2,fast,firm,20260810_141717,True
875200,0.0468,0.0078,0.9126,875.2,500000,-0.007800000000000001,0.0,0.0039000000000000146,0.008720665112249188,tap2,fast,firm,20260810_141717,True
877688,0.0585,0.0039,0.9048,877.688,500000,0.0039000000000000007,-0.0039,-0.0038999999999999035,0.006754998149518566,tap2,fast,firm,20260810_141717,True
880199,0.0507,0.0117,0.9126,880.199,500000,-0.0039000000000000007,0.0039000000000000007,0.0039000000000000146,0.006754998149518631,tap2,fast,firm,20260810_141717,True
882706,0.0546,0.0117,0.9087,882.706,500000,0.0,0.0039000000000000007,0.0,0.0039000000000000007,tap2,fast,firm,20260810_141717,True
885183,0.0546,0.0117,0.9126,885.183,500000,0.0,0.0039000000000000007,0.0039000000000000146,0.005515432893255082,tap2,fast,firm,20260810_141717,True
887696,0.0546,0.0156,0.9048,887.696,500000,0.0,0.0078,-0.0038999999999999035,0.008720665112249136,tap2,fast,firm,20260810_141717,True
890210,0.0546,0.0078,0.9204,890.21,500000,0.0,0.0,0.011700000000000044,0.011700000000000044,tap2,fast,firm,20260810_141717,True
892698,0.0468,0.0156,0.9087,892.698,500000,-0.007800000000000001,0.0078,0.0,0.011030865786510143,tap2,fast,firm,20260810_141717,True
895199,0.0468,0.0117,0.9165,895.199,500000,-0.007800000000000001,0.0039000000000000007,0.007800000000000029,0.011700000000000021,tap2,fast,firm,20260810_141717,True
897835,0.0507,0.0117,0.9048,897.835,500000,-0.0039000000000000007,0.0039000000000000007,-0.0038999999999999035,0.006754998149518567,tap2,fast,firm,20260810_141717,True
900211,0.0507,0.0117,0.9048,900.211,500000,-0.0039000000000000007,0.0039000000000000007,-0.0038999999999999035,0.006754998149518567,tap2,fast,firm,20260810_141717,True
902687,0.0546,0.0078,0.9126,902.687,500000,0.0,0.0,0.0039000000000000146,0.0039000000000000146,tap2,fast,firm,20260810_141717,True
905184,0.0546,0.0117,0.8931,905.184,500000,0.0,0.0039000000000000007,-0.015599999999999947,0.016080111939908825,tap2,fast,firm,20260810_141717,True
907697,0.0624,0.0117,0.9087,907.697,500000,0.0077999999999999944,0.0039000000000000007,0.0,0.008720665112249176,tap2,fast,firm,20260810_141717,True
910208,0.0546,0.0078,0.9048,910.208,500000,0.0,0.0,-0.0038999999999999035,0.0038999999999999035,tap2,fast,firm,20260810_141717,True
912685,0.0624,0.0039,0.9087,912.685,500000,0.0077999999999999944,-0.0039,0.0,0.008720665112249174,tap2,fast,firm,20260810_141717,True
915184,0.0624,0.0039,0.9126,915.184,500000,0.0077999999999999944,-0.0039,0.0039000000000000146,0.009553009996854395,tap2,fast,firm,20260810_141717,True
917710,0.0546,0.0117,0.9009,917.71,500000,0.0,0.0039000000000000007,-0.007799999999999918,0.008720665112249107,tap2,fast,firm,20260810_141717,True
920186,0.0468,0.0039,0.9087,920.186,500000,-0.007800000000000001,-0.0039,0.0,0.008720665112249181,tap2,fast,firm,20260810_141717,True
922698,0.0507,0.0078,0.9087,922.698,500000,-0.0039000000000000007,0.0,0.0,0.0039000000000000007,tap2,fast,firm,20260810_141717,True
925198,0.0546,0.0078,0.9087,925.198,500000,0.0,0.0,0.0,0.0,tap2,fast,firm,20260810_141717,True
927691,0.0546,0.0156,0.9048,927.691,500000,0.0,0.0078,-0.0038999999999999035,0.008720665112249136,tap2,fast,firm,20260810_141717,True
930189,0.0585,0.0117,0.9048,930.189,500000,0.0039000000000000007,0.0039000000000000007,-0.0038999999999999035,0.006754998149518567,tap2,fast,firm,20260810_141717,True
932701,0.0624,0.0078,0.9126,932.701,500000,0.0077999999999999944,0.0,0.0039000000000000146,0.008720665112249181,tap2,fast,firm,20260810_141717,True
935200,0.0585,0.0039,0.9126,935.2,500000,0.0039000000000000007,-0.0039,0.0039000000000000146,0.00675499814951863,tap2,fast,firm,20260810_141717,True
937696,0.0468,0.0156,0.9126,937.696,500000,-0.007800000000000001,0.0078,0.0039000000000000146,0.011700000000000006,tap2,fast,firm,20260810_141717,True
940209,0.0468,0.0117,0.9126,940.209,500000,-0.007800000000000001,0.0039000000000000007,0.0039000000000000146,0.009553009996854402,tap2,fast,firm,20260810_141717,True
942686,0.0546,0.0156,0.9126,942.686,500000,0.0,0.0078,0.0039000000000000146,0.008720665112249186,tap2,fast,firm,20260810_141717,True
945184,0.0546,0.0117,0.9126,945.184,500000,0.0,0.0039000000000000007,0.0039000000000000146,0.005515432893255082,tap2,fast,firm,20260810_141717,True
947685,0.0507,0.0117,0.9126,947.685,500000,-0.0039000000000000007,0.0039000000000000007,0.0039000000000000146,0.006754998149518631,tap2,fast,firm,20260810_141717,True
950197,0.0585,0.0117,0.9126,950.197,500000,0.0039000000000000007,0.0039000000000000007,0.0039000000000000146,0.006754998149518631,tap2,fast,firm,20260810_141717,True
952703,0.0507,0.0039,0.9204,952.703,500000,-0.0039000000000000007,-0.0039,0.011700000000000044,0.012934836682386099,tap2,fast,firm,20260810_141717,True
955204,0.0585,0.0078,0.9087,955.204,500000,0.0039000000000000007,0.0,0.0,0.0039000000000000007,tap2,fast,firm,20260810_141717,True
957696,0.0468,0.0156,0.9087,957.696,500000,-0.007800000000000001,0.0078,0.0,0.011030865786510143,tap2,fast,firm,20260810_141717,True
960209,0.0546,0.0117,0.9048,960.209,500000,0.0,0.0039000000000000007,-0.0038999999999999035,0.005515432893255003,tap2,fast,firm,20260810_141717,True
962685,0.0585,0.0117,0.9087,962.685,500000,0.0039000000000000007,0.0039000000000000007,0.0,0.005515432893255071,tap2,fast,firm,20260810_141717,True
965182,0.0546,0.0078,0.9243,965.182,500000,0.0,0.0,0.015600000000000058,0.015600000000000058,tap2,fast,firm,20260810_141717,True
967710,0.0585,0.0039,0.9165,967.71,500000,0.0039000000000000007,-0.0039,0.007800000000000029,0.009553009996854418,tap2,fast,firm,20260810_141717,True
970185,0.0546,0.0156,0.9087,970.185,500000,0.0,0.0078,0.0,0.0078,tap2,fast,firm,20260810_141717,True
972696,0.0468,0.0195,0.9009,972.696,500000,-0.007800000000000001,0.0117,-0.007799999999999918,0.01608011193990884,tap2,fast,firm,20260810_141717,True
975196,0.0546,0.0117,0.9165,975.196,500000,0.0,0.0039000000000000007,0.007800000000000029,0.008720665112249207,tap2,fast,firm,20260810_141717,True
977684,0.0507,0.0078,0.9009,977.684,500000,-0.0039000000000000007,0.0,-0.007799999999999918,0.008720665112249107,tap2,fast,firm,20260810_141717,True
980202,0.0507,0.0156,0.9048,980.202,500000,-0.0039000000000000007,0.0078,-0.0038999999999999035,0.009553009996854355,tap2,fast,firm,20260810_141717,True
982709,0.0585,0.0039,0.9048,982.709,500000,0.0039000000000000007,-0.0039,-0.0038999999999999035,0.006754998149518566,tap2,fast,firm,20260810_141717,True
985188,0.0546,0.0078,0.9009,985.188,500000,0.0,0.0,-0.007799999999999918,0.007799999999999918,tap2,fast,firm,20260810_141717,True
987700,0.0546,0.0078,0.9048,987.7,500000,0.0,0.0,-0.0038999999999999035,0.0038999999999999035,tap2,fast,firm,20260810_141717,True
990186,0.0507,0.0078,0.9048,990.186,500000,-0.0039000000000000007,0.0,-0.0038999999999999035,0.005515432893255003,tap2,fast,firm,20260810_141717,True
992693,4.1067,0.3549,-7.5855,992.693,500000,4.0521,0.3471,-8.4942,9.41761256688764,tap2,fast,firm,20260810_141717,True
995206,-2.5584,0.3744,12.1251,995.206,500000,-2.613,0.36660000000000004,11.2164,11.522577555390981,tap2,fast,firm,20260810_141717,True
997842,1.7082,0.5031,-1.1817,997.842,500000,1.6536,0.4953,-2.0904,2.7109937679751313,tap2,fast,firm,20260810_141717,True
1000190,0.7839,1.7433,-2.4063,1000.19,500000,0.7293000000000001,1.7355,-3.315,3.8122255625815216,tap2,fast,firm,20260810_141717,True
1002697,-0.5811,1.0647,-0.1209,1002.697,500000,-0.6356999999999999,1.0569,-1.0295999999999998,1.6066201355640977,tap2,fast,firm,20260810_141717,True
1005195,-0.4407,-0.5343,2.3166,1005.195,500000,-0.49529999999999996,-0.5421,1.4079000000000002,1.5878844132996586,tap2,fast,firm,20260810_141717,True
1007705,0.273,-0.2964,1.1232,1007.705,500000,0.2184,-0.30419999999999997,0.21450000000000002,0.43156279960163385,tap2,fast,firm,20260810_141717,True
1010188,0.273,-0.2964,1.1232,1010.188,500000,0.2184,-0.30419999999999997,0.21450000000000002,0.43156279960163385,tap2,fast,firm,20260810_141717,True
1012698,0.3627,-0.1599,0.7098,1012.698,500000,0.30810000000000004,-0.1677,-0.19889999999999997,0.40324943893327364,tap2,fast,firm,20260810_141717,True
1015195,0.0624,-0.5577,1.1232,1015.195,500000,0.0077999999999999944,-0.5655,0.21450000000000002,0.6048647286790659,tap2,fast,firm,20260810_141717,True
1017686,0.1014,-0.2223,1.053,1017.686,500000,0.0468,-0.2301,0.14429999999999998,0.27560613200725415,tap2,fast,firm,20260810_141717,True
1020199,0.1131,0.3666,0.8697,1020.199,500000,0.0585,0.3588,-0.038999999999999924,0.36562369999768884,tap2,fast,firm,20260810_141717,True
1022711,-0.0234,0.3939,0.9945,1022.711,500000,-0.078,0.3861,0.0858000000000001,0.40313626728440105,tap2,fast,firm,20260810_141717,True
1025211,-0.1443,0.1716,1.1037,1025.211,500000,-0.19890000000000002,0.1638,0.19499999999999995,0.3231356526290468,tap2,fast,firm,20260810_141717,True
1027703,-0.039,0.1131,1.1115,1027.703,500000,-0.0936,0.1053,0.20279999999999998,0.24693499144511696,tap2,fast,firm,20260810_141717,True
1030209,0.117,-0.0663,1.0374,1030.209,500000,0.062400000000000004,-0.0741,0.12870000000000015,0.1610846361388945,tap2,fast,firm,20260810_141717,True
1032685,0.1482,-0.2067,1.0413,1032.685,500000,0.09359999999999999,-0.2145,0.13259999999999994,0.2689869327681179,tap2,fast,firm,20260810_141717,True
1035211,-0.0546,-0.1248,1.0257,1035.211,500000,-0.1092,-0.1326,0.1170000000000001,0.20783743647379802,tap2,fast,firm,20260810_141717,True
1037703,0.0156,-0.0078,1.0686,1037.703,500000,-0.03900000000000001,-0.0156,0.15990000000000004,0.16532504347496785,tap2,fast,firm,20260810_141717,True
1040209,-0.0234,0.0429,1.092,1040.209,500000,-0.078,0.0351,0.18330000000000013,0.20227431868628318,tap2,fast,firm,20260810_141717,True
1042685,-0.0039,0.0546,1.0959,1042.685,500000,-0.0585,0.0468,0.18720000000000014,0.20163414889348494,tap2,fast,firm,20260810_141717,True
1045182,-0.0312,0.1482,1.0452,1045.182,500000,-0.0858,0.1404,0.13649999999999995,0.2137897331491856,tap2,fast,firm,20260810_141717,True
1047682,-0.0078,0.1131,1.0764,1047.682,500000,-0.062400000000000004,0.1053,0.16770000000000007,0.20761777380561625,tap2,fast,firm,20260810_141717,True
1050187,-0.0585,0.0702,1.0452,1050.187,500000,-0.1131,0.0624,0.13649999999999995,0.1879298273292454,tap2,fast,firm,20260810_141717,True
1052694,0.0195,0.0507,1.0179,1052.694,500000,-0.035100000000000006,0.0429,0.10920000000000007,0.1224624840512392,tap2,fast,firm,20260810_141717,True
1055192,-0.0273,0.039,1.014,1055.192,500000,-0.0819,0.0312,0.10530000000000006,0.13700051094795235,tap2,fast,firm,20260810_141717,True
1057685,0.0546,0.0468,1.1037,1057.685,500000,0.0,0.039,0.19499999999999995,0.19886176103011857,tap2,fast,firm,20260810_141717,True
1060198,-0.1911,-0.1209,1.0959,1060.198,500000,-0.2457,-0.12869999999999998,0.18720000000000014,0.3346281817181572,tap2,fast,firm,20260810_141717,True
1062687,0.1677,-0.0741,1.17,1062.687,500000,0.11309999999999998,-0.0819,0.2613,0.2962716827508157,tap2,fast,firm,20260810_141717,True
1065189,0.2028,-0.0273,1.0881,1065.189,500000,0.1482,-0.0351,0.17940000000000011,0.23532872752811126,tap2,fast,firm,20260810_141717,True
1067690,0.2145,-0.0429,1.0686,1067.69,500000,0.1599,-0.0507,0.15990000000000004,0.23174665046123108,tap2,fast,firm,20260810_141717,True
1070200,0.0741,-0.0741,1.0959,1070.2,500000,0.019499999999999997,-0.0819,0.18720000000000014,0.2052600789242761,tap2,fast,firm,20260810_141717,True
1072709,0.0429,-0.0234,1.1154,1072.709,500000,-0.011700000000000002,-0.0312,0.2067,0.20936862229092496,tap2,fast,firm,20260810_141717,True
1075209,0.0156,0.0507,1.0998,1075.209,500000,-0.03900000000000001,0.0429,0.19110000000000016,0.19970132698607704,tap2,fast,firm,20260810_141717,True
1077697,0.0117,0.1131,1.1076,1077.697,500000,-0.0429,0.1053,0.19889999999999997,0.22910632902650244,tap2,fast,firm,20260810_141717,True
1080182,0.0195,0.1365,1.0959,1080.182,500000,-0.035100000000000006,0.1287,0.18720000000000014,0.22986852764134558,tap2,fast,firm,20260810_141717,True
1082691,0.039,0.0897,1.092,1082.691,500000,-0.015600000000000003,0.0819,0.18330000000000013,0.20136995803743926,tap2,fast,firm,20260810_141717,True
1085198,0.0507,0.0078,1.0842,1085.198,500000,-0.0039000000000000007,0.0,0.1755000000000001,0.17554332798485972,tap2,fast,firm,20260810_141717,True
1087710,0.078,-0.0546,1.0686,1087.71,500000,0.023399999999999997,-0.062400000000000004,0.15990000000000004,0.17323201205319996,tap2,fast,firm,20260810_141717,True
1090187,0.0819,-0.0663,1.0647,1090.187,500000,0.027299999999999998,-0.0741,0.15600000000000003,0.1748487918173872,tap2,fast,firm,20260810_141717,True
1092696,0.0663,-0.0312,1.0569,1092.696,500000,0.011699999999999995,-0.039,0.1482,0.15369167186285662,tap2,fast,firm,20260810_141717,True
1095195,0.0468,0.0195,1.0686,1095.195,500000,-0.007800000000000001,0.0117,0.15990000000000004,0.16051710189260213,tap2,fast,firm,20260810_141717,True
1097832,0.0429,0.0429,1.0608,1097.832,500000,-0.011700000000000002,0.0351,0.1521,0.15653533147503795,tap2,fast,firm,20260810_141717,True
1100205,0.0273,0.0507,1.0452,1100.205,500000,-0.0273,0.0429,0.13649999999999995,0.14566382529646812,tap2,fast,firm,20260810_141717,True
1102712,0.039,0.0468,1.053,1102.712,500000,-0.015600000000000003,0.039,0.14429999999999998,0.150289221170382,tap2,fast,firm,20260810_141717,True
1105211,0.0507,0.0273,1.0413,1105.211,500000,-0.0039000000000000007,0.019500000000000003,0.13259999999999994,0.1340828848138344,tap2,fast,firm,20260810_141717,True
1107698,0.0546,0.0117,1.0413,1107.698,500000,0.0,0.0039000000000000007,0.13259999999999994,0.13265734054322056,tap2,fast,firm,20260810_141717,True
1110211,0.0663,-0.0039,1.0335,1110.211,500000,0.011699999999999995,-0.011699999999999999,0.12480000000000013,0.12589209665423812,tap2,fast,firm,20260810_141717,True
1112690,0.0585,-0.0156,1.0296,1112.69,500000,0.0039000000000000007,-0.023399999999999997,0.12090000000000012,0.12320543819166437,tap2,fast,firm,20260810_141717,True
1115189,0.0585,-0.0156,1.0296,1115.189,500000,0.0039000000000000007,-0.023399999999999997,0.12090000000000012,0.12320543819166437,tap2,fast,firm,20260810_141717,True
1117684,0.0624,-0.0156,1.0374,1117.684,500000,0.0077999999999999944,-0.023399999999999997,0.12870000000000015,0.1310423214080094,tap2,fast,firm,20260810_141717,True
1120192,0.0468,0.0,1.0296,1120.192,500000,-0.007800000000000001,-0.0078,0.12090000000000012,0.1214021828469325,tap2,fast,firm,20260810_141717,True
1122708,0.0429,0.0195,1.0257,1122.708,500000,-0.011700000000000002,0.0117,0.1170000000000001,0.1181642077788364,tap2,fast,firm,20260810_141717,True
1125209,0.0234,0.0468,1.0257,1125.209,500000,-0.031200000000000002,0.039,0.1170000000000001,0.1272141501563408,tap2,fast,firm,20260810_141717,True
1127688,0.0351,0.039,1.0296,1127.688,500000,-0.019500000000000003,0.0312,0.12090000000000012,0.1263744436189534,tap2,fast,firm,20260810_141717,True
1130198,0.0429,0.0117,1.0179,1130.198,500000,-0.011700000000000002,0.0039000000000000007,0.10920000000000007,0.10989422186812196,tap2,fast,firm,20260810_141717,True
1132708,0.0663,-0.0117,1.0179,1132.708,500000,0.011699999999999995,-0.0195,0.10920000000000007,0.11154272723938578,tap2,fast,firm,20260810_141717,True
1135206,0.0624,-0.0117,1.0101,1135.206,500000,0.0077999999999999944,-0.0195,0.10140000000000005,0.10355216076934373,tap2,fast,firm,20260810_141717,True
1137700,0.0624,-0.0078,1.0062,1137.7,500000,0.0077999999999999944,-0.0156,0.09750000000000003,0.09904771577376233,tap2,fast,firm,20260810_141717,True
1140184,0.0546,0.0078,1.0101,1140.184,500000,0.0,0.0,0.10140000000000005,0.10140000000000005,tap2,fast,firm,20260810_141717,True
1142696,0.0312,0.0156,1.0179,1142.696,500000,-0.023400000000000004,0.0078,0.10920000000000007,0.1119510607363772,tap2,fast,firm,20260810_141717,True
1145194,0.0351,0.0351,1.0101,1145.194,500000,-0.019500000000000003,0.027299999999999998,0.10140000000000005,0.10680589871350744,tap2,fast,firm,20260810_141717,True
1147690,0.0429,0.0195,0.9984,1147.69,500000,-0.011700000000000002,0.0117,0.0897,0.0912133213955067,tap2,fast,firm,20260810_141717,True
1150200,0.039,0.0195,1.0023,1150.2,500000,-0.015600000000000003,0.0117,0.09360000000000002,0.09560967524262387,tap2,fast,firm,20260810_141717,True
1152709,0.0468,0.0078,0.9984,1152.709,500000,-0.007800000000000001,0.0,0.0897,0.09003849176879852,tap2,fast,firm,20260810_141717,True
1155208,0.0468,0.0078,0.9945,1155.208,500000,-0.007800000000000001,0.0,0.0858000000000001,0.08615381593406073,tap2,fast,firm,20260810_141717,True
1157699,0.0507,0.0039,0.9945,1157.699,500000,-0.0039000000000000007,-0.0039,0.0858000000000001,0.08597708997168965,tap2,fast,firm,20260810_141717,True
1160211,0.0507,0.0117,0.9945,1160.211,500000,-0.0039000000000000007,0.0039000000000000007,0.0858000000000001,0.08597708997168965,tap2,fast,firm,20260810_141717,True
1162687,0.0468,0.0078,0.9945,1162.687,500000,-0.007800000000000001,0.0,0.0858000000000001,0.08615381593406073,tap2,fast,firm,20260810_141717,True
1165185,0.039,0.0156,0.9828,1165.185,500000,-0.015600000000000003,0.0078,0.07410000000000005,0.07612496305417828,tap2,fast,firm,20260810_141717,True
1167710,0.0429,0.0195,0.9828,1167.71,500000,-0.011700000000000002,0.0117,0.07410000000000005,0.07592489710233402,tap2,fast,firm,20260810_141717,True
1170188,0.0351,0.0273,0.9906,1170.188,500000,-0.019500000000000003,0.019500000000000003,0.08190000000000008,0.0864182272440254,tap2,fast,firm,20260810_141717,True
1172701,0.0429,0.0195,0.9828,1172.701,500000,-0.011700000000000002,0.0117,0.07410000000000005,0.07592489710233402,tap2,fast,firm,20260810_141717,True
1175200,0.0546,0.0117,0.9789,1175.2,500000,0.0,0.0039000000000000007,0.07020000000000004,0.07030824987154784,tap2,fast,firm,20260810_141717,True
1177687,0.0507,0.0117,0.975,1177.687,500000,-0.0039000000000000007,0.0039000000000000007,0.06630000000000003,0.06652901622600475,tap2,fast,firm,20260810_141717,True
1180205,0.0546,0.0078,0.9867,1180.205,500000,0.0,0.0,0.07800000000000007,0.07800000000000007,tap2,fast,firm,20260810_141717,True
1182706,0.0507,0.0078,0.9867,1182.706,500000,-0.0039000000000000007,0.0,0.07800000000000007,0.07809743913855313,tap2,fast,firm,20260810_141717,True
1185203,0.0429,0.0156,0.9789,1185.203,500000,-0.011700000000000002,0.0078,0.07020000000000004,0.07159448302767474,tap2,fast,firm,20260810_141717,True
1187684,0.0507,0.0156,0.9789,1187.684,500000,-0.0039000000000000007,0.0078,0.07020000000000004,0.07073959287414655,tap2,fast,firm,20260810_141717,True
1190200,0.0429,0.0156,0.9789,1190.2,500000,-0.011700000000000002,0.0078,0.07020000000000004,0.07159448302767474,tap2,fast,firm,20260810_141717,True
1192694,0.0468,0.0117,0.975,1192.694,500000,-0.007800000000000001,0.0039000000000000007,0.06630000000000003,0.06687106997798078,tap2,fast,firm,20260810_141717,True
1195195,3.9546,-7.0356,-11.271,1195.195,500000,3.9,-7.043399999999999,-12.1797,14.60015669950155,tap2,fast,firm,20260810_141717,True
1197789,-6.3531,2.4375,12.4683,1197.789,500000,-6.4077,2.4297,11.5596,13.438244436681453,tap2,fast,firm,20260810_141717,True
1200210,-0.5889,-0.6162,-3.1122,1200.21,500000,-0.6435,-0.624,-4.0209,4.119600109233905,tap2,fast,firm,20260810_141717,True
1202693,1.4469,1.4274,-1.092,1202.693,500000,1.3923,1.4196,-2.0007,2.8207381906160665,tap2,fast,firm,20260810_141717,True
1205191,-0.546,1.0998,2.1294,1205.191,500000,-0.6006,1.092,1.2207,1.744503611346219,tap2,fast,firm,20260810_141717,True
1207694,-0.2067,-0.3666,1.0179,1207.694,500000,-0.2613,-0.37439999999999996,0.10920000000000007,0.46944402222203235,tap2,fast,firm,20260810_141717,True
1210207,0.4758,-0.3861,0.975,1210.207,500000,0.4212,-0.3939,0.06630000000000003,0.5804845734384334,tap2,fast,firm,20260810_141717,True
1212683,0.1599,-0.4173,1.1661,1212.683,500000,0.10529999999999998,-0.4251,0.25739999999999996,0.5079890353147398,tap2,fast,firm,20260810_141717,True
1215211,0.0702,-0.4719,1.1115,1215.211,500000,0.015599999999999996,-0.47969999999999996,0.20279999999999998,0.5210405838320081,tap2,fast,firm,20260810_141717,True
1217702,0.0585,0.3393,1.0101,1217.702,500000,0.0039000000000000007,0.3315,0.10140000000000005,0.34668345792667987,tap2,fast,firm,20260810_141717,True
1220208,-0.0429,0.4563,1.0491,1220.208,500000,-0.0975,0.4485,0.14039999999999997,0.47996943652695223,tap2,fast,firm,20260810_141717,True
1222688,-0.0429,0.4563,1.0491,1222.688,500000,-0.0975,0.4485,0.14039999999999997,0.47996943652695223,tap2,fast,firm,20260810_141717,True
1225186,-0.0312,0.1326,1.0686,1225.186,500000,-0.0858,0.1248,0.15990000000000004,0.22023780329452983,tap2,fast,firm,20260810_141717,True
1227682,-0.0702,0.0351,1.1037,1227.682,500000,-0.1248,0.027299999999999998,0.19499999999999995,0.2331208484885039,tap2,fast,firm,20260810_141717,True
1230187,0.1599,-0.1209,1.1583,1230.187,500000,0.10529999999999998,-0.12869999999999998,0.24960000000000016,0.29991988930379404,tap2,fast,firm,20260810_141717,True
1232690,0.0702,-0.2223,1.1154,1232.69,500000,0.015599999999999996,-0.2301,0.2067,0.3097002744590324,tap2,fast,firm,20260810_141717,True
1235185,0.0195,0.0546,1.131,1235.185,500000,-0.035100000000000006,0.0468,0.22230000000000005,0.22986852764134552,tap2,fast,firm,20260810_141717,True
1237708,-0.0156,0.078,1.1388,1237.708,500000,-0.0702,0.0702,0.23010000000000008,0.2506034516921106,tap2,fast,firm,20260810_141717,True
1240182,-0.0156,0.0195,1.1505,1240.182,500000,-0.0702,0.0117,0.24180000000000013,0.2520558866600819,tap2,fast,firm,20260810_141717,True
1242686,-0.1716,0.0663,1.1076,1242.686,500000,-0.2262,0.058499999999999996,0.19889999999999997,0.30683855689922673,tap2,fast,firm,20260810_141717,True
1245185,0.1131,0.0429,1.1466,1245.185,500000,0.0585,0.0351,0.2379000000000001,0.24748872701599978,tap2,fast,firm,20260810_141717,True
1247683,-0.0819,-0.039,1.1427,1247.683,500000,-0.1365,-0.0468,0.2340000000000001,0.274915423357803,tap2,fast,firm,20260810_141717,True
1250189,-0.0234,0.0585,1.0842,1250.189,500000,-0.078,0.0507,0.1755000000000001,0.19863217262065086,tap2,fast,firm,20260810_141717,True
1252693,-0.0195,-0.0156,1.0686,1252.693,500000,-0.0741,-0.023399999999999997,0.15990000000000004,0.17778183259264713,tap2,fast,firm,20260810_141717,True
1255189,-0.0117,0.0195,1.1856,1255.189,500000,-0.0663,0.0117,0.27690000000000003,0.28496699808925247,tap2,fast,firm,20260810_141717,True
1257682,-0.0273,0.0585,1.0803,1257.682,500000,-0.0819,0.0507,0.17160000000000009,0.19678582266006875,tap2,fast,firm,20260810_141717,True
1260204,-0.0429,0.0273,1.131,1260.204,500000,-0.0975,0.019500000000000003,0.22230000000000005,0.243523694945687,tap2,fast,firm,20260810_141717,True
1262712,0.0819,-0.0468,1.2909,1262.712,500000,0.027299999999999998,-0.0546,0.3822,0.3870442997900886,tap2,fast,firm,20260810_141717,True
1265209,0.4836,-0.0975,0.8931,1265.209,500000,0.429,-0.1053,-0.015599999999999947,0.4420095587201706,tap2,fast,firm,20260810_141717,True
1267704,0.4056,0.4251,1.2051,1267.704,500000,0.35100000000000003,0.4173,0.2964000000000001,0.6206393880507425,tap2,fast,firm,20260810_141717,True
1270187,-0.1053,-0.8931,0.897,1270.187,500000,-0.15990000000000001,-0.9009,-0.011699999999999933,0.9150550311320079,tap2,fast,firm,20260810_141717,True
1272693,0.2379,0.4485,1.2246,1272.693,500000,0.1833,0.44070000000000004,0.31589999999999996,0.5723706753494626,tap2,fast,firm,20260810_141717,True
1275190,0.3666,0.0741,0.975,1275.19,500000,0.312,0.0663,0.06630000000000003,0.3257842537631308,tap2,fast,firm,20260810_141717,True
1277708,0.1989,0.273,1.0608,1277.708,500000,0.14429999999999998,0.26520000000000005,0.1521,0.3380649937512017,tap2,fast,firm,20260810_141717,True
1280192,-0.0429,0.0858,1.1388,1280.192,500000,-0.0975,0.078,0.23010000000000008,0.2617943085706793,tap2,fast,firm,20260810_141717,True
1282701,-0.0429,0.0507,1.1466,1282.701,500000,-0.0975,0.0429,0.2379000000000001,0.26065891505950844,tap2,fast,firm,20260810_141717,True
1285210,0.0195,0.0663,1.1388,1285.21,500000,-0.035100000000000006,0.058499999999999996,0.23010000000000008,0.2400005624993409,tap2,fast,firm,20260810_141717,True
1287699,0.0702,-0.0429,1.1349,1287.699,500000,0.015599999999999996,-0.0507,0.22620000000000007,0.23233658773426114,tap2,fast,firm,20260810_141717,True
1290210,0.0897,-0.0156,1.0998,1290.21,500000,0.0351,-0.023399999999999997,0.19110000000000016,0.19570074092859244,tap2,fast,firm,20260810_141717,True
1292710,0.0663,-0.0078,1.1037,1292.71,500000,0.011699999999999995,-0.0156,0.19499999999999995,0.19597257461185733,tap2,fast,firm,20260810_141717,True
1295209,0.0273,-0.0156,1.1037,1295.209,500000,-0.0273,-0.023399999999999997,0.19499999999999995,0.19828729157462407,tap2,fast,firm,20260810_141717,True
1297834,0.0195,0.0234,1.1271,1297.834,500000,-0.035100000000000006,0.015600000000000001,0.21840000000000004,0.22175195602294023,tap2,fast,firm,20260810_141717,True
1300183,0.0156,0.0702,1.1037,1300.183,500000,-0.03900000000000001,0.0624,0.19499999999999995,0.2084220717678432,tap2,fast,firm,20260810_141717,True
1302706,0.0195,0.0624,1.0998,1302.706,500000,-0.035100000000000006,0.054599999999999996,0.19110000000000016,0.2018226449137957,tap2,fast,firm,20260810_141717,True
1305208,0.0273,0.0351,1.0998,1305.208,500000,-0.0273,0.027299999999999998,0.19110000000000016,0.19496099609921996,tap2,fast,firm,20260810_141717,True
1307707,0.0351,0.0039,1.0842,1307.707,500000,-0.019500000000000003,-0.0039,0.1755000000000001,0.17662307323789844,tap2,fast,firm,20260810_141717,True
1310185,0.0429,-0.0195,1.092,1310.185,500000,-0.011700000000000002,-0.027299999999999998,0.18330000000000013,0.18569079137103178,tap2,fast,firm,20260810_141717,True
1312694,0.0546,-0.0312,1.0764,1312.694,500000,0.0,-0.039,0.16770000000000007,0.17217517242622418,tap2,fast,firm,20260810_141717,True
1315190,0.0351,-0.0078,1.0881,1315.19,500000,-0.019500000000000003,-0.0156,0.17940000000000011,0.18112970490783684,tap2,fast,firm,20260810_141717,True
1317687,0.0234,0.0156,1.0842,1317.687,500000,-0.031200000000000002,0.0078,0.1755000000000001,0.17842233604568694,tap2,fast,firm,20260810_141717,True
1320193,0.0234,0.0234,1.0686,1320.193,500000,-0.031200000000000002,0.015600000000000001,0.15990000000000004,0.16366065501518687,tap2,fast,firm,20260810_141717,True
1322707,0.0117,0.0351,1.0647,1322.707,500000,-0.0429,0.027299999999999998,0.15600000000000003,0.16407833495010854,tap2,fast,firm,20260810_141717,True
1325191,0.0156,0.0234,1.0608,1325.191,500000,-0.03900000000000001,0.015600000000000001,0.1521,0.1577934409283225,tap2,fast,firm,20260810_141717,True
1327691,0.0195,0.0117,1.0569,1327.691,500000,-0.035100000000000006,0.0039000000000000007,0.1482,0.15234979488007194,tap2,fast,firm,20260810_141717,True
1330202,0.0195,0.0117,1.0569,1330.202,500000,-0.035100000000000006,0.0039000000000000007,0.1482,0.15234979488007194,tap2,fast,firm,20260810_141717,True
1332704,0.0234,0.0039,1.053,1332.704,500000,-0.031200000000000002,-0.0039,0.14429999999999998,0.1476859505843396,tap2,fast,firm,20260810_141717,True
1335201,0.0195,0.0,1.0647,1335.201,500000,-0.035100000000000006,-0.0078,0.15600000000000003,0.1600901308638356,tap2,fast,firm,20260810_141717,True
1337689,0.0273,0.0,1.0491,1337.689,500000,-0.0273,-0.0078,0.14039999999999997,0.14324206784321425,tap2,fast,firm,20260810_141717,True
1340197,0.0312,0.0039,1.0452,1340.197,500000,-0.023400000000000004,-0.0039,0.13649999999999995,0.13854609341298654,tap2,fast,firm,20260810_141717,True
1342701,0.0234,0.0078,1.0413,1342.701,500000,-0.031200000000000002,0.0,0.13259999999999994,0.13622114373326918,tap2,fast,firm,20260810_141717,True
1345198,0.0234,0.0156,1.0374,1345.198,500000,-0.031200000000000002,0.0078,0.12870000000000015,0.13265734054322073,tap2,fast,firm,20260810_141717,True
1347692,0.0234,0.0273,1.0491,1347.692,500000,-0.031200000000000002,0.019500000000000003,0.14039999999999997,0.14514079371424146,tap2,fast,firm,20260810_141717,True
1350200,0.0156,0.0273,1.0335,1350.2,500000,-0.03900000000000001,0.019500000000000003,0.12480000000000013,0.1321979198020908,tap2,fast,firm,20260810_141717,True
1352703,0.0156,0.0195,1.0296,1352.703,500000,-0.03900000000000001,0.0117,0.12090000000000012,0.1275723324236099,tap2,fast,firm,20260810_141717,True
1355203,0.0234,0.0117,1.0335,1355.203,500000,-0.031200000000000002,0.0039000000000000007,0.12480000000000013,0.12870000000000012,tap2,fast,firm,20260810_141717,True
1357693,0.0195,0.0078,1.0374,1357.693,500000,-0.035100000000000006,0.0,0.12870000000000015,0.1334005247365993,tap2,fast,firm,20260810_141717,True
1360200,0.0234,0.0078,1.0218,1360.2,500000,-0.031200000000000002,0.0,0.11310000000000009,0.11732454986063241,tap2,fast,firm,20260810_141717,True
1362703,0.0273,0.0117,1.0218,1362.703,500000,-0.0273,0.0039000000000000007,0.11310000000000009,0.11641353014147462,tap2,fast,firm,20260810_141717,True
1365200,0.0312,0.0195,1.0218,1365.2,500000,-0.023400000000000004,0.0117,0.11310000000000009,0.11608643331587037,tap2,fast,firm,20260810_141717,True
1367690,0.0117,0.0351,1.014,1367.69,500000,-0.0429,0.027299999999999998,0.10530000000000006,0.11693498193440666,tap2,fast,firm,20260810_141717,True
1370200,0.0195,0.0234,1.0023,1370.2,500000,-0.035100000000000006,0.015600000000000001,0.09360000000000002,0.10117474981436822,tap2,fast,firm,20260810_141717,True
1372707,0.0234,0.0156,1.0062,1372.707,500000,-0.031200000000000002,0.0078,0.09750000000000003,0.10266708333248786,tap2,fast,firm,20260810_141717,True
1375207,0.0195,0.0117,1.0023,1375.207,500000,-0.035100000000000006,0.0039000000000000007,0.09360000000000002,0.10004089163936916,tap2,fast,firm,20260810_141717,True
1377688,0.0156,0.0117,1.0023,1377.688,500000,-0.03900000000000001,0.0039000000000000007,0.09360000000000002,0.10147497228380999,tap2,fast,firm,20260810_141717,True
1380204,0.0234,0.0195,1.0023,1380.204,500000,-0.031200000000000002,0.0117,0.09360000000000002,0.09935436578228458,tap2,fast,firm,20260810_141717,True
1382711,0.0273,0.0195,1.0062,1382.711,500000,-0.0273,0.0117,0.09750000000000003,0.10192364789390147,tap2,fast,firm,20260810_141717,True
1385209,0.0234,0.0195,0.9984,1385.209,500000,-0.031200000000000002,0.0117,0.0897,0.09568918434180532,tap2,fast,firm,20260810_141717,True
1387701,0.0273,0.0195,1.0062,1387.701,500000,-0.0273,0.0117,0.09750000000000003,0.10192364789390147,tap2,fast,firm,20260810_141717,True
1390188,0.0234,0.0195,0.9945,1390.188,500000,-0.031200000000000002,0.0117,0.0858000000000001,0.09204330502540647,tap2,fast,firm,20260810_141717,True
1392697,0.0273,0.0117,0.9984,1392.697,500000,-0.0273,0.0039000000000000007,0.0897,0.09384343344102453,tap2,fast,firm,20260810_141717,True
1395196,0.0234,0.0039,0.9984,1395.196,500000,-0.031200000000000002,-0.0039,0.0897,0.09505124933424074,tap2,fast,firm,20260810_141717,True
1397816,0.0273,0.0078,0.9984,1397.816,500000,-0.0273,0.0,0.0897,0.09376235918533621,tap2,fast,firm,20260810_141717,True
1400194,0.0351,0.0078,0.9984,1400.194,500000,-0.019500000000000003,0.0,0.0897,0.0917950979083306,tap2,fast,firm,20260810_141717,True
1402701,0.0234,0.0156,0.9906,1402.701,500000,-0.031200000000000002,0.0078,0.08190000000000008,0.0879880105468922,tap2,fast,firm,20260810_141717,True
1405184,0.0234,0.0117,0.9906,1405.184,500000,-0.031200000000000002,0.0039000000000000007,0.08190000000000008,0.08772833065777562,tap2,fast,firm,20260810_141717,True
1407683,0.0234,0.0117,0.9828,1407.683,500000,-0.031200000000000002,0.0039000000000000007,0.07410000000000005,0.0804950930181462,tap2,fast,firm,20260810_141717,True
1410192,0.0312,0.0078,0.9867,1410.192,500000,-0.023400000000000004,0.0,0.07800000000000007,0.08143439076950236,tap2,fast,firm,20260810_141717,True
1412696,0.0195,0.0156,0.9867,1412.696,500000,-0.035100000000000006,0.0078,0.07800000000000007,0.08588859062762651,tap2,fast,firm,20260810_141717,True
1415192,0.0273,0.0117,0.9984,1415.192,500000,-0.0273,0.0039000000000000007,0.0897,0.09384343344102453,tap2,fast,firm,20260810_141717,True
1417685,0.0273,0.0078,0.9945,1417.685,500000,-0.0273,0.0,0.0858000000000001,0.09003849176879862,tap2,fast,firm,20260810_141717,True
1420197,0.0234,0.0117,0.9867,1420.197,500000,-0.031200000000000002,0.0039000000000000007,0.07800000000000007,0.08409904874610657,tap2,fast,firm,20260810_141717,True
1422709,0.0273,0.0,0.9867,1422.709,500000,-0.0273,-0.0078,0.07800000000000007,0.08300680694979184,tap2,fast,firm,20260810_141717,True
1425209,0.0312,0.0,0.9906,1425.209,500000,-0.023400000000000004,-0.0078,0.08190000000000008,0.08553367757789919,tap2,fast,firm,20260810_141717,True
1427697,0.0312,0.0117,0.9828,1427.697,500000,-0.023400000000000004,0.0039000000000000007,0.07410000000000005,0.07780475563871407,tap2,fast,firm,20260810_141717,True
1430203,0.0273,0.0078,0.9828,1430.203,500000,-0.0273,0.0,0.07410000000000005,0.07896898125213474,tap2,fast,firm,20260810_141717,True
1432704,0.0351,0.0117,0.9828,1432.704,500000,-0.019500000000000003,0.0039000000000000007,0.07410000000000005,0.07672203073433347,tap2,fast,firm,20260810_141717,True
1435201,0.0351,0.0117,0.9828,1435.201,500000,-0.019500000000000003,0.0039000000000000007,0.07410000000000005,0.07672203073433347,tap2,fast,firm,20260810_141717,True
1437690,0.0351,0.0078,0.9789,1437.69,500000,-0.019500000000000003,0.0,0.07020000000000004,0.07285801259985072,tap2,fast,firm,20260810_141717,True
1440198,0.039,0.0078,0.9789,1440.198,500000,-0.015600000000000003,0.0,0.07020000000000004,0.07191244676688456,tap2,fast,firm,20260810_141717,True
1442701,0.039,0.0156,0.9906,1442.701,500000,-0.015600000000000003,0.0078,0.08190000000000008,0.08373655115897725,tap2,fast,firm,20260810_141717,True
1445198,0.0312,0.0078,0.9789,1445.198,500000,-0.023400000000000004,0.0,0.07020000000000004,0.07399729724794012,tap2,fast,firm,20260810_141717,True
1447691,0.0312,0.0156,0.9672,1447.691,500000,-0.023400000000000004,0.0078,0.058499999999999996,0.06348740032478886,tap2,fast,firm,20260810_141717,True
1450199,0.0273,0.0156,0.9711,1450.199,500000,-0.0273,0.0078,0.06240000000000001,0.0685557437418631,tap2,fast,firm,20260810_141717,True
1452703,0.0234,0.0273,0.9789,1452.703,500000,-0.031200000000000002,0.019500000000000003,0.07020000000000004,0.07925736558831618,tap2,fast,firm,20260810_141717,True
1455186,0.0234,0.0117,0.975,1455.186,500000,-0.031200000000000002,0.0039000000000000007,0.06630000000000003,0.07337806211668446,tap2,fast,firm,20260810_141717,True
1457689,0.0273,0.0156,0.9633,1457.689,500000,-0.0273,0.0078,0.05460000000000009,0.06154096196843213,tap2,fast,firm,20260810_141717,True
1460201,0.0273,0.0156,0.9633,1460.201,500000,-0.0273,0.0078,0.05460000000000009,0.06154096196843213,tap2,fast,firm,20260810_141717,True
1462702,0.039,0.0117,0.9672,1462.702,500000,-0.015600000000000003,0.0039000000000000007,0.058499999999999996,0.060669761825805774,tap2,fast,firm,20260810_141717,True
1465199,0.039,0.0117,0.9555,1465.199,500000,-0.015600000000000003,0.0039000000000000007,0.046800000000000064,0.04948545240775319,tap2,fast,firm,20260810_141717,True
1467688,0.0351,0.0039,0.9594,1467.688,500000,-0.019500000000000003,-0.0039,0.05070000000000008,0.054460536170698945,tap2,fast,firm,20260810_141717,True
1470196,0.0312,0.0078,0.9633,1470.196,500000,-0.023400000000000004,0.0,0.05460000000000009,0.05940303022573857,tap2,fast,firm,20260810_141717,True
1472702,0.0273,0.0156,0.9672,1472.702,500000,-0.0273,0.0078,0.058499999999999996,0.06502599480207896,tap2,fast,firm,20260810_141717,True
1475200,0.0234,0.0117,0.9711,1475.2,500000,-0.031200000000000002,0.0039000000000000007,0.06240000000000001,0.0698742441819588,tap2,fast,firm,20260810_141717,True
1477683,0.0312,0.0039,0.9594,1477.683,500000,-0.023400000000000004,-0.0039,0.05070000000000008,0.055975530368188635,tap2,fast,firm,20260810_141717,True
1480200,0.0234,0.0156,0.9633,1480.2,500000,-0.031200000000000002,0.0078,0.05460000000000009,0.06336749955616057,tap2,fast,firm,20260810_141717,True
1482707,0.0273,0.0078,0.9672,1482.707,500000,-0.0273,0.0,0.058499999999999996,0.06455648689326271,tap2,fast,firm,20260810_141717,True
1485186,0.0195,0.0156,0.9672,1485.186,500000,-0.035100000000000006,0.0078,0.058499999999999996,0.06866658576047013,tap2,fast,firm,20260810_141717,True
1487699,0.0234,0.0156,0.9672,1487.699,500000,-0.031200000000000002,0.0078,0.058499999999999996,0.06675724679763238,tap2,fast,firm,20260810_141717,True
1490184,0.0195,0.0078,0.975,1490.184,500000,-0.035100000000000006,0.0,0.06630000000000003,0.07501799784051827,tap2,fast,firm,20260810_141717,True
1492689,0.0312,0.0117,0.9594,1492.689,500000,-0.023400000000000004,0.0039000000000000007,0.05070000000000008,0.055975530368188635,tap2,fast,firm,20260810_141717,True
1495184,0.0195,0.0195,0.9633,1495.184,500000,-0.035100000000000006,0.0117,0.05460000000000009,0.06595498464862236,tap2,fast,firm,20260810_141717,True
1497847,0.0195,0.0117,0.9672,1497.847,500000,-0.035100000000000006,0.0039000000000000007,0.058499999999999996,0.06833352032494741,tap2,fast,firm,20260810_141717,True
1500184,0.0273,0.0078,0.9711,1500.184,500000,-0.0273,0.0,0.06240000000000001,0.06811057186663463,tap2,fast,firm,20260810_141717,True
1502693,0.0234,0.0078,0.9711,1502.693,500000,-0.031200000000000002,0.0,0.06240000000000001,0.06976532089799345,tap2,fast,firm,20260810_141717,True
1505188,0.0195,0.0078,0.9594,1505.188,500000,-0.035100000000000006,0.0,0.05070000000000008,0.06166441437328346,tap2,fast,firm,20260810_141717,True
1507709,0.0117,0.0078,0.9672,1507.709,500000,-0.0429,0.0,0.058499999999999996,0.07254419342717927,tap2,fast,firm,20260810_141717,True
1510209,0.0117,0.0156,0.9672,1510.209,500000,-0.0429,0.0078,0.058499999999999996,0.07296231904209186,tap2,fast,firm,20260810_141717,True
1512685,0.0156,0.0195,0.9711,1512.685,500000,-0.03900000000000001,0.0117,0.06240000000000001,0.07450939538071694,tap2,fast,firm,20260810_141717,True
1515183,0.0117,0.0078,0.9633,1515.183,500000,-0.0429,0.0,0.05460000000000009,0.069437525877583,tap2,fast,firm,20260810_141717,True
1517711,0.0117,0.0156,0.9633,1517.711,500000,-0.0429,0.0078,0.05460000000000009,0.06987424418195885,tap2,fast,firm,20260810_141717,True
1520202,0.0234,0.0156,0.9633,1520.202,500000,-0.031200000000000002,0.0078,0.05460000000000009,0.06336749955616057,tap2,fast,firm,20260810_141717,True
1522691,0.0234,0.0078,0.9594,1522.691,500000,-0.031200000000000002,0.0,0.05070000000000008,0.059530916337647684,tap2,fast,firm,20260810_141717,True
1525190,0.0156,0.0156,0.9555,1525.19,500000,-0.03900000000000001,0.0078,0.046800000000000064,0.06141726141729218,tap2,fast,firm,20260810_141717,True
1527691,0.0195,0.0078,0.9438,1527.691,500000,-0.035100000000000006,0.0,0.03510000000000002,0.04963889603929565,tap2,fast,firm,20260810_141717,True
1530203,0.0234,0.0156,0.9516,1530.203,500000,-0.031200000000000002,0.0078,0.04290000000000005,0.05361613563098337,tap2,fast,firm,20260810_141717,True
1532712,0.0273,0.0078,0.9594,1532.712,500000,-0.0273,0.0,0.05070000000000008,0.05758280993491033,tap2,fast,firm,20260810_141717,True
1535182,0.0351,0.0078,0.9516,1535.182,500000,-0.019500000000000003,0.0,0.04290000000000005,0.047123879297018875,tap2,fast,firm,20260810_141717,True
1537708,0.0273,0.0117,0.9516,1537.708,500000,-0.0273,0.0039000000000000007,0.04290000000000005,0.05099911763942592,tap2,fast,firm,20260810_141717,True
1540182,0.0273,0.0117,0.9516,1540.182,500000,-0.0273,0.0039000000000000007,0.04290000000000005,0.05099911763942592,tap2,fast,firm,20260810_141717,True
1542690,0.0273,0.0195,0.9438,1542.69,500000,-0.0273,0.0117,0.03510000000000002,0.04598032187795124,tap2,fast,firm,20260810_141717,True
1545189,0.0312,0.0234,0.9477,1545.189,500000,-0.023400000000000004,0.015600000000000001,0.039000000000000035,0.048082429223158044,tap2,fast,firm,20260810_141717,True
1547691,0.039,0.0117,0.9438,1547.691,500000,-0.015600000000000003,0.0039000000000000007,0.03510000000000002,0.038608030252785516,tap2,fast,firm,20260810_141717,True
1550197,0.0351,0.0039,0.9477,1550.197,500000,-0.019500000000000003,-0.0039,0.039000000000000035,0.04377739142525514,tap2,fast,firm,20260810_141717,True
1552703,0.0468,0.0039,0.9516,1552.703,500000,-0.007800000000000001,-0.0039,0.04290000000000005,0.04377739142525516,tap2,fast,firm,20260810_141717,True
1555202,0.0312,0.0117,0.9516,1555.202,500000,-0.023400000000000004,0.0039000000000000007,0.04290000000000005,0.049022239850908526,tap2,fast,firm,20260810_141717,True
1557694,0.0429,0.0117,0.9477,1557.694,500000,-0.011700000000000002,0.0039000000000000007,0.039000000000000035,0.040903545078635944,tap2,fast,firm,20260810_141717,True
1560203,0.039,0.0156,0.9555,1560.203,500000,-0.015600000000000003,0.0078,0.046800000000000064,0.04994436905197628,tap2,fast,firm,20260810_141717,True
1562682,0.0273,0.0156,0.9477,1562.682,500000,-0.0273,0.0078,0.039000000000000035,0.04824033581972666,tap2,fast,firm,20260810_141717,True
1565211,0.0312,0.0078,0.9438,1565.211,500000,-0.023400000000000004,0.0,0.03510000000000002,0.04218494992292869,tap2,fast,firm,20260810_141717,True
1567701,0.0351,0.0156,0.9438,1567.701,500000,-0.019500000000000003,0.0078,0.03510000000000002,0.04090354507863593,tap2,fast,firm,20260810_141717,True
1570210,0.0351,0.0117,0.9438,1570.21,500000,-0.019500000000000003,0.0039000000000000007,0.03510000000000002,0.04034191368787556,tap2,fast,firm,20260810_141717,True
1572690,0.0312,0.0117,0.9594,1572.69,500000,-0.023400000000000004,0.0039000000000000007,0.05070000000000008,0.055975530368188635,tap2,fast,firm,20260810_141717,True
1575187,0.0234,0.0078,0.9516,1575.187,500000,-0.031200000000000002,0.0,0.04290000000000005,0.05304573498406827,tap2,fast,firm,20260810_141717,True
1577709,0.0351,0.0117,0.9555,1577.709,500000,-0.019500000000000003,0.0039000000000000007,0.046800000000000064,0.05084977876058072,tap2,fast,firm,20260810_141717,True
1580188,0.0273,0.0078,0.9477,1580.188,500000,-0.0273,0.0,0.039000000000000035,0.047605566901361474,tap2,fast,firm,20260810_141717,True
1582697,0.0273,0.0117,0.9477,1582.697,500000,-0.0273,0.0039000000000000007,0.039000000000000035,0.047765049984272,tap2,fast,firm,20260810_141717,True
1585208,0.0351,0.0039,0.9477,1585.208,500000,-0.019500000000000003,-0.0039,0.039000000000000035,0.04377739142525514,tap2,fast,firm,20260810_141717,True
1587685,0.0351,0.0117,0.9477,1587.685,500000,-0.019500000000000003,0.0039000000000000007,0.039000000000000035,0.04377739142525514,tap2,fast,firm,20260810_141717,True
1590188,0.0273,0.0078,0.9477,1590.188,500000,-0.0273,0.0,0.039000000000000035,0.047605566901361474,tap2,fast,firm,20260810_141717,True
1592697,0.0273,0.0117,0.936,1592.697,500000,-0.0273,0.0039000000000000007,0.027300000000000102,0.03880451004715825,tap2,fast,firm,20260810_141717,True
1595198,0.0312,0.0117,0.9477,1595.198,500000,-0.023400000000000004,0.0039000000000000007,0.039000000000000035,0.04564832965180657,tap2,fast,firm,20260810_141717,True
1597817,0.0273,0.0195,0.9516,1597.817,500000,-0.0273,0.0117,0.04290000000000005,0.05217844382501268,tap2,fast,firm,20260810_141717,True
1600197,0.0234,0.0117,0.9555,1600.197,500000,-0.031200000000000002,0.0039000000000000007,0.046800000000000064,0.0563816459497238,tap2,fast,firm,20260810_141717,True
1602703,0.0273,0.0117,0.9516,1602.703,500000,-0.0273,0.0039000000000000007,0.04290000000000005,0.05099911763942592,tap2,fast,firm,20260810_141717,True
1605201,0.0273,0.0078,0.9516,1605.201,500000,-0.0273,0.0,0.04290000000000005,0.0508497787605807,tap2,fast,firm,20260810_141717,True
1607707,0.0312,0.0078,0.9477,1607.707,500000,-0.023400000000000004,0.0,0.039000000000000035,0.045481424779793375,tap2,fast,firm,20260810_141717,True
1610202,0.0312,0.0156,0.9477,1610.202,500000,-0.023400000000000004,0.0078,0.039000000000000035,0.04614542230817703,tap2,fast,firm,20260810_141717,True
1612690,0.0273,0.0117,0.9633,1612.69,500000,-0.0273,0.0039000000000000007,0.05460000000000009,0.06116910985129676,tap2,fast,firm,20260810_141717,True
1615187,0.0273,0.0117,0.9633,1615.187,500000,-0.0273,0.0039000000000000007,0.05460000000000009,0.06116910985129676,tap2,fast,firm,20260810_141717,True
1617689,0.0234,0.0117,0.936,1617.689,500000,-0.031200000000000002,0.0039000000000000007,0.027300000000000102,0.04164060518292218,tap2,fast,firm,20260810_141717,True
1620201,0.0273,0.0039,0.9399,1620.201,500000,-0.0273,-0.0039,0.031200000000000006,0.04164060518292212,tap2,fast,firm,20260810_141717,True
1622686,0.0273,0.0078,0.9438,1622.686,500000,-0.0273,0.0,0.03510000000000002,0.0444668415788664,tap2,fast,firm,20260810_141717,True
1625187,0.0273,0.0078,0.9438,1625.187,500000,-0.0273,0.0,0.03510000000000002,0.0444668415788664,tap2,fast,firm,20260810_141717,True
1627685,0.0273,0.0078,0.9477,1627.685,500000,-0.0273,0.0,0.039000000000000035,0.047605566901361474,tap2,fast,firm,20260810_141717,True
1630195,0.0273,0.0117,0.9321,1630.195,500000,-0.0273,0.0039000000000000007,0.023400000000000087,0.0361671121324333,tap2,fast,firm,20260810_141717,True
1632703,0.0195,0.0117,0.9438,1632.703,500000,-0.035100000000000006,0.0039000000000000007,0.03510000000000002,0.04979186680573447,tap2,fast,firm,20260810_141717,True
1635202,0.0273,0.0117,0.9516,1635.202,500000,-0.0273,0.0039000000000000007,0.04290000000000005,0.05099911763942592,tap2,fast,firm,20260810_141717,True
1637696,0.0234,0.0156,0.9477,1637.696,500000,-0.031200000000000002,0.0078,0.039000000000000035,0.05054977744758134,tap2,fast,firm,20260810_141717,True
1640205,0.0273,0.0156,0.9438,1640.205,500000,-0.0273,0.0078,0.03510000000000002,0.0451457639208819,tap2,fast,firm,20260810_141717,True
1642712,0.0234,0.0117,0.9477,1642.712,500000,-0.031200000000000002,0.0039000000000000007,0.039000000000000035,0.05009640705679403,tap2,fast,firm,20260810_141717,True
1645210,0.0234,0.0117,0.9477,1645.21,500000,-0.031200000000000002,0.0039000000000000007,0.039000000000000035,0.05009640705679403,tap2,fast,firm,20260810_141717,True
1647705,0.0234,0.0195,0.9516,1647.705,500000,-0.031200000000000002,0.0117,0.04290000000000005,0.054320714281018104,tap2,fast,firm,20260810_141717,True
1650185,0.0234,0.0117,0.9555,1650.185,500000,-0.031200000000000002,0.0039000000000000007,0.046800000000000064,0.0563816459497238,tap2,fast,firm,20260810_141717,True
1652709,0.0234,0.0195,0.9438,1652.709,500000,-0.031200000000000002,0.0117,0.03510000000000002,0.04839772721936436,tap2,fast,firm,20260810_141717,True
1655209,0.0273,0.0195,0.9477,1655.209,500000,-0.0273,0.0117,0.039000000000000035,0.04902223985090851,tap2,fast,firm,20260810_141717,True
1657705,0.0195,0.0117,0.9399,1657.705,500000,-0.035100000000000006,0.0039000000000000007,0.031200000000000006,0.04712387929701884,tap2,fast,firm,20260810_141717,True
1660210,0.0273,0.0078,0.9477,1660.21,500000,-0.0273,0.0,0.039000000000000035,0.047605566901361474,tap2,fast,firm,20260810_141717,True
1662685,0.0156,0.0078,0.9477,1662.685,500000,-0.03900000000000001,0.0,0.039000000000000035,0.055154328932550734,tap2,fast,firm,20260810_141717,True
1665182,0.0312,0.0078,0.9438,1665.182,500000,-0.023400000000000004,0.0,0.03510000000000002,0.04218494992292869,tap2,fast,firm,20260810_141717,True
1667709,0.0312,0.0078,0.9399,1667.709,500000,-0.023400000000000004,0.0,0.031200000000000006,0.03900000000000001,tap2,fast,firm,20260810_141717,True
1670187,0.0273,0.0078,0.9399,1670.187,500000,-0.0273,0.0,0.031200000000000006,0.041457568669665136,tap2,fast,firm,20260810_141717,True
1672702,0.0234,0.0156,0.9516,1672.702,500000,-0.031200000000000002,0.0078,0.04290000000000005,0.05361613563098337,tap2,fast,firm,20260810_141717,True
1675201,0.0273,0.0078,0.9399,1675.201,500000,-0.0273,0.0,0.031200000000000006,0.041457568669665136,tap2,fast,firm,20260810_141717,True
1677688,0.0273,0.0195,0.9399,1677.688,500000,-0.0273,0.0117,0.031200000000000006,0.04307690796703032,tap2,fast,firm,20260810_141717,True
1680199,0.0312,0.0156,0.9282,1680.199,500000,-0.023400000000000004,0.0078,0.019500000000000073,0.03144280521836439,tap2,fast,firm,20260810_141717,True
1682706,0.0234,0.0117,0.9399,1682.706,500000,-0.031200000000000002,0.0039000000000000007,0.031200000000000006,0.04429548509724214,tap2,fast,firm,20260810_141717,True
1685185,0.0312,0.0078,0.9399,1685.185,500000,-0.023400000000000004,0.0,0.031200000000000006,0.03900000000000001,tap2,fast,firm,20260810_141717,True
1687700,0.0273,0.0117,0.9477,1687.7,500000,-0.0273,0.0039000000000000007,0.039000000000000035,0.047765049984272,tap2,fast,firm,20260810_141717,True
1690212,0.0234,0.0078,0.9438,1690.212,500000,-0.031200000000000002,0.0,0.03510000000000002,0.04696221885728997,tap2,fast,firm,20260810_141717,True
1692687,0.0234,0.0117,0.9477,1692.687,500000,-0.031200000000000002,0.0039000000000000007,0.039000000000000035,0.05009640705679403,tap2,fast,firm,20260810_141717,True
1695184,0.0273,0.0078,0.936,1695.184,500000,-0.0273,0.0,0.027300000000000102,0.038608030252785565,tap2,fast,firm,20260810_141717,True
1697787,0.0234,0.0117,0.936,1697.787,500000,-0.031200000000000002,0.0039000000000000007,0.027300000000000102,0.04164060518292218,tap2,fast,firm,20260810_141717,True
1700182,0.0234,0.0117,0.9321,1700.182,500000,-0.031200000000000002,0.0039000000000000007,0.023400000000000087,0.039194514922371526,tap2,fast,firm,20260810_141717,True
1702690,0.0351,0.0039,0.9399,1702.69,500000,-0.019500000000000003,-0.0039,0.031200000000000006,0.036998648623970044,tap2,fast,firm,20260810_141717,True
1705187,0.0273,0.0078,0.936,1705.187,500000,-0.0273,0.0,0.027300000000000102,0.038608030252785565,tap2,fast,firm,20260810_141717,True
1707700,0.0273,0.0117,0.936,1707.7,500000,-0.0273,0.0039000000000000007,0.027300000000000102,0.03880451004715825,tap2,fast,firm,20260810_141717,True
1710211,0.0312,0.0039,0.9438,1710.211,500000,-0.023400000000000004,-0.0039,0.03510000000000002,0.042364843915680864,tap2,fast,firm,20260810_141717,True
1712683,0.0273,0.0039,0.9477,1712.683,500000,-0.0273,-0.0039,0.039000000000000035,0.047765049984272,tap2,fast,firm,20260810_141717,True
1715202,0.0234,0.0039,0.9399,1715.202,500000,-0.031200000000000002,-0.0039,0.031200000000000006,0.04429548509724214,tap2,fast,firm,20260810_141717,True
1717710,0.0273,0.0078,0.936,1717.71,500000,-0.0273,0.0,0.027300000000000102,0.038608030252785565,tap2,fast,firm,20260810_141717,True
1720198,0.0234,0.0078,0.9321,1720.198,500000,-0.031200000000000002,0.0,0.023400000000000087,0.039000000000000055,tap2,fast,firm,20260810_141717,True
1722683,0.0312,0.0039,0.9438,1722.683,500000,-0.023400000000000004,-0.0039,0.03510000000000002,0.042364843915680864,tap2,fast,firm,20260810_141717,True
1725211,0.0273,0.0117,0.9399,1725.211,500000,-0.0273,0.0039000000000000007,0.031200000000000006,0.04164060518292212,tap2,fast,firm,20260810_141717,True
1727704,0.0312,0.0078,0.936,1727.704,500000,-0.023400000000000004,0.0,0.027300000000000102,0.03595622338344234,tap2,fast,firm,20260810_141717,True
1730211,0.0351,0.0039,0.9321,1730.211,500000,-0.019500000000000003,-0.0039,0.023400000000000087,0.030708630708646132,tap2,fast,firm,20260810_141717,True
1732686,0.0195,0.0078,0.936,1732.686,500000,-0.035100000000000006,0.0,0.027300000000000102,0.04446684157886645,tap2,fast,firm,20260810_141717,True
1735184,0.0234,0.0078,0.9399,1735.184,500000,-0.031200000000000002,0.0,0.031200000000000006,0.04412346314604057,tap2,fast,firm,20260810_141717,True
1737709,0.0234,0.0078,0.936,1737.709,500000,-0.031200000000000002,0.0,0.027300000000000102,0.0414575686696652,tap2,fast,firm,20260810_141717,True
1740190,0.0351,0.0078,0.9321,1740.19,500000,-0.019500000000000003,0.0,0.023400000000000087,0.03045997373603602,tap2,fast,firm,20260810_141717,True
1742697,0.0312,0.0039,0.9399,1742.697,500000,-0.023400000000000004,-0.0039,0.031200000000000006,0.03919451492237148,tap2,fast,firm,20260810_141717,True
1745197,0.0273,0.0078,0.9321,1745.197,500000,-0.0273,0.0,0.023400000000000087,0.03595622338344232,tap2,fast,firm,20260810_141717,True
1747692,0.0273,0.0078,0.9399,1747.692,500000,-0.0273,0.0,0.031200000000000006,0.041457568669665136,tap2,fast,firm,20260810_141717,True
1750205,0.0273,0.0078,0.9399,1750.205,500000,-0.0273,0.0,0.031200000000000006,0.041457568669665136,tap2,fast,firm,20260810_141717,True
1752712,0.0234,0.0039,0.9399,1752.712,500000,-0.031200000000000002,-0.0039,0.031200000000000006,0.04429548509724214,tap2,fast,firm,20260810_141717,True
1755209,0.0234,0.0078,0.936,1755.209,500000,-0.031200000000000002,0.0,0.027300000000000102,0.0414575686696652,tap2,fast,firm,20260810_141717,True
1757698,0.0234,0.0078,0.9321,1757.698,500000,-0.031200000000000002,0.0,0.023400000000000087,0.039000000000000055,tap2,fast,firm,20260810_141717,True
1760196,0.0351,0.0117,0.9399,1760.196,500000,-0.019500000000000003,0.0039000000000000007,0.031200000000000006,0.036998648623970044,tap2,fast,firm,20260810_141717,True
1762709,0.0234,0.0039,0.9438,1762.709,500000,-0.031200000000000002,-0.0039,0.03510000000000002,0.047123879297018854,tap2,fast,firm,20260810_141717,True
1765208,0.0234,0.0117,0.9243,1765.208,500000,-0.031200000000000002,0.0039000000000000007,0.015600000000000058,0.03510000000000003,tap2,fast,firm,20260810_141717,True
1767704,0.0312,0.0117,0.9321,1767.704,500000,-0.023400000000000004,0.0039000000000000007,0.023400000000000087,0.03332161460673844,tap2,fast,firm,20260810_141717,True
1770200,0.0234,0.0234,0.936,1770.2,500000,-0.031200000000000002,0.015600000000000001,0.027300000000000102,0.044295485097242196,tap2,fast,firm,20260810_141717,True
1772696,0.0351,0.0078,0.9282,1772.696,500000,-0.019500000000000003,0.0,0.019500000000000073,0.027577164466275405,tap2,fast,firm,20260810_141717,True
1775196,0.0234,0.0156,0.9321,1775.196,500000,-0.031200000000000002,0.0078,0.023400000000000087,0.03977235220602377,tap2,fast,firm,20260810_141717,True
1777685,0.0312,0.0156,0.936,1777.685,500000,-0.023400000000000004,0.0078,0.027300000000000102,0.036792526415020836,tap2,fast,firm,20260810_141717,True
1780198,0.0273,0.0078,0.9243,1780.198,500000,-0.0273,0.0,0.015600000000000058,0.03144280521836437,tap2,fast,firm,20260810_141717,True
1782692,0.0234,0.0117,0.9399,1782.692,500000,-0.031200000000000002,0.0039000000000000007,0.031200000000000006,0.04429548509724214,tap2,fast,firm,20260810_141717,True
1785197,0.0234,0.0195,0.9399,1785.197,500000,-0.031200000000000002,0.0117,0.031200000000000006,0.04564832965180654,tap2,fast,firm,20260810_141717,True
1787711,0.0312,0.0117,0.9321,1787.711,500000,-0.023400000000000004,0.0039000000000000007,0.023400000000000087,0.03332161460673844,tap2,fast,firm,20260810_141717,True
1790192,0.0234,0.0156,0.9321,1790.192,500000,-0.031200000000000002,0.0078,0.023400000000000087,0.03977235220602377,tap2,fast,firm,20260810_141717,True
1792698,0.0234,0.0078,0.9321,1792.698,500000,-0.031200000000000002,0.0,0.023400000000000087,0.039000000000000055,tap2,fast,firm,20260810_141717,True
1795195,0.0195,0.0156,0.9399,1795.195,500000,-0.035100000000000006,0.0078,0.031200000000000006,0.047605566901361446,tap2,fast,firm,20260810_141717,True
1797805,0.0234,0.0156,0.936,1797.805,500000,-0.031200000000000002,0.0078,0.027300000000000102,0.04218494992292874,tap2,fast,firm,20260810_141717,True
1800192,0.0351,0.0195,0.9399,1800.192,500000,-0.019500000000000003,0.0117,0.031200000000000006,0.0386080302527855,tap2,fast,firm,20260810_141717,True
1802699,0.0273,0.0117,0.936,1802.699,500000,-0.0273,0.0039000000000000007,0.027300000000000102,0.03880451004715825,tap2,fast,firm,20260810_141717,True
1805196,0.0312,0.0195,0.9399,1805.196,500000,-0.023400000000000004,0.0117,0.031200000000000006,0.04071719538475115,tap2,fast,firm,20260810_141717,True
1807703,0.0234,0.0195,0.9438,1807.703,500000,-0.031200000000000002,0.0117,0.03510000000000002,0.04839772721936436,tap2,fast,firm,20260810_141717,True
1810185,0.0273,0.0117,0.936,1810.185,500000,-0.0273,0.0039000000000000007,0.027300000000000102,0.03880451004715825,tap2,fast,firm,20260810_141717,True
1812693,0.0312,0.0078,0.9399,1812.693,500000,-0.023400000000000004,0.0,0.031200000000000006,0.03900000000000001,tap2,fast,firm,20260810_141717,True
1815185,0.0273,0.0117,0.936,1815.185,500000,-0.0273,0.0039000000000000007,0.027300000000000102,0.03880451004715825,tap2,fast,firm,20260810_141717,True
1817697,0.0273,0.0117,0.936,1817.697,500000,-0.0273,0.0039000000000000007,0.027300000000000102,0.03880451004715825,tap2,fast,firm,20260810_141717,True
1820209,0.0195,0.0078,0.936,1820.209,500000,-0.035100000000000006,0.0,0.027300000000000102,0.04446684157886645,tap2,fast,firm,20260810_141717,True
1822693,0.0312,0.0078,0.9477,1822.693,500000,-0.023400000000000004,0.0,0.039000000000000035,0.045481424779793375,tap2,fast,firm,20260810_141717,True
1825190,0.0234,0.0117,0.936,1825.19,500000,-0.031200000000000002,0.0039000000000000007,0.027300000000000102,0.04164060518292218,tap2,fast,firm,20260810_141717,True
1827683,0.0312,0.0039,0.9399,1827.683,500000,-0.023400000000000004,-0.0039,0.031200000000000006,0.03919451492237148,tap2,fast,firm,20260810_141717,True
1830197,0.0312,0.0117,0.9321,1830.197,500000,-0.023400000000000004,0.0039000000000000007,0.023400000000000087,0.03332161460673844,tap2,fast,firm,20260810_141717,True
1832702,0.0234,0.0078,0.936,1832.702,500000,-0.031200000000000002,0.0,0.027300000000000102,0.0414575686696652,tap2,fast,firm,20260810_141717,True
1835200,0.0312,0.0078,0.9282,1835.2,500000,-0.023400000000000004,0.0,0.019500000000000073,0.030459973736036004,tap2,fast,firm,20260810_141717,True
1837690,0.0273,0.0156,0.936,1837.69,500000,-0.0273,0.0078,0.027300000000000102,0.03938806925961218,tap2,fast,firm,20260810_141717,True
1840198,0.0234,0.0078,0.9399,1840.198,500000,-0.031200000000000002,0.0,0.031200000000000006,0.04412346314604057,tap2,fast,firm,20260810_141717,True
1842703,0.0351,0.0156,0.9321,1842.703,500000,-0.019500000000000003,0.0078,0.023400000000000087,0.03144280521836441,tap2,fast,firm,20260810_141717,True
1845200,0.0273,0.0117,0.9399,1845.2,500000,-0.0273,0.0039000000000000007,0.031200000000000006,0.04164060518292212,tap2,fast,firm,20260810_141717,True
1847707,0.0273,0.0117,0.9282,1847.707,500000,-0.0273,0.0039000000000000007,0.019500000000000073,0.03377499074759315,tap2,fast,firm,20260810_141717,True
1850188,0.0234,0.0078,0.9321,1850.188,500000,-0.031200000000000002,0.0,0.023400000000000087,0.039000000000000055,tap2,fast,firm,20260810_141717,True
1852697,0.0234,0.0117,0.9321,1852.697,500000,-0.031200000000000002,0.0039000000000000007,0.023400000000000087,0.039194514922371526,tap2,fast,firm,20260810_141717,True
1855194,0.0234,0.0117,0.9321,1855.194,500000,-0.031200000000000002,0.0039000000000000007,0.023400000000000087,0.039194514922371526,tap2,fast,firm,20260810_141717,True
1857686,0.0351,0.0039,0.936,1857.686,500000,-0.019500000000000003,-0.0039,0.027300000000000102,0.033774990747593193,tap2,fast,firm,20260810_141717,True
1860199,0.0234,0.0078,0.9282,1860.199,500000,-0.031200000000000002,0.0,0.019500000000000073,0.036792526415020795,tap2,fast,firm,20260810_141717,True
1862708,0.0312,0.0078,0.9477,1862.708,500000,-0.023400000000000004,0.0,0.039000000000000035,0.045481424779793375,tap2,fast,firm,20260810_141717,True
1865205,0.0234,0.0117,0.9321,1865.205,500000,-0.031200000000000002,0.0039000000000000007,0.023400000000000087,0.039194514922371526,tap2,fast,firm,20260810_141717,True
1867696,0.0273,0.0117,0.9399,1867.696,500000,-0.0273,0.0039000000000000007,0.031200000000000006,0.04164060518292212,tap2,fast,firm,20260810_141717,True
1870211,0.0312,0.0078,0.9282,1870.211,500000,-0.023400000000000004,0.0,0.019500000000000073,0.030459973736036004,tap2,fast,firm,20260810_141717,True
1872691,0.0273,0.0117,0.936,1872.691,500000,-0.0273,0.0039000000000000007,0.027300000000000102,0.03880451004715825,tap2,fast,firm,20260810_141717,True
1875189,0.0234,0.0195,0.9204,1875.189,500000,-0.031200000000000002,0.0117,0.011700000000000044,0.035316002038735944,tap2,fast,firm,20260810_141717,True
1877707,0.0234,0.0078,0.9399,1877.707,500000,-0.031200000000000002,0.0,0.031200000000000006,0.04412346314604057,tap2,fast,firm,20260810_141717,True
1880194,0.0312,0.0117,0.9282,1880.194,500000,-0.023400000000000004,0.0039000000000000007,0.019500000000000073,0.03070863070864611,tap2,fast,firm,20260810_141717,True
1882701,0.0234,0.0078,0.9282,1882.701,500000,-0.031200000000000002,0.0,0.019500000000000073,0.036792526415020795,tap2,fast,firm,20260810_141717,True
1885209,0.0156,0.0117,0.9321,1885.209,500000,-0.03900000000000001,0.0039000000000000007,0.023400000000000087,0.04564832965180659,tap2,fast,firm,20260810_141717,True
1887697,0.0312,0.0195,0.9321,1887.697,500000,-0.023400000000000004,0.0117,0.023400000000000087,0.03510000000000006,tap2,fast,firm,20260810_141717,True
1890202,0.039,0.0117,0.936,1890.202,500000,-0.015600000000000003,0.0039000000000000007,0.027300000000000102,0.03168374977808033,tap2,fast,firm,20260810_141717,True
1892709,0.0273,0.0117,0.9438,1892.709,500000,-0.0273,0.0039000000000000007,0.03510000000000002,0.044637540254812445,tap2,fast,firm,20260810_141717,True
1895209,0.0312,0.0117,0.9282,1895.209,500000,-0.023400000000000004,0.0039000000000000007,0.019500000000000073,0.03070863070864611,tap2,fast,firm,20260810_141717,True
1897828,0.0234,0.0117,0.9477,1897.828,500000,-0.031200000000000002,0.0039000000000000007,0.039000000000000035,0.05009640705679403,tap2,fast,firm,20260810_141717,True
1900209,0.0312,0.0117,0.9282,1900.209,500000,-0.023400000000000004,0.0039000000000000007,0.019500000000000073,0.03070863070864611,tap2,fast,firm,20260810_141717,True
1902685,0.0273,0.0078,0.9282,1902.685,500000,-0.0273,0.0,0.019500000000000073,0.03354906854146629,tap2,fast,firm,20260810_141717,True
1905212,0.0312,0.0156,0.9321,1905.212,500000,-0.023400000000000004,0.0078,0.023400000000000087,0.03399941175961732,tap2,fast,firm,20260810_141717,True
1907687,0.0273,0.0195,0.9321,1907.687,500000,-0.0273,0.0117,0.023400000000000087,0.03781190288784742,tap2,fast,firm,20260810_141717,True
1910195,0.0195,0.0078,0.9321,1910.195,500000,-0.035100000000000006,0.0,0.023400000000000087,0.04218494992292873,tap2,fast,firm,20260810_141717,True
1912703,0.0312,0.0078,0.936,1912.703,500000,-0.023400000000000004,0.0,0.027300000000000102,0.03595622338344234,tap2,fast,firm,20260810_141717,True
1915212,0.0234,0.0078,0.936,1915.212,500000,-0.031200000000000002,0.0,0.027300000000000102,0.0414575686696652,tap2,fast,firm,20260810_141717,True
1917696,0.039,0.0117,0.9321,1917.696,500000,-0.015600000000000003,0.0039000000000000007,0.023400000000000087,0.028392428568194093,tap2,fast,firm,20260810_141717,True
1920182,0.0234,0.0156,0.936,1920.182,500000,-0.031200000000000002,0.0078,0.027300000000000102,0.04218494992292874,tap2,fast,firm,20260810_141717,True
1922699,0.0234,0.0117,0.9321,1922.699,500000,-0.031200000000000002,0.0039000000000000007,0.023400000000000087,0.039194514922371526,tap2,fast,firm,20260810_141717,True
1925196,0.0234,0.0078,0.936,1925.196,500000,-0.031200000000000002,0.0,0.027300000000000102,0.0414575686696652,tap2,fast,firm,20260810_141717,True
1927686,0.0312,0.0156,0.9321,1927.686,500000,-0.023400000000000004,0.0078,0.023400000000000087,0.03399941175961732,tap2,fast,firm,20260810_141717,True
1930197,0.0234,0.0117,0.9282,1930.197,500000,-0.031200000000000002,0.0039000000000000007,0.019500000000000073,0.03699864862397008,tap2,fast,firm,20260810_141717,True
1932692,0.0234,0.0078,0.9321,1932.692,500000,-0.031200000000000002,0.0,0.023400000000000087,0.039000000000000055,tap2,fast,firm,20260810_141717,True
1935185,0.0273,0.0078,0.9321,1935.185,500000,-0.0273,0.0,0.023400000000000087,0.03595622338344232,tap2,fast,firm,20260810_141717,True
1937686,0.0195,0.0078,0.9321,1937.686,500000,-0.035100000000000006,0.0,0.023400000000000087,0.04218494992292873,tap2,fast,firm,20260810_141717,True
1940194,0.0273,0.0039,0.9243,1940.194,500000,-0.0273,-0.0039,0.015600000000000058,0.03168374977808027,tap2,fast,firm,20260810_141717,True
1942701,0.0312,0.0117,0.936,1942.701,500000,-0.023400000000000004,0.0039000000000000007,0.027300000000000102,0.03616711213243332,tap2,fast,firm,20260810_141717,True
1945199,0.0156,0.0078,0.9282,1945.199,500000,-0.03900000000000001,0.0,0.019500000000000073,0.04360332556124594,tap2,fast,firm,20260810_141717,True
1947696,0.0273,0.0078,0.9282,1947.696,500000,-0.0273,0.0,0.019500000000000073,0.03354906854146629,tap2,fast,firm,20260810_141717,True
1950204,0.0273,0.0078,0.936,1950.204,500000,-0.0273,0.0,0.027300000000000102,0.038608030252785565,tap2,fast,firm,20260810_141717,True
1952710,0.0351,0.0117,0.9321,1952.71,500000,-0.019500000000000003,0.0039000000000000007,0.023400000000000087,0.030708630708646132,tap2,fast,firm,20260810_141717,True
1955209,0.0273,0.0039,0.9399,1955.209,500000,-0.0273,-0.0039,0.031200000000000006,0.04164060518292212,tap2,fast,firm,20260810_141717,True
1957699,0.0351,0.0117,0.9321,1957.699,500000,-0.019500000000000003,0.0039000000000000007,0.023400000000000087,0.030708630708646132,tap2,fast,firm,20260810_141717,True
1960210,0.0312,0.0078,0.936,1960.21,500000,-0.023400000000000004,0.0,0.027300000000000102,0.03595622338344234,tap2,fast,firm,20260810_141717,True
1962686,0.0312,0.0078,0.936,1962.686,500000,-0.023400000000000004,0.0,0.027300000000000102,0.03595622338344234,tap2,fast,firm,20260810_141717,True
1965182,0.0234,0.0039,0.936,1965.182,500000,-0.031200000000000002,-0.0039,0.027300000000000102,0.04164060518292218,tap2,fast,firm,20260810_141717,True
1967706,0.0273,0.0117,0.9321,1967.706,500000,-0.0273,0.0039000000000000007,0.023400000000000087,0.0361671121324333,tap2,fast,firm,20260810_141717,True
1970188,0.0312,0.0078,0.9321,1970.188,500000,-0.023400000000000004,0.0,0.023400000000000087,0.03309259735953049,tap2,fast,firm,20260810_141717,True
1972701,0.0273,0.0117,0.9204,1972.701,500000,-0.0273,0.0039000000000000007,0.011700000000000044,0.02995646841668759,tap2,fast,firm,20260810_141717,True
1975198,0.0273,0.0039,0.9204,1975.198,500000,-0.0273,-0.0039,0.011700000000000044,0.02995646841668759,tap2,fast,firm,20260810_141717,True
1977687,0.0273,0.0039,0.9321,1977.687,500000,-0.0273,-0.0039,0.023400000000000087,0.0361671121324333,tap2,fast,firm,20260810_141717,True
1980189,0.0312,0.0078,0.9399,1980.189,500000,-0.023400000000000004,0.0,0.031200000000000006,0.03900000000000001,tap2,fast,firm,20260810_141717,True
1982699,0.0234,0.0117,0.9243,1982.699,500000,-0.031200000000000002,0.0039000000000000007,0.015600000000000058,0.03510000000000003,tap2,fast,firm,20260810_141717,True
1985209,0.0351,0.0117,0.9399,1985.209,500000,-0.019500000000000003,0.0039000000000000007,0.031200000000000006,0.036998648623970044,tap2,fast,firm,20260810_141717,True
1987700,0.0312,0.0117,0.9243,1987.7,500000,-0.023400000000000004,0.0039000000000000007,0.015600000000000058,0.028392428568194055,tap2,fast,firm,20260810_141717,True
1990209,0.0312,0.0117,0.9399,1990.209,500000,-0.023400000000000004,0.0039000000000000007,0.031200000000000006,0.03919451492237148,tap2,fast,firm,20260810_141717,True
1992686,0.0312,0.0039,0.9204,1992.686,500000,-0.023400000000000004,-0.0039,0.011700000000000044,0.02645108693418857,tap2,fast,firm,20260810_141717,True
1995184,0.0351,0.0078,0.9321,1995.184,500000,-0.019500000000000003,0.0,0.023400000000000087,0.03045997373603602,tap2,fast,firm,20260810_141717,True
1997851,0.0234,0.0195,0.9282,1997.851,500000,-0.031200000000000002,0.0117,0.019500000000000073,0.03860803025278553,tap2,fast,firm,20260810_141717,True
2000190,0.0312,0.0117,0.936,2000.19,500000,-0.023400000000000004,0.0039000000000000007,0.027300000000000102,0.03616711213243332,tap2,fast,firm,20260810_141717,True
2002698,0.0273,0.0039,0.9321,2002.698,500000,-0.0273,-0.0039,0.023400000000000087,0.0361671121324333,tap2,fast,firm,20260810_141717,True
2005197,0.0312,0.0078,0.9204,2005.197,500000,-0.023400000000000004,0.0,0.011700000000000044,0.026161995336747564,tap2,fast,firm,20260810_141717,True
2007706,0.0273,0.0078,0.9321,2007.706,500000,-0.0273,0.0,0.023400000000000087,0.03595622338344232,tap2,fast,firm,20260810_141717,True
2010212,0.0273,0.0078,0.9282,2010.212,500000,-0.0273,0.0,0.019500000000000073,0.03354906854146629,tap2,fast,firm,20260810_141717,True
2012688,0.0234,0.0156,0.9282,2012.688,500000,-0.031200000000000002,0.0078,0.019500000000000073,0.037610237967872565,tap2,fast,firm,20260810_141717,True
2015184,0.0312,0.0234,0.9204,2015.184,500000,-0.023400000000000004,0.015600000000000001,0.011700000000000044,0.030459973736035973,tap2,fast,firm,20260810_141717,True
2017708,0.0273,0.0156,0.9282,2017.708,500000,-0.0273,0.0078,0.019500000000000073,0.03444386737867865,tap2,fast,firm,20260810_141717,True
2020194,0.0312,0.0117,0.9243,2020.194,500000,-0.023400000000000004,0.0039000000000000007,0.015600000000000058,0.028392428568194055,tap2,fast,firm,20260810_141717,True
2022692,0.0312,0.0156,0.936,2022.692,500000,-0.023400000000000004,0.0078,0.027300000000000102,0.036792526415020836,tap2,fast,firm,20260810_141717,True
2025191,0.0273,0.0117,0.9204,2025.191,500000,-0.0273,0.0039000000000000007,0.011700000000000044,0.02995646841668759,tap2,fast,firm,20260810_141717,True
2027711,0.0273,0.0078,0.9282,2027.711,500000,-0.0273,0.0,0.019500000000000073,0.03354906854146629,tap2,fast,firm,20260810_141717,True
2030195,0.0234,0.0117,0.9204,2030.195,500000,-0.031200000000000002,0.0039000000000000007,0.011700000000000044,0.03354906854146626,tap2,fast,firm,20260810_141717,True
2032703,0.0273,0.0078,0.9321,2032.703,500000,-0.0273,0.0,0.023400000000000087,0.03595622338344232,tap2,fast,firm,20260810_141717,True
2035200,0.0273,0.0039,0.9204,2035.2,500000,-0.0273,-0.0039,0.011700000000000044,0.02995646841668759,tap2,fast,firm,20260810_141717,True
2037690,0.0312,0.0039,0.9321,2037.69,500000,-0.023400000000000004,-0.0039,0.023400000000000087,0.03332161460673844,tap2,fast,firm,20260810_141717,True
2040205,0.0312,0.0078,0.9282,2040.205,500000,-0.023400000000000004,0.0,0.019500000000000073,0.030459973736036004,tap2,fast,firm,20260810_141717,True
2042712,0.0234,0.0117,0.9321,2042.712,500000,-0.031200000000000002,0.0039000000000000007,0.023400000000000087,0.039194514922371526,tap2,fast,firm,20260810_141717,True
2045196,0.0195,0.0195,0.9243,2045.196,500000,-0.035100000000000006,0.0117,0.015600000000000058,0.04015295754984933,tap2,fast,firm,20260810_141717,True
2047696,0.0234,0.0078,0.9321,2047.696,500000,-0.031200000000000002,0.0,0.023400000000000087,0.039000000000000055,tap2,fast,firm,20260810_141717,True
2050210,0.0156,0.0117,0.9321,2050.21,500000,-0.03900000000000001,0.0039000000000000007,0.023400000000000087,0.04564832965180659,tap2,fast,firm,20260810_141717,True
2052685,0.0195,0.0078,0.9282,2052.685,500000,-0.035100000000000006,0.0,0.019500000000000073,0.04015295754984934,tap2,fast,firm,20260810_141717,True
2055182,0.0273,0.0156,0.9282,2055.182,500000,-0.0273,0.0078,0.019500000000000073,0.03444386737867865,tap2,fast,firm,20260810_141717,True
2057705,0.0234,0.0078,0.9282,2057.705,500000,-0.031200000000000002,0.0,0.019500000000000073,0.036792526415020795,tap2,fast,firm,20260810_141717,True
2060188,0.0312,0.0117,0.9321,2060.188,500000,-0.023400000000000004,0.0039000000000000007,0.023400000000000087,0.03332161460673844,tap2,fast,firm,20260810_141717,True
2062696,0.0312,0.0117,0.9399,2062.696,500000,-0.023400000000000004,0.0039000000000000007,0.031200000000000006,0.03919451492237148,tap2,fast,firm,20260810_141717,True
2065194,0.0273,0.0156,0.9282,2065.194,500000,-0.0273,0.0078,0.019500000000000073,0.03444386737867865,tap2,fast,firm,20260810_141717,True
2067712,0.0273,0.0156,0.9282,2067.712,500000,-0.0273,0.0078,0.019500000000000073,0.03444386737867865,tap2,fast,firm,20260810_141717,True
2070192,0.0156,0.0117,0.9321,2070.192,500000,-0.03900000000000001,0.0039000000000000007,0.023400000000000087,0.04564832965180659,tap2,fast,firm,20260810_141717,True
2072702,0.0273,0.0195,0.9282,2072.702,500000,-0.0273,0.0117,0.019500000000000073,0.035530690958662806,tap2,fast,firm,20260810_141717,True
2075199,0.0273,0.0117,0.9321,2075.199,500000,-0.0273,0.0039000000000000007,0.023400000000000087,0.0361671121324333,tap2,fast,firm,20260810_141717,True
2077682,0.0312,0.0078,0.9282,2077.682,500000,-0.023400000000000004,0.0,0.019500000000000073,0.030459973736036004,tap2,fast,firm,20260810_141717,True
2080200,0.0195,0.0195,0.9243,2080.2,500000,-0.035100000000000006,0.0117,0.015600000000000058,0.04015295754984933,tap2,fast,firm,20260810_141717,True
2082707,0.0273,0.0117,0.9438,2082.707,500000,-0.0273,0.0039000000000000007,0.03510000000000002,0.044637540254812445,tap2,fast,firm,20260810_141717,True
2085187,0.0351,0.0039,0.9282,2085.187,500000,-0.019500000000000003,-0.0039,0.019500000000000073,0.027851570871317167,tap2,fast,firm,20260810_141717,True
2087697,0.0351,0.0156,0.936,2087.697,500000,-0.019500000000000003,0.0078,0.027300000000000102,0.03444386737867868,tap2,fast,firm,20260810_141717,True
2090182,0.0273,0.0156,0.9321,2090.182,500000,-0.0273,0.0078,0.023400000000000087,0.03679252641502081,tap2,fast,firm,20260810_141717,True
2092690,0.0351,0.0195,0.9321,2092.69,500000,-0.019500000000000003,0.0117,0.023400000000000087,0.03262974103482901,tap2,fast,firm,20260810_141717,True
2095187,0.0273,0.0078,0.9399,2095.187,500000,-0.0273,0.0,0.031200000000000006,0.041457568669665136,tap2,fast,firm,20260810_141717,True
2097782,0.0234,0.0117,0.9282,2097.782,500000,-0.031200000000000002,0.0039000000000000007,0.019500000000000073,0.03699864862397008,tap2,fast,firm,20260810_141717,True
2100185,0.0273,0.0117,0.9165,2100.185,500000,-0.0273,0.0039000000000000007,0.007800000000000029,0.028659029990563193,tap2,fast,firm,20260810_141717,True
2102693,0.0195,0.0117,0.9282,2102.693,500000,-0.035100000000000006,0.0039000000000000007,0.019500000000000073,0.04034191368787558,tap2,fast,firm,20260810_141717,True
2105189,0.0234,0.0117,0.9282,2105.189,500000,-0.031200000000000002,0.0039000000000000007,0.019500000000000073,0.03699864862397008,tap2,fast,firm,20260810_141717,True
2107697,0.0273,0.0156,0.9282,2107.697,500000,-0.0273,0.0078,0.019500000000000073,0.03444386737867865,tap2,fast,firm,20260810_141717,True
2110188,0.0273,0.0078,0.9243,2110.188,500000,-0.0273,0.0,0.015600000000000058,0.03144280521836437,tap2,fast,firm,20260810_141717,True
2112700,0.0312,0.0117,0.9321,2112.7,500000,-0.023400000000000004,0.0039000000000000007,0.023400000000000087,0.03332161460673844,tap2,fast,firm,20260810_141717,True
2115200,0.0273,0.0156,0.9399,2115.2,500000,-0.0273,0.0078,0.031200000000000006,0.04218494992292868,tap2,fast,firm,20260810_141717,True
2117691,0.0234,0.0117,0.9204,2117.691,500000,-0.031200000000000002,0.0039000000000000007,0.011700000000000044,0.03354906854146626,tap2,fast,firm,20260810_141717,True
2120753,0.0273,0.0117,0.9282,2120.753,500000,-0.0273,0.0039000000000000007,0.019500000000000073,0.03377499074759315,tap2,fast,firm,20260810_141717,True
2122712,0.0312,0.0078,0.9321,2122.712,500000,-0.023400000000000004,0.0,0.023400000000000087,0.03309259735953049,tap2,fast,firm,20260810_141717,True
2125209,0.0273,0.0078,0.936,2125.209,500000,-0.0273,0.0,0.027300000000000102,0.038608030252785565,tap2,fast,firm,20260810_141717,True
2127698,0.0312,0.0078,0.9243,2127.698,500000,-0.023400000000000004,0.0,0.015600000000000058,0.028123299948619153,tap2,fast,firm,20260810_141717,True
2130209,0.0234,0.0117,0.9321,2130.209,500000,-0.031200000000000002,0.0039000000000000007,0.023400000000000087,0.039194514922371526,tap2,fast,firm,20260810_141717,True
2132712,0.0234,0.0156,0.9243,2132.712,500000,-0.031200000000000002,0.0078,0.015600000000000058,0.03574409042065558,tap2,fast,firm,20260810_141717,True
2135209,0.0273,0.0078,0.9243,2135.209,500000,-0.0273,0.0,0.015600000000000058,0.03144280521836437,tap2,fast,firm,20260810_141717,True
2137697,0.0273,0.0078,0.9204,2137.697,500000,-0.0273,0.0,0.011700000000000044,0.029701515112869264,tap2,fast,firm,20260810_141717,True
2140210,0.0234,0.0117,0.9165,2140.21,500000,-0.031200000000000002,0.0039000000000000007,0.007800000000000029,0.0323958330653805,tap2,fast,firm,20260810_141717,True
2142684,0.0351,0.0078,0.9243,2142.684,500000,-0.019500000000000003,0.0,0.015600000000000058,0.024972184525988147,tap2,fast,firm,20260810_141717,True
2145182,0.0312,0.0078,0.9243,2145.182,500000,-0.023400000000000004,0.0,0.015600000000000058,0.028123299948619153,tap2,fast,firm,20260810_141717,True
2147682,0.0273,0.0078,0.9321,2147.682,500000,-0.0273,0.0,0.023400000000000087,0.03595622338344232,tap2,fast,firm,20260810_141717,True
2150190,0.0234,0.0117,0.9243,2150.19,500000,-0.031200000000000002,0.0039000000000000007,0.015600000000000058,0.03510000000000003,tap2,fast,firm,20260810_141717,True
2152694,0.0234,0.0117,0.9243,2152.694,500000,-0.031200000000000002,0.0039000000000000007,0.015600000000000058,0.03510000000000003,tap2,fast,firm,20260810_141717,True
2155190,0.0234,0.0117,0.9321,2155.19,500000,-0.031200000000000002,0.0039000000000000007,0.023400000000000087,0.039194514922371526,tap2,fast,firm,20260810_141717,True
2157682,0.0273,0.0117,0.9204,2157.682,500000,-0.0273,0.0039000000000000007,0.011700000000000044,0.02995646841668759,tap2,fast,firm,20260810_141717,True
2160193,0.0273,0.0117,0.9243,2160.193,500000,-0.0273,0.0039000000000000007,0.015600000000000058,0.03168374977808027,tap2,fast,firm,20260810_141717,True
2162698,0.0273,0.0117,0.9204,2162.698,500000,-0.0273,0.0039000000000000007,0.011700000000000044,0.02995646841668759,tap2,fast,firm,20260810_141717,True
2165195,0.0273,0.0117,0.936,2165.195,500000,-0.0273,0.0039000000000000007,0.027300000000000102,0.03880451004715825,tap2,fast,firm,20260810_141717,True
2167686,0.0312,0.0039,0.9282,2167.686,500000,-0.023400000000000004,-0.0039,0.019500000000000073,0.03070863070864611,tap2,fast,firm,20260810_141717,True
2170198,0.0273,0.0117,0.9282,2170.198,500000,-0.0273,0.0039000000000000007,0.019500000000000073,0.03377499074759315,tap2,fast,firm,20260810_141717,True
2172704,0.0273,0.0117,0.9282,2172.704,500000,-0.0273,0.0039000000000000007,0.019500000000000073,0.03377499074759315,tap2,fast,firm,20260810_141717,True
2175203,0.0195,0.0078,0.9321,2175.203,500000,-0.035100000000000006,0.0,0.023400000000000087,0.04218494992292873,tap2,fast,firm,20260810_141717,True
2177699,0.0312,0.0117,0.9204,2177.699,500000,-0.023400000000000004,0.0039000000000000007,0.011700000000000044,0.02645108693418857,tap2,fast,firm,20260810_141717,True
2180186,0.0312,0.0117,0.9321,2180.186,500000,-0.023400000000000004,0.0039000000000000007,0.023400000000000087,0.03332161460673844,tap2,fast,firm,20260810_141717,True
2182694,0.0273,0.0078,0.9282,2182.694,500000,-0.0273,0.0,0.019500000000000073,0.03354906854146629,tap2,fast,firm,20260810_141717,True
2185203,0.0312,0.0117,0.9399,2185.203,500000,-0.023400000000000004,0.0039000000000000007,0.031200000000000006,0.03919451492237148,tap2,fast,firm,20260810_141717,True
2187686,0.0234,0.0078,0.936,2187.686,500000,-0.031200000000000002,0.0,0.027300000000000102,0.0414575686696652,tap2,fast,firm,20260810_141717,True
2190195,0.0156,0.0156,0.9321,2190.195,500000,-0.03900000000000001,0.0078,0.023400000000000087,0.04614542230817705,tap2,fast,firm,20260810_141717,True
2192696,0.0351,0.0039,0.9282,2192.696,500000,-0.019500000000000003,-0.0039,0.019500000000000073,0.027851570871317167,tap2,fast,firm,20260810_141717,True
2195193,0.0273,0.0117,0.9282,2195.193,500000,-0.0273,0.0039000000000000007,0.019500000000000073,0.03377499074759315,tap2,fast,firm,20260810_141717,True
2197801,0.0273,0.0078,0.9204,2197.801,500000,-0.0273,0.0,0.011700000000000044,0.029701515112869264,tap2,fast,firm,20260810_141717,True
2200189,0.0312,0.0156,0.9243,2200.189,500000,-0.023400000000000004,0.0078,0.015600000000000058,0.02918492761683678,tap2,fast,firm,20260810_141717,True
2202696,0.0195,0.0117,0.9399,2202.696,500000,-0.035100000000000006,0.0039000000000000007,0.031200000000000006,0.04712387929701884,tap2,fast,firm,20260810_141717,True
2205194,0.0312,0.0117,0.9243,2205.194,500000,-0.023400000000000004,0.0039000000000000007,0.015600000000000058,0.028392428568194055,tap2,fast,firm,20260810_141717,True
2207700,0.0312,0.0156,0.9204,2207.7,500000,-0.023400000000000004,0.0078,0.011700000000000044,0.027300000000000026,tap2,fast,firm,20260810_141717,True
2210211,0.0195,0.0078,0.9243,2210.211,500000,-0.035100000000000006,0.0,0.015600000000000058,0.03841054542700484,tap2,fast,firm,20260810_141717,True
2212684,0.0273,0.0117,0.936,2212.684,500000,-0.0273,0.0039000000000000007,0.027300000000000102,0.03880451004715825,tap2,fast,firm,20260810_141717,True
2215212,0.0195,0.0117,0.9243,2215.212,500000,-0.035100000000000006,0.0039000000000000007,0.015600000000000058,0.03860803025278552,tap2,fast,firm,20260810_141717,True
2217697,0.0312,0.0156,0.9165,2217.697,500000,-0.023400000000000004,0.0078,0.007800000000000029,0.025869673364772132,tap2,fast,firm,20260810_141717,True
2220205,0.0273,0.0117,0.9204,2220.205,500000,-0.0273,0.0039000000000000007,0.011700000000000044,0.02995646841668759,tap2,fast,firm,20260810_141717,True
2223082,0.0273,0.0117,0.9243,2223.082,500000,-0.0273,0.0039000000000000007,0.015600000000000058,0.03168374977808027,tap2,fast,firm,20260810_141717,True
2225188,0.0195,0.0195,0.9282,2225.188,500000,-0.035100000000000006,0.0117,0.019500000000000073,0.04182284064957811,tap2,fast,firm,20260810_141717,True
2227684,0.0273,0.0117,0.9204,2227.684,500000,-0.0273,0.0039000000000000007,0.011700000000000044,0.02995646841668759,tap2,fast,firm,20260810_141717,True
2230195,0.039,0.0195,0.9321,2230.195,500000,-0.015600000000000003,0.0117,0.023400000000000087,0.03045997373603602,tap2,fast,firm,20260810_141717,True
2232703,0.0312,0.0117,0.9126,2232.703,500000,-0.023400000000000004,0.0039000000000000007,0.0039000000000000146,0.024041214611579015,tap2,fast,firm,20260810_141717,True
2235201,0.0273,0.0156,0.9204,2235.201,500000,-0.0273,0.0078,0.011700000000000044,0.030708630708646083,tap2,fast,firm,20260810_141717,True
2237690,0.0351,0.0078,0.9282,2237.69,500000,-0.019500000000000003,0.0,0.019500000000000073,0.027577164466275405,tap2,fast,firm,20260810_141717,True
2240209,0.0312,0.0078,0.9282,2240.209,500000,-0.023400000000000004,0.0,0.019500000000000073,0.030459973736036004,tap2,fast,firm,20260810_141717,True
2242703,0.0312,0.0117,0.9243,2242.703,500000,-0.023400000000000004,0.0039000000000000007,0.015600000000000058,0.028392428568194055,tap2,fast,firm,20260810_141717,True
2245205,0.0234,0.0156,0.9282,2245.205,500000,-0.031200000000000002,0.0078,0.019500000000000073,0.037610237967872565,tap2,fast,firm,20260810_141717,True
2247705,0.0273,0.0078,0.9243,2247.705,500000,-0.0273,0.0,0.015600000000000058,0.03144280521836437,tap2,fast,firm,20260810_141717,True
2250191,0.0351,0.0117,0.936,2250.191,500000,-0.019500000000000003,0.0039000000000000007,0.027300000000000102,0.033774990747593193,tap2,fast,firm,20260810_141717,True
2252698,0.0312,0.0117,0.9282,2252.698,500000,-0.023400000000000004,0.0039000000000000007,0.019500000000000073,0.03070863070864611,tap2,fast,firm,20260810_141717,True
2255196,0.0312,0.0117,0.9243,2255.196,500000,-0.023400000000000004,0.0039000000000000007,0.015600000000000058,0.028392428568194055,tap2,fast,firm,20260810_141717,True
2257685,0.0273,0.0117,0.9204,2257.685,500000,-0.0273,0.0039000000000000007,0.011700000000000044,0.02995646841668759,tap2,fast,firm,20260810_141717,True
2260202,0.0312,0.0117,0.9243,2260.202,500000,-0.023400000000000004,0.0039000000000000007,0.015600000000000058,0.028392428568194055,tap2,fast,firm,20260810_141717,True
2262709,0.0312,0.0117,0.9321,2262.709,500000,-0.023400000000000004,0.0039000000000000007,0.023400000000000087,0.03332161460673844,tap2,fast,firm,20260810_141717,True
2265209,0.0273,0.0117,0.9282,2265.209,500000,-0.0273,0.0039000000000000007,0.019500000000000073,0.03377499074759315,tap2,fast,firm,20260810_141717,True
2267697,0.0234,0.0078,0.9243,2267.697,500000,-0.031200000000000002,0.0,0.015600000000000058,0.034882660448996745,tap2,fast,firm,20260810_141717,True
2270205,0.0234,0.0156,0.9282,2270.205,500000,-0.031200000000000002,0.0078,0.019500000000000073,0.037610237967872565,tap2,fast,firm,20260810_141717,True
2272684,0.0312,0.0078,0.9243,2272.684,500000,-0.023400000000000004,0.0,0.015600000000000058,0.028123299948619153,tap2,fast,firm,20260810_141717,True
2275182,0.0312,0.0117,0.9282,2275.182,500000,-0.023400000000000004,0.0039000000000000007,0.019500000000000073,0.03070863070864611,tap2,fast,firm,20260810_141717,True
2277703,0.0312,0.0078,0.9204,2277.703,500000,-0.023400000000000004,0.0,0.011700000000000044,0.026161995336747564,tap2,fast,firm,20260810_141717,True
2280189,0.0312,0.0078,0.9204,2280.189,500000,-0.023400000000000004,0.0,0.011700000000000044,0.026161995336747564,tap2,fast,firm,20260810_141717,True
2282697,0.0351,0.0117,0.9243,2282.697,500000,-0.019500000000000003,0.0039000000000000007,0.015600000000000058,0.025274888723790693,tap2,fast,firm,20260810_141717,True
2285194,0.0234,0.0156,0.9321,2285.194,500000,-0.031200000000000002,0.0078,0.023400000000000087,0.03977235220602377,tap2,fast,firm,20260810_141717,True
2287709,0.0273,0.0039,0.9243,2287.709,500000,-0.0273,-0.0039,0.015600000000000058,0.03168374977808027,tap2,fast,firm,20260810_141717,True
2290190,0.0351,0.0156,0.9243,2290.19,500000,-0.019500000000000003,0.0078,0.015600000000000058,0.026161995336747575,tap2,fast,firm,20260810_141717,True
2292698,0.0234,0.0039,0.9282,2292.698,500000,-0.031200000000000002,-0.0039,0.019500000000000073,0.03699864862397008,tap2,fast,firm,20260810_141717,True
2295195,0.0234,0.0117,0.9282,2295.195,500000,-0.031200000000000002,0.0039000000000000007,0.019500000000000073,0.03699864862397008,tap2,fast,firm,20260810_141717,True
2297806,0.0351,0.0117,0.9321,2297.806,500000,-0.019500000000000003,0.0039000000000000007,0.023400000000000087,0.030708630708646132,tap2,fast,firm,20260810_141717,True
2300192,0.0312,0.0117,0.9282,2300.192,500000,-0.023400000000000004,0.0039000000000000007,0.019500000000000073,0.03070863070864611,tap2,fast,firm,20260810_141717,True
2302698,0.0273,0.0117,0.9282,2302.698,500000,-0.0273,0.0039000000000000007,0.019500000000000073,0.03377499074759315,tap2,fast,firm,20260810_141717,True
2305197,0.0234,0.0117,0.9282,2305.197,500000,-0.031200000000000002,0.0039000000000000007,0.019500000000000073,0.03699864862397008,tap2,fast,firm,20260810_141717,True
2307686,0.0195,0.0156,0.9282,2307.686,500000,-0.035100000000000006,0.0078,0.019500000000000073,0.04090354507863595,tap2,fast,firm,20260810_141717,True
2310205,0.0273,0.0156,0.9282,2310.205,500000,-0.0273,0.0078,0.019500000000000073,0.03444386737867865,tap2,fast,firm,20260810_141717,True
2312684,0.0273,0.0195,0.9126,2312.684,500000,-0.0273,0.0117,0.0039000000000000146,0.029956468416687573,tap2,fast,firm,20260810_141717,True
2315212,0.039,0.0039,0.9282,2315.212,500000,-0.015600000000000003,-0.0039,0.019500000000000073,0.02527488872379071,tap2,fast,firm,20260810_141717,True
2317701,0.0273,0.0078,0.9204,2317.701,500000,-0.0273,0.0,0.011700000000000044,0.029701515112869264,tap2,fast,firm,20260810_141717,True
2320184,0.0273,0.0117,0.9243,2320.184,500000,-0.0273,0.0039000000000000007,0.015600000000000058,0.03168374977808027,tap2,fast,firm,20260810_141717,True
2322693,0.0312,0.0078,0.9204,2322.693,500000,-0.023400000000000004,0.0,0.011700000000000044,0.026161995336747564,tap2,fast,firm,20260810_141717,True
2325478,0.0234,0.0117,0.9243,2325.478,500000,-0.031200000000000002,0.0039000000000000007,0.015600000000000058,0.03510000000000003,tap2,fast,firm,20260810_141717,True
2327704,0.0234,0.0117,0.936,2327.704,500000,-0.031200000000000002,0.0039000000000000007,0.027300000000000102,0.04164060518292218,tap2,fast,firm,20260810_141717,True
2330203,0.0156,0.0078,0.9282,2330.203,500000,-0.03900000000000001,0.0,0.019500000000000073,0.04360332556124594,tap2,fast,firm,20260810_141717,True
2332708,0.0195,0.0078,0.9282,2332.708,500000,-0.035100000000000006,0.0,0.019500000000000073,0.04015295754984934,tap2,fast,firm,20260810_141717,True
2335208,0.0312,0.0039,0.9243,2335.208,500000,-0.023400000000000004,-0.0039,0.015600000000000058,0.028392428568194055,tap2,fast,firm,20260810_141717,True
2337698,0.0273,0.0117,0.9243,2337.698,500000,-0.0273,0.0039000000000000007,0.015600000000000058,0.03168374977808027,tap2,fast,firm,20260810_141717,True
2340205,0.0234,0.0117,0.9243,2340.205,500000,-0.031200000000000002,0.0039000000000000007,0.015600000000000058,0.03510000000000003,tap2,fast,firm,20260810_141717,True
2342683,0.0234,0.0117,0.9243,2342.683,500000,-0.031200000000000002,0.0039000000000000007,0.015600000000000058,0.03510000000000003,tap2,fast,firm,20260810_141717,True
2345211,0.0234,0.0156,0.9243,2345.211,500000,-0.031200000000000002,0.0078,0.015600000000000058,0.03574409042065558,tap2,fast,firm,20260810_141717,True
2347690,0.0312,0.0039,0.9282,2347.69,500000,-0.023400000000000004,-0.0039,0.019500000000000073,0.03070863070864611,tap2,fast,firm,20260810_141717,True
2350196,0.0273,0.0039,0.9204,2350.196,500000,-0.0273,-0.0039,0.011700000000000044,0.02995646841668759,tap2,fast,firm,20260810_141717,True
2352703,0.0273,0.0156,0.9204,2352.703,500000,-0.0273,0.0078,0.011700000000000044,0.030708630708646083,tap2,fast,firm,20260810_141717,True
2355202,0.0273,0.0078,0.9165,2355.202,500000,-0.0273,0.0,0.007800000000000029,0.02839242856819403,tap2,fast,firm,20260810_141717,True
2357693,0.0273,0.0117,0.9321,2357.693,500000,-0.0273,0.0039000000000000007,0.023400000000000087,0.0361671121324333,tap2,fast,firm,20260810_141717,True
2360211,0.0273,0.0078,0.9204,2360.211,500000,-0.0273,0.0,0.011700000000000044,0.029701515112869264,tap2,fast,firm,20260810_141717,True
2362688,0.0273,0.0117,0.9165,2362.688,500000,-0.0273,0.0039000000000000007,0.007800000000000029,0.028659029990563193,tap2,fast,firm,20260810_141717,True
2365184,0.0312,0.0156,0.9165,2365.184,500000,-0.023400000000000004,0.0078,0.007800000000000029,0.025869673364772132,tap2,fast,firm,20260810_141717,True
2367712,0.0273,0.0039,0.9204,2367.712,500000,-0.0273,-0.0039,0.011700000000000044,0.02995646841668759,tap2,fast,firm,20260810_141717,True
2370190,0.0273,0.0039,0.9282,2370.19,500000,-0.0273,-0.0039,0.019500000000000073,0.03377499074759315,tap2,fast,firm,20260810_141717,True
2372691,0.0273,0.0078,0.9243,2372.691,500000,-0.0273,0.0,0.015600000000000058,0.03144280521836437,tap2,fast,firm,20260810_141717,True
2375194,0.0273,0.0078,0.9282,2375.194,500000,-0.0273,0.0,0.019500000000000073,0.03354906854146629,tap2,fast,firm,20260810_141717,True
2377686,0.0312,0.0078,0.9282,2377.686,500000,-0.023400000000000004,0.0,0.019500000000000073,0.030459973736036004,tap2,fast,firm,20260810_141717,True
2380201,0.0234,0.0078,0.9282,2380.201,500000,-0.031200000000000002,0.0,0.019500000000000073,0.036792526415020795,tap2,fast,firm,20260810_141717,True
2382707,0.0312,0.0039,0.9243,2382.707,500000,-0.023400000000000004,-0.0039,0.015600000000000058,0.028392428568194055,tap2,fast,firm,20260810_141717,True
2385206,0.0312,0.0039,0.9243,2385.206,500000,-0.023400000000000004,-0.0039,0.015600000000000058,0.028392428568194055,tap2,fast,firm,20260810_141717,True
2387692,0.0273,0.0117,0.9165,2387.692,500000,-0.0273,0.0039000000000000007,0.007800000000000029,0.028659029990563193,tap2,fast,firm,20260810_141717,True
2390202,0.0273,0.0078,0.9243,2390.202,500000,-0.0273,0.0,0.015600000000000058,0.03144280521836437,tap2,fast,firm,20260810_141717,True
2392708,0.0273,0.0117,0.9282,2392.708,500000,-0.0273,0.0039000000000000007,0.019500000000000073,0.03377499074759315,tap2,fast,firm,20260810_141717,True
2395209,0.0273,0.0117,0.9243,2395.209,500000,-0.0273,0.0039000000000000007,0.015600000000000058,0.03168374977808027,tap2,fast,firm,20260810_141717,True
2397846,0.0273,0.0117,0.9204,2397.846,500000,-0.0273,0.0039000000000000007,0.011700000000000044,0.02995646841668759,tap2,fast,firm,20260810_141717,True
2400187,0.0351,0.0078,0.9321,2400.187,500000,-0.019500000000000003,0.0,0.023400000000000087,0.03045997373603602,tap2,fast,firm,20260810_141717,True
2402696,0.0273,0.0117,0.936,2402.696,500000,-0.0273,0.0039000000000000007,0.027300000000000102,0.03880451004715825,tap2,fast,firm,20260810_141717,True
2405195,0.0273,0.0117,0.9243,2405.195,500000,-0.0273,0.0039000000000000007,0.015600000000000058,0.03168374977808027,tap2,fast,firm,20260810_141717,True
2407706,0.0273,0.0117,0.9282,2407.706,500000,-0.0273,0.0039000000000000007,0.019500000000000073,0.03377499074759315,tap2,fast,firm,20260810_141717,True
2410187,0.0312,0.0117,0.9204,2410.187,500000,-0.023400000000000004,0.0039000000000000007,0.011700000000000044,0.02645108693418857,tap2,fast,firm,20260810_141717,True
2412697,0.0351,0.0117,0.9243,2412.697,500000,-0.019500000000000003,0.0039000000000000007,0.015600000000000058,0.025274888723790693,tap2,fast,firm,20260810_141717,True
2415195,0.0195,0.0117,0.9204,2415.195,500000,-0.035100000000000006,0.0039000000000000007,0.011700000000000044,0.0372036288552609,tap2,fast,firm,20260810_141717,True
2417688,0.0351,0.0117,0.9321,2417.688,500000,-0.019500000000000003,0.0039000000000000007,0.023400000000000087,0.030708630708646132,tap2,fast,firm,20260810_141717,True
2420201,0.0273,0.0078,0.9165,2420.201,500000,-0.0273,0.0,0.007800000000000029,0.02839242856819403,tap2,fast,firm,20260810_141717,True
2422682,0.0312,0.0117,0.9087,2422.682,500000,-0.023400000000000004,0.0039000000000000007,0.0,0.02372277386816306,tap2,fast,firm,20260810_141717,True
2425210,0.0273,0.0156,0.9243,2425.21,500000,-0.0273,0.0078,0.015600000000000058,0.03239583306538052,tap2,fast,firm,20260810_141717,True
2427925,0.0234,0.0117,0.9243,2427.925,500000,-0.031200000000000002,0.0039000000000000007,0.015600000000000058,0.03510000000000003,tap2,fast,firm,20260810_141717,True
2430201,0.0273,0.0078,0.9204,2430.201,500000,-0.0273,0.0,0.011700000000000044,0.029701515112869264,tap2,fast,firm,20260810_141717,True
2432709,0.0312,0.0117,0.9204,2432.709,500000,-0.023400000000000004,0.0039000000000000007,0.011700000000000044,0.02645108693418857,tap2,fast,firm,20260810_141717,True
2435207,0.0273,0.0117,0.9243,2435.207,500000,-0.0273,0.0039000000000000007,0.015600000000000058,0.03168374977808027,tap2,fast,firm,20260810_141717,True
2437686,0.0312,0.0078,0.9204,2437.686,500000,-0.023400000000000004,0.0,0.011700000000000044,0.026161995336747564,tap2,fast,firm,20260810_141717,True
2440209,0.0234,0.0039,0.9282,2440.209,500000,-0.031200000000000002,-0.0039,0.019500000000000073,0.03699864862397008,tap2,fast,firm,20260810_141717,True
2442685,0.0312,0.0117,0.9126,2442.685,500000,-0.023400000000000004,0.0039000000000000007,0.0039000000000000146,0.024041214611579015,tap2,fast,firm,20260810_141717,True
2445185,0.039,0.0039,0.9282,2445.185,500000,-0.015600000000000003,-0.0039,0.019500000000000073,0.02527488872379071,tap2,fast,firm,20260810_141717,True
2447691,0.0234,0.0117,0.9282,2447.691,500000,-0.031200000000000002,0.0039000000000000007,0.019500000000000073,0.03699864862397008,tap2,fast,firm,20260810_141717,True
2450200,0.0273,0.0039,0.9321,2450.2,500000,-0.0273,-0.0039,0.023400000000000087,0.0361671121324333,tap2,fast,firm,20260810_141717,True
2452707,0.0195,0.0117,0.9282,2452.707,500000,-0.035100000000000006,0.0039000000000000007,0.019500000000000073,0.04034191368787558,tap2,fast,firm,20260810_141717,True
2455206,0.0234,0.0078,0.9204,2455.206,500000,-0.031200000000000002,0.0,0.011700000000000044,0.03332161460673839,tap2,fast,firm,20260810_141717,True
2457694,0.0234,0.0156,0.9243,2457.694,500000,-0.031200000000000002,0.0078,0.015600000000000058,0.03574409042065558,tap2,fast,firm,20260810_141717,True
2460209,0.0273,0.0078,0.9165,2460.209,500000,-0.0273,0.0,0.007800000000000029,0.02839242856819403,tap2,fast,firm,20260810_141717,True
2462685,0.0312,0.0078,0.9204,2462.685,500000,-0.023400000000000004,0.0,0.011700000000000044,0.026161995336747564,tap2,fast,firm,20260810_141717,True
2465184,0.0273,0.0117,0.9243,2465.184,500000,-0.0273,0.0039000000000000007,0.015600000000000058,0.03168374977808027,tap2,fast,firm,20260810_141717,True
2467707,0.0234,0.0117,0.9204,2467.707,500000,-0.031200000000000002,0.0039000000000000007,0.011700000000000044,0.03354906854146626,tap2,fast,firm,20260810_141717,True
2470190,0.0234,0.0078,0.9204,2470.19,500000,-0.031200000000000002,0.0,0.011700000000000044,0.03332161460673839,tap2,fast,firm,20260810_141717,True
2472703,0.0234,0.0117,0.9282,2472.703,500000,-0.031200000000000002,0.0039000000000000007,0.019500000000000073,0.03699864862397008,tap2,fast,firm,20260810_141717,True
2475201,0.0195,0.0156,0.9243,2475.201,500000,-0.035100000000000006,0.0078,0.015600000000000058,0.0391945149223715,tap2,fast,firm,20260810_141717,True
2477687,0.0273,0.0078,0.9243,2477.687,500000,-0.0273,0.0,0.015600000000000058,0.03144280521836437,tap2,fast,firm,20260810_141717,True
2480198,0.0234,0.0156,0.9204,2480.198,500000,-0.031200000000000002,0.0078,0.011700000000000044,0.03422236111082929,tap2,fast,firm,20260810_141717,True
2482709,0.0273,0.0039,0.9243,2482.709,500000,-0.0273,-0.0039,0.015600000000000058,0.03168374977808027,tap2,fast,firm,20260810_141717,True
2485198,0.0273,0.0039,0.9243,2485.198,500000,-0.0273,-0.0039,0.015600000000000058,0.03168374977808027,tap2,fast,firm,20260810_141717,True
2487696,0.0273,0.0195,0.9204,2487.696,500000,-0.0273,0.0117,0.011700000000000044,0.03192287581030257,tap2,fast,firm,20260810_141717,True
2490206,0.0273,0.0195,0.9204,2490.206,500000,-0.0273,0.0117,0.011700000000000044,0.03192287581030257,tap2,fast,firm,20260810_141717,True
2492683,0.0273,0.0078,0.9282,2492.683,500000,-0.0273,0.0,0.019500000000000073,0.03354906854146629,tap2,fast,firm,20260810_141717,True
2495210,0.0312,0.0156,0.9204,2495.21,500000,-0.023400000000000004,0.0078,0.011700000000000044,0.027300000000000026,tap2,fast,firm,20260810_141717,True
2497855,0.0195,0.0195,0.9204,2497.855,500000,-0.035100000000000006,0.0117,0.011700000000000044,0.038804510047158194,tap2,fast,firm,20260810_141717,True
2500197,0.0234,0.0078,0.9165,2500.197,500000,-0.031200000000000002,0.0,0.007800000000000029,0.03216022387981776,tap2,fast,firm,20260810_141717,True
2502703,0.0195,0.0195,0.9165,2502.703,500000,-0.035100000000000006,0.0117,0.007800000000000029,0.03781190288784737,tap2,fast,firm,20260810_141717,True
2505211,0.0273,0.0195,0.9282,2505.211,500000,-0.0273,0.0117,0.019500000000000073,0.035530690958662806,tap2,fast,firm,20260810_141717,True
2507691,0.0273,0.0156,0.9243,2507.691,500000,-0.0273,0.0078,0.015600000000000058,0.03239583306538052,tap2,fast,firm,20260810_141717,True
2510199,0.039,0.0195,0.9243,2510.199,500000,-0.015600000000000003,0.0117,0.015600000000000058,0.024972184525988147,tap2,fast,firm,20260810_141717,True
2512708,0.0351,0.0039,0.9282,2512.708,500000,-0.019500000000000003,-0.0039,0.019500000000000073,0.027851570871317167,tap2,fast,firm,20260810_141717,True
2515207,0.039,0.0078,0.9243,2515.207,500000,-0.015600000000000003,0.0,0.015600000000000058,0.022061731573020327,tap2,fast,firm,20260810_141717,True
2517699,0.0273,0.0078,0.9126,2517.699,500000,-0.0273,0.0,0.0039000000000000146,0.027577164466275356,tap2,fast,firm,20260810_141717,True
2520212,0.0273,0.0078,0.9204,2520.212,500000,-0.0273,0.0,0.011700000000000044,0.029701515112869264,tap2,fast,firm,20260810_141717,True
2522693,0.0273,0.0117,0.9282,2522.693,500000,-0.0273,0.0039000000000000007,0.019500000000000073,0.03377499074759315,tap2,fast,firm,20260810_141717,True
2525190,0.0273,0.0078,0.9165,2525.19,500000,-0.0273,0.0,0.007800000000000029,0.02839242856819403,tap2,fast,firm,20260810_141717,True
2527686,0.0234,0.0078,0.9243,2527.686,500000,-0.031200000000000002,0.0,0.015600000000000058,0.034882660448996745,tap2,fast,firm,20260810_141717,True
2530335,0.0273,0.0078,0.9243,2530.335,500000,-0.0273,0.0,0.015600000000000058,0.03144280521836437,tap2,fast,firm,20260810_141717,True
2532691,0.0312,0.0117,0.9204,2532.691,500000,-0.023400000000000004,0.0039000000000000007,0.011700000000000044,0.02645108693418857,tap2,fast,firm,20260810_141717,True
2535189,0.0312,0.0156,0.9126,2535.189,500000,-0.023400000000000004,0.0078,0.0039000000000000146,0.024972184525988116,tap2,fast,firm,20260810_141717,True
2537689,0.0234,0.0156,0.9204,2537.689,500000,-0.031200000000000002,0.0078,0.011700000000000044,0.03422236111082929,tap2,fast,firm,20260810_141717,True
2540203,0.0195,0.0078,0.9204,2540.203,500000,-0.035100000000000006,0.0,0.011700000000000044,0.03699864862397006,tap2,fast,firm,20260810_141717,True
2542709,0.0273,0.0078,0.9165,2542.709,500000,-0.0273,0.0,0.007800000000000029,0.02839242856819403,tap2,fast,firm,20260810_141717,True
2545209,0.0273,0.0195,0.9204,2545.209,500000,-0.0273,0.0117,0.011700000000000044,0.03192287581030257,tap2,fast,firm,20260810_141717,True
2547711,0.0312,0.0117,0.9282,2547.711,500000,-0.023400000000000004,0.0039000000000000007,0.019500000000000073,0.03070863070864611,tap2,fast,firm,20260810_141717,True
2550186,0.0273,0.0117,0.9204,2550.186,500000,-0.0273,0.0039000000000000007,0.011700000000000044,0.02995646841668759,tap2,fast,firm,20260810_141717,True
2552696,0.0273,0.0078,0.9282,2552.696,500000,-0.0273,0.0,0.019500000000000073,0.03354906854146629,tap2,fast,firm,20260810_141717,True
2555193,0.0273,0.0078,0.9126,2555.193,500000,-0.0273,0.0,0.0039000000000000146,0.027577164466275356,tap2,fast,firm,20260810_141717,True
2557688,0.0195,0.0156,0.9048,2557.688,500000,-0.035100000000000006,0.0078,-0.0038999999999999035,0.03616711213243324,tap2,fast,firm,20260810_141717,True
2560200,0.0195,0.0156,0.9165,2560.2,500000,-0.035100000000000006,0.0078,0.007800000000000029,0.03679252641502077,tap2,fast,firm,20260810_141717,True
2562707,0.0273,0.0117,0.9282,2562.707,500000,-0.0273,0.0039000000000000007,0.019500000000000073,0.03377499074759315,tap2,fast,firm,20260810_141717,True
2565205,0.0312,0.0117,0.9204,2565.205,500000,-0.023400000000000004,0.0039000000000000007,0.011700000000000044,0.02645108693418857,tap2,fast,firm,20260810_141717,True
2567696,0.0273,0.0156,0.9165,2567.696,500000,-0.0273,0.0078,0.007800000000000029,0.029444354297555934,tap2,fast,firm,20260810_141717,True
2570193,0.0312,0.0078,0.9282,2570.193,500000,-0.023400000000000004,0.0,0.019500000000000073,0.030459973736036004,tap2,fast,firm,20260810_141717,True
2572707,0.0312,0.0039,0.9243,2572.707,500000,-0.023400000000000004,-0.0039,0.015600000000000058,0.028392428568194055,tap2,fast,firm,20260810_141717,True
2575205,0.0273,0.0078,0.9204,2575.205,500000,-0.0273,0.0,0.011700000000000044,0.029701515112869264,tap2,fast,firm,20260810_141717,True
2577698,0.0273,0.0117,0.9243,2577.698,500000,-0.0273,0.0039000000000000007,0.015600000000000058,0.03168374977808027,tap2,fast,firm,20260810_141717,True
2580185,0.0273,0.0117,0.9243,2580.185,500000,-0.0273,0.0039000000000000007,0.015600000000000058,0.03168374977808027,tap2,fast,firm,20260810_141717,True
2582691,0.0234,0.0117,0.9204,2582.691,500000,-0.031200000000000002,0.0039000000000000007,0.011700000000000044,0.03354906854146626,tap2,fast,firm,20260810_141717,True
2585201,0.0195,0.0117,0.9165,2585.201,500000,-0.035100000000000006,0.0039000000000000007,0.007800000000000029,0.03616711213243325,tap2,fast,firm,20260810_141717,True
2587686,0.0312,0.0078,0.9204,2587.686,500000,-0.023400000000000004,0.0,0.011700000000000044,0.026161995336747564,tap2,fast,firm,20260810_141717,True
2590195,0.0273,0.0117,0.9243,2590.195,500000,-0.0273,0.0039000000000000007,0.015600000000000058,0.03168374977808027,tap2,fast,firm,20260810_141717,True
2592703,0.0195,0.0078,0.9165,2592.703,500000,-0.035100000000000006,0.0,0.007800000000000029,0.03595622338344227,tap2,fast,firm,20260810_141717,True
2595201,0.0273,0.0117,0.9165,2595.201,500000,-0.0273,0.0039000000000000007,0.007800000000000029,0.028659029990563193,tap2,fast,firm,20260810_141717,True
2597819,0.0234,0.0078,0.9282,2597.819,500000,-0.031200000000000002,0.0,0.019500000000000073,0.036792526415020795,tap2,fast,firm,20260810_141717,True
2600198,0.0234,0.0078,0.9282,2600.198,500000,-0.031200000000000002,0.0,0.019500000000000073,0.036792526415020795,tap2,fast,firm,20260810_141717,True
2602708,0.0234,0.0117,0.9204,2602.708,500000,-0.031200000000000002,0.0039000000000000007,0.011700000000000044,0.03354906854146626,tap2,fast,firm,20260810_141717,True
2605206,0.0273,0.0117,0.9204,2605.206,500000,-0.0273,0.0039000000000000007,0.011700000000000044,0.02995646841668759,tap2,fast,firm,20260810_141717,True
2607683,0.0234,0.0117,0.9126,2607.683,500000,-0.031200000000000002,0.0039000000000000007,0.0039000000000000146,0.03168374977808025,tap2,fast,firm,20260810_141717,True
2610190,0.0312,0.0117,0.9165,2610.19,500000,-0.023400000000000004,0.0039000000000000007,0.007800000000000029,0.024972184525988123,tap2,fast,firm,20260810_141717,True
2612693,0.0234,0.0078,0.9204,2612.693,500000,-0.031200000000000002,0.0,0.011700000000000044,0.03332161460673839,tap2,fast,firm,20260810_141717,True
2615189,0.0273,0.0156,0.9087,2615.189,500000,-0.0273,0.0078,0.0,0.028392428568194024,tap2,fast,firm,20260810_141717,True
2617709,0.0351,0.0078,0.9126,2617.709,500000,-0.019500000000000003,0.0,0.0039000000000000146,0.019886176103011865,tap2,fast,firm,20260810_141717,True
2620187,0.0234,0.0117,0.936,2620.187,500000,-0.031200000000000002,0.0039000000000000007,0.027300000000000102,0.04164060518292218,tap2,fast,firm,20260810_141717,True
2622697,0.0312,0.0078,0.9126,2622.697,500000,-0.023400000000000004,0.0,0.0039000000000000146,0.023722773868163065,tap2,fast,firm,20260810_141717,True
2625193,0.0312,0.0117,0.9243,2625.193,500000,-0.023400000000000004,0.0039000000000000007,0.015600000000000058,0.028392428568194055,tap2,fast,firm,20260810_141717,True
2627684,0.0273,0.0117,0.9243,2627.684,500000,-0.0273,0.0039000000000000007,0.015600000000000058,0.03168374977808027,tap2,fast,firm,20260810_141717,True
2630199,0.0273,0.0078,0.9243,2630.199,500000,-0.0273,0.0,0.015600000000000058,0.03144280521836437,tap2,fast,firm,20260810_141717,True
2632748,0.0234,0.0078,0.9204,2632.748,500000,-0.031200000000000002,0.0,0.011700000000000044,0.03332161460673839,tap2,fast,firm,20260810_141717,True
2635209,0.0273,0.0156,0.9087,2635.209,500000,-0.0273,0.0078,0.0,0.028392428568194024,tap2,fast,firm,20260810_141717,True
2637682,0.0273,0.0039,0.9204,2637.682,500000,-0.0273,-0.0039,0.011700000000000044,0.02995646841668759,tap2,fast,firm,20260810_141717,True
2640191,0.0273,0.0078,0.9243,2640.191,500000,-0.0273,0.0,0.015600000000000058,0.03144280521836437,tap2,fast,firm,20260810_141717,True
2642699,0.0234,0.0156,0.9165,2642.699,500000,-0.031200000000000002,0.0078,0.007800000000000029,0.03309259735953043,tap2,fast,firm,20260810_141717,True
2645198,0.0195,0.0078,0.9282,2645.198,500000,-0.035100000000000006,0.0,0.019500000000000073,0.04015295754984934,tap2,fast,firm,20260810_141717,True
2647711,0.0312,0.0078,0.9126,2647.711,500000,-0.023400000000000004,0.0,0.0039000000000000146,0.023722773868163065,tap2,fast,firm,20260810_141717,True
2650183,0.0312,0.0117,0.9243,2650.183,500000,-0.023400000000000004,0.0039000000000000007,0.015600000000000058,0.028392428568194055,tap2,fast,firm,20260810_141717,True
2652690,0.0312,0.0117,0.9126,2652.69,500000,-0.023400000000000004,0.0039000000000000007,0.0039000000000000146,0.024041214611579015,tap2,fast,firm,20260810_141717,True
2655187,0.0234,0.0156,0.9243,2655.187,500000,-0.031200000000000002,0.0078,0.015600000000000058,0.03574409042065558,tap2,fast,firm,20260810_141717,True
2657702,0.0273,0.0156,0.9126,2657.702,500000,-0.0273,0.0078,0.0039000000000000146,0.02865902999056319,tap2,fast,firm,20260810_141717,True
2660209,0.0351,0.0039,0.9282,2660.209,500000,-0.019500000000000003,-0.0039,0.019500000000000073,0.027851570871317167,tap2,fast,firm,20260810_141717,True
2662685,0.0312,0.0078,0.9204,2662.685,500000,-0.023400000000000004,0.0,0.011700000000000044,0.026161995336747564,tap2,fast,firm,20260810_141717,True
2665182,0.0234,0.0195,0.9204,2665.182,500000,-0.031200000000000002,0.0117,0.011700000000000044,0.035316002038735944,tap2,fast,firm,20260810_141717,True
2667711,0.0273,0.0117,0.9204,2667.711,500000,-0.0273,0.0039000000000000007,0.011700000000000044,0.02995646841668759,tap2,fast,firm,20260810_141717,True
2670188,0.0312,0.0039,0.9243,2670.188,500000,-0.023400000000000004,-0.0039,0.015600000000000058,0.028392428568194055,tap2,fast,firm,20260810_141717,True
2672701,0.0234,0.0117,0.9204,2672.701,500000,-0.031200000000000002,0.0039000000000000007,0.011700000000000044,0.03354906854146626,tap2,fast,firm,20260810_141717,True
2675199,0.0195,0.0156,0.9204,2675.199,500000,-0.035100000000000006,0.0078,0.011700000000000044,0.03781190288784739,tap2,fast,firm,20260810_141717,True
2677690,0.0312,0.0195,0.9165,2677.69,500000,-0.023400000000000004,0.0117,0.007800000000000029,0.027300000000000012,tap2,fast,firm,20260810_141717,True
2680205,0.0312,0.0078,0.9243,2680.205,500000,-0.023400000000000004,0.0,0.015600000000000058,0.028123299948619153,tap2,fast,firm,20260810_141717,True
2682683,0.0273,0.0117,0.9204,2682.683,500000,-0.0273,0.0039000000000000007,0.011700000000000044,0.02995646841668759,tap2,fast,firm,20260810_141717,True
2685206,0.0312,0.0156,0.9243,2685.206,500000,-0.023400000000000004,0.0078,0.015600000000000058,0.02918492761683678,tap2,fast,firm,20260810_141717,True
2687686,0.0273,0.0078,0.9126,2687.686,500000,-0.0273,0.0,0.0039000000000000146,0.027577164466275356,tap2,fast,firm,20260810_141717,True
2690200,0.0312,0.0117,0.9204,2690.2,500000,-0.023400000000000004,0.0039000000000000007,0.011700000000000044,0.02645108693418857,tap2,fast,firm,20260810_141717,True
2692709,0.0273,0.0078,0.9243,2692.709,500000,-0.0273,0.0,0.015600000000000058,0.03144280521836437,tap2,fast,firm,20260810_141717,True
2695209,0.0234,0.0078,0.9204,2695.209,500000,-0.031200000000000002,0.0,0.011700000000000044,0.03332161460673839,tap2,fast,firm,20260810_141717,True
2697859,0.0312,0.0078,0.9282,2697.859,500000,-0.023400000000000004,0.0,0.019500000000000073,0.030459973736036004,tap2,fast,firm,20260810_141717,True
2700185,0.0351,0.0078,0.9204,2700.185,500000,-0.019500000000000003,0.0,0.011700000000000044,0.022740712389896695,tap2,fast,firm,20260810_141717,True
2702697,0.0351,0.0078,0.9204,2702.697,500000,-0.019500000000000003,0.0,0.011700000000000044,0.022740712389896695,tap2,fast,firm,20260810_141717,True
2705195,0.0234,0.0117,0.9243,2705.195,500000,-0.031200000000000002,0.0039000000000000007,0.015600000000000058,0.03510000000000003,tap2,fast,firm,20260810_141717,True
2707706,0.0312,0.0117,0.9282,2707.706,500000,-0.023400000000000004,0.0039000000000000007,0.019500000000000073,0.03070863070864611,tap2,fast,firm,20260810_141717,True
2710212,0.0234,0.0156,0.9165,2710.212,500000,-0.031200000000000002,0.0078,0.007800000000000029,0.03309259735953043,tap2,fast,firm,20260810_141717,True
2712684,0.0351,0.0117,0.9204,2712.684,500000,-0.019500000000000003,0.0039000000000000007,0.011700000000000044,0.023072711154088526,tap2,fast,firm,20260810_141717,True
2715211,0.0234,0.0117,0.9204,2715.211,500000,-0.031200000000000002,0.0039000000000000007,0.011700000000000044,0.03354906854146626,tap2,fast,firm,20260810_141717,True
2717696,0.0273,0.0117,0.9165,2717.696,500000,-0.0273,0.0039000000000000007,0.007800000000000029,0.028659029990563193,tap2,fast,firm,20260810_141717,True
2720207,0.0312,0.0117,0.9204,2720.207,500000,-0.023400000000000004,0.0039000000000000007,0.011700000000000044,0.02645108693418857,tap2,fast,firm,20260810_141717,True
2722690,0.0273,0.0078,0.9282,2722.69,500000,-0.0273,0.0,0.019500000000000073,0.03354906854146629,tap2,fast,firm,20260810_141717,True
2725188,0.0273,0.0195,0.9165,2725.188,500000,-0.0273,0.0117,0.007800000000000029,0.030708630708646073,tap2,fast,firm,20260810_141717,True
2727686,0.0234,0.0078,0.9204,2727.686,500000,-0.031200000000000002,0.0,0.011700000000000044,0.03332161460673839,tap2,fast,firm,20260810_141717,True
2730193,0.0273,0.0117,0.9165,2730.193,500000,-0.0273,0.0039000000000000007,0.007800000000000029,0.028659029990563193,tap2,fast,firm,20260810_141717,True
2732699,0.0273,0.0117,0.9204,2732.699,500000,-0.0273,0.0039000000000000007,0.011700000000000044,0.02995646841668759,tap2,fast,firm,20260810_141717,True
2735189,0.0273,0.0156,0.9243,2735.189,500000,-0.0273,0.0078,0.015600000000000058,0.03239583306538052,tap2,fast,firm,20260810_141717,True
2737700,0.0351,0.0078,0.9321,2737.7,500000,-0.019500000000000003,0.0,0.023400000000000087,0.03045997373603602,tap2,fast,firm,20260810_141717,True
2740209,0.0351,0.0117,0.9204,2740.209,500000,-0.019500000000000003,0.0039000000000000007,0.011700000000000044,0.023072711154088526,tap2,fast,firm,20260810_141717,True
2742684,0.0312,0.0117,0.9204,2742.684,500000,-0.023400000000000004,0.0039000000000000007,0.011700000000000044,0.02645108693418857,tap2,fast,firm,20260810_141717,True
2745182,0.0195,0.0156,0.9282,2745.182,500000,-0.035100000000000006,0.0078,0.019500000000000073,0.04090354507863595,tap2,fast,firm,20260810_141717,True
2747686,0.0273,0.0078,0.9204,2747.686,500000,-0.0273,0.0,0.011700000000000044,0.029701515112869264,tap2,fast,firm,20260810_141717,True
2750191,0.0312,0.0078,0.9243,2750.191,500000,-0.023400000000000004,0.0,0.015600000000000058,0.028123299948619153,tap2,fast,firm,20260810_141717,True
2752698,0.0273,0.0117,0.9282,2752.698,500000,-0.0273,0.0039000000000000007,0.019500000000000073,0.03377499074759315,tap2,fast,firm,20260810_141717,True
2755198,0.0273,0.0117,0.9243,2755.198,500000,-0.0273,0.0039000000000000007,0.015600000000000058,0.03168374977808027,tap2,fast,firm,20260810_141717,True
2757692,0.0234,0.0117,0.9204,2757.692,500000,-0.031200000000000002,0.0039000000000000007,0.011700000000000044,0.03354906854146626,tap2,fast,firm,20260810_141717,True
2760197,0.0234,0.0078,0.9126,2760.197,500000,-0.031200000000000002,0.0,0.0039000000000000146,0.031442805218364345,tap2,fast,firm,20260810_141717,True
2762709,0.0234,0.0117,0.9126,2762.709,500000,-0.031200000000000002,0.0039000000000000007,0.0039000000000000146,0.03168374977808025,tap2,fast,firm,20260810_141717,True
2765195,0.0351,0.0039,0.9243,2765.195,500000,-0.019500000000000003,-0.0039,0.015600000000000058,0.025274888723790693,tap2,fast,firm,20260810_141717,True
2767702,0.0273,0.0078,0.9243,2767.702,500000,-0.0273,0.0,0.015600000000000058,0.03144280521836437,tap2,fast,firm,20260810_141717,True
2770208,0.0312,0.0156,0.9204,2770.208,500000,-0.023400000000000004,0.0078,0.011700000000000044,0.027300000000000026,tap2,fast,firm,20260810_141717,True
2772710,0.0273,0.0117,0.9165,2772.71,500000,-0.0273,0.0039000000000000007,0.007800000000000029,0.028659029990563193,tap2,fast,firm,20260810_141717,True
2775207,0.0195,0.0117,0.9126,2775.207,500000,-0.035100000000000006,0.0039000000000000007,0.0039000000000000146,0.03553069095866277,tap2,fast,firm,20260810_141717,True
2777699,0.0312,0.0156,0.9126,2777.699,500000,-0.023400000000000004,0.0078,0.0039000000000000146,0.024972184525988116,tap2,fast,firm,20260810_141717,True
2780184,0.0273,0.0117,0.9126,2780.184,500000,-0.0273,0.0039000000000000007,0.0039000000000000146,0.027851570871317118,tap2,fast,firm,20260810_141717,True
2782692,0.0273,0.0078,0.9165,2782.692,500000,-0.0273,0.0,0.007800000000000029,0.02839242856819403,tap2,fast,firm,20260810_141717,True
2785199,0.0195,0.0117,0.9204,2785.199,500000,-0.035100000000000006,0.0039000000000000007,0.011700000000000044,0.0372036288552609,tap2,fast,firm,20260810_141717,True
2787711,0.0234,0.0039,0.9165,2787.711,500000,-0.031200000000000002,-0.0039,0.007800000000000029,0.0323958330653805,tap2,fast,firm,20260810_141717,True
2790194,0.0273,0.0156,0.9126,2790.194,500000,-0.0273,0.0078,0.0039000000000000146,0.02865902999056319,tap2,fast,firm,20260810_141717,True
2792700,0.0273,0.0156,0.9243,2792.7,500000,-0.0273,0.0078,0.015600000000000058,0.03239583306538052,tap2,fast,firm,20260810_141717,True
2795198,0.0273,0.0078,0.9204,2795.198,500000,-0.0273,0.0,0.011700000000000044,0.029701515112869264,tap2,fast,firm,20260810_141717,True
2797821,0.0234,0.0117,0.9243,2797.821,500000,-0.031200000000000002,0.0039000000000000007,0.015600000000000058,0.03510000000000003,tap2,fast,firm,20260810_141717,True
2800200,0.0273,0.0117,0.9165,2800.2,500000,-0.0273,0.0039000000000000007,0.007800000000000029,0.028659029990563193,tap2,fast,firm,20260810_141717,True
2802707,0.0234,0.0117,0.9204,2802.707,500000,-0.031200000000000002,0.0039000000000000007,0.011700000000000044,0.03354906854146626,tap2,fast,firm,20260810_141717,True
2805206,0.0273,0.0078,0.9243,2805.206,500000,-0.0273,0.0,0.015600000000000058,0.03144280521836437,tap2,fast,firm,20260810_141717,True
2807682,0.0273,0.0078,0.9243,2807.682,500000,-0.0273,0.0,0.015600000000000058,0.03144280521836437,tap2,fast,firm,20260810_141717,True
2810195,0.0273,0.0156,0.9204,2810.195,500000,-0.0273,0.0078,0.011700000000000044,0.030708630708646083,tap2,fast,firm,20260810_141717,True
2812701,0.0312,0.0117,0.9204,2812.701,500000,-0.023400000000000004,0.0039000000000000007,0.011700000000000044,0.02645108693418857,tap2,fast,firm,20260810_141717,True
2815199,0.0312,0.0117,0.9204,2815.199,500000,-0.023400000000000004,0.0039000000000000007,0.011700000000000044,0.02645108693418857,tap2,fast,firm,20260810_141717,True
2817690,0.0312,0.0117,0.9243,2817.69,500000,-0.023400000000000004,0.0039000000000000007,0.015600000000000058,0.028392428568194055,tap2,fast,firm,20260810_141717,True
2820203,0.0234,0.0078,0.9282,2820.203,500000,-0.031200000000000002,0.0,0.019500000000000073,0.036792526415020795,tap2,fast,firm,20260810_141717,True
2822685,0.0273,0.0117,0.9204,2822.685,500000,-0.0273,0.0039000000000000007,0.011700000000000044,0.02995646841668759,tap2,fast,firm,20260810_141717,True
2825185,0.0273,0.0117,0.9165,2825.185,500000,-0.0273,0.0039000000000000007,0.007800000000000029,0.028659029990563193,tap2,fast,firm,20260810_141717,True
2827709,0.0351,0.0117,0.9165,2827.709,500000,-0.019500000000000003,0.0039000000000000007,0.007800000000000029,0.02136117974270149,tap2,fast,firm,20260810_141717,True
2830188,0.0312,0.0117,0.9243,2830.188,500000,-0.023400000000000004,0.0039000000000000007,0.015600000000000058,0.028392428568194055,tap2,fast,firm,20260810_141717,True
2832711,0.0312,0.0078,0.9165,2832.711,500000,-0.023400000000000004,0.0,0.007800000000000029,0.024665765749313374,tap2,fast,firm,20260810_141717,True
2835183,0.0273,0.0078,0.9204,2835.183,500000,-0.0273,0.0,0.011700000000000044,0.029701515112869264,tap2,fast,firm,20260810_141717,True
2837703,0.0234,0.0078,0.9165,2837.703,500000,-0.031200000000000002,0.0,0.007800000000000029,0.03216022387981776,tap2,fast,firm,20260810_141717,True
2840205,0.0273,0.0078,0.9282,2840.205,500000,-0.0273,0.0,0.019500000000000073,0.03354906854146629,tap2,fast,firm,20260810_141717,True
2842712,0.0312,0.0117,0.9204,2842.712,500000,-0.023400000000000004,0.0039000000000000007,0.011700000000000044,0.02645108693418857,tap2,fast,firm,20260810_141717,True
2845209,0.0351,0.0156,0.9321,2845.209,500000,-0.019500000000000003,0.0078,0.023400000000000087,0.03144280521836441,tap2,fast,firm,20260810_141717,True
2847711,0.0312,0.0078,0.9087,2847.711,500000,-0.023400000000000004,0.0,0.0,0.023400000000000004,tap2,fast,firm,20260810_141717,True
2850197,0.0234,0.0117,0.9282,2850.197,500000,-0.031200000000000002,0.0039000000000000007,0.019500000000000073,0.03699864862397008,tap2,fast,firm,20260810_141717,True
2852708,0.0273,0.0078,0.9282,2852.708,500000,-0.0273,0.0,0.019500000000000073,0.03354906854146629,tap2,fast,firm,20260810_141717,True
2855206,0.0312,0.0156,0.9165,2855.206,500000,-0.023400000000000004,0.0078,0.007800000000000029,0.025869673364772132,tap2,fast,firm,20260810_141717,True
2857698,0.0195,0.0156,0.9243,2857.698,500000,-0.035100000000000006,0.0078,0.015600000000000058,0.0391945149223715,tap2,fast,firm,20260810_141717,True
2860204,0.0312,0.0117,0.9204,2860.204,500000,-0.023400000000000004,0.0039000000000000007,0.011700000000000044,0.02645108693418857,tap2,fast,firm,20260810_141717,True
2862709,0.0312,0.0039,0.9126,2862.709,500000,-0.023400000000000004,-0.0039,0.0039000000000000146,0.024041214611579015,tap2,fast,firm,20260810_141717,True
2865208,0.0312,0.0078,0.9243,2865.208,500000,-0.023400000000000004,0.0,0.015600000000000058,0.028123299948619153,tap2,fast,firm,20260810_141717,True
2867698,0.0195,0.0195,0.9204,2867.698,500000,-0.035100000000000006,0.0117,0.011700000000000044,0.038804510047158194,tap2,fast,firm,20260810_141717,True
2870206,0.0234,0.0117,0.9165,2870.206,500000,-0.031200000000000002,0.0039000000000000007,0.007800000000000029,0.0323958330653805,tap2,fast,firm,20260810_141717,True
2872686,0.0273,0.0039,0.9165,2872.686,500000,-0.0273,-0.0039,0.007800000000000029,0.028659029990563193,tap2,fast,firm,20260810_141717,True
2875186,0.0312,0.0039,0.9204,2875.186,500000,-0.023400000000000004,-0.0039,0.011700000000000044,0.02645108693418857,tap2,fast,firm,20260810_141717,True
2877704,0.0273,0.0195,0.9165,2877.704,500000,-0.0273,0.0117,0.007800000000000029,0.030708630708646073,tap2,fast,firm,20260810_141717,True
2880188,0.0273,0.0117,0.9204,2880.188,500000,-0.0273,0.0039000000000000007,0.011700000000000044,0.02995646841668759,tap2,fast,firm,20260810_141717,True
2882696,0.0234,0.0156,0.9204,2882.696,500000,-0.031200000000000002,0.0078,0.011700000000000044,0.03422236111082929,tap2,fast,firm,20260810_141717,True
2885210,0.0312,0.0078,0.9165,2885.21,500000,-0.023400000000000004,0.0,0.007800000000000029,0.024665765749313374,tap2,fast,firm,20260810_141717,True
2887700,0.0312,0.0117,0.9282,2887.7,500000,-0.023400000000000004,0.0039000000000000007,0.019500000000000073,0.03070863070864611,tap2,fast,firm,20260810_141717,True
2890210,0.0195,0.0078,0.9204,2890.21,500000,-0.035100000000000006,0.0,0.011700000000000044,0.03699864862397006,tap2,fast,firm,20260810_141717,True
2892685,0.0234,0.0117,0.9243,2892.685,500000,-0.031200000000000002,0.0039000000000000007,0.015600000000000058,0.03510000000000003,tap2,fast,firm,20260810_141717,True
2895211,0.0312,0.0078,0.9243,2895.211,500000,-0.023400000000000004,0.0,0.015600000000000058,0.028123299948619153,tap2,fast,firm,20260810_141717,True
2897818,0.0234,0.0156,0.9126,2897.818,500000,-0.031200000000000002,0.0078,0.0039000000000000146,0.03239583306538049,tap2,fast,firm,20260810_141717,True
2900194,0.0156,0.0117,0.9204,2900.194,500000,-0.03900000000000001,0.0039000000000000007,0.011700000000000044,0.04090354507863593,tap2,fast,firm,20260810_141717,True
2902703,0.0273,0.0078,0.9165,2902.703,500000,-0.0273,0.0,0.007800000000000029,0.02839242856819403,tap2,fast,firm,20260810_141717,True
2905202,0.0195,0.0117,0.9204,2905.202,500000,-0.035100000000000006,0.0039000000000000007,0.011700000000000044,0.0372036288552609,tap2,fast,firm,20260810_141717,True
2907712,0.0195,0.0078,0.9165,2907.712,500000,-0.035100000000000006,0.0,0.007800000000000029,0.03595622338344227,tap2,fast,firm,20260810_141717,True
2910193,0.0234,0.0117,0.9282,2910.193,500000,-0.031200000000000002,0.0039000000000000007,0.019500000000000073,0.03699864862397008,tap2,fast,firm,20260810_141717,True
2912700,0.0273,0.0039,0.9165,2912.7,500000,-0.0273,-0.0039,0.007800000000000029,0.028659029990563193,tap2,fast,firm,20260810_141717,True
2915200,0.0273,0.0039,0.9165,2915.2,500000,-0.0273,-0.0039,0.007800000000000029,0.028659029990563193,tap2,fast,firm,20260810_141717,True
2917691,0.0312,0.0078,0.9243,2917.691,500000,-0.023400000000000004,0.0,0.015600000000000058,0.028123299948619153,tap2,fast,firm,20260810_141717,True
2920202,0.039,0.0117,0.9087,2920.202,500000,-0.015600000000000003,0.0039000000000000007,0.0,0.016080111939908878,tap2,fast,firm,20260810_141717,True
2922685,0.0273,0.0156,0.9165,2922.685,500000,-0.0273,0.0078,0.007800000000000029,0.029444354297555934,tap2,fast,firm,20260810_141717,True
2925184,0.0273,0.0156,0.9165,2925.184,500000,-0.0273,0.0078,0.007800000000000029,0.029444354297555934,tap2,fast,firm,20260810_141717,True
2927710,0.0351,0.0039,0.9165,2927.71,500000,-0.019500000000000003,-0.0039,0.007800000000000029,0.02136117974270149,tap2,fast,firm,20260810_141717,True
2930185,0.0312,0.0078,0.9165,2930.185,500000,-0.023400000000000004,0.0,0.007800000000000029,0.024665765749313374,tap2,fast,firm,20260810_141717,True
2932696,0.0234,0.0156,0.9126,2932.696,500000,-0.031200000000000002,0.0078,0.0039000000000000146,0.03239583306538049,tap2,fast,firm,20260810_141717,True
2935192,0.0312,0.0117,0.9243,2935.192,500000,-0.023400000000000004,0.0039000000000000007,0.015600000000000058,0.028392428568194055,tap2,fast,firm,20260810_141717,True
2937685,0.0234,0.0078,0.9243,2937.685,500000,-0.031200000000000002,0.0,0.015600000000000058,0.034882660448996745,tap2,fast,firm,20260810_141717,True
2940209,0.0273,0.0117,0.9321,2940.209,500000,-0.0273,0.0039000000000000007,0.023400000000000087,0.0361671121324333,tap2,fast,firm,20260810_141717,True
2942699,0.0312,0.0117,0.9126,2942.699,500000,-0.023400000000000004,0.0039000000000000007,0.0039000000000000146,0.024041214611579015,tap2,fast,firm,20260810_141717,True
2945198,0.0273,0.0078,0.9204,2945.198,500000,-0.0273,0.0,0.011700000000000044,0.029701515112869264,tap2,fast,firm,20260810_141717,True
2947700,0.039,0.0156,0.9009,2947.7,500000,-0.015600000000000003,0.0078,-0.007799999999999918,0.019106019993708756,tap2,fast,firm,20260810_141717,True
2950210,0.0273,0.0156,0.9204,2950.21,500000,-0.0273,0.0078,0.011700000000000044,0.030708630708646083,tap2,fast,firm,20260810_141717,True
2952688,0.0351,0.0117,0.9204,2952.688,500000,-0.019500000000000003,0.0039000000000000007,0.011700000000000044,0.023072711154088526,tap2,fast,firm,20260810_141717,True
2955184,0.0273,0.0078,0.9243,2955.184,500000,-0.0273,0.0,0.015600000000000058,0.03144280521836437,tap2,fast,firm,20260810_141717,True
2957710,0.0234,0.0078,0.9204,2957.71,500000,-0.031200000000000002,0.0,0.011700000000000044,0.03332161460673839,tap2,fast,firm,20260810_141717,True
2960184,0.0312,0.0117,0.9204,2960.184,500000,-0.023400000000000004,0.0039000000000000007,0.011700000000000044,0.02645108693418857,tap2,fast,firm,20260810_141717,True
2962707,0.0273,0.0156,0.9087,2962.707,500000,-0.0273,0.0078,0.0,0.028392428568194024,tap2,fast,firm,20260810_141717,True
2965208,0.0351,0.0039,0.9204,2965.208,500000,-0.019500000000000003,-0.0039,0.011700000000000044,0.023072711154088526,tap2,fast,firm,20260810_141717,True
2967700,0.0195,0.0117,0.9126,2967.7,500000,-0.035100000000000006,0.0039000000000000007,0.0039000000000000146,0.03553069095866277,tap2,fast,firm,20260810_141717,True
2970211,0.0312,0.0078,0.9204,2970.211,500000,-0.023400000000000004,0.0,0.011700000000000044,0.026161995336747564,tap2,fast,firm,20260810_141717,True
2972691,0.0351,0.0078,0.9204,2972.691,500000,-0.019500000000000003,0.0,0.011700000000000044,0.022740712389896695,tap2,fast,firm,20260810_141717,True
2975190,0.0273,0.0078,0.9243,2975.19,500000,-0.0273,0.0,0.015600000000000058,0.03144280521836437,tap2,fast,firm,20260810_141717,True
2977709,0.0351,0.0117,0.9126,2977.709,500000,-0.019500000000000003,0.0039000000000000007,0.0039000000000000146,0.020264994448555868,tap2,fast,firm,20260810_141717,True
2980190,0.0273,0.0039,0.9204,2980.19,500000,-0.0273,-0.0039,0.011700000000000044,0.02995646841668759,tap2,fast,firm,20260810_141717,True
2982696,0.0234,0.0117,0.9126,2982.696,500000,-0.031200000000000002,0.0039000000000000007,0.0039000000000000146,0.03168374977808025,tap2,fast,firm,20260810_141717,True
2985182,0.0273,0.0117,0.9165,2985.182,500000,-0.0273,0.0039000000000000007,0.007800000000000029,0.028659029990563193,tap2,fast,firm,20260810_141717,True
2987697,0.0273,0.0156,0.9204,2987.697,500000,-0.0273,0.0078,0.011700000000000044,0.030708630708646083,tap2,fast,firm,20260810_141717,True
2990183,0.0234,0.0156,0.9165,2990.183,500000,-0.031200000000000002,0.0078,0.007800000000000029,0.03309259735953043,tap2,fast,firm,20260810_141717,True
2992691,0.0273,0.0156,0.9087,2992.691,500000,-0.0273,0.0078,0.0,0.028392428568194024,tap2,fast,firm,20260810_141717,True
2995188,0.0273,0.0078,0.9165,2995.188,500000,-0.0273,0.0,0.007800000000000029,0.02839242856819403,tap2,fast,firm,20260810_141717,True
2997802,0.0273,0.0078,0.9243,2997.802,500000,-0.0273,0.0,0.015600000000000058,0.03144280521836437,tap2,fast,firm,20260810_141717,True
3000186,0.0156,0.0156,0.9165,3000.186,500000,-0.03900000000000001,0.0078,0.007800000000000029,0.040529988897111735,tap2,fast,firm,20260810_141717,True
3002693,0.0156,0.0156,0.9204,3002.693,500000,-0.03900000000000001,0.0078,0.011700000000000044,0.04145756866966515,tap2,fast,firm,20260810_141717,True
3005192,0.0273,0.0156,0.9243,3005.192,500000,-0.0273,0.0078,0.015600000000000058,0.03239583306538052,tap2,fast,firm,20260810_141717,True
3007703,0.0234,0.0156,0.9126,3007.703,500000,-0.031200000000000002,0.0078,0.0039000000000000146,0.03239583306538049,tap2,fast,firm,20260810_141717,True
3010210,0.0234,0.0156,0.9165,3010.21,500000,-0.031200000000000002,0.0078,0.007800000000000029,0.03309259735953043,tap2,fast,firm,20260810_141717,True
3012686,0.0273,0.0117,0.9165,3012.686,500000,-0.0273,0.0039000000000000007,0.007800000000000029,0.028659029990563193,tap2,fast,firm,20260810_141717,True
3015182,0.0312,0.0078,0.9204,3015.182,500000,-0.023400000000000004,0.0,0.011700000000000044,0.026161995336747564,tap2,fast,firm,20260810_141717,True
3017706,0.0273,0.0078,0.9204,3017.706,500000,-0.0273,0.0,0.011700000000000044,0.029701515112869264,tap2,fast,firm,20260810_141717,True
3020182,0.0273,0.0078,0.9204,3020.182,500000,-0.0273,0.0,0.011700000000000044,0.029701515112869264,tap2,fast,firm,20260810_141717,True
3022695,0.0234,0.0117,0.9282,3022.695,500000,-0.031200000000000002,0.0039000000000000007,0.019500000000000073,0.03699864862397008,tap2,fast,firm,20260810_141717,True
3025195,0.0312,0.0078,0.9204,3025.195,500000,-0.023400000000000004,0.0,0.011700000000000044,0.026161995336747564,tap2,fast,firm,20260810_141717,True
3027699,0.0273,0.0117,0.9243,3027.699,500000,-0.0273,0.0039000000000000007,0.015600000000000058,0.03168374977808027,tap2,fast,firm,20260810_141717,True
3030184,0.0273,0.0039,0.9048,3030.184,500000,-0.0273,-0.0039,-0.0038999999999999035,0.027851570871317104,tap2,fast,firm,20260810_141717,True
3032693,0.0195,0.0117,0.9243,3032.693,500000,-0.035100000000000006,0.0039000000000000007,0.015600000000000058,0.03860803025278552,tap2,fast,firm,20260810_141717,True
3035190,0.0273,0.0078,0.9204,3035.19,500000,-0.0273,0.0,0.011700000000000044,0.029701515112869264,tap2,fast,firm,20260810_141717,True
3037687,0.0312,0.0117,0.9087,3037.687,500000,-0.023400000000000004,0.0039000000000000007,0.0,0.02372277386816306,tap2,fast,firm,20260810_141717,True
3040195,0.0195,0.0078,0.9243,3040.195,500000,-0.035100000000000006,0.0,0.015600000000000058,0.03841054542700484,tap2,fast,firm,20260810_141717,True
3042690,0.0273,0.0156,0.9204,3042.69,500000,-0.0273,0.0078,0.011700000000000044,0.030708630708646083,tap2,fast,firm,20260810_141717,True
3045189,0.0312,0.0156,0.9165,3045.189,500000,-0.023400000000000004,0.0078,0.007800000000000029,0.025869673364772132,tap2,fast,firm,20260810_141717,True
3047693,0.0273,0.0195,0.9165,3047.693,500000,-0.0273,0.0117,0.007800000000000029,0.030708630708646073,tap2,fast,firm,20260810_141717,True
3050204,0.0117,0.0195,0.9243,3050.204,500000,-0.0429,0.0117,0.015600000000000058,0.047123879297018854,tap2,fast,firm,20260810_141717,True
3052709,0.0234,0.0156,0.9048,3052.709,500000,-0.031200000000000002,0.0078,-0.0038999999999999035,0.03239583306538048,tap2,fast,firm,20260810_141717,True
3055206,0.0351,0.0117,0.9204,3055.206,500000,-0.019500000000000003,0.0039000000000000007,0.011700000000000044,0.023072711154088526,tap2,fast,firm,20260810_141717,True
3057698,0.0273,0.0117,0.9204,3057.698,500000,-0.0273,0.0039000000000000007,0.011700000000000044,0.02995646841668759,tap2,fast,firm,20260810_141717,True
3060203,0.0273,0.0117,0.9126,3060.203,500000,-0.0273,0.0039000000000000007,0.0039000000000000146,0.027851570871317118,tap2,fast,firm,20260810_141717,True
3062710,0.0234,0.0078,0.9126,3062.71,500000,-0.031200000000000002,0.0,0.0039000000000000146,0.031442805218364345,tap2,fast,firm,20260810_141717,True
3065209,0.0195,0.0117,0.9204,3065.209,500000,-0.035100000000000006,0.0039000000000000007,0.011700000000000044,0.0372036288552609,tap2,fast,firm,20260810_141717,True
3067699,0.0312,0.0117,0.9204,3067.699,500000,-0.023400000000000004,0.0039000000000000007,0.011700000000000044,0.02645108693418857,tap2,fast,firm,20260810_141717,True
3070205,0.0234,0.0117,0.9204,3070.205,500000,-0.031200000000000002,0.0039000000000000007,0.011700000000000044,0.03354906854146626,tap2,fast,firm,20260810_141717,True
3072685,0.0312,0.0039,0.9126,3072.685,500000,-0.023400000000000004,-0.0039,0.0039000000000000146,0.024041214611579015,tap2,fast,firm,20260810_141717,True
3075185,0.0273,0.0156,0.9165,3075.185,500000,-0.0273,0.0078,0.007800000000000029,0.029444354297555934,tap2,fast,firm,20260810_141717,True
3077707,0.0234,0.0195,0.9204,3077.707,500000,-0.031200000000000002,0.0117,0.011700000000000044,0.035316002038735944,tap2,fast,firm,20260810_141717,True
3080186,0.0273,0.0117,0.9165,3080.186,500000,-0.0273,0.0039000000000000007,0.007800000000000029,0.028659029990563193,tap2,fast,firm,20260810_141717,True
3082691,0.0234,0.0078,0.9087,3082.691,500000,-0.031200000000000002,0.0,0.0,0.031200000000000002,tap2,fast,firm,20260810_141717,True
3085205,0.0312,0.0156,0.9126,3085.205,500000,-0.023400000000000004,0.0078,0.0039000000000000146,0.024972184525988116,tap2,fast,firm,20260810_141717,True
3087689,0.0273,0.0117,0.9165,3087.689,500000,-0.0273,0.0039000000000000007,0.007800000000000029,0.028659029990563193,tap2,fast,firm,20260810_141717,True
3090202,0.0234,0.0078,0.9204,3090.202,500000,-0.031200000000000002,0.0,0.011700000000000044,0.03332161460673839,tap2,fast,firm,20260810_141717,True
3092708,0.0273,0.0039,0.9204,3092.708,500000,-0.0273,-0.0039,0.011700000000000044,0.02995646841668759,tap2,fast,firm,20260810_141717,True
3095188,0.0273,0.0078,0.9165,3095.188,500000,-0.0273,0.0,0.007800000000000029,0.02839242856819403,tap2,fast,firm,20260810_141717,True
3097816,0.0351,0.0117,0.9243,3097.816,500000,-0.019500000000000003,0.0039000000000000007,0.015600000000000058,0.025274888723790693,tap2,fast,firm,20260810_141717,True
3100191,0.0234,0.0117,0.9204,3100.191,500000,-0.031200000000000002,0.0039000000000000007,0.011700000000000044,0.03354906854146626,tap2,fast,firm,20260810_141717,True
3102698,0.0273,0.0156,0.9204,3102.698,500000,-0.0273,0.0078,0.011700000000000044,0.030708630708646083,tap2,fast,firm,20260810_141717,True
3105197,0.0351,0.0078,0.9204,3105.197,500000,-0.019500000000000003,0.0,0.011700000000000044,0.022740712389896695,tap2,fast,firm,20260810_141717,True
3107706,0.0351,0.0078,0.9165,3107.706,500000,-0.019500000000000003,0.0,0.007800000000000029,0.021002142747824578,tap2,fast,firm,20260810_141717,True
3110187,0.0234,0.0078,0.9165,3110.187,500000,-0.031200000000000002,0.0,0.007800000000000029,0.03216022387981776,tap2,fast,firm,20260810_141717,True
3112696,0.0234,0.0117,0.9204,3112.696,500000,-0.031200000000000002,0.0039000000000000007,0.011700000000000044,0.03354906854146626,tap2,fast,firm,20260810_141717,True
3115193,0.0273,0.0117,0.9204,3115.193,500000,-0.0273,0.0039000000000000007,0.011700000000000044,0.02995646841668759,tap2,fast,firm,20260810_141717,True
3117684,0.0351,0.0078,0.9243,3117.684,500000,-0.019500000000000003,0.0,0.015600000000000058,0.024972184525988147,tap2,fast,firm,20260810_141717,True
3120190,0.0273,0.0078,0.9126,3120.19,500000,-0.0273,0.0,0.0039000000000000146,0.027577164466275356,tap2,fast,firm,20260810_141717,True
3122704,0.0312,0.0039,0.9126,3122.704,500000,-0.023400000000000004,-0.0039,0.0039000000000000146,0.024041214611579015,tap2,fast,firm,20260810_141717,True
3125204,0.0273,0.0117,0.9165,3125.204,500000,-0.0273,0.0039000000000000007,0.007800000000000029,0.028659029990563193,tap2,fast,firm,20260810_141717,True
3127697,0.0273,0.0117,0.9165,3127.697,500000,-0.0273,0.0039000000000000007,0.007800000000000029,0.028659029990563193,tap2,fast,firm,20260810_141717,True
3130203,0.0273,0.0156,0.9204,3130.203,500000,-0.0273,0.0078,0.011700000000000044,0.030708630708646083,tap2,fast,firm,20260810_141717,True
3132712,0.0195,0.0039,0.9126,3132.712,500000,-0.035100000000000006,-0.0039,0.0039000000000000146,0.03553069095866277,tap2,fast,firm,20260810_141717,True
3135209,0.0312,0.0117,0.9204,3135.209,500000,-0.023400000000000004,0.0039000000000000007,0.011700000000000044,0.02645108693418857,tap2,fast,firm,20260810_141717,True
3137700,0.0351,0.0117,0.9165,3137.7,500000,-0.019500000000000003,0.0039000000000000007,0.007800000000000029,0.02136117974270149,tap2,fast,firm,20260810_141717,True
3140210,0.0351,0.0117,0.9282,3140.21,500000,-0.019500000000000003,0.0039000000000000007,0.019500000000000073,0.027851570871317167,tap2,fast,firm,20260810_141717,True
3142686,0.0273,0.0117,0.9321,3142.686,500000,-0.0273,0.0039000000000000007,0.023400000000000087,0.0361671121324333,tap2,fast,firm,20260810_141717,True
3145197,0.0273,0.0117,0.9243,3145.197,500000,-0.0273,0.0039000000000000007,0.015600000000000058,0.03168374977808027,tap2,fast,firm,20260810_141717,True
3147686,0.0156,0.0156,0.9243,3147.686,500000,-0.03900000000000001,0.0078,0.015600000000000058,0.04272235948540298,tap2,fast,firm,20260810_141717,True
3150194,0.0312,0.0117,0.9087,3150.194,500000,-0.023400000000000004,0.0039000000000000007,0.0,0.02372277386816306,tap2,fast,firm,20260810_141717,True
3152701,0.0312,0.0078,0.9165,3152.701,500000,-0.023400000000000004,0.0,0.007800000000000029,0.024665765749313374,tap2,fast,firm,20260810_141717,True
3155198,0.0273,0.0078,0.9165,3155.198,500000,-0.0273,0.0,0.007800000000000029,0.02839242856819403,tap2,fast,firm,20260810_141717,True
3157694,0.0312,0.0156,0.9282,3157.694,500000,-0.023400000000000004,0.0078,0.019500000000000073,0.03144280521836439,tap2,fast,firm,20260810_141717,True
3160189,0.0273,0.0156,0.9243,3160.189,500000,-0.0273,0.0078,0.015600000000000058,0.03239583306538052,tap2,fast,firm,20260810_141717,True
3162700,0.0234,0.0156,0.9165,3162.7,500000,-0.031200000000000002,0.0078,0.007800000000000029,0.03309259735953043,tap2,fast,firm,20260810_141717,True
3165195,0.0351,0.0039,0.9165,3165.195,500000,-0.019500000000000003,-0.0039,0.007800000000000029,0.02136117974270149,tap2,fast,firm,20260810_141717,True
3167691,0.0273,0.0078,0.9126,3167.691,500000,-0.0273,0.0,0.0039000000000000146,0.027577164466275356,tap2,fast,firm,20260810_141717,True
3170197,0.0195,0.0156,0.9087,3170.197,500000,-0.035100000000000006,0.0078,0.0,0.035956223383442266,tap2,fast,firm,20260810_141717,True
3172707,0.0312,0.0078,0.9165,3172.707,500000,-0.023400000000000004,0.0,0.007800000000000029,0.024665765749313374,tap2,fast,firm,20260810_141717,True
3175207,0.0273,0.0117,0.9087,3175.207,500000,-0.0273,0.0039000000000000007,0.0,0.027577164466275356,tap2,fast,firm,20260810_141717,True
3177694,0.0312,0.0039,0.9126,3177.694,500000,-0.023400000000000004,-0.0039,0.0039000000000000146,0.024041214611579015,tap2,fast,firm,20260810_141717,True
3180203,0.0234,0.0078,0.9204,3180.203,500000,-0.031200000000000002,0.0,0.011700000000000044,0.03332161460673839,tap2,fast,firm,20260810_141717,True
3182694,0.0273,0.0117,0.9126,3182.694,500000,-0.0273,0.0039000000000000007,0.0039000000000000146,0.027851570871317118,tap2,fast,firm,20260810_141717,True
3185205,0.0312,0.0039,0.9165,3185.205,500000,-0.023400000000000004,-0.0039,0.007800000000000029,0.024972184525988123,tap2,fast,firm,20260810_141717,True
3187690,0.0234,0.0117,0.9204,3187.69,500000,-0.031200000000000002,0.0039000000000000007,0.011700000000000044,0.03354906854146626,tap2,fast,firm,20260810_141717,True
3190197,0.0312,0.0156,0.9048,3190.197,500000,-0.023400000000000004,0.0078,-0.0038999999999999035,0.024972184525988098,tap2,fast,firm,20260810_141717,True
3192703,0.0273,0.0156,0.9126,3192.703,500000,-0.0273,0.0078,0.0039000000000000146,0.02865902999056319,tap2,fast,firm,20260810_141717,True
3195202,0.0234,0.0117,0.9282,3195.202,500000,-0.031200000000000002,0.0039000000000000007,0.019500000000000073,0.03699864862397008,tap2,fast,firm,20260810_141717,True
3197831,0.0312,0.0078,0.9165,3197.831,500000,-0.023400000000000004,0.0,0.007800000000000029,0.024665765749313374,tap2,fast,firm,20260810_141717,True
3200206,0.0273,0.0039,0.9243,3200.206,500000,-0.0273,-0.0039,0.015600000000000058,0.03168374977808027,tap2,fast,firm,20260810_141717,True
3202710,0.0234,0.0117,0.9087,3202.71,500000,-0.031200000000000002,0.0039000000000000007,0.0,0.031442805218364345,tap2,fast,firm,20260810_141717,True
3205210,0.0312,0.0117,0.9087,3205.21,500000,-0.023400000000000004,0.0039000000000000007,0.0,0.02372277386816306,tap2,fast,firm,20260810_141717,True
3207685,0.0312,0.0078,0.9165,3207.685,500000,-0.023400000000000004,0.0,0.007800000000000029,0.024665765749313374,tap2,fast,firm,20260810_141717,True
3210197,0.0273,0.0156,0.9165,3210.197,500000,-0.0273,0.0078,0.007800000000000029,0.029444354297555934,tap2,fast,firm,20260810_141717,True
3212705,0.0273,0.0078,0.9126,3212.705,500000,-0.0273,0.0,0.0039000000000000146,0.027577164466275356,tap2,fast,firm,20260810_141717,True
3215203,0.0312,0.0078,0.9204,3215.203,500000,-0.023400000000000004,0.0,0.011700000000000044,0.026161995336747564,tap2,fast,firm,20260810_141717,True
3217694,0.0273,0.0117,0.9165,3217.694,500000,-0.0273,0.0039000000000000007,0.007800000000000029,0.028659029990563193,tap2,fast,firm,20260810_141717,True
3220204,0.0234,0.0117,0.9243,3220.204,500000,-0.031200000000000002,0.0039000000000000007,0.015600000000000058,0.03510000000000003,tap2,fast,firm,20260810_141717,True
3222686,0.0234,0.0078,0.9165,3222.686,500000,-0.031200000000000002,0.0,0.007800000000000029,0.03216022387981776,tap2,fast,firm,20260810_141717,True
3225199,0.0156,0.0117,0.9126,3225.199,500000,-0.03900000000000001,0.0039000000000000007,0.0039000000000000146,0.039388069259612114,tap2,fast,firm,20260810_141717,True
3227698,0.0273,0.0117,0.9204,3227.698,500000,-0.0273,0.0039000000000000007,0.011700000000000044,0.02995646841668759,tap2,fast,firm,20260810_141717,True
3230205,0.0234,0.0117,0.9165,3230.205,500000,-0.031200000000000002,0.0039000000000000007,0.007800000000000029,0.0323958330653805,tap2,fast,firm,20260810_141717,True
3232710,0.0234,0.0039,0.9126,3232.71,500000,-0.031200000000000002,-0.0039,0.0039000000000000146,0.03168374977808025,tap2,fast,firm,20260810_141717,True
3235209,0.0234,0.0039,0.9126,3235.209,500000,-0.031200000000000002,-0.0039,0.0039000000000000146,0.03168374977808025,tap2,fast,firm,20260810_141717,True
3237698,0.039,0.0078,0.9126,3237.698,500000,-0.015600000000000003,0.0,0.0039000000000000146,0.01608011193990888,tap2,fast,firm,20260810_141717,True
3240209,0.0234,0.0234,0.9165,3240.209,500000,-0.031200000000000002,0.015600000000000001,0.007800000000000029,0.03574409042065556,tap2,fast,firm,20260810_141717,True
3242686,0.0273,0.0117,0.9165,3242.686,500000,-0.0273,0.0039000000000000007,0.007800000000000029,0.028659029990563193,tap2,fast,firm,20260810_141717,True
3245184,0.0312,0.0078,0.9243,3245.184,500000,-0.023400000000000004,0.0,0.015600000000000058,0.028123299948619153,tap2,fast,firm,20260810_141717,True
3247696,0.0273,0.0156,0.9165,3247.696,500000,-0.0273,0.0078,0.007800000000000029,0.029444354297555934,tap2,fast,firm,20260810_141717,True
3250198,0.0156,0.0156,0.9282,3250.198,500000,-0.03900000000000001,0.0078,0.019500000000000073,0.04429548509724217,tap2,fast,firm,20260810_141717,True
3252705,0.039,0.0195,0.9165,3252.705,500000,-0.015600000000000003,0.0117,0.007800000000000029,0.021002142747824578,tap2,fast,firm,20260810_141717,True
3255203,0.0312,0.0039,0.9126,3255.203,500000,-0.023400000000000004,-0.0039,0.0039000000000000146,0.024041214611579015,tap2,fast,firm,20260810_141717,True
3257697,0.0429,0.0078,0.9126,3257.697,500000,-0.011700000000000002,0.0,0.0039000000000000146,0.012332882874656687,tap2,fast,firm,20260810_141717,True
3260182,0.0273,0.0117,0.9204,3260.182,500000,-0.0273,0.0039000000000000007,0.011700000000000044,0.02995646841668759,tap2,fast,firm,20260810_141717,True
3262690,0.0273,0.0078,0.9126,3262.69,500000,-0.0273,0.0,0.0039000000000000146,0.027577164466275356,tap2,fast,firm,20260810_141717,True
3265187,0.0312,0.0078,0.9048,3265.187,500000,-0.023400000000000004,0.0,-0.0038999999999999035,0.023722773868163044,tap2,fast,firm,20260810_141717,True
3267684,0.0234,0.0273,0.9126,3267.684,500000,-0.031200000000000002,0.019500000000000003,0.0039000000000000146,0.036998648623970044,tap2,fast,firm,20260810_141717,True
3270195,0.0351,0.0078,0.9126,3270.195,500000,-0.019500000000000003,0.0,0.0039000000000000146,0.019886176103011865,tap2,fast,firm,20260810_141717,True
3272707,0.0273,0.0078,0.9165,3272.707,500000,-0.0273,0.0,0.007800000000000029,0.02839242856819403,tap2,fast,firm,20260810_141717,True
3275203,0.0273,0.0078,0.9087,3275.203,500000,-0.0273,0.0,0.0,0.0273,tap2,fast,firm,20260810_141717,True
3277687,0.0273,0.0117,0.9165,3277.687,500000,-0.0273,0.0039000000000000007,0.007800000000000029,0.028659029990563193,tap2,fast,firm,20260810_141717,True
3280202,0.0273,0.0078,0.9243,3280.202,500000,-0.0273,0.0,0.015600000000000058,0.03144280521836437,tap2,fast,firm,20260810_141717,True
3282709,0.0273,0.0234,0.9204,3282.709,500000,-0.0273,0.015600000000000001,0.011700000000000044,0.03354906854146626,tap2,fast,firm,20260810_141717,True
3285193,0.0273,0.0078,0.9204,3285.193,500000,-0.0273,0.0,0.011700000000000044,0.029701515112869264,tap2,fast,firm,20260810_141717,True
3287711,0.0234,0.0117,0.9126,3287.711,500000,-0.031200000000000002,0.0039000000000000007,0.0039000000000000146,0.03168374977808025,tap2,fast,firm,20260810_141717,True
3290211,0.0234,0.0117,0.9204,3290.211,500000,-0.031200000000000002,0.0039000000000000007,0.011700000000000044,0.03354906854146626,tap2,fast,firm,20260810_141717,True
3292691,0.0273,0.0039,0.9126,3292.691,500000,-0.0273,-0.0039,0.0039000000000000146,0.027851570871317118,tap2,fast,firm,20260810_141717,True
3295188,0.0312,0.0078,0.9126,3295.188,500000,-0.023400000000000004,0.0,0.0039000000000000146,0.023722773868163065,tap2,fast,firm,20260810_141717,True
3297813,0.0234,0.0156,0.9165,3297.813,500000,-0.031200000000000002,0.0078,0.007800000000000029,0.03309259735953043,tap2,fast,firm,20260810_141717,True
3300194,0.0312,0.0117,0.9126,3300.194,500000,-0.023400000000000004,0.0039000000000000007,0.0039000000000000146,0.024041214611579015,tap2,fast,firm,20260810_141717,True
3302701,0.0312,0.0078,0.9126,3302.701,500000,-0.023400000000000004,0.0,0.0039000000000000146,0.023722773868163065,tap2,fast,firm,20260810_141717,True
3305198,0.0351,0.0039,0.9126,3305.198,500000,-0.019500000000000003,-0.0039,0.0039000000000000146,0.020264994448555868,tap2,fast,firm,20260810_141717,True
3307706,0.0273,0.0117,0.9204,3307.706,500000,-0.0273,0.0039000000000000007,0.011700000000000044,0.02995646841668759,tap2,fast,firm,20260810_141717,True
3310189,0.0273,0.0117,0.9048,3310.189,500000,-0.0273,0.0039000000000000007,-0.0038999999999999035,0.027851570871317104,tap2,fast,firm,20260810_141717,True
3312699,0.0234,0.0117,0.9204,3312.699,500000,-0.031200000000000002,0.0039000000000000007,0.011700000000000044,0.03354906854146626,tap2,fast,firm,20260810_141717,True
3315195,0.0273,0.0039,0.9204,3315.195,500000,-0.0273,-0.0039,0.011700000000000044,0.02995646841668759,tap2,fast,firm,20260810_141717,True
3317687,0.0312,0.0117,0.9204,3317.687,500000,-0.023400000000000004,0.0039000000000000007,0.011700000000000044,0.02645108693418857,tap2,fast,firm,20260810_141717,True
3320195,0.0273,0.0117,0.9165,3320.195,500000,-0.0273,0.0039000000000000007,0.007800000000000029,0.028659029990563193,tap2,fast,firm,20260810_141717,True
3322708,0.0273,0.0078,0.9282,3322.708,500000,-0.0273,0.0,0.019500000000000073,0.03354906854146629,tap2,fast,firm,20260810_141717,True
3325209,0.0234,0.0117,0.9048,3325.209,500000,-0.031200000000000002,0.0039000000000000007,-0.0038999999999999035,0.031683749778080236,tap2,fast,firm,20260810_141717,True
3327698,0.0273,0.0117,0.9126,3327.698,500000,-0.0273,0.0039000000000000007,0.0039000000000000146,0.027851570871317118,tap2,fast,firm,20260810_141717,True
3330205,0.0312,0.0117,0.9165,3330.205,500000,-0.023400000000000004,0.0039000000000000007,0.007800000000000029,0.024972184525988123,tap2,fast,firm,20260810_141717,True
3332712,0.0312,0.0078,0.9126,3332.712,500000,-0.023400000000000004,0.0,0.0039000000000000146,0.023722773868163065,tap2,fast,firm,20260810_141717,True
3335210,0.0195,0.0117,0.9087,3335.21,500000,-0.035100000000000006,0.0039000000000000007,0.0,0.03531600203873593,tap2,fast,firm,20260810_141717,True
3337699,0.0273,0.0156,0.9204,3337.699,500000,-0.0273,0.0078,0.011700000000000044,0.030708630708646083,tap2,fast,firm,20260810_141717,True
3340210,0.0273,0.0156,0.9204,3340.21,500000,-0.0273,0.0078,0.011700000000000044,0.030708630708646083,tap2,fast,firm,20260810_141717,True
3342685,0.0195,0.0156,0.9126,3342.685,500000,-0.035100000000000006,0.0078,0.0039000000000000146,0.03616711213243325,tap2,fast,firm,20260810_141717,True
3345212,0.0195,0.0156,0.9204,3345.212,500000,-0.035100000000000006,0.0078,0.011700000000000044,0.03781190288784739,tap2,fast,firm,20260810_141717,True
3347705,0.0312,0.0078,0.9204,3347.705,500000,-0.023400000000000004,0.0,0.011700000000000044,0.026161995336747564,tap2,fast,firm,20260810_141717,True
3350206,0.0273,0.0117,0.9204,3350.206,500000,-0.0273,0.0039000000000000007,0.011700000000000044,0.02995646841668759,tap2,fast,firm,20260810_141717,True
3352690,0.0312,0.0078,0.9165,3352.69,500000,-0.023400000000000004,0.0,0.007800000000000029,0.024665765749313374,tap2,fast,firm,20260810_141717,True
3355202,0.0195,0.0195,0.9087,3355.202,500000,-0.035100000000000006,0.0117,0.0,0.036998648623970044,tap2,fast,firm,20260810_141717,True
3357684,0.0273,0.0117,0.9165,3357.684,500000,-0.0273,0.0039000000000000007,0.007800000000000029,0.028659029990563193,tap2,fast,firm,20260810_141717,True
3360199,0.0351,0.0039,0.9126,3360.199,500000,-0.019500000000000003,-0.0039,0.0039000000000000146,0.020264994448555868,tap2,fast,firm,20260810_141717,True
3362702,0.0234,0.0039,0.9048,3362.702,500000,-0.031200000000000002,-0.0039,-0.0038999999999999035,0.031683749778080236,tap2,fast,firm,20260810_141717,True
3365198,0.0351,0.0078,0.9165,3365.198,500000,-0.019500000000000003,0.0,0.007800000000000029,0.021002142747824578,tap2,fast,firm,20260810_141717,True
3367687,0.0234,0.0156,0.9087,3367.687,500000,-0.031200000000000002,0.0078,0.0,0.032160223879817755,tap2,fast,firm,20260810_141717,True
3370198,0.0195,0.0117,0.9165,3370.198,500000,-0.035100000000000006,0.0039000000000000007,0.007800000000000029,0.03616711213243325,tap2,fast,firm,20260810_141717,True
3372709,0.0234,0.0156,0.9204,3372.709,500000,-0.031200000000000002,0.0078,0.011700000000000044,0.03422236111082929,tap2,fast,firm,20260810_141717,True
3375205,0.0351,0.0117,0.9126,3375.205,500000,-0.019500000000000003,0.0039000000000000007,0.0039000000000000146,0.020264994448555868,tap2,fast,firm,20260810_141717,True
3377693,0.0273,0.0078,0.9126,3377.693,500000,-0.0273,0.0,0.0039000000000000146,0.027577164466275356,tap2,fast,firm,20260810_141717,True
3380205,0.0312,0.0156,0.9087,3380.205,500000,-0.023400000000000004,0.0078,0.0,0.024665765749313364,tap2,fast,firm,20260810_141717,True
3382682,0.0312,0.0156,0.9126,3382.682,500000,-0.023400000000000004,0.0078,0.0039000000000000146,0.024972184525988116,tap2,fast,firm,20260810_141717,True
3385185,0.0273,0.0078,0.9204,3385.185,500000,-0.0273,0.0,0.011700000000000044,0.029701515112869264,tap2,fast,firm,20260810_141717,True
3387697,0.0273,0.0156,0.9204,3387.697,500000,-0.0273,0.0078,0.011700000000000044,0.030708630708646083,tap2,fast,firm,20260810_141717,True
3390211,0.0273,0.0078,0.9243,3390.211,500000,-0.0273,0.0,0.015600000000000058,0.03144280521836437,tap2,fast,firm,20260810_141717,True
3392688,0.0234,0.0156,0.9243,3392.688,500000,-0.031200000000000002,0.0078,0.015600000000000058,0.03574409042065558,tap2,fast,firm,20260810_141717,True
3395185,0.0195,0.0078,0.9204,3395.185,500000,-0.035100000000000006,0.0,0.011700000000000044,0.03699864862397006,tap2,fast,firm,20260810_141717,True
3397797,0.0273,0.0156,0.9126,3397.797,500000,-0.0273,0.0078,0.0039000000000000146,0.02865902999056319,tap2,fast,firm,20260810_141717,True
3400193,0.0234,0.0117,0.9165,3400.193,500000,-0.031200000000000002,0.0039000000000000007,0.007800000000000029,0.0323958330653805,tap2,fast,firm,20260810_141717,True
3402700,0.0273,0.0117,0.9321,3402.7,500000,-0.0273,0.0039000000000000007,0.023400000000000087,0.0361671121324333,tap2,fast,firm,20260810_141717,True
3405198,0.0234,0.0195,0.9126,3405.198,500000,-0.031200000000000002,0.0117,0.0039000000000000146,0.03354906854146625,tap2,fast,firm,20260810_141717,True
3407706,0.0312,0.0039,0.9165,3407.706,500000,-0.023400000000000004,-0.0039,0.007800000000000029,0.024972184525988123,tap2,fast,firm,20260810_141717,True
3410189,0.0234,0.0078,0.9126,3410.189,500000,-0.031200000000000002,0.0,0.0039000000000000146,0.031442805218364345,tap2,fast,firm,20260810_141717,True
3412699,0.0273,0.0078,0.9126,3412.699,500000,-0.0273,0.0,0.0039000000000000146,0.027577164466275356,tap2,fast,firm,20260810_141717,True
3415197,0.0234,0.0078,0.9165,3415.197,500000,-0.031200000000000002,0.0,0.007800000000000029,0.03216022387981776,tap2,fast,firm,20260810_141717,True
3417688,0.0195,0.0195,0.9165,3417.688,500000,-0.035100000000000006,0.0117,0.007800000000000029,0.03781190288784737,tap2,fast,firm,20260810_141717,True
3420202,0.0234,0.0078,0.9165,3420.202,500000,-0.031200000000000002,0.0,0.007800000000000029,0.03216022387981776,tap2,fast,firm,20260810_141717,True
3422693,0.0312,0.0078,0.9243,3422.693,500000,-0.023400000000000004,0.0,0.015600000000000058,0.028123299948619153,tap2,fast,firm,20260810_141717,True
3425193,0.0273,0.0078,0.9165,3425.193,500000,-0.0273,0.0,0.007800000000000029,0.02839242856819403,tap2,fast,firm,20260810_141717,True
3427690,0.0273,0.0078,0.9087,3427.69,500000,-0.0273,0.0,0.0,0.0273,tap2,fast,firm,20260810_141717,True
3430199,0.0273,0.0078,0.9165,3430.199,500000,-0.0273,0.0,0.007800000000000029,0.02839242856819403,tap2,fast,firm,20260810_141717,True
3432707,0.0273,0.0039,0.9126,3432.707,500000,-0.0273,-0.0039,0.0039000000000000146,0.027851570871317118,tap2,fast,firm,20260810_141717,True
3435206,0.0273,0.0117,0.9165,3435.206,500000,-0.0273,0.0039000000000000007,0.007800000000000029,0.028659029990563193,tap2,fast,firm,20260810_141717,True
3437698,0.0234,0.0117,0.9165,3437.698,500000,-0.031200000000000002,0.0039000000000000007,0.007800000000000029,0.0323958330653805,tap2,fast,firm,20260810_141717,True
3440182,0.0156,0.0117,0.9204,3440.182,500000,-0.03900000000000001,0.0039000000000000007,0.011700000000000044,0.04090354507863593,tap2,fast,firm,20260810_141717,True
3442690,0.0195,0.0078,0.9243,3442.69,500000,-0.035100000000000006,0.0,0.015600000000000058,0.03841054542700484,tap2,fast,firm,20260810_141717,True
3445188,0.0195,0.0078,0.9243,3445.188,500000,-0.035100000000000006,0.0,0.015600000000000058,0.03841054542700484,tap2,fast,firm,20260810_141717,True
3447690,0.0195,0.0117,0.9165,3447.69,500000,-0.035100000000000006,0.0039000000000000007,0.007800000000000029,0.03616711213243325,tap2,fast,firm,20260810_141717,True
3450199,0.0273,0.0195,0.9048,3450.199,500000,-0.0273,0.0117,-0.0038999999999999035,0.02995646841668756,tap2,fast,firm,20260810_141717,True
3452690,0.0273,0.0039,0.9204,3452.69,500000,-0.0273,-0.0039,0.011700000000000044,0.02995646841668759,tap2,fast,firm,20260810_141717,True
3455191,0.0234,0.0117,0.9126,3455.191,500000,-0.031200000000000002,0.0039000000000000007,0.0039000000000000146,0.03168374977808025,tap2,fast,firm,20260810_141717,True
3457689,0.0273,0.0039,0.9126,3457.689,500000,-0.0273,-0.0039,0.0039000000000000146,0.027851570871317118,tap2,fast,firm,20260810_141717,True
3460208,0.0234,0.0117,0.9126,3460.208,500000,-0.031200000000000002,0.0039000000000000007,0.0039000000000000146,0.03168374977808025,tap2,fast,firm,20260810_141717,True
3462684,0.0234,0.0195,0.9087,3462.684,500000,-0.031200000000000002,0.0117,0.0,0.033321614606738374,tap2,fast,firm,20260810_141717,True
3465210,0.0273,0.0156,0.9204,3465.21,500000,-0.0273,0.0078,0.011700000000000044,0.030708630708646083,tap2,fast,firm,20260810_141717,True
3467704,0.0312,0.0117,0.9126,3467.704,500000,-0.023400000000000004,0.0039000000000000007,0.0039000000000000146,0.024041214611579015,tap2,fast,firm,20260810_141717,True
3470185,0.0273,0.0156,0.9126,3470.185,500000,-0.0273,0.0078,0.0039000000000000146,0.02865902999056319,tap2,fast,firm,20260810_141717,True
3472703,0.0312,0.0117,0.9321,3472.703,500000,-0.023400000000000004,0.0039000000000000007,0.023400000000000087,0.03332161460673844,tap2,fast,firm,20260810_141717,True
3475202,0.0195,0.0156,0.9243,3475.202,500000,-0.035100000000000006,0.0078,0.015600000000000058,0.0391945149223715,tap2,fast,firm,20260810_141717,True
3477689,0.0234,0.0156,0.9126,3477.689,500000,-0.031200000000000002,0.0078,0.0039000000000000146,0.03239583306538049,tap2,fast,firm,20260810_141717,True
3480205,0.0273,0.0078,0.9048,3480.205,500000,-0.0273,0.0,-0.0038999999999999035,0.027577164466275342,tap2,fast,firm,20260810_141717,True
3482682,0.0234,0.0117,0.9126,3482.682,500000,-0.031200000000000002,0.0039000000000000007,0.0039000000000000146,0.03168374977808025,tap2,fast,firm,20260810_141717,True
3485198,0.0195,0.0156,0.9048,3485.198,500000,-0.035100000000000006,0.0078,-0.0038999999999999035,0.03616711213243324,tap2,fast,firm,20260810_141717,True
3487696,0.0273,0.0,0.9204,3487.696,500000,-0.0273,-0.0078,0.011700000000000044,0.030708630708646083,tap2,fast,firm,20260810_141717,True
3490184,0.0273,0.0078,0.9126,3490.184,500000,-0.0273,0.0,0.0039000000000000146,0.027577164466275356,tap2,fast,firm,20260810_141717,True
3492692,0.0234,0.0078,0.9165,3492.692,500000,-0.031200000000000002,0.0,0.007800000000000029,0.03216022387981776,tap2,fast,firm,20260810_141717,True
3495189,0.0234,0.0117,0.9165,3495.189,500000,-0.031200000000000002,0.0039000000000000007,0.007800000000000029,0.0323958330653805,tap2,fast,firm,20260810_141717,True
3497811,0.0195,0.0117,0.9087,3497.811,500000,-0.035100000000000006,0.0039000000000000007,0.0,0.03531600203873593,tap2,fast,firm,20260810_141717,True
3500193,0.0195,0.0117,0.9243,3500.193,500000,-0.035100000000000006,0.0039000000000000007,0.015600000000000058,0.03860803025278552,tap2,fast,firm,20260810_141717,True
3502701,0.039,0.0078,0.9165,3502.701,500000,-0.015600000000000003,0.0,0.007800000000000029,0.017441330224498376,tap2,fast,firm,20260810_141717,True
3505199,0.0234,0.0117,0.9165,3505.199,500000,-0.031200000000000002,0.0039000000000000007,0.007800000000000029,0.0323958330653805,tap2,fast,firm,20260810_141717,True
3507707,0.0312,0.0078,0.9087,3507.707,500000,-0.023400000000000004,0.0,0.0,0.023400000000000004,tap2,fast,firm,20260810_141717,True
3510187,0.0234,0.0156,0.9048,3510.187,500000,-0.031200000000000002,0.0078,-0.0038999999999999035,0.03239583306538048,tap2,fast,firm,20260810_141717,True
3512696,0.0312,0.0156,0.9165,3512.696,500000,-0.023400000000000004,0.0078,0.007800000000000029,0.025869673364772132,tap2,fast,firm,20260810_141717,True
3515192,0.0234,0.0117,0.9087,3515.192,500000,-0.031200000000000002,0.0039000000000000007,0.0,0.031442805218364345,tap2,fast,firm,20260810_141717,True
3517686,0.0234,0.0117,0.9126,3517.686,500000,-0.031200000000000002,0.0039000000000000007,0.0039000000000000146,0.03168374977808025,tap2,fast,firm,20260810_141717,True
3520198,0.0273,0.0039,0.9087,3520.198,500000,-0.0273,-0.0039,0.0,0.027577164466275356,tap2,fast,firm,20260810_141717,True
3522709,0.039,0.0117,0.9204,3522.709,500000,-0.015600000000000003,0.0039000000000000007,0.011700000000000044,0.01988617610301189,tap2,fast,firm,20260810_141717,True
3525209,0.0312,0.0078,0.9282,3525.209,500000,-0.023400000000000004,0.0,0.019500000000000073,0.030459973736036004,tap2,fast,firm,20260810_141717,True
3527700,0.0273,0.0117,0.9204,3527.7,500000,-0.0273,0.0039000000000000007,0.011700000000000044,0.02995646841668759,tap2,fast,firm,20260810_141717,True
3530211,0.0234,0.0117,0.9165,3530.211,500000,-0.031200000000000002,0.0039000000000000007,0.007800000000000029,0.0323958330653805,tap2,fast,firm,20260810_141717,True
3532686,0.0273,0.0117,0.9087,3532.686,500000,-0.0273,0.0039000000000000007,0.0,0.027577164466275356,tap2,fast,firm,20260810_141717,True
3535182,0.0312,0.0078,0.9243,3535.182,500000,-0.023400000000000004,0.0,0.015600000000000058,0.028123299948619153,tap2,fast,firm,20260810_141717,True
3537709,0.0234,0.0078,0.9087,3537.709,500000,-0.031200000000000002,0.0,0.0,0.031200000000000002,tap2,fast,firm,20260810_141717,True
3540189,0.0234,0.0117,0.9204,3540.189,500000,-0.031200000000000002,0.0039000000000000007,0.011700000000000044,0.03354906854146626,tap2,fast,firm,20260810_141717,True
3542698,0.0273,0.0117,0.9126,3542.698,500000,-0.0273,0.0039000000000000007,0.0039000000000000146,0.027851570871317118,tap2,fast,firm,20260810_141717,True
3545196,0.0195,0.0117,0.9204,3545.196,500000,-0.035100000000000006,0.0039000000000000007,0.011700000000000044,0.0372036288552609,tap2,fast,firm,20260810_141717,True
3547692,0.0312,0.0117,0.9165,3547.692,500000,-0.023400000000000004,0.0039000000000000007,0.007800000000000029,0.024972184525988123,tap2,fast,firm,20260810_141717,True
3550203,0.0312,0.0117,0.9087,3550.203,500000,-0.023400000000000004,0.0039000000000000007,0.0,0.02372277386816306,tap2,fast,firm,20260810_141717,True
3552694,0.0312,0.0117,0.9087,3552.694,500000,-0.023400000000000004,0.0039000000000000007,0.0,0.02372277386816306,tap2,fast,firm,20260810_141717,True
3555197,0.0273,0.0078,0.9204,3555.197,500000,-0.0273,0.0,0.011700000000000044,0.029701515112869264,tap2,fast,firm,20260810_141717,True
3557687,0.0312,0.0117,0.9087,3557.687,500000,-0.023400000000000004,0.0039000000000000007,0.0,0.02372277386816306,tap2,fast,firm,20260810_141717,True
3560187,0.0195,0.0078,0.9165,3560.187,500000,-0.035100000000000006,0.0,0.007800000000000029,0.03595622338344227,tap2,fast,firm,20260810_141717,True
3562696,0.0312,0.0117,0.9165,3562.696,500000,-0.023400000000000004,0.0039000000000000007,0.007800000000000029,0.024972184525988123,tap2,fast,firm,20260810_141717,True
3565193,0.0234,0.0078,0.9087,3565.193,500000,-0.031200000000000002,0.0,0.0,0.031200000000000002,tap2,fast,firm,20260810_141717,True
3567689,0.0312,0.0,0.9204,3567.689,500000,-0.023400000000000004,-0.0078,0.011700000000000044,0.027300000000000026,tap2,fast,firm,20260810_141717,True
3570204,0.0312,0.0195,0.9048,3570.204,500000,-0.023400000000000004,0.0117,-0.0038999999999999035,0.026451086934188534,tap2,fast,firm,20260810_141717,True
3572688,0.0273,0.0312,0.9243,3572.688,500000,-0.0273,0.023399999999999997,0.015600000000000058,0.0391945149223715,tap2,fast,firm,20260810_141717,True
3575188,0.0195,0.0195,0.9087,3575.188,500000,-0.035100000000000006,0.0117,0.0,0.036998648623970044,tap2,fast,firm,20260810_141717,True
3577710,0.0351,0.0117,0.9204,3577.71,500000,-0.019500000000000003,0.0039000000000000007,0.011700000000000044,0.023072711154088526,tap2,fast,firm,20260810_141717,True
3580189,0.0273,0.0117,0.9126,3580.189,500000,-0.0273,0.0039000000000000007,0.0039000000000000146,0.027851570871317118,tap2,fast,firm,20260810_141717,True
3582698,0.0312,0.0117,0.9165,3582.698,500000,-0.023400000000000004,0.0039000000000000007,0.007800000000000029,0.024972184525988123,tap2,fast,firm,20260810_141717,True
3585211,0.0273,0.0117,0.9087,3585.211,500000,-0.0273,0.0039000000000000007,0.0,0.027577164466275356,tap2,fast,firm,20260810_141717,True
3587702,0.0273,0.0078,0.9126,3587.702,500000,-0.0273,0.0,0.0039000000000000146,0.027577164466275356,tap2,fast,firm,20260810_141717,True
3590210,0.0273,0.0156,0.9204,3590.21,500000,-0.0273,0.0078,0.011700000000000044,0.030708630708646083,tap2,fast,firm,20260810_141717,True
3592688,0.0234,0.0234,0.9165,3592.688,500000,-0.031200000000000002,0.015600000000000001,0.007800000000000029,0.03574409042065556,tap2,fast,firm,20260810_141717,True
3595185,0.039,0.0078,0.9126,3595.185,500000,-0.015600000000000003,0.0,0.0039000000000000146,0.01608011193990888,tap2,fast,firm,20260810_141717,True
3597804,0.0351,0.0117,0.9126,3597.804,500000,-0.019500000000000003,0.0039000000000000007,0.0039000000000000146,0.020264994448555868,tap2,fast,firm,20260810_141717,True
3600192,0.0312,0.0078,0.9165,3600.192,500000,-0.023400000000000004,0.0,0.007800000000000029,0.024665765749313374,tap2,fast,firm,20260810_141717,True
3602698,0.0273,0.0117,0.9126,3602.698,500000,-0.0273,0.0039000000000000007,0.0039000000000000146,0.027851570871317118,tap2,fast,firm,20260810_141717,True
3605197,0.0234,0.0195,0.9087,3605.197,500000,-0.031200000000000002,0.0117,0.0,0.033321614606738374,tap2,fast,firm,20260810_141717,True
3607707,0.0234,0.0117,0.9204,3607.707,500000,-0.031200000000000002,0.0039000000000000007,0.011700000000000044,0.03354906854146626,tap2,fast,firm,20260810_141717,True
3610188,0.0234,0.0078,0.9165,3610.188,500000,-0.031200000000000002,0.0,0.007800000000000029,0.03216022387981776,tap2,fast,firm,20260810_141717,True
3612696,0.0234,0.0117,0.9204,3612.696,500000,-0.031200000000000002,0.0039000000000000007,0.011700000000000044,0.03354906854146626,tap2,fast,firm,20260810_141717,True
3615193,0.0273,0.0156,0.9243,3615.193,500000,-0.0273,0.0078,0.015600000000000058,0.03239583306538052,tap2,fast,firm,20260810_141717,True
3617704,0.0273,0.0117,0.9165,3617.704,500000,-0.0273,0.0039000000000000007,0.007800000000000029,0.028659029990563193,tap2,fast,firm,20260810_141717,True
3620187,0.0312,0.0078,0.9204,3620.187,500000,-0.023400000000000004,0.0,0.011700000000000044,0.026161995336747564,tap2,fast,firm,20260810_141717,True
3622702,0.0312,0.0039,0.9165,3622.702,500000,-0.023400000000000004,-0.0039,0.007800000000000029,0.024972184525988123,tap2,fast,firm,20260810_141717,True
3625202,0.0273,0.0039,0.9126,3625.202,500000,-0.0273,-0.0039,0.0039000000000000146,0.027851570871317118,tap2,fast,firm,20260810_141717,True
3627697,0.0273,0.0078,0.9165,3627.697,500000,-0.0273,0.0,0.007800000000000029,0.02839242856819403,tap2,fast,firm,20260810_141717,True
3630209,0.0312,0.0078,0.9165,3630.209,500000,-0.023400000000000004,0.0,0.007800000000000029,0.024665765749313374,tap2,fast,firm,20260810_141717,True
3632685,0.0273,0.0078,0.9165,3632.685,500000,-0.0273,0.0,0.007800000000000029,0.02839242856819403,tap2,fast,firm,20260810_141717,True
3635185,0.0273,0.0156,0.9087,3635.185,500000,-0.0273,0.0078,0.0,0.028392428568194024,tap2,fast,firm,20260810_141717,True
3637710,0.0195,0.0156,0.9126,3637.71,500000,-0.035100000000000006,0.0078,0.0039000000000000146,0.03616711213243325,tap2,fast,firm,20260810_141717,True
3640185,0.0234,0.0117,0.9165,3640.185,500000,-0.031200000000000002,0.0039000000000000007,0.007800000000000029,0.0323958330653805,tap2,fast,firm,20260810_141717,True
3642693,0.0234,0.0195,0.9126,3642.693,500000,-0.031200000000000002,0.0117,0.0039000000000000146,0.03354906854146625,tap2,fast,firm,20260810_141717,True
3645190,0.0312,0.0039,0.9126,3645.19,500000,-0.023400000000000004,-0.0039,0.0039000000000000146,0.024041214611579015,tap2,fast,firm,20260810_141717,True
3647689,0.0312,0.0039,0.9087,3647.689,500000,-0.023400000000000004,-0.0039,0.0,0.02372277386816306,tap2,fast,firm,20260810_141717,True
3650197,0.0273,0.0078,0.9126,3650.197,500000,-0.0273,0.0,0.0039000000000000146,0.027577164466275356,tap2,fast,firm,20260810_141717,True
3652703,0.0273,0.0078,0.9126,3652.703,500000,-0.0273,0.0,0.0039000000000000146,0.027577164466275356,tap2,fast,firm,20260810_141717,True
3655201,0.0234,0.0117,0.9126,3655.201,500000,-0.031200000000000002,0.0039000000000000007,0.0039000000000000146,0.03168374977808025,tap2,fast,firm,20260810_141717,True
3657682,0.0312,0.0078,0.9243,3657.682,500000,-0.023400000000000004,0.0,0.015600000000000058,0.028123299948619153,tap2,fast,firm,20260810_141717,True
3660184,0.0312,0.0078,0.9243,3660.184,500000,-0.023400000000000004,0.0,0.015600000000000058,0.028123299948619153,tap2,fast,firm,20260810_141717,True
3662691,0.0195,0.0156,0.9165,3662.691,500000,-0.035100000000000006,0.0078,0.007800000000000029,0.03679252641502077,tap2,fast,firm,20260810_141717,True
3665200,0.0273,0.0039,0.9243,3665.2,500000,-0.0273,-0.0039,0.015600000000000058,0.03168374977808027,tap2,fast,firm,20260810_141717,True
3667703,0.0273,0.0117,0.9243,3667.703,500000,-0.0273,0.0039000000000000007,0.015600000000000058,0.03168374977808027,tap2,fast,firm,20260810_141717,True
3670210,0.0234,0.0195,0.9087,3670.21,500000,-0.031200000000000002,0.0117,0.0,0.033321614606738374,tap2,fast,firm,20260810_141717,True
3672691,0.0273,0.0117,0.9048,3672.691,500000,-0.0273,0.0039000000000000007,-0.0038999999999999035,0.027851570871317104,tap2,fast,firm,20260810_141717,True
3675188,0.0312,0.0117,0.9243,3675.188,500000,-0.023400000000000004,0.0039000000000000007,0.015600000000000058,0.028392428568194055,tap2,fast,firm,20260810_141717,True
3677708,0.0234,0.0078,0.9087,3677.708,500000,-0.031200000000000002,0.0,0.0,0.031200000000000002,tap2,fast,firm,20260810_141717,True
3680190,0.0312,0.0195,0.9165,3680.19,500000,-0.023400000000000004,0.0117,0.007800000000000029,0.027300000000000012,tap2,fast,firm,20260810_141717,True
3682684,0.0312,0.0078,0.9204,3682.684,500000,-0.023400000000000004,0.0,0.011700000000000044,0.026161995336747564,tap2,fast,firm,20260810_141717,True
3685204,0.0312,0.0078,0.9048,3685.204,500000,-0.023400000000000004,0.0,-0.0038999999999999035,0.023722773868163044,tap2,fast,firm,20260810_141717,True
3687688,0.0312,0.0078,0.9048,3687.688,500000,-0.023400000000000004,0.0,-0.0038999999999999035,0.023722773868163044,tap2,fast,firm,20260810_141717,True
3690203,0.0234,0.0078,0.9126,3690.203,500000,-0.031200000000000002,0.0,0.0039000000000000146,0.031442805218364345,tap2,fast,firm,20260810_141717,True
3692709,0.0351,0.0078,0.9165,3692.709,500000,-0.019500000000000003,0.0,0.007800000000000029,0.021002142747824578,tap2,fast,firm,20260810_141717,True
3695208,0.0234,0.0117,0.9204,3695.208,500000,-0.031200000000000002,0.0039000000000000007,0.011700000000000044,0.03354906854146626,tap2,fast,firm,20260810_141717,True
3697846,0.0312,0.0117,0.9087,3697.846,500000,-0.023400000000000004,0.0039000000000000007,0.0,0.02372277386816306,tap2,fast,firm,20260810_141717,True
3700187,0.0273,0.0078,0.9126,3700.187,500000,-0.0273,0.0,0.0039000000000000146,0.027577164466275356,tap2,fast,firm,20260810_141717,True
3702696,0.0351,0.0078,0.9048,3702.696,500000,-0.019500000000000003,0.0,-0.0038999999999999035,0.019886176103011844,tap2,fast,firm,20260810_141717,True
3705193,0.0273,0.0117,0.9243,3705.193,500000,-0.0273,0.0039000000000000007,0.015600000000000058,0.03168374977808027,tap2,fast,firm,20260810_141717,True
3707704,0.0273,0.0078,0.9087,3707.704,500000,-0.0273,0.0,0.0,0.0273,tap2,fast,firm,20260810_141717,True
3710212,0.0312,0.0078,0.9126,3710.212,500000,-0.023400000000000004,0.0,0.0039000000000000146,0.023722773868163065,tap2,fast,firm,20260810_141717,True
3712688,0.0273,0.0117,0.9126,3712.688,500000,-0.0273,0.0039000000000000007,0.0039000000000000146,0.027851570871317118,tap2,fast,firm,20260810_141717,True
3715185,0.0273,0.0117,0.9126,3715.185,500000,-0.0273,0.0039000000000000007,0.0039000000000000146,0.027851570871317118,tap2,fast,firm,20260810_141717,True
3717712,0.039,0.0117,0.9126,3717.712,500000,-0.015600000000000003,0.0039000000000000007,0.0039000000000000146,0.016546298679765217,tap2,fast,firm,20260810_141717,True
3720191,0.0273,0.0117,0.9165,3720.191,500000,-0.0273,0.0039000000000000007,0.007800000000000029,0.028659029990563193,tap2,fast,firm,20260810_141717,True
3722703,0.0273,0.0156,0.9204,3722.703,500000,-0.0273,0.0078,0.011700000000000044,0.030708630708646083,tap2,fast,firm,20260810_141717,True
3725200,0.0351,0.0078,0.9204,3725.2,500000,-0.019500000000000003,0.0,0.011700000000000044,0.022740712389896695,tap2,fast,firm,20260810_141717,True
3727694,0.0273,0.0078,0.9165,3727.694,500000,-0.0273,0.0,0.007800000000000029,0.02839242856819403,tap2,fast,firm,20260810_141717,True
3730206,0.0195,0.0156,0.9243,3730.206,500000,-0.035100000000000006,0.0078,0.015600000000000058,0.0391945149223715,tap2,fast,firm,20260810_141717,True
3732710,0.0312,0.0078,0.9243,3732.71,500000,-0.023400000000000004,0.0,0.015600000000000058,0.028123299948619153,tap2,fast,firm,20260810_141717,True
3735209,0.0234,0.0078,0.9165,3735.209,500000,-0.031200000000000002,0.0,0.007800000000000029,0.03216022387981776,tap2,fast,firm,20260810_141717,True
3737699,0.0273,0.0117,0.9126,3737.699,500000,-0.0273,0.0039000000000000007,0.0039000000000000146,0.027851570871317118,tap2,fast,firm,20260810_141717,True
3740210,0.0195,0.0117,0.9165,3740.21,500000,-0.035100000000000006,0.0039000000000000007,0.007800000000000029,0.03616711213243325,tap2,fast,firm,20260810_141717,True
3742687,0.0234,0.0156,0.9126,3742.687,500000,-0.031200000000000002,0.0078,0.0039000000000000146,0.03239583306538049,tap2,fast,firm,20260810_141717,True
3745184,0.0273,0.0117,0.9165,3745.184,500000,-0.0273,0.0039000000000000007,0.007800000000000029,0.028659029990563193,tap2,fast,firm,20260810_141717,True
3747686,0.0195,0.0195,0.9087,3747.686,500000,-0.035100000000000006,0.0117,0.0,0.036998648623970044,tap2,fast,firm,20260810_141717,True
3750208,0.0273,0.0117,0.9009,3750.208,500000,-0.0273,0.0039000000000000007,-0.007799999999999918,0.028659029990563165,tap2,fast,firm,20260810_141717,True
3752689,0.0312,0.0117,0.9048,3752.689,500000,-0.023400000000000004,0.0039000000000000007,-0.0038999999999999035,0.024041214611578998,tap2,fast,firm,20260810_141717,True
3755188,0.0273,0.0039,0.9165,3755.188,500000,-0.0273,-0.0039,0.007800000000000029,0.028659029990563193,tap2,fast,firm,20260810_141717,True
3757684,0.0273,0.0117,0.9165,3757.684,500000,-0.0273,0.0039000000000000007,0.007800000000000029,0.028659029990563193,tap2,fast,firm,20260810_141717,True
3760182,0.0273,0.0078,0.9165,3760.182,500000,-0.0273,0.0,0.007800000000000029,0.02839242856819403,tap2,fast,firm,20260810_141717,True
3762697,0.0273,0.0078,0.9048,3762.697,500000,-0.0273,0.0,-0.0038999999999999035,0.027577164466275342,tap2,fast,firm,20260810_141717,True
3765194,0.0273,0.0078,0.9048,3765.194,500000,-0.0273,0.0,-0.0038999999999999035,0.027577164466275342,tap2,fast,firm,20260810_141717,True
3767692,0.0312,0.0078,0.9243,3767.692,500000,-0.023400000000000004,0.0,0.015600000000000058,0.028123299948619153,tap2,fast,firm,20260810_141717,True
3770188,0.0312,0.0117,0.9165,3770.188,500000,-0.023400000000000004,0.0039000000000000007,0.007800000000000029,0.024972184525988123,tap2,fast,firm,20260810_141717,True
3772711,0.0234,0.0078,0.9204,3772.711,500000,-0.031200000000000002,0.0,0.011700000000000044,0.03332161460673839,tap2,fast,firm,20260810_141717,True
3775211,0.0312,0.0078,0.9165,3775.211,500000,-0.023400000000000004,0.0,0.007800000000000029,0.024665765749313374,tap2,fast,firm,20260810_141717,True
3777701,0.0351,0.0156,0.9204,3777.701,500000,-0.019500000000000003,0.0078,0.011700000000000044,0.024041214611579032,tap2,fast,firm,20260810_141717,True
3780186,0.0312,0.0156,0.9126,3780.186,500000,-0.023400000000000004,0.0078,0.0039000000000000146,0.024972184525988116,tap2,fast,firm,20260810_141717,True
3782692,0.0273,0.0234,0.9126,3782.692,500000,-0.0273,0.015600000000000001,0.0039000000000000146,0.03168374977808025,tap2,fast,firm,20260810_141717,True
3785187,0.0351,0.0195,0.9282,3785.187,500000,-0.019500000000000003,0.0117,0.019500000000000073,0.029956468416687622,tap2,fast,firm,20260810_141717,True
3787698,0.0273,0.0078,0.9126,3787.698,500000,-0.0273,0.0,0.0039000000000000146,0.027577164466275356,tap2,fast,firm,20260810_141717,True
3790184,0.0273,0.0156,0.9204,3790.184,500000,-0.0273,0.0078,0.011700000000000044,0.030708630708646083,tap2,fast,firm,20260810_141717,True
3792690,0.0273,0.0039,0.9243,3792.69,500000,-0.0273,-0.0039,0.015600000000000058,0.03168374977808027,tap2,fast,firm,20260810_141717,True
3795187,0.0351,0.0117,0.9126,3795.187,500000,-0.019500000000000003,0.0039000000000000007,0.0039000000000000146,0.020264994448555868,tap2,fast,firm,20260810_141717,True
3797748,0.0234,0.0156,0.9165,3797.748,500000,-0.031200000000000002,0.0078,0.007800000000000029,0.03309259735953043,tap2,fast,firm,20260810_141717,True
3800200,0.0273,0.0117,0.9204,3800.2,500000,-0.0273,0.0039000000000000007,0.011700000000000044,0.02995646841668759,tap2,fast,firm,20260810_141717,True
3802708,0.0312,0.0117,0.9243,3802.708,500000,-0.023400000000000004,0.0039000000000000007,0.015600000000000058,0.028392428568194055,tap2,fast,firm,20260810_141717,True
3805206,0.0234,0.0156,0.9243,3805.206,500000,-0.031200000000000002,0.0078,0.015600000000000058,0.03574409042065558,tap2,fast,firm,20260810_141717,True
3807682,0.0273,0.0117,0.9165,3807.682,500000,-0.0273,0.0039000000000000007,0.007800000000000029,0.028659029990563193,tap2,fast,firm,20260810_141717,True
3810197,0.0273,0.0156,0.9087,3810.197,500000,-0.0273,0.0078,0.0,0.028392428568194024,tap2,fast,firm,20260810_141717,True
3812703,0.0351,0.0078,0.9126,3812.703,500000,-0.019500000000000003,0.0,0.0039000000000000146,0.019886176103011865,tap2,fast,firm,20260810_141717,True
3815188,0.0312,0.0156,0.9165,3815.188,500000,-0.023400000000000004,0.0078,0.007800000000000029,0.025869673364772132,tap2,fast,firm,20260810_141717,True
3817686,0.0351,0.0078,0.9165,3817.686,500000,-0.019500000000000003,0.0,0.007800000000000029,0.021002142747824578,tap2,fast,firm,20260810_141717,True
3820201,0.0273,0.0078,0.9204,3820.201,500000,-0.0273,0.0,0.011700000000000044,0.029701515112869264,tap2,fast,firm,20260810_141717,True
3822710,0.0312,0.0078,0.9204,3822.71,500000,-0.023400000000000004,0.0,0.011700000000000044,0.026161995336747564,tap2,fast,firm,20260810_141717,True
3825209,0.0234,0.0234,0.9165,3825.209,500000,-0.031200000000000002,0.015600000000000001,0.007800000000000029,0.03574409042065556,tap2,fast,firm,20260810_141717,True
3827700,0.0195,0.0117,0.9048,3827.7,500000,-0.035100000000000006,0.0039000000000000007,-0.0038999999999999035,0.035530690958662764,tap2,fast,firm,20260810_141717,True
3830212,0.0351,0.0117,0.9282,3830.212,500000,-0.019500000000000003,0.0039000000000000007,0.019500000000000073,0.027851570871317167,tap2,fast,firm,20260810_141717,True
3832688,0.0234,0.0156,0.9048,3832.688,500000,-0.031200000000000002,0.0078,-0.0038999999999999035,0.03239583306538048,tap2,fast,firm,20260810_141717,True
3835186,0.0195,0.0117,0.9204,3835.186,500000,-0.035100000000000006,0.0039000000000000007,0.011700000000000044,0.0372036288552609,tap2,fast,firm,20260810_141717,True
3837712,0.0312,0.0117,0.9126,3837.712,500000,-0.023400000000000004,0.0039000000000000007,0.0039000000000000146,0.024041214611579015,tap2,fast,firm,20260810_141717,True
3840194,0.039,0.0156,0.9126,3840.194,500000,-0.015600000000000003,0.0078,0.0039000000000000146,0.01787204521032778,tap2,fast,firm,20260810_141717,True
3842702,0.0273,0.0078,0.9126,3842.702,500000,-0.0273,0.0,0.0039000000000000146,0.027577164466275356,tap2,fast,firm,20260810_141717,True
3845201,0.0351,0.0117,0.9048,3845.201,500000,-0.019500000000000003,0.0039000000000000007,-0.0038999999999999035,0.020264994448555847,tap2,fast,firm,20260810_141717,True
3847694,0.0273,0.0117,0.9048,3847.694,500000,-0.0273,0.0039000000000000007,-0.0038999999999999035,0.027851570871317104,tap2,fast,firm,20260810_141717,True
3850207,0.0273,0.0078,0.9126,3850.207,500000,-0.0273,0.0,0.0039000000000000146,0.027577164466275356,tap2,fast,firm,20260810_141717,True
3852684,0.0273,0.0156,0.9126,3852.684,500000,-0.0273,0.0078,0.0039000000000000146,0.02865902999056319,tap2,fast,firm,20260810_141717,True
3855182,0.0351,0.0078,0.9126,3855.182,500000,-0.019500000000000003,0.0,0.0039000000000000146,0.019886176103011865,tap2,fast,firm,20260810_141717,True
3857708,0.0351,0.0078,0.9165,3857.708,500000,-0.019500000000000003,0.0,0.007800000000000029,0.021002142747824578,tap2,fast,firm,20260810_141717,True
3860185,0.0273,0.0312,0.9009,3860.185,500000,-0.0273,0.023399999999999997,-0.007799999999999918,0.03679252641502073,tap2,fast,firm,20260810_141717,True
3862699,0.0273,0.0117,0.9126,3862.699,500000,-0.0273,0.0039000000000000007,0.0039000000000000146,0.027851570871317118,tap2,fast,firm,20260810_141717,True
3865201,0.0273,0.0156,0.9165,3865.201,500000,-0.0273,0.0078,0.007800000000000029,0.029444354297555934,tap2,fast,firm,20260810_141717,True
3867694,0.0234,0.0078,0.9165,3867.694,500000,-0.031200000000000002,0.0,0.007800000000000029,0.03216022387981776,tap2,fast,firm,20260810_141717,True
3870209,0.0273,0.0156,0.9126,3870.209,500000,-0.0273,0.0078,0.0039000000000000146,0.02865902999056319,tap2,fast,firm,20260810_141717,True
3872693,0.0273,0.0156,0.9126,3872.693,500000,-0.0273,0.0078,0.0039000000000000146,0.02865902999056319,tap2,fast,firm,20260810_141717,True
3875191,0.0273,0.0078,0.9204,3875.191,500000,-0.0273,0.0,0.011700000000000044,0.029701515112869264,tap2,fast,firm,20260810_141717,True
3877711,0.0312,0.0078,0.9204,3877.711,500000,-0.023400000000000004,0.0,0.011700000000000044,0.026161995336747564,tap2,fast,firm,20260810_141717,True
3880209,0.0273,0.0117,0.9126,3880.209,500000,-0.0273,0.0039000000000000007,0.0039000000000000146,0.027851570871317118,tap2,fast,firm,20260810_141717,True
3882691,0.0234,0.0156,0.9126,3882.691,500000,-0.031200000000000002,0.0078,0.0039000000000000146,0.03239583306538049,tap2,fast,firm,20260810_141717,True
3885203,0.0273,0.0078,0.9165,3885.203,500000,-0.0273,0.0,0.007800000000000029,0.02839242856819403,tap2,fast,firm,20260810_141717,True
3887688,0.0273,0.0078,0.9321,3887.688,500000,-0.0273,0.0,0.023400000000000087,0.03595622338344232,tap2,fast,firm,20260810_141717,True
3890198,0.0273,0.0039,0.9204,3890.198,500000,-0.0273,-0.0039,0.011700000000000044,0.02995646841668759,tap2,fast,firm,20260810_141717,True
3892707,0.0312,0.0039,0.9165,3892.707,500000,-0.023400000000000004,-0.0039,0.007800000000000029,0.024972184525988123,tap2,fast,firm,20260810_141717,True
3895203,0.0312,0.0117,0.9087,3895.203,500000,-0.023400000000000004,0.0039000000000000007,0.0,0.02372277386816306,tap2,fast,firm,20260810_141717,True
3897837,0.039,0.0117,0.9126,3897.837,500000,-0.015600000000000003,0.0039000000000000007,0.0039000000000000146,0.016546298679765217,tap2,fast,firm,20260810_141717,True
3900206,0.0351,0.0117,0.9048,3900.206,500000,-0.019500000000000003,0.0039000000000000007,-0.0038999999999999035,0.020264994448555847,tap2,fast,firm,20260810_141717,True
3902683,0.0273,0.0078,0.9165,3902.683,500000,-0.0273,0.0,0.007800000000000029,0.02839242856819403,tap2,fast,firm,20260810_141717,True
3905211,0.0273,0.0078,0.9087,3905.211,500000,-0.0273,0.0,0.0,0.0273,tap2,fast,firm,20260810_141717,True
3907690,0.0312,0.0117,0.9204,3907.69,500000,-0.023400000000000004,0.0039000000000000007,0.011700000000000044,0.02645108693418857,tap2,fast,firm,20260810_141717,True
3910202,0.0273,0.0078,0.9204,3910.202,500000,-0.0273,0.0,0.011700000000000044,0.029701515112869264,tap2,fast,firm,20260810_141717,True
3912709,0.0195,0.0156,0.9009,3912.709,500000,-0.035100000000000006,0.0078,-0.007799999999999918,0.03679252641502074,tap2,fast,firm,20260810_141717,True
3915207,0.0312,0.0117,0.9048,3915.207,500000,-0.023400000000000004,0.0039000000000000007,-0.0038999999999999035,0.024041214611578998,tap2,fast,firm,20260810_141717,True
3917701,0.0312,0.0117,0.9087,3917.701,500000,-0.023400000000000004,0.0039000000000000007,0.0,0.02372277386816306,tap2,fast,firm,20260810_141717,True
3920211,0.0273,0.0156,0.9048,3920.211,500000,-0.0273,0.0078,-0.0038999999999999035,0.028659029990563172,tap2,fast,firm,20260810_141717,True
3922693,0.0273,0.0195,0.9126,3922.693,500000,-0.0273,0.0117,0.0039000000000000146,0.029956468416687573,tap2,fast,firm,20260810_141717,True
3925191,0.0156,0.0195,0.9087,3925.191,500000,-0.03900000000000001,0.0117,0.0,0.04071719538475115,tap2,fast,firm,20260810_141717,True
3927688,0.0234,0.0117,0.9126,3927.688,500000,-0.031200000000000002,0.0039000000000000007,0.0039000000000000146,0.03168374977808025,tap2,fast,firm,20260810_141717,True
3930200,0.0234,0.0156,0.9126,3930.2,500000,-0.031200000000000002,0.0078,0.0039000000000000146,0.03239583306538049,tap2,fast,firm,20260810_141717,True
3932708,0.0234,0.0117,0.9126,3932.708,500000,-0.031200000000000002,0.0039000000000000007,0.0039000000000000146,0.03168374977808025,tap2,fast,firm,20260810_141717,True
3935206,0.0195,0.0156,0.9126,3935.206,500000,-0.035100000000000006,0.0078,0.0039000000000000146,0.03616711213243325,tap2,fast,firm,20260810_141717,True
3937696,0.0234,0.0156,0.9126,3937.696,500000,-0.031200000000000002,0.0078,0.0039000000000000146,0.03239583306538049,tap2,fast,firm,20260810_141717,True
3940209,0.0312,0.0117,0.9165,3940.209,500000,-0.023400000000000004,0.0039000000000000007,0.007800000000000029,0.024972184525988123,tap2,fast,firm,20260810_141717,True
3942686,0.0273,0.0078,0.9204,3942.686,500000,-0.0273,0.0,0.011700000000000044,0.029701515112869264,tap2,fast,firm,20260810_141717,True
3945198,0.0312,0.0078,0.9204,3945.198,500000,-0.023400000000000004,0.0,0.011700000000000044,0.026161995336747564,tap2,fast,firm,20260810_141717,True
3947701,0.0273,0.0156,0.9126,3947.701,500000,-0.0273,0.0078,0.0039000000000000146,0.02865902999056319,tap2,fast,firm,20260810_141717,True
3950209,0.0234,0.0117,0.9126,3950.209,500000,-0.031200000000000002,0.0039000000000000007,0.0039000000000000146,0.03168374977808025,tap2,fast,firm,20260810_141717,True
3952685,0.0234,0.0156,0.9126,3952.685,500000,-0.031200000000000002,0.0078,0.0039000000000000146,0.03239583306538049,tap2,fast,firm,20260810_141717,True
3955212,0.0273,0.0117,0.9126,3955.212,500000,-0.0273,0.0039000000000000007,0.0039000000000000146,0.027851570871317118,tap2,fast,firm,20260810_141717,True
3957702,0.0273,0.0039,0.9243,3957.702,500000,-0.0273,-0.0039,0.015600000000000058,0.03168374977808027,tap2,fast,firm,20260810_141717,True
3960182,0.0312,0.0117,0.9087,3960.182,500000,-0.023400000000000004,0.0039000000000000007,0.0,0.02372277386816306,tap2,fast,firm,20260810_141717,True
3962691,0.0195,0.0078,0.9165,3962.691,500000,-0.035100000000000006,0.0,0.007800000000000029,0.03595622338344227,tap2,fast,firm,20260810_141717,True
3965203,0.0234,0.0078,0.9087,3965.203,500000,-0.031200000000000002,0.0,0.0,0.031200000000000002,tap2,fast,firm,20260810_141717,True
3967710,0.0273,0.0195,0.9126,3967.71,500000,-0.0273,0.0117,0.0039000000000000146,0.029956468416687573,tap2,fast,firm,20260810_141717,True
3970189,0.0273,0.0117,0.9165,3970.189,500000,-0.0273,0.0039000000000000007,0.007800000000000029,0.028659029990563193,tap2,fast,firm,20260810_141717,True
3972706,0.0234,0.0117,0.9204,3972.706,500000,-0.031200000000000002,0.0039000000000000007,0.011700000000000044,0.03354906854146626,tap2,fast,firm,20260810_141717,True
3975205,0.0312,0.0078,0.9126,3975.205,500000,-0.023400000000000004,0.0,0.0039000000000000146,0.023722773868163065,tap2,fast,firm,20260810_141717,True
3977693,0.0312,0.0078,0.9126,3977.693,500000,-0.023400000000000004,0.0,0.0039000000000000146,0.023722773868163065,tap2,fast,firm,20260810_141717,True
3980203,0.0195,0.0117,0.9126,3980.203,500000,-0.035100000000000006,0.0039000000000000007,0.0039000000000000146,0.03553069095866277,tap2,fast,firm,20260810_141717,True
3982708,0.0312,0.0039,0.9165,3982.708,500000,-0.023400000000000004,-0.0039,0.007800000000000029,0.024972184525988123,tap2,fast,firm,20260810_141717,True
3985192,0.0156,0.0078,0.9087,3985.192,500000,-0.03900000000000001,0.0,0.0,0.03900000000000001,tap2,fast,firm,20260810_141717,True
3987705,0.0273,0.0117,0.9126,3987.705,500000,-0.0273,0.0039000000000000007,0.0039000000000000146,0.027851570871317118,tap2,fast,firm,20260810_141717,True
3990189,0.0312,0.0039,0.9165,3990.189,500000,-0.023400000000000004,-0.0039,0.007800000000000029,0.024972184525988123,tap2,fast,firm,20260810_141717,True
3992696,0.0234,0.0117,0.9204,3992.696,500000,-0.031200000000000002,0.0039000000000000007,0.011700000000000044,0.03354906854146626,tap2,fast,firm,20260810_141717,True
3995193,0.0312,0.0156,0.9165,3995.193,500000,-0.023400000000000004,0.0078,0.007800000000000029,0.025869673364772132,tap2,fast,firm,20260810_141717,True
3997806,0.0312,0.0156,0.9126,3997.806,500000,-0.023400000000000004,0.0078,0.0039000000000000146,0.024972184525988116,tap2,fast,firm,20260810_141717,True
4000187,0.0273,0.0078,0.9165,4000.187,500000,-0.0273,0.0,0.007800000000000029,0.02839242856819403,tap2,fast,firm,20260810_141717,True
4002698,0.0273,0.0078,0.9126,4002.698,500000,-0.0273,0.0,0.0039000000000000146,0.027577164466275356,tap2,fast,firm,20260810_141717,True
4005197,0.0312,0.0039,0.9126,4005.197,500000,-0.023400000000000004,-0.0039,0.0039000000000000146,0.024041214611579015,tap2,fast,firm,20260810_141717,True
4007706,0.0312,0.0078,0.9087,4007.706,500000,-0.023400000000000004,0.0,0.0,0.023400000000000004,tap2,fast,firm,20260810_141717,True
