time_us,x_g,y_g,z_g,time_ms,cue_time_us,x_delta_g,y_delta_g,z_delta_g,dynamic_magnitude_g,label,requested_pace,requested_force,session_id,operator_accepted
21722,0.0039,0.0273,0.9126,21.722,500000,0.0,-0.0038999999999999972,0.0039000000000000146,0.005515432893255079,tap3,slow,normal,20260810_141717,True
22183,0.0039,0.0273,0.9126,22.183,500000,0.0,-0.0038999999999999972,0.0039000000000000146,0.005515432893255079,tap3,slow,normal,20260810_141717,True
22717,0.0039,0.0312,0.9087,22.717,500000,0.0,0.0,0.0,0.0,tap3,slow,normal,20260810_141717,True
23134,0.0039,0.0312,0.9087,23.134,500000,0.0,0.0,0.0,0.0,tap3,slow,normal,20260810_141717,True
23534,0.0039,0.0312,0.9087,23.534,500000,0.0,0.0,0.0,0.0,tap3,slow,normal,20260810_141717,True
23949,0.0039,0.0312,0.9087,23.949,500000,0.0,0.0,0.0,0.0,tap3,slow,normal,20260810_141717,True
24349,0.0039,0.0312,0.9087,24.349,500000,0.0,0.0,0.0,0.0,tap3,slow,normal,20260810_141717,True
24756,0.0039,0.0312,0.9087,24.756,500000,0.0,0.0,0.0,0.0,tap3,slow,normal,20260810_141717,True
25156,0.0195,0.0195,0.9048,25.156,500000,0.0156,-0.011699999999999999,-0.0038999999999999035,0.01988617610301184,tap3,slow,normal,20260810_141717,True
25557,0.0195,0.0195,0.9048,25.557,500000,0.0156,-0.011699999999999999,-0.0038999999999999035,0.01988617610301184,tap3,slow,normal,20260810_141717,True
25969,0.0195,0.0195,0.9048,25.969,500000,0.0156,-0.011699999999999999,-0.0038999999999999035,0.01988617610301184,tap3,slow,normal,20260810_141717,True
27510,0.0195,0.0195,0.9048,27.51,500000,0.0156,-0.011699999999999999,-0.0038999999999999035,0.01988617610301184,tap3,slow,normal,20260810_141717,True
30014,0.0078,0.0234,0.9009,30.014,500000,0.0039,-0.007799999999999998,-0.007799999999999918,0.011699999999999943,tap3,slow,normal,20260810_141717,True
32512,0.0039,0.0273,0.9087,32.512,500000,0.0,-0.0038999999999999972,0.0,0.0038999999999999972,tap3,slow,normal,20260810_141717,True
35022,0.0078,0.0312,0.9087,35.022,500000,0.0039,0.0,0.0,0.0039,tap3,slow,normal,20260810_141717,True
37522,0.0117,0.0234,0.9048,37.522,500000,0.0078000000000000005,-0.007799999999999998,-0.0038999999999999035,0.011699999999999966,tap3,slow,normal,20260810_141717,True
40001,0.0078,0.0273,0.9087,40.001,500000,0.0039,-0.0038999999999999972,0.0,0.005515432893255069,tap3,slow,normal,20260810_141717,True
42529,0.0039,0.0273,0.9126,42.529,500000,0.0,-0.0038999999999999972,0.0039000000000000146,0.005515432893255079,tap3,slow,normal,20260810_141717,True
45014,0.0039,0.0312,0.9048,45.014,500000,0.0,0.0,-0.0038999999999999035,0.0038999999999999035,tap3,slow,normal,20260810_141717,True
47517,0.0117,0.0273,0.9048,47.517,500000,0.0078000000000000005,-0.0038999999999999972,-0.0038999999999999035,0.009553009996854354,tap3,slow,normal,20260810_141717,True
50027,0.0039,0.0273,0.9165,50.027,500000,0.0,-0.0038999999999999972,0.007800000000000029,0.008720665112249205,tap3,slow,normal,20260810_141717,True
52525,0.0078,0.0234,0.9009,52.525,500000,0.0039,-0.007799999999999998,-0.007799999999999918,0.011699999999999943,tap3,slow,normal,20260810_141717,True
55002,0.0117,0.039,0.9087,55.002,500000,0.0078000000000000005,0.007800000000000001,0.0,0.011030865786510143,tap3,slow,normal,20260810_141717,True
57502,0.0039,0.0468,0.9165,57.502,500000,0.0,0.015600000000000003,0.007800000000000029,0.017441330224498376,tap3,slow,normal,20260810_141717,True
60006,0.0039,0.0312,0.9165,60.006,500000,0.0,0.0,0.007800000000000029,0.007800000000000029,tap3,slow,normal,20260810_141717,True
62504,0.0117,0.039,0.9126,62.504,500000,0.0078000000000000005,0.007800000000000001,0.0039000000000000146,0.011700000000000006,tap3,slow,normal,20260810_141717,True
65006,0.0078,0.0351,0.9087,65.006,500000,0.0039,0.0039000000000000007,0.0,0.005515432893255071,tap3,slow,normal,20260810_141717,True
67500,0.0078,0.0273,0.9126,67.5,500000,0.0039,-0.0038999999999999972,0.0039000000000000146,0.006754998149518628,tap3,slow,normal,20260810_141717,True
70015,0.0039,0.0312,0.9048,70.015,500000,0.0,0.0,-0.0038999999999999035,0.0038999999999999035,tap3,slow,normal,20260810_141717,True
72513,0.0078,0.0273,0.9087,72.513,500000,0.0039,-0.0038999999999999972,0.0,0.005515432893255069,tap3,slow,normal,20260810_141717,True
75002,0.0078,0.0273,0.9048,75.002,500000,0.0039,-0.0038999999999999972,-0.0038999999999999035,0.006754998149518564,tap3,slow,normal,20260810_141717,True
77522,0.0078,0.0273,0.9087,77.522,500000,0.0039,-0.0038999999999999972,0.0,0.005515432893255069,tap3,slow,normal,20260810_141717,True
80018,0.0078,0.0273,0.9126,80.018,500000,0.0039,-0.0038999999999999972,0.0039000000000000146,0.006754998149518628,tap3,slow,normal,20260810_141717,True
82516,0.0078,0.0351,0.9009,82.516,500000,0.0039,0.0039000000000000007,-0.007799999999999918,0.009553009996854328,tap3,slow,normal,20260810_141717,True
85020,0.0078,0.0351,0.9126,85.02,500000,0.0039,0.0039000000000000007,0.0039000000000000146,0.00675499814951863,tap3,slow,normal,20260810_141717,True
87526,0.0117,0.0312,0.9126,87.526,500000,0.0078000000000000005,0.0,0.0039000000000000146,0.008720665112249186,tap3,slow,normal,20260810_141717,True
90007,0.0,0.0312,0.9165,90.007,500000,-0.0039,0.0,0.007800000000000029,0.008720665112249205,tap3,slow,normal,20260810_141717,True
92503,0.0078,0.0273,0.9087,92.503,500000,0.0039,-0.0038999999999999972,0.0,0.005515432893255069,tap3,slow,normal,20260810_141717,True
95011,0.0039,0.0312,0.9087,95.011,500000,0.0,0.0,0.0,0.0,tap3,slow,normal,20260810_141717,True
97511,0.0078,0.0312,0.9204,97.511,500000,0.0039,0.0,0.011700000000000044,0.012332882874656722,tap3,slow,normal,20260810_141717,True
100017,0.0078,0.0273,0.9009,100.017,500000,0.0039,-0.0038999999999999972,-0.007799999999999918,0.009553009996854326,tap3,slow,normal,20260810_141717,True
102516,0.0078,0.0312,0.9009,102.516,500000,0.0039,0.0,-0.007799999999999918,0.008720665112249107,tap3,slow,normal,20260810_141717,True
105013,0.0078,0.0273,0.9048,105.013,500000,0.0039,-0.0038999999999999972,-0.0038999999999999035,0.006754998149518564,tap3,slow,normal,20260810_141717,True
107519,0.0039,0.0273,0.9204,107.519,500000,0.0,-0.0038999999999999972,0.011700000000000044,0.01233288287465672,tap3,slow,normal,20260810_141717,True
110030,0.0117,0.0195,0.9087,110.03,500000,0.0078000000000000005,-0.011699999999999999,0.0,0.014061649974309557,tap3,slow,normal,20260810_141717,True
112526,0.0078,0.0351,0.9087,112.526,500000,0.0039,0.0039000000000000007,0.0,0.005515432893255071,tap3,slow,normal,20260810_141717,True
115001,0.0,0.0234,0.9126,115.001,500000,-0.0039,-0.007799999999999998,0.0039000000000000146,0.009553009996854399,tap3,slow,normal,20260810_141717,True
117506,0.0039,0.0234,0.9165,117.506,500000,0.0,-0.007799999999999998,0.007800000000000029,0.01103086578651016,tap3,slow,normal,20260810_141717,True
120019,0.0039,0.0195,0.9087,120.019,500000,0.0,-0.011699999999999999,0.0,0.011699999999999999,tap3,slow,normal,20260810_141717,True
122530,0.0117,0.0273,0.9048,122.53,500000,0.0078000000000000005,-0.0038999999999999972,-0.0038999999999999035,0.009553009996854354,tap3,slow,normal,20260810_141717,True
125029,0.0,0.039,0.9009,125.029,500000,-0.0039,0.007800000000000001,-0.007799999999999918,0.011699999999999945,tap3,slow,normal,20260810_141717,True
127502,0.0,0.0312,0.9048,127.502,500000,-0.0039,0.0,-0.0038999999999999035,0.005515432893255002,tap3,slow,normal,20260810_141717,True
130004,0.0078,0.0273,0.9087,130.004,500000,0.0039,-0.0038999999999999972,0.0,0.005515432893255069,tap3,slow,normal,20260810_141717,True
132502,0.0,0.0312,0.9087,132.502,500000,-0.0039,0.0,0.0,0.0039,tap3,slow,normal,20260810_141717,True
135029,0.0,0.0312,0.9087,135.029,500000,-0.0039,0.0,0.0,0.0039,tap3,slow,normal,20260810_141717,True
137504,0.0039,0.0273,0.9048,137.504,500000,0.0,-0.0038999999999999972,-0.0038999999999999035,0.005515432893255,tap3,slow,normal,20260810_141717,True
140011,0.0039,0.0351,0.9087,140.011,500000,0.0,0.0039000000000000007,0.0,0.0039000000000000007,tap3,slow,normal,20260810_141717,True
142508,0.0039,0.0351,0.9126,142.508,500000,0.0,0.0039000000000000007,0.0039000000000000146,0.005515432893255082,tap3,slow,normal,20260810_141717,True
145007,0.0078,0.0312,0.897,145.007,500000,0.0039,0.0,-0.011699999999999933,0.012332882874656616,tap3,slow,normal,20260810_141717,True
147511,0.0039,0.0234,0.9087,147.511,500000,0.0,-0.007799999999999998,0.0,0.007799999999999998,tap3,slow,normal,20260810_141717,True
150029,0.0078,0.0312,0.9165,150.029,500000,0.0039,0.0,0.007800000000000029,0.008720665112249205,tap3,slow,normal,20260810_141717,True
152501,0.0078,0.0351,0.9243,152.501,500000,0.0039,0.0039000000000000007,0.015600000000000058,0.01654629867976527,tap3,slow,normal,20260810_141717,True
155000,0.0078,0.039,0.9048,155.0,500000,0.0039,0.007800000000000001,-0.0038999999999999035,0.009553009996854357,tap3,slow,normal,20260810_141717,True
157504,0.0039,0.0273,0.9126,157.504,500000,0.0,-0.0038999999999999972,0.0039000000000000146,0.005515432893255079,tap3,slow,normal,20260810_141717,True
160008,0.0039,0.0351,0.9087,160.008,500000,0.0,0.0039000000000000007,0.0,0.0039000000000000007,tap3,slow,normal,20260810_141717,True
162506,0.0156,0.0195,0.9204,162.506,500000,0.011699999999999999,-0.011699999999999999,0.011700000000000044,0.02026499444855589,tap3,slow,normal,20260810_141717,True
165025,0.0117,0.0273,0.9165,165.025,500000,0.0078000000000000005,-0.0038999999999999972,0.007800000000000029,0.011700000000000018,tap3,slow,normal,20260810_141717,True
167529,0.0039,0.039,0.9087,167.529,500000,0.0,0.007800000000000001,0.0,0.007800000000000001,tap3,slow,normal,20260810_141717,True
170011,0.0117,0.039,0.9087,170.011,500000,0.0078000000000000005,0.007800000000000001,0.0,0.011030865786510143,tap3,slow,normal,20260810_141717,True
172510,0.0078,0.0273,0.9048,172.51,500000,0.0039,-0.0038999999999999972,-0.0038999999999999035,0.006754998149518564,tap3,slow,normal,20260810_141717,True
175028,0.0039,0.0312,0.9009,175.028,500000,0.0,0.0,-0.007799999999999918,0.007799999999999918,tap3,slow,normal,20260810_141717,True
177529,0.0,0.0351,0.9048,177.529,500000,-0.0039,0.0039000000000000007,-0.0038999999999999035,0.006754998149518566,tap3,slow,normal,20260810_141717,True
180019,0.0039,0.0351,0.9087,180.019,500000,0.0,0.0039000000000000007,0.0,0.0039000000000000007,tap3,slow,normal,20260810_141717,True
182517,0.0039,0.039,0.9126,182.517,500000,0.0,0.007800000000000001,0.0039000000000000146,0.008720665112249188,tap3,slow,normal,20260810_141717,True
185005,0.0,0.0351,0.9048,185.005,500000,-0.0039,0.0039000000000000007,-0.0038999999999999035,0.006754998149518566,tap3,slow,normal,20260810_141717,True
187510,0.0039,0.0273,0.9126,187.51,500000,0.0,-0.0038999999999999972,0.0039000000000000146,0.005515432893255079,tap3,slow,normal,20260810_141717,True
190015,0.0039,0.0312,0.9087,190.015,500000,0.0,0.0,0.0,0.0,tap3,slow,normal,20260810_141717,True
192512,0.0078,0.0312,0.9087,192.512,500000,0.0039,0.0,0.0,0.0039,tap3,slow,normal,20260810_141717,True
195003,0.0078,0.0273,0.9087,195.003,500000,0.0039,-0.0038999999999999972,0.0,0.005515432893255069,tap3,slow,normal,20260810_141717,True
197509,0.0078,0.0351,0.9087,197.509,500000,0.0039,0.0039000000000000007,0.0,0.005515432893255071,tap3,slow,normal,20260810_141717,True
200012,0.0039,0.0273,0.9087,200.012,500000,0.0,-0.0038999999999999972,0.0,0.0038999999999999972,tap3,slow,normal,20260810_141717,True
202510,0.0039,0.0234,0.9048,202.51,500000,0.0,-0.007799999999999998,-0.0038999999999999035,0.008720665112249134,tap3,slow,normal,20260810_141717,True
205030,0.0039,0.0312,0.9048,205.03,500000,0.0,0.0,-0.0038999999999999035,0.0038999999999999035,tap3,slow,normal,20260810_141717,True
207504,0.0039,0.0312,0.9009,207.504,500000,0.0,0.0,-0.007799999999999918,0.007799999999999918,tap3,slow,normal,20260810_141717,True
210008,0.0039,0.0234,0.9087,210.008,500000,0.0,-0.007799999999999998,0.0,0.007799999999999998,tap3,slow,normal,20260810_141717,True
212506,0.0117,0.0273,0.9165,212.506,500000,0.0078000000000000005,-0.0038999999999999972,0.007800000000000029,0.011700000000000018,tap3,slow,normal,20260810_141717,True
215012,0.0078,0.0312,0.9126,215.012,500000,0.0039,0.0,0.0039000000000000146,0.005515432893255081,tap3,slow,normal,20260810_141717,True
217520,0.0117,0.0273,0.9126,217.52,500000,0.0078000000000000005,-0.0038999999999999972,0.0039000000000000146,0.0095530099968544,tap3,slow,normal,20260810_141717,True
220016,0.0039,0.039,0.9165,220.016,500000,0.0,0.007800000000000001,0.007800000000000029,0.011030865786510163,tap3,slow,normal,20260810_141717,True
222526,0.0078,0.0312,0.9087,222.526,500000,0.0039,0.0,0.0,0.0039,tap3,slow,normal,20260810_141717,True
225482,0.0039,0.0273,0.9126,225.482,500000,0.0,-0.0038999999999999972,0.0039000000000000146,0.005515432893255079,tap3,slow,normal,20260810_141717,True
227503,0.0039,0.0312,0.9165,227.503,500000,0.0,0.0,0.007800000000000029,0.007800000000000029,tap3,slow,normal,20260810_141717,True
230006,0.0078,0.0273,0.9087,230.006,500000,0.0039,-0.0038999999999999972,0.0,0.005515432893255069,tap3,slow,normal,20260810_141717,True
232503,0.0,0.0312,0.9087,232.503,500000,-0.0039,0.0,0.0,0.0039,tap3,slow,normal,20260810_141717,True
235004,0.0078,0.0351,0.9009,235.004,500000,0.0039,0.0039000000000000007,-0.007799999999999918,0.009553009996854328,tap3,slow,normal,20260810_141717,True
237511,0.0078,0.0273,0.9165,237.511,500000,0.0039,-0.0038999999999999972,0.007800000000000029,0.009553009996854416,tap3,slow,normal,20260810_141717,True
240016,0.0039,0.0351,0.9048,240.016,500000,0.0,0.0039000000000000007,-0.0038999999999999035,0.005515432893255003,tap3,slow,normal,20260810_141717,True
242513,0.0078,0.0273,0.9048,242.513,500000,0.0039,-0.0038999999999999972,-0.0038999999999999035,0.006754998149518564,tap3,slow,normal,20260810_141717,True
245003,0.0078,0.0273,0.9048,245.003,500000,0.0039,-0.0038999999999999972,-0.0038999999999999035,0.006754998149518564,tap3,slow,normal,20260810_141717,True
247508,0.0078,0.0234,0.9126,247.508,500000,0.0039,-0.007799999999999998,0.0039000000000000146,0.009553009996854399,tap3,slow,normal,20260810_141717,True
250012,0.0117,0.0234,0.9048,250.012,500000,0.0078000000000000005,-0.007799999999999998,-0.0038999999999999035,0.011699999999999966,tap3,slow,normal,20260810_141717,True
252512,0.0117,0.0234,0.9087,252.512,500000,0.0078000000000000005,-0.007799999999999998,0.0,0.01103086578651014,tap3,slow,normal,20260810_141717,True
255025,0.0078,0.0273,0.9048,255.025,500000,0.0039,-0.0038999999999999972,-0.0038999999999999035,0.006754998149518564,tap3,slow,normal,20260810_141717,True
257530,0.0039,0.0273,0.9009,257.53,500000,0.0,-0.0038999999999999972,-0.007799999999999918,0.008720665112249105,tap3,slow,normal,20260810_141717,True
260009,0.0078,0.0273,0.9204,260.009,500000,0.0039,-0.0038999999999999972,0.011700000000000044,0.012934836682386097,tap3,slow,normal,20260810_141717,True
262506,0.0156,0.0234,0.9087,262.506,500000,0.011699999999999999,-0.007799999999999998,0.0,0.014061649974309556,tap3,slow,normal,20260810_141717,True
265024,0.0039,0.0273,0.9165,265.024,500000,0.0,-0.0038999999999999972,0.007800000000000029,0.008720665112249205,tap3,slow,normal,20260810_141717,True
267527,0.0078,0.0273,0.9048,267.527,500000,0.0039,-0.0038999999999999972,-0.0038999999999999035,0.006754998149518564,tap3,slow,normal,20260810_141717,True
270010,0.0039,0.0351,0.9165,270.01,500000,0.0,0.0039000000000000007,0.007800000000000029,0.008720665112249207,tap3,slow,normal,20260810_141717,True
272509,0.0078,0.0351,0.9009,272.509,500000,0.0039,0.0039000000000000007,-0.007799999999999918,0.009553009996854328,tap3,slow,normal,20260810_141717,True
275026,0.0039,0.0351,0.9087,275.026,500000,0.0,0.0039000000000000007,0.0,0.0039000000000000007,tap3,slow,normal,20260810_141717,True
277530,0.0,0.0312,0.9087,277.53,500000,-0.0039,0.0,0.0,0.0039,tap3,slow,normal,20260810_141717,True
280018,0.0039,0.039,0.9204,280.018,500000,0.0,0.007800000000000001,0.011700000000000044,0.014061649974309596,tap3,slow,normal,20260810_141717,True
282501,0.0,0.0273,0.9204,282.501,500000,-0.0039,-0.0038999999999999972,0.011700000000000044,0.012934836682386097,tap3,slow,normal,20260810_141717,True
285018,0.0039,0.0351,0.897,285.018,500000,0.0,0.0039000000000000007,-0.011699999999999933,0.012332882874656616,tap3,slow,normal,20260810_141717,True
287523,0.0078,0.0195,0.9165,287.523,500000,0.0039,-0.011699999999999999,0.007800000000000029,0.014592463808418386,tap3,slow,normal,20260810_141717,True
290001,0.0,0.0312,0.9087,290.001,500000,-0.0039,0.0,0.0,0.0039,tap3,slow,normal,20260810_141717,True
292530,0.0039,0.0312,0.9087,292.53,500000,0.0,0.0,0.0,0.0,tap3,slow,normal,20260810_141717,True
295012,0.0117,0.0312,0.9087,295.012,500000,0.0078000000000000005,0.0,0.0,0.0078000000000000005,tap3,slow,normal,20260810_141717,True
297517,0.0039,0.0273,0.9087,297.517,500000,0.0,-0.0038999999999999972,0.0,0.0038999999999999972,tap3,slow,normal,20260810_141717,True
300026,0.0039,0.0273,0.9048,300.026,500000,0.0,-0.0038999999999999972,-0.0038999999999999035,0.005515432893255,tap3,slow,normal,20260810_141717,True
302525,0.0039,0.0273,0.9165,302.525,500000,0.0,-0.0038999999999999972,0.007800000000000029,0.008720665112249205,tap3,slow,normal,20260810_141717,True
305005,0.0078,0.039,0.9126,305.005,500000,0.0039,0.007800000000000001,0.0039000000000000146,0.0095530099968544,tap3,slow,normal,20260810_141717,True
307507,0.0039,0.0312,0.9165,307.507,500000,0.0,0.0,0.007800000000000029,0.007800000000000029,tap3,slow,normal,20260810_141717,True
310008,0.0039,0.0312,0.9126,310.008,500000,0.0,0.0,0.0039000000000000146,0.0039000000000000146,tap3,slow,normal,20260810_141717,True
312506,0.0,0.0312,0.9087,312.506,500000,-0.0039,0.0,0.0,0.0039,tap3,slow,normal,20260810_141717,True
315026,0.0078,0.0273,0.9126,315.026,500000,0.0039,-0.0038999999999999972,0.0039000000000000146,0.006754998149518628,tap3,slow,normal,20260810_141717,True
317501,0.0078,0.0273,0.9165,317.501,500000,0.0039,-0.0038999999999999972,0.007800000000000029,0.009553009996854416,tap3,slow,normal,20260810_141717,True
320019,0.0078,0.0312,0.9126,320.019,500000,0.0039,0.0,0.0039000000000000146,0.005515432893255081,tap3,slow,normal,20260810_141717,True
322530,0.0039,0.0312,0.9087,322.53,500000,0.0,0.0,0.0,0.0,tap3,slow,normal,20260810_141717,True
325013,0.0078,0.0312,0.9048,325.013,500000,0.0039,0.0,-0.0038999999999999035,0.005515432893255002,tap3,slow,normal,20260810_141717,True
327942,0.0039,0.0312,0.9087,327.942,500000,0.0,0.0,0.0,0.0,tap3,slow,normal,20260810_141717,True
330002,0.0039,0.0234,0.9009,330.002,500000,0.0,-0.007799999999999998,-0.007799999999999918,0.011030865786510082,tap3,slow,normal,20260810_141717,True
332500,0.0039,0.0312,0.9126,332.5,500000,0.0,0.0,0.0039000000000000146,0.0039000000000000146,tap3,slow,normal,20260810_141717,True
335024,0.0078,0.0312,0.9087,335.024,500000,0.0039,0.0,0.0,0.0039,tap3,slow,normal,20260810_141717,True
337500,0.0078,0.0234,0.9126,337.5,500000,0.0039,-0.007799999999999998,0.0039000000000000146,0.009553009996854399,tap3,slow,normal,20260810_141717,True
340008,0.0117,0.0273,0.9009,340.008,500000,0.0078000000000000005,-0.0038999999999999972,-0.007799999999999918,0.011699999999999945,tap3,slow,normal,20260810_141717,True
342506,0.0,0.0312,0.9126,342.506,500000,-0.0039,0.0,0.0039000000000000146,0.005515432893255081,tap3,slow,normal,20260810_141717,True
345003,0.0039,0.0273,0.9009,345.003,500000,0.0,-0.0038999999999999972,-0.007799999999999918,0.008720665112249105,tap3,slow,normal,20260810_141717,True
347526,0.0039,0.0234,0.9009,347.526,500000,0.0,-0.007799999999999998,-0.007799999999999918,0.011030865786510082,tap3,slow,normal,20260810_141717,True
350008,0.0039,0.0234,0.9009,350.008,500000,0.0,-0.007799999999999998,-0.007799999999999918,0.011030865786510082,tap3,slow,normal,20260810_141717,True
352506,0.0078,0.0273,0.9087,352.506,500000,0.0039,-0.0038999999999999972,0.0,0.005515432893255069,tap3,slow,normal,20260810_141717,True
355027,0.0078,0.0273,0.9048,355.027,500000,0.0039,-0.0038999999999999972,-0.0038999999999999035,0.006754998149518564,tap3,slow,normal,20260810_141717,True
357501,0.0078,0.0312,0.9126,357.501,500000,0.0039,0.0,0.0039000000000000146,0.005515432893255081,tap3,slow,normal,20260810_141717,True
360004,0.0078,0.0312,0.9165,360.004,500000,0.0039,0.0,0.007800000000000029,0.008720665112249205,tap3,slow,normal,20260810_141717,True
362501,0.0039,0.0312,0.9087,362.501,500000,0.0,0.0,0.0,0.0,tap3,slow,normal,20260810_141717,True
365027,0.0078,0.0234,0.9087,365.027,500000,0.0039,-0.007799999999999998,0.0,0.008720665112249178,tap3,slow,normal,20260810_141717,True
367503,0.0039,0.0351,0.9165,367.503,500000,0.0,0.0039000000000000007,0.007800000000000029,0.008720665112249207,tap3,slow,normal,20260810_141717,True
370005,0.0039,0.039,0.9087,370.005,500000,0.0,0.007800000000000001,0.0,0.007800000000000001,tap3,slow,normal,20260810_141717,True
372503,0.0039,0.0351,0.9087,372.503,500000,0.0,0.0039000000000000007,0.0,0.0039000000000000007,tap3,slow,normal,20260810_141717,True
375028,0.0039,0.0429,0.9048,375.028,500000,0.0,0.011700000000000002,-0.0038999999999999035,0.01233288287465665,tap3,slow,normal,20260810_141717,True
377526,0.0039,0.0351,0.9048,377.526,500000,0.0,0.0039000000000000007,-0.0038999999999999035,0.005515432893255003,tap3,slow,normal,20260810_141717,True
380018,0.0078,0.0312,0.9087,380.018,500000,0.0039,0.0,0.0,0.0039,tap3,slow,normal,20260810_141717,True
382515,0.0078,0.0273,0.9009,382.515,500000,0.0039,-0.0038999999999999972,-0.007799999999999918,0.009553009996854326,tap3,slow,normal,20260810_141717,True
385004,0.0117,0.039,0.9048,385.004,500000,0.0078000000000000005,0.007800000000000001,-0.0038999999999999035,0.011699999999999969,tap3,slow,normal,20260810_141717,True
387508,0.0039,0.0273,0.897,387.508,500000,0.0,-0.0038999999999999972,-0.011699999999999933,0.012332882874656614,tap3,slow,normal,20260810_141717,True
390012,0.0039,0.0273,0.9048,390.012,500000,0.0,-0.0038999999999999972,-0.0038999999999999035,0.005515432893255,tap3,slow,normal,20260810_141717,True
392509,0.0039,0.0234,0.9126,392.509,500000,0.0,-0.007799999999999998,0.0039000000000000146,0.008720665112249185,tap3,slow,normal,20260810_141717,True
395002,0.0117,0.0234,0.9048,395.002,500000,0.0078000000000000005,-0.007799999999999998,-0.0038999999999999035,0.011699999999999966,tap3,slow,normal,20260810_141717,True
397508,0.0039,0.039,0.9087,397.508,500000,0.0,0.007800000000000001,0.0,0.007800000000000001,tap3,slow,normal,20260810_141717,True
400013,0.0039,0.0273,0.9087,400.013,500000,0.0,-0.0038999999999999972,0.0,0.0038999999999999972,tap3,slow,normal,20260810_141717,True
402511,0.0039,0.0312,0.9048,402.511,500000,0.0,0.0,-0.0038999999999999035,0.0038999999999999035,tap3,slow,normal,20260810_141717,True
405023,0.0117,0.0273,0.9087,405.023,500000,0.0078000000000000005,-0.0038999999999999972,0.0,0.00872066511224918,tap3,slow,normal,20260810_141717,True
407526,0.0078,0.0234,0.9087,407.526,500000,0.0039,-0.007799999999999998,0.0,0.008720665112249178,tap3,slow,normal,20260810_141717,True
410004,0.0078,0.0351,0.9126,410.004,500000,0.0039,0.0039000000000000007,0.0039000000000000146,0.00675499814951863,tap3,slow,normal,20260810_141717,True
412514,0.0078,0.0234,0.9126,412.514,500000,0.0039,-0.007799999999999998,0.0039000000000000146,0.009553009996854399,tap3,slow,normal,20260810_141717,True
415022,0.0039,0.0234,0.9165,415.022,500000,0.0,-0.007799999999999998,0.007800000000000029,0.01103086578651016,tap3,slow,normal,20260810_141717,True
417525,0.0039,0.0273,0.9087,417.525,500000,0.0,-0.0038999999999999972,0.0,0.0038999999999999972,tap3,slow,normal,20260810_141717,True
420019,0.0078,0.0234,0.9126,420.019,500000,0.0039,-0.007799999999999998,0.0039000000000000146,0.009553009996854399,tap3,slow,normal,20260810_141717,True
422501,0.0039,0.0234,0.9087,422.501,500000,0.0,-0.007799999999999998,0.0,0.007799999999999998,tap3,slow,normal,20260810_141717,True
425030,0.0039,0.0195,0.9087,425.03,500000,0.0,-0.011699999999999999,0.0,0.011699999999999999,tap3,slow,normal,20260810_141717,True
427503,0.0078,0.0273,0.9087,427.503,500000,0.0039,-0.0038999999999999972,0.0,0.005515432893255069,tap3,slow,normal,20260810_141717,True
430307,0.0039,0.0273,0.9126,430.307,500000,0.0,-0.0038999999999999972,0.0039000000000000146,0.005515432893255079,tap3,slow,normal,20260810_141717,True
432523,0.0039,0.0234,0.9048,432.523,500000,0.0,-0.007799999999999998,-0.0038999999999999035,0.008720665112249134,tap3,slow,normal,20260810_141717,True
435024,0.0039,0.0273,0.9087,435.024,500000,0.0,-0.0038999999999999972,0.0,0.0038999999999999972,tap3,slow,normal,20260810_141717,True
437528,0.0078,0.0312,0.9126,437.528,500000,0.0039,0.0,0.0039000000000000146,0.005515432893255081,tap3,slow,normal,20260810_141717,True
440007,0.0,0.039,0.9165,440.007,500000,-0.0039,0.007800000000000001,0.007800000000000029,0.01170000000000002,tap3,slow,normal,20260810_141717,True
442506,0.0039,0.0312,0.9087,442.506,500000,0.0,0.0,0.0,0.0,tap3,slow,normal,20260810_141717,True
445003,0.0078,0.0312,0.9126,445.003,500000,0.0039,0.0,0.0039000000000000146,0.005515432893255081,tap3,slow,normal,20260810_141717,True
447508,0.0039,0.0312,0.9126,447.508,500000,0.0,0.0,0.0039000000000000146,0.0039000000000000146,tap3,slow,normal,20260810_141717,True
450012,0.0039,0.0273,0.9087,450.012,500000,0.0,-0.0038999999999999972,0.0,0.0038999999999999972,tap3,slow,normal,20260810_141717,True
452511,0.0039,0.0273,0.9048,452.511,500000,0.0,-0.0038999999999999972,-0.0038999999999999035,0.005515432893255,tap3,slow,normal,20260810_141717,True
455021,0.0078,0.0234,0.9048,455.021,500000,0.0039,-0.007799999999999998,-0.0038999999999999035,0.009553009996854354,tap3,slow,normal,20260810_141717,True
457526,0.0078,0.0234,0.9048,457.526,500000,0.0039,-0.007799999999999998,-0.0038999999999999035,0.009553009996854354,tap3,slow,normal,20260810_141717,True
460006,0.0039,0.0312,0.9165,460.006,500000,0.0,0.0,0.007800000000000029,0.007800000000000029,tap3,slow,normal,20260810_141717,True
462503,0.0078,0.0312,0.9165,462.503,500000,0.0039,0.0,0.007800000000000029,0.008720665112249205,tap3,slow,normal,20260810_141717,True
465030,0.0039,0.0312,0.9204,465.03,500000,0.0,0.0,0.011700000000000044,0.011700000000000044,tap3,slow,normal,20260810_141717,True
467507,0.0078,0.0312,0.9126,467.507,500000,0.0039,0.0,0.0039000000000000146,0.005515432893255081,tap3,slow,normal,20260810_141717,True
470008,0.0078,0.0273,0.9126,470.008,500000,0.0039,-0.0038999999999999972,0.0039000000000000146,0.006754998149518628,tap3,slow,normal,20260810_141717,True
472507,0.0,0.0312,0.9165,472.507,500000,-0.0039,0.0,0.007800000000000029,0.008720665112249205,tap3,slow,normal,20260810_141717,True
475020,0.0039,0.039,0.9048,475.02,500000,0.0,0.007800000000000001,-0.0038999999999999035,0.008720665112249138,tap3,slow,normal,20260810_141717,True
477526,0.0117,0.0195,0.9087,477.526,500000,0.0078000000000000005,-0.011699999999999999,0.0,0.014061649974309557,tap3,slow,normal,20260810_141717,True
480019,0.0078,0.039,0.9087,480.019,500000,0.0039,0.007800000000000001,0.0,0.008720665112249181,tap3,slow,normal,20260810_141717,True
482502,0.0078,0.039,0.9087,482.502,500000,0.0039,0.007800000000000001,0.0,0.008720665112249181,tap3,slow,normal,20260810_141717,True
485008,0.0039,0.0312,0.9126,485.008,500000,0.0,0.0,0.0039000000000000146,0.0039000000000000146,tap3,slow,normal,20260810_141717,True
487515,0.0078,0.0273,0.9165,487.515,500000,0.0039,-0.0038999999999999972,0.007800000000000029,0.009553009996854416,tap3,slow,normal,20260810_141717,True
490024,0.0117,0.0312,0.9087,490.024,500000,0.0078000000000000005,0.0,0.0,0.0078000000000000005,tap3,slow,normal,20260810_141717,True
492520,0.0117,0.0351,0.9087,492.52,500000,0.0078000000000000005,0.0039000000000000007,0.0,0.00872066511224918,tap3,slow,normal,20260810_141717,True
495028,0.0078,0.0312,0.9126,495.028,500000,0.0039,0.0,0.0039000000000000146,0.005515432893255081,tap3,slow,normal,20260810_141717,True
497503,0.0039,0.0195,0.9126,497.503,500000,0.0,-0.011699999999999999,0.0039000000000000146,0.012332882874656684,tap3,slow,normal,20260810_141717,True
510258,0.0039,0.0312,0.9126,510.258,500000,0.0,0.0,0.0039000000000000146,0.0039000000000000146,tap3,slow,normal,20260810_141717,True
512702,0.0078,0.0234,0.9009,512.702,500000,0.0039,-0.007799999999999998,-0.007799999999999918,0.011699999999999943,tap3,slow,normal,20260810_141717,True
515224,0.0039,0.0195,0.9048,515.224,500000,0.0,-0.011699999999999999,-0.0038999999999999035,0.012332882874656647,tap3,slow,normal,20260810_141717,True
517713,0.0156,0.0312,0.897,517.713,500000,0.011699999999999999,0.0,-0.011699999999999933,0.016546298679765165,tap3,slow,normal,20260810_141717,True
520206,0.0039,0.0312,0.9048,520.206,500000,0.0,0.0,-0.0038999999999999035,0.0038999999999999035,tap3,slow,normal,20260810_141717,True
522722,0.0039,0.0312,0.9126,522.722,500000,0.0,0.0,0.0039000000000000146,0.0039000000000000146,tap3,slow,normal,20260810_141717,True
525200,0.0117,0.0156,0.9126,525.2,500000,0.0078000000000000005,-0.0156,0.0039000000000000146,0.01787204521032778,tap3,slow,normal,20260810_141717,True
527709,0.0039,0.0351,0.9087,527.709,500000,0.0,0.0039000000000000007,0.0,0.0039000000000000007,tap3,slow,normal,20260810_141717,True
530208,0.0117,0.0273,0.9126,530.208,500000,0.0078000000000000005,-0.0038999999999999972,0.0039000000000000146,0.0095530099968544,tap3,slow,normal,20260810_141717,True
532876,0.0078,0.0234,0.897,532.876,500000,0.0039,-0.007799999999999998,-0.011699999999999933,0.014592463808418317,tap3,slow,normal,20260810_141717,True
535202,0.0039,0.0234,0.9204,535.202,500000,0.0,-0.007799999999999998,0.011700000000000044,0.014061649974309594,tap3,slow,normal,20260810_141717,True
537709,0.0156,0.0234,0.9126,537.709,500000,0.011699999999999999,-0.007799999999999998,0.0039000000000000146,0.014592463808418374,tap3,slow,normal,20260810_141717,True
540204,0.0039,0.0234,0.9048,540.204,500000,0.0,-0.007799999999999998,-0.0038999999999999035,0.008720665112249134,tap3,slow,normal,20260810_141717,True
542732,0.0078,0.0312,0.9048,542.732,500000,0.0039,0.0,-0.0038999999999999035,0.005515432893255002,tap3,slow,normal,20260810_141717,True
545218,0.0039,0.0351,0.9009,545.218,500000,0.0,0.0039000000000000007,-0.007799999999999918,0.008720665112249107,tap3,slow,normal,20260810_141717,True
547730,0.0078,0.0234,0.9087,547.73,500000,0.0039,-0.007799999999999998,0.0,0.008720665112249178,tap3,slow,normal,20260810_141717,True
550228,0.0078,0.0312,0.9087,550.228,500000,0.0039,0.0,0.0,0.0039,tap3,slow,normal,20260810_141717,True
552726,0.0078,0.0234,0.9009,552.726,500000,0.0039,-0.007799999999999998,-0.007799999999999918,0.011699999999999943,tap3,slow,normal,20260810_141717,True
555206,0.0039,0.0312,0.9126,555.206,500000,0.0,0.0,0.0039000000000000146,0.0039000000000000146,tap3,slow,normal,20260810_141717,True
557714,0.0039,0.0273,0.9048,557.714,500000,0.0,-0.0038999999999999972,-0.0038999999999999035,0.005515432893255,tap3,slow,normal,20260810_141717,True
560210,0.0078,0.0312,0.9165,560.21,500000,0.0039,0.0,0.007800000000000029,0.008720665112249205,tap3,slow,normal,20260810_141717,True
562700,0.0039,0.0351,0.9087,562.7,500000,0.0,0.0039000000000000007,0.0,0.0039000000000000007,tap3,slow,normal,20260810_141717,True
565212,0.0117,0.0273,0.9048,565.212,500000,0.0078000000000000005,-0.0038999999999999972,-0.0038999999999999035,0.009553009996854354,tap3,slow,normal,20260810_141717,True
567729,0.0078,0.0273,0.9048,567.729,500000,0.0039,-0.0038999999999999972,-0.0038999999999999035,0.006754998149518564,tap3,slow,normal,20260810_141717,True
570228,0.0078,0.0273,0.9126,570.228,500000,0.0039,-0.0038999999999999972,0.0039000000000000146,0.006754998149518628,tap3,slow,normal,20260810_141717,True
572723,0.0078,0.0273,0.9126,572.723,500000,0.0039,-0.0038999999999999972,0.0039000000000000146,0.006754998149518628,tap3,slow,normal,20260810_141717,True
575209,0.0078,0.0351,0.9126,575.209,500000,0.0039,0.0039000000000000007,0.0039000000000000146,0.00675499814951863,tap3,slow,normal,20260810_141717,True
577723,0.0078,0.0273,0.9048,577.723,500000,0.0039,-0.0038999999999999972,-0.0038999999999999035,0.006754998149518564,tap3,slow,normal,20260810_141717,True
580229,0.0117,0.039,0.9165,580.229,500000,0.0078000000000000005,0.007800000000000001,0.007800000000000029,0.01350999629903726,tap3,slow,normal,20260810_141717,True
582738,0.0039,0.0351,0.9165,582.738,500000,0.0,0.0039000000000000007,0.007800000000000029,0.008720665112249207,tap3,slow,normal,20260810_141717,True
585216,0.0078,0.0273,0.897,585.216,500000,0.0039,-0.0038999999999999972,-0.011699999999999933,0.012934836682385997,tap3,slow,normal,20260810_141717,True
587726,0.0039,0.0312,0.9126,587.726,500000,0.0,0.0,0.0039000000000000146,0.0039000000000000146,tap3,slow,normal,20260810_141717,True
590225,0.0039,0.039,0.9126,590.225,500000,0.0,0.007800000000000001,0.0039000000000000146,0.008720665112249188,tap3,slow,normal,20260810_141717,True
592725,0.0039,0.0273,0.8892,592.725,500000,0.0,-0.0038999999999999972,-0.019499999999999962,0.019886176103011823,tap3,slow,normal,20260810_141717,True
595205,0.0078,0.0429,0.9087,595.205,500000,0.0039,0.011700000000000002,0.0,0.012332882874656682,tap3,slow,normal,20260810_141717,True
597710,0.0039,0.0351,0.9087,597.71,500000,0.0,0.0039000000000000007,0.0,0.0039000000000000007,tap3,slow,normal,20260810_141717,True
600208,0.0039,0.0351,0.9009,600.208,500000,0.0,0.0039000000000000007,-0.007799999999999918,0.008720665112249107,tap3,slow,normal,20260810_141717,True
602701,0.0078,0.0312,0.9204,602.701,500000,0.0039,0.0,0.011700000000000044,0.012332882874656722,tap3,slow,normal,20260810_141717,True
605218,0.0078,0.0273,0.9165,605.218,500000,0.0039,-0.0038999999999999972,0.007800000000000029,0.009553009996854416,tap3,slow,normal,20260810_141717,True
607728,0.0117,0.039,0.9048,607.728,500000,0.0078000000000000005,0.007800000000000001,-0.0038999999999999035,0.011699999999999969,tap3,slow,normal,20260810_141717,True
610208,0.0039,0.0312,0.9048,610.208,500000,0.0,0.0,-0.0038999999999999035,0.0038999999999999035,tap3,slow,normal,20260810_141717,True
612709,0.0078,0.0312,0.9165,612.709,500000,0.0039,0.0,0.007800000000000029,0.008720665112249205,tap3,slow,normal,20260810_141717,True
615228,0.0039,0.0273,0.9087,615.228,500000,0.0,-0.0038999999999999972,0.0,0.0038999999999999972,tap3,slow,normal,20260810_141717,True
617712,0.0039,0.0312,0.9009,617.712,500000,0.0,0.0,-0.007799999999999918,0.007799999999999918,tap3,slow,normal,20260810_141717,True
620200,0.0078,0.0273,0.9165,620.2,500000,0.0039,-0.0038999999999999972,0.007800000000000029,0.009553009996854416,tap3,slow,normal,20260810_141717,True
622718,0.0117,0.0312,0.9087,622.718,500000,0.0078000000000000005,0.0,0.0,0.0078000000000000005,tap3,slow,normal,20260810_141717,True
625203,0.0078,0.0273,0.9048,625.203,500000,0.0039,-0.0038999999999999972,-0.0038999999999999035,0.006754998149518564,tap3,slow,normal,20260810_141717,True
627710,0.0078,0.0312,0.9087,627.71,500000,0.0039,0.0,0.0,0.0039,tap3,slow,normal,20260810_141717,True
630210,0.0078,0.0312,0.9126,630.21,500000,0.0039,0.0,0.0039000000000000146,0.005515432893255081,tap3,slow,normal,20260810_141717,True
632702,0.0039,0.0351,0.9048,632.702,500000,0.0,0.0039000000000000007,-0.0038999999999999035,0.005515432893255003,tap3,slow,normal,20260810_141717,True
635224,0.0039,0.0351,0.9126,635.224,500000,0.0,0.0039000000000000007,0.0039000000000000146,0.005515432893255082,tap3,slow,normal,20260810_141717,True
637710,0.0078,0.0351,0.9087,637.71,500000,0.0039,0.0039000000000000007,0.0,0.005515432893255071,tap3,slow,normal,20260810_141717,True
640208,0.0039,0.0273,0.9087,640.208,500000,0.0,-0.0038999999999999972,0.0,0.0038999999999999972,tap3,slow,normal,20260810_141717,True
642737,0.0078,0.0312,0.9087,642.737,500000,0.0039,0.0,0.0,0.0039,tap3,slow,normal,20260810_141717,True
645224,0.0078,0.0312,0.9048,645.224,500000,0.0039,0.0,-0.0038999999999999035,0.005515432893255002,tap3,slow,normal,20260810_141717,True
647708,0.0039,0.0312,0.9087,647.708,500000,0.0,0.0,0.0,0.0,tap3,slow,normal,20260810_141717,True
650208,0.0039,0.0312,0.9126,650.208,500000,0.0,0.0,0.0039000000000000146,0.0039000000000000146,tap3,slow,normal,20260810_141717,True
652733,0.0078,0.0273,0.9126,652.733,500000,0.0039,-0.0038999999999999972,0.0039000000000000146,0.006754998149518628,tap3,slow,normal,20260810_141717,True
655211,0.0039,0.0234,0.9126,655.211,500000,0.0,-0.007799999999999998,0.0039000000000000146,0.008720665112249185,tap3,slow,normal,20260810_141717,True
657721,0.0117,0.0312,0.9165,657.721,500000,0.0078000000000000005,0.0,0.007800000000000029,0.011030865786510162,tap3,slow,normal,20260810_141717,True
660220,0.0078,0.0312,0.9204,660.22,500000,0.0039,0.0,0.011700000000000044,0.012332882874656722,tap3,slow,normal,20260810_141717,True
662719,0.0039,0.0273,0.9165,662.719,500000,0.0,-0.0038999999999999972,0.007800000000000029,0.008720665112249205,tap3,slow,normal,20260810_141717,True
665225,0.0078,0.0312,0.9087,665.225,500000,0.0039,0.0,0.0,0.0039,tap3,slow,normal,20260810_141717,True
667710,0.0078,0.0234,0.9087,667.71,500000,0.0039,-0.007799999999999998,0.0,0.008720665112249178,tap3,slow,normal,20260810_141717,True
670208,0.0,0.0312,0.8931,670.208,500000,-0.0039,0.0,-0.015599999999999947,0.016080111939908825,tap3,slow,normal,20260810_141717,True
672700,0.0117,0.0312,0.9165,672.7,500000,0.0078000000000000005,0.0,0.007800000000000029,0.011030865786510162,tap3,slow,normal,20260810_141717,True
675201,0.0078,0.0234,0.9087,675.201,500000,0.0039,-0.007799999999999998,0.0,0.008720665112249178,tap3,slow,normal,20260810_141717,True
677728,0.0039,0.0273,0.9126,677.728,500000,0.0,-0.0038999999999999972,0.0039000000000000146,0.005515432893255079,tap3,slow,normal,20260810_141717,True
680204,0.0039,0.0273,0.9126,680.204,500000,0.0,-0.0038999999999999972,0.0039000000000000146,0.005515432893255079,tap3,slow,normal,20260810_141717,True
682701,0.0,0.0273,0.9087,682.701,500000,-0.0039,-0.0038999999999999972,0.0,0.005515432893255069,tap3,slow,normal,20260810_141717,True
685217,0.0078,0.0312,0.9126,685.217,500000,0.0039,0.0,0.0039000000000000146,0.005515432893255081,tap3,slow,normal,20260810_141717,True
687701,0.0156,0.0273,0.9204,687.701,500000,0.011699999999999999,-0.0038999999999999972,0.011700000000000044,0.016999705879808657,tap3,slow,normal,20260810_141717,True
690228,0.0117,0.0273,0.9165,690.228,500000,0.0078000000000000005,-0.0038999999999999972,0.007800000000000029,0.011700000000000018,tap3,slow,normal,20260810_141717,True
692730,0.0039,0.0312,0.9165,692.73,500000,0.0,0.0,0.007800000000000029,0.007800000000000029,tap3,slow,normal,20260810_141717,True
695207,0.0039,0.0273,0.9126,695.207,500000,0.0,-0.0038999999999999972,0.0039000000000000146,0.005515432893255079,tap3,slow,normal,20260810_141717,True
697720,0.0078,0.0312,0.9126,697.72,500000,0.0039,0.0,0.0039000000000000146,0.005515432893255081,tap3,slow,normal,20260810_141717,True
700216,0.0078,0.0351,0.9009,700.216,500000,0.0039,0.0039000000000000007,-0.007799999999999918,0.009553009996854328,tap3,slow,normal,20260810_141717,True
702710,0.0078,0.0312,0.9126,702.71,500000,0.0039,0.0,0.0039000000000000146,0.005515432893255081,tap3,slow,normal,20260810_141717,True
705225,0.0039,0.0234,0.9126,705.225,500000,0.0,-0.007799999999999998,0.0039000000000000146,0.008720665112249185,tap3,slow,normal,20260810_141717,True
707707,0.0039,0.0273,0.9087,707.707,500000,0.0,-0.0038999999999999972,0.0,0.0038999999999999972,tap3,slow,normal,20260810_141717,True
710205,0.0039,0.0351,0.9048,710.205,500000,0.0,0.0039000000000000007,-0.0038999999999999035,0.005515432893255003,tap3,slow,normal,20260810_141717,True
712729,0.0117,0.0351,0.9204,712.729,500000,0.0078000000000000005,0.0039000000000000007,0.011700000000000044,0.014592463808418407,tap3,slow,normal,20260810_141717,True
715211,0.0039,0.0312,0.9126,715.211,500000,0.0,0.0,0.0039000000000000146,0.0039000000000000146,tap3,slow,normal,20260810_141717,True
717704,0.0039,0.0195,0.9126,717.704,500000,0.0,-0.011699999999999999,0.0039000000000000146,0.012332882874656684,tap3,slow,normal,20260810_141717,True
720212,0.0117,0.0312,0.9048,720.212,500000,0.0078000000000000005,0.0,-0.0038999999999999035,0.008720665112249138,tap3,slow,normal,20260810_141717,True
722724,0.0039,0.0312,0.9009,722.724,500000,0.0,0.0,-0.007799999999999918,0.007799999999999918,tap3,slow,normal,20260810_141717,True
725205,0.0039,0.0234,0.9009,725.205,500000,0.0,-0.007799999999999998,-0.007799999999999918,0.011030865786510082,tap3,slow,normal,20260810_141717,True
727715,0.0039,0.0273,0.9204,727.715,500000,0.0,-0.0038999999999999972,0.011700000000000044,0.01233288287465672,tap3,slow,normal,20260810_141717,True
730213,0.0039,0.0312,0.9126,730.213,500000,0.0,0.0,0.0039000000000000146,0.0039000000000000146,tap3,slow,normal,20260810_141717,True
732709,0.0078,0.0273,0.9048,732.709,500000,0.0039,-0.0038999999999999972,-0.0038999999999999035,0.006754998149518564,tap3,slow,normal,20260810_141717,True
735206,0.0039,0.0273,0.9126,735.206,500000,0.0,-0.0038999999999999972,0.0039000000000000146,0.005515432893255079,tap3,slow,normal,20260810_141717,True
738024,-0.0039,0.0351,0.9126,738.024,500000,-0.0078,0.0039000000000000007,0.0039000000000000146,0.0095530099968544,tap3,slow,normal,20260810_141717,True
740207,0.0,0.0312,0.9126,740.207,500000,-0.0039,0.0,0.0039000000000000146,0.005515432893255081,tap3,slow,normal,20260810_141717,True
742744,0.0078,0.0234,0.9126,742.744,500000,0.0039,-0.007799999999999998,0.0039000000000000146,0.009553009996854399,tap3,slow,normal,20260810_141717,True
745227,0.0117,0.0273,0.9087,745.227,500000,0.0078000000000000005,-0.0038999999999999972,0.0,0.00872066511224918,tap3,slow,normal,20260810_141717,True
747707,0.0039,0.0273,0.9126,747.707,500000,0.0,-0.0038999999999999972,0.0039000000000000146,0.005515432893255079,tap3,slow,normal,20260810_141717,True
750204,0.0039,0.0273,0.9165,750.204,500000,0.0,-0.0038999999999999972,0.007800000000000029,0.008720665112249205,tap3,slow,normal,20260810_141717,True
752723,0.0078,0.0234,0.9048,752.723,500000,0.0039,-0.007799999999999998,-0.0038999999999999035,0.009553009996854354,tap3,slow,normal,20260810_141717,True
755203,0.0078,0.0234,0.9009,755.203,500000,0.0039,-0.007799999999999998,-0.007799999999999918,0.011699999999999943,tap3,slow,normal,20260810_141717,True
757712,0.0078,0.0273,0.9048,757.712,500000,0.0039,-0.0038999999999999972,-0.0038999999999999035,0.006754998149518564,tap3,slow,normal,20260810_141717,True
760210,0.0039,0.0234,0.9087,760.21,500000,0.0,-0.007799999999999998,0.0,0.007799999999999998,tap3,slow,normal,20260810_141717,True
762702,0.0078,0.0273,0.897,762.702,500000,0.0039,-0.0038999999999999972,-0.011699999999999933,0.012934836682385997,tap3,slow,normal,20260810_141717,True
765216,0.0039,0.0273,0.9048,765.216,500000,0.0,-0.0038999999999999972,-0.0038999999999999035,0.005515432893255,tap3,slow,normal,20260810_141717,True
767700,0.0078,0.0273,0.9048,767.7,500000,0.0039,-0.0038999999999999972,-0.0038999999999999035,0.006754998149518564,tap3,slow,normal,20260810_141717,True
770228,0.0117,0.0273,0.9165,770.228,500000,0.0078000000000000005,-0.0038999999999999972,0.007800000000000029,0.011700000000000018,tap3,slow,normal,20260810_141717,True
772725,0.0039,0.0312,0.9126,772.725,500000,0.0,0.0,0.0039000000000000146,0.0039000000000000146,tap3,slow,normal,20260810_141717,True
775208,0.0039,0.0273,0.9126,775.208,500000,0.0,-0.0038999999999999972,0.0039000000000000146,0.005515432893255079,tap3,slow,normal,20260810_141717,True
777727,0.0039,0.0312,0.9048,777.727,500000,0.0,0.0,-0.0038999999999999035,0.0038999999999999035,tap3,slow,normal,20260810_141717,True
780201,0.0039,0.0312,0.9126,780.201,500000,0.0,0.0,0.0039000000000000146,0.0039000000000000146,tap3,slow,normal,20260810_141717,True
782735,0.0039,0.0312,0.9009,782.735,500000,0.0,0.0,-0.007799999999999918,0.007799999999999918,tap3,slow,normal,20260810_141717,True
785215,0.0039,0.0312,0.9009,785.215,500000,0.0,0.0,-0.007799999999999918,0.007799999999999918,tap3,slow,normal,20260810_141717,True
787726,0.0078,0.0312,0.9087,787.726,500000,0.0039,0.0,0.0,0.0039,tap3,slow,normal,20260810_141717,True
790224,0.0039,0.0273,0.9126,790.224,500000,0.0,-0.0038999999999999972,0.0039000000000000146,0.005515432893255079,tap3,slow,normal,20260810_141717,True
792727,0.0039,0.0312,0.9009,792.727,500000,0.0,0.0,-0.007799999999999918,0.007799999999999918,tap3,slow,normal,20260810_141717,True
795211,0.0039,0.0312,0.9087,795.211,500000,0.0,0.0,0.0,0.0,tap3,slow,normal,20260810_141717,True
797722,0.0,0.0312,0.9126,797.722,500000,-0.0039,0.0,0.0039000000000000146,0.005515432893255081,tap3,slow,normal,20260810_141717,True
800221,0.0078,0.0273,0.9009,800.221,500000,0.0039,-0.0038999999999999972,-0.007799999999999918,0.009553009996854326,tap3,slow,normal,20260810_141717,True
802715,0.0039,0.0312,0.9165,802.715,500000,0.0,0.0,0.007800000000000029,0.007800000000000029,tap3,slow,normal,20260810_141717,True
805211,0.0078,0.0273,0.9243,805.211,500000,0.0039,-0.0038999999999999972,0.015600000000000058,0.016546298679765266,tap3,slow,normal,20260810_141717,True
807728,0.0078,0.0234,0.9087,807.728,500000,0.0039,-0.007799999999999998,0.0,0.008720665112249178,tap3,slow,normal,20260810_141717,True
810227,0.0078,0.0273,0.9243,810.227,500000,0.0039,-0.0038999999999999972,0.015600000000000058,0.016546298679765266,tap3,slow,normal,20260810_141717,True
812726,0.0,0.0312,0.9204,812.726,500000,-0.0039,0.0,0.011700000000000044,0.012332882874656722,tap3,slow,normal,20260810_141717,True
815210,0.0039,0.0273,0.9126,815.21,500000,0.0,-0.0038999999999999972,0.0039000000000000146,0.005515432893255079,tap3,slow,normal,20260810_141717,True
817725,0.0156,0.0195,0.9087,817.725,500000,0.011699999999999999,-0.011699999999999999,0.0,0.01654629867976521,tap3,slow,normal,20260810_141717,True
820209,0.0039,0.0273,0.9243,820.209,500000,0.0,-0.0038999999999999972,0.015600000000000058,0.016080111939908933,tap3,slow,normal,20260810_141717,True
822724,0.0117,0.0312,0.9048,822.724,500000,0.0078000000000000005,0.0,-0.0038999999999999035,0.008720665112249138,tap3,slow,normal,20260810_141717,True
825205,0.0078,0.0273,0.9048,825.205,500000,0.0039,-0.0038999999999999972,-0.0038999999999999035,0.006754998149518564,tap3,slow,normal,20260810_141717,True
827709,0.0039,0.0273,0.9087,827.709,500000,0.0,-0.0038999999999999972,0.0,0.0038999999999999972,tap3,slow,normal,20260810_141717,True
830206,0.0078,0.0273,0.9087,830.206,500000,0.0039,-0.0038999999999999972,0.0,0.005515432893255069,tap3,slow,normal,20260810_141717,True
832726,0.0078,0.0312,0.9126,832.726,500000,0.0039,0.0,0.0039000000000000146,0.005515432893255081,tap3,slow,normal,20260810_141717,True
835208,0.0117,0.0273,0.9048,835.208,500000,0.0078000000000000005,-0.0038999999999999972,-0.0038999999999999035,0.009553009996854354,tap3,slow,normal,20260810_141717,True
837718,0.0078,0.0312,0.9126,837.718,500000,0.0039,0.0,0.0039000000000000146,0.005515432893255081,tap3,slow,normal,20260810_141717,True
840224,0.0156,0.0234,0.9165,840.224,500000,0.011699999999999999,-0.007799999999999998,0.007800000000000029,0.016080111939908888,tap3,slow,normal,20260810_141717,True
842722,0.0117,0.0312,0.9126,842.722,500000,0.0078000000000000005,0.0,0.0039000000000000146,0.008720665112249186,tap3,slow,normal,20260810_141717,True
845213,0.0039,0.0273,0.9087,845.213,500000,0.0,-0.0038999999999999972,0.0,0.0038999999999999972,tap3,slow,normal,20260810_141717,True
847729,0.0117,0.0234,0.9048,847.729,500000,0.0078000000000000005,-0.007799999999999998,-0.0038999999999999035,0.011699999999999966,tap3,slow,normal,20260810_141717,True
850227,0.0078,0.0312,0.9048,850.227,500000,0.0039,0.0,-0.0038999999999999035,0.005515432893255002,tap3,slow,normal,20260810_141717,True
852724,0.0078,0.0312,0.9165,852.724,500000,0.0039,0.0,0.007800000000000029,0.008720665112249205,tap3,slow,normal,20260810_141717,True
855201,0.0078,0.0273,0.9126,855.201,500000,0.0039,-0.0038999999999999972,0.0039000000000000146,0.006754998149518628,tap3,slow,normal,20260810_141717,True
857708,0.0078,0.0273,0.9165,857.708,500000,0.0039,-0.0038999999999999972,0.007800000000000029,0.009553009996854416,tap3,slow,normal,20260810_141717,True
860205,0.0039,0.0273,0.9048,860.205,500000,0.0,-0.0038999999999999972,-0.0038999999999999035,0.005515432893255,tap3,slow,normal,20260810_141717,True
862730,0.0039,0.0273,0.9087,862.73,500000,0.0,-0.0038999999999999972,0.0,0.0038999999999999972,tap3,slow,normal,20260810_141717,True
865207,0.0039,0.0273,0.9126,865.207,500000,0.0,-0.0038999999999999972,0.0039000000000000146,0.005515432893255079,tap3,slow,normal,20260810_141717,True
867722,0.0117,0.0312,0.9048,867.722,500000,0.0078000000000000005,0.0,-0.0038999999999999035,0.008720665112249138,tap3,slow,normal,20260810_141717,True
870221,0.0039,0.0351,0.9048,870.221,500000,0.0,0.0039000000000000007,-0.0038999999999999035,0.005515432893255003,tap3,slow,normal,20260810_141717,True
872706,0.0117,0.0273,0.9087,872.706,500000,0.0078000000000000005,-0.0038999999999999972,0.0,0.00872066511224918,tap3,slow,normal,20260810_141717,True
875219,0.0078,0.0234,0.9126,875.219,500000,0.0039,-0.007799999999999998,0.0039000000000000146,0.009553009996854399,tap3,slow,normal,20260810_141717,True
877708,0.0039,0.0351,0.9087,877.708,500000,0.0,0.0039000000000000007,0.0,0.0039000000000000007,tap3,slow,normal,20260810_141717,True
880214,0.0117,0.0312,0.9048,880.214,500000,0.0078000000000000005,0.0,-0.0038999999999999035,0.008720665112249138,tap3,slow,normal,20260810_141717,True
882724,0.0078,0.0351,0.9048,882.724,500000,0.0039,0.0039000000000000007,-0.0038999999999999035,0.006754998149518566,tap3,slow,normal,20260810_141717,True
885203,0.0039,0.0312,0.9087,885.203,500000,0.0,0.0,0.0,0.0,tap3,slow,normal,20260810_141717,True
887710,0.0039,0.0429,0.9126,887.71,500000,0.0,0.011700000000000002,0.0039000000000000146,0.012332882874656687,tap3,slow,normal,20260810_141717,True
890207,0.0039,0.0312,0.9009,890.207,500000,0.0,0.0,-0.007799999999999918,0.007799999999999918,tap3,slow,normal,20260810_141717,True
892701,0.0039,0.0312,0.9009,892.701,500000,0.0,0.0,-0.007799999999999918,0.007799999999999918,tap3,slow,normal,20260810_141717,True
895217,0.0039,0.0351,0.9126,895.217,500000,0.0,0.0039000000000000007,0.0039000000000000146,0.005515432893255082,tap3,slow,normal,20260810_141717,True
897728,0.0156,0.0273,0.9048,897.728,500000,0.011699999999999999,-0.0038999999999999972,-0.0038999999999999035,0.01293483668238603,tap3,slow,normal,20260810_141717,True
900226,0.0039,0.0351,0.9165,900.226,500000,0.0,0.0039000000000000007,0.007800000000000029,0.008720665112249207,tap3,slow,normal,20260810_141717,True
902721,0.0039,0.0312,0.9087,902.721,500000,0.0,0.0,0.0,0.0,tap3,slow,normal,20260810_141717,True
905229,0.0117,0.0273,0.897,905.229,500000,0.0078000000000000005,-0.0038999999999999972,-0.011699999999999933,0.014592463808418317,tap3,slow,normal,20260810_141717,True
907712,0.0078,0.0351,0.9087,907.712,500000,0.0039,0.0039000000000000007,0.0,0.005515432893255071,tap3,slow,normal,20260810_141717,True
910208,0.0039,0.039,0.9204,910.208,500000,0.0,0.007800000000000001,0.011700000000000044,0.014061649974309596,tap3,slow,normal,20260810_141717,True
912733,0.0039,0.039,0.9087,912.733,500000,0.0,0.007800000000000001,0.0,0.007800000000000001,tap3,slow,normal,20260810_141717,True
915218,0.0078,0.0351,0.9204,915.218,500000,0.0039,0.0039000000000000007,0.011700000000000044,0.012934836682386099,tap3,slow,normal,20260810_141717,True
917705,0.0039,0.039,0.9087,917.705,500000,0.0,0.007800000000000001,0.0,0.007800000000000001,tap3,slow,normal,20260810_141717,True
920220,0.0,0.0312,0.9048,920.22,500000,-0.0039,0.0,-0.0038999999999999035,0.005515432893255002,tap3,slow,normal,20260810_141717,True
922733,0.0039,0.0273,0.9126,922.733,500000,0.0,-0.0038999999999999972,0.0039000000000000146,0.005515432893255079,tap3,slow,normal,20260810_141717,True
925229,0.0078,0.0195,0.9009,925.229,500000,0.0039,-0.011699999999999999,-0.007799999999999918,0.014592463808418325,tap3,slow,normal,20260810_141717,True
927723,0.0,0.0429,0.9048,927.723,500000,-0.0039,0.011700000000000002,-0.0038999999999999035,0.012934836682386033,tap3,slow,normal,20260810_141717,True
930221,0.0078,0.0273,0.897,930.221,500000,0.0039,-0.0038999999999999972,-0.011699999999999933,0.012934836682385997,tap3,slow,normal,20260810_141717,True
932744,0.0117,0.0234,0.9087,932.744,500000,0.0078000000000000005,-0.007799999999999998,0.0,0.01103086578651014,tap3,slow,normal,20260810_141717,True
935225,0.0078,0.0234,0.897,935.225,500000,0.0039,-0.007799999999999998,-0.011699999999999933,0.014592463808418317,tap3,slow,normal,20260810_141717,True
937725,0.0078,0.0273,0.9087,937.725,500000,0.0039,-0.0038999999999999972,0.0,0.005515432893255069,tap3,slow,normal,20260810_141717,True
940226,0.0039,0.0234,0.9165,940.226,500000,0.0,-0.007799999999999998,0.007800000000000029,0.01103086578651016,tap3,slow,normal,20260810_141717,True
942707,0.0039,0.0312,0.9204,942.707,500000,0.0,0.0,0.011700000000000044,0.011700000000000044,tap3,slow,normal,20260810_141717,True
945200,0.0039,0.0234,0.9087,945.2,500000,0.0,-0.007799999999999998,0.0,0.007799999999999998,tap3,slow,normal,20260810_141717,True
947707,0.0078,0.0312,0.9048,947.707,500000,0.0039,0.0,-0.0038999999999999035,0.005515432893255002,tap3,slow,normal,20260810_141717,True
950204,0.0039,0.0195,0.9048,950.204,500000,0.0,-0.011699999999999999,-0.0038999999999999035,0.012332882874656647,tap3,slow,normal,20260810_141717,True
952729,0.0039,0.0312,0.9087,952.729,500000,0.0,0.0,0.0,0.0,tap3,slow,normal,20260810_141717,True
955211,0.0078,0.0195,0.9126,955.211,500000,0.0039,-0.011699999999999999,0.0039000000000000146,0.012934836682386062,tap3,slow,normal,20260810_141717,True
957721,0.0078,0.0234,0.9048,957.721,500000,0.0039,-0.007799999999999998,-0.0038999999999999035,0.009553009996854354,tap3,slow,normal,20260810_141717,True
960219,-0.8814,1.6107,-1.0686,960.219,500000,-0.8853,1.5795000000000001,-1.9773,2.6810989593821413,tap3,slow,normal,20260810_141717,True
962712,5.1831,-5.6394,5.4444,962.712,500000,5.1792,-5.6706,4.5357,8.919214735053753,tap3,slow,normal,20260810_141717,True
965226,0.1053,-1.0608,0.4095,965.226,500000,0.1014,-1.0919999999999999,-0.4992,1.2049674684405383,tap3,slow,normal,20260810_141717,True
967710,0.6747,-0.5265,1.2246,967.71,500000,0.6708,-0.5577,0.31589999999999996,0.9277902456913415,tap3,slow,normal,20260810_141717,True
970209,-0.4836,0.1755,0.8424,970.209,500000,-0.4875,0.14429999999999998,-0.06629999999999991,0.5127128143512701,tap3,slow,normal,20260810_141717,True
972701,-0.1521,-0.0819,0.897,972.701,500000,-0.156,-0.1131,-0.011699999999999933,0.19304015126392748,tap3,slow,normal,20260810_141717,True
975211,0.1014,0.1482,0.9087,975.211,500000,0.0975,0.11699999999999999,0.0,0.15229986868017975,tap3,slow,normal,20260810_141717,True
977711,0.117,-0.0156,0.9672,977.711,500000,0.1131,-0.046799999999999994,0.058499999999999996,0.13566171162122348,tap3,slow,normal,20260810_141717,True
980219,-0.1326,-0.0741,0.936,980.219,500000,-0.13649999999999998,-0.1053,0.027300000000000102,0.17454406320468194,tap3,slow,normal,20260810_141717,True
982730,-0.0312,0.0468,0.9126,982.73,500000,-0.0351,0.015600000000000003,0.0039000000000000146,0.038608030252785495,tap3,slow,normal,20260810_141717,True
985210,0.0624,0.0273,0.9789,985.21,500000,0.058499999999999996,-0.0038999999999999972,0.07020000000000004,0.09146310731655691,tap3,slow,normal,20260810_141717,True
987721,0.0273,0.0351,0.9789,987.721,500000,0.0234,0.0039000000000000007,0.07020000000000004,0.07410000000000004,tap3,slow,normal,20260810_141717,True
990219,0.0039,0.0468,1.0179,990.219,500000,0.0,0.015600000000000003,0.10920000000000007,0.11030865786510148,tap3,slow,normal,20260810_141717,True
992719,0.0039,-0.0195,1.0179,992.719,500000,0.0,-0.050699999999999995,0.10920000000000007,0.12039572251537849,tap3,slow,normal,20260810_141717,True
995230,0.0156,0.0273,1.0023,995.23,500000,0.011699999999999999,-0.0038999999999999972,0.09360000000000002,0.09440900380789961,tap3,slow,normal,20260810_141717,True
997711,0.0312,0.0312,0.9633,997.711,500000,0.027299999999999998,0.0,0.05460000000000009,0.06104465578574434,tap3,slow,normal,20260810_141717,True
1000209,0.0312,0.0312,0.9633,1000.209,500000,0.027299999999999998,0.0,0.05460000000000009,0.06104465578574434,tap3,slow,normal,20260810_141717,True
1002724,0.0117,0.0117,1.0179,1002.724,500000,0.0078000000000000005,-0.019499999999999997,0.10920000000000007,0.11120130394918944,tap3,slow,normal,20260810_141717,True
1005207,0.0078,0.0273,1.0413,1005.207,500000,0.0039,-0.0038999999999999972,0.13259999999999994,0.13271465631195367,tap3,slow,normal,20260810_141717,True
1007715,0.0078,0.0078,1.0374,1007.715,500000,0.0039,-0.023399999999999997,0.12870000000000015,0.1308681015373878,tap3,slow,normal,20260810_141717,True
1010213,0.0156,0.0624,1.0842,1010.213,500000,0.011699999999999999,0.0312,0.1755000000000001,0.1786353268533412,tap3,slow,normal,20260810_141717,True
1012707,0.0,0.039,1.0452,1012.707,500000,-0.0039,0.007800000000000001,0.13649999999999995,0.13677828775065137,tap3,slow,normal,20260810_141717,True
1015226,0.0117,0.0273,1.0569,1015.226,500000,0.0078000000000000005,-0.0038999999999999972,0.1482,0.1484563572232594,tap3,slow,normal,20260810_141717,True
1017710,0.0,0.0195,1.1037,1017.71,500000,-0.0039,-0.011699999999999999,0.19499999999999995,0.19538961077805542,tap3,slow,normal,20260810_141717,True
1020225,0.0195,0.0117,1.0842,1020.225,500000,0.0156,-0.019499999999999997,0.1755000000000001,0.17726776356687088,tap3,slow,normal,20260810_141717,True
1022701,0.0117,0.0312,1.0725,1022.701,500000,0.0078000000000000005,0.0,0.16380000000000006,0.16398560912470342,tap3,slow,normal,20260810_141717,True
1025218,0.0039,0.0468,1.092,1025.218,500000,0.0,0.015600000000000003,0.18330000000000013,0.1839626320751039,tap3,slow,normal,20260810_141717,True
1027729,0.0,0.0234,1.0842,1027.729,500000,-0.0039,-0.007799999999999998,0.1755000000000001,0.17571653308667354,tap3,slow,normal,20260810_141717,True
1030227,-0.0117,0.0741,1.1349,1030.227,500000,-0.0156,0.0429,0.22620000000000007,0.23076007020279748,tap3,slow,normal,20260810_141717,True
1032721,-0.0156,-0.0585,1.1505,1032.721,500000,-0.0195,-0.0897,0.24180000000000013,0.25863793225279247,tap3,slow,normal,20260810_141717,True
1035202,-0.0819,-0.3159,1.1817,1035.202,500000,-0.0858,-0.3471,0.273,0.44985447646989135,tap3,slow,normal,20260810_141717,True
1037708,-0.0897,-0.2184,1.2012,1037.708,500000,-0.0936,-0.24960000000000002,0.2925000000000001,0.3957491250779969,tap3,slow,normal,20260810_141717,True
1040205,0.0234,-0.1209,1.1076,1040.205,500000,0.0195,-0.15209999999999999,0.19889999999999997,0.2511490991423222,tap3,slow,normal,20260810_141717,True
1042730,0.0468,0.2418,1.0062,1042.73,500000,0.0429,0.21059999999999998,0.09750000000000003,0.2360063982183534,tap3,slow,normal,20260810_141717,True
1045225,0.0585,0.2925,1.0179,1045.225,500000,0.0546,0.2613,0.10920000000000007,0.2884154815539554,tap3,slow,normal,20260810_141717,True
1047707,0.0819,0.3393,0.9906,1047.707,500000,0.078,0.3081,0.08190000000000008,0.32820301643952027,tap3,slow,normal,20260810_141717,True
1050205,0.1365,0.1638,0.8424,1050.205,500000,0.13260000000000002,0.1326,-0.06629999999999991,0.1989,tap3,slow,normal,20260810_141717,True
1052721,0.0975,0.1209,1.3143,1052.721,500000,0.0936,0.0897,0.40560000000000007,0.4258149950389254,tap3,slow,normal,20260810_141717,True
1055211,-0.1365,-0.1014,1.131,1055.211,500000,-0.1404,-0.1326,0.22230000000000005,0.29446937022379766,tap3,slow,normal,20260810_141717,True
1057719,-0.0468,-0.1872,1.248,1057.719,500000,-0.0507,-0.2184,0.33930000000000005,0.40668604598633584,tap3,slow,normal,20260810_141717,True
1060220,0.0312,0.0468,1.1193,1060.22,500000,0.027299999999999998,0.015600000000000003,0.2106,0.2129342856376117,tap3,slow,normal,20260810_141717,True
1062722,0.0195,0.156,1.0413,1062.722,500000,0.0156,0.1248,0.13259999999999994,0.18275984241621568,tap3,slow,normal,20260810_141717,True
1065229,0.0546,0.1482,1.053,1065.229,500000,0.0507,0.11699999999999999,0.14429999999999998,0.19256681957180471,tap3,slow,normal,20260810_141717,True
1067727,0.0195,0.0819,1.053,1067.727,500000,0.0156,0.0507,0.14429999999999998,0.15374114608653078,tap3,slow,normal,20260810_141717,True
1070213,0.0156,-0.0156,1.1037,1070.213,500000,0.011699999999999999,-0.046799999999999994,0.19499999999999995,0.20087839605094415,tap3,slow,normal,20260810_141717,True
1072717,-0.0039,-0.0585,1.1154,1072.717,500000,-0.0078,-0.0897,0.2067,0.22545913155159628,tap3,slow,normal,20260810_141717,True
1075227,0.0,-0.0312,1.1076,1075.227,500000,-0.0039,-0.0624,0.19889999999999997,0.20849503591212906,tap3,slow,normal,20260810_141717,True
1077715,0.0195,0.0312,1.0725,1077.715,500000,0.0156,0.0,0.16380000000000006,0.16454118025588615,tap3,slow,normal,20260810_141717,True
1080221,0.0234,0.0897,1.0374,1080.221,500000,0.0195,0.0585,0.12870000000000015,0.14271016081554963,tap3,slow,normal,20260810_141717,True
1082732,0.0273,0.0819,1.0335,1082.732,500000,0.0234,0.0507,0.12480000000000013,0.13672267551507333,tap3,slow,normal,20260810_141717,True
1085211,0.0078,0.039,1.0491,1085.211,500000,0.0039,0.007800000000000001,0.14039999999999997,0.14067057261559715,tap3,slow,normal,20260810_141717,True
1087725,0.0039,-0.0117,1.0608,1087.725,500000,0.0,-0.0429,0.1521,0.15803423679696751,tap3,slow,normal,20260810_141717,True
1090222,-0.0039,-0.0195,1.0647,1090.222,500000,-0.0078,-0.050699999999999995,0.15600000000000003,0.16421732551713294,tap3,slow,normal,20260810_141717,True
1092722,0.0,0.0,1.0608,1092.722,500000,-0.0039,-0.0312,0.1521,0.15531600046357105,tap3,slow,normal,20260810_141717,True
1095205,0.0,0.039,1.0374,1095.205,500000,-0.0039,0.007800000000000001,0.12870000000000015,0.12899511618662174,tap3,slow,normal,20260810_141717,True
1097716,0.0078,0.0585,1.0296,1097.716,500000,0.0039,0.027300000000000005,0.12090000000000012,0.12400528214556035,tap3,slow,normal,20260810_141717,True
1100213,0.0039,0.0507,1.0218,1100.213,500000,0.0,0.019500000000000003,0.11310000000000009,0.11476872396258495,tap3,slow,normal,20260810_141717,True
1102708,0.0,0.039,1.0296,1102.708,500000,-0.0039,0.007800000000000001,0.12090000000000012,0.12121410808977653,tap3,slow,normal,20260810_141717,True
1105219,0.0,0.0156,1.0296,1105.219,500000,-0.0039,-0.0156,0.12090000000000012,0.12196466701467286,tap3,slow,normal,20260810_141717,True
1107702,0.0,0.0156,1.0296,1107.702,500000,-0.0039,-0.0156,0.12090000000000012,0.12196466701467286,tap3,slow,normal,20260810_141717,True
1110201,0.0,0.0078,1.0374,1110.201,500000,-0.0039,-0.023399999999999997,0.12870000000000015,0.1308681015373878,tap3,slow,normal,20260810_141717,True
1112724,0.0078,0.0117,1.0296,1112.724,500000,0.0039,-0.019499999999999997,0.12090000000000012,0.12252456896475918,tap3,slow,normal,20260810_141717,True
1115202,0.0078,0.0351,1.0218,1115.202,500000,0.0039,0.0039000000000000007,0.11310000000000009,0.1132344028994723,tap3,slow,normal,20260810_141717,True
1117714,0.0078,0.039,1.0179,1117.714,500000,0.0039,0.007800000000000001,0.10920000000000007,0.10954766086046755,tap3,slow,normal,20260810_141717,True
1120215,0.0078,0.0273,1.0101,1120.215,500000,0.0039,-0.0038999999999999972,0.10140000000000005,0.10154988921707404,tap3,slow,normal,20260810_141717,True
1122731,0.0039,0.0273,1.014,1122.731,500000,0.0,-0.0038999999999999972,0.10530000000000006,0.10537219747162917,tap3,slow,normal,20260810_141717,True
1125208,0.0039,0.0195,1.0062,1125.208,500000,0.0,-0.011699999999999999,0.09750000000000003,0.09819949083371057,tap3,slow,normal,20260810_141717,True
1127718,0.0,0.0312,1.0062,1127.718,500000,-0.0039,0.0,0.09750000000000003,0.0975779688249351,tap3,slow,normal,20260810_141717,True
1130215,0.0,0.0468,0.9828,1130.215,500000,-0.0039,0.015600000000000003,0.07410000000000005,0.07582466617137203,tap3,slow,normal,20260810_141717,True
1132730,0.0195,0.0429,0.9906,1132.73,500000,0.0156,0.011700000000000002,0.08190000000000008,0.0841894292651994,tap3,slow,normal,20260810_141717,True
1135210,0.0039,0.0507,0.9984,1135.21,500000,0.0,0.019500000000000003,0.0897,0.0917950979083306,tap3,slow,normal,20260810_141717,True
1137721,0.0078,0.0234,0.9984,1137.721,500000,0.0039,-0.007799999999999998,0.0897,0.09012291606467247,tap3,slow,normal,20260810_141717,True
1140218,0.0078,0.0273,1.0062,1140.218,500000,0.0039,-0.0038999999999999972,0.09750000000000003,0.09765587539928156,tap3,slow,normal,20260810_141717,True
1142719,0.0039,0.0273,0.9945,1142.719,500000,0.0,-0.0038999999999999972,0.0858000000000001,0.08588859062762653,tap3,slow,normal,20260810_141717,True
1145225,0.0078,0.0273,0.9984,1145.225,500000,0.0039,-0.0038999999999999972,0.0897,0.08986940525006272,tap3,slow,normal,20260810_141717,True
1147723,0.0039,0.0312,0.9906,1147.723,500000,0.0,0.0,0.08190000000000008,0.08190000000000008,tap3,slow,normal,20260810_141717,True
1150226,0.0117,0.0312,0.975,1150.226,500000,0.0078000000000000005,0.0,0.06630000000000003,0.06675724679763241,tap3,slow,normal,20260810_141717,True
1152706,0.0078,0.0351,0.9906,1152.706,500000,0.0039,0.0039000000000000007,0.08190000000000008,0.08208550420141192,tap3,slow,normal,20260810_141717,True
1155226,0.0078,0.0312,0.9789,1155.226,500000,0.0039,0.0,0.07020000000000004,0.07030824987154784,tap3,slow,normal,20260810_141717,True
1157709,0.0117,0.0234,0.9945,1157.709,500000,0.0078000000000000005,-0.007799999999999998,0.0858000000000001,0.08650618474999355,tap3,slow,normal,20260810_141717,True
1160207,0.0078,0.0312,0.9828,1160.207,500000,0.0039,0.0,0.07410000000000005,0.07420256060271781,tap3,slow,normal,20260810_141717,True
1162729,0.0078,0.0273,0.975,1162.729,500000,0.0039,-0.0038999999999999972,0.06630000000000003,0.06652901622600475,tap3,slow,normal,20260810_141717,True
1165212,0.0117,0.0312,0.9789,1165.212,500000,0.0078000000000000005,0.0,0.07020000000000004,0.07063200407747189,tap3,slow,normal,20260810_141717,True
1167702,0.0078,0.0273,0.975,1167.702,500000,0.0039,-0.0038999999999999972,0.06630000000000003,0.06652901622600475,tap3,slow,normal,20260810_141717,True
1170203,0.0117,0.0273,0.9711,1170.203,500000,0.0078000000000000005,-0.0038999999999999972,0.06240000000000001,0.0630064282434737,tap3,slow,normal,20260810_141717,True
1172727,0.0039,0.0312,0.9828,1172.727,500000,0.0,0.0,0.07410000000000005,0.07410000000000005,tap3,slow,normal,20260810_141717,True
1175204,0.0039,0.0234,0.9789,1175.204,500000,0.0,-0.007799999999999998,0.07020000000000004,0.07063200407747189,tap3,slow,normal,20260810_141717,True
1177935,0.0039,0.0273,0.9828,1177.935,500000,0.0,-0.0038999999999999972,0.07410000000000005,0.07420256060271781,tap3,slow,normal,20260810_141717,True
1180202,0.0078,0.0234,0.9828,1180.202,500000,0.0039,-0.007799999999999998,0.07410000000000005,0.07461139323186512,tap3,slow,normal,20260810_141717,True
1182749,0.0078,0.0273,0.975,1182.749,500000,0.0039,-0.0038999999999999972,0.06630000000000003,0.06652901622600475,tap3,slow,normal,20260810_141717,True
1185203,0.0078,0.0351,0.9789,1185.203,500000,0.0039,0.0039000000000000007,0.07020000000000004,0.07041633333254442,tap3,slow,normal,20260810_141717,True
1187709,0.0078,0.0312,0.975,1187.709,500000,0.0039,0.0,0.06630000000000003,0.06641460682711299,tap3,slow,normal,20260810_141717,True
1190207,0.0039,0.0234,0.975,1190.207,500000,0.0,-0.007799999999999998,0.06630000000000003,0.06675724679763241,tap3,slow,normal,20260810_141717,True
1192707,0.0039,0.0234,0.9672,1192.707,500000,0.0,-0.007799999999999998,0.058499999999999996,0.059017709206644065,tap3,slow,normal,20260810_141717,True
1195228,0.0078,0.0312,0.9711,1195.228,500000,0.0039,0.0,0.06240000000000001,0.06252175621333746,tap3,slow,normal,20260810_141717,True
1197708,0.0078,0.0234,0.9672,1197.708,500000,0.0039,-0.007799999999999998,0.058499999999999996,0.05914642846360209,tap3,slow,normal,20260810_141717,True
1200224,0.0039,0.0351,0.9633,1200.224,500000,0.0,0.0039000000000000007,0.05460000000000009,0.05473910850571107,tap3,slow,normal,20260810_141717,True
1202725,0.0078,0.0195,0.9711,1202.725,500000,0.0039,-0.011699999999999999,0.06240000000000001,0.06360707507817036,tap3,slow,normal,20260810_141717,True
1205210,0.0117,0.0273,0.9555,1205.21,500000,0.0078000000000000005,-0.0038999999999999972,0.046800000000000064,0.0476055669013615,tap3,slow,normal,20260810_141717,True
1207725,0.0078,0.0351,0.9555,1207.725,500000,0.0039,0.0039000000000000007,0.046800000000000064,0.047123879297018896,tap3,slow,normal,20260810_141717,True
1210221,0.0039,0.0312,0.9477,1210.221,500000,0.0,0.0,0.039000000000000035,0.039000000000000035,tap3,slow,normal,20260810_141717,True
1212717,0.0039,0.0273,0.9477,1212.717,500000,0.0,-0.0038999999999999972,0.039000000000000035,0.039194514922371505,tap3,slow,normal,20260810_141717,True
1215201,0.0039,0.0273,0.9477,1215.201,500000,0.0,-0.0038999999999999972,0.039000000000000035,0.039194514922371505,tap3,slow,normal,20260810_141717,True
1217711,0.0039,0.0312,0.9594,1217.711,500000,0.0,0.0,0.05070000000000008,0.05070000000000008,tap3,slow,normal,20260810_141717,True
1220200,0.0039,0.0273,0.9672,1220.2,500000,0.0,-0.0038999999999999972,0.058499999999999996,0.058629855875654335,tap3,slow,normal,20260810_141717,True
1222710,0.0078,0.0312,0.9594,1222.71,500000,0.0039,0.0,0.05070000000000008,0.050849778760580736,tap3,slow,normal,20260810_141717,True
1225227,0.0117,0.0234,0.9516,1225.227,500000,0.0078000000000000005,-0.007799999999999998,0.04290000000000005,0.04429548509724218,tap3,slow,normal,20260810_141717,True
1227709,0.0117,0.0312,0.9477,1227.709,500000,0.0078000000000000005,0.0,0.039000000000000035,0.03977235220602375,tap3,slow,normal,20260810_141717,True
1230206,0.0117,0.0234,0.9594,1230.206,500000,0.0078000000000000005,-0.007799999999999998,0.05070000000000008,0.051886125313035346,tap3,slow,normal,20260810_141717,True
1232726,0.0117,0.0273,0.9516,1232.726,500000,0.0078000000000000005,-0.0038999999999999972,0.04290000000000005,0.04377739142525516,tap3,slow,normal,20260810_141717,True
1235213,0.0039,0.0273,0.9438,1235.213,500000,0.0,-0.0038999999999999972,0.03510000000000002,0.035316002038735944,tap3,slow,normal,20260810_141717,True
1237725,0.0078,0.039,0.9477,1237.725,500000,0.0039,0.007800000000000001,0.039000000000000035,0.039963107987242466,tap3,slow,normal,20260810_141717,True
1240221,0.0078,0.0351,0.9555,1240.221,500000,0.0039,0.0039000000000000007,0.046800000000000064,0.047123879297018896,tap3,slow,normal,20260810_141717,True
1242720,0.0039,0.0351,0.9555,1242.72,500000,0.0,0.0039000000000000007,0.046800000000000064,0.04696221885729002,tap3,slow,normal,20260810_141717,True
1245203,0.0078,0.0234,0.9555,1245.203,500000,0.0039,-0.007799999999999998,0.046800000000000064,0.0476055669013615,tap3,slow,normal,20260810_141717,True
1247710,0.0,0.039,0.9438,1247.71,500000,-0.0039,0.007800000000000001,0.03510000000000002,0.03616711213243327,tap3,slow,normal,20260810_141717,True
1250223,-1.248,1.7628,-1.0491,1250.223,500000,-1.2519,1.7316,-1.9577999999999998,2.8980464126718193,tap3,slow,normal,20260810_141717,True
1252704,5.0193,-4.3212,5.2338,1252.704,500000,5.0154000000000005,-4.3524,4.3251,7.924904600687633,tap3,slow,normal,20260810_141717,True
1255228,0.1794,-1.1583,0.6591,1255.228,500000,0.17550000000000002,-1.1895,-0.24959999999999993,1.228010855000883,tap3,slow,normal,20260810_141717,True
1257711,0.6123,-0.3237,1.3728,1257.711,500000,0.6083999999999999,-0.3549,0.46410000000000007,0.8435006698278312,tap3,slow,normal,20260810_141717,True
1260204,-0.0429,0.4173,0.6435,1260.204,500000,-0.0468,0.3861,-0.2652,0.4707382393645114,tap3,slow,normal,20260810_141717,True
1262724,0.1131,0.0234,0.9321,1262.724,500000,0.1092,-0.007799999999999998,0.023400000000000087,0.11195106073637714,tap3,slow,normal,20260810_141717,True
1265217,0.1365,0.2613,0.9711,1265.217,500000,0.13260000000000002,0.23009999999999997,0.06240000000000001,0.2728049303073535,tap3,slow,normal,20260810_141717,True
1267729,0.117,0.4992,0.7059,1267.729,500000,0.1131,0.46799999999999997,-0.20279999999999998,0.5224399008498489,tap3,slow,normal,20260810_141717,True
1270226,0.3237,-0.4563,1.2636,1270.226,500000,0.3198,-0.4875,0.3549000000000001,0.6825557120118474,tap3,slow,normal,20260810_141717,True
1272705,-0.0819,-0.0234,0.9477,1272.705,500000,-0.0858,-0.054599999999999996,0.039000000000000035,0.10892107234139775,tap3,slow,normal,20260810_141717,True
1275200,0.0468,0.117,0.9906,1275.2,500000,0.0429,0.08580000000000002,0.08190000000000008,0.12613350070461066,tap3,slow,normal,20260810_141717,True
1277725,-0.0039,-0.0468,0.9945,1277.725,500000,-0.0078,-0.078,0.0858000000000001,0.11621738252086053,tap3,slow,normal,20260810_141717,True
1280209,0.0546,0.0741,1.0452,1280.209,500000,0.0507,0.0429,0.13649999999999995,0.15179970355702277,tap3,slow,normal,20260810_141717,True
1282742,-0.039,-0.0117,1.014,1282.742,500000,-0.0429,-0.0429,0.10530000000000006,0.12152740431688654,tap3,slow,normal,20260810_141717,True
1285219,-0.0078,0.0195,1.0101,1285.219,500000,-0.011699999999999999,-0.011699999999999999,0.10140000000000005,0.10274113100409207,tap3,slow,normal,20260810_141717,True
1288121,0.039,0.0702,1.0374,1288.121,500000,0.0351,0.039,0.12870000000000015,0.13898453151340273,tap3,slow,normal,20260810_141717,True
1290203,0.0156,-0.0078,1.0023,1290.203,500000,0.011699999999999999,-0.039,0.09360000000000002,0.10207276816075875,tap3,slow,normal,20260810_141717,True
1292740,0.0273,0.0195,1.0413,1292.74,500000,0.0234,-0.011699999999999999,0.13259999999999994,0.1351562429190749,tap3,slow,normal,20260810_141717,True
1295229,-0.0156,0.0351,1.0452,1295.229,500000,-0.0195,0.0039000000000000007,0.13649999999999995,0.13794096563385363,tap3,slow,normal,20260810_141717,True
1297709,0.0039,0.0312,1.0413,1297.709,500000,0.0,0.0,0.13259999999999994,0.13259999999999994,tap3,slow,normal,20260810_141717,True
1300206,0.0195,0.0429,1.0413,1300.206,500000,0.0156,0.011700000000000002,0.13259999999999994,0.1340261541640287,tap3,slow,normal,20260810_141717,True
1302731,0.0,0.0429,1.0647,1302.731,500000,-0.0039,0.011700000000000002,0.15600000000000003,0.1564867406523633,tap3,slow,normal,20260810_141717,True
1305214,0.0039,0.0351,1.0725,1305.214,500000,0.0,0.0039000000000000007,0.16380000000000006,0.1638464219932801,tap3,slow,normal,20260810_141717,True
1307725,-0.0351,0.0117,1.0608,1307.725,500000,-0.039,-0.019499999999999997,0.1521,0.15822660964578622,tap3,slow,normal,20260810_141717,True
1310221,-0.0156,-0.0546,1.1115,1310.221,500000,-0.0195,-0.0858,0.20279999999999998,0.22106499044398684,tap3,slow,normal,20260810_141717,True
1312720,-0.0429,-0.0585,1.0881,1312.72,500000,-0.0468,-0.0897,0.17940000000000011,0.20596283645357005,tap3,slow,normal,20260810_141717,True
1315203,0.0117,-0.0897,1.1076,1315.203,500000,0.0078000000000000005,-0.12090000000000001,0.19889999999999997,0.23289237857860437,tap3,slow,normal,20260810_141717,True
1317716,-0.0507,-0.2574,1.1583,1317.716,500000,-0.0546,-0.2886,0.24960000000000016,0.38544945193890223,tap3,slow,normal,20260810_141717,True
1320209,-0.0507,-0.2574,1.1583,1320.209,500000,-0.0546,-0.2886,0.24960000000000016,0.38544945193890223,tap3,slow,normal,20260810_141717,True
1322723,-0.0312,-0.0078,1.092,1322.723,500000,-0.0351,-0.039,0.18330000000000013,0.19066174236065306,tap3,slow,normal,20260810_141717,True
1325207,0.0312,0.2262,1.0062,1325.207,500000,0.027299999999999998,0.195,0.09750000000000003,0.2197192299276511,tap3,slow,normal,20260810_141717,True
1327718,0.0819,0.3315,0.9984,1327.718,500000,0.078,0.3003,0.0897,0.3229708655591089,tap3,slow,normal,20260810_141717,True
1330202,0.0858,0.2418,0.9516,1330.202,500000,0.0819,0.21059999999999998,0.04290000000000005,0.230000826085473,tap3,slow,normal,20260810_141717,True
1332731,0.039,0.0858,1.0803,1332.731,500000,0.0351,0.0546,0.17160000000000009,0.18346588238688966,tap3,slow,normal,20260810_141717,True
1335210,-0.0117,-0.0585,1.1193,1335.21,500000,-0.0156,-0.0897,0.2106,0.22943803084929057,tap3,slow,normal,20260810_141717,True
1337721,-0.0234,-0.1521,1.1817,1337.721,500000,-0.0273,-0.18330000000000002,0.273,0.32995936113406454,tap3,slow,normal,20260810_141717,True
1340219,-0.0078,-0.0702,1.1349,1340.219,500000,-0.011699999999999999,-0.10139999999999999,0.22620000000000007,0.24816383701095537,tap3,slow,normal,20260810_141717,True
1342718,0.0039,0.0585,1.0725,1342.718,500000,0.0,0.027300000000000005,0.16380000000000006,0.16605941707714145,tap3,slow,normal,20260810_141717,True
1345204,0.039,0.1248,1.0374,1345.204,500000,0.0351,0.09359999999999999,0.12870000000000015,0.1629621428430543,tap3,slow,normal,20260810_141717,True
1347709,0.0312,0.1248,1.0218,1347.709,500000,0.027299999999999998,0.09359999999999999,0.11310000000000009,0.1493246798087979,tap3,slow,normal,20260810_141717,True
1350206,0.0078,0.039,1.0686,1350.206,500000,0.0039,0.007800000000000001,0.15990000000000004,0.16013762830765296,tap3,slow,normal,20260810_141717,True
1352736,0.0039,-0.039,1.0998,1352.736,500000,0.0,-0.0702,0.19110000000000016,0.20358597692375588,tap3,slow,normal,20260810_141717,True
1355219,-0.0039,-0.0507,1.0998,1355.219,500000,-0.0078,-0.0819,0.19110000000000016,0.20805686722624672,tap3,slow,normal,20260810_141717,True
1357702,0.0,-0.0039,1.0686,1357.702,500000,-0.0039,-0.0351,0.15990000000000004,0.16375356484669276,tap3,slow,normal,20260810_141717,True
1360201,0.0039,0.0507,1.0413,1360.201,500000,0.0,0.019500000000000003,0.13259999999999994,0.1340261541640287,tap3,slow,normal,20260810_141717,True
1362730,0.0156,0.0819,1.0257,1362.73,500000,0.011699999999999999,0.0507,0.1170000000000001,0.1280483502431797,tap3,slow,normal,20260810_141717,True
1365219,0.0195,0.0741,1.0257,1365.219,500000,0.0156,0.0429,0.1170000000000001,0.12558968906721613,tap3,slow,normal,20260810_141717,True
1367703,0.0078,0.0195,1.0413,1367.703,500000,0.0039,-0.011699999999999999,0.13259999999999994,0.13317229441591816,tap3,slow,normal,20260810_141717,True
1370229,0.0,-0.0078,1.0608,1370.229,500000,-0.0039,-0.039,0.1521,0.1570688384116977,tap3,slow,normal,20260810_141717,True
1372720,0.0,-0.0234,1.0569,1372.72,500000,-0.0039,-0.054599999999999996,0.1482,0.1579861069841269,tap3,slow,normal,20260810_141717,True
1375207,0.0039,0.0078,1.0374,1375.207,500000,0.0,-0.023399999999999997,0.12870000000000015,0.13080997668373784,tap3,slow,normal,20260810_141717,True
1377727,0.0078,0.0468,1.014,1377.727,500000,0.0039,0.015600000000000003,0.10530000000000006,0.10652070221323183,tap3,slow,normal,20260810_141717,True
1380226,0.0078,0.0546,1.0218,1380.226,500000,0.0039,0.023400000000000004,0.11310000000000009,0.11556115264222672,tap3,slow,normal,20260810_141717,True
1382728,0.0078,0.0429,1.014,1382.728,500000,0.0039,0.011700000000000002,0.10530000000000006,0.10601976230873192,tap3,slow,normal,20260810_141717,True
1385212,0.0078,0.0273,1.014,1385.212,500000,0.0039,-0.0038999999999999972,0.10530000000000006,0.1054443455098471,tap3,slow,normal,20260810_141717,True
1387830,0.0039,0.0117,1.0179,1387.83,500000,0.0,-0.019499999999999997,0.10920000000000007,0.11092740869595763,tap3,slow,normal,20260810_141717,True
1390206,0.0,0.0078,1.0296,1390.206,500000,-0.0039,-0.023399999999999997,0.12090000000000012,0.12320543819166437,tap3,slow,normal,20260810_141717,True
1392712,0.0,0.0273,1.0179,1392.712,500000,-0.0039,-0.0038999999999999972,0.10920000000000007,0.10933919699723432,tap3,slow,normal,20260810_141717,True
1395225,0.0039,0.0351,1.0062,1395.225,500000,0.0,0.0039000000000000007,0.09750000000000003,0.0975779688249351,tap3,slow,normal,20260810_141717,True
1397708,0.0039,0.0429,1.014,1397.708,500000,0.0,0.011700000000000002,0.10530000000000006,0.10594800611620783,tap3,slow,normal,20260810_141717,True
1400313,0.0078,0.0351,1.014,1400.313,500000,0.0039,0.0039000000000000007,0.10530000000000006,0.1054443455098471,tap3,slow,normal,20260810_141717,True
1402728,0.0039,0.0195,1.014,1402.728,500000,0.0,-0.011699999999999999,0.10530000000000006,0.10594800611620783,tap3,slow,normal,20260810_141717,True
1405220,0.0,0.0234,1.0101,1405.22,500000,-0.0039,-0.007799999999999998,0.10140000000000005,0.10177430913545918,tap3,slow,normal,20260810_141717,True
1407702,0.0078,0.0351,1.0062,1407.702,500000,0.0039,0.0039000000000000007,0.09750000000000003,0.09765587539928156,tap3,slow,normal,20260810_141717,True
1410200,0.0078,0.039,0.9945,1410.2,500000,0.0039,0.007800000000000001,0.0858000000000001,0.08624204311123443,tap3,slow,normal,20260810_141717,True
1412720,0.0117,0.0351,0.9945,1412.72,500000,0.0078000000000000005,0.0039000000000000007,0.0858000000000001,0.08624204311123443,tap3,slow,normal,20260810_141717,True
1415226,0.0078,0.0351,0.9984,1415.226,500000,0.0039,0.0039000000000000007,0.0897,0.08986940525006272,tap3,slow,normal,20260810_141717,True
1417715,0.0,0.0351,0.9945,1417.715,500000,-0.0039,0.0039000000000000007,0.0858000000000001,0.08597708997168965,tap3,slow,normal,20260810_141717,True
1420201,0.0039,0.0234,0.9984,1420.201,500000,0.0,-0.007799999999999998,0.0897,0.09003849176879852,tap3,slow,normal,20260810_141717,True
1422717,0.0039,0.0234,0.9945,1422.717,500000,0.0,-0.007799999999999998,0.0858000000000001,0.08615381593406073,tap3,slow,normal,20260810_141717,True
1425203,0.0039,0.0234,0.9945,1425.203,500000,0.0,-0.007799999999999998,0.0858000000000001,0.08615381593406073,tap3,slow,normal,20260810_141717,True
1427711,0.0078,0.0273,0.9945,1427.711,500000,0.0039,-0.0038999999999999972,0.0858000000000001,0.08597708997168965,tap3,slow,normal,20260810_141717,True
1430208,0.0078,0.0312,0.9867,1430.208,500000,0.0039,0.0,0.07800000000000007,0.07809743913855313,tap3,slow,normal,20260810_141717,True
1432730,0.0078,0.0351,0.9906,1432.73,500000,0.0039,0.0039000000000000007,0.08190000000000008,0.08208550420141192,tap3,slow,normal,20260810_141717,True
1435210,0.0039,0.0312,0.9828,1435.21,500000,0.0,0.0,0.07410000000000005,0.07410000000000005,tap3,slow,normal,20260810_141717,True
1437723,0.0,0.0351,0.9945,1437.723,500000,-0.0039,0.0039000000000000007,0.0858000000000001,0.08597708997168965,tap3,slow,normal,20260810_141717,True
1440222,0.0117,0.0234,0.9945,1440.222,500000,0.0078000000000000005,-0.007799999999999998,0.0858000000000001,0.08650618474999355,tap3,slow,normal,20260810_141717,True
1442718,0.0078,0.0195,0.9945,1442.718,500000,0.0039,-0.011699999999999999,0.0858000000000001,0.08668183200648229,tap3,slow,normal,20260810_141717,True
1445229,0.0156,0.0273,0.9828,1445.229,500000,0.011699999999999999,-0.0038999999999999972,0.07410000000000005,0.07511930510860712,tap3,slow,normal,20260810_141717,True
1447709,0.0078,0.0156,0.9945,1447.709,500000,0.0039,-0.0156,0.0858000000000001,0.08729381421383772,tap3,slow,normal,20260810_141717,True
1450206,0.0039,0.0312,0.9867,1450.206,500000,0.0,0.0,0.07800000000000007,0.07800000000000007,tap3,slow,normal,20260810_141717,True
1452727,0.0039,0.0312,0.9828,1452.727,500000,0.0,0.0,0.07410000000000005,0.07410000000000005,tap3,slow,normal,20260810_141717,True
1455222,0.0039,0.0312,0.9828,1455.222,500000,0.0,0.0,0.07410000000000005,0.07410000000000005,tap3,slow,normal,20260810_141717,True
1457704,0.0078,0.0234,0.9828,1457.704,500000,0.0039,-0.007799999999999998,0.07410000000000005,0.07461139323186512,tap3,slow,normal,20260810_141717,True
1460216,0.0078,0.0273,0.9828,1460.216,500000,0.0039,-0.0038999999999999972,0.07410000000000005,0.0743049796447049,tap3,slow,normal,20260810_141717,True
1462750,0.0117,0.0273,0.9633,1462.75,500000,0.0078000000000000005,-0.0038999999999999972,0.05460000000000009,0.05529204282715561,tap3,slow,normal,20260810_141717,True
1465226,0.0078,0.0351,0.975,1465.226,500000,0.0039,0.0039000000000000007,0.06630000000000003,0.06652901622600475,tap3,slow,normal,20260810_141717,True
1467709,0.0078,0.039,0.9789,1467.709,500000,0.0039,0.007800000000000001,0.07020000000000004,0.07073959287414655,tap3,slow,normal,20260810_141717,True
1470206,0.0039,0.0351,0.9789,1470.206,500000,0.0,0.0039000000000000007,0.07020000000000004,0.07030824987154784,tap3,slow,normal,20260810_141717,True
1472725,0.0,0.0273,0.9711,1472.725,500000,-0.0039,-0.0038999999999999972,0.06240000000000001,0.06264327577641515,tap3,slow,normal,20260810_141717,True
1475209,0.0039,0.0273,0.975,1475.209,500000,0.0,-0.0038999999999999972,0.06630000000000003,0.06641460682711299,tap3,slow,normal,20260810_141717,True
1477701,0.0039,0.0195,0.9711,1477.701,500000,0.0,-0.011699999999999999,0.06240000000000001,0.06348740032478886,tap3,slow,normal,20260810_141717,True
1480227,0.0078,0.0156,0.9711,1480.227,500000,0.0039,-0.0156,0.06240000000000001,0.0644385754032474,tap3,slow,normal,20260810_141717,True
1482731,0.0078,0.0234,0.9711,1482.731,500000,0.0039,-0.007799999999999998,0.06240000000000001,0.0630064282434737,tap3,slow,normal,20260810_141717,True
1485208,0.0078,0.0273,0.9711,1485.208,500000,0.0039,-0.0038999999999999972,0.06240000000000001,0.06264327577641515,tap3,slow,normal,20260810_141717,True
1487845,0.0039,0.0234,0.9711,1487.845,500000,0.0,-0.007799999999999998,0.06240000000000001,0.0628856104367287,tap3,slow,normal,20260810_141717,True
1490212,0.0078,0.0312,0.9633,1490.212,500000,0.0039,0.0,0.05460000000000009,0.05473910850571107,tap3,slow,normal,20260810_141717,True
1492734,0.0117,0.0273,0.9555,1492.734,500000,0.0078000000000000005,-0.0038999999999999972,0.046800000000000064,0.0476055669013615,tap3,slow,normal,20260810_141717,True
1495211,0.0039,0.0234,0.9711,1495.211,500000,0.0,-0.007799999999999998,0.06240000000000001,0.0628856104367287,tap3,slow,normal,20260810_141717,True
1497726,0.0078,0.0234,0.9633,1497.726,500000,0.0039,-0.007799999999999998,0.05460000000000009,0.05529204282715561,tap3,slow,normal,20260810_141717,True
1500222,0.0039,0.0195,0.9672,1500.222,500000,0.0,-0.011699999999999999,0.058499999999999996,0.05965852830903558,tap3,slow,normal,20260810_141717,True
1502716,0.0039,0.0234,0.9633,1502.716,500000,0.0,-0.007799999999999998,0.05460000000000009,0.055154328932550796,tap3,slow,normal,20260810_141717,True
1505222,0.0117,0.0195,0.9594,1505.222,500000,0.0078000000000000005,-0.011699999999999999,0.05070000000000008,0.05261387649660504,tap3,slow,normal,20260810_141717,True
1507705,0.0078,0.0273,0.9594,1507.705,500000,0.0039,-0.0038999999999999972,0.05070000000000008,0.05099911763942596,tap3,slow,normal,20260810_141717,True
1510201,0.0156,0.0234,0.9555,1510.201,500000,0.011699999999999999,-0.007799999999999998,0.046800000000000064,0.04886685993595257,tap3,slow,normal,20260810_141717,True
1512724,0.0078,0.0234,0.9516,1512.724,500000,0.0039,-0.007799999999999998,0.04290000000000005,0.04377739142525516,tap3,slow,normal,20260810_141717,True
1515202,0.0078,0.0273,0.9594,1515.202,500000,0.0039,-0.0038999999999999972,0.05070000000000008,0.05099911763942596,tap3,slow,normal,20260810_141717,True
1517714,0.0078,0.0234,0.9516,1517.714,500000,0.0039,-0.007799999999999998,0.04290000000000005,0.04377739142525516,tap3,slow,normal,20260810_141717,True
1520200,0.0078,0.0273,0.9594,1520.2,500000,0.0039,-0.0038999999999999972,0.05070000000000008,0.05099911763942596,tap3,slow,normal,20260810_141717,True
1522710,0.0078,0.0234,0.9555,1522.71,500000,0.0039,-0.007799999999999998,0.046800000000000064,0.0476055669013615,tap3,slow,normal,20260810_141717,True
1525221,0.0039,0.0273,0.9555,1525.221,500000,0.0,-0.0038999999999999972,0.046800000000000064,0.04696221885729002,tap3,slow,normal,20260810_141717,True
1527720,0.0039,0.0195,0.9516,1527.72,500000,0.0,-0.011699999999999999,0.04290000000000005,0.04446684157886643,tap3,slow,normal,20260810_141717,True
1530221,0.0039,0.0195,0.9516,1530.221,500000,0.0,-0.011699999999999999,0.04290000000000005,0.04446684157886643,tap3,slow,normal,20260810_141717,True
1532718,0.0039,0.0234,0.9555,1532.718,500000,0.0,-0.007799999999999998,0.046800000000000064,0.04744554773632618,tap3,slow,normal,20260810_141717,True
1535203,0.0078,0.0273,0.9516,1535.203,500000,0.0039,-0.0038999999999999972,0.04290000000000005,0.04325309237499678,tap3,slow,normal,20260810_141717,True
1537709,0.0039,0.0351,0.9594,1537.709,500000,0.0,0.0039000000000000007,0.05070000000000008,0.050849778760580736,tap3,slow,normal,20260810_141717,True
1540205,0.0039,0.0429,0.9633,1540.205,500000,0.0,0.011700000000000002,0.05460000000000009,0.05583950214677787,tap3,slow,normal,20260810_141717,True
1542729,0.0078,0.0351,0.9516,1542.729,500000,0.0039,0.0039000000000000007,0.04290000000000005,0.04325309237499678,tap3,slow,normal,20260810_141717,True
1545213,0.0039,0.0234,0.9633,1545.213,500000,0.0,-0.007799999999999998,0.05460000000000009,0.055154328932550796,tap3,slow,normal,20260810_141717,True
1547725,0.0039,0.0273,0.9555,1547.725,500000,0.0,-0.0038999999999999972,0.046800000000000064,0.04696221885729002,tap3,slow,normal,20260810_141717,True
1550224,0.0078,0.0273,0.9594,1550.224,500000,0.0039,-0.0038999999999999972,0.05070000000000008,0.05099911763942596,tap3,slow,normal,20260810_141717,True
1552721,-0.0039,0.0351,0.9594,1552.721,500000,-0.0078,0.0039000000000000007,0.05070000000000008,0.05144453323726446,tap3,slow,normal,20260810_141717,True
1555228,0.0,0.0273,0.9633,1555.228,500000,-0.0039,-0.0038999999999999972,0.05460000000000009,0.05487786438993422,tap3,slow,normal,20260810_141717,True
1557716,0.0078,0.0234,0.9672,1557.716,500000,0.0039,-0.007799999999999998,0.058499999999999996,0.05914642846360209,tap3,slow,normal,20260810_141717,True
1560222,0.0039,0.0312,0.9555,1560.222,500000,0.0,0.0,0.046800000000000064,0.046800000000000064,tap3,slow,normal,20260810_141717,True
1562702,0.0078,0.0312,0.9633,1562.702,500000,0.0039,0.0,0.05460000000000009,0.05473910850571107,tap3,slow,normal,20260810_141717,True
1565227,0.0156,0.0351,0.9516,1565.227,500000,0.011699999999999999,0.0039000000000000007,0.04290000000000005,0.04463754025481247,tap3,slow,normal,20260810_141717,True
1567720,0.0039,0.0312,0.9516,1567.72,500000,0.0,0.0,0.04290000000000005,0.04290000000000005,tap3,slow,normal,20260810_141717,True
1570219,0.0078,0.0351,0.9555,1570.219,500000,0.0039,0.0039000000000000007,0.046800000000000064,0.047123879297018896,tap3,slow,normal,20260810_141717,True
1572714,0.0039,0.039,0.9477,1572.714,500000,0.0,0.007800000000000001,0.039000000000000035,0.03977235220602375,tap3,slow,normal,20260810_141717,True
1575221,0.0078,0.0312,0.9477,1575.221,500000,0.0039,0.0,0.039000000000000035,0.039194514922371505,tap3,slow,normal,20260810_141717,True
1577713,0.0117,0.0273,0.9594,1577.713,500000,0.0078000000000000005,-0.0038999999999999972,0.05070000000000008,0.05144453323726446,tap3,slow,normal,20260810_141717,True
1580211,0.0078,0.0273,0.9477,1580.211,500000,0.0039,-0.0038999999999999972,0.039000000000000035,0.039388069259612135,tap3,slow,normal,20260810_141717,True
1582712,0.0039,0.0312,0.9477,1582.712,500000,0.0,0.0,0.039000000000000035,0.039000000000000035,tap3,slow,normal,20260810_141717,True
1585222,0.4212,0.4173,0.3939,1585.222,500000,0.4173,0.3861,-0.5147999999999999,0.7669625414581862,tap3,slow,normal,20260810_141717,True
1587783,-2.8041,2.6598,1.4118,1587.783,500000,-2.808,2.6286,0.5031,3.879112214154161,tap3,slow,normal,20260810_141717,True
1590200,-5.6745,-1.053,0.1365,1590.2,500000,-5.6784,-1.0841999999999998,-0.7722,5.8323244971451995,tap3,slow,normal,20260810_141717,True
1592733,-3.3033,-0.1053,0.585,1592.733,500000,-3.3072,-0.1365,-0.3237,3.3258060346328073,tap3,slow,normal,20260810_141717,True
1595220,-0.8424,0.3315,0.4251,1595.22,500000,-0.8463,0.3003,-0.4836,1.0199376157393156,tap3,slow,normal,20260810_141717,True
1597702,0.5616,-0.0741,1.2441,1597.702,500000,0.5577,-0.1053,0.33540000000000003,0.6592499829351534,tap3,slow,normal,20260810_141717,True
1600200,-0.0234,-0.0117,0.975,1600.2,500000,-0.0273,-0.0429,0.06630000000000003,0.08355471261395137,tap3,slow,normal,20260810_141717,True
1602724,-0.0312,0.4836,0.7839,1602.724,500000,-0.0351,0.45239999999999997,-0.12479999999999991,0.47060897781491584,tap3,slow,normal,20260810_141717,True
1605208,0.0936,0.3354,0.7839,1605.208,500000,0.0897,0.30419999999999997,-0.12479999999999991,0.3408207300033259,tap3,slow,normal,20260810_141717,True
1607719,0.1209,-0.0273,1.0998,1607.719,500000,0.11699999999999999,-0.058499999999999996,0.19110000000000016,0.2315825122931351,tap3,slow,normal,20260810_141717,True
1610216,0.0936,0.117,1.0023,1610.216,500000,0.0897,0.08580000000000002,0.09360000000000002,0.15546282513835907,tap3,slow,normal,20260810_141717,True
1612710,0.0,0.0507,0.9945,1612.71,500000,-0.0039,0.019500000000000003,0.0858000000000001,0.08807440036696257,tap3,slow,normal,20260810_141717,True
1615226,0.0,0.0039,1.0608,1615.226,500000,-0.0039,-0.027299999999999998,0.1521,0.15457978522433005,tap3,slow,normal,20260810_141717,True
1617711,0.0585,0.0585,1.0257,1617.711,500000,0.0546,0.027300000000000005,0.1170000000000001,0.13196760966237142,tap3,slow,normal,20260810_141717,True
1620226,-0.0312,0.0,1.014,1620.226,500000,-0.0351,-0.0312,0.10530000000000006,0.11529761489293702,tap3,slow,normal,20260810_141717,True
1622703,0.0585,0.0429,1.0374,1622.703,500000,0.0546,0.011700000000000002,0.12870000000000015,0.14029162483911875,tap3,slow,normal,20260810_141717,True
1625222,0.0078,0.0312,1.0179,1625.222,500000,0.0039,0.0,0.10920000000000007,0.10926962066375089,tap3,slow,normal,20260810_141717,True
1627705,0.0039,-0.0039,1.0257,1627.705,500000,0.0,-0.0351,0.1170000000000001,0.12215158615425353,tap3,slow,normal,20260810_141717,True
1630203,0.0039,0.0429,1.0491,1630.203,500000,0.0,0.011700000000000002,0.14039999999999997,0.14088665657186983,tap3,slow,normal,20260810_141717,True
1632725,0.0039,0.0117,1.0413,1632.725,500000,0.0,-0.019499999999999997,0.13259999999999994,0.1340261541640287,tap3,slow,normal,20260810_141717,True
1635208,0.0039,0.0117,1.0413,1635.208,500000,0.0,-0.019499999999999997,0.13259999999999994,0.1340261541640287,tap3,slow,normal,20260810_141717,True
1637722,-0.0039,0.0351,1.0569,1637.722,500000,-0.0078,0.0039000000000000007,0.1482,0.1484563572232594,tap3,slow,normal,20260810_141717,True
1640221,0.0234,0.0156,1.0335,1640.221,500000,0.0195,-0.0156,0.12480000000000013,0.12727391720222975,tap3,slow,normal,20260810_141717,True
1642723,0.0234,0.0234,1.0608,1642.723,500000,0.0195,-0.007799999999999998,0.1521,0.15354315354323034,tap3,slow,normal,20260810_141717,True
1645202,0.0117,0.0195,1.053,1645.202,500000,0.0078000000000000005,-0.011699999999999999,0.14429999999999998,0.14498351630444062,tap3,slow,normal,20260810_141717,True
1647708,-0.0078,-0.0117,1.0959,1647.708,500000,-0.011699999999999999,-0.0429,0.18720000000000014,0.1924087835832867,tap3,slow,normal,20260810_141717,True
1650206,0.0039,-0.0195,1.1076,1650.206,500000,0.0,-0.050699999999999995,0.19889999999999997,0.20526007892427595,tap3,slow,normal,20260810_141717,True
1652728,-0.0117,0.0117,1.1076,1652.728,500000,-0.0156,-0.019499999999999997,0.19889999999999997,0.20046151750398375,tap3,slow,normal,20260810_141717,True
1655212,-0.0039,0.0273,1.0764,1655.212,500000,-0.0078,-0.0038999999999999972,0.16770000000000007,0.16792659110456576,tap3,slow,normal,20260810_141717,True
1657706,-0.0078,0.0546,1.1037,1657.706,500000,-0.011699999999999999,0.023400000000000004,0.19499999999999995,0.1967471727878192,tap3,slow,normal,20260810_141717,True
1660218,-0.0195,0.0273,1.0608,1660.218,500000,-0.0234,-0.0038999999999999972,0.1521,0.1539388839767263,tap3,slow,normal,20260810_141717,True
1662702,-0.0234,0.0546,1.0686,1662.702,500000,-0.0273,0.023400000000000004,0.15990000000000004,0.16389283083771544,tap3,slow,normal,20260810_141717,True
1665225,0.0039,0.0234,1.1076,1665.225,500000,0.0,-0.007799999999999998,0.19889999999999997,0.19905288242072755,tap3,slow,normal,20260810_141717,True
1667718,0.0819,0.0195,1.092,1667.718,500000,0.078,-0.011699999999999999,0.18330000000000013,0.1995489413652702,tap3,slow,normal,20260810_141717,True
1670215,-0.4056,-0.0936,1.1544,1670.215,500000,-0.40950000000000003,-0.1248,0.24570000000000014,0.49359272685079153,tap3,slow,normal,20260810_141717,True
1672711,-0.0663,-0.0468,1.1622,1672.711,500000,-0.0702,-0.078,0.25349999999999995,0.2743616044566003,tap3,slow,normal,20260810_141717,True
1675222,0.0741,0.1092,1.0725,1675.222,500000,0.0702,0.07800000000000001,0.16380000000000006,0.19453143704810288,tap3,slow,normal,20260810_141717,True
1677713,0.0468,0.195,0.9984,1677.713,500000,0.0429,0.1638,0.0897,0.19161664854599667,tap3,slow,normal,20260810_141717,True
1680209,0.0429,0.1716,1.0491,1680.209,500000,0.039,0.1404,0.14039999999999997,0.2023494996287364,tap3,slow,normal,20260810_141717,True
1682711,0.0273,0.1053,1.0569,1682.711,500000,0.0234,0.0741,0.1482,0.16733681603281447,tap3,slow,normal,20260810_141717,True
1685220,0.0117,0.0,1.1154,1685.22,500000,0.0078000000000000005,-0.0312,0.2067,0.2091869259777006,tap3,slow,normal,20260810_141717,True
1687776,-0.0078,-0.0819,1.1427,1687.776,500000,-0.011699999999999999,-0.1131,0.2340000000000001,0.2601624492504636,tap3,slow,normal,20260810_141717,True
1690228,-0.0039,-0.0546,1.131,1690.228,500000,-0.0078,-0.0858,0.22230000000000005,0.23841092676301567,tap3,slow,normal,20260810_141717,True
1692710,0.0156,0.0156,1.0998,1692.71,500000,0.011699999999999999,-0.0156,0.19110000000000016,0.19209232155398626,tap3,slow,normal,20260810_141717,True
1695222,0.0195,0.0936,1.0686,1695.222,500000,0.0156,0.062400000000000004,0.15990000000000004,0.172351762393078,tap3,slow,normal,20260810_141717,True
1697705,0.0312,0.0936,1.0608,1697.705,500000,0.027299999999999998,0.062400000000000004,0.1521,0.1666537128299277,tap3,slow,normal,20260810_141717,True
1700202,0.0156,0.0507,1.0725,1700.202,500000,0.011699999999999999,0.019500000000000003,0.16380000000000006,0.16537103736749073,tap3,slow,normal,20260810_141717,True
1702724,0.0039,0.0039,1.092,1702.724,500000,0.0,-0.027299999999999998,0.18330000000000013,0.185321828180061,tap3,slow,normal,20260810_141717,True
1705202,-0.0039,-0.0234,1.1115,1705.202,500000,-0.0078,-0.054599999999999996,0.20279999999999998,0.21016621993079665,tap3,slow,normal,20260810_141717,True
1707709,0.0039,-0.0078,1.0959,1707.709,500000,0.0,-0.039,0.18720000000000014,0.19121935048524785,tap3,slow,normal,20260810_141717,True
1710205,0.0,0.0312,1.0686,1710.205,500000,-0.0039,0.0,0.15990000000000004,0.1599475539043971,tap3,slow,normal,20260810_141717,True
1712726,0.0117,0.0585,1.0413,1712.726,500000,0.0078000000000000005,0.027300000000000005,0.13259999999999994,0.1356056414755669,tap3,slow,normal,20260810_141717,True
1715210,0.0078,0.0546,1.0452,1715.21,500000,0.0039,0.023400000000000004,0.13649999999999995,0.13854609341298654,tap3,slow,normal,20260810_141717,True
1717701,0.0078,0.0195,1.0569,1717.701,500000,0.0039,-0.011699999999999999,0.1482,0.14871227252651342,tap3,slow,normal,20260810_141717,True
1720209,0.0,0.0078,1.053,1720.209,500000,-0.0039,-0.023399999999999997,0.14429999999999998,0.14623699942217083,tap3,slow,normal,20260810_141717,True
1722701,-0.0039,0.0039,1.0725,1722.701,500000,-0.0078,-0.027299999999999998,0.16380000000000006,0.16624250359038756,tap3,slow,normal,20260810_141717,True
1725223,0.0078,0.0078,1.0491,1725.223,500000,0.0039,-0.023399999999999997,0.14039999999999997,0.14239006285552372,tap3,slow,normal,20260810_141717,True
1727707,0.0,0.0273,1.0452,1727.707,500000,-0.0039,-0.0038999999999999972,0.13649999999999995,0.1366113831274685,tap3,slow,normal,20260810_141717,True
1730205,0.0117,0.0429,1.0335,1730.205,500000,0.0078000000000000005,0.011700000000000002,0.12480000000000013,0.12558968906721615,tap3,slow,normal,20260810_141717,True
1732726,0.0078,0.0351,1.0335,1732.726,500000,0.0039,0.0039000000000000007,0.12480000000000013,0.12492181554876647,tap3,slow,normal,20260810_141717,True
1735210,0.0039,0.0273,1.0374,1735.21,500000,0.0,-0.0038999999999999972,0.12870000000000015,0.12875907734990974,tap3,slow,normal,20260810_141717,True
1737721,0.0039,0.0273,1.0374,1737.721,500000,0.0,-0.0038999999999999972,0.12870000000000015,0.12875907734990974,tap3,slow,normal,20260810_141717,True
1740217,0.0039,0.0117,1.0374,1740.217,500000,0.0,-0.019499999999999997,0.12870000000000015,0.1301688902925735,tap3,slow,normal,20260810_141717,True
1742714,0.0039,0.0156,1.0296,1742.714,500000,0.0,-0.0156,0.12090000000000012,0.12190229694308483,tap3,slow,normal,20260810_141717,True
1745225,0.0039,0.0312,1.0296,1745.225,500000,0.0,0.0,0.12090000000000012,0.12090000000000012,tap3,slow,normal,20260810_141717,True
1747707,0.0078,0.0468,1.0218,1747.707,500000,0.0039,0.015600000000000003,0.11310000000000009,0.11423738442383921,tap3,slow,normal,20260810_141717,True
1750205,0.0039,0.0351,1.0218,1750.205,500000,0.0,0.0039000000000000007,0.11310000000000009,0.11316722140266598,tap3,slow,normal,20260810_141717,True
1752727,0.0039,0.0351,1.0257,1752.727,500000,0.0,0.0039000000000000007,0.1170000000000001,0.11706498195446845,tap3,slow,normal,20260810_141717,True
1755205,0.0,0.0351,1.014,1755.205,500000,-0.0039,0.0039000000000000007,0.10530000000000006,0.1054443455098471,tap3,slow,normal,20260810_141717,True
1757713,0.0078,0.0234,1.014,1757.713,500000,0.0039,-0.007799999999999998,0.10530000000000006,0.10566049403632377,tap3,slow,normal,20260810_141717,True
1760209,0.0078,0.0351,1.0062,1760.209,500000,0.0039,0.0039000000000000007,0.09750000000000003,0.09765587539928156,tap3,slow,normal,20260810_141717,True
1762739,0.0039,0.0312,1.0062,1762.739,500000,0.0,0.0,0.09750000000000003,0.09750000000000003,tap3,slow,normal,20260810_141717,True
1765219,0.0039,0.0312,1.0023,1765.219,500000,0.0,0.0,0.09360000000000002,0.09360000000000002,tap3,slow,normal,20260810_141717,True
1767706,0.0039,0.0273,1.0062,1767.706,500000,0.0,-0.0038999999999999972,0.09750000000000003,0.0975779688249351,tap3,slow,normal,20260810_141717,True
1770205,0.0078,0.0273,0.9984,1770.205,500000,0.0039,-0.0038999999999999972,0.0897,0.08986940525006272,tap3,slow,normal,20260810_141717,True
1772700,0.0039,0.0351,1.0062,1772.7,500000,0.0,0.0039000000000000007,0.09750000000000003,0.0975779688249351,tap3,slow,normal,20260810_141717,True
1775216,0.0078,0.0312,1.0062,1775.216,500000,0.0039,0.0,0.09750000000000003,0.0975779688249351,tap3,slow,normal,20260810_141717,True
1777708,0.0039,0.0273,1.0101,1777.708,500000,0.0,-0.0038999999999999972,0.10140000000000005,0.10147497228381001,tap3,slow,normal,20260810_141717,True
1780205,0.0078,0.0273,0.9984,1780.205,500000,0.0039,-0.0038999999999999972,0.0897,0.08986940525006272,tap3,slow,normal,20260810_141717,True
1782733,0.0039,0.0351,0.9945,1782.733,500000,0.0,0.0039000000000000007,0.0858000000000001,0.08588859062762653,tap3,slow,normal,20260810_141717,True
1785212,0.0117,0.0429,0.9945,1785.212,500000,0.0078000000000000005,0.011700000000000002,0.0858000000000001,0.08694463755747112,tap3,slow,normal,20260810_141717,True
1787826,0.0078,0.039,0.9945,1787.826,500000,0.0039,0.007800000000000001,0.0858000000000001,0.08624204311123443,tap3,slow,normal,20260810_141717,True
1790212,0.0117,0.0234,0.9867,1790.212,500000,0.0078000000000000005,-0.007799999999999998,0.07800000000000007,0.07877613851922427,tap3,slow,normal,20260810_141717,True
1792733,0.0117,0.0234,0.9945,1792.733,500000,0.0078000000000000005,-0.007799999999999998,0.0858000000000001,0.08650618474999355,tap3,slow,normal,20260810_141717,True
1795218,0.0039,0.0312,0.9945,1795.218,500000,0.0,0.0,0.0858000000000001,0.0858000000000001,tap3,slow,normal,20260810_141717,True
1797729,0.0039,0.0312,0.9945,1797.729,500000,0.0,0.0,0.0858000000000001,0.0858000000000001,tap3,slow,normal,20260810_141717,True
1800226,0.0078,0.0273,0.9945,1800.226,500000,0.0039,-0.0038999999999999972,0.0858000000000001,0.08597708997168965,tap3,slow,normal,20260810_141717,True
1802724,0.0,0.0312,0.9906,1802.724,500000,-0.0039,0.0,0.08190000000000008,0.08199280456235178,tap3,slow,normal,20260810_141717,True
1805204,0.0,0.0273,0.9945,1805.204,500000,-0.0039,-0.0038999999999999972,0.0858000000000001,0.08597708997168965,tap3,slow,normal,20260810_141717,True
1807711,0.0078,0.0195,0.9906,1807.711,500000,0.0039,-0.011699999999999999,0.08190000000000008,0.08282336626822176,tap3,slow,normal,20260810_141717,True
1810206,0.0039,0.0234,0.9906,1810.206,500000,0.0,-0.007799999999999998,0.08190000000000008,0.08227059012794313,tap3,slow,normal,20260810_141717,True
1812731,0.0039,0.0312,0.9867,1812.731,500000,0.0,0.0,0.07800000000000007,0.07800000000000007,tap3,slow,normal,20260810_141717,True
1815214,0.0117,0.0234,0.9906,1815.214,500000,0.0078000000000000005,-0.007799999999999998,0.08190000000000008,0.08263951839162674,tap3,slow,normal,20260810_141717,True
1817728,0.0117,0.0312,0.9828,1817.728,500000,0.0078000000000000005,0.0,0.07410000000000005,0.07450939538071698,tap3,slow,normal,20260810_141717,True
1820214,0.0078,0.0312,0.9906,1820.214,500000,0.0039,0.0,0.08190000000000008,0.08199280456235178,tap3,slow,normal,20260810_141717,True
1822730,0.0117,0.0234,0.9867,1822.73,500000,0.0078000000000000005,-0.007799999999999998,0.07800000000000007,0.07877613851922427,tap3,slow,normal,20260810_141717,True
1825213,0.0039,0.0273,0.9867,1825.213,500000,0.0,-0.0038999999999999972,0.07800000000000007,0.07809743913855313,tap3,slow,normal,20260810_141717,True
1827726,0.0117,0.0234,0.9828,1827.726,500000,0.0078000000000000005,-0.007799999999999998,0.07410000000000005,0.07491655357796438,tap3,slow,normal,20260810_141717,True
1830225,0.0078,0.0234,0.9789,1830.225,500000,0.0039,-0.007799999999999998,0.07020000000000004,0.07073959287414655,tap3,slow,normal,20260810_141717,True
1832718,0.0039,0.0195,0.975,1832.718,500000,0.0,-0.011699999999999999,0.06630000000000003,0.06732443835636509,tap3,slow,normal,20260810_141717,True
1835229,0.0117,0.0312,0.9711,1835.229,500000,0.0078000000000000005,0.0,0.06240000000000001,0.0628856104367287,tap3,slow,normal,20260810_141717,True
1837710,0.0117,0.0312,0.9789,1837.71,500000,0.0078000000000000005,0.0,0.07020000000000004,0.07063200407747189,tap3,slow,normal,20260810_141717,True
1840208,0.0117,0.0312,0.9789,1840.208,500000,0.0078000000000000005,0.0,0.07020000000000004,0.07063200407747189,tap3,slow,normal,20260810_141717,True
1842704,0.0039,0.0234,0.9711,1842.704,500000,0.0,-0.007799999999999998,0.06240000000000001,0.0628856104367287,tap3,slow,normal,20260810_141717,True
1845222,0.0117,0.0273,0.9789,1845.222,500000,0.0078000000000000005,-0.0038999999999999972,0.07020000000000004,0.07073959287414655,tap3,slow,normal,20260810_141717,True
1847706,0.0078,0.0351,0.9711,1847.706,500000,0.0039,0.0039000000000000007,0.06240000000000001,0.06264327577641515,tap3,slow,normal,20260810_141717,True
1850204,0.0078,0.0273,0.9711,1850.204,500000,0.0039,-0.0038999999999999972,0.06240000000000001,0.06264327577641515,tap3,slow,normal,20260810_141717,True
1852729,0.0039,0.0351,0.9711,1852.729,500000,0.0,0.0039000000000000007,0.06240000000000001,0.06252175621333746,tap3,slow,normal,20260810_141717,True
1855218,0.0078,0.0312,0.9633,1855.218,500000,0.0039,0.0,0.05460000000000009,0.05473910850571107,tap3,slow,normal,20260810_141717,True
1857703,0.0039,0.0351,0.9672,1857.703,500000,0.0,0.0039000000000000007,0.058499999999999996,0.058629855875654335,tap3,slow,normal,20260810_141717,True
1860203,0.0117,0.0351,0.9711,1860.203,500000,0.0078000000000000005,0.0039000000000000007,0.06240000000000001,0.0630064282434737,tap3,slow,normal,20260810_141717,True
1862722,0.0078,0.0312,0.9633,1862.722,500000,0.0039,0.0,0.05460000000000009,0.05473910850571107,tap3,slow,normal,20260810_141717,True
1865212,0.0078,0.0273,0.9594,1865.212,500000,0.0039,-0.0038999999999999972,0.05070000000000008,0.05099911763942596,tap3,slow,normal,20260810_141717,True
1867702,0.0078,0.0312,0.9594,1867.702,500000,0.0039,0.0,0.05070000000000008,0.050849778760580736,tap3,slow,normal,20260810_141717,True
1870203,0.0117,0.0312,0.9672,1870.203,500000,0.0078000000000000005,0.0,0.058499999999999996,0.059017709206644065,tap3,slow,normal,20260810_141717,True
1872715,0.0078,0.0273,0.975,1872.715,500000,0.0039,-0.0038999999999999972,0.06630000000000003,0.06652901622600475,tap3,slow,normal,20260810_141717,True
1875202,0.0039,0.0273,0.9711,1875.202,500000,0.0,-0.0038999999999999972,0.06240000000000001,0.06252175621333746,tap3,slow,normal,20260810_141717,True
1877716,0.0078,0.0273,0.9633,1877.716,500000,0.0039,-0.0038999999999999972,0.05460000000000009,0.05487786438993422,tap3,slow,normal,20260810_141717,True
1880215,0.0078,0.0234,0.9672,1880.215,500000,0.0039,-0.007799999999999998,0.058499999999999996,0.05914642846360209,tap3,slow,normal,20260810_141717,True
1882719,0.0,0.0234,0.9633,1882.719,500000,-0.0039,-0.007799999999999998,0.05460000000000009,0.05529204282715561,tap3,slow,normal,20260810_141717,True
1885227,0.0039,0.0273,0.9711,1885.227,500000,0.0,-0.0038999999999999972,0.06240000000000001,0.06252175621333746,tap3,slow,normal,20260810_141717,True
1887799,0.0,0.0312,0.9672,1887.799,500000,-0.0039,0.0,0.058499999999999996,0.058629855875654335,tap3,slow,normal,20260810_141717,True
1890206,0.0039,0.0312,0.9594,1890.206,500000,0.0,0.0,0.05070000000000008,0.05070000000000008,tap3,slow,normal,20260810_141717,True
1892721,0.0039,0.0273,0.9594,1892.721,500000,0.0,-0.0038999999999999972,0.05070000000000008,0.050849778760580736,tap3,slow,normal,20260810_141717,True
1895200,0.0078,0.0273,0.9633,1895.2,500000,0.0039,-0.0038999999999999972,0.05460000000000009,0.05487786438993422,tap3,slow,normal,20260810_141717,True
1897708,0.0039,0.0234,0.9633,1897.708,500000,0.0,-0.007799999999999998,0.05460000000000009,0.055154328932550796,tap3,slow,normal,20260810_141717,True
1900205,0.0039,0.0273,0.9555,1900.205,500000,0.0,-0.0038999999999999972,0.046800000000000064,0.04696221885729002,tap3,slow,normal,20260810_141717,True
1902729,0.0039,0.0273,0.9672,1902.729,500000,0.0,-0.0038999999999999972,0.058499999999999996,0.058629855875654335,tap3,slow,normal,20260810_141717,True
1905211,0.0039,0.0351,0.9633,1905.211,500000,0.0,0.0039000000000000007,0.05460000000000009,0.05473910850571107,tap3,slow,normal,20260810_141717,True
1907725,0.0078,0.0273,0.9594,1907.725,500000,0.0039,-0.0038999999999999972,0.05070000000000008,0.05099911763942596,tap3,slow,normal,20260810_141717,True
1910221,0.0039,0.0273,0.9555,1910.221,500000,0.0,-0.0038999999999999972,0.046800000000000064,0.04696221885729002,tap3,slow,normal,20260810_141717,True
1912716,0.0039,0.0273,0.9594,1912.716,500000,0.0,-0.0038999999999999972,0.05070000000000008,0.050849778760580736,tap3,slow,normal,20260810_141717,True
1915227,0.0039,0.0312,0.9711,1915.227,500000,0.0,0.0,0.06240000000000001,0.06240000000000001,tap3,slow,normal,20260810_141717,True
1917712,0.0039,0.0273,0.9516,1917.712,500000,0.0,-0.0038999999999999972,0.04290000000000005,0.04307690796703036,tap3,slow,normal,20260810_141717,True
1920211,0.0039,0.0234,0.9672,1920.211,500000,0.0,-0.007799999999999998,0.058499999999999996,0.059017709206644065,tap3,slow,normal,20260810_141717,True
1922732,0.0078,0.0351,0.9516,1922.732,500000,0.0039,0.0039000000000000007,0.04290000000000005,0.04325309237499678,tap3,slow,normal,20260810_141717,True
1925216,0.0039,0.0312,0.9555,1925.216,500000,0.0,0.0,0.046800000000000064,0.046800000000000064,tap3,slow,normal,20260810_141717,True
1927728,0.0039,0.0273,0.9633,1927.728,500000,0.0,-0.0038999999999999972,0.05460000000000009,0.05473910850571107,tap3,slow,normal,20260810_141717,True
1930225,0.0078,0.0312,0.9594,1930.225,500000,0.0039,0.0,0.05070000000000008,0.050849778760580736,tap3,slow,normal,20260810_141717,True
1932720,0.0039,0.0273,0.9594,1932.72,500000,0.0,-0.0038999999999999972,0.05070000000000008,0.050849778760580736,tap3,slow,normal,20260810_141717,True
1935204,0.0078,0.0312,0.9555,1935.204,500000,0.0039,0.0,0.046800000000000064,0.04696221885729002,tap3,slow,normal,20260810_141717,True
1937712,0.0156,0.0273,0.9555,1937.712,500000,0.011699999999999999,-0.0038999999999999972,0.046800000000000064,0.0483977272193644,tap3,slow,normal,20260810_141717,True
1940209,0.0039,0.0273,0.9594,1940.209,500000,0.0,-0.0038999999999999972,0.05070000000000008,0.050849778760580736,tap3,slow,normal,20260810_141717,True
1942705,0.0078,0.0195,0.9594,1942.705,500000,0.0039,-0.011699999999999999,0.05070000000000008,0.052178443825012716,tap3,slow,normal,20260810_141717,True
1945223,0.0078,0.0195,0.9594,1945.223,500000,0.0039,-0.011699999999999999,0.05070000000000008,0.052178443825012716,tap3,slow,normal,20260810_141717,True
1947721,0.0039,0.0234,0.9594,1947.721,500000,0.0,-0.007799999999999998,0.05070000000000008,0.051296491108067103,tap3,slow,normal,20260810_141717,True
1950217,0.0039,0.0234,0.9516,1950.217,500000,0.0,-0.007799999999999998,0.04290000000000005,0.043603325561245944,tap3,slow,normal,20260810_141717,True
1952740,0.0078,0.0234,0.9477,1952.74,500000,0.0039,-0.007799999999999998,0.039000000000000035,0.039963107987242466,tap3,slow,normal,20260810_141717,True
1955218,0.0117,0.0234,0.9594,1955.218,500000,0.0078000000000000005,-0.007799999999999998,0.05070000000000008,0.051886125313035346,tap3,slow,normal,20260810_141717,True
1957728,0.0039,0.0234,0.9477,1957.728,500000,0.0,-0.007799999999999998,0.039000000000000035,0.03977235220602375,tap3,slow,normal,20260810_141717,True
1960226,0.0039,0.0312,0.9516,1960.226,500000,0.0,0.0,0.04290000000000005,0.04290000000000005,tap3,slow,normal,20260810_141717,True
1962720,0.0039,0.0195,0.9594,1962.72,500000,0.0,-0.011699999999999999,0.05070000000000008,0.052032489850092775,tap3,slow,normal,20260810_141717,True
1965203,0.0039,0.0312,0.9516,1965.203,500000,0.0,0.0,0.04290000000000005,0.04290000000000005,tap3,slow,normal,20260810_141717,True
1967700,0.0078,0.0312,0.9516,1967.7,500000,0.0039,0.0,0.04290000000000005,0.04307690796703036,tap3,slow,normal,20260810_141717,True
1970204,0.0039,0.0234,0.9555,1970.204,500000,0.0,-0.007799999999999998,0.046800000000000064,0.04744554773632618,tap3,slow,normal,20260810_141717,True
1972719,0.0039,0.0273,0.9594,1972.719,500000,0.0,-0.0038999999999999972,0.05070000000000008,0.050849778760580736,tap3,slow,normal,20260810_141717,True
1975209,0.0078,0.0312,0.9555,1975.209,500000,0.0039,0.0,0.046800000000000064,0.04696221885729002,tap3,slow,normal,20260810_141717,True
1977705,0.0078,0.0273,0.9477,1977.705,500000,0.0039,-0.0038999999999999972,0.039000000000000035,0.039388069259612135,tap3,slow,normal,20260810_141717,True
1980202,0.0078,0.0312,0.9555,1980.202,500000,0.0039,0.0,0.046800000000000064,0.04696221885729002,tap3,slow,normal,20260810_141717,True
1982732,0.0039,0.0312,0.9477,1982.732,500000,0.0,0.0,0.039000000000000035,0.039000000000000035,tap3,slow,normal,20260810_141717,True
1985202,0.0039,0.0312,0.9516,1985.202,500000,0.0,0.0,0.04290000000000005,0.04290000000000005,tap3,slow,normal,20260810_141717,True
1987845,0.0039,0.0273,0.9477,1987.845,500000,0.0,-0.0038999999999999972,0.039000000000000035,0.039194514922371505,tap3,slow,normal,20260810_141717,True
1990220,0.0078,0.0234,0.9516,1990.22,500000,0.0039,-0.007799999999999998,0.04290000000000005,0.04377739142525516,tap3,slow,normal,20260810_141717,True
1992741,0.0039,0.0273,0.9438,1992.741,500000,0.0,-0.0038999999999999972,0.03510000000000002,0.035316002038735944,tap3,slow,normal,20260810_141717,True
1995225,0.0078,0.0273,0.9516,1995.225,500000,0.0039,-0.0038999999999999972,0.04290000000000005,0.04325309237499678,tap3,slow,normal,20260810_141717,True
1997701,0.0039,0.0351,0.9633,1997.701,500000,0.0,0.0039000000000000007,0.05460000000000009,0.05473910850571107,tap3,slow,normal,20260810_141717,True
2000227,0.0117,0.0312,0.9477,2000.227,500000,0.0078000000000000005,0.0,0.039000000000000035,0.03977235220602375,tap3,slow,normal,20260810_141717,True
2002717,0.0078,0.0312,0.9399,2002.717,500000,0.0039,0.0,0.031200000000000006,0.03144280521836435,tap3,slow,normal,20260810_141717,True
2005200,0.0,0.0273,0.9555,2005.2,500000,-0.0039,-0.0038999999999999972,0.046800000000000064,0.047123879297018896,tap3,slow,normal,20260810_141717,True
2007708,0.0117,0.0273,0.9438,2007.708,500000,0.0078000000000000005,-0.0038999999999999972,0.03510000000000002,0.03616711213243327,tap3,slow,normal,20260810_141717,True
2010205,0.0078,0.0312,0.9477,2010.205,500000,0.0039,0.0,0.039000000000000035,0.039194514922371505,tap3,slow,normal,20260810_141717,True
2012729,0.0039,0.0312,0.9555,2012.729,500000,0.0,0.0,0.046800000000000064,0.046800000000000064,tap3,slow,normal,20260810_141717,True
2015205,0.0039,0.0351,0.9477,2015.205,500000,0.0,0.0039000000000000007,0.039000000000000035,0.039194514922371505,tap3,slow,normal,20260810_141717,True
2017716,0.0078,0.0312,0.9477,2017.716,500000,0.0039,0.0,0.039000000000000035,0.039194514922371505,tap3,slow,normal,20260810_141717,True
2020211,0.0039,0.0312,0.9477,2020.211,500000,0.0,0.0,0.039000000000000035,0.039000000000000035,tap3,slow,normal,20260810_141717,True
2022728,0.0039,0.0273,0.9516,2022.728,500000,0.0,-0.0038999999999999972,0.04290000000000005,0.04307690796703036,tap3,slow,normal,20260810_141717,True
2025211,0.0078,0.0312,0.9399,2025.211,500000,0.0039,0.0,0.031200000000000006,0.03144280521836435,tap3,slow,normal,20260810_141717,True
2027724,0.0078,0.0312,0.9516,2027.724,500000,0.0039,0.0,0.04290000000000005,0.04307690796703036,tap3,slow,normal,20260810_141717,True
2030220,0.0117,0.0312,0.9516,2030.22,500000,0.0078000000000000005,0.0,0.04290000000000005,0.043603325561245944,tap3,slow,normal,20260810_141717,True
2032715,0.0039,0.0273,0.9477,2032.715,500000,0.0,-0.0038999999999999972,0.039000000000000035,0.039194514922371505,tap3,slow,normal,20260810_141717,True
2035228,0.0078,0.0312,0.9438,2035.228,500000,0.0039,0.0,0.03510000000000002,0.035316002038735944,tap3,slow,normal,20260810_141717,True
2037710,0.0078,0.0312,0.9438,2037.71,500000,0.0039,0.0,0.03510000000000002,0.035316002038735944,tap3,slow,normal,20260810_141717,True
2040207,0.0117,0.0312,0.9399,2040.207,500000,0.0078000000000000005,0.0,0.031200000000000006,0.032160223879817755,tap3,slow,normal,20260810_141717,True
2042700,0.0117,0.0273,0.9477,2042.7,500000,0.0078000000000000005,-0.0038999999999999972,0.039000000000000035,0.039963107987242466,tap3,slow,normal,20260810_141717,True
2045211,0.0039,0.0273,0.9477,2045.211,500000,0.0,-0.0038999999999999972,0.039000000000000035,0.039194514922371505,tap3,slow,normal,20260810_141717,True
2047724,0.0039,0.0273,0.9477,2047.724,500000,0.0,-0.0038999999999999972,0.039000000000000035,0.039194514922371505,tap3,slow,normal,20260810_141717,True
2050204,0.0117,0.0273,0.9399,2050.204,500000,0.0078000000000000005,-0.0038999999999999972,0.031200000000000006,0.0323958330653805,tap3,slow,normal,20260810_141717,True
2052704,0.0039,0.0312,0.9438,2052.704,500000,0.0,0.0,0.03510000000000002,0.03510000000000002,tap3,slow,normal,20260810_141717,True
2055214,0.0039,0.039,0.9477,2055.214,500000,0.0,0.007800000000000001,0.039000000000000035,0.03977235220602375,tap3,slow,normal,20260810_141717,True
2057720,0.0039,0.0312,0.9477,2057.72,500000,0.0,0.0,0.039000000000000035,0.039000000000000035,tap3,slow,normal,20260810_141717,True
2060220,0.0078,0.0234,0.9477,2060.22,500000,0.0039,-0.007799999999999998,0.039000000000000035,0.039963107987242466,tap3,slow,normal,20260810_141717,True
2062719,0.0039,0.0234,0.9516,2062.719,500000,0.0,-0.007799999999999998,0.04290000000000005,0.043603325561245944,tap3,slow,normal,20260810_141717,True
2065229,0.0117,0.0351,0.936,2065.229,500000,0.0078000000000000005,0.0039000000000000007,0.027300000000000102,0.02865902999056328,tap3,slow,normal,20260810_141717,True
2067710,0.0078,0.0351,0.9438,2067.71,500000,0.0039,0.0039000000000000007,0.03510000000000002,0.035530690958662785,tap3,slow,normal,20260810_141717,True
2070217,0.0117,0.0312,0.936,2070.217,500000,0.0078000000000000005,0.0,0.027300000000000102,0.02839242856819412,tap3,slow,normal,20260810_141717,True
2072702,0.0039,0.039,0.9399,2072.702,500000,0.0,0.007800000000000001,0.031200000000000006,0.032160223879817755,tap3,slow,normal,20260810_141717,True
2075222,0.0039,0.0312,0.9438,2075.222,500000,0.0,0.0,0.03510000000000002,0.03510000000000002,tap3,slow,normal,20260810_141717,True
2077713,0.0039,0.0351,0.936,2077.713,500000,0.0,0.0039000000000000007,0.027300000000000102,0.027577164466275454,tap3,slow,normal,20260810_141717,True
2080212,0.0117,0.0312,0.9438,2080.212,500000,0.0078000000000000005,0.0,0.03510000000000002,0.03595622338344228,tap3,slow,normal,20260810_141717,True
2082716,0.0039,0.0312,0.9438,2082.716,500000,0.0,0.0,0.03510000000000002,0.03510000000000002,tap3,slow,normal,20260810_141717,True
2085201,0.0078,0.0273,0.9438,2085.201,500000,0.0039,-0.0038999999999999972,0.03510000000000002,0.035530690958662785,tap3,slow,normal,20260810_141717,True
2087800,0.0078,0.0312,0.9594,2087.8,500000,0.0039,0.0,0.05070000000000008,0.050849778760580736,tap3,slow,normal,20260810_141717,True
2090210,0.0,0.0273,0.9321,2090.21,500000,-0.0039,-0.0038999999999999972,0.023400000000000087,0.024041214611579095,tap3,slow,normal,20260810_141717,True
2092728,0.0039,0.0312,0.9516,2092.728,500000,0.0,0.0,0.04290000000000005,0.04290000000000005,tap3,slow,normal,20260810_141717,True
2095211,0.0078,0.0312,0.9438,2095.211,500000,0.0039,0.0,0.03510000000000002,0.035316002038735944,tap3,slow,normal,20260810_141717,True
2097724,0.0,0.0234,0.936,2097.724,500000,-0.0039,-0.007799999999999998,0.027300000000000102,0.02865902999056328,tap3,slow,normal,20260810_141717,True
2100221,0.0,0.0312,0.9399,2100.221,500000,-0.0039,0.0,0.031200000000000006,0.03144280521836435,tap3,slow,normal,20260810_141717,True
2102718,0.0039,0.0273,0.9438,2102.718,500000,0.0,-0.0038999999999999972,0.03510000000000002,0.035316002038735944,tap3,slow,normal,20260810_141717,True
2105227,0.0078,0.0234,0.936,2105.227,500000,0.0039,-0.007799999999999998,0.027300000000000102,0.02865902999056328,tap3,slow,normal,20260810_141717,True
2107707,0.0078,0.0312,0.9438,2107.707,500000,0.0039,0.0,0.03510000000000002,0.035316002038735944,tap3,slow,normal,20260810_141717,True
2110204,0.0039,0.0234,0.9438,2110.204,500000,0.0,-0.007799999999999998,0.03510000000000002,0.03595622338344228,tap3,slow,normal,20260810_141717,True
2112729,0.0039,0.0273,0.9438,2112.729,500000,0.0,-0.0038999999999999972,0.03510000000000002,0.035316002038735944,tap3,slow,normal,20260810_141717,True
2115212,0.0039,0.0351,0.9438,2115.212,500000,0.0,0.0039000000000000007,0.03510000000000002,0.035316002038735944,tap3,slow,normal,20260810_141717,True
2117706,0.0039,0.0312,0.9438,2117.706,500000,0.0,0.0,0.03510000000000002,0.03510000000000002,tap3,slow,normal,20260810_141717,True
2120215,0.0,0.0351,0.9399,2120.215,500000,-0.0039,0.0039000000000000007,0.031200000000000006,0.03168374977808025,tap3,slow,normal,20260810_141717,True
2122734,0.0039,0.0234,0.9438,2122.734,500000,0.0,-0.007799999999999998,0.03510000000000002,0.03595622338344228,tap3,slow,normal,20260810_141717,True
2125211,0.0078,0.0234,0.936,2125.211,500000,0.0039,-0.007799999999999998,0.027300000000000102,0.02865902999056328,tap3,slow,normal,20260810_141717,True
2127726,0.0039,0.0273,0.9438,2127.726,500000,0.0,-0.0038999999999999972,0.03510000000000002,0.035316002038735944,tap3,slow,normal,20260810_141717,True
2130224,0.0039,0.0234,0.9438,2130.224,500000,0.0,-0.007799999999999998,0.03510000000000002,0.03595622338344228,tap3,slow,normal,20260810_141717,True
2132715,0.0039,0.0273,0.9438,2132.715,500000,0.0,-0.0038999999999999972,0.03510000000000002,0.035316002038735944,tap3,slow,normal,20260810_141717,True
2135224,0.0078,0.0234,0.936,2135.224,500000,0.0039,-0.007799999999999998,0.027300000000000102,0.02865902999056328,tap3,slow,normal,20260810_141717,True
2137707,0.0,0.0234,0.9399,2137.707,500000,-0.0039,-0.007799999999999998,0.031200000000000006,0.0323958330653805,tap3,slow,normal,20260810_141717,True
2140204,0.0078,0.0195,0.9438,2140.204,500000,0.0039,-0.011699999999999999,0.03510000000000002,0.0372036288552609,tap3,slow,normal,20260810_141717,True
2142727,0.0078,0.0273,0.9399,2142.727,500000,0.0039,-0.0038999999999999972,0.031200000000000006,0.03168374977808025,tap3,slow,normal,20260810_141717,True
2145211,0.0039,0.0195,0.9321,2145.211,500000,0.0,-0.011699999999999999,0.023400000000000087,0.026161995336747616,tap3,slow,normal,20260810_141717,True
2147724,0.0156,0.0195,0.936,2147.724,500000,0.011699999999999999,-0.011699999999999999,0.027300000000000102,0.03192287581030264,tap3,slow,normal,20260810_141717,True
2150221,0.0039,0.0195,0.9399,2150.221,500000,0.0,-0.011699999999999999,0.031200000000000006,0.033321614606738374,tap3,slow,normal,20260810_141717,True
2152715,0.0039,0.0195,0.9399,2152.715,500000,0.0,-0.011699999999999999,0.031200000000000006,0.033321614606738374,tap3,slow,normal,20260810_141717,True
2155224,0.0039,0.0351,0.9399,2155.224,500000,0.0,0.0039000000000000007,0.031200000000000006,0.03144280521836435,tap3,slow,normal,20260810_141717,True
2157708,0.0,0.0351,0.936,2157.708,500000,-0.0039,0.0039000000000000007,0.027300000000000102,0.027851570871317215,tap3,slow,normal,20260810_141717,True
2160207,0.0078,0.0195,0.9399,2160.207,500000,0.0039,-0.011699999999999999,0.031200000000000006,0.03354906854146625,tap3,slow,normal,20260810_141717,True
2162729,0.0078,0.0273,0.9282,2162.729,500000,0.0039,-0.0038999999999999972,0.019500000000000073,0.020264994448555933,tap3,slow,normal,20260810_141717,True
2165214,0.0039,0.0234,0.936,2165.214,500000,0.0,-0.007799999999999998,0.027300000000000102,0.028392428568194118,tap3,slow,normal,20260810_141717,True
2167700,0.0,0.0312,0.9321,2167.7,500000,-0.0039,0.0,0.023400000000000087,0.023722773868163145,tap3,slow,normal,20260810_141717,True
2170226,0.0078,0.039,0.936,2170.226,500000,0.0039,0.007800000000000001,0.027300000000000102,0.02865902999056328,tap3,slow,normal,20260810_141717,True
2172737,0.0039,0.0351,0.9438,2172.737,500000,0.0,0.0039000000000000007,0.03510000000000002,0.035316002038735944,tap3,slow,normal,20260810_141717,True
2175207,0.0117,0.0234,0.9282,2175.207,500000,0.0078000000000000005,-0.007799999999999998,0.019500000000000073,0.022403794321498374,tap3,slow,normal,20260810_141717,True
2177728,0.0039,0.0195,0.9399,2177.728,500000,0.0,-0.011699999999999999,0.031200000000000006,0.033321614606738374,tap3,slow,normal,20260810_141717,True
2180225,0.0039,0.0312,0.9243,2180.225,500000,0.0,0.0,0.015600000000000058,0.015600000000000058,tap3,slow,normal,20260810_141717,True
2182716,0.0039,0.0273,0.9399,2182.716,500000,0.0,-0.0038999999999999972,0.031200000000000006,0.031442805218364345,tap3,slow,normal,20260810_141717,True
2185206,0.0078,0.0312,0.9438,2185.206,500000,0.0039,0.0,0.03510000000000002,0.035316002038735944,tap3,slow,normal,20260810_141717,True
2187804,0.0039,0.0273,0.9243,2187.804,500000,0.0,-0.0038999999999999972,0.015600000000000058,0.016080111939908933,tap3,slow,normal,20260810_141717,True
2190210,0.0078,0.0273,0.9477,2190.21,500000,0.0039,-0.0038999999999999972,0.039000000000000035,0.039388069259612135,tap3,slow,normal,20260810_141717,True
2192724,0.0078,0.0273,0.936,2192.724,500000,0.0039,-0.0038999999999999972,0.027300000000000102,0.027851570871317215,tap3,slow,normal,20260810_141717,True
2195207,0.0039,0.0234,0.9399,2195.207,500000,0.0,-0.007799999999999998,0.031200000000000006,0.032160223879817755,tap3,slow,normal,20260810_141717,True
2197718,0.0039,0.0312,0.9438,2197.718,500000,0.0,0.0,0.03510000000000002,0.03510000000000002,tap3,slow,normal,20260810_141717,True
2200214,0.0039,0.039,0.936,2200.214,500000,0.0,0.007800000000000001,0.027300000000000102,0.02839242856819412,tap3,slow,normal,20260810_141717,True
2202709,0.0039,0.0312,0.9321,2202.709,500000,0.0,0.0,0.023400000000000087,0.023400000000000087,tap3,slow,normal,20260810_141717,True
2205225,0.0039,0.0312,0.9321,2205.225,500000,0.0,0.0,0.023400000000000087,0.023400000000000087,tap3,slow,normal,20260810_141717,True
2207703,0.0117,0.0351,0.9477,2207.703,500000,0.0078000000000000005,0.0039000000000000007,0.039000000000000035,0.039963107987242466,tap3,slow,normal,20260810_141717,True
2210201,0.0039,0.0312,0.936,2210.201,500000,0.0,0.0,0.027300000000000102,0.027300000000000102,tap3,slow,normal,20260810_141717,True
2212720,0.0078,0.0273,0.936,2212.72,500000,0.0039,-0.0038999999999999972,0.027300000000000102,0.027851570871317215,tap3,slow,normal,20260810_141717,True
2215203,0.0078,0.0312,0.9321,2215.203,500000,0.0039,0.0,0.023400000000000087,0.023722773868163145,tap3,slow,normal,20260810_141717,True
2217714,0.0039,0.0273,0.9321,2217.714,500000,0.0,-0.0038999999999999972,0.023400000000000087,0.023722773868163145,tap3,slow,normal,20260810_141717,True
2220228,0.0078,0.0273,0.936,2220.228,500000,0.0039,-0.0038999999999999972,0.027300000000000102,0.027851570871317215,tap3,slow,normal,20260810_141717,True
2222703,0.0039,0.0273,0.9438,2222.703,500000,0.0,-0.0038999999999999972,0.03510000000000002,0.035316002038735944,tap3,slow,normal,20260810_141717,True
2225223,0.0039,0.0312,0.936,2225.223,500000,0.0,0.0,0.027300000000000102,0.027300000000000102,tap3,slow,normal,20260810_141717,True
2227704,0.0039,0.0234,0.9399,2227.704,500000,0.0,-0.007799999999999998,0.031200000000000006,0.032160223879817755,tap3,slow,normal,20260810_141717,True
2230202,-0.0039,0.0273,0.9516,2230.202,500000,-0.0078,-0.0038999999999999972,0.04290000000000005,0.04377739142525516,tap3,slow,normal,20260810_141717,True
2232718,0.0078,0.0234,0.9399,2232.718,500000,0.0039,-0.007799999999999998,0.031200000000000006,0.0323958330653805,tap3,slow,normal,20260810_141717,True
2235202,0.0039,0.0234,0.936,2235.202,500000,0.0,-0.007799999999999998,0.027300000000000102,0.028392428568194118,tap3,slow,normal,20260810_141717,True
2237709,0.0039,0.0234,0.936,2237.709,500000,0.0,-0.007799999999999998,0.027300000000000102,0.028392428568194118,tap3,slow,normal,20260810_141717,True
2240205,0.0078,0.0273,0.936,2240.205,500000,0.0039,-0.0038999999999999972,0.027300000000000102,0.027851570871317215,tap3,slow,normal,20260810_141717,True
2242728,0.0039,0.0312,0.9321,2242.728,500000,0.0,0.0,0.023400000000000087,0.023400000000000087,tap3,slow,normal,20260810_141717,True
2245211,0.0039,0.0234,0.9438,2245.211,500000,0.0,-0.007799999999999998,0.03510000000000002,0.03595622338344228,tap3,slow,normal,20260810_141717,True
2247704,0.0078,0.0273,0.9438,2247.704,500000,0.0039,-0.0038999999999999972,0.03510000000000002,0.035530690958662785,tap3,slow,normal,20260810_141717,True
2250205,0.0078,0.0234,0.936,2250.205,500000,0.0039,-0.007799999999999998,0.027300000000000102,0.02865902999056328,tap3,slow,normal,20260810_141717,True
2252729,0.0078,0.0195,0.9399,2252.729,500000,0.0039,-0.011699999999999999,0.031200000000000006,0.03354906854146625,tap3,slow,normal,20260810_141717,True
2255212,0.0078,0.0195,0.9399,2255.212,500000,0.0039,-0.011699999999999999,0.031200000000000006,0.03354906854146625,tap3,slow,normal,20260810_141717,True
2257722,0.0117,0.0273,0.9399,2257.722,500000,0.0078000000000000005,-0.0038999999999999972,0.031200000000000006,0.0323958330653805,tap3,slow,normal,20260810_141717,True
2260221,0.0078,0.0273,0.9477,2260.221,500000,0.0039,-0.0038999999999999972,0.039000000000000035,0.039388069259612135,tap3,slow,normal,20260810_141717,True
2262712,0.0078,0.0273,0.936,2262.712,500000,0.0039,-0.0038999999999999972,0.027300000000000102,0.027851570871317215,tap3,slow,normal,20260810_141717,True
2265230,0.0078,0.0195,0.936,2265.23,500000,0.0039,-0.011699999999999999,0.027300000000000102,0.029956468416687664,tap3,slow,normal,20260810_141717,True
2267711,0.0039,0.0195,0.9321,2267.711,500000,0.0,-0.011699999999999999,0.023400000000000087,0.026161995336747616,tap3,slow,normal,20260810_141717,True
2270208,0.0078,0.0234,0.9321,2270.208,500000,0.0039,-0.007799999999999998,0.023400000000000087,0.024972184525988192,tap3,slow,normal,20260810_141717,True
2272700,0.0078,0.0273,0.9399,2272.7,500000,0.0039,-0.0038999999999999972,0.031200000000000006,0.03168374977808025,tap3,slow,normal,20260810_141717,True
2275218,0.0078,0.0468,0.9282,2275.218,500000,0.0039,0.015600000000000003,0.019500000000000073,0.02527488872379071,tap3,slow,normal,20260810_141717,True
2277720,0.0039,0.0312,0.9555,2277.72,500000,0.0,0.0,0.046800000000000064,0.046800000000000064,tap3,slow,normal,20260810_141717,True
2280217,0.0078,0.0195,0.9399,2280.217,500000,0.0039,-0.011699999999999999,0.031200000000000006,0.03354906854146625,tap3,slow,normal,20260810_141717,True
2282737,0.0078,0.0312,0.9399,2282.737,500000,0.0039,0.0,0.031200000000000006,0.03144280521836435,tap3,slow,normal,20260810_141717,True
2285225,0.0078,0.0234,0.9321,2285.225,500000,0.0039,-0.007799999999999998,0.023400000000000087,0.024972184525988192,tap3,slow,normal,20260810_141717,True
2287786,0.0078,0.039,0.9321,2287.786,500000,0.0039,0.007800000000000001,0.023400000000000087,0.024972184525988192,tap3,slow,normal,20260810_141717,True
2290227,0.0078,0.0312,0.936,2290.227,500000,0.0039,0.0,0.027300000000000102,0.027577164466275454,tap3,slow,normal,20260810_141717,True
2292707,0.0039,0.0273,0.9282,2292.707,500000,0.0,-0.0038999999999999972,0.019500000000000073,0.01988617610301193,tap3,slow,normal,20260810_141717,True
2295226,0.0039,0.0312,0.936,2295.226,500000,0.0,0.0,0.027300000000000102,0.027300000000000102,tap3,slow,normal,20260810_141717,True
2297707,0.0039,0.0312,0.936,2297.707,500000,0.0,0.0,0.027300000000000102,0.027300000000000102,tap3,slow,normal,20260810_141717,True
2300205,0.0078,0.0273,0.9399,2300.205,500000,0.0039,-0.0038999999999999972,0.031200000000000006,0.03168374977808025,tap3,slow,normal,20260810_141717,True
2302726,0.0039,0.0312,0.9321,2302.726,500000,0.0,0.0,0.023400000000000087,0.023400000000000087,tap3,slow,normal,20260810_141717,True
2305214,0.0,0.0273,0.9282,2305.214,500000,-0.0039,-0.0038999999999999972,0.019500000000000073,0.020264994448555933,tap3,slow,normal,20260810_141717,True
2307728,0.0039,0.0351,0.936,2307.728,500000,0.0,0.0039000000000000007,0.027300000000000102,0.027577164466275454,tap3,slow,normal,20260810_141717,True
2310226,0.0039,0.0312,0.936,2310.226,500000,0.0,0.0,0.027300000000000102,0.027300000000000102,tap3,slow,normal,20260810_141717,True
2312707,0.0078,0.0234,0.936,2312.707,500000,0.0039,-0.007799999999999998,0.027300000000000102,0.02865902999056328,tap3,slow,normal,20260810_141717,True
2315225,0.0,0.0273,0.936,2315.225,500000,-0.0039,-0.0038999999999999972,0.027300000000000102,0.027851570871317215,tap3,slow,normal,20260810_141717,True
2317710,0.0039,0.0312,0.9282,2317.71,500000,0.0,0.0,0.019500000000000073,0.019500000000000073,tap3,slow,normal,20260810_141717,True
2320225,0.0078,0.0312,0.9399,2320.225,500000,0.0039,0.0,0.031200000000000006,0.03144280521836435,tap3,slow,normal,20260810_141717,True
2322703,0.0078,0.0234,0.9321,2322.703,500000,0.0039,-0.007799999999999998,0.023400000000000087,0.024972184525988192,tap3,slow,normal,20260810_141717,True
2325221,0.0039,0.0312,0.9399,2325.221,500000,0.0,0.0,0.031200000000000006,0.031200000000000006,tap3,slow,normal,20260810_141717,True
2327704,0.0039,0.039,0.9321,2327.704,500000,0.0,0.007800000000000001,0.023400000000000087,0.024665765749313444,tap3,slow,normal,20260810_141717,True
2330201,0.0039,0.0273,0.9321,2330.201,500000,0.0,-0.0038999999999999972,0.023400000000000087,0.023722773868163145,tap3,slow,normal,20260810_141717,True
2332720,0.0078,0.0234,0.9321,2332.72,500000,0.0039,-0.007799999999999998,0.023400000000000087,0.024972184525988192,tap3,slow,normal,20260810_141717,True
2335208,0.0,0.0312,0.9282,2335.208,500000,-0.0039,0.0,0.019500000000000073,0.01988617610301193,tap3,slow,normal,20260810_141717,True
2337717,0.0039,0.0351,0.9477,2337.717,500000,0.0,0.0039000000000000007,0.039000000000000035,0.039194514922371505,tap3,slow,normal,20260810_141717,True
2340213,0.0078,0.0312,0.936,2340.213,500000,0.0039,0.0,0.027300000000000102,0.027577164466275454,tap3,slow,normal,20260810_141717,True
2342711,0.0039,0.0273,0.9243,2342.711,500000,0.0,-0.0038999999999999972,0.015600000000000058,0.016080111939908933,tap3,slow,normal,20260810_141717,True
2345228,0.0039,0.0273,0.936,2345.228,500000,0.0,-0.0038999999999999972,0.027300000000000102,0.027577164466275454,tap3,slow,normal,20260810_141717,True
2347710,0.0039,0.0312,0.9438,2347.71,500000,0.0,0.0,0.03510000000000002,0.03510000000000002,tap3,slow,normal,20260810_141717,True
2350206,0.0039,0.0273,0.9321,2350.206,500000,0.0,-0.0038999999999999972,0.023400000000000087,0.023722773868163145,tap3,slow,normal,20260810_141717,True
2352728,0.0039,0.0273,0.936,2352.728,500000,0.0,-0.0038999999999999972,0.027300000000000102,0.027577164466275454,tap3,slow,normal,20260810_141717,True
2355217,0.0078,0.0273,0.9321,2355.217,500000,0.0039,-0.0038999999999999972,0.023400000000000087,0.024041214611579095,tap3,slow,normal,20260810_141717,True
2357728,0.0039,0.0273,0.936,2357.728,500000,0.0,-0.0038999999999999972,0.027300000000000102,0.027577164466275454,tap3,slow,normal,20260810_141717,True
2360227,0.0039,0.0273,0.936,2360.227,500000,0.0,-0.0038999999999999972,0.027300000000000102,0.027577164466275454,tap3,slow,normal,20260810_141717,True
2362719,0.0039,0.0234,0.9399,2362.719,500000,0.0,-0.007799999999999998,0.031200000000000006,0.032160223879817755,tap3,slow,normal,20260810_141717,True
2365205,0.0078,0.0312,0.9243,2365.205,500000,0.0039,0.0,0.015600000000000058,0.016080111939908933,tap3,slow,normal,20260810_141717,True
2367717,0.0078,0.039,0.9282,2367.717,500000,0.0039,0.007800000000000001,0.019500000000000073,0.021361179742701544,tap3,slow,normal,20260810_141717,True
2370215,0.0039,0.0312,0.9399,2370.215,500000,0.0,0.0,0.031200000000000006,0.031200000000000006,tap3,slow,normal,20260810_141717,True
2372711,0.0039,0.0195,0.936,2372.711,500000,0.0,-0.011699999999999999,0.027300000000000102,0.029701515112869337,tap3,slow,normal,20260810_141717,True
2375219,0.0039,0.0312,0.9321,2375.219,500000,0.0,0.0,0.023400000000000087,0.023400000000000087,tap3,slow,normal,20260810_141717,True
2377700,0.0078,0.0351,0.9282,2377.7,500000,0.0039,0.0039000000000000007,0.019500000000000073,0.020264994448555933,tap3,slow,normal,20260810_141717,True
2380214,0.0078,0.039,0.936,2380.214,500000,0.0039,0.007800000000000001,0.027300000000000102,0.02865902999056328,tap3,slow,normal,20260810_141717,True
2382741,0.0078,0.0312,0.9282,2382.741,500000,0.0039,0.0,0.019500000000000073,0.01988617610301193,tap3,slow,normal,20260810_141717,True
2385225,0.0117,0.0312,0.9321,2385.225,500000,0.0078000000000000005,0.0,0.023400000000000087,0.024665765749313444,tap3,slow,normal,20260810_141717,True
2387791,0.0117,0.0234,0.936,2387.791,500000,0.0078000000000000005,-0.007799999999999998,0.027300000000000102,0.029444354297556017,tap3,slow,normal,20260810_141717,True
2390203,0.0039,0.0312,0.9399,2390.203,500000,0.0,0.0,0.031200000000000006,0.031200000000000006,tap3,slow,normal,20260810_141717,True
2392705,0.0039,0.0156,0.9282,2392.705,500000,0.0,-0.0156,0.019500000000000073,0.024972184525988164,tap3,slow,normal,20260810_141717,True
2395228,0.0078,0.0273,0.9243,2395.228,500000,0.0039,-0.0038999999999999972,0.015600000000000058,0.016546298679765266,tap3,slow,normal,20260810_141717,True
2397709,0.0,0.0273,0.9321,2397.709,500000,-0.0039,-0.0038999999999999972,0.023400000000000087,0.024041214611579095,tap3,slow,normal,20260810_141717,True
2400209,0.0039,0.0156,0.9243,2400.209,500000,0.0,-0.0156,0.015600000000000058,0.022061731573020323,tap3,slow,normal,20260810_141717,True
2402701,0.0078,0.0273,0.9321,2402.701,500000,0.0039,-0.0038999999999999972,0.023400000000000087,0.024041214611579095,tap3,slow,normal,20260810_141717,True
2405218,0.0078,0.0234,0.9399,2405.218,500000,0.0039,-0.007799999999999998,0.031200000000000006,0.0323958330653805,tap3,slow,normal,20260810_141717,True
2407700,0.0078,0.0195,0.9321,2407.7,500000,0.0039,-0.011699999999999999,0.023400000000000087,0.026451086934188624,tap3,slow,normal,20260810_141717,True
2410227,0.0039,0.0312,0.9282,2410.227,500000,0.0,0.0,0.019500000000000073,0.019500000000000073,tap3,slow,normal,20260810_141717,True
2412722,0.0117,0.0195,0.9282,2412.722,500000,0.0078000000000000005,-0.011699999999999999,0.019500000000000073,0.024041214611579067,tap3,slow,normal,20260810_141717,True
2415210,0.0078,0.0273,0.936,2415.21,500000,0.0039,-0.0038999999999999972,0.027300000000000102,0.027851570871317215,tap3,slow,normal,20260810_141717,True
2417726,0.0078,0.0351,0.9321,2417.726,500000,0.0039,0.0039000000000000007,0.023400000000000087,0.024041214611579095,tap3,slow,normal,20260810_141717,True
2420209,0.0039,0.0351,0.9321,2420.209,500000,0.0,0.0039000000000000007,0.023400000000000087,0.023722773868163145,tap3,slow,normal,20260810_141717,True
2422723,0.0039,0.0312,0.9204,2422.723,500000,0.0,0.0,0.011700000000000044,0.011700000000000044,tap3,slow,normal,20260810_141717,True
2425208,0.0039,0.0273,0.9243,2425.208,500000,0.0,-0.0038999999999999972,0.015600000000000058,0.016080111939908933,tap3,slow,normal,20260810_141717,True
2427719,0.0078,0.0273,0.9243,2427.719,500000,0.0039,-0.0038999999999999972,0.015600000000000058,0.016546298679765266,tap3,slow,normal,20260810_141717,True
2430217,0.0039,0.0273,0.9282,2430.217,500000,0.0,-0.0038999999999999972,0.019500000000000073,0.01988617610301193,tap3,slow,normal,20260810_141717,True
2432713,0.0078,0.0273,0.9438,2432.713,500000,0.0039,-0.0038999999999999972,0.03510000000000002,0.035530690958662785,tap3,slow,normal,20260810_141717,True
2435227,0.0039,0.0234,0.936,2435.227,500000,0.0,-0.007799999999999998,0.027300000000000102,0.028392428568194118,tap3,slow,normal,20260810_141717,True
2437710,0.0117,0.0273,0.9282,2437.71,500000,0.0078000000000000005,-0.0038999999999999972,0.019500000000000073,0.021361179742701544,tap3,slow,normal,20260810_141717,True
2440206,0.0039,0.0312,0.9282,2440.206,500000,0.0,0.0,0.019500000000000073,0.019500000000000073,tap3,slow,normal,20260810_141717,True
2442732,0.0078,0.0351,0.9165,2442.732,500000,0.0039,0.0039000000000000007,0.007800000000000029,0.009553009996854418,tap3,slow,normal,20260810_141717,True
2445204,0.0156,0.0273,0.9321,2445.204,500000,0.011699999999999999,-0.0038999999999999972,0.023400000000000087,0.026451086934188624,tap3,slow,normal,20260810_141717,True
2447714,0.0078,0.0234,0.9282,2447.714,500000,0.0039,-0.007799999999999998,0.019500000000000073,0.021361179742701544,tap3,slow,normal,20260810_141717,True
2450215,0.0117,0.0312,0.936,2450.215,500000,0.0078000000000000005,0.0,0.027300000000000102,0.02839242856819412,tap3,slow,normal,20260810_141717,True
2452710,0.0078,0.0234,0.9282,2452.71,500000,0.0039,-0.007799999999999998,0.019500000000000073,0.021361179742701544,tap3,slow,normal,20260810_141717,True
2455228,0.0117,0.0234,0.9282,2455.228,500000,0.0078000000000000005,-0.007799999999999998,0.019500000000000073,0.022403794321498374,tap3,slow,normal,20260810_141717,True
2457707,0.0039,0.0195,0.9282,2457.707,500000,0.0,-0.011699999999999999,0.019500000000000073,0.022740712389896733,tap3,slow,normal,20260810_141717,True
2460206,0.0078,0.0195,0.9321,2460.206,500000,0.0039,-0.011699999999999999,0.023400000000000087,0.026451086934188624,tap3,slow,normal,20260810_141717,True
2462728,0.0078,0.0195,0.936,2462.728,500000,0.0039,-0.011699999999999999,0.027300000000000102,0.029956468416687664,tap3,slow,normal,20260810_141717,True
2465218,0.0078,0.0195,0.936,2465.218,500000,0.0039,-0.011699999999999999,0.027300000000000102,0.029956468416687664,tap3,slow,normal,20260810_141717,True
2467703,0.0078,0.0273,0.9321,2467.703,500000,0.0039,-0.0038999999999999972,0.023400000000000087,0.024041214611579095,tap3,slow,normal,20260810_141717,True
2470201,0.0039,0.0234,0.9321,2470.201,500000,0.0,-0.007799999999999998,0.023400000000000087,0.02466576574931344,tap3,slow,normal,20260810_141717,True
2472721,0.0078,0.0312,0.9282,2472.721,500000,0.0039,0.0,0.019500000000000073,0.01988617610301193,tap3,slow,normal,20260810_141717,True
2475205,0.0039,0.0195,0.9243,2475.205,500000,0.0,-0.011699999999999999,0.015600000000000058,0.019500000000000045,tap3,slow,normal,20260810_141717,True
2477726,0.0,0.0351,0.9399,2477.726,500000,-0.0039,0.0039000000000000007,0.031200000000000006,0.03168374977808025,tap3,slow,normal,20260810_141717,True
2480222,0.0,0.0351,0.9399,2480.222,500000,-0.0039,0.0039000000000000007,0.031200000000000006,0.03168374977808025,tap3,slow,normal,20260810_141717,True
2482732,0.0039,0.0312,0.9243,2482.732,500000,0.0,0.0,0.015600000000000058,0.015600000000000058,tap3,slow,normal,20260810_141717,True
2485208,0.0117,0.0351,0.9399,2485.208,500000,0.0078000000000000005,0.0039000000000000007,0.031200000000000006,0.0323958330653805,tap3,slow,normal,20260810_141717,True
2487825,0.0078,0.0351,0.9321,2487.825,500000,0.0039,0.0039000000000000007,0.023400000000000087,0.024041214611579095,tap3,slow,normal,20260810_141717,True
2490226,0.0039,0.0312,0.9126,2490.226,500000,0.0,0.0,0.0039000000000000146,0.0039000000000000146,tap3,slow,normal,20260810_141717,True
2492702,0.0039,0.0234,0.9282,2492.702,500000,0.0,-0.007799999999999998,0.019500000000000073,0.021002142747824634,tap3,slow,normal,20260810_141717,True
2495228,0.0117,0.0312,0.9126,2495.228,500000,0.0078000000000000005,0.0,0.0039000000000000146,0.008720665112249186,tap3,slow,normal,20260810_141717,True
2497713,0.0078,0.0234,0.936,2497.713,500000,0.0039,-0.007799999999999998,0.027300000000000102,0.02865902999056328,tap3,slow,normal,20260810_141717,True
2500210,0.0078,0.0351,0.936,2500.21,500000,0.0039,0.0039000000000000007,0.027300000000000102,0.027851570871317215,tap3,slow,normal,20260810_141717,True
2502704,0.0039,0.0234,0.9282,2502.704,500000,0.0,-0.007799999999999998,0.019500000000000073,0.021002142747824634,tap3,slow,normal,20260810_141717,True
2505216,0.0078,0.0234,0.936,2505.216,500000,0.0039,-0.007799999999999998,0.027300000000000102,0.02865902999056328,tap3,slow,normal,20260810_141717,True
2507728,0.0078,0.0351,0.9321,2507.728,500000,0.0039,0.0039000000000000007,0.023400000000000087,0.024041214611579095,tap3,slow,normal,20260810_141717,True
2510209,0.0117,0.0273,0.9321,2510.209,500000,0.0078000000000000005,-0.0038999999999999972,0.023400000000000087,0.024972184525988192,tap3,slow,normal,20260810_141717,True
2512713,0.0078,0.0273,0.9321,2512.713,500000,0.0039,-0.0038999999999999972,0.023400000000000087,0.024041214611579095,tap3,slow,normal,20260810_141717,True
2515228,0.0078,0.0234,0.9243,2515.228,500000,0.0039,-0.007799999999999998,0.015600000000000058,0.017872045210327828,tap3,slow,normal,20260810_141717,True
2517711,0.0078,0.0273,0.9204,2517.711,500000,0.0039,-0.0038999999999999972,0.011700000000000044,0.012934836682386097,tap3,slow,normal,20260810_141717,True
2520200,0.0078,0.0234,0.9321,2520.2,500000,0.0039,-0.007799999999999998,0.023400000000000087,0.024972184525988192,tap3,slow,normal,20260810_141717,True
2522710,0.0039,0.0312,0.936,2522.71,500000,0.0,0.0,0.027300000000000102,0.027300000000000102,tap3,slow,normal,20260810_141717,True
2525227,0.0078,0.0234,0.9282,2525.227,500000,0.0039,-0.007799999999999998,0.019500000000000073,0.021361179742701544,tap3,slow,normal,20260810_141717,True
2527710,0.0156,0.0234,0.9204,2527.71,500000,0.011699999999999999,-0.007799999999999998,0.011700000000000044,0.0182926214633114,tap3,slow,normal,20260810_141717,True
2530206,0.0039,0.0312,0.9282,2530.206,500000,0.0,0.0,0.019500000000000073,0.019500000000000073,tap3,slow,normal,20260810_141717,True
2532728,0.0039,0.0312,0.9282,2532.728,500000,0.0,0.0,0.019500000000000073,0.019500000000000073,tap3,slow,normal,20260810_141717,True
2535216,0.0039,0.0312,0.9282,2535.216,500000,0.0,0.0,0.019500000000000073,0.019500000000000073,tap3,slow,normal,20260810_141717,True
2537700,0.0,0.0273,0.9321,2537.7,500000,-0.0039,-0.0038999999999999972,0.023400000000000087,0.024041214611579095,tap3,slow,normal,20260810_141717,True
2540226,0.0039,0.0273,0.9204,2540.226,500000,0.0,-0.0038999999999999972,0.011700000000000044,0.01233288287465672,tap3,slow,normal,20260810_141717,True
2542724,0.0078,0.0273,0.9204,2542.724,500000,0.0039,-0.0038999999999999972,0.011700000000000044,0.012934836682386097,tap3,slow,normal,20260810_141717,True
2545205,0.0078,0.0234,0.9321,2545.205,500000,0.0039,-0.007799999999999998,0.023400000000000087,0.024972184525988192,tap3,slow,normal,20260810_141717,True
2547715,0.0078,0.0234,0.9243,2547.715,500000,0.0039,-0.007799999999999998,0.015600000000000058,0.017872045210327828,tap3,slow,normal,20260810_141717,True
2550213,0.0078,0.0273,0.936,2550.213,500000,0.0039,-0.0038999999999999972,0.027300000000000102,0.027851570871317215,tap3,slow,normal,20260810_141717,True
2552708,0.0078,0.0234,0.936,2552.708,500000,0.0039,-0.007799999999999998,0.027300000000000102,0.02865902999056328,tap3,slow,normal,20260810_141717,True
2555219,0.0039,0.0273,0.9282,2555.219,500000,0.0,-0.0038999999999999972,0.019500000000000073,0.01988617610301193,tap3,slow,normal,20260810_141717,True
2557702,0.0039,0.0273,0.9321,2557.702,500000,0.0,-0.0038999999999999972,0.023400000000000087,0.023722773868163145,tap3,slow,normal,20260810_141717,True
2560229,0.0039,0.0351,0.936,2560.229,500000,0.0,0.0039000000000000007,0.027300000000000102,0.027577164466275454,tap3,slow,normal,20260810_141717,True
2562723,0.0078,0.0312,0.9321,2562.723,500000,0.0039,0.0,0.023400000000000087,0.023722773868163145,tap3,slow,normal,20260810_141717,True
2565203,0.0039,0.0273,0.9321,2565.203,500000,0.0,-0.0038999999999999972,0.023400000000000087,0.023722773868163145,tap3,slow,normal,20260810_141717,True
2567714,0.0039,0.0273,0.9321,2567.714,500000,0.0,-0.0038999999999999972,0.023400000000000087,0.023722773868163145,tap3,slow,normal,20260810_141717,True
2570213,0.0039,0.0312,0.9282,2570.213,500000,0.0,0.0,0.019500000000000073,0.019500000000000073,tap3,slow,normal,20260810_141717,True
2572706,0.0039,0.0273,0.9321,2572.706,500000,0.0,-0.0038999999999999972,0.023400000000000087,0.023722773868163145,tap3,slow,normal,20260810_141717,True
2575229,0.0039,0.039,0.936,2575.229,500000,0.0,0.007800000000000001,0.027300000000000102,0.02839242856819412,tap3,slow,normal,20260810_141717,True
2577725,0.0078,0.0351,0.9282,2577.725,500000,0.0039,0.0039000000000000007,0.019500000000000073,0.020264994448555933,tap3,slow,normal,20260810_141717,True
2580712,0.0039,0.0351,0.9321,2580.712,500000,0.0,0.0039000000000000007,0.023400000000000087,0.023722773868163145,tap3,slow,normal,20260810_141717,True
2582735,0.0039,0.0351,0.9321,2582.735,500000,0.0,0.0039000000000000007,0.023400000000000087,0.023722773868163145,tap3,slow,normal,20260810_141717,True
2585219,0.0,0.0312,0.9438,2585.219,500000,-0.0039,0.0,0.03510000000000002,0.035316002038735944,tap3,slow,normal,20260810_141717,True
2587834,0.0078,0.039,0.936,2587.834,500000,0.0039,0.007800000000000001,0.027300000000000102,0.02865902999056328,tap3,slow,normal,20260810_141717,True
2590201,0.0,0.0351,0.9477,2590.201,500000,-0.0039,0.0039000000000000007,0.039000000000000035,0.039388069259612135,tap3,slow,normal,20260810_141717,True
2592701,0.0039,0.0312,0.936,2592.701,500000,0.0,0.0,0.027300000000000102,0.027300000000000102,tap3,slow,normal,20260810_141717,True
2595226,0.0039,0.0351,0.936,2595.226,500000,0.0,0.0039000000000000007,0.027300000000000102,0.027577164466275454,tap3,slow,normal,20260810_141717,True
2597706,0.0078,0.0312,0.9282,2597.706,500000,0.0039,0.0,0.019500000000000073,0.01988617610301193,tap3,slow,normal,20260810_141717,True
2600203,0.0078,0.0273,0.9321,2600.203,500000,0.0039,-0.0038999999999999972,0.023400000000000087,0.024041214611579095,tap3,slow,normal,20260810_141717,True
2602724,0.0039,0.0351,0.936,2602.724,500000,0.0,0.0039000000000000007,0.027300000000000102,0.027577164466275454,tap3,slow,normal,20260810_141717,True
2605205,0.0039,0.039,0.936,2605.205,500000,0.0,0.007800000000000001,0.027300000000000102,0.02839242856819412,tap3,slow,normal,20260810_141717,True
2607713,0.0039,0.039,0.9282,2607.713,500000,0.0,0.007800000000000001,0.019500000000000073,0.021002142747824634,tap3,slow,normal,20260810_141717,True
2610212,0.0039,0.0312,0.9282,2610.212,500000,0.0,0.0,0.019500000000000073,0.019500000000000073,tap3,slow,normal,20260810_141717,True
2612705,0.0039,0.0351,0.9321,2612.705,500000,0.0,0.0039000000000000007,0.023400000000000087,0.023722773868163145,tap3,slow,normal,20260810_141717,True
2615216,0.0,0.0351,0.9243,2615.216,500000,-0.0039,0.0039000000000000007,0.015600000000000058,0.01654629867976527,tap3,slow,normal,20260810_141717,True
2617701,0.0039,0.0273,0.9243,2617.701,500000,0.0,-0.0038999999999999972,0.015600000000000058,0.016080111939908933,tap3,slow,normal,20260810_141717,True
2620213,0.0078,0.0312,0.9282,2620.213,500000,0.0039,0.0,0.019500000000000073,0.01988617610301193,tap3,slow,normal,20260810_141717,True
2622730,0.0078,0.0312,0.9282,2622.73,500000,0.0039,0.0,0.019500000000000073,0.01988617610301193,tap3,slow,normal,20260810_141717,True
2625208,0.0078,0.0234,0.936,2625.208,500000,0.0039,-0.007799999999999998,0.027300000000000102,0.02865902999056328,tap3,slow,normal,20260810_141717,True
2627720,0.0078,0.0273,0.9282,2627.72,500000,0.0039,-0.0038999999999999972,0.019500000000000073,0.020264994448555933,tap3,slow,normal,20260810_141717,True
2630216,0.0,0.0234,0.9243,2630.216,500000,-0.0039,-0.007799999999999998,0.015600000000000058,0.017872045210327828,tap3,slow,normal,20260810_141717,True
2632711,0.0039,0.0273,0.9282,2632.711,500000,0.0,-0.0038999999999999972,0.019500000000000073,0.01988617610301193,tap3,slow,normal,20260810_141717,True
2635220,0.0,0.0312,0.9282,2635.22,500000,-0.0039,0.0,0.019500000000000073,0.01988617610301193,tap3,slow,normal,20260810_141717,True
2637702,0.0156,0.0195,0.9243,2637.702,500000,0.011699999999999999,-0.011699999999999999,0.015600000000000058,0.022740712389896712,tap3,slow,normal,20260810_141717,True
2640212,0.0039,0.0234,0.9243,2640.212,500000,0.0,-0.007799999999999998,0.015600000000000058,0.01744133022449841,tap3,slow,normal,20260810_141717,True
2642719,0.0039,0.0273,0.9204,2642.719,500000,0.0,-0.0038999999999999972,0.011700000000000044,0.01233288287465672,tap3,slow,normal,20260810_141717,True
2645227,0.0,0.0273,0.9243,2645.227,500000,-0.0039,-0.0038999999999999972,0.015600000000000058,0.016546298679765266,tap3,slow,normal,20260810_141717,True
2647709,0.0039,0.0234,0.9282,2647.709,500000,0.0,-0.007799999999999998,0.019500000000000073,0.021002142747824634,tap3,slow,normal,20260810_141717,True
2650206,0.0039,0.0195,0.9243,2650.206,500000,0.0,-0.011699999999999999,0.015600000000000058,0.019500000000000045,tap3,slow,normal,20260810_141717,True
2652727,0.0078,0.0234,0.9243,2652.727,500000,0.0039,-0.007799999999999998,0.015600000000000058,0.017872045210327828,tap3,slow,normal,20260810_141717,True
2655206,0.0078,0.0312,0.9243,2655.206,500000,0.0039,0.0,0.015600000000000058,0.016080111939908933,tap3,slow,normal,20260810_141717,True
2657714,0.0039,0.0234,0.9204,2657.714,500000,0.0,-0.007799999999999998,0.011700000000000044,0.014061649974309594,tap3,slow,normal,20260810_141717,True
2660212,0.0078,0.0195,0.9321,2660.212,500000,0.0039,-0.011699999999999999,0.023400000000000087,0.026451086934188624,tap3,slow,normal,20260810_141717,True
2662706,0.0078,0.0234,0.9243,2662.706,500000,0.0039,-0.007799999999999998,0.015600000000000058,0.017872045210327828,tap3,slow,normal,20260810_141717,True
2665221,0.0078,0.0156,0.9321,2665.221,500000,0.0039,-0.0156,0.023400000000000087,0.028392428568194093,tap3,slow,normal,20260810_141717,True
2667705,0.0078,0.0273,0.9243,2667.705,500000,0.0039,-0.0038999999999999972,0.015600000000000058,0.016546298679765266,tap3,slow,normal,20260810_141717,True
2670205,0.0039,0.0273,0.9282,2670.205,500000,0.0,-0.0038999999999999972,0.019500000000000073,0.01988617610301193,tap3,slow,normal,20260810_141717,True
2672727,0.0039,0.0273,0.9282,2672.727,500000,0.0,-0.0038999999999999972,0.019500000000000073,0.01988617610301193,tap3,slow,normal,20260810_141717,True
2675207,0.0039,0.0195,0.9282,2675.207,500000,0.0,-0.011699999999999999,0.019500000000000073,0.022740712389896733,tap3,slow,normal,20260810_141717,True
2677728,0.0039,0.0351,0.9321,2677.728,500000,0.0,0.0039000000000000007,0.023400000000000087,0.023722773868163145,tap3,slow,normal,20260810_141717,True
2680226,0.0039,0.0312,0.9204,2680.226,500000,0.0,0.0,0.011700000000000044,0.011700000000000044,tap3,slow,normal,20260810_141717,True
2683168,0.0,0.0312,0.9321,2683.168,500000,-0.0039,0.0,0.023400000000000087,0.023722773868163145,tap3,slow,normal,20260810_141717,True
2685220,0.0,0.0312,0.9321,2685.22,500000,-0.0039,0.0,0.023400000000000087,0.023722773868163145,tap3,slow,normal,20260810_141717,True
2687781,0.0039,0.0273,0.9321,2687.781,500000,0.0,-0.0038999999999999972,0.023400000000000087,0.023722773868163145,tap3,slow,normal,20260810_141717,True
2690229,0.0039,0.0156,0.9204,2690.229,500000,0.0,-0.0156,0.011700000000000044,0.019500000000000028,tap3,slow,normal,20260810_141717,True
2692724,0.0117,0.0273,0.9243,2692.724,500000,0.0078000000000000005,-0.0038999999999999972,0.015600000000000058,0.017872045210327828,tap3,slow,normal,20260810_141717,True
2695214,0.0078,0.0312,0.9321,2695.214,500000,0.0039,0.0,0.023400000000000087,0.023722773868163145,tap3,slow,normal,20260810_141717,True
2697726,0.0078,0.0312,0.9243,2697.726,500000,0.0039,0.0,0.015600000000000058,0.016080111939908933,tap3,slow,normal,20260810_141717,True
2700225,0.0039,0.0273,0.9165,2700.225,500000,0.0,-0.0038999999999999972,0.007800000000000029,0.008720665112249205,tap3,slow,normal,20260810_141717,True
2702722,0.0078,0.0234,0.9282,2702.722,500000,0.0039,-0.007799999999999998,0.019500000000000073,0.021361179742701544,tap3,slow,normal,20260810_141717,True
2705207,0.0039,0.0273,0.9282,2705.207,500000,0.0,-0.0038999999999999972,0.019500000000000073,0.01988617610301193,tap3,slow,normal,20260810_141717,True
2707727,0.0117,0.0273,0.9204,2707.727,500000,0.0078000000000000005,-0.0038999999999999972,0.011700000000000044,0.014592463808418405,tap3,slow,normal,20260810_141717,True
2710226,0.0078,0.0234,0.9243,2710.226,500000,0.0039,-0.007799999999999998,0.015600000000000058,0.017872045210327828,tap3,slow,normal,20260810_141717,True
2712725,0.0039,0.0234,0.9204,2712.725,500000,0.0,-0.007799999999999998,0.011700000000000044,0.014061649974309594,tap3,slow,normal,20260810_141717,True
2715206,-0.0039,0.0312,0.9243,2715.206,500000,-0.0078,0.0,0.015600000000000058,0.01744133022449841,tap3,slow,normal,20260810_141717,True
2717725,0.0039,0.0312,0.9282,2717.725,500000,0.0,0.0,0.019500000000000073,0.019500000000000073,tap3,slow,normal,20260810_141717,True
2720204,0.0078,0.0312,0.9321,2720.204,500000,0.0039,0.0,0.023400000000000087,0.023722773868163145,tap3,slow,normal,20260810_141717,True
2722715,0.0039,0.0273,0.9282,2722.715,500000,0.0,-0.0038999999999999972,0.019500000000000073,0.01988617610301193,tap3,slow,normal,20260810_141717,True
2725227,0.0156,0.0312,0.9282,2725.227,500000,0.011699999999999999,0.0,0.019500000000000073,0.022740712389896733,tap3,slow,normal,20260810_141717,True
2727706,0.0117,0.0273,0.9282,2727.706,500000,0.0078000000000000005,-0.0038999999999999972,0.019500000000000073,0.021361179742701544,tap3,slow,normal,20260810_141717,True
2730205,0.0,0.0312,0.9204,2730.205,500000,-0.0039,0.0,0.011700000000000044,0.012332882874656722,tap3,slow,normal,20260810_141717,True
2732723,0.0078,0.039,0.9282,2732.723,500000,0.0039,0.007800000000000001,0.019500000000000073,0.021361179742701544,tap3,slow,normal,20260810_141717,True
2735204,0.0,0.039,0.9399,2735.204,500000,-0.0039,0.007800000000000001,0.031200000000000006,0.0323958330653805,tap3,slow,normal,20260810_141717,True
2737713,0.0039,0.0351,0.9243,2737.713,500000,0.0,0.0039000000000000007,0.015600000000000058,0.016080111939908933,tap3,slow,normal,20260810_141717,True
2740210,0.0117,0.0273,0.9321,2740.21,500000,0.0078000000000000005,-0.0038999999999999972,0.023400000000000087,0.024972184525988192,tap3,slow,normal,20260810_141717,True
2742702,0.0078,0.0273,0.9282,2742.702,500000,0.0039,-0.0038999999999999972,0.019500000000000073,0.020264994448555933,tap3,slow,normal,20260810_141717,True
2745222,0.0117,0.0351,0.9282,2745.222,500000,0.0078000000000000005,0.0039000000000000007,0.019500000000000073,0.021361179742701544,tap3,slow,normal,20260810_141717,True
2747704,0.0117,0.0273,0.9321,2747.704,500000,0.0078000000000000005,-0.0038999999999999972,0.023400000000000087,0.024972184525988192,tap3,slow,normal,20260810_141717,True
2750200,0.0039,0.0273,0.9165,2750.2,500000,0.0,-0.0038999999999999972,0.007800000000000029,0.008720665112249205,tap3,slow,normal,20260810_141717,True
2752720,0.0,0.0312,0.9243,2752.72,500000,-0.0039,0.0,0.015600000000000058,0.016080111939908933,tap3,slow,normal,20260810_141717,True
2755202,0.0039,0.0234,0.936,2755.202,500000,0.0,-0.007799999999999998,0.027300000000000102,0.028392428568194118,tap3,slow,normal,20260810_141717,True
2757709,0.0078,0.0273,0.9282,2757.709,500000,0.0039,-0.0038999999999999972,0.019500000000000073,0.020264994448555933,tap3,slow,normal,20260810_141717,True
2760206,0.0039,0.0312,0.9204,2760.206,500000,0.0,0.0,0.011700000000000044,0.011700000000000044,tap3,slow,normal,20260810_141717,True
2762729,0.0039,0.0312,0.9204,2762.729,500000,0.0,0.0,0.011700000000000044,0.011700000000000044,tap3,slow,normal,20260810_141717,True
2765212,0.0039,0.0273,0.9282,2765.212,500000,0.0,-0.0038999999999999972,0.019500000000000073,0.01988617610301193,tap3,slow,normal,20260810_141717,True
2767726,0.0039,0.0312,0.9243,2767.726,500000,0.0,0.0,0.015600000000000058,0.015600000000000058,tap3,slow,normal,20260810_141717,True
2770225,0.0078,0.0273,0.9204,2770.225,500000,0.0039,-0.0038999999999999972,0.011700000000000044,0.012934836682386097,tap3,slow,normal,20260810_141717,True
2772704,0.0078,0.0234,0.9204,2772.704,500000,0.0039,-0.007799999999999998,0.011700000000000044,0.014592463808418405,tap3,slow,normal,20260810_141717,True
2775224,0.0039,0.0312,0.9243,2775.224,500000,0.0,0.0,0.015600000000000058,0.015600000000000058,tap3,slow,normal,20260810_141717,True
2777713,0.0039,0.0312,0.9243,2777.713,500000,0.0,0.0,0.015600000000000058,0.015600000000000058,tap3,slow,normal,20260810_141717,True
2780212,0.0,0.0234,0.9321,2780.212,500000,-0.0039,-0.007799999999999998,0.023400000000000087,0.024972184525988192,tap3,slow,normal,20260810_141717,True
2782710,0.0078,0.0273,0.9321,2782.71,500000,0.0039,-0.0038999999999999972,0.023400000000000087,0.024041214611579095,tap3,slow,normal,20260810_141717,True
2785458,0.0078,0.0273,0.9282,2785.458,500000,0.0039,-0.0038999999999999972,0.019500000000000073,0.020264994448555933,tap3,slow,normal,20260810_141717,True
2787838,0.0078,0.0273,0.9282,2787.838,500000,0.0039,-0.0038999999999999972,0.019500000000000073,0.020264994448555933,tap3,slow,normal,20260810_141717,True
2790204,0.0039,0.0273,0.9243,2790.204,500000,0.0,-0.0038999999999999972,0.015600000000000058,0.016080111939908933,tap3,slow,normal,20260810_141717,True
2792721,0.0078,0.0234,0.9204,2792.721,500000,0.0039,-0.007799999999999998,0.011700000000000044,0.014592463808418405,tap3,slow,normal,20260810_141717,True
2795211,0.0078,0.0273,0.9243,2795.211,500000,0.0039,-0.0038999999999999972,0.015600000000000058,0.016546298679765266,tap3,slow,normal,20260810_141717,True
2797724,0.0039,0.0234,0.9243,2797.724,500000,0.0,-0.007799999999999998,0.015600000000000058,0.01744133022449841,tap3,slow,normal,20260810_141717,True
2800221,0.0,0.0351,0.9165,2800.221,500000,-0.0039,0.0039000000000000007,0.007800000000000029,0.009553009996854418,tap3,slow,normal,20260810_141717,True
2802716,0.0039,0.0234,0.9243,2802.716,500000,0.0,-0.007799999999999998,0.015600000000000058,0.01744133022449841,tap3,slow,normal,20260810_141717,True
2805229,0.0078,0.0273,0.9126,2805.229,500000,0.0039,-0.0038999999999999972,0.0039000000000000146,0.006754998149518628,tap3,slow,normal,20260810_141717,True
2807708,0.0078,0.0195,0.9321,2807.708,500000,0.0039,-0.011699999999999999,0.023400000000000087,0.026451086934188624,tap3,slow,normal,20260810_141717,True
2810206,-0.0039,0.0429,0.9282,2810.206,500000,-0.0078,0.011700000000000002,0.019500000000000073,0.024041214611579067,tap3,slow,normal,20260810_141717,True
2812731,0.0078,0.0234,0.9282,2812.731,500000,0.0039,-0.007799999999999998,0.019500000000000073,0.021361179742701544,tap3,slow,normal,20260810_141717,True
2815214,0.0039,0.0273,0.9282,2815.214,500000,0.0,-0.0038999999999999972,0.019500000000000073,0.01988617610301193,tap3,slow,normal,20260810_141717,True
2817730,0.0078,0.0273,0.9243,2817.73,500000,0.0039,-0.0038999999999999972,0.015600000000000058,0.016546298679765266,tap3,slow,normal,20260810_141717,True
2820212,0.0078,0.0234,0.9204,2820.212,500000,0.0039,-0.007799999999999998,0.011700000000000044,0.014592463808418405,tap3,slow,normal,20260810_141717,True
2822728,0.0039,0.0351,0.9282,2822.728,500000,0.0,0.0039000000000000007,0.019500000000000073,0.01988617610301193,tap3,slow,normal,20260810_141717,True
2825207,0.0039,0.0273,0.9282,2825.207,500000,0.0,-0.0038999999999999972,0.019500000000000073,0.01988617610301193,tap3,slow,normal,20260810_141717,True
2827718,0.0117,0.0234,0.9282,2827.718,500000,0.0078000000000000005,-0.007799999999999998,0.019500000000000073,0.022403794321498374,tap3,slow,normal,20260810_141717,True
2830217,0.0078,0.0273,0.9204,2830.217,500000,0.0039,-0.0038999999999999972,0.011700000000000044,0.012934836682386097,tap3,slow,normal,20260810_141717,True
2832707,0.0039,0.0273,0.9321,2832.707,500000,0.0,-0.0038999999999999972,0.023400000000000087,0.023722773868163145,tap3,slow,normal,20260810_141717,True
2835225,0.0078,0.0234,0.9126,2835.225,500000,0.0039,-0.007799999999999998,0.0039000000000000146,0.009553009996854399,tap3,slow,normal,20260810_141717,True
2837726,0.0078,0.0234,0.9165,2837.726,500000,0.0039,-0.007799999999999998,0.007800000000000029,0.011700000000000018,tap3,slow,normal,20260810_141717,True
2840227,0.0039,0.0312,0.9243,2840.227,500000,0.0,0.0,0.015600000000000058,0.015600000000000058,tap3,slow,normal,20260810_141717,True
2842730,0.0,0.0312,0.9321,2842.73,500000,-0.0039,0.0,0.023400000000000087,0.023722773868163145,tap3,slow,normal,20260810_141717,True
2845209,0.0078,0.0312,0.9165,2845.209,500000,0.0039,0.0,0.007800000000000029,0.008720665112249205,tap3,slow,normal,20260810_141717,True
2847721,0.0039,0.0312,0.9243,2847.721,500000,0.0,0.0,0.015600000000000058,0.015600000000000058,tap3,slow,normal,20260810_141717,True
2850219,0.0039,0.0312,0.9321,2850.219,500000,0.0,0.0,0.023400000000000087,0.023400000000000087,tap3,slow,normal,20260810_141717,True
2852711,0.0039,0.0234,0.9243,2852.711,500000,0.0,-0.007799999999999998,0.015600000000000058,0.01744133022449841,tap3,slow,normal,20260810_141717,True
2855224,0.0078,0.0312,0.9243,2855.224,500000,0.0039,0.0,0.015600000000000058,0.016080111939908933,tap3,slow,normal,20260810_141717,True
2857703,0.0039,0.0312,0.9204,2857.703,500000,0.0,0.0,0.011700000000000044,0.011700000000000044,tap3,slow,normal,20260810_141717,True
2860201,0.0039,0.0273,0.9282,2860.201,500000,0.0,-0.0038999999999999972,0.019500000000000073,0.01988617610301193,tap3,slow,normal,20260810_141717,True
2862721,0.0039,0.0273,0.9243,2862.721,500000,0.0,-0.0038999999999999972,0.015600000000000058,0.016080111939908933,tap3,slow,normal,20260810_141717,True
2865230,0.0039,0.0234,0.9204,2865.23,500000,0.0,-0.007799999999999998,0.011700000000000044,0.014061649974309594,tap3,slow,normal,20260810_141717,True
2867712,0.0117,0.0273,0.9282,2867.712,500000,0.0078000000000000005,-0.0038999999999999972,0.019500000000000073,0.021361179742701544,tap3,slow,normal,20260810_141717,True
2870212,0.0039,0.0351,0.9165,2870.212,500000,0.0,0.0039000000000000007,0.007800000000000029,0.008720665112249207,tap3,slow,normal,20260810_141717,True
2872705,0.0039,0.0312,0.9321,2872.705,500000,0.0,0.0,0.023400000000000087,0.023400000000000087,tap3,slow,normal,20260810_141717,True
2875218,0.0,0.0351,0.9282,2875.218,500000,-0.0039,0.0039000000000000007,0.019500000000000073,0.020264994448555933,tap3,slow,normal,20260810_141717,True
2877710,0.0,0.0273,0.9282,2877.71,500000,-0.0039,-0.0038999999999999972,0.019500000000000073,0.020264994448555933,tap3,slow,normal,20260810_141717,True
2880207,0.0039,0.0312,0.9126,2880.207,500000,0.0,0.0,0.0039000000000000146,0.0039000000000000146,tap3,slow,normal,20260810_141717,True
2882704,0.0039,0.0312,0.9126,2882.704,500000,0.0,0.0,0.0039000000000000146,0.0039000000000000146,tap3,slow,normal,20260810_141717,True
2885219,0.0039,0.0312,0.9204,2885.219,500000,0.0,0.0,0.011700000000000044,0.011700000000000044,tap3,slow,normal,20260810_141717,True
2888092,0.0078,0.0429,0.9204,2888.092,500000,0.0039,0.011700000000000002,0.011700000000000044,0.01699970587980866,tap3,slow,normal,20260810_141717,True
2890211,0.0078,0.0429,0.9204,2890.211,500000,0.0039,0.011700000000000002,0.011700000000000044,0.01699970587980866,tap3,slow,normal,20260810_141717,True
2892746,0.0039,0.0351,0.9321,2892.746,500000,0.0,0.0039000000000000007,0.023400000000000087,0.023722773868163145,tap3,slow,normal,20260810_141717,True
2895206,0.0078,0.0312,0.9204,2895.206,500000,0.0039,0.0,0.011700000000000044,0.012332882874656722,tap3,slow,normal,20260810_141717,True
2897713,0.0078,0.0273,0.9165,2897.713,500000,0.0039,-0.0038999999999999972,0.007800000000000029,0.009553009996854416,tap3,slow,normal,20260810_141717,True
2900212,0.0078,0.0351,0.9165,2900.212,500000,0.0039,0.0039000000000000007,0.007800000000000029,0.009553009996854418,tap3,slow,normal,20260810_141717,True
2902725,0.0078,0.0195,0.9243,2902.725,500000,0.0039,-0.011699999999999999,0.015600000000000058,0.019886176103011906,tap3,slow,normal,20260810_141717,True
2905214,0.0,0.0351,0.9165,2905.214,500000,-0.0039,0.0039000000000000007,0.007800000000000029,0.009553009996854418,tap3,slow,normal,20260810_141717,True
2907726,0.0078,0.0234,0.9243,2907.726,500000,0.0039,-0.007799999999999998,0.015600000000000058,0.017872045210327828,tap3,slow,normal,20260810_141717,True
2910224,0.0039,0.0234,0.9243,2910.224,500000,0.0,-0.007799999999999998,0.015600000000000058,0.01744133022449841,tap3,slow,normal,20260810_141717,True
2912715,0.0078,0.0195,0.9282,2912.715,500000,0.0039,-0.011699999999999999,0.019500000000000073,0.023072711154088564,tap3,slow,normal,20260810_141717,True
2915229,0.0156,0.0156,0.9204,2915.229,500000,0.011699999999999999,-0.0156,0.011700000000000044,0.022740712389896695,tap3,slow,normal,20260810_141717,True
2917711,0.0078,0.039,0.9321,2917.711,500000,0.0039,0.007800000000000001,0.023400000000000087,0.024972184525988192,tap3,slow,normal,20260810_141717,True
2920226,0.0117,0.0351,0.9243,2920.226,500000,0.0078000000000000005,0.0039000000000000007,0.015600000000000058,0.017872045210327828,tap3,slow,normal,20260810_141717,True
2922705,0.0078,0.0312,0.9243,2922.705,500000,0.0039,0.0,0.015600000000000058,0.016080111939908933,tap3,slow,normal,20260810_141717,True
2925209,0.0039,0.039,0.9282,2925.209,500000,0.0,0.007800000000000001,0.019500000000000073,0.021002142747824634,tap3,slow,normal,20260810_141717,True
2927710,0.0,0.0312,0.9399,2927.71,500000,-0.0039,0.0,0.031200000000000006,0.03144280521836435,tap3,slow,normal,20260810_141717,True
2930207,0.0078,0.0273,0.9204,2930.207,500000,0.0039,-0.0038999999999999972,0.011700000000000044,0.012934836682386097,tap3,slow,normal,20260810_141717,True
2932726,0.0039,0.0273,0.9204,2932.726,500000,0.0,-0.0038999999999999972,0.011700000000000044,0.01233288287465672,tap3,slow,normal,20260810_141717,True
2935209,0.0039,0.0234,0.9282,2935.209,500000,0.0,-0.007799999999999998,0.019500000000000073,0.021002142747824634,tap3,slow,normal,20260810_141717,True
2937721,0.0039,0.0312,0.9165,2937.721,500000,0.0,0.0,0.007800000000000029,0.007800000000000029,tap3,slow,normal,20260810_141717,True
2940219,0.0039,0.0312,0.9165,2940.219,500000,0.0,0.0,0.007800000000000029,0.007800000000000029,tap3,slow,normal,20260810_141717,True
2942720,0.0078,0.0273,0.9243,2942.72,500000,0.0039,-0.0038999999999999972,0.015600000000000058,0.016546298679765266,tap3,slow,normal,20260810_141717,True
2945204,0.0039,0.0273,0.9282,2945.204,500000,0.0,-0.0038999999999999972,0.019500000000000073,0.01988617610301193,tap3,slow,normal,20260810_141717,True
2947713,0.0039,0.0273,0.9165,2947.713,500000,0.0,-0.0038999999999999972,0.007800000000000029,0.008720665112249205,tap3,slow,normal,20260810_141717,True
2950214,0.0078,0.0312,0.9204,2950.214,500000,0.0039,0.0,0.011700000000000044,0.012332882874656722,tap3,slow,normal,20260810_141717,True
2952709,0.0078,0.0273,0.9243,2952.709,500000,0.0039,-0.0038999999999999972,0.015600000000000058,0.016546298679765266,tap3,slow,normal,20260810_141717,True
2955218,0.0078,0.0234,0.9204,2955.218,500000,0.0039,-0.007799999999999998,0.011700000000000044,0.014592463808418405,tap3,slow,normal,20260810_141717,True
2957728,0.0039,0.0234,0.9204,2957.728,500000,0.0,-0.007799999999999998,0.011700000000000044,0.014061649974309594,tap3,slow,normal,20260810_141717,True
2960226,0.0117,0.0234,0.9243,2960.226,500000,0.0078000000000000005,-0.007799999999999998,0.015600000000000058,0.019106019993708836,tap3,slow,normal,20260810_141717,True
2962721,0.0,0.0351,0.9204,2962.721,500000,-0.0039,0.0039000000000000007,0.011700000000000044,0.012934836682386099,tap3,slow,normal,20260810_141717,True
2965201,0.0078,0.0273,0.9165,2965.201,500000,0.0039,-0.0038999999999999972,0.007800000000000029,0.009553009996854416,tap3,slow,normal,20260810_141717,True
2967729,0.0078,0.0234,0.9165,2967.729,500000,0.0039,-0.007799999999999998,0.007800000000000029,0.011700000000000018,tap3,slow,normal,20260810_141717,True
2970200,0.0117,0.0234,0.9204,2970.2,500000,0.0078000000000000005,-0.007799999999999998,0.011700000000000044,0.016080111939908905,tap3,slow,normal,20260810_141717,True
2972726,0.0039,0.0273,0.9204,2972.726,500000,0.0,-0.0038999999999999972,0.011700000000000044,0.01233288287465672,tap3,slow,normal,20260810_141717,True
2975205,0.0039,0.0234,0.9126,2975.205,500000,0.0,-0.007799999999999998,0.0039000000000000146,0.008720665112249185,tap3,slow,normal,20260810_141717,True
2977728,0.0039,0.0234,0.9165,2977.728,500000,0.0,-0.007799999999999998,0.007800000000000029,0.01103086578651016,tap3,slow,normal,20260810_141717,True
2980226,0.0078,0.0273,0.9087,2980.226,500000,0.0039,-0.0038999999999999972,0.0,0.005515432893255069,tap3,slow,normal,20260810_141717,True
2982729,0.0078,0.0312,0.9243,2982.729,500000,0.0039,0.0,0.015600000000000058,0.016080111939908933,tap3,slow,normal,20260810_141717,True
2985207,0.0039,0.0234,0.9165,2985.207,500000,0.0,-0.007799999999999998,0.007800000000000029,0.01103086578651016,tap3,slow,normal,20260810_141717,True
2987817,0.0078,0.0234,0.9204,2987.817,500000,0.0039,-0.007799999999999998,0.011700000000000044,0.014592463808418405,tap3,slow,normal,20260810_141717,True
2990330,0.0117,0.0273,0.9165,2990.33,500000,0.0078000000000000005,-0.0038999999999999972,0.007800000000000029,0.011700000000000018,tap3,slow,normal,20260810_141717,True
2992740,0.0117,0.0273,0.9165,2992.74,500000,0.0078000000000000005,-0.0038999999999999972,0.007800000000000029,0.011700000000000018,tap3,slow,normal,20260810_141717,True
2995226,0.0,0.039,0.9165,2995.226,500000,-0.0039,0.007800000000000001,0.007800000000000029,0.01170000000000002,tap3,slow,normal,20260810_141717,True
2997708,0.0078,0.0312,0.9243,2997.708,500000,0.0039,0.0,0.015600000000000058,0.016080111939908933,tap3,slow,normal,20260810_141717,True
3000204,0.0117,0.0312,0.9243,3000.204,500000,0.0078000000000000005,0.0,0.015600000000000058,0.01744133022449841,tap3,slow,normal,20260810_141717,True
3002726,0.0078,0.0312,0.9165,3002.726,500000,0.0039,0.0,0.007800000000000029,0.008720665112249205,tap3,slow,normal,20260810_141717,True
3005209,0.0078,0.0273,0.9321,3005.209,500000,0.0039,-0.0038999999999999972,0.023400000000000087,0.024041214611579095,tap3,slow,normal,20260810_141717,True
3007721,0.0039,0.0234,0.9321,3007.721,500000,0.0,-0.007799999999999998,0.023400000000000087,0.02466576574931344,tap3,slow,normal,20260810_141717,True
3010216,0.0,0.0312,0.9165,3010.216,500000,-0.0039,0.0,0.007800000000000029,0.008720665112249205,tap3,slow,normal,20260810_141717,True
3012711,0.0039,0.0273,0.9009,3012.711,500000,0.0,-0.0038999999999999972,-0.007799999999999918,0.008720665112249105,tap3,slow,normal,20260810_141717,True
3015226,0.0039,0.0351,0.9126,3015.226,500000,0.0,0.0039000000000000007,0.0039000000000000146,0.005515432893255082,tap3,slow,normal,20260810_141717,True
3017711,0.0078,0.0273,0.936,3017.711,500000,0.0039,-0.0038999999999999972,0.027300000000000102,0.027851570871317215,tap3,slow,normal,20260810_141717,True
3020227,0.0039,0.0234,0.9282,3020.227,500000,0.0,-0.007799999999999998,0.019500000000000073,0.021002142747824634,tap3,slow,normal,20260810_141717,True
3022703,0.0,0.0273,0.9204,3022.703,500000,-0.0039,-0.0038999999999999972,0.011700000000000044,0.012934836682386097,tap3,slow,normal,20260810_141717,True
3025218,0.0078,0.0273,0.9243,3025.218,500000,0.0039,-0.0038999999999999972,0.015600000000000058,0.016546298679765266,tap3,slow,normal,20260810_141717,True
3027702,0.0078,0.0351,0.9243,3027.702,500000,0.0039,0.0039000000000000007,0.015600000000000058,0.01654629867976527,tap3,slow,normal,20260810_141717,True
3030229,0.0,0.0312,0.9204,3030.229,500000,-0.0039,0.0,0.011700000000000044,0.012332882874656722,tap3,slow,normal,20260810_141717,True
3032724,0.0078,0.0273,0.9243,3032.724,500000,0.0039,-0.0038999999999999972,0.015600000000000058,0.016546298679765266,tap3,slow,normal,20260810_141717,True
3035229,0.0039,0.0351,0.9321,3035.229,500000,0.0,0.0039000000000000007,0.023400000000000087,0.023722773868163145,tap3,slow,normal,20260810_141717,True
3037712,0.0039,0.0312,0.9204,3037.712,500000,0.0,0.0,0.011700000000000044,0.011700000000000044,tap3,slow,normal,20260810_141717,True
3040209,0.0039,0.0312,0.9282,3040.209,500000,0.0,0.0,0.019500000000000073,0.019500000000000073,tap3,slow,normal,20260810_141717,True
3043245,0.0078,0.0273,0.9243,3043.245,500000,0.0039,-0.0038999999999999972,0.015600000000000058,0.016546298679765266,tap3,slow,normal,20260810_141717,True
3045216,0.0039,0.0351,0.9243,3045.216,500000,0.0,0.0039000000000000007,0.015600000000000058,0.016080111939908933,tap3,slow,normal,20260810_141717,True
3047726,0.0039,0.039,0.9243,3047.726,500000,0.0,0.007800000000000001,0.015600000000000058,0.017441330224498414,tap3,slow,normal,20260810_141717,True
3050225,0.0117,0.0273,0.9282,3050.225,500000,0.0078000000000000005,-0.0038999999999999972,0.019500000000000073,0.021361179742701544,tap3,slow,normal,20260810_141717,True
3052706,0.0078,0.0273,0.9204,3052.706,500000,0.0039,-0.0038999999999999972,0.011700000000000044,0.012934836682386097,tap3,slow,normal,20260810_141717,True
3055227,0.0078,0.0273,0.9165,3055.227,500000,0.0039,-0.0038999999999999972,0.007800000000000029,0.009553009996854416,tap3,slow,normal,20260810_141717,True
3057700,0.0039,0.0234,0.9243,3057.7,500000,0.0,-0.007799999999999998,0.015600000000000058,0.01744133022449841,tap3,slow,normal,20260810_141717,True
3060203,0.0039,0.0273,0.9204,3060.203,500000,0.0,-0.0038999999999999972,0.011700000000000044,0.01233288287465672,tap3,slow,normal,20260810_141717,True
3062730,0.0078,0.0273,0.9204,3062.73,500000,0.0039,-0.0038999999999999972,0.011700000000000044,0.012934836682386097,tap3,slow,normal,20260810_141717,True
3065207,0.0117,0.0351,0.9126,3065.207,500000,0.0078000000000000005,0.0039000000000000007,0.0039000000000000146,0.0095530099968544,tap3,slow,normal,20260810_141717,True
3067718,0.0078,0.0273,0.9204,3067.718,500000,0.0039,-0.0038999999999999972,0.011700000000000044,0.012934836682386097,tap3,slow,normal,20260810_141717,True
3070226,0.0078,0.0273,0.9243,3070.226,500000,0.0039,-0.0038999999999999972,0.015600000000000058,0.016546298679765266,tap3,slow,normal,20260810_141717,True
3072728,0.0039,0.0234,0.9243,3072.728,500000,0.0,-0.007799999999999998,0.015600000000000058,0.01744133022449841,tap3,slow,normal,20260810_141717,True
3075213,0.0078,0.0234,0.9243,3075.213,500000,0.0039,-0.007799999999999998,0.015600000000000058,0.017872045210327828,tap3,slow,normal,20260810_141717,True
3077707,0.0078,0.0195,0.9126,3077.707,500000,0.0039,-0.011699999999999999,0.0039000000000000146,0.012934836682386062,tap3,slow,normal,20260810_141717,True
3080204,0.0039,0.0273,0.9087,3080.204,500000,0.0,-0.0038999999999999972,0.0,0.0038999999999999972,tap3,slow,normal,20260810_141717,True
3082737,0.0,0.0234,0.9204,3082.737,500000,-0.0039,-0.007799999999999998,0.011700000000000044,0.014592463808418405,tap3,slow,normal,20260810_141717,True
3085219,0.0039,0.0273,0.9126,3085.219,500000,0.0,-0.0038999999999999972,0.0039000000000000146,0.005515432893255079,tap3,slow,normal,20260810_141717,True
3087855,0.0039,0.0273,0.9126,3087.855,500000,0.0,-0.0038999999999999972,0.0039000000000000146,0.005515432893255079,tap3,slow,normal,20260810_141717,True
3090220,0.0,0.0312,0.9243,3090.22,500000,-0.0039,0.0,0.015600000000000058,0.016080111939908933,tap3,slow,normal,20260810_141717,True
3092901,0.0078,0.0312,0.9243,3092.901,500000,0.0039,0.0,0.015600000000000058,0.016080111939908933,tap3,slow,normal,20260810_141717,True
3095204,0.0078,0.0312,0.9243,3095.204,500000,0.0039,0.0,0.015600000000000058,0.016080111939908933,tap3,slow,normal,20260810_141717,True
3097712,0.0078,0.0273,0.9243,3097.712,500000,0.0039,-0.0038999999999999972,0.015600000000000058,0.016546298679765266,tap3,slow,normal,20260810_141717,True
3100225,0.0039,0.039,0.9204,3100.225,500000,0.0,0.007800000000000001,0.011700000000000044,0.014061649974309596,tap3,slow,normal,20260810_141717,True
3102710,0.0039,0.039,0.9204,3102.71,500000,0.0,0.007800000000000001,0.011700000000000044,0.014061649974309596,tap3,slow,normal,20260810_141717,True
3105226,0.0039,0.0351,0.9165,3105.226,500000,0.0,0.0039000000000000007,0.007800000000000029,0.008720665112249207,tap3,slow,normal,20260810_141717,True
3107707,0.0039,0.0312,0.9126,3107.707,500000,0.0,0.0,0.0039000000000000146,0.0039000000000000146,tap3,slow,normal,20260810_141717,True
3110204,0.0039,0.039,0.9204,3110.204,500000,0.0,0.007800000000000001,0.011700000000000044,0.014061649974309596,tap3,slow,normal,20260810_141717,True
3112726,0.0117,0.0273,0.9243,3112.726,500000,0.0078000000000000005,-0.0038999999999999972,0.015600000000000058,0.017872045210327828,tap3,slow,normal,20260810_141717,True
3115209,0.0078,0.0312,0.9243,3115.209,500000,0.0039,0.0,0.015600000000000058,0.016080111939908933,tap3,slow,normal,20260810_141717,True
3117722,0.0078,0.0312,0.9243,3117.722,500000,0.0039,0.0,0.015600000000000058,0.016080111939908933,tap3,slow,normal,20260810_141717,True
3120230,0.0078,0.0312,0.9165,3120.23,500000,0.0039,0.0,0.007800000000000029,0.008720665112249205,tap3,slow,normal,20260810_141717,True
3122707,0.0078,0.0234,0.9204,3122.707,500000,0.0039,-0.007799999999999998,0.011700000000000044,0.014592463808418405,tap3,slow,normal,20260810_141717,True
3125224,0.0039,0.0351,0.9126,3125.224,500000,0.0,0.0039000000000000007,0.0039000000000000146,0.005515432893255082,tap3,slow,normal,20260810_141717,True
3127708,0.0039,0.0351,0.9165,3127.708,500000,0.0,0.0039000000000000007,0.007800000000000029,0.008720665112249207,tap3,slow,normal,20260810_141717,True
3130204,0.0078,0.0273,0.9282,3130.204,500000,0.0039,-0.0038999999999999972,0.019500000000000073,0.020264994448555933,tap3,slow,normal,20260810_141717,True
3132726,0.0078,0.0273,0.9126,3132.726,500000,0.0039,-0.0038999999999999972,0.0039000000000000146,0.006754998149518628,tap3,slow,normal,20260810_141717,True
3135204,0.0039,0.0273,0.9165,3135.204,500000,0.0,-0.0038999999999999972,0.007800000000000029,0.008720665112249205,tap3,slow,normal,20260810_141717,True
3137710,0.0039,0.039,0.9165,3137.71,500000,0.0,0.007800000000000001,0.007800000000000029,0.011030865786510163,tap3,slow,normal,20260810_141717,True
3140207,0.0078,0.0234,0.9204,3140.207,500000,0.0039,-0.007799999999999998,0.011700000000000044,0.014592463808418405,tap3,slow,normal,20260810_141717,True
3142701,0.0039,0.0312,0.9204,3142.701,500000,0.0,0.0,0.011700000000000044,0.011700000000000044,tap3,slow,normal,20260810_141717,True
3145218,0.0039,0.0234,0.9126,3145.218,500000,0.0,-0.007799999999999998,0.0039000000000000146,0.008720665112249185,tap3,slow,normal,20260810_141717,True
3147728,0.0039,0.0312,0.9243,3147.728,500000,0.0,0.0,0.015600000000000058,0.015600000000000058,tap3,slow,normal,20260810_141717,True
3150226,0.0,0.0351,0.9165,3150.226,500000,-0.0039,0.0039000000000000007,0.007800000000000029,0.009553009996854418,tap3,slow,normal,20260810_141717,True
3152722,0.0117,0.0312,0.9204,3152.722,500000,0.0078000000000000005,0.0,0.011700000000000044,0.014061649974309596,tap3,slow,normal,20260810_141717,True
3155206,0.0039,0.0273,0.9165,3155.206,500000,0.0,-0.0038999999999999972,0.007800000000000029,0.008720665112249205,tap3,slow,normal,20260810_141717,True
3157714,0.0078,0.0273,0.9204,3157.714,500000,0.0039,-0.0038999999999999972,0.011700000000000044,0.012934836682386097,tap3,slow,normal,20260810_141717,True
3160212,0.0078,0.0273,0.9204,3160.212,500000,0.0039,-0.0038999999999999972,0.011700000000000044,0.012934836682386097,tap3,slow,normal,20260810_141717,True
3162703,0.0039,0.0351,0.9204,3162.703,500000,0.0,0.0039000000000000007,0.011700000000000044,0.012332882874656722,tap3,slow,normal,20260810_141717,True
3165202,0.0039,0.0273,0.9204,3165.202,500000,0.0,-0.0038999999999999972,0.011700000000000044,0.01233288287465672,tap3,slow,normal,20260810_141717,True
3167715,0.0039,0.0273,0.9282,3167.715,500000,0.0,-0.0038999999999999972,0.019500000000000073,0.01988617610301193,tap3,slow,normal,20260810_141717,True
3170215,0.0078,0.0312,0.9165,3170.215,500000,0.0039,0.0,0.007800000000000029,0.008720665112249205,tap3,slow,normal,20260810_141717,True
3172713,0.0039,0.0351,0.9204,3172.713,500000,0.0,0.0039000000000000007,0.011700000000000044,0.012332882874656722,tap3,slow,normal,20260810_141717,True
3175225,0.0039,0.0312,0.9243,3175.225,500000,0.0,0.0,0.015600000000000058,0.015600000000000058,tap3,slow,normal,20260810_141717,True
3177713,0.0039,0.0312,0.9204,3177.713,500000,0.0,0.0,0.011700000000000044,0.011700000000000044,tap3,slow,normal,20260810_141717,True
3180213,0.0117,0.0234,0.9165,3180.213,500000,0.0078000000000000005,-0.007799999999999998,0.007800000000000029,0.013509996299037258,tap3,slow,normal,20260810_141717,True
3182715,0.0117,0.0234,0.9204,3182.715,500000,0.0078000000000000005,-0.007799999999999998,0.011700000000000044,0.016080111939908905,tap3,slow,normal,20260810_141717,True
3185227,0.0,0.0273,0.9165,3185.227,500000,-0.0039,-0.0038999999999999972,0.007800000000000029,0.009553009996854416,tap3,slow,normal,20260810_141717,True
3187790,0.0078,0.0273,0.9087,3187.79,500000,0.0039,-0.0038999999999999972,0.0,0.005515432893255069,tap3,slow,normal,20260810_141717,True
3190228,0.0,0.0273,0.9243,3190.228,500000,-0.0039,-0.0038999999999999972,0.015600000000000058,0.016546298679765266,tap3,slow,normal,20260810_141717,True
3192709,0.0039,0.0273,0.9204,3192.709,500000,0.0,-0.0038999999999999972,0.011700000000000044,0.01233288287465672,tap3,slow,normal,20260810_141717,True
3195212,0.0039,0.0273,0.9165,3195.212,500000,0.0,-0.0038999999999999972,0.007800000000000029,0.008720665112249205,tap3,slow,normal,20260810_141717,True
3197703,0.0039,0.0273,0.9165,3197.703,500000,0.0,-0.0038999999999999972,0.007800000000000029,0.008720665112249205,tap3,slow,normal,20260810_141717,True
3200201,0.0039,0.0312,0.9204,3200.201,500000,0.0,0.0,0.011700000000000044,0.011700000000000044,tap3,slow,normal,20260810_141717,True
3202713,0.0039,0.0234,0.9204,3202.713,500000,0.0,-0.007799999999999998,0.011700000000000044,0.014061649974309594,tap3,slow,normal,20260810_141717,True
3205204,0.0,0.0351,0.9165,3205.204,500000,-0.0039,0.0039000000000000007,0.007800000000000029,0.009553009996854418,tap3,slow,normal,20260810_141717,True
3207714,0.0078,0.0234,0.9204,3207.714,500000,0.0039,-0.007799999999999998,0.011700000000000044,0.014592463808418405,tap3,slow,normal,20260810_141717,True
3210213,0.0039,0.0351,0.9204,3210.213,500000,0.0,0.0039000000000000007,0.011700000000000044,0.012332882874656722,tap3,slow,normal,20260810_141717,True
3212711,0.0,0.0273,0.9165,3212.711,500000,-0.0039,-0.0038999999999999972,0.007800000000000029,0.009553009996854416,tap3,slow,normal,20260810_141717,True
3215219,0.0078,0.0312,0.9165,3215.219,500000,0.0039,0.0,0.007800000000000029,0.008720665112249205,tap3,slow,normal,20260810_141717,True
3217708,0.0039,0.0312,0.9282,3217.708,500000,0.0,0.0,0.019500000000000073,0.019500000000000073,tap3,slow,normal,20260810_141717,True
3220222,0.0117,0.0312,0.9282,3220.222,500000,0.0078000000000000005,0.0,0.019500000000000073,0.021002142747824634,tap3,slow,normal,20260810_141717,True
3222735,0.0078,0.0351,0.9243,3222.735,500000,0.0039,0.0039000000000000007,0.015600000000000058,0.01654629867976527,tap3,slow,normal,20260810_141717,True
3225214,0.0078,0.0273,0.9165,3225.214,500000,0.0039,-0.0038999999999999972,0.007800000000000029,0.009553009996854416,tap3,slow,normal,20260810_141717,True
3227727,0.0078,0.0312,0.9204,3227.727,500000,0.0039,0.0,0.011700000000000044,0.012332882874656722,tap3,slow,normal,20260810_141717,True
3230210,0.0078,0.0273,0.9243,3230.21,500000,0.0039,-0.0038999999999999972,0.015600000000000058,0.016546298679765266,tap3,slow,normal,20260810_141717,True
3232713,0.0117,0.0273,0.9165,3232.713,500000,0.0078000000000000005,-0.0038999999999999972,0.007800000000000029,0.011700000000000018,tap3,slow,normal,20260810_141717,True
3235227,0.0,0.0351,0.9087,3235.227,500000,-0.0039,0.0039000000000000007,0.0,0.005515432893255071,tap3,slow,normal,20260810_141717,True
3237709,0.0078,0.0273,0.9204,3237.709,500000,0.0039,-0.0038999999999999972,0.011700000000000044,0.012934836682386097,tap3,slow,normal,20260810_141717,True
3240206,0.0039,0.0312,0.9243,3240.206,500000,0.0,0.0,0.015600000000000058,0.015600000000000058,tap3,slow,normal,20260810_141717,True
3242700,0.0078,0.0351,0.9165,3242.7,500000,0.0039,0.0039000000000000007,0.007800000000000029,0.009553009996854418,tap3,slow,normal,20260810_141717,True
3245215,0.0078,0.0273,0.9126,3245.215,500000,0.0039,-0.0038999999999999972,0.0039000000000000146,0.006754998149518628,tap3,slow,normal,20260810_141717,True
3247728,0.0117,0.0351,0.9204,3247.728,500000,0.0078000000000000005,0.0039000000000000007,0.011700000000000044,0.014592463808418407,tap3,slow,normal,20260810_141717,True
3250225,0.0039,0.0273,0.9126,3250.225,500000,0.0,-0.0038999999999999972,0.0039000000000000146,0.005515432893255079,tap3,slow,normal,20260810_141717,True
3252721,0.0078,0.0273,0.9204,3252.721,500000,0.0039,-0.0038999999999999972,0.011700000000000044,0.012934836682386097,tap3,slow,normal,20260810_141717,True
3255227,0.0039,0.0234,0.9165,3255.227,500000,0.0,-0.007799999999999998,0.007800000000000029,0.01103086578651016,tap3,slow,normal,20260810_141717,True
3257954,0.0078,0.0273,0.9204,3257.954,500000,0.0039,-0.0038999999999999972,0.011700000000000044,0.012934836682386097,tap3,slow,normal,20260810_141717,True
3260226,0.0078,0.0273,0.9243,3260.226,500000,0.0039,-0.0038999999999999972,0.015600000000000058,0.016546298679765266,tap3,slow,normal,20260810_141717,True
3263074,0.0,0.0351,0.9165,3263.074,500000,-0.0039,0.0039000000000000007,0.007800000000000029,0.009553009996854418,tap3,slow,normal,20260810_141717,True
3265247,0.0039,0.0312,0.9204,3265.247,500000,0.0,0.0,0.011700000000000044,0.011700000000000044,tap3,slow,normal,20260810_141717,True
3267727,0.0,0.039,0.9165,3267.727,500000,-0.0039,0.007800000000000001,0.007800000000000029,0.01170000000000002,tap3,slow,normal,20260810_141717,True
3270287,0.0078,0.039,0.9165,3270.287,500000,0.0039,0.007800000000000001,0.007800000000000029,0.01170000000000002,tap3,slow,normal,20260810_141717,True
3272704,0.0039,0.0273,0.9204,3272.704,500000,0.0,-0.0038999999999999972,0.011700000000000044,0.01233288287465672,tap3,slow,normal,20260810_141717,True
3275223,0.0078,0.0351,0.9204,3275.223,500000,0.0039,0.0039000000000000007,0.011700000000000044,0.012934836682386099,tap3,slow,normal,20260810_141717,True
3277716,0.0078,0.0351,0.9243,3277.716,500000,0.0039,0.0039000000000000007,0.015600000000000058,0.01654629867976527,tap3,slow,normal,20260810_141717,True
3280214,0.0117,0.0234,0.9243,3280.214,500000,0.0078000000000000005,-0.007799999999999998,0.015600000000000058,0.019106019993708836,tap3,slow,normal,20260810_141717,True
3282719,0.0117,0.0273,0.9204,3282.719,500000,0.0078000000000000005,-0.0038999999999999972,0.011700000000000044,0.014592463808418405,tap3,slow,normal,20260810_141717,True
3285202,0.0078,0.0273,0.9126,3285.202,500000,0.0039,-0.0038999999999999972,0.0039000000000000146,0.006754998149518628,tap3,slow,normal,20260810_141717,True
3287814,0.0039,0.039,0.9126,3287.814,500000,0.0,0.007800000000000001,0.0039000000000000146,0.008720665112249188,tap3,slow,normal,20260810_141717,True
3290219,0.0078,0.0312,0.9204,3290.219,500000,0.0039,0.0,0.011700000000000044,0.012332882874656722,tap3,slow,normal,20260810_141717,True
3292737,0.0078,0.0351,0.9204,3292.737,500000,0.0039,0.0039000000000000007,0.011700000000000044,0.012934836682386099,tap3,slow,normal,20260810_141717,True
3295230,0.0039,0.0312,0.9204,3295.23,500000,0.0,0.0,0.011700000000000044,0.011700000000000044,tap3,slow,normal,20260810_141717,True
3297716,0.0078,0.0312,0.9282,3297.716,500000,0.0039,0.0,0.019500000000000073,0.01988617610301193,tap3,slow,normal,20260810_141717,True
3300218,0.0117,0.0273,0.9165,3300.218,500000,0.0078000000000000005,-0.0038999999999999972,0.007800000000000029,0.011700000000000018,tap3,slow,normal,20260810_141717,True
3302746,0.0039,0.0312,0.9243,3302.746,500000,0.0,0.0,0.015600000000000058,0.015600000000000058,tap3,slow,normal,20260810_141717,True
3305226,0.0039,0.0312,0.9243,3305.226,500000,0.0,0.0,0.015600000000000058,0.015600000000000058,tap3,slow,normal,20260810_141717,True
3307708,0.0117,0.0351,0.9087,3307.708,500000,0.0078000000000000005,0.0039000000000000007,0.0,0.00872066511224918,tap3,slow,normal,20260810_141717,True
3310205,0.0117,0.0312,0.9204,3310.205,500000,0.0078000000000000005,0.0,0.011700000000000044,0.014061649974309596,tap3,slow,normal,20260810_141717,True
3312729,0.0117,0.0273,0.9204,3312.729,500000,0.0078000000000000005,-0.0038999999999999972,0.011700000000000044,0.014592463808418405,tap3,slow,normal,20260810_141717,True
3315211,0.0117,0.0273,0.9204,3315.211,500000,0.0078000000000000005,-0.0038999999999999972,0.011700000000000044,0.014592463808418405,tap3,slow,normal,20260810_141717,True
3317703,0.0039,0.0273,0.9204,3317.703,500000,0.0,-0.0038999999999999972,0.011700000000000044,0.01233288287465672,tap3,slow,normal,20260810_141717,True
3320220,0.0078,0.0312,0.9204,3320.22,500000,0.0039,0.0,0.011700000000000044,0.012332882874656722,tap3,slow,normal,20260810_141717,True
3322700,0.0039,0.0312,0.9321,3322.7,500000,0.0,0.0,0.023400000000000087,0.023400000000000087,tap3,slow,normal,20260810_141717,True
3325219,0.0,0.0351,0.9087,3325.219,500000,-0.0039,0.0039000000000000007,0.0,0.005515432893255071,tap3,slow,normal,20260810_141717,True
3327728,0.0117,0.0273,0.9204,3327.728,500000,0.0078000000000000005,-0.0038999999999999972,0.011700000000000044,0.014592463808418405,tap3,slow,normal,20260810_141717,True
3330225,0.0,0.0273,0.9282,3330.225,500000,-0.0039,-0.0038999999999999972,0.019500000000000073,0.020264994448555933,tap3,slow,normal,20260810_141717,True
3332719,0.0039,0.0273,0.9165,3332.719,500000,0.0,-0.0038999999999999972,0.007800000000000029,0.008720665112249205,tap3,slow,normal,20260810_141717,True
3335201,0.0039,0.0312,0.9204,3335.201,500000,0.0,0.0,0.011700000000000044,0.011700000000000044,tap3,slow,normal,20260810_141717,True
3337708,0.0078,0.0273,0.9204,3337.708,500000,0.0039,-0.0038999999999999972,0.011700000000000044,0.012934836682386097,tap3,slow,normal,20260810_141717,True
3340205,0.0039,0.0273,0.9204,3340.205,500000,0.0,-0.0038999999999999972,0.011700000000000044,0.01233288287465672,tap3,slow,normal,20260810_141717,True
3342730,0.0,0.0351,0.9204,3342.73,500000,-0.0039,0.0039000000000000007,0.011700000000000044,0.012934836682386099,tap3,slow,normal,20260810_141717,True
3345214,0.0,0.0273,0.9087,3345.214,500000,-0.0039,-0.0038999999999999972,0.0,0.005515432893255069,tap3,slow,normal,20260810_141717,True
3347727,0.0039,0.0273,0.9165,3347.727,500000,0.0,-0.0038999999999999972,0.007800000000000029,0.008720665112249205,tap3,slow,normal,20260810_141717,True
3350223,0.0039,0.0234,0.9204,3350.223,500000,0.0,-0.007799999999999998,0.011700000000000044,0.014061649974309594,tap3,slow,normal,20260810_141717,True
3352718,0.0039,0.0312,0.9126,3352.718,500000,0.0,0.0,0.0039000000000000146,0.0039000000000000146,tap3,slow,normal,20260810_141717,True
3355229,0.0039,0.0234,0.9243,3355.229,500000,0.0,-0.007799999999999998,0.015600000000000058,0.01744133022449841,tap3,slow,normal,20260810_141717,True
3357711,0.0039,0.0195,0.9204,3357.711,500000,0.0,-0.011699999999999999,0.011700000000000044,0.01654629867976524,tap3,slow,normal,20260810_141717,True
3360207,0.0078,0.0234,0.9204,3360.207,500000,0.0039,-0.007799999999999998,0.011700000000000044,0.014592463808418405,tap3,slow,normal,20260810_141717,True
3362720,0.0039,0.0273,0.9048,3362.72,500000,0.0,-0.0038999999999999972,-0.0038999999999999035,0.005515432893255,tap3,slow,normal,20260810_141717,True
3365200,0.0039,0.0195,0.9126,3365.2,500000,0.0,-0.011699999999999999,0.0039000000000000146,0.012332882874656684,tap3,slow,normal,20260810_141717,True
3367711,0.0039,0.0195,0.9165,3367.711,500000,0.0,-0.011699999999999999,0.007800000000000029,0.014061649974309573,tap3,slow,normal,20260810_141717,True
3370208,0.0078,0.0273,0.9165,3370.208,500000,0.0039,-0.0038999999999999972,0.007800000000000029,0.009553009996854416,tap3,slow,normal,20260810_141717,True
3372700,0.0039,0.0234,0.9243,3372.7,500000,0.0,-0.007799999999999998,0.015600000000000058,0.01744133022449841,tap3,slow,normal,20260810_141717,True
3375215,0.0078,0.0195,0.9126,3375.215,500000,0.0039,-0.011699999999999999,0.0039000000000000146,0.012934836682386062,tap3,slow,normal,20260810_141717,True
3377703,0.0039,0.0234,0.9204,3377.703,500000,0.0,-0.007799999999999998,0.011700000000000044,0.014061649974309594,tap3,slow,normal,20260810_141717,True
3380200,0.0078,0.0273,0.9126,3380.2,500000,0.0039,-0.0038999999999999972,0.0039000000000000146,0.006754998149518628,tap3,slow,normal,20260810_141717,True
3382732,0.0039,0.0273,0.9126,3382.732,500000,0.0,-0.0038999999999999972,0.0039000000000000146,0.005515432893255079,tap3,slow,normal,20260810_141717,True
3385208,0.0039,0.0234,0.9204,3385.208,500000,0.0,-0.007799999999999998,0.011700000000000044,0.014061649974309594,tap3,slow,normal,20260810_141717,True
3387819,0.0,0.0273,0.9165,3387.819,500000,-0.0039,-0.0038999999999999972,0.007800000000000029,0.009553009996854416,tap3,slow,normal,20260810_141717,True
3390216,0.0039,0.0117,0.9126,3390.216,500000,0.0,-0.019499999999999997,0.0039000000000000146,0.019886176103011858,tap3,slow,normal,20260810_141717,True
3392735,0.0117,0.0195,0.9165,3392.735,500000,0.0078000000000000005,-0.011699999999999999,0.007800000000000029,0.016080111939908888,tap3,slow,normal,20260810_141717,True
3395217,0.0,0.0312,0.9204,3395.217,500000,-0.0039,0.0,0.011700000000000044,0.012332882874656722,tap3,slow,normal,20260810_141717,True
3397730,0.0078,0.0234,0.9126,3397.73,500000,0.0039,-0.007799999999999998,0.0039000000000000146,0.009553009996854399,tap3,slow,normal,20260810_141717,True
3400211,0.0,0.0273,0.9165,3400.211,500000,-0.0039,-0.0038999999999999972,0.007800000000000029,0.009553009996854416,tap3,slow,normal,20260810_141717,True
3402744,0.0,0.0273,0.9165,3402.744,500000,-0.0039,-0.0038999999999999972,0.007800000000000029,0.009553009996854416,tap3,slow,normal,20260810_141717,True
3405220,0.0,0.0234,0.9165,3405.22,500000,-0.0039,-0.007799999999999998,0.007800000000000029,0.011700000000000018,tap3,slow,normal,20260810_141717,True
3407700,0.0078,0.0234,0.9165,3407.7,500000,0.0039,-0.007799999999999998,0.007800000000000029,0.011700000000000018,tap3,slow,normal,20260810_141717,True
3410226,0.0078,0.0234,0.9165,3410.226,500000,0.0039,-0.007799999999999998,0.007800000000000029,0.011700000000000018,tap3,slow,normal,20260810_141717,True
3412723,0.0078,0.0273,0.9204,3412.723,500000,0.0039,-0.0038999999999999972,0.011700000000000044,0.012934836682386097,tap3,slow,normal,20260810_141717,True
3415205,0.0078,0.0312,0.9165,3415.205,500000,0.0039,0.0,0.007800000000000029,0.008720665112249205,tap3,slow,normal,20260810_141717,True
3417720,0.0039,0.0273,0.9204,3417.72,500000,0.0,-0.0038999999999999972,0.011700000000000044,0.01233288287465672,tap3,slow,normal,20260810_141717,True
3420202,0.0039,0.0351,0.9165,3420.202,500000,0.0,0.0039000000000000007,0.007800000000000029,0.008720665112249207,tap3,slow,normal,20260810_141717,True
3422716,0.0078,0.0312,0.9243,3422.716,500000,0.0039,0.0,0.015600000000000058,0.016080111939908933,tap3,slow,normal,20260810_141717,True
3425227,0.0039,0.0312,0.9126,3425.227,500000,0.0,0.0,0.0039000000000000146,0.0039000000000000146,tap3,slow,normal,20260810_141717,True
3427724,0.0078,0.0312,0.936,3427.724,500000,0.0039,0.0,0.027300000000000102,0.027577164466275454,tap3,slow,normal,20260810_141717,True
3430225,0.0,0.039,0.9243,3430.225,500000,-0.0039,0.007800000000000001,0.015600000000000058,0.017872045210327828,tap3,slow,normal,20260810_141717,True
3432725,0.0078,0.039,0.9204,3432.725,500000,0.0039,0.007800000000000001,0.011700000000000044,0.014592463808418407,tap3,slow,normal,20260810_141717,True
3435203,0.0039,0.0312,0.9204,3435.203,500000,0.0,0.0,0.011700000000000044,0.011700000000000044,tap3,slow,normal,20260810_141717,True
3437712,0.0039,0.0312,0.9165,3437.712,500000,0.0,0.0,0.007800000000000029,0.007800000000000029,tap3,slow,normal,20260810_141717,True
3440209,0.0078,0.0273,0.9243,3440.209,500000,0.0039,-0.0038999999999999972,0.015600000000000058,0.016546298679765266,tap3,slow,normal,20260810_141717,True
3442705,0.0078,0.0234,0.9282,3442.705,500000,0.0039,-0.007799999999999998,0.019500000000000073,0.021361179742701544,tap3,slow,normal,20260810_141717,True
3445217,0.0078,0.0273,0.9243,3445.217,500000,0.0039,-0.0038999999999999972,0.015600000000000058,0.016546298679765266,tap3,slow,normal,20260810_141717,True
3447728,0.0039,0.0312,0.9165,3447.728,500000,0.0,0.0,0.007800000000000029,0.007800000000000029,tap3,slow,normal,20260810_141717,True
3450226,0.0039,0.0312,0.9126,3450.226,500000,0.0,0.0,0.0039000000000000146,0.0039000000000000146,tap3,slow,normal,20260810_141717,True
3452722,0.0039,0.0312,0.9126,3452.722,500000,0.0,0.0,0.0039000000000000146,0.0039000000000000146,tap3,slow,normal,20260810_141717,True
3455204,0.0117,0.0312,0.9165,3455.204,500000,0.0078000000000000005,0.0,0.007800000000000029,0.011030865786510162,tap3,slow,normal,20260810_141717,True
3457710,0.0156,0.0195,0.9165,3457.71,500000,0.011699999999999999,-0.011699999999999999,0.007800000000000029,0.018292621463311388,tap3,slow,normal,20260810_141717,True
3460208,0.0078,0.0312,0.9087,3460.208,500000,0.0039,0.0,0.0,0.0039,tap3,slow,normal,20260810_141717,True
3462732,0.0078,0.0273,0.9243,3462.732,500000,0.0039,-0.0038999999999999972,0.015600000000000058,0.016546298679765266,tap3,slow,normal,20260810_141717,True
3465215,0.0078,0.0273,0.9165,3465.215,500000,0.0039,-0.0038999999999999972,0.007800000000000029,0.009553009996854416,tap3,slow,normal,20260810_141717,True
3467730,0.0039,0.039,0.9165,3467.73,500000,0.0,0.007800000000000001,0.007800000000000029,0.011030865786510163,tap3,slow,normal,20260810_141717,True
3470228,0.0039,0.0273,0.9204,3470.228,500000,0.0,-0.0038999999999999972,0.011700000000000044,0.01233288287465672,tap3,slow,normal,20260810_141717,True
3472725,0.0039,0.0273,0.9165,3472.725,500000,0.0,-0.0038999999999999972,0.007800000000000029,0.008720665112249205,tap3,slow,normal,20260810_141717,True
3475204,0.0,0.039,0.9243,3475.204,500000,-0.0039,0.007800000000000001,0.015600000000000058,0.017872045210327828,tap3,slow,normal,20260810_141717,True
3477724,0.0078,0.0312,0.9165,3477.724,500000,0.0039,0.0,0.007800000000000029,0.008720665112249205,tap3,slow,normal,20260810_141717,True
3480222,0.0039,0.0273,0.9243,3480.222,500000,0.0,-0.0038999999999999972,0.015600000000000058,0.016080111939908933,tap3,slow,normal,20260810_141717,True
3482725,0.0078,0.0312,0.9126,3482.725,500000,0.0039,0.0,0.0039000000000000146,0.005515432893255081,tap3,slow,normal,20260810_141717,True
3485204,0.0039,0.0312,0.9126,3485.204,500000,0.0,0.0,0.0039000000000000146,0.0039000000000000146,tap3,slow,normal,20260810_141717,True
3487802,0.0039,0.0351,0.9204,3487.802,500000,0.0,0.0039000000000000007,0.011700000000000044,0.012332882874656722,tap3,slow,normal,20260810_141717,True
3490207,0.0039,0.0312,0.9282,3490.207,500000,0.0,0.0,0.019500000000000073,0.019500000000000073,tap3,slow,normal,20260810_141717,True
3492736,0.0117,0.0273,0.9243,3492.736,500000,0.0078000000000000005,-0.0038999999999999972,0.015600000000000058,0.017872045210327828,tap3,slow,normal,20260810_141717,True
3495215,0.0039,0.0273,0.9165,3495.215,500000,0.0,-0.0038999999999999972,0.007800000000000029,0.008720665112249205,tap3,slow,normal,20260810_141717,True
3497726,0.0078,0.0273,0.9204,3497.726,500000,0.0039,-0.0038999999999999972,0.011700000000000044,0.012934836682386097,tap3,slow,normal,20260810_141717,True
3500223,0.0078,0.0273,0.9282,3500.223,500000,0.0039,-0.0038999999999999972,0.019500000000000073,0.020264994448555933,tap3,slow,normal,20260810_141717,True
3502721,0.0039,0.0273,0.9126,3502.721,500000,0.0,-0.0038999999999999972,0.0039000000000000146,0.005515432893255079,tap3,slow,normal,20260810_141717,True
3505204,0.0078,0.0273,0.9243,3505.204,500000,0.0039,-0.0038999999999999972,0.015600000000000058,0.016546298679765266,tap3,slow,normal,20260810_141717,True
3507710,0.0039,0.0234,0.9165,3507.71,500000,0.0,-0.007799999999999998,0.007800000000000029,0.01103086578651016,tap3,slow,normal,20260810_141717,True
3510207,0.0078,0.0234,0.9165,3510.207,500000,0.0039,-0.007799999999999998,0.007800000000000029,0.011700000000000018,tap3,slow,normal,20260810_141717,True
3512702,-0.0039,0.0351,0.9165,3512.702,500000,-0.0078,0.0039000000000000007,0.007800000000000029,0.01170000000000002,tap3,slow,normal,20260810_141717,True
3515216,-0.0039,0.0351,0.9165,3515.216,500000,-0.0078,0.0039000000000000007,0.007800000000000029,0.01170000000000002,tap3,slow,normal,20260810_141717,True
3517704,0.0039,0.0273,0.9126,3517.704,500000,0.0,-0.0038999999999999972,0.0039000000000000146,0.005515432893255079,tap3,slow,normal,20260810_141717,True
3520217,0.0078,0.0351,0.9204,3520.217,500000,0.0039,0.0039000000000000007,0.011700000000000044,0.012934836682386099,tap3,slow,normal,20260810_141717,True
3522729,0.0078,0.039,0.9204,3522.729,500000,0.0039,0.007800000000000001,0.011700000000000044,0.014592463808418407,tap3,slow,normal,20260810_141717,True
3525211,0.0078,0.0234,0.9087,3525.211,500000,0.0039,-0.007799999999999998,0.0,0.008720665112249178,tap3,slow,normal,20260810_141717,True
3527725,0.0078,0.0273,0.9165,3527.725,500000,0.0039,-0.0038999999999999972,0.007800000000000029,0.009553009996854416,tap3,slow,normal,20260810_141717,True
3530222,0.0078,0.0195,0.9126,3530.222,500000,0.0039,-0.011699999999999999,0.0039000000000000146,0.012934836682386062,tap3,slow,normal,20260810_141717,True
3532713,0.0078,0.0273,0.9204,3532.713,500000,0.0039,-0.0038999999999999972,0.011700000000000044,0.012934836682386097,tap3,slow,normal,20260810_141717,True
3535200,0.0117,0.0195,0.9204,3535.2,500000,0.0078000000000000005,-0.011699999999999999,0.011700000000000044,0.0182926214633114,tap3,slow,normal,20260810_141717,True
3537707,0.0156,0.0351,0.9204,3537.707,500000,0.011699999999999999,0.0039000000000000007,0.011700000000000044,0.016999705879808657,tap3,slow,normal,20260810_141717,True
3540206,0.0039,0.0273,0.9204,3540.206,500000,0.0,-0.0038999999999999972,0.011700000000000044,0.01233288287465672,tap3,slow,normal,20260810_141717,True
3542730,0.0039,0.0351,0.9165,3542.73,500000,0.0,0.0039000000000000007,0.007800000000000029,0.008720665112249207,tap3,slow,normal,20260810_141717,True
3545213,0.0039,0.0312,0.9204,3545.213,500000,0.0,0.0,0.011700000000000044,0.011700000000000044,tap3,slow,normal,20260810_141717,True
3547725,0.0078,0.0312,0.9165,3547.725,500000,0.0039,0.0,0.007800000000000029,0.008720665112249205,tap3,slow,normal,20260810_141717,True
3550224,0.0039,0.0312,0.9165,3550.224,500000,0.0,0.0,0.007800000000000029,0.007800000000000029,tap3,slow,normal,20260810_141717,True
3552718,0.0078,0.0273,0.9165,3552.718,500000,0.0039,-0.0038999999999999972,0.007800000000000029,0.009553009996854416,tap3,slow,normal,20260810_141717,True
3555203,0.0078,0.0273,0.9087,3555.203,500000,0.0039,-0.0038999999999999972,0.0,0.005515432893255069,tap3,slow,normal,20260810_141717,True
3557728,0.0078,0.0351,0.9165,3557.728,500000,0.0039,0.0039000000000000007,0.007800000000000029,0.009553009996854418,tap3,slow,normal,20260810_141717,True
3560201,0.0039,0.039,0.9204,3560.201,500000,0.0,0.007800000000000001,0.011700000000000044,0.014061649974309596,tap3,slow,normal,20260810_141717,True
3562722,0.0,0.0312,0.9165,3562.722,500000,-0.0039,0.0,0.007800000000000029,0.008720665112249205,tap3,slow,normal,20260810_141717,True
3565203,0.0,0.0312,0.9204,3565.203,500000,-0.0039,0.0,0.011700000000000044,0.012332882874656722,tap3,slow,normal,20260810_141717,True
3567715,0.0078,0.0312,0.9204,3567.715,500000,0.0039,0.0,0.011700000000000044,0.012332882874656722,tap3,slow,normal,20260810_141717,True
3570215,0.0039,0.0351,0.9204,3570.215,500000,0.0,0.0039000000000000007,0.011700000000000044,0.012332882874656722,tap3,slow,normal,20260810_141717,True
3572708,0.0039,0.0351,0.9165,3572.708,500000,0.0,0.0039000000000000007,0.007800000000000029,0.008720665112249207,tap3,slow,normal,20260810_141717,True
3575222,0.0039,0.0429,0.9165,3575.222,500000,0.0,0.011700000000000002,0.007800000000000029,0.014061649974309576,tap3,slow,normal,20260810_141717,True
3577710,0.0,0.039,0.9087,3577.71,500000,-0.0039,0.007800000000000001,0.0,0.008720665112249181,tap3,slow,normal,20260810_141717,True
3580207,0.0117,0.0351,0.9204,3580.207,500000,0.0078000000000000005,0.0039000000000000007,0.011700000000000044,0.014592463808418407,tap3,slow,normal,20260810_141717,True
3582705,0.0078,0.0234,0.9204,3582.705,500000,0.0039,-0.007799999999999998,0.011700000000000044,0.014592463808418405,tap3,slow,normal,20260810_141717,True
3585224,0.0078,0.039,0.9165,3585.224,500000,0.0039,0.007800000000000001,0.007800000000000029,0.01170000000000002,tap3,slow,normal,20260810_141717,True
3587781,0.0078,0.0312,0.9126,3587.781,500000,0.0039,0.0,0.0039000000000000146,0.005515432893255081,tap3,slow,normal,20260810_141717,True
3590228,0.0078,0.0312,0.9165,3590.228,500000,0.0039,0.0,0.007800000000000029,0.008720665112249205,tap3,slow,normal,20260810_141717,True
3592703,0.0039,0.0312,0.9165,3592.703,500000,0.0,0.0,0.007800000000000029,0.007800000000000029,tap3,slow,normal,20260810_141717,True
3595224,0.0039,0.0273,0.9204,3595.224,500000,0.0,-0.0038999999999999972,0.011700000000000044,0.01233288287465672,tap3,slow,normal,20260810_141717,True
3597705,0.0,0.0312,0.9204,3597.705,500000,-0.0039,0.0,0.011700000000000044,0.012332882874656722,tap3,slow,normal,20260810_141717,True
3600203,0.0078,0.0312,0.9087,3600.203,500000,0.0039,0.0,0.0,0.0039,tap3,slow,normal,20260810_141717,True
3602726,0.0078,0.0312,0.9165,3602.726,500000,0.0039,0.0,0.007800000000000029,0.008720665112249205,tap3,slow,normal,20260810_141717,True
3605229,0.0039,0.0273,0.9126,3605.229,500000,0.0,-0.0038999999999999972,0.0039000000000000146,0.005515432893255079,tap3,slow,normal,20260810_141717,True
3607710,0.0078,0.0273,0.9243,3607.71,500000,0.0039,-0.0038999999999999972,0.015600000000000058,0.016546298679765266,tap3,slow,normal,20260810_141717,True
3610207,0.0117,0.0273,0.9165,3610.207,500000,0.0078000000000000005,-0.0038999999999999972,0.007800000000000029,0.011700000000000018,tap3,slow,normal,20260810_141717,True
3612725,0.0,0.0351,0.9126,3612.725,500000,-0.0039,0.0039000000000000007,0.0039000000000000146,0.00675499814951863,tap3,slow,normal,20260810_141717,True
3615211,0.0039,0.0312,0.9165,3615.211,500000,0.0,0.0,0.007800000000000029,0.007800000000000029,tap3,slow,normal,20260810_141717,True
3617703,0.0039,0.0312,0.9048,3617.703,500000,0.0,0.0,-0.0038999999999999035,0.0038999999999999035,tap3,slow,normal,20260810_141717,True
3620209,0.0039,0.0273,0.9126,3620.209,500000,0.0,-0.0038999999999999972,0.0039000000000000146,0.005515432893255079,tap3,slow,normal,20260810_141717,True
3622728,0.0039,0.0273,0.9126,3622.728,500000,0.0,-0.0038999999999999972,0.0039000000000000146,0.005515432893255079,tap3,slow,normal,20260810_141717,True
3625229,0.0039,0.0273,0.9165,3625.229,500000,0.0,-0.0038999999999999972,0.007800000000000029,0.008720665112249205,tap3,slow,normal,20260810_141717,True
3627713,0.0078,0.0273,0.9165,3627.713,500000,0.0039,-0.0038999999999999972,0.007800000000000029,0.009553009996854416,tap3,slow,normal,20260810_141717,True
3630210,0.0078,0.0234,0.9126,3630.21,500000,0.0039,-0.007799999999999998,0.0039000000000000146,0.009553009996854399,tap3,slow,normal,20260810_141717,True
3632707,0.0039,0.0312,0.9087,3632.707,500000,0.0,0.0,0.0,0.0,tap3,slow,normal,20260810_141717,True
3635222,0.0039,0.0234,0.9126,3635.222,500000,0.0,-0.007799999999999998,0.0039000000000000146,0.008720665112249185,tap3,slow,normal,20260810_141717,True
3637704,0.0039,0.0273,0.9204,3637.704,500000,0.0,-0.0038999999999999972,0.011700000000000044,0.01233288287465672,tap3,slow,normal,20260810_141717,True
3640200,0.0039,0.0234,0.9243,3640.2,500000,0.0,-0.007799999999999998,0.015600000000000058,0.01744133022449841,tap3,slow,normal,20260810_141717,True
3642729,0.0039,0.0273,0.9204,3642.729,500000,0.0,-0.0038999999999999972,0.011700000000000044,0.01233288287465672,tap3,slow,normal,20260810_141717,True
3645208,0.0078,0.0312,0.9087,3645.208,500000,0.0039,0.0,0.0,0.0039,tap3,slow,normal,20260810_141717,True
3647718,0.0078,0.0234,0.9204,3647.718,500000,0.0039,-0.007799999999999998,0.011700000000000044,0.014592463808418405,tap3,slow,normal,20260810_141717,True
3650217,0.0,0.039,0.9243,3650.217,500000,-0.0039,0.007800000000000001,0.015600000000000058,0.017872045210327828,tap3,slow,normal,20260810_141717,True
3652713,0.0078,0.0273,0.9165,3652.713,500000,0.0039,-0.0038999999999999972,0.007800000000000029,0.009553009996854416,tap3,slow,normal,20260810_141717,True
3655224,0.0039,0.0312,0.9204,3655.224,500000,0.0,0.0,0.011700000000000044,0.011700000000000044,tap3,slow,normal,20260810_141717,True
3657707,0.0156,0.0234,0.9165,3657.707,500000,0.011699999999999999,-0.007799999999999998,0.007800000000000029,0.016080111939908888,tap3,slow,normal,20260810_141717,True
3660204,0.0,0.0273,0.9243,3660.204,500000,-0.0039,-0.0038999999999999972,0.015600000000000058,0.016546298679765266,tap3,slow,normal,20260810_141717,True
3662724,0.0078,0.0273,0.9126,3662.724,500000,0.0039,-0.0038999999999999972,0.0039000000000000146,0.006754998149518628,tap3,slow,normal,20260810_141717,True
3665207,0.0078,0.0234,0.9165,3665.207,500000,0.0039,-0.007799999999999998,0.007800000000000029,0.011700000000000018,tap3,slow,normal,20260810_141717,True
3667718,0.0039,0.0312,0.9126,3667.718,500000,0.0,0.0,0.0039000000000000146,0.0039000000000000146,tap3,slow,normal,20260810_141717,True
3670216,0.0039,0.0312,0.9126,3670.216,500000,0.0,0.0,0.0039000000000000146,0.0039000000000000146,tap3,slow,normal,20260810_141717,True
3672710,0.0,0.0273,0.9204,3672.71,500000,-0.0039,-0.0038999999999999972,0.011700000000000044,0.012934836682386097,tap3,slow,normal,20260810_141717,True
3675227,0.0117,0.0351,0.9165,3675.227,500000,0.0078000000000000005,0.0039000000000000007,0.007800000000000029,0.01170000000000002,tap3,slow,normal,20260810_141717,True
3677718,0.0039,0.0234,0.9204,3677.718,500000,0.0,-0.007799999999999998,0.011700000000000044,0.014061649974309594,tap3,slow,normal,20260810_141717,True
3680215,0.0039,0.0312,0.9204,3680.215,500000,0.0,0.0,0.011700000000000044,0.011700000000000044,tap3,slow,normal,20260810_141717,True
3682716,0.0078,0.0195,0.9204,3682.716,500000,0.0039,-0.011699999999999999,0.011700000000000044,0.016999705879808657,tap3,slow,normal,20260810_141717,True
3685202,0.0078,0.0273,0.9204,3685.202,500000,0.0039,-0.0038999999999999972,0.011700000000000044,0.012934836682386097,tap3,slow,normal,20260810_141717,True
3687802,0.0117,0.0234,0.9048,3687.802,500000,0.0078000000000000005,-0.007799999999999998,-0.0038999999999999035,0.011699999999999966,tap3,slow,normal,20260810_141717,True
3690220,0.0039,0.0273,0.9243,3690.22,500000,0.0,-0.0038999999999999972,0.015600000000000058,0.016080111939908933,tap3,slow,normal,20260810_141717,True
3692744,0.0,0.0234,0.9126,3692.744,500000,-0.0039,-0.007799999999999998,0.0039000000000000146,0.009553009996854399,tap3,slow,normal,20260810_141717,True
3695225,0.0039,0.0312,0.9204,3695.225,500000,0.0,0.0,0.011700000000000044,0.011700000000000044,tap3,slow,normal,20260810_141717,True
3697708,0.0078,0.0234,0.9126,3697.708,500000,0.0039,-0.007799999999999998,0.0039000000000000146,0.009553009996854399,tap3,slow,normal,20260810_141717,True
3700207,0.0078,0.0234,0.9126,3700.207,500000,0.0039,-0.007799999999999998,0.0039000000000000146,0.009553009996854399,tap3,slow,normal,20260810_141717,True
3702729,0.0039,0.0351,0.9165,3702.729,500000,0.0,0.0039000000000000007,0.007800000000000029,0.008720665112249207,tap3,slow,normal,20260810_141717,True
3705210,0.0078,0.0312,0.9204,3705.21,500000,0.0039,0.0,0.011700000000000044,0.012332882874656722,tap3,slow,normal,20260810_141717,True
3707711,0.0039,0.0273,0.9126,3707.711,500000,0.0,-0.0038999999999999972,0.0039000000000000146,0.005515432893255079,tap3,slow,normal,20260810_141717,True
3710215,0.0039,0.0234,0.9087,3710.215,500000,0.0,-0.007799999999999998,0.0,0.007799999999999998,tap3,slow,normal,20260810_141717,True
3712740,0.0078,0.0273,0.9165,3712.74,500000,0.0039,-0.0038999999999999972,0.007800000000000029,0.009553009996854416,tap3,slow,normal,20260810_141717,True
3715219,0.0078,0.0273,0.9087,3715.219,500000,0.0039,-0.0038999999999999972,0.0,0.005515432893255069,tap3,slow,normal,20260810_141717,True
3717715,0.0039,0.0312,0.9087,3717.715,500000,0.0,0.0,0.0,0.0,tap3,slow,normal,20260810_141717,True
3720224,0.0078,0.0312,0.9126,3720.224,500000,0.0039,0.0,0.0039000000000000146,0.005515432893255081,tap3,slow,normal,20260810_141717,True
3722736,0.0,0.0273,0.9126,3722.736,500000,-0.0039,-0.0038999999999999972,0.0039000000000000146,0.006754998149518628,tap3,slow,normal,20260810_141717,True
3725218,0.0039,0.0234,0.9204,3725.218,500000,0.0,-0.007799999999999998,0.011700000000000044,0.014061649974309594,tap3,slow,normal,20260810_141717,True
3727700,0.0039,0.0234,0.9204,3727.7,500000,0.0,-0.007799999999999998,0.011700000000000044,0.014061649974309594,tap3,slow,normal,20260810_141717,True
3730227,0.0117,0.0312,0.9204,3730.227,500000,0.0078000000000000005,0.0,0.011700000000000044,0.014061649974309596,tap3,slow,normal,20260810_141717,True
3732721,0.0078,0.0156,0.9204,3732.721,500000,0.0039,-0.0156,0.011700000000000044,0.019886176103011886,tap3,slow,normal,20260810_141717,True
3735206,0.0,0.0312,0.9165,3735.206,500000,-0.0039,0.0,0.007800000000000029,0.008720665112249205,tap3,slow,normal,20260810_141717,True
3737718,0.0039,0.0312,0.9048,3737.718,500000,0.0,0.0,-0.0038999999999999035,0.0038999999999999035,tap3,slow,normal,20260810_141717,True
3740214,0.0078,0.0273,0.9087,3740.214,500000,0.0039,-0.0038999999999999972,0.0,0.005515432893255069,tap3,slow,normal,20260810_141717,True
3742713,0.0039,0.0273,0.9204,3742.713,500000,0.0,-0.0038999999999999972,0.011700000000000044,0.01233288287465672,tap3,slow,normal,20260810_141717,True
3745201,0.0078,0.0273,0.9282,3745.201,500000,0.0039,-0.0038999999999999972,0.019500000000000073,0.020264994448555933,tap3,slow,normal,20260810_141717,True
3747708,0.0039,0.0273,0.9165,3747.708,500000,0.0,-0.0038999999999999972,0.007800000000000029,0.008720665112249205,tap3,slow,normal,20260810_141717,True
3750205,0.0,0.039,0.9204,3750.205,500000,-0.0039,0.007800000000000001,0.011700000000000044,0.014592463808418407,tap3,slow,normal,20260810_141717,True
3752723,0.0078,0.0273,0.9204,3752.723,500000,0.0039,-0.0038999999999999972,0.011700000000000044,0.012934836682386097,tap3,slow,normal,20260810_141717,True
3755219,0.0117,0.0273,0.9165,3755.219,500000,0.0078000000000000005,-0.0038999999999999972,0.007800000000000029,0.011700000000000018,tap3,slow,normal,20260810_141717,True
3757705,0.0,0.0351,0.9165,3757.705,500000,-0.0039,0.0039000000000000007,0.007800000000000029,0.009553009996854418,tap3,slow,normal,20260810_141717,True
3760203,0.0039,0.0273,0.9048,3760.203,500000,0.0,-0.0038999999999999972,-0.0038999999999999035,0.005515432893255,tap3,slow,normal,20260810_141717,True
3762727,0.0039,0.0234,0.9204,3762.727,500000,0.0,-0.007799999999999998,0.011700000000000044,0.014061649974309594,tap3,slow,normal,20260810_141717,True
3765205,0.0039,0.0273,0.9126,3765.205,500000,0.0,-0.0038999999999999972,0.0039000000000000146,0.005515432893255079,tap3,slow,normal,20260810_141717,True
3767717,0.0078,0.0195,0.9126,3767.717,500000,0.0039,-0.011699999999999999,0.0039000000000000146,0.012934836682386062,tap3,slow,normal,20260810_141717,True
3770214,0.0117,0.0312,0.9204,3770.214,500000,0.0078000000000000005,0.0,0.011700000000000044,0.014061649974309596,tap3,slow,normal,20260810_141717,True
3772710,0.0117,0.0273,0.9126,3772.71,500000,0.0078000000000000005,-0.0038999999999999972,0.0039000000000000146,0.0095530099968544,tap3,slow,normal,20260810_141717,True
3775217,0.0039,0.0273,0.9243,3775.217,500000,0.0,-0.0038999999999999972,0.015600000000000058,0.016080111939908933,tap3,slow,normal,20260810_141717,True
3777707,0.0039,0.0312,0.9243,3777.707,500000,0.0,0.0,0.015600000000000058,0.015600000000000058,tap3,slow,normal,20260810_141717,True
3780204,0.0078,0.0312,0.9126,3780.204,500000,0.0039,0.0,0.0039000000000000146,0.005515432893255081,tap3,slow,normal,20260810_141717,True
3782733,0.0078,0.0351,0.9087,3782.733,500000,0.0039,0.0039000000000000007,0.0,0.005515432893255071,tap3,slow,normal,20260810_141717,True
3785219,0.0039,0.0273,0.9165,3785.219,500000,0.0,-0.0038999999999999972,0.007800000000000029,0.008720665112249205,tap3,slow,normal,20260810_141717,True
3787834,0.0117,0.0234,0.9165,3787.834,500000,0.0078000000000000005,-0.007799999999999998,0.007800000000000029,0.013509996299037258,tap3,slow,normal,20260810_141717,True
3790229,0.0078,0.0273,0.9165,3790.229,500000,0.0039,-0.0038999999999999972,0.007800000000000029,0.009553009996854416,tap3,slow,normal,20260810_141717,True
3792710,0.0039,0.0312,0.9204,3792.71,500000,0.0,0.0,0.011700000000000044,0.011700000000000044,tap3,slow,normal,20260810_141717,True
3795228,0.0039,0.0273,0.9282,3795.228,500000,0.0,-0.0038999999999999972,0.019500000000000073,0.01988617610301193,tap3,slow,normal,20260810_141717,True
3797711,0.0039,0.0234,0.9204,3797.711,500000,0.0,-0.007799999999999998,0.011700000000000044,0.014061649974309594,tap3,slow,normal,20260810_141717,True
3800209,0.0078,0.0351,0.9165,3800.209,500000,0.0039,0.0039000000000000007,0.007800000000000029,0.009553009996854418,tap3,slow,normal,20260810_141717,True
3802733,0.0039,0.0312,0.9165,3802.733,500000,0.0,0.0,0.007800000000000029,0.007800000000000029,tap3,slow,normal,20260810_141717,True
3805211,0.0039,0.0273,0.9243,3805.211,500000,0.0,-0.0038999999999999972,0.015600000000000058,0.016080111939908933,tap3,slow,normal,20260810_141717,True
3807722,0.0039,0.0312,0.9087,3807.722,500000,0.0,0.0,0.0,0.0,tap3,slow,normal,20260810_141717,True
3810206,0.0039,0.0273,0.9204,3810.206,500000,0.0,-0.0038999999999999972,0.011700000000000044,0.01233288287465672,tap3,slow,normal,20260810_141717,True
3812734,0.0078,0.0273,0.9048,3812.734,500000,0.0039,-0.0038999999999999972,-0.0038999999999999035,0.006754998149518564,tap3,slow,normal,20260810_141717,True
3815217,0.0039,0.0273,0.9165,3815.217,500000,0.0,-0.0038999999999999972,0.007800000000000029,0.008720665112249205,tap3,slow,normal,20260810_141717,True
3817706,0.0,0.0273,0.9282,3817.706,500000,-0.0039,-0.0038999999999999972,0.019500000000000073,0.020264994448555933,tap3,slow,normal,20260810_141717,True
3820207,0.0078,0.0312,0.9126,3820.207,500000,0.0039,0.0,0.0039000000000000146,0.005515432893255081,tap3,slow,normal,20260810_141717,True
3822725,0.0039,0.0234,0.9126,3822.725,500000,0.0,-0.007799999999999998,0.0039000000000000146,0.008720665112249185,tap3,slow,normal,20260810_141717,True
3825208,0.0039,0.0312,0.9087,3825.208,500000,0.0,0.0,0.0,0.0,tap3,slow,normal,20260810_141717,True
3827718,0.0039,0.0312,0.9165,3827.718,500000,0.0,0.0,0.007800000000000029,0.007800000000000029,tap3,slow,normal,20260810_141717,True
3830216,0.0039,0.0312,0.9204,3830.216,500000,0.0,0.0,0.011700000000000044,0.011700000000000044,tap3,slow,normal,20260810_141717,True
3832712,0.0039,0.0312,0.9204,3832.712,500000,0.0,0.0,0.011700000000000044,0.011700000000000044,tap3,slow,normal,20260810_141717,True
3835226,0.0039,0.0312,0.9204,3835.226,500000,0.0,0.0,0.011700000000000044,0.011700000000000044,tap3,slow,normal,20260810_141717,True
3837709,0.0039,0.0351,0.9126,3837.709,500000,0.0,0.0039000000000000007,0.0039000000000000146,0.005515432893255082,tap3,slow,normal,20260810_141717,True
3840206,0.0078,0.0234,0.9048,3840.206,500000,0.0039,-0.007799999999999998,-0.0038999999999999035,0.009553009996854354,tap3,slow,normal,20260810_141717,True
3842701,0.0039,0.0195,0.9165,3842.701,500000,0.0,-0.011699999999999999,0.007800000000000029,0.014061649974309573,tap3,slow,normal,20260810_141717,True
3845220,0.0039,0.0234,0.9126,3845.22,500000,0.0,-0.007799999999999998,0.0039000000000000146,0.008720665112249185,tap3,slow,normal,20260810_141717,True
3847705,0.0117,0.0234,0.9204,3847.705,500000,0.0078000000000000005,-0.007799999999999998,0.011700000000000044,0.016080111939908905,tap3,slow,normal,20260810_141717,True
3850202,0.0039,0.0273,0.9243,3850.202,500000,0.0,-0.0038999999999999972,0.015600000000000058,0.016080111939908933,tap3,slow,normal,20260810_141717,True
3852724,0.0156,0.0312,0.9126,3852.724,500000,0.011699999999999999,0.0,0.0039000000000000146,0.012332882874656684,tap3,slow,normal,20260810_141717,True
3855208,0.0078,0.039,0.9165,3855.208,500000,0.0039,0.007800000000000001,0.007800000000000029,0.01170000000000002,tap3,slow,normal,20260810_141717,True
3857720,0.0078,0.0351,0.9087,3857.72,500000,0.0039,0.0039000000000000007,0.0,0.005515432893255071,tap3,slow,normal,20260810_141717,True
3860217,0.0117,0.0273,0.9126,3860.217,500000,0.0078000000000000005,-0.0038999999999999972,0.0039000000000000146,0.0095530099968544,tap3,slow,normal,20260810_141717,True
3862712,0.0039,0.0351,0.9165,3862.712,500000,0.0,0.0039000000000000007,0.007800000000000029,0.008720665112249207,tap3,slow,normal,20260810_141717,True
3865226,0.0039,0.0312,0.9204,3865.226,500000,0.0,0.0,0.011700000000000044,0.011700000000000044,tap3,slow,normal,20260810_141717,True
3867711,0.0078,0.0273,0.9204,3867.711,500000,0.0039,-0.0038999999999999972,0.011700000000000044,0.012934836682386097,tap3,slow,normal,20260810_141717,True
3870207,0.0039,0.0312,0.9204,3870.207,500000,0.0,0.0,0.011700000000000044,0.011700000000000044,tap3,slow,normal,20260810_141717,True
3872731,0.0,0.0312,0.9126,3872.731,500000,-0.0039,0.0,0.0039000000000000146,0.005515432893255081,tap3,slow,normal,20260810_141717,True
3875212,0.0039,0.0273,0.9165,3875.212,500000,0.0,-0.0038999999999999972,0.007800000000000029,0.008720665112249205,tap3,slow,normal,20260810_141717,True
3877704,0.0,0.0312,0.9204,3877.704,500000,-0.0039,0.0,0.011700000000000044,0.012332882874656722,tap3,slow,normal,20260810_141717,True
3880203,0.0,0.0312,0.9126,3880.203,500000,-0.0039,0.0,0.0039000000000000146,0.005515432893255081,tap3,slow,normal,20260810_141717,True
3882732,0.0078,0.0273,0.9282,3882.732,500000,0.0039,-0.0038999999999999972,0.019500000000000073,0.020264994448555933,tap3,slow,normal,20260810_141717,True
3885223,0.0039,0.0234,0.9165,3885.223,500000,0.0,-0.007799999999999998,0.007800000000000029,0.01103086578651016,tap3,slow,normal,20260810_141717,True
3887788,0.0078,0.0234,0.9126,3887.788,500000,0.0039,-0.007799999999999998,0.0039000000000000146,0.009553009996854399,tap3,slow,normal,20260810_141717,True
3890201,0.0078,0.0234,0.9087,3890.201,500000,0.0039,-0.007799999999999998,0.0,0.008720665112249178,tap3,slow,normal,20260810_141717,True
3892709,0.0039,0.0195,0.9126,3892.709,500000,0.0,-0.011699999999999999,0.0039000000000000146,0.012332882874656684,tap3,slow,normal,20260810_141717,True
3895222,0.0078,0.0312,0.9087,3895.222,500000,0.0039,0.0,0.0,0.0039,tap3,slow,normal,20260810_141717,True
3897706,-0.0039,0.0273,0.9165,3897.706,500000,-0.0078,-0.0038999999999999972,0.007800000000000029,0.011700000000000018,tap3,slow,normal,20260810_141717,True
3900203,0.0,0.0312,0.9204,3900.203,500000,-0.0039,0.0,0.011700000000000044,0.012332882874656722,tap3,slow,normal,20260810_141717,True
3902728,0.0039,0.0273,0.9204,3902.728,500000,0.0,-0.0038999999999999972,0.011700000000000044,0.01233288287465672,tap3,slow,normal,20260810_141717,True
3905207,0.0078,0.0312,0.9126,3905.207,500000,0.0039,0.0,0.0039000000000000146,0.005515432893255081,tap3,slow,normal,20260810_141717,True
3907716,0.0039,0.0273,0.9126,3907.716,500000,0.0,-0.0038999999999999972,0.0039000000000000146,0.005515432893255079,tap3,slow,normal,20260810_141717,True
3910213,0.0039,0.0273,0.9126,3910.213,500000,0.0,-0.0038999999999999972,0.0039000000000000146,0.005515432893255079,tap3,slow,normal,20260810_141717,True
3912702,0.0039,0.0273,0.9126,3912.702,500000,0.0,-0.0038999999999999972,0.0039000000000000146,0.005515432893255079,tap3,slow,normal,20260810_141717,True
3915222,0.0,0.0351,0.9126,3915.222,500000,-0.0039,0.0039000000000000007,0.0039000000000000146,0.00675499814951863,tap3,slow,normal,20260810_141717,True
3917711,0.0039,0.0273,0.9165,3917.711,500000,0.0,-0.0038999999999999972,0.007800000000000029,0.008720665112249205,tap3,slow,normal,20260810_141717,True
3920225,0.0039,0.0234,0.9204,3920.225,500000,0.0,-0.007799999999999998,0.011700000000000044,0.014061649974309594,tap3,slow,normal,20260810_141717,True
3922706,0.0078,0.0312,0.9165,3922.706,500000,0.0039,0.0,0.007800000000000029,0.008720665112249205,tap3,slow,normal,20260810_141717,True
3925224,0.0078,0.0312,0.9165,3925.224,500000,0.0039,0.0,0.007800000000000029,0.008720665112249205,tap3,slow,normal,20260810_141717,True
3927706,0.0039,0.0312,0.9126,3927.706,500000,0.0,0.0,0.0039000000000000146,0.0039000000000000146,tap3,slow,normal,20260810_141717,True
3930204,0.0039,0.0273,0.9204,3930.204,500000,0.0,-0.0038999999999999972,0.011700000000000044,0.01233288287465672,tap3,slow,normal,20260810_141717,True
3932724,0.0039,0.0312,0.9126,3932.724,500000,0.0,0.0,0.0039000000000000146,0.0039000000000000146,tap3,slow,normal,20260810_141717,True
3935205,0.0039,0.0312,0.9243,3935.205,500000,0.0,0.0,0.015600000000000058,0.015600000000000058,tap3,slow,normal,20260810_141717,True
3937712,0.0039,0.0312,0.9243,3937.712,500000,0.0,0.0,0.015600000000000058,0.015600000000000058,tap3,slow,normal,20260810_141717,True
3940211,0.0039,0.0312,0.9126,3940.211,500000,0.0,0.0,0.0039000000000000146,0.0039000000000000146,tap3,slow,normal,20260810_141717,True
3942706,0.0117,0.0234,0.9126,3942.706,500000,0.0078000000000000005,-0.007799999999999998,0.0039000000000000146,0.011700000000000004,tap3,slow,normal,20260810_141717,True
3945228,0.0078,0.0273,0.9165,3945.228,500000,0.0039,-0.0038999999999999972,0.007800000000000029,0.009553009996854416,tap3,slow,normal,20260810_141717,True
3947720,0.0,0.0312,0.9126,3947.72,500000,-0.0039,0.0,0.0039000000000000146,0.005515432893255081,tap3,slow,normal,20260810_141717,True
3950219,0.0078,0.0312,0.9126,3950.219,500000,0.0039,0.0,0.0039000000000000146,0.005515432893255081,tap3,slow,normal,20260810_141717,True
3952723,0.0078,0.0351,0.9087,3952.723,500000,0.0039,0.0039000000000000007,0.0,0.005515432893255071,tap3,slow,normal,20260810_141717,True
3955207,0.0078,0.0234,0.9087,3955.207,500000,0.0039,-0.007799999999999998,0.0,0.008720665112249178,tap3,slow,normal,20260810_141717,True
3957717,0.0117,0.0273,0.9165,3957.717,500000,0.0078000000000000005,-0.0038999999999999972,0.007800000000000029,0.011700000000000018,tap3,slow,normal,20260810_141717,True
3960215,0.0117,0.0273,0.9204,3960.215,500000,0.0078000000000000005,-0.0038999999999999972,0.011700000000000044,0.014592463808418405,tap3,slow,normal,20260810_141717,True
3962709,0.0117,0.0273,0.9243,3962.709,500000,0.0078000000000000005,-0.0038999999999999972,0.015600000000000058,0.017872045210327828,tap3,slow,normal,20260810_141717,True
3965225,0.0039,0.0273,0.9126,3965.225,500000,0.0,-0.0038999999999999972,0.0039000000000000146,0.005515432893255079,tap3,slow,normal,20260810_141717,True
3967713,0.0078,0.0312,0.9165,3967.713,500000,0.0039,0.0,0.007800000000000029,0.008720665112249205,tap3,slow,normal,20260810_141717,True
3970213,0.0039,0.0273,0.9165,3970.213,500000,0.0,-0.0038999999999999972,0.007800000000000029,0.008720665112249205,tap3,slow,normal,20260810_141717,True
3972708,0.0039,0.0351,0.9204,3972.708,500000,0.0,0.0039000000000000007,0.011700000000000044,0.012332882874656722,tap3,slow,normal,20260810_141717,True
3975230,0.0078,0.0312,0.9165,3975.23,500000,0.0039,0.0,0.007800000000000029,0.008720665112249205,tap3,slow,normal,20260810_141717,True
3977718,0.0039,0.0312,0.9126,3977.718,500000,0.0,0.0,0.0039000000000000146,0.0039000000000000146,tap3,slow,normal,20260810_141717,True
3980214,0.0078,0.0312,0.9009,3980.214,500000,0.0039,0.0,-0.007799999999999918,0.008720665112249107,tap3,slow,normal,20260810_141717,True
3982714,0.0117,0.0273,0.9165,3982.714,500000,0.0078000000000000005,-0.0038999999999999972,0.007800000000000029,0.011700000000000018,tap3,slow,normal,20260810_141717,True
3985201,0.0039,0.0273,0.9126,3985.201,500000,0.0,-0.0038999999999999972,0.0039000000000000146,0.005515432893255079,tap3,slow,normal,20260810_141717,True
3987827,0.0039,0.0351,0.9165,3987.827,500000,0.0,0.0039000000000000007,0.007800000000000029,0.008720665112249207,tap3,slow,normal,20260810_141717,True
3990207,0.0117,0.0273,0.9165,3990.207,500000,0.0078000000000000005,-0.0038999999999999972,0.007800000000000029,0.011700000000000018,tap3,slow,normal,20260810_141717,True
3992726,0.0039,0.0351,0.9165,3992.726,500000,0.0,0.0039000000000000007,0.007800000000000029,0.008720665112249207,tap3,slow,normal,20260810_141717,True
3995207,0.0039,0.0312,0.9165,3995.207,500000,0.0,0.0,0.007800000000000029,0.007800000000000029,tap3,slow,normal,20260810_141717,True
3997717,0.0117,0.0273,0.9126,3997.717,500000,0.0078000000000000005,-0.0038999999999999972,0.0039000000000000146,0.0095530099968544,tap3,slow,normal,20260810_141717,True
4000215,0.0078,0.0312,0.9087,4000.215,500000,0.0039,0.0,0.0,0.0039,tap3,slow,normal,20260810_141717,True
4002710,0.0117,0.0312,0.9243,4002.71,500000,0.0078000000000000005,0.0,0.015600000000000058,0.01744133022449841,tap3,slow,normal,20260810_141717,True
4005226,0.0078,0.0234,0.9243,4005.226,500000,0.0039,-0.007799999999999998,0.015600000000000058,0.017872045210327828,tap3,slow,normal,20260810_141717,True
4007709,0.0,0.0312,0.9282,4007.709,500000,-0.0039,0.0,0.019500000000000073,0.01988617610301193,tap3,slow,normal,20260810_141717,True
