time_us,x_g,y_g,z_g,time_ms,cue_time_us,x_delta_g,y_delta_g,z_delta_g,dynamic_magnitude_g,label,requested_pace,requested_force,session_id,operator_accepted
20552,0.0312,0.0507,0.9165,20.552,500000,0.0,0.0,0.007800000000000029,0.007800000000000029,tap1,natural,firm,20260810_130508,True
21000,0.0312,0.0507,0.9165,21.0,500000,0.0,0.0,0.007800000000000029,0.007800000000000029,tap1,natural,firm,20260810_130508,True
21396,0.0312,0.0507,0.9165,21.396,500000,0.0,0.0,0.007800000000000029,0.007800000000000029,tap1,natural,firm,20260810_130508,True
21808,0.0312,0.0507,0.9165,21.808,500000,0.0,0.0,0.007800000000000029,0.007800000000000029,tap1,natural,firm,20260810_130508,True
22209,0.0312,0.0507,0.9165,22.209,500000,0.0,0.0,0.007800000000000029,0.007800000000000029,tap1,natural,firm,20260810_130508,True
22625,0.0312,0.0585,0.9009,22.625,500000,0.0,0.007800000000000001,-0.007799999999999918,0.011030865786510084,tap1,natural,firm,20260810_130508,True
23025,0.0312,0.0585,0.9009,23.025,500000,0.0,0.007800000000000001,-0.007799999999999918,0.011030865786510084,tap1,natural,firm,20260810_130508,True
23434,0.0312,0.0585,0.9009,23.434,500000,0.0,0.007800000000000001,-0.007799999999999918,0.011030865786510084,tap1,natural,firm,20260810_130508,True
23833,0.0312,0.0585,0.9009,23.833,500000,0.0,0.007800000000000001,-0.007799999999999918,0.011030865786510084,tap1,natural,firm,20260810_130508,True
24228,0.0312,0.0585,0.9009,24.228,500000,0.0,0.007800000000000001,-0.007799999999999918,0.011030865786510084,tap1,natural,firm,20260810_130508,True
25004,0.0273,0.0546,0.9048,25.004,500000,-0.0038999999999999972,0.0039000000000000007,-0.0038999999999999035,0.006754998149518564,tap1,natural,firm,20260810_130508,True
27510,0.0312,0.0468,0.9126,27.51,500000,0.0,-0.0039000000000000007,0.0039000000000000146,0.005515432893255082,tap1,natural,firm,20260810_130508,True
30009,0.0234,0.0507,0.9048,30.009,500000,-0.007799999999999998,0.0,-0.0038999999999999035,0.008720665112249134,tap1,natural,firm,20260810_130508,True
32506,0.0234,0.0507,0.9048,32.506,500000,-0.007799999999999998,0.0,-0.0038999999999999035,0.008720665112249134,tap1,natural,firm,20260810_130508,True
35014,0.0351,0.0468,0.9087,35.014,500000,0.0039000000000000007,-0.0039000000000000007,0.0,0.005515432893255071,tap1,natural,firm,20260810_130508,True
37524,0.0429,0.039,0.9126,37.524,500000,0.011700000000000002,-0.011700000000000002,0.0039000000000000146,0.016999705879808633,tap1,natural,firm,20260810_130508,True
40026,0.039,0.0507,0.9165,40.026,500000,0.007800000000000001,0.0,0.007800000000000029,0.011030865786510163,tap1,natural,firm,20260810_130508,True
42523,0.0429,0.0546,0.9165,42.523,500000,0.011700000000000002,0.0039000000000000007,0.007800000000000029,0.01459246380841839,tap1,natural,firm,20260810_130508,True
45024,0.039,0.0468,0.9087,45.024,500000,0.007800000000000001,-0.0039000000000000007,0.0,0.008720665112249181,tap1,natural,firm,20260810_130508,True
47505,0.0351,0.0507,0.9243,47.505,500000,0.0039000000000000007,0.0,0.015600000000000058,0.016080111939908933,tap1,natural,firm,20260810_130508,True
50001,0.039,0.0468,0.9165,50.001,500000,0.007800000000000001,-0.0039000000000000007,0.007800000000000029,0.011700000000000021,tap1,natural,firm,20260810_130508,True
52530,0.0429,0.0468,0.9009,52.53,500000,0.011700000000000002,-0.0039000000000000007,-0.007799999999999918,0.01459246380841833,tap1,natural,firm,20260810_130508,True
55027,0.0351,0.0507,0.9048,55.027,500000,0.0039000000000000007,0.0,-0.0038999999999999035,0.005515432893255003,tap1,natural,firm,20260810_130508,True
57507,0.039,0.0429,0.9165,57.507,500000,0.007800000000000001,-0.007800000000000001,0.007800000000000029,0.013509996299037262,tap1,natural,firm,20260810_130508,True
60002,0.0312,0.0468,0.9048,60.002,500000,0.0,-0.0039000000000000007,-0.0038999999999999035,0.005515432893255003,tap1,natural,firm,20260810_130508,True
62524,0.0429,0.0468,0.9126,62.524,500000,0.011700000000000002,-0.0039000000000000007,0.0039000000000000146,0.012934836682386066,tap1,natural,firm,20260810_130508,True
65000,0.0312,0.0507,0.897,65.0,500000,0.0,0.0,-0.011699999999999933,0.011699999999999933,tap1,natural,firm,20260810_130508,True
67507,0.039,0.0585,0.9048,67.507,500000,0.007800000000000001,0.007800000000000001,-0.0038999999999999035,0.011699999999999969,tap1,natural,firm,20260810_130508,True
70009,0.0312,0.0507,0.9204,70.009,500000,0.0,0.0,0.011700000000000044,0.011700000000000044,tap1,natural,firm,20260810_130508,True
72506,0.0312,0.0468,0.9126,72.506,500000,0.0,-0.0039000000000000007,0.0039000000000000146,0.005515432893255082,tap1,natural,firm,20260810_130508,True
75020,0.0351,0.0468,0.9126,75.02,500000,0.0039000000000000007,-0.0039000000000000007,0.0039000000000000146,0.006754998149518631,tap1,natural,firm,20260810_130508,True
77503,0.0312,0.0546,0.9243,77.503,500000,0.0,0.0039000000000000007,0.015600000000000058,0.016080111939908933,tap1,natural,firm,20260810_130508,True
80019,0.0351,0.0468,0.9126,80.019,500000,0.0039000000000000007,-0.0039000000000000007,0.0039000000000000146,0.006754998149518631,tap1,natural,firm,20260810_130508,True
82518,0.0351,0.0585,0.9087,82.518,500000,0.0039000000000000007,0.007800000000000001,0.0,0.008720665112249181,tap1,natural,firm,20260810_130508,True
85027,0.0312,0.0507,0.9087,85.027,500000,0.0,0.0,0.0,0.0,tap1,natural,firm,20260810_130508,True
87512,0.0312,0.0507,0.9048,87.512,500000,0.0,0.0,-0.0038999999999999035,0.0038999999999999035,tap1,natural,firm,20260810_130508,True
90006,0.0312,0.0468,0.9126,90.006,500000,0.0,-0.0039000000000000007,0.0039000000000000146,0.005515432893255082,tap1,natural,firm,20260810_130508,True
92503,0.0351,0.0546,0.9204,92.503,500000,0.0039000000000000007,0.0039000000000000007,0.011700000000000044,0.012934836682386099,tap1,natural,firm,20260810_130508,True
95009,0.0351,0.0507,0.9126,95.009,500000,0.0039000000000000007,0.0,0.0039000000000000146,0.005515432893255082,tap1,natural,firm,20260810_130508,True
97514,0.0351,0.0546,0.9126,97.514,500000,0.0039000000000000007,0.0039000000000000007,0.0039000000000000146,0.006754998149518631,tap1,natural,firm,20260810_130508,True
100002,0.0312,0.0507,0.9126,100.002,500000,0.0,0.0,0.0039000000000000146,0.0039000000000000146,tap1,natural,firm,20260810_130508,True
102504,0.0351,0.0468,0.9009,102.504,500000,0.0039000000000000007,-0.0039000000000000007,-0.007799999999999918,0.009553009996854328,tap1,natural,firm,20260810_130508,True
105000,0.0273,0.0507,0.9087,105.0,500000,-0.0038999999999999972,0.0,0.0,0.0038999999999999972,tap1,natural,firm,20260810_130508,True
107512,0.0312,0.0585,0.9126,107.512,500000,0.0,0.007800000000000001,0.0039000000000000146,0.008720665112249188,tap1,natural,firm,20260810_130508,True
110007,0.0429,0.0468,0.9126,110.007,500000,0.011700000000000002,-0.0039000000000000007,0.0039000000000000146,0.012934836682386066,tap1,natural,firm,20260810_130508,True
112504,0.0273,0.0468,0.9009,112.504,500000,-0.0038999999999999972,-0.0039000000000000007,-0.007799999999999918,0.009553009996854326,tap1,natural,firm,20260810_130508,True
115003,0.0312,0.0468,0.897,115.003,500000,0.0,-0.0039000000000000007,-0.011699999999999933,0.012332882874656616,tap1,natural,firm,20260810_130508,True
117514,0.039,0.0468,0.9126,117.514,500000,0.007800000000000001,-0.0039000000000000007,0.0039000000000000146,0.009553009996854402,tap1,natural,firm,20260810_130508,True
120000,0.0312,0.0546,0.9048,120.0,500000,0.0,0.0039000000000000007,-0.0038999999999999035,0.005515432893255003,tap1,natural,firm,20260810_130508,True
122530,0.0429,0.0468,0.9087,122.53,500000,0.011700000000000002,-0.0039000000000000007,0.0,0.012332882874656682,tap1,natural,firm,20260810_130508,True
125029,0.039,0.0507,0.9048,125.029,500000,0.007800000000000001,0.0,-0.0038999999999999035,0.008720665112249138,tap1,natural,firm,20260810_130508,True
127504,0.0312,0.0546,0.9126,127.504,500000,0.0,0.0039000000000000007,0.0039000000000000146,0.005515432893255082,tap1,natural,firm,20260810_130508,True
130026,0.0312,0.0468,0.9165,130.026,500000,0.0,-0.0039000000000000007,0.007800000000000029,0.008720665112249207,tap1,natural,firm,20260810_130508,True
132519,0.0312,0.0585,0.9165,132.519,500000,0.0,0.007800000000000001,0.007800000000000029,0.011030865786510163,tap1,natural,firm,20260810_130508,True
135026,0.0312,0.0507,0.9165,135.026,500000,0.0,0.0,0.007800000000000029,0.007800000000000029,tap1,natural,firm,20260810_130508,True
137508,0.0312,0.0507,0.9165,137.508,500000,0.0,0.0,0.007800000000000029,0.007800000000000029,tap1,natural,firm,20260810_130508,True
140000,0.039,0.0468,0.9048,140.0,500000,0.007800000000000001,-0.0039000000000000007,-0.0038999999999999035,0.009553009996854357,tap1,natural,firm,20260810_130508,True
142528,0.0312,0.0468,0.9048,142.528,500000,0.0,-0.0039000000000000007,-0.0038999999999999035,0.005515432893255003,tap1,natural,firm,20260810_130508,True
145026,0.0312,0.0546,0.9126,145.026,500000,0.0,0.0039000000000000007,0.0039000000000000146,0.005515432893255082,tap1,natural,firm,20260810_130508,True
147507,0.0351,0.0507,0.9204,147.507,500000,0.0039000000000000007,0.0,0.011700000000000044,0.012332882874656722,tap1,natural,firm,20260810_130508,True
150030,0.0312,0.0507,0.9243,150.03,500000,0.0,0.0,0.015600000000000058,0.015600000000000058,tap1,natural,firm,20260810_130508,True
152526,0.039,0.0468,0.9087,152.526,500000,0.007800000000000001,-0.0039000000000000007,0.0,0.008720665112249181,tap1,natural,firm,20260810_130508,True
155024,0.0273,0.0546,0.9048,155.024,500000,-0.0038999999999999972,0.0039000000000000007,-0.0038999999999999035,0.006754998149518564,tap1,natural,firm,20260810_130508,True
157502,0.0429,0.0507,0.9087,157.502,500000,0.011700000000000002,0.0,0.0,0.011700000000000002,tap1,natural,firm,20260810_130508,True
160029,0.0429,0.0546,0.9126,160.029,500000,0.011700000000000002,0.0039000000000000007,0.0039000000000000146,0.012934836682386066,tap1,natural,firm,20260810_130508,True
162524,0.0351,0.0546,0.9126,162.524,500000,0.0039000000000000007,0.0039000000000000007,0.0039000000000000146,0.006754998149518631,tap1,natural,firm,20260810_130508,True
165023,0.0312,0.0468,0.9204,165.023,500000,0.0,-0.0039000000000000007,0.011700000000000044,0.012332882874656722,tap1,natural,firm,20260810_130508,True
167504,0.0351,0.0585,0.9087,167.504,500000,0.0039000000000000007,0.007800000000000001,0.0,0.008720665112249181,tap1,natural,firm,20260810_130508,True
170027,0.0312,0.0546,0.9204,170.027,500000,0.0,0.0039000000000000007,0.011700000000000044,0.012332882874656722,tap1,natural,firm,20260810_130508,True
172506,0.0351,0.0468,0.9165,172.506,500000,0.0039000000000000007,-0.0039000000000000007,0.007800000000000029,0.00955300999685442,tap1,natural,firm,20260810_130508,True
175021,0.0351,0.0468,0.9087,175.021,500000,0.0039000000000000007,-0.0039000000000000007,0.0,0.005515432893255071,tap1,natural,firm,20260810_130508,True
177500,0.0351,0.0429,0.9087,177.5,500000,0.0039000000000000007,-0.007800000000000001,0.0,0.008720665112249181,tap1,natural,firm,20260810_130508,True
180027,0.0312,0.0546,0.9165,180.027,500000,0.0,0.0039000000000000007,0.007800000000000029,0.008720665112249207,tap1,natural,firm,20260810_130508,True
182528,0.0351,0.0468,0.9087,182.528,500000,0.0039000000000000007,-0.0039000000000000007,0.0,0.005515432893255071,tap1,natural,firm,20260810_130508,True
185001,0.0273,0.0585,0.9087,185.001,500000,-0.0038999999999999972,0.007800000000000001,0.0,0.00872066511224918,tap1,natural,firm,20260810_130508,True
187515,0.0351,0.0585,0.9048,187.515,500000,0.0039000000000000007,0.007800000000000001,-0.0038999999999999035,0.009553009996854357,tap1,natural,firm,20260810_130508,True
190013,0.039,0.0546,0.9087,190.013,500000,0.007800000000000001,0.0039000000000000007,0.0,0.008720665112249181,tap1,natural,firm,20260810_130508,True
192508,0.0273,0.0546,0.9165,192.508,500000,-0.0038999999999999972,0.0039000000000000007,0.007800000000000029,0.009553009996854418,tap1,natural,firm,20260810_130508,True
195012,0.0273,0.0507,0.9165,195.012,500000,-0.0038999999999999972,0.0,0.007800000000000029,0.008720665112249205,tap1,natural,firm,20260810_130508,True
197523,0.0429,0.0507,0.9165,197.523,500000,0.011700000000000002,0.0,0.007800000000000029,0.014061649974309576,tap1,natural,firm,20260810_130508,True
200016,0.0351,0.0429,0.9009,200.016,500000,0.0039000000000000007,-0.007800000000000001,-0.007799999999999918,0.011699999999999947,tap1,natural,firm,20260810_130508,True
202511,0.0273,0.0507,0.9048,202.511,500000,-0.0038999999999999972,0.0,-0.0038999999999999035,0.005515432893255,tap1,natural,firm,20260810_130508,True
205028,0.0351,0.0468,0.9087,205.028,500000,0.0039000000000000007,-0.0039000000000000007,0.0,0.005515432893255071,tap1,natural,firm,20260810_130508,True
207524,0.0273,0.0507,0.9048,207.524,500000,-0.0038999999999999972,0.0,-0.0038999999999999035,0.005515432893255,tap1,natural,firm,20260810_130508,True
210010,0.039,0.0429,0.9087,210.01,500000,0.007800000000000001,-0.007800000000000001,0.0,0.011030865786510143,tap1,natural,firm,20260810_130508,True
212504,0.0351,0.0468,0.9009,212.504,500000,0.0039000000000000007,-0.0039000000000000007,-0.007799999999999918,0.009553009996854328,tap1,natural,firm,20260810_130508,True
215009,0.0312,0.0468,0.9087,215.009,500000,0.0,-0.0039000000000000007,0.0,0.0039000000000000007,tap1,natural,firm,20260810_130508,True
217517,0.0273,0.0468,0.9126,217.517,500000,-0.0038999999999999972,-0.0039000000000000007,0.0039000000000000146,0.006754998149518628,tap1,natural,firm,20260810_130508,True
220009,0.0312,0.0507,0.9087,220.009,500000,0.0,0.0,0.0,0.0,tap1,natural,firm,20260810_130508,True
222503,0.0273,0.0507,0.9126,222.503,500000,-0.0038999999999999972,0.0,0.0039000000000000146,0.005515432893255079,tap1,natural,firm,20260810_130508,True
225007,0.0312,0.0507,0.9126,225.007,500000,0.0,0.0,0.0039000000000000146,0.0039000000000000146,tap1,natural,firm,20260810_130508,True
227514,0.0351,0.0546,0.9087,227.514,500000,0.0039000000000000007,0.0039000000000000007,0.0,0.005515432893255071,tap1,natural,firm,20260810_130508,True
230001,0.039,0.0507,0.9087,230.001,500000,0.007800000000000001,0.0,0.0,0.007800000000000001,tap1,natural,firm,20260810_130508,True
232530,0.0351,0.0507,0.9048,232.53,500000,0.0039000000000000007,0.0,-0.0038999999999999035,0.005515432893255003,tap1,natural,firm,20260810_130508,True
235001,0.0351,0.0546,0.9048,235.001,500000,0.0039000000000000007,0.0039000000000000007,-0.0038999999999999035,0.006754998149518567,tap1,natural,firm,20260810_130508,True
237523,0.0351,0.0468,0.9087,237.523,500000,0.0039000000000000007,-0.0039000000000000007,0.0,0.005515432893255071,tap1,natural,firm,20260810_130508,True
240018,0.0273,0.0507,0.9204,240.018,500000,-0.0038999999999999972,0.0,0.011700000000000044,0.01233288287465672,tap1,natural,firm,20260810_130508,True
242514,0.0273,0.0507,0.9204,242.514,500000,-0.0038999999999999972,0.0,0.011700000000000044,0.01233288287465672,tap1,natural,firm,20260810_130508,True
245013,0.0273,0.0468,0.9204,245.013,500000,-0.0038999999999999972,-0.0039000000000000007,0.011700000000000044,0.012934836682386099,tap1,natural,firm,20260810_130508,True
247517,0.0312,0.0546,0.9009,247.517,500000,0.0,0.0039000000000000007,-0.007799999999999918,0.008720665112249107,tap1,natural,firm,20260810_130508,True
250014,0.0351,0.0546,0.9087,250.014,500000,0.0039000000000000007,0.0039000000000000007,0.0,0.005515432893255071,tap1,natural,firm,20260810_130508,True
252509,0.039,0.0546,0.9126,252.509,500000,0.007800000000000001,0.0039000000000000007,0.0039000000000000146,0.009553009996854402,tap1,natural,firm,20260810_130508,True
255010,0.0351,0.0507,0.9321,255.01,500000,0.0039000000000000007,0.0,0.023400000000000087,0.023722773868163145,tap1,natural,firm,20260810_130508,True
257522,0.0312,0.0507,0.9087,257.522,500000,0.0,0.0,0.0,0.0,tap1,natural,firm,20260810_130508,True
260012,0.0351,0.0546,0.9048,260.012,500000,0.0039000000000000007,0.0039000000000000007,-0.0038999999999999035,0.006754998149518567,tap1,natural,firm,20260810_130508,True
262504,0.0312,0.0507,0.9165,262.504,500000,0.0,0.0,0.007800000000000029,0.007800000000000029,tap1,natural,firm,20260810_130508,True
265010,0.0312,0.0429,0.9126,265.01,500000,0.0,-0.007800000000000001,0.0039000000000000146,0.008720665112249188,tap1,natural,firm,20260810_130508,True
267522,0.0312,0.0546,0.9048,267.522,500000,0.0,0.0039000000000000007,-0.0038999999999999035,0.005515432893255003,tap1,natural,firm,20260810_130508,True
270013,0.0273,0.0546,0.9243,270.013,500000,-0.0038999999999999972,0.0039000000000000007,0.015600000000000058,0.016546298679765266,tap1,natural,firm,20260810_130508,True
272506,0.039,0.0468,0.9048,272.506,500000,0.007800000000000001,-0.0039000000000000007,-0.0038999999999999035,0.009553009996854357,tap1,natural,firm,20260810_130508,True
275012,0.0195,0.0624,0.897,275.012,500000,-0.011699999999999999,0.011699999999999995,-0.011699999999999933,0.020264994448555822,tap1,natural,firm,20260810_130508,True
277524,0.0312,0.0546,0.9087,277.524,500000,0.0,0.0039000000000000007,0.0,0.0039000000000000007,tap1,natural,firm,20260810_130508,True
280011,0.0351,0.0546,0.9087,280.011,500000,0.0039000000000000007,0.0039000000000000007,0.0,0.005515432893255071,tap1,natural,firm,20260810_130508,True
282507,0.0351,0.0507,0.9087,282.507,500000,0.0039000000000000007,0.0,0.0,0.0039000000000000007,tap1,natural,firm,20260810_130508,True
285013,0.0312,0.0546,0.9087,285.013,500000,0.0,0.0039000000000000007,0.0,0.0039000000000000007,tap1,natural,firm,20260810_130508,True
287528,0.039,0.0468,0.9048,287.528,500000,0.007800000000000001,-0.0039000000000000007,-0.0038999999999999035,0.009553009996854357,tap1,natural,firm,20260810_130508,True
290026,0.0273,0.0585,0.9126,290.026,500000,-0.0038999999999999972,0.007800000000000001,0.0039000000000000146,0.0095530099968544,tap1,natural,firm,20260810_130508,True
292515,0.0351,0.0546,0.9204,292.515,500000,0.0039000000000000007,0.0039000000000000007,0.011700000000000044,0.012934836682386099,tap1,natural,firm,20260810_130508,True
295018,0.0273,0.0585,0.9126,295.018,500000,-0.0038999999999999972,0.007800000000000001,0.0039000000000000146,0.0095530099968544,tap1,natural,firm,20260810_130508,True
297503,0.0351,0.0624,0.9126,297.503,500000,0.0039000000000000007,0.011699999999999995,0.0039000000000000146,0.01293483668238606,tap1,natural,firm,20260810_130508,True
300025,0.0312,0.0585,0.9087,300.025,500000,0.0,0.007800000000000001,0.0,0.007800000000000001,tap1,natural,firm,20260810_130508,True
302501,0.0273,0.0546,0.9087,302.501,500000,-0.0038999999999999972,0.0039000000000000007,0.0,0.0055154328932550695,tap1,natural,firm,20260810_130508,True
305011,0.0312,0.0507,0.9204,305.011,500000,0.0,0.0,0.011700000000000044,0.011700000000000044,tap1,natural,firm,20260810_130508,True
307519,0.0312,0.039,0.9126,307.519,500000,0.0,-0.011700000000000002,0.0039000000000000146,0.012332882874656687,tap1,natural,firm,20260810_130508,True
310089,0.0234,0.0429,0.9048,310.089,500000,-0.007799999999999998,-0.007800000000000001,-0.0038999999999999035,0.011699999999999967,tap1,natural,firm,20260810_130508,True
312501,0.0273,0.0468,0.9165,312.501,500000,-0.0038999999999999972,-0.0039000000000000007,0.007800000000000029,0.009553009996854418,tap1,natural,firm,20260810_130508,True
315003,0.0312,0.0546,0.9126,315.003,500000,0.0,0.0039000000000000007,0.0039000000000000146,0.005515432893255082,tap1,natural,firm,20260810_130508,True
317511,0.0312,0.0546,0.9165,317.511,500000,0.0,0.0039000000000000007,0.007800000000000029,0.008720665112249207,tap1,natural,firm,20260810_130508,True
320015,0.0351,0.0507,0.9087,320.015,500000,0.0039000000000000007,0.0,0.0,0.0039000000000000007,tap1,natural,firm,20260810_130508,True
322509,0.0312,0.0585,0.9126,322.509,500000,0.0,0.007800000000000001,0.0039000000000000146,0.008720665112249188,tap1,natural,firm,20260810_130508,True
325012,0.0273,0.0546,0.9087,325.012,500000,-0.0038999999999999972,0.0039000000000000007,0.0,0.0055154328932550695,tap1,natural,firm,20260810_130508,True
327520,0.0273,0.0585,0.9126,327.52,500000,-0.0038999999999999972,0.007800000000000001,0.0039000000000000146,0.0095530099968544,tap1,natural,firm,20260810_130508,True
330003,0.0273,0.0507,0.9048,330.003,500000,-0.0038999999999999972,0.0,-0.0038999999999999035,0.005515432893255,tap1,natural,firm,20260810_130508,True
332530,0.0312,0.0585,0.9009,332.53,500000,0.0,0.007800000000000001,-0.007799999999999918,0.011030865786510084,tap1,natural,firm,20260810_130508,True
335007,0.0351,0.0585,0.9165,335.007,500000,0.0039000000000000007,0.007800000000000001,0.007800000000000029,0.011700000000000021,tap1,natural,firm,20260810_130508,True
337516,0.0312,0.0507,0.9048,337.516,500000,0.0,0.0,-0.0038999999999999035,0.0038999999999999035,tap1,natural,firm,20260810_130508,True
340005,0.0312,0.0546,0.9243,340.005,500000,0.0,0.0039000000000000007,0.015600000000000058,0.016080111939908933,tap1,natural,firm,20260810_130508,True
342502,0.039,0.0468,0.9087,342.502,500000,0.007800000000000001,-0.0039000000000000007,0.0,0.008720665112249181,tap1,natural,firm,20260810_130508,True
345004,0.0273,0.0546,0.9009,345.004,500000,-0.0038999999999999972,0.0039000000000000007,-0.007799999999999918,0.009553009996854326,tap1,natural,firm,20260810_130508,True
347517,0.0312,0.0507,0.9009,347.517,500000,0.0,0.0,-0.007799999999999918,0.007799999999999918,tap1,natural,firm,20260810_130508,True
350002,0.0312,0.0507,0.9009,350.002,500000,0.0,0.0,-0.007799999999999918,0.007799999999999918,tap1,natural,firm,20260810_130508,True
352501,0.0429,0.0468,0.9048,352.501,500000,0.011700000000000002,-0.0039000000000000007,-0.0038999999999999035,0.012934836682386033,tap1,natural,firm,20260810_130508,True
355003,0.0351,0.0546,0.9126,355.003,500000,0.0039000000000000007,0.0039000000000000007,0.0039000000000000146,0.006754998149518631,tap1,natural,firm,20260810_130508,True
357510,0.0312,0.0507,0.9204,357.51,500000,0.0,0.0,0.011700000000000044,0.011700000000000044,tap1,natural,firm,20260810_130508,True
360028,0.0273,0.0468,0.9126,360.028,500000,-0.0038999999999999972,-0.0039000000000000007,0.0039000000000000146,0.006754998149518628,tap1,natural,firm,20260810_130508,True
362525,0.0351,0.0546,0.9165,362.525,500000,0.0039000000000000007,0.0039000000000000007,0.007800000000000029,0.00955300999685442,tap1,natural,firm,20260810_130508,True
365021,0.0273,0.0468,0.9048,365.021,500000,-0.0038999999999999972,-0.0039000000000000007,-0.0038999999999999035,0.006754998149518564,tap1,natural,firm,20260810_130508,True
367519,0.0312,0.0507,0.9048,367.519,500000,0.0,0.0,-0.0038999999999999035,0.0038999999999999035,tap1,natural,firm,20260810_130508,True
370016,0.0312,0.0663,0.9204,370.016,500000,0.0,0.015599999999999996,0.011700000000000044,0.019500000000000024,tap1,natural,firm,20260810_130508,True
372512,0.0351,0.0624,0.9048,372.512,500000,0.0039000000000000007,0.011699999999999995,-0.0038999999999999035,0.012934836682386026,tap1,natural,firm,20260810_130508,True
375019,0.0351,0.0507,0.9126,375.019,500000,0.0039000000000000007,0.0,0.0039000000000000146,0.005515432893255082,tap1,natural,firm,20260810_130508,True
377503,0.0312,0.0546,0.9087,377.503,500000,0.0,0.0039000000000000007,0.0,0.0039000000000000007,tap1,natural,firm,20260810_130508,True
380024,0.0351,0.0546,0.9165,380.024,500000,0.0039000000000000007,0.0039000000000000007,0.007800000000000029,0.00955300999685442,tap1,natural,firm,20260810_130508,True
382523,0.0273,0.0507,0.9087,382.523,500000,-0.0038999999999999972,0.0,0.0,0.0038999999999999972,tap1,natural,firm,20260810_130508,True
385028,0.0234,0.0546,0.9048,385.028,500000,-0.007799999999999998,0.0039000000000000007,-0.0038999999999999035,0.009553009996854354,tap1,natural,firm,20260810_130508,True
387512,0.0351,0.0468,0.9087,387.512,500000,0.0039000000000000007,-0.0039000000000000007,0.0,0.005515432893255071,tap1,natural,firm,20260810_130508,True
390007,0.0312,0.0546,0.9087,390.007,500000,0.0,0.0039000000000000007,0.0,0.0039000000000000007,tap1,natural,firm,20260810_130508,True
392502,0.0312,0.0624,0.9165,392.502,500000,0.0,0.011699999999999995,0.007800000000000029,0.014061649974309571,tap1,natural,firm,20260810_130508,True
395006,0.039,0.0546,0.9165,395.006,500000,0.007800000000000001,0.0039000000000000007,0.007800000000000029,0.011700000000000021,tap1,natural,firm,20260810_130508,True
397518,0.039,0.0507,0.9165,397.518,500000,0.007800000000000001,0.0,0.007800000000000029,0.011030865786510163,tap1,natural,firm,20260810_130508,True
400000,0.0351,0.0507,0.9087,400.0,500000,0.0039000000000000007,0.0,0.0,0.0039000000000000007,tap1,natural,firm,20260810_130508,True
402522,0.039,0.0507,0.9126,402.522,500000,0.007800000000000001,0.0,0.0039000000000000146,0.008720665112249188,tap1,natural,firm,20260810_130508,True
405027,0.0273,0.0507,0.9087,405.027,500000,-0.0038999999999999972,0.0,0.0,0.0038999999999999972,tap1,natural,firm,20260810_130508,True
407507,0.0351,0.0546,0.9126,407.507,500000,0.0039000000000000007,0.0039000000000000007,0.0039000000000000146,0.006754998149518631,tap1,natural,firm,20260810_130508,True
410001,0.0312,0.0507,0.9126,410.001,500000,0.0,0.0,0.0039000000000000146,0.0039000000000000146,tap1,natural,firm,20260810_130508,True
412520,0.0312,0.0507,0.9048,412.52,500000,0.0,0.0,-0.0038999999999999035,0.0038999999999999035,tap1,natural,firm,20260810_130508,True
415024,0.0351,0.0468,0.9126,415.024,500000,0.0039000000000000007,-0.0039000000000000007,0.0039000000000000146,0.006754998149518631,tap1,natural,firm,20260810_130508,True
417503,0.0312,0.0546,0.9048,417.503,500000,0.0,0.0039000000000000007,-0.0038999999999999035,0.005515432893255003,tap1,natural,firm,20260810_130508,True
420018,0.0312,0.0507,0.9204,420.018,500000,0.0,0.0,0.011700000000000044,0.011700000000000044,tap1,natural,firm,20260810_130508,True
422515,0.0312,0.0546,0.9087,422.515,500000,0.0,0.0039000000000000007,0.0,0.0039000000000000007,tap1,natural,firm,20260810_130508,True
425013,0.0273,0.0585,0.9126,425.013,500000,-0.0038999999999999972,0.007800000000000001,0.0039000000000000146,0.0095530099968544,tap1,natural,firm,20260810_130508,True
427530,0.0351,0.0507,0.9087,427.53,500000,0.0039000000000000007,0.0,0.0,0.0039000000000000007,tap1,natural,firm,20260810_130508,True
430014,0.0312,0.0507,0.9126,430.014,500000,0.0,0.0,0.0039000000000000146,0.0039000000000000146,tap1,natural,firm,20260810_130508,True
432508,0.0273,0.0468,0.9126,432.508,500000,-0.0038999999999999972,-0.0039000000000000007,0.0039000000000000146,0.006754998149518628,tap1,natural,firm,20260810_130508,True
435024,0.0312,0.0507,0.9009,435.024,500000,0.0,0.0,-0.007799999999999918,0.007799999999999918,tap1,natural,firm,20260810_130508,True
437511,0.0351,0.0507,0.9165,437.511,500000,0.0039000000000000007,0.0,0.007800000000000029,0.008720665112249207,tap1,natural,firm,20260810_130508,True
440004,0.0273,0.0507,0.9126,440.004,500000,-0.0038999999999999972,0.0,0.0039000000000000146,0.005515432893255079,tap1,natural,firm,20260810_130508,True
442527,0.0351,0.0507,0.9087,442.527,500000,0.0039000000000000007,0.0,0.0,0.0039000000000000007,tap1,natural,firm,20260810_130508,True
445002,0.0351,0.0546,0.9048,445.002,500000,0.0039000000000000007,0.0039000000000000007,-0.0038999999999999035,0.006754998149518567,tap1,natural,firm,20260810_130508,True
447517,0.0351,0.0507,0.9087,447.517,500000,0.0039000000000000007,0.0,0.0,0.0039000000000000007,tap1,natural,firm,20260810_130508,True
450001,0.0273,0.0546,0.9048,450.001,500000,-0.0038999999999999972,0.0039000000000000007,-0.0038999999999999035,0.006754998149518564,tap1,natural,firm,20260810_130508,True
452527,0.0273,0.0546,0.9048,452.527,500000,-0.0038999999999999972,0.0039000000000000007,-0.0038999999999999035,0.006754998149518564,tap1,natural,firm,20260810_130508,True
455029,0.0312,0.0546,0.9087,455.029,500000,0.0,0.0039000000000000007,0.0,0.0039000000000000007,tap1,natural,firm,20260810_130508,True
457502,0.0312,0.0546,0.9087,457.502,500000,0.0,0.0039000000000000007,0.0,0.0039000000000000007,tap1,natural,firm,20260810_130508,True
460027,0.0351,0.0507,0.9204,460.027,500000,0.0039000000000000007,0.0,0.011700000000000044,0.012332882874656722,tap1,natural,firm,20260810_130508,True
462522,0.039,0.0546,0.9009,462.522,500000,0.007800000000000001,0.0039000000000000007,-0.007799999999999918,0.011699999999999947,tap1,natural,firm,20260810_130508,True
465028,0.0351,0.0624,0.9048,465.028,500000,0.0039000000000000007,0.011699999999999995,-0.0038999999999999035,0.012934836682386026,tap1,natural,firm,20260810_130508,True
467509,0.0273,0.0507,0.9048,467.509,500000,-0.0038999999999999972,0.0,-0.0038999999999999035,0.005515432893255,tap1,natural,firm,20260810_130508,True
470029,0.0312,0.0546,0.9087,470.029,500000,0.0,0.0039000000000000007,0.0,0.0039000000000000007,tap1,natural,firm,20260810_130508,True
472523,0.0234,0.0546,0.9087,472.523,500000,-0.007799999999999998,0.0039000000000000007,0.0,0.00872066511224918,tap1,natural,firm,20260810_130508,True
475028,0.0429,0.0468,0.9165,475.028,500000,0.011700000000000002,-0.0039000000000000007,0.007800000000000029,0.01459246380841839,tap1,natural,firm,20260810_130508,True
477511,0.039,0.0507,0.9126,477.511,500000,0.007800000000000001,0.0,0.0039000000000000146,0.008720665112249188,tap1,natural,firm,20260810_130508,True
480025,0.0351,0.0546,0.897,480.025,500000,0.0039000000000000007,0.0039000000000000007,-0.011699999999999933,0.012934836682385998,tap1,natural,firm,20260810_130508,True
482520,0.0273,0.0663,0.9048,482.52,500000,-0.0038999999999999972,0.015599999999999996,-0.0038999999999999035,0.016546298679765183,tap1,natural,firm,20260810_130508,True
485022,0.039,0.0507,0.9165,485.022,500000,0.007800000000000001,0.0,0.007800000000000029,0.011030865786510163,tap1,natural,firm,20260810_130508,True
487502,0.0351,0.0507,0.9009,487.502,500000,0.0039000000000000007,0.0,-0.007799999999999918,0.008720665112249107,tap1,natural,firm,20260810_130508,True
490028,0.0351,0.0585,0.9009,490.028,500000,0.0039000000000000007,0.007800000000000001,-0.007799999999999918,0.011699999999999947,tap1,natural,firm,20260810_130508,True
492524,0.039,0.0663,0.9048,492.524,500000,0.007800000000000001,0.015599999999999996,-0.0038999999999999035,0.01787204521032775,tap1,natural,firm,20260810_130508,True
495025,0.039,0.0468,0.9087,495.025,500000,0.007800000000000001,-0.0039000000000000007,0.0,0.008720665112249181,tap1,natural,firm,20260810_130508,True
497505,0.039,0.0507,0.9087,497.505,500000,0.007800000000000001,0.0,0.0,0.007800000000000001,tap1,natural,firm,20260810_130508,True
500011,0.0312,0.0507,0.9165,500.011,500000,0.0,0.0,0.007800000000000029,0.007800000000000029,tap1,natural,firm,20260810_130508,True
510598,0.0312,0.0507,0.9165,510.598,500000,0.0,0.0,0.007800000000000029,0.007800000000000029,tap1,natural,firm,20260810_130508,True
510998,0.0312,0.0507,0.9165,510.998,500000,0.0,0.0,0.007800000000000029,0.007800000000000029,tap1,natural,firm,20260810_130508,True
511922,0.0351,0.0468,0.9204,511.922,500000,0.0039000000000000007,-0.0039000000000000007,0.011700000000000044,0.012934836682386099,tap1,natural,firm,20260810_130508,True
512339,0.0351,0.0468,0.9204,512.339,500000,0.0039000000000000007,-0.0039000000000000007,0.011700000000000044,0.012934836682386099,tap1,natural,firm,20260810_130508,True
512745,0.0351,0.0468,0.9204,512.745,500000,0.0039000000000000007,-0.0039000000000000007,0.011700000000000044,0.012934836682386099,tap1,natural,firm,20260810_130508,True
515002,0.0312,0.0585,0.9087,515.002,500000,0.0,0.007800000000000001,0.0,0.007800000000000001,tap1,natural,firm,20260810_130508,True
517504,0.0351,0.0507,0.9126,517.504,500000,0.0039000000000000007,0.0,0.0039000000000000146,0.005515432893255082,tap1,natural,firm,20260810_130508,True
520009,0.0312,0.0507,0.9126,520.009,500000,0.0,0.0,0.0039000000000000146,0.0039000000000000146,tap1,natural,firm,20260810_130508,True
522512,0.0273,0.0546,0.9087,522.512,500000,-0.0038999999999999972,0.0039000000000000007,0.0,0.0055154328932550695,tap1,natural,firm,20260810_130508,True
525012,0.0312,0.0546,0.9126,525.012,500000,0.0,0.0039000000000000007,0.0039000000000000146,0.005515432893255082,tap1,natural,firm,20260810_130508,True
527526,0.0273,0.0546,0.9009,527.526,500000,-0.0038999999999999972,0.0039000000000000007,-0.007799999999999918,0.009553009996854326,tap1,natural,firm,20260810_130508,True
530010,0.0351,0.0624,0.9087,530.01,500000,0.0039000000000000007,0.011699999999999995,0.0,0.012332882874656675,tap1,natural,firm,20260810_130508,True
532509,0.0312,0.0507,0.9126,532.509,500000,0.0,0.0,0.0039000000000000146,0.0039000000000000146,tap1,natural,firm,20260810_130508,True
535015,0.0273,0.0507,0.9204,535.015,500000,-0.0038999999999999972,0.0,0.011700000000000044,0.01233288287465672,tap1,natural,firm,20260810_130508,True
537525,0.0351,0.0468,0.9165,537.525,500000,0.0039000000000000007,-0.0039000000000000007,0.007800000000000029,0.00955300999685442,tap1,natural,firm,20260810_130508,True
540011,0.0312,0.0507,0.9087,540.011,500000,0.0,0.0,0.0,0.0,tap1,natural,firm,20260810_130508,True
542506,0.0351,0.0546,0.9087,542.506,500000,0.0039000000000000007,0.0039000000000000007,0.0,0.005515432893255071,tap1,natural,firm,20260810_130508,True
545005,0.0351,0.0585,0.9126,545.005,500000,0.0039000000000000007,0.007800000000000001,0.0039000000000000146,0.009553009996854402,tap1,natural,firm,20260810_130508,True
547514,0.0312,0.0624,0.9126,547.514,500000,0.0,0.011699999999999995,0.0039000000000000146,0.01233288287465668,tap1,natural,firm,20260810_130508,True
550028,0.0234,0.0546,0.9126,550.028,500000,-0.007799999999999998,0.0039000000000000007,0.0039000000000000146,0.0095530099968544,tap1,natural,firm,20260810_130508,True
552526,0.0312,0.0585,0.9165,552.526,500000,0.0,0.007800000000000001,0.007800000000000029,0.011030865786510163,tap1,natural,firm,20260810_130508,True
555023,0.0312,0.0468,0.9087,555.023,500000,0.0,-0.0039000000000000007,0.0,0.0039000000000000007,tap1,natural,firm,20260810_130508,True
557504,0.039,0.0585,0.9126,557.504,500000,0.007800000000000001,0.007800000000000001,0.0039000000000000146,0.011700000000000007,tap1,natural,firm,20260810_130508,True
560023,0.0351,0.0507,0.9126,560.023,500000,0.0039000000000000007,0.0,0.0039000000000000146,0.005515432893255082,tap1,natural,firm,20260810_130508,True
562522,0.0351,0.0507,0.9126,562.522,500000,0.0039000000000000007,0.0,0.0039000000000000146,0.005515432893255082,tap1,natural,firm,20260810_130508,True
565007,0.0351,0.0507,0.9126,565.007,500000,0.0039000000000000007,0.0,0.0039000000000000146,0.005515432893255082,tap1,natural,firm,20260810_130508,True
567518,0.0312,0.0546,0.9087,567.518,500000,0.0,0.0039000000000000007,0.0,0.0039000000000000007,tap1,natural,firm,20260810_130508,True
570025,0.039,0.0546,0.9204,570.025,500000,0.007800000000000001,0.0039000000000000007,0.011700000000000044,0.014592463808418409,tap1,natural,firm,20260810_130508,True
572524,0.0312,0.0507,0.9009,572.524,500000,0.0,0.0,-0.007799999999999918,0.007799999999999918,tap1,natural,firm,20260810_130508,True
575003,0.0273,0.0546,0.9126,575.003,500000,-0.0038999999999999972,0.0039000000000000007,0.0039000000000000146,0.006754998149518628,tap1,natural,firm,20260810_130508,True
577507,0.0312,0.0507,0.9126,577.507,500000,0.0,0.0,0.0039000000000000146,0.0039000000000000146,tap1,natural,firm,20260810_130508,True
580027,0.039,0.0546,0.9126,580.027,500000,0.007800000000000001,0.0039000000000000007,0.0039000000000000146,0.009553009996854402,tap1,natural,firm,20260810_130508,True
582527,0.0312,0.0468,0.9282,582.527,500000,0.0,-0.0039000000000000007,0.019500000000000073,0.01988617610301193,tap1,natural,firm,20260810_130508,True
585028,0.0429,0.0351,0.9087,585.028,500000,0.011700000000000002,-0.015600000000000003,0.0,0.019500000000000003,tap1,natural,firm,20260810_130508,True
587505,0.0312,0.0585,0.9126,587.505,500000,0.0,0.007800000000000001,0.0039000000000000146,0.008720665112249188,tap1,natural,firm,20260810_130508,True
590027,0.0312,0.0468,0.9048,590.027,500000,0.0,-0.0039000000000000007,-0.0038999999999999035,0.005515432893255003,tap1,natural,firm,20260810_130508,True
592524,0.0273,0.0585,0.9126,592.524,500000,-0.0038999999999999972,0.007800000000000001,0.0039000000000000146,0.0095530099968544,tap1,natural,firm,20260810_130508,True
595026,0.039,0.0507,0.9048,595.026,500000,0.007800000000000001,0.0,-0.0038999999999999035,0.008720665112249138,tap1,natural,firm,20260810_130508,True
597508,0.0351,0.0468,0.9243,597.508,500000,0.0039000000000000007,-0.0039000000000000007,0.015600000000000058,0.01654629867976527,tap1,natural,firm,20260810_130508,True
600023,0.039,0.0546,0.9048,600.023,500000,0.007800000000000001,0.0039000000000000007,-0.0038999999999999035,0.009553009996854357,tap1,natural,firm,20260810_130508,True
602520,0.0273,0.0507,0.9165,602.52,500000,-0.0038999999999999972,0.0,0.007800000000000029,0.008720665112249205,tap1,natural,firm,20260810_130508,True
605020,0.0312,0.0546,0.9126,605.02,500000,0.0,0.0039000000000000007,0.0039000000000000146,0.005515432893255082,tap1,natural,firm,20260810_130508,True
607527,0.0429,0.0585,0.9165,607.527,500000,0.011700000000000002,0.007800000000000001,0.007800000000000029,0.01608011193990889,tap1,natural,firm,20260810_130508,True
610016,0.0273,0.0507,0.9165,610.016,500000,-0.0038999999999999972,0.0,0.007800000000000029,0.008720665112249205,tap1,natural,firm,20260810_130508,True
612514,0.0351,0.0468,0.9087,612.514,500000,0.0039000000000000007,-0.0039000000000000007,0.0,0.005515432893255071,tap1,natural,firm,20260810_130508,True
615021,0.0273,0.0468,0.9204,615.021,500000,-0.0038999999999999972,-0.0039000000000000007,0.011700000000000044,0.012934836682386099,tap1,natural,firm,20260810_130508,True
617507,0.0312,0.0468,0.9165,617.507,500000,0.0,-0.0039000000000000007,0.007800000000000029,0.008720665112249207,tap1,natural,firm,20260810_130508,True
620025,0.0351,0.0546,0.9087,620.025,500000,0.0039000000000000007,0.0039000000000000007,0.0,0.005515432893255071,tap1,natural,firm,20260810_130508,True
622524,0.0312,0.0507,0.9126,622.524,500000,0.0,0.0,0.0039000000000000146,0.0039000000000000146,tap1,natural,firm,20260810_130508,True
625020,0.0273,0.0507,0.9243,625.02,500000,-0.0038999999999999972,0.0,0.015600000000000058,0.016080111939908933,tap1,natural,firm,20260810_130508,True
627503,0.0312,0.0507,0.9126,627.503,500000,0.0,0.0,0.0039000000000000146,0.0039000000000000146,tap1,natural,firm,20260810_130508,True
630004,0.0351,0.0585,0.9087,630.004,500000,0.0039000000000000007,0.007800000000000001,0.0,0.008720665112249181,tap1,natural,firm,20260810_130508,True
632503,0.039,0.0468,0.9165,632.503,500000,0.007800000000000001,-0.0039000000000000007,0.007800000000000029,0.011700000000000021,tap1,natural,firm,20260810_130508,True
635007,0.0351,0.0546,0.9087,635.007,500000,0.0039000000000000007,0.0039000000000000007,0.0,0.005515432893255071,tap1,natural,firm,20260810_130508,True
637513,0.0351,0.0585,0.9048,637.513,500000,0.0039000000000000007,0.007800000000000001,-0.0038999999999999035,0.009553009996854357,tap1,natural,firm,20260810_130508,True
640028,0.0234,0.0585,0.9048,640.028,500000,-0.007799999999999998,0.007800000000000001,-0.0038999999999999035,0.011699999999999967,tap1,natural,firm,20260810_130508,True
642524,0.0312,0.0546,0.9048,642.524,500000,0.0,0.0039000000000000007,-0.0038999999999999035,0.005515432893255003,tap1,natural,firm,20260810_130508,True
645019,0.0273,0.0585,0.9048,645.019,500000,-0.0038999999999999972,0.007800000000000001,-0.0038999999999999035,0.009553009996854355,tap1,natural,firm,20260810_130508,True
647527,0.0351,0.0468,0.9126,647.527,500000,0.0039000000000000007,-0.0039000000000000007,0.0039000000000000146,0.006754998149518631,tap1,natural,firm,20260810_130508,True
650015,0.0312,0.0468,0.9087,650.015,500000,0.0,-0.0039000000000000007,0.0,0.0039000000000000007,tap1,natural,firm,20260810_130508,True
652508,0.0273,0.0468,0.9087,652.508,500000,-0.0038999999999999972,-0.0039000000000000007,0.0,0.0055154328932550695,tap1,natural,firm,20260810_130508,True
655009,0.0312,0.0507,0.9126,655.009,500000,0.0,0.0,0.0039000000000000146,0.0039000000000000146,tap1,natural,firm,20260810_130508,True
657518,0.0312,0.0468,0.9126,657.518,500000,0.0,-0.0039000000000000007,0.0039000000000000146,0.005515432893255082,tap1,natural,firm,20260810_130508,True
660004,0.0312,0.0468,0.9126,660.004,500000,0.0,-0.0039000000000000007,0.0039000000000000146,0.005515432893255082,tap1,natural,firm,20260810_130508,True
662526,0.0351,0.0546,0.9087,662.526,500000,0.0039000000000000007,0.0039000000000000007,0.0,0.005515432893255071,tap1,natural,firm,20260810_130508,True
665026,0.039,0.0546,0.9009,665.026,500000,0.007800000000000001,0.0039000000000000007,-0.007799999999999918,0.011699999999999947,tap1,natural,firm,20260810_130508,True
667502,0.039,0.0546,0.9009,667.502,500000,0.007800000000000001,0.0039000000000000007,-0.007799999999999918,0.011699999999999947,tap1,natural,firm,20260810_130508,True
670014,0.0351,0.0546,0.9048,670.014,500000,0.0039000000000000007,0.0039000000000000007,-0.0038999999999999035,0.006754998149518567,tap1,natural,firm,20260810_130508,True
672508,0.039,0.0468,0.9126,672.508,500000,0.007800000000000001,-0.0039000000000000007,0.0039000000000000146,0.009553009996854402,tap1,natural,firm,20260810_130508,True
675020,0.0351,0.0468,0.9243,675.02,500000,0.0039000000000000007,-0.0039000000000000007,0.015600000000000058,0.01654629867976527,tap1,natural,firm,20260810_130508,True
677503,0.0312,0.0546,0.9126,677.503,500000,0.0,0.0039000000000000007,0.0039000000000000146,0.005515432893255082,tap1,natural,firm,20260810_130508,True
680008,0.0351,0.0546,0.9087,680.008,500000,0.0039000000000000007,0.0039000000000000007,0.0,0.005515432893255071,tap1,natural,firm,20260810_130508,True
682503,0.0312,0.0546,0.9165,682.503,500000,0.0,0.0039000000000000007,0.007800000000000029,0.008720665112249207,tap1,natural,firm,20260810_130508,True
685011,0.0351,0.0546,0.9243,685.011,500000,0.0039000000000000007,0.0039000000000000007,0.015600000000000058,0.01654629867976527,tap1,natural,firm,20260810_130508,True
687520,0.0234,0.0429,0.9282,687.52,500000,-0.007799999999999998,-0.007800000000000001,0.019500000000000073,0.022403794321498374,tap1,natural,firm,20260810_130508,True
690011,0.0273,0.0507,0.9087,690.011,500000,-0.0038999999999999972,0.0,0.0,0.0038999999999999972,tap1,natural,firm,20260810_130508,True
692507,0.0312,0.0624,0.9087,692.507,500000,0.0,0.011699999999999995,0.0,0.011699999999999995,tap1,natural,firm,20260810_130508,True
695022,0.039,0.0507,0.9009,695.022,500000,0.007800000000000001,0.0,-0.007799999999999918,0.011030865786510084,tap1,natural,firm,20260810_130508,True
697504,0.0351,0.0507,0.9048,697.504,500000,0.0039000000000000007,0.0,-0.0038999999999999035,0.005515432893255003,tap1,natural,firm,20260810_130508,True
700023,0.0312,0.0468,0.9165,700.023,500000,0.0,-0.0039000000000000007,0.007800000000000029,0.008720665112249207,tap1,natural,firm,20260810_130508,True
702520,0.0312,0.0546,0.9126,702.52,500000,0.0,0.0039000000000000007,0.0039000000000000146,0.005515432893255082,tap1,natural,firm,20260810_130508,True
705020,0.0351,0.0507,0.9048,705.02,500000,0.0039000000000000007,0.0,-0.0038999999999999035,0.005515432893255003,tap1,natural,firm,20260810_130508,True
707530,0.0351,0.0546,0.9126,707.53,500000,0.0039000000000000007,0.0039000000000000007,0.0039000000000000146,0.006754998149518631,tap1,natural,firm,20260810_130508,True
710017,0.0468,0.0546,0.9087,710.017,500000,0.015600000000000003,0.0039000000000000007,0.0,0.016080111939908878,tap1,natural,firm,20260810_130508,True
712512,0.0312,0.0468,0.9243,712.512,500000,0.0,-0.0039000000000000007,0.015600000000000058,0.016080111939908933,tap1,natural,firm,20260810_130508,True
715011,0.0273,0.0429,0.9204,715.011,500000,-0.0038999999999999972,-0.007800000000000001,0.011700000000000044,0.014592463808418407,tap1,natural,firm,20260810_130508,True
717524,0.0234,0.0468,0.9126,717.524,500000,-0.007799999999999998,-0.0039000000000000007,0.0039000000000000146,0.0095530099968544,tap1,natural,firm,20260810_130508,True
720014,0.0234,0.0507,0.9009,720.014,500000,-0.007799999999999998,0.0,-0.007799999999999918,0.011030865786510082,tap1,natural,firm,20260810_130508,True
722507,0.0273,0.0546,0.9165,722.507,500000,-0.0038999999999999972,0.0039000000000000007,0.007800000000000029,0.009553009996854418,tap1,natural,firm,20260810_130508,True
725005,0.0273,0.0507,0.9126,725.005,500000,-0.0038999999999999972,0.0,0.0039000000000000146,0.005515432893255079,tap1,natural,firm,20260810_130508,True
727512,0.0312,0.0507,0.9165,727.512,500000,0.0,0.0,0.007800000000000029,0.007800000000000029,tap1,natural,firm,20260810_130508,True
730027,0.0273,0.0585,0.9165,730.027,500000,-0.0038999999999999972,0.007800000000000001,0.007800000000000029,0.01170000000000002,tap1,natural,firm,20260810_130508,True
732525,0.0351,0.0546,0.9087,732.525,500000,0.0039000000000000007,0.0039000000000000007,0.0,0.005515432893255071,tap1,natural,firm,20260810_130508,True
735019,0.0312,0.0507,0.9204,735.019,500000,0.0,0.0,0.011700000000000044,0.011700000000000044,tap1,natural,firm,20260810_130508,True
737523,0.0273,0.0468,0.9126,737.523,500000,-0.0038999999999999972,-0.0039000000000000007,0.0039000000000000146,0.006754998149518628,tap1,natural,firm,20260810_130508,True
740019,0.0351,0.0507,0.9087,740.019,500000,0.0039000000000000007,0.0,0.0,0.0039000000000000007,tap1,natural,firm,20260810_130508,True
742514,0.0312,0.0507,0.9126,742.514,500000,0.0,0.0,0.0039000000000000146,0.0039000000000000146,tap1,natural,firm,20260810_130508,True
745019,0.0351,0.0507,0.9165,745.019,500000,0.0039000000000000007,0.0,0.007800000000000029,0.008720665112249207,tap1,natural,firm,20260810_130508,True
747502,0.039,0.0468,0.9048,747.502,500000,0.007800000000000001,-0.0039000000000000007,-0.0038999999999999035,0.009553009996854357,tap1,natural,firm,20260810_130508,True
750020,0.0312,0.0468,0.9048,750.02,500000,0.0,-0.0039000000000000007,-0.0038999999999999035,0.005515432893255003,tap1,natural,firm,20260810_130508,True
752517,0.0351,0.0546,0.9126,752.517,500000,0.0039000000000000007,0.0039000000000000007,0.0039000000000000146,0.006754998149518631,tap1,natural,firm,20260810_130508,True
755021,0.0429,0.0468,0.9126,755.021,500000,0.011700000000000002,-0.0039000000000000007,0.0039000000000000146,0.012934836682386066,tap1,natural,firm,20260810_130508,True
757504,0.0351,0.0507,0.9126,757.504,500000,0.0039000000000000007,0.0,0.0039000000000000146,0.005515432893255082,tap1,natural,firm,20260810_130508,True
760024,0.0312,0.0507,0.9165,760.024,500000,0.0,0.0,0.007800000000000029,0.007800000000000029,tap1,natural,firm,20260810_130508,True
762527,0.0312,0.0507,0.9087,762.527,500000,0.0,0.0,0.0,0.0,tap1,natural,firm,20260810_130508,True
765004,0.0351,0.0585,0.9009,765.004,500000,0.0039000000000000007,0.007800000000000001,-0.007799999999999918,0.011699999999999947,tap1,natural,firm,20260810_130508,True
767511,0.0351,0.0468,0.9126,767.511,500000,0.0039000000000000007,-0.0039000000000000007,0.0039000000000000146,0.006754998149518631,tap1,natural,firm,20260810_130508,True
770000,0.0351,0.0507,0.9048,770.0,500000,0.0039000000000000007,0.0,-0.0038999999999999035,0.005515432893255003,tap1,natural,firm,20260810_130508,True
772528,0.0312,0.0546,0.9165,772.528,500000,0.0,0.0039000000000000007,0.007800000000000029,0.008720665112249207,tap1,natural,firm,20260810_130508,True
775009,0.0312,0.0546,0.9165,775.009,500000,0.0,0.0039000000000000007,0.007800000000000029,0.008720665112249207,tap1,natural,firm,20260810_130508,True
777517,0.0312,0.0507,0.9165,777.517,500000,0.0,0.0,0.007800000000000029,0.007800000000000029,tap1,natural,firm,20260810_130508,True
780000,0.0234,0.0507,0.9126,780.0,500000,-0.007799999999999998,0.0,0.0039000000000000146,0.008720665112249185,tap1,natural,firm,20260810_130508,True
782502,0.0351,0.0507,0.9087,782.502,500000,0.0039000000000000007,0.0,0.0,0.0039000000000000007,tap1,natural,firm,20260810_130508,True
785005,0.0351,0.0546,0.9087,785.005,500000,0.0039000000000000007,0.0039000000000000007,0.0,0.005515432893255071,tap1,natural,firm,20260810_130508,True
787520,0.0273,0.0546,0.9087,787.52,500000,-0.0038999999999999972,0.0039000000000000007,0.0,0.0055154328932550695,tap1,natural,firm,20260810_130508,True
790009,0.0351,0.0468,0.9126,790.009,500000,0.0039000000000000007,-0.0039000000000000007,0.0039000000000000146,0.006754998149518631,tap1,natural,firm,20260810_130508,True
792506,0.0351,0.0468,0.9126,792.506,500000,0.0039000000000000007,-0.0039000000000000007,0.0039000000000000146,0.006754998149518631,tap1,natural,firm,20260810_130508,True
795001,0.0312,0.0585,0.9048,795.001,500000,0.0,0.007800000000000001,-0.0038999999999999035,0.008720665112249138,tap1,natural,firm,20260810_130508,True
797508,0.0351,0.0546,0.9087,797.508,500000,0.0039000000000000007,0.0039000000000000007,0.0,0.005515432893255071,tap1,natural,firm,20260810_130508,True
800021,0.0351,0.0546,0.9165,800.021,500000,0.0039000000000000007,0.0039000000000000007,0.007800000000000029,0.00955300999685442,tap1,natural,firm,20260810_130508,True
802518,0.0351,0.0507,0.9204,802.518,500000,0.0039000000000000007,0.0,0.011700000000000044,0.012332882874656722,tap1,natural,firm,20260810_130508,True
805022,0.0312,0.0468,0.9087,805.022,500000,0.0,-0.0039000000000000007,0.0,0.0039000000000000007,tap1,natural,firm,20260810_130508,True
807504,0.0273,0.0585,0.8931,807.504,500000,-0.0038999999999999972,0.007800000000000001,-0.015599999999999947,0.01787204521032773,tap1,natural,firm,20260810_130508,True
810026,0.0312,0.0546,0.9048,810.026,500000,0.0,0.0039000000000000007,-0.0038999999999999035,0.005515432893255003,tap1,natural,firm,20260810_130508,True
812520,0.0351,0.0585,0.9087,812.52,500000,0.0039000000000000007,0.007800000000000001,0.0,0.008720665112249181,tap1,natural,firm,20260810_130508,True
815027,0.0273,0.0507,0.9087,815.027,500000,-0.0038999999999999972,0.0,0.0,0.0038999999999999972,tap1,natural,firm,20260810_130508,True
817504,0.0312,0.0468,0.9048,817.504,500000,0.0,-0.0039000000000000007,-0.0038999999999999035,0.005515432893255003,tap1,natural,firm,20260810_130508,True
820021,0.0351,0.0546,0.9087,820.021,500000,0.0039000000000000007,0.0039000000000000007,0.0,0.005515432893255071,tap1,natural,firm,20260810_130508,True
822507,0.0234,0.0468,0.9087,822.507,500000,-0.007799999999999998,-0.0039000000000000007,0.0,0.00872066511224918,tap1,natural,firm,20260810_130508,True
825003,0.0351,0.0468,0.9165,825.003,500000,0.0039000000000000007,-0.0039000000000000007,0.007800000000000029,0.00955300999685442,tap1,natural,firm,20260810_130508,True
827526,0.0312,0.0507,0.9165,827.526,500000,0.0,0.0,0.007800000000000029,0.007800000000000029,tap1,natural,firm,20260810_130508,True
830020,0.0312,0.0546,0.9165,830.02,500000,0.0,0.0039000000000000007,0.007800000000000029,0.008720665112249207,tap1,natural,firm,20260810_130508,True
832518,0.0273,0.0468,0.9048,832.518,500000,-0.0038999999999999972,-0.0039000000000000007,-0.0038999999999999035,0.006754998149518564,tap1,natural,firm,20260810_130508,True
835027,0.0273,0.0507,0.9126,835.027,500000,-0.0038999999999999972,0.0,0.0039000000000000146,0.005515432893255079,tap1,natural,firm,20260810_130508,True
837505,0.0351,0.0507,0.9087,837.505,500000,0.0039000000000000007,0.0,0.0,0.0039000000000000007,tap1,natural,firm,20260810_130508,True
840022,0.0351,0.0507,0.9087,840.022,500000,0.0039000000000000007,0.0,0.0,0.0039000000000000007,tap1,natural,firm,20260810_130508,True
842516,0.0351,0.0507,0.9048,842.516,500000,0.0039000000000000007,0.0,-0.0038999999999999035,0.005515432893255003,tap1,natural,firm,20260810_130508,True
845019,0.0429,0.0546,0.9165,845.019,500000,0.011700000000000002,0.0039000000000000007,0.007800000000000029,0.01459246380841839,tap1,natural,firm,20260810_130508,True
847526,0.0351,0.0507,0.9126,847.526,500000,0.0039000000000000007,0.0,0.0039000000000000146,0.005515432893255082,tap1,natural,firm,20260810_130508,True
850018,0.0351,0.0507,0.9204,850.018,500000,0.0039000000000000007,0.0,0.011700000000000044,0.012332882874656722,tap1,natural,firm,20260810_130508,True
852510,0.0273,0.0546,0.9087,852.51,500000,-0.0038999999999999972,0.0039000000000000007,0.0,0.0055154328932550695,tap1,natural,firm,20260810_130508,True
855008,0.0273,0.0507,0.9126,855.008,500000,-0.0038999999999999972,0.0,0.0039000000000000146,0.005515432893255079,tap1,natural,firm,20260810_130508,True
857517,0.0234,0.0585,0.9165,857.517,500000,-0.007799999999999998,0.007800000000000001,0.007800000000000029,0.01350999629903726,tap1,natural,firm,20260810_130508,True
860008,0.0273,0.0546,0.9165,860.008,500000,-0.0038999999999999972,0.0039000000000000007,0.007800000000000029,0.009553009996854418,tap1,natural,firm,20260810_130508,True
862501,0.0273,0.0507,0.9048,862.501,500000,-0.0038999999999999972,0.0,-0.0038999999999999035,0.005515432893255,tap1,natural,firm,20260810_130508,True
865030,0.0273,0.0585,0.9087,865.03,500000,-0.0038999999999999972,0.007800000000000001,0.0,0.00872066511224918,tap1,natural,firm,20260810_130508,True
867507,0.0429,0.0468,0.9009,867.507,500000,0.011700000000000002,-0.0039000000000000007,-0.007799999999999918,0.01459246380841833,tap1,natural,firm,20260810_130508,True
870018,0.0351,0.0429,0.9126,870.018,500000,0.0039000000000000007,-0.007800000000000001,0.0039000000000000146,0.009553009996854402,tap1,natural,firm,20260810_130508,True
872512,0.0312,0.0468,0.9165,872.512,500000,0.0,-0.0039000000000000007,0.007800000000000029,0.008720665112249207,tap1,natural,firm,20260810_130508,True
875017,0.0273,0.0468,0.9282,875.017,500000,-0.0038999999999999972,-0.0039000000000000007,0.019500000000000073,0.020264994448555933,tap1,natural,firm,20260810_130508,True
877502,0.0351,0.0468,0.9204,877.502,500000,0.0039000000000000007,-0.0039000000000000007,0.011700000000000044,0.012934836682386099,tap1,natural,firm,20260810_130508,True
880018,0.0429,0.0546,0.9126,880.018,500000,0.011700000000000002,0.0039000000000000007,0.0039000000000000146,0.012934836682386066,tap1,natural,firm,20260810_130508,True
882518,0.0429,0.0546,0.9126,882.518,500000,0.011700000000000002,0.0039000000000000007,0.0039000000000000146,0.012934836682386066,tap1,natural,firm,20260810_130508,True
885026,0.0351,0.0507,0.9048,885.026,500000,0.0039000000000000007,0.0,-0.0038999999999999035,0.005515432893255003,tap1,natural,firm,20260810_130508,True
887504,0.0429,0.0468,0.9165,887.504,500000,0.011700000000000002,-0.0039000000000000007,0.007800000000000029,0.01459246380841839,tap1,natural,firm,20260810_130508,True
890028,0.0273,0.0546,0.9126,890.028,500000,-0.0038999999999999972,0.0039000000000000007,0.0039000000000000146,0.006754998149518628,tap1,natural,firm,20260810_130508,True
892506,0.0234,0.0546,0.9048,892.506,500000,-0.007799999999999998,0.0039000000000000007,-0.0038999999999999035,0.009553009996854354,tap1,natural,firm,20260810_130508,True
895013,0.0351,0.0546,0.9048,895.013,500000,0.0039000000000000007,0.0039000000000000007,-0.0038999999999999035,0.006754998149518567,tap1,natural,firm,20260810_130508,True
897523,0.039,0.0507,0.9126,897.523,500000,0.007800000000000001,0.0,0.0039000000000000146,0.008720665112249188,tap1,natural,firm,20260810_130508,True
900016,0.0351,0.0468,0.8931,900.016,500000,0.0039000000000000007,-0.0039000000000000007,-0.015599999999999947,0.016546298679765162,tap1,natural,firm,20260810_130508,True
902513,0.0312,0.0507,0.9165,902.513,500000,0.0,0.0,0.007800000000000029,0.007800000000000029,tap1,natural,firm,20260810_130508,True
905016,0.0351,0.0507,0.9321,905.016,500000,0.0039000000000000007,0.0,0.023400000000000087,0.023722773868163145,tap1,natural,firm,20260810_130508,True
907528,0.0351,0.0546,0.9087,907.528,500000,0.0039000000000000007,0.0039000000000000007,0.0,0.005515432893255071,tap1,natural,firm,20260810_130508,True
910025,0.0312,0.0546,0.9126,910.025,500000,0.0,0.0039000000000000007,0.0039000000000000146,0.005515432893255082,tap1,natural,firm,20260810_130508,True
912519,0.0195,0.0585,0.9243,912.519,500000,-0.011699999999999999,0.007800000000000001,0.015600000000000058,0.02100214274782461,tap1,natural,firm,20260810_130508,True
915020,0.039,0.0546,0.9165,915.02,500000,0.007800000000000001,0.0039000000000000007,0.007800000000000029,0.011700000000000021,tap1,natural,firm,20260810_130508,True
917527,0.0312,0.0507,0.9165,917.527,500000,0.0,0.0,0.007800000000000029,0.007800000000000029,tap1,natural,firm,20260810_130508,True
920013,0.0312,0.0507,0.9165,920.013,500000,0.0,0.0,0.007800000000000029,0.007800000000000029,tap1,natural,firm,20260810_130508,True
922510,0.0312,0.0507,0.9087,922.51,500000,0.0,0.0,0.0,0.0,tap1,natural,firm,20260810_130508,True
925014,0.0351,0.0429,0.9126,925.014,500000,0.0039000000000000007,-0.007800000000000001,0.0039000000000000146,0.009553009996854402,tap1,natural,firm,20260810_130508,True
927521,0.039,0.0546,0.9126,927.521,500000,0.007800000000000001,0.0039000000000000007,0.0039000000000000146,0.009553009996854402,tap1,natural,firm,20260810_130508,True
930011,0.039,0.0507,0.897,930.011,500000,0.007800000000000001,0.0,-0.011699999999999933,0.014061649974309504,tap1,natural,firm,20260810_130508,True
932509,0.0312,0.0546,0.9087,932.509,500000,0.0,0.0039000000000000007,0.0,0.0039000000000000007,tap1,natural,firm,20260810_130508,True
935013,0.039,0.0546,0.9126,935.013,500000,0.007800000000000001,0.0039000000000000007,0.0039000000000000146,0.009553009996854402,tap1,natural,firm,20260810_130508,True
937527,0.0351,0.0585,0.9126,937.527,500000,0.0039000000000000007,0.007800000000000001,0.0039000000000000146,0.009553009996854402,tap1,natural,firm,20260810_130508,True
940015,0.0273,0.0546,0.9126,940.015,500000,-0.0038999999999999972,0.0039000000000000007,0.0039000000000000146,0.006754998149518628,tap1,natural,firm,20260810_130508,True
942511,0.039,0.0546,0.9204,942.511,500000,0.007800000000000001,0.0039000000000000007,0.011700000000000044,0.014592463808418409,tap1,natural,firm,20260810_130508,True
945010,0.039,0.0507,0.9087,945.01,500000,0.007800000000000001,0.0,0.0,0.007800000000000001,tap1,natural,firm,20260810_130508,True
947522,0.0351,0.0507,0.9048,947.522,500000,0.0039000000000000007,0.0,-0.0038999999999999035,0.005515432893255003,tap1,natural,firm,20260810_130508,True
950009,0.0351,0.0507,0.9048,950.009,500000,0.0039000000000000007,0.0,-0.0038999999999999035,0.005515432893255003,tap1,natural,firm,20260810_130508,True
952501,0.0312,0.0507,0.9126,952.501,500000,0.0,0.0,0.0039000000000000146,0.0039000000000000146,tap1,natural,firm,20260810_130508,True
955002,0.0273,0.0546,0.9048,955.002,500000,-0.0038999999999999972,0.0039000000000000007,-0.0038999999999999035,0.006754998149518564,tap1,natural,firm,20260810_130508,True
957523,0.0312,0.0468,0.9048,957.523,500000,0.0,-0.0039000000000000007,-0.0038999999999999035,0.005515432893255003,tap1,natural,firm,20260810_130508,True
960018,0.0351,0.0546,0.9009,960.018,500000,0.0039000000000000007,0.0039000000000000007,-0.007799999999999918,0.009553009996854328,tap1,natural,firm,20260810_130508,True
962513,0.0273,0.0585,0.9126,962.513,500000,-0.0038999999999999972,0.007800000000000001,0.0039000000000000146,0.0095530099968544,tap1,natural,firm,20260810_130508,True
965016,0.039,0.0429,0.9087,965.016,500000,0.007800000000000001,-0.007800000000000001,0.0,0.011030865786510143,tap1,natural,firm,20260810_130508,True
967500,0.0312,0.0507,0.9204,967.5,500000,0.0,0.0,0.011700000000000044,0.011700000000000044,tap1,natural,firm,20260810_130508,True
970017,0.0273,0.0546,0.9126,970.017,500000,-0.0038999999999999972,0.0039000000000000007,0.0039000000000000146,0.006754998149518628,tap1,natural,firm,20260810_130508,True
972510,0.0351,0.0507,0.9087,972.51,500000,0.0039000000000000007,0.0,0.0,0.0039000000000000007,tap1,natural,firm,20260810_130508,True
975015,0.0312,0.0507,0.9087,975.015,500000,0.0,0.0,0.0,0.0,tap1,natural,firm,20260810_130508,True
977526,0.0351,0.0507,0.9009,977.526,500000,0.0039000000000000007,0.0,-0.007799999999999918,0.008720665112249107,tap1,natural,firm,20260810_130508,True
980006,0.0312,0.0468,0.9165,980.006,500000,0.0,-0.0039000000000000007,0.007800000000000029,0.008720665112249207,tap1,natural,firm,20260810_130508,True
982505,0.0312,0.0546,0.9126,982.505,500000,0.0,0.0039000000000000007,0.0039000000000000146,0.005515432893255082,tap1,natural,firm,20260810_130508,True
985007,0.0312,0.0585,0.9009,985.007,500000,0.0,0.007800000000000001,-0.007799999999999918,0.011030865786510084,tap1,natural,firm,20260810_130508,True
987519,0.0234,0.0546,0.9126,987.519,500000,-0.007799999999999998,0.0039000000000000007,0.0039000000000000146,0.0095530099968544,tap1,natural,firm,20260810_130508,True
990010,0.0234,0.0546,0.9126,990.01,500000,-0.007799999999999998,0.0039000000000000007,0.0039000000000000146,0.0095530099968544,tap1,natural,firm,20260810_130508,True
992505,0.0312,0.0507,0.9126,992.505,500000,0.0,0.0,0.0039000000000000146,0.0039000000000000146,tap1,natural,firm,20260810_130508,True
995011,0.0351,0.0507,0.9087,995.011,500000,0.0039000000000000007,0.0,0.0,0.0039000000000000007,tap1,natural,firm,20260810_130508,True
997519,0.0429,0.0468,0.9165,997.519,500000,0.011700000000000002,-0.0039000000000000007,0.007800000000000029,0.01459246380841839,tap1,natural,firm,20260810_130508,True
1000004,0.0312,0.0585,0.9126,1000.004,500000,0.0,0.007800000000000001,0.0039000000000000146,0.008720665112249188,tap1,natural,firm,20260810_130508,True
1002529,0.0312,0.0468,0.9087,1002.529,500000,0.0,-0.0039000000000000007,0.0,0.0039000000000000007,tap1,natural,firm,20260810_130508,True
1005029,0.0312,0.0468,0.9087,1005.029,500000,0.0,-0.0039000000000000007,0.0,0.0039000000000000007,tap1,natural,firm,20260810_130508,True
1007506,0.0351,0.0585,0.9165,1007.506,500000,0.0039000000000000007,0.007800000000000001,0.007800000000000029,0.011700000000000021,tap1,natural,firm,20260810_130508,True
1010025,0.0351,0.0507,0.9126,1010.025,500000,0.0039000000000000007,0.0,0.0039000000000000146,0.005515432893255082,tap1,natural,firm,20260810_130508,True
1012520,0.0351,0.0507,0.9165,1012.52,500000,0.0039000000000000007,0.0,0.007800000000000029,0.008720665112249207,tap1,natural,firm,20260810_130508,True
1015017,0.0312,0.0546,0.9126,1015.017,500000,0.0,0.0039000000000000007,0.0039000000000000146,0.005515432893255082,tap1,natural,firm,20260810_130508,True
1017502,0.039,0.0507,0.9165,1017.502,500000,0.007800000000000001,0.0,0.007800000000000029,0.011030865786510163,tap1,natural,firm,20260810_130508,True
1020020,0.039,0.0507,0.9204,1020.02,500000,0.007800000000000001,0.0,0.011700000000000044,0.014061649974309596,tap1,natural,firm,20260810_130508,True
1022501,0.0273,0.0585,0.9165,1022.501,500000,-0.0038999999999999972,0.007800000000000001,0.007800000000000029,0.01170000000000002,tap1,natural,firm,20260810_130508,True
1025005,0.0351,0.0507,0.9087,1025.005,500000,0.0039000000000000007,0.0,0.0,0.0039000000000000007,tap1,natural,firm,20260810_130508,True
1027522,0.039,0.039,0.9048,1027.522,500000,0.007800000000000001,-0.011700000000000002,-0.0038999999999999035,0.014592463808418348,tap1,natural,firm,20260810_130508,True
1030006,0.0351,0.0468,0.9048,1030.006,500000,0.0039000000000000007,-0.0039000000000000007,-0.0038999999999999035,0.006754998149518567,tap1,natural,firm,20260810_130508,True
1032528,0.0312,0.0507,0.9165,1032.528,500000,0.0,0.0,0.007800000000000029,0.007800000000000029,tap1,natural,firm,20260810_130508,True
1035002,0.0351,0.0507,0.9165,1035.002,500000,0.0039000000000000007,0.0,0.007800000000000029,0.008720665112249207,tap1,natural,firm,20260810_130508,True
1037517,0.0312,0.0585,0.9009,1037.517,500000,0.0,0.007800000000000001,-0.007799999999999918,0.011030865786510084,tap1,natural,firm,20260810_130508,True
1040005,0.0351,0.0507,0.9087,1040.005,500000,0.0039000000000000007,0.0,0.0,0.0039000000000000007,tap1,natural,firm,20260810_130508,True
1042500,0.0312,0.0585,0.9126,1042.5,500000,0.0,0.007800000000000001,0.0039000000000000146,0.008720665112249188,tap1,natural,firm,20260810_130508,True
1045002,0.0312,0.0507,0.9126,1045.002,500000,0.0,0.0,0.0039000000000000146,0.0039000000000000146,tap1,natural,firm,20260810_130508,True
1047513,0.0351,0.0546,0.9087,1047.513,500000,0.0039000000000000007,0.0039000000000000007,0.0,0.005515432893255071,tap1,natural,firm,20260810_130508,True
1050029,0.039,0.0507,0.9126,1050.029,500000,0.007800000000000001,0.0,0.0039000000000000146,0.008720665112249188,tap1,natural,firm,20260810_130508,True
1052522,0.0312,0.0468,0.9126,1052.522,500000,0.0,-0.0039000000000000007,0.0039000000000000146,0.005515432893255082,tap1,natural,firm,20260810_130508,True
1055020,0.0312,0.0507,0.9165,1055.02,500000,0.0,0.0,0.007800000000000029,0.007800000000000029,tap1,natural,firm,20260810_130508,True
1057527,0.0312,0.0507,0.9126,1057.527,500000,0.0,0.0,0.0039000000000000146,0.0039000000000000146,tap1,natural,firm,20260810_130508,True
1060016,0.039,0.0468,0.9165,1060.016,500000,0.007800000000000001,-0.0039000000000000007,0.007800000000000029,0.011700000000000021,tap1,natural,firm,20260810_130508,True
1062512,0.0273,0.0546,0.9204,1062.512,500000,-0.0038999999999999972,0.0039000000000000007,0.011700000000000044,0.012934836682386099,tap1,natural,firm,20260810_130508,True
1065016,0.0273,0.0546,0.9204,1065.016,500000,-0.0038999999999999972,0.0039000000000000007,0.011700000000000044,0.012934836682386099,tap1,natural,firm,20260810_130508,True
1067501,0.0312,0.0507,0.9126,1067.501,500000,0.0,0.0,0.0039000000000000146,0.0039000000000000146,tap1,natural,firm,20260810_130508,True
1070015,0.0351,0.0507,0.9087,1070.015,500000,0.0039000000000000007,0.0,0.0,0.0039000000000000007,tap1,natural,firm,20260810_130508,True
1072509,0.0351,0.0546,0.9048,1072.509,500000,0.0039000000000000007,0.0039000000000000007,-0.0038999999999999035,0.006754998149518567,tap1,natural,firm,20260810_130508,True
1075023,0.0351,0.0546,0.9087,1075.023,500000,0.0039000000000000007,0.0039000000000000007,0.0,0.005515432893255071,tap1,natural,firm,20260810_130508,True
1077504,0.0234,0.0507,0.9048,1077.504,500000,-0.007799999999999998,0.0,-0.0038999999999999035,0.008720665112249134,tap1,natural,firm,20260810_130508,True
1080017,0.0312,0.0507,0.9009,1080.017,500000,0.0,0.0,-0.007799999999999918,0.007799999999999918,tap1,natural,firm,20260810_130508,True
1082519,0.039,0.0507,0.9126,1082.519,500000,0.007800000000000001,0.0,0.0039000000000000146,0.008720665112249188,tap1,natural,firm,20260810_130508,True
1085028,0.0351,0.0585,0.9087,1085.028,500000,0.0039000000000000007,0.007800000000000001,0.0,0.008720665112249181,tap1,natural,firm,20260810_130508,True
1087512,0.0273,0.0546,0.9009,1087.512,500000,-0.0038999999999999972,0.0039000000000000007,-0.007799999999999918,0.009553009996854326,tap1,natural,firm,20260810_130508,True
1090025,0.0468,0.0507,0.9048,1090.025,500000,0.015600000000000003,0.0,-0.0038999999999999035,0.016080111939908853,tap1,natural,firm,20260810_130508,True
1092517,0.0312,0.0585,0.9009,1092.517,500000,0.0,0.007800000000000001,-0.007799999999999918,0.011030865786510084,tap1,natural,firm,20260810_130508,True
1095020,0.0312,0.0468,0.9009,1095.02,500000,0.0,-0.0039000000000000007,-0.007799999999999918,0.008720665112249107,tap1,natural,firm,20260810_130508,True
1097503,0.0312,0.0468,0.9009,1097.503,500000,0.0,-0.0039000000000000007,-0.007799999999999918,0.008720665112249107,tap1,natural,firm,20260810_130508,True
1100018,0.0312,0.0429,0.9048,1100.018,500000,0.0,-0.007800000000000001,-0.0038999999999999035,0.008720665112249138,tap1,natural,firm,20260810_130508,True
1102513,0.0351,0.0507,0.9126,1102.513,500000,0.0039000000000000007,0.0,0.0039000000000000146,0.005515432893255082,tap1,natural,firm,20260810_130508,True
1105018,0.039,0.0507,0.9087,1105.018,500000,0.007800000000000001,0.0,0.0,0.007800000000000001,tap1,natural,firm,20260810_130508,True
1107527,0.0351,0.0507,0.9048,1107.527,500000,0.0039000000000000007,0.0,-0.0038999999999999035,0.005515432893255003,tap1,natural,firm,20260810_130508,True
1110021,0.039,0.0429,0.9087,1110.021,500000,0.007800000000000001,-0.007800000000000001,0.0,0.011030865786510143,tap1,natural,firm,20260810_130508,True
1112517,0.0312,0.0546,0.9087,1112.517,500000,0.0,0.0039000000000000007,0.0,0.0039000000000000007,tap1,natural,firm,20260810_130508,True
1115021,0.0273,0.0546,0.9048,1115.021,500000,-0.0038999999999999972,0.0039000000000000007,-0.0038999999999999035,0.006754998149518564,tap1,natural,firm,20260810_130508,True
1117502,0.0429,0.0507,0.9087,1117.502,500000,0.011700000000000002,0.0,0.0,0.011700000000000002,tap1,natural,firm,20260810_130508,True
1120020,0.039,0.0546,0.9126,1120.02,500000,0.007800000000000001,0.0039000000000000007,0.0039000000000000146,0.009553009996854402,tap1,natural,firm,20260810_130508,True
1122512,0.0351,0.0468,0.897,1122.512,500000,0.0039000000000000007,-0.0039000000000000007,-0.011699999999999933,0.012934836682385998,tap1,natural,firm,20260810_130508,True
1125012,0.0312,0.0507,0.9204,1125.012,500000,0.0,0.0,0.011700000000000044,0.011700000000000044,tap1,natural,firm,20260810_130508,True
1127510,0.0273,0.0507,0.9048,1127.51,500000,-0.0038999999999999972,0.0,-0.0038999999999999035,0.005515432893255,tap1,natural,firm,20260810_130508,True
1130026,0.0273,0.0546,0.9048,1130.026,500000,-0.0038999999999999972,0.0039000000000000007,-0.0038999999999999035,0.006754998149518564,tap1,natural,firm,20260810_130508,True
1132523,0.0312,0.0585,0.9126,1132.523,500000,0.0,0.007800000000000001,0.0039000000000000146,0.008720665112249188,tap1,natural,firm,20260810_130508,True
1135025,0.0351,0.0507,0.9009,1135.025,500000,0.0039000000000000007,0.0,-0.007799999999999918,0.008720665112249107,tap1,natural,firm,20260810_130508,True
1137510,0.0351,0.0429,0.9087,1137.51,500000,0.0039000000000000007,-0.007800000000000001,0.0,0.008720665112249181,tap1,natural,firm,20260810_130508,True
1140027,0.039,0.0546,0.9087,1140.027,500000,0.007800000000000001,0.0039000000000000007,0.0,0.008720665112249181,tap1,natural,firm,20260810_130508,True
1142523,0.0312,0.0507,0.9165,1142.523,500000,0.0,0.0,0.007800000000000029,0.007800000000000029,tap1,natural,firm,20260810_130508,True
1145020,0.0351,0.0546,0.9126,1145.02,500000,0.0039000000000000007,0.0039000000000000007,0.0039000000000000146,0.006754998149518631,tap1,natural,firm,20260810_130508,True
1147528,0.039,0.0468,0.9126,1147.528,500000,0.007800000000000001,-0.0039000000000000007,0.0039000000000000146,0.009553009996854402,tap1,natural,firm,20260810_130508,True
1150011,0.039,0.0546,0.9009,1150.011,500000,0.007800000000000001,0.0039000000000000007,-0.007799999999999918,0.011699999999999947,tap1,natural,firm,20260810_130508,True
1152505,0.0351,0.0546,0.9087,1152.505,500000,0.0039000000000000007,0.0039000000000000007,0.0,0.005515432893255071,tap1,natural,firm,20260810_130508,True
1155019,0.0351,0.0507,0.9165,1155.019,500000,0.0039000000000000007,0.0,0.007800000000000029,0.008720665112249207,tap1,natural,firm,20260810_130508,True
1157504,0.0351,0.0507,0.9126,1157.504,500000,0.0039000000000000007,0.0,0.0039000000000000146,0.005515432893255082,tap1,natural,firm,20260810_130508,True
1160030,0.0273,0.0507,0.9087,1160.03,500000,-0.0038999999999999972,0.0,0.0,0.0038999999999999972,tap1,natural,firm,20260810_130508,True
1162520,0.0351,0.0546,0.9087,1162.52,500000,0.0039000000000000007,0.0039000000000000007,0.0,0.005515432893255071,tap1,natural,firm,20260810_130508,True
1165018,0.039,0.0507,0.9087,1165.018,500000,0.007800000000000001,0.0,0.0,0.007800000000000001,tap1,natural,firm,20260810_130508,True
1167500,0.0351,0.0507,0.9087,1167.5,500000,0.0039000000000000007,0.0,0.0,0.0039000000000000007,tap1,natural,firm,20260810_130508,True
1170018,0.0312,0.0351,0.9087,1170.018,500000,0.0,-0.015600000000000003,0.0,0.015600000000000003,tap1,natural,firm,20260810_130508,True
1172514,0.0273,0.0507,0.9087,1172.514,500000,-0.0038999999999999972,0.0,0.0,0.0038999999999999972,tap1,natural,firm,20260810_130508,True
1175026,0.0351,0.0585,0.9204,1175.026,500000,0.0039000000000000007,0.007800000000000001,0.011700000000000044,0.014592463808418409,tap1,natural,firm,20260810_130508,True
1177508,0.0351,0.0546,0.9165,1177.508,500000,0.0039000000000000007,0.0039000000000000007,0.007800000000000029,0.00955300999685442,tap1,natural,firm,20260810_130508,True
1180016,0.039,0.0507,0.9048,1180.016,500000,0.007800000000000001,0.0,-0.0038999999999999035,0.008720665112249138,tap1,natural,firm,20260810_130508,True
1182513,0.0312,0.0507,0.9087,1182.513,500000,0.0,0.0,0.0,0.0,tap1,natural,firm,20260810_130508,True
1185017,0.0351,0.0468,0.9087,1185.017,500000,0.0039000000000000007,-0.0039000000000000007,0.0,0.005515432893255071,tap1,natural,firm,20260810_130508,True
1187528,0.0351,0.0507,0.9087,1187.528,500000,0.0039000000000000007,0.0,0.0,0.0039000000000000007,tap1,natural,firm,20260810_130508,True
1190028,0.0351,0.0468,0.9165,1190.028,500000,0.0039000000000000007,-0.0039000000000000007,0.007800000000000029,0.00955300999685442,tap1,natural,firm,20260810_130508,True
1192522,0.0312,0.0507,0.9165,1192.522,500000,0.0,0.0,0.007800000000000029,0.007800000000000029,tap1,natural,firm,20260810_130508,True
1195026,0.0312,0.0468,0.9087,1195.026,500000,0.0,-0.0039000000000000007,0.0,0.0039000000000000007,tap1,natural,firm,20260810_130508,True
1197510,0.0273,0.0507,0.9087,1197.51,500000,-0.0038999999999999972,0.0,0.0,0.0038999999999999972,tap1,natural,firm,20260810_130508,True
1200000,0.039,0.0585,0.9048,1200.0,500000,0.007800000000000001,0.007800000000000001,-0.0038999999999999035,0.011699999999999969,tap1,natural,firm,20260810_130508,True
1202527,0.039,0.0585,0.9048,1202.527,500000,0.007800000000000001,0.007800000000000001,-0.0038999999999999035,0.011699999999999969,tap1,natural,firm,20260810_130508,True
1205024,0.0351,0.0468,0.9087,1205.024,500000,0.0039000000000000007,-0.0039000000000000007,0.0,0.005515432893255071,tap1,natural,firm,20260810_130508,True
1207505,0.039,0.0429,0.9204,1207.505,500000,0.007800000000000001,-0.007800000000000001,0.011700000000000044,0.01608011193990891,tap1,natural,firm,20260810_130508,True
1210026,0.0312,0.0507,0.9048,1210.026,500000,0.0,0.0,-0.0038999999999999035,0.0038999999999999035,tap1,natural,firm,20260810_130508,True
1212524,0.0351,0.0468,0.9165,1212.524,500000,0.0039000000000000007,-0.0039000000000000007,0.007800000000000029,0.00955300999685442,tap1,natural,firm,20260810_130508,True
1215025,0.0312,0.0507,0.9165,1215.025,500000,0.0,0.0,0.007800000000000029,0.007800000000000029,tap1,natural,firm,20260810_130508,True
1217503,0.039,0.0507,0.9126,1217.503,500000,0.007800000000000001,0.0,0.0039000000000000146,0.008720665112249188,tap1,natural,firm,20260810_130508,True
1220008,0.0312,0.0468,0.9048,1220.008,500000,0.0,-0.0039000000000000007,-0.0038999999999999035,0.005515432893255003,tap1,natural,firm,20260810_130508,True
1222503,0.0312,0.0546,0.9126,1222.503,500000,0.0,0.0039000000000000007,0.0039000000000000146,0.005515432893255082,tap1,natural,firm,20260810_130508,True
1225002,0.0312,0.0546,0.9009,1225.002,500000,0.0,0.0039000000000000007,-0.007799999999999918,0.008720665112249107,tap1,natural,firm,20260810_130508,True
1227510,0.0312,0.0507,0.9087,1227.51,500000,0.0,0.0,0.0,0.0,tap1,natural,firm,20260810_130508,True
1230025,0.0273,0.0546,0.9048,1230.025,500000,-0.0038999999999999972,0.0039000000000000007,-0.0038999999999999035,0.006754998149518564,tap1,natural,firm,20260810_130508,True
1232516,0.0234,0.0507,0.9009,1232.516,500000,-0.007799999999999998,0.0,-0.007799999999999918,0.011030865786510082,tap1,natural,firm,20260810_130508,True
1235016,0.039,0.0429,0.9165,1235.016,500000,0.007800000000000001,-0.007800000000000001,0.007800000000000029,0.013509996299037262,tap1,natural,firm,20260810_130508,True
1237501,0.039,0.0507,0.9165,1237.501,500000,0.007800000000000001,0.0,0.007800000000000029,0.011030865786510163,tap1,natural,firm,20260810_130508,True
1240015,0.039,0.0468,0.9126,1240.015,500000,0.007800000000000001,-0.0039000000000000007,0.0039000000000000146,0.009553009996854402,tap1,natural,firm,20260810_130508,True
1242512,0.0351,0.0546,0.9048,1242.512,500000,0.0039000000000000007,0.0039000000000000007,-0.0038999999999999035,0.006754998149518567,tap1,natural,firm,20260810_130508,True
1245015,0.0351,0.0546,0.9126,1245.015,500000,0.0039000000000000007,0.0039000000000000007,0.0039000000000000146,0.006754998149518631,tap1,natural,firm,20260810_130508,True
1247521,0.0351,0.0468,0.9126,1247.521,500000,0.0039000000000000007,-0.0039000000000000007,0.0039000000000000146,0.006754998149518631,tap1,natural,firm,20260810_130508,True
1250019,0.0273,0.0468,0.9087,1250.019,500000,-0.0038999999999999972,-0.0039000000000000007,0.0,0.0055154328932550695,tap1,natural,firm,20260810_130508,True
1252513,0.0429,0.0546,0.9126,1252.513,500000,0.011700000000000002,0.0039000000000000007,0.0039000000000000146,0.012934836682386066,tap1,natural,firm,20260810_130508,True
1255017,0.0351,0.0546,0.9126,1255.017,500000,0.0039000000000000007,0.0039000000000000007,0.0039000000000000146,0.006754998149518631,tap1,natural,firm,20260810_130508,True
1257500,0.0234,0.0585,0.9087,1257.5,500000,-0.007799999999999998,0.007800000000000001,0.0,0.01103086578651014,tap1,natural,firm,20260810_130508,True
1260020,0.0312,0.0585,0.9126,1260.02,500000,0.0,0.007800000000000001,0.0039000000000000146,0.008720665112249188,tap1,natural,firm,20260810_130508,True
1262513,0.039,0.0429,0.9126,1262.513,500000,0.007800000000000001,-0.007800000000000001,0.0039000000000000146,0.011700000000000007,tap1,natural,firm,20260810_130508,True
1265014,0.039,0.0507,0.9126,1265.014,500000,0.007800000000000001,0.0,0.0039000000000000146,0.008720665112249188,tap1,natural,firm,20260810_130508,True
1267526,0.0351,0.0507,0.9087,1267.526,500000,0.0039000000000000007,0.0,0.0,0.0039000000000000007,tap1,natural,firm,20260810_130508,True
1270011,0.0312,0.0546,0.9009,1270.011,500000,0.0,0.0039000000000000007,-0.007799999999999918,0.008720665112249107,tap1,natural,firm,20260810_130508,True
1272504,0.0351,0.0507,0.9165,1272.504,500000,0.0039000000000000007,0.0,0.007800000000000029,0.008720665112249207,tap1,natural,firm,20260810_130508,True
1275015,0.0351,0.0507,0.9087,1275.015,500000,0.0039000000000000007,0.0,0.0,0.0039000000000000007,tap1,natural,firm,20260810_130508,True
1277526,0.039,0.0546,0.9087,1277.526,500000,0.007800000000000001,0.0039000000000000007,0.0,0.008720665112249181,tap1,natural,firm,20260810_130508,True
1280012,0.0351,0.0507,0.9087,1280.012,500000,0.0039000000000000007,0.0,0.0,0.0039000000000000007,tap1,natural,firm,20260810_130508,True
1282511,0.0312,0.0507,0.9126,1282.511,500000,0.0,0.0,0.0039000000000000146,0.0039000000000000146,tap1,natural,firm,20260810_130508,True
1285029,0.0312,0.0546,0.9087,1285.029,500000,0.0,0.0039000000000000007,0.0,0.0039000000000000007,tap1,natural,firm,20260810_130508,True
1287516,0.0312,0.0507,0.9165,1287.516,500000,0.0,0.0,0.007800000000000029,0.007800000000000029,tap1,natural,firm,20260810_130508,True
1290016,0.0234,0.0546,0.9126,1290.016,500000,-0.007799999999999998,0.0039000000000000007,0.0039000000000000146,0.0095530099968544,tap1,natural,firm,20260810_130508,True
1292509,0.0312,0.0546,0.9087,1292.509,500000,0.0,0.0039000000000000007,0.0,0.0039000000000000007,tap1,natural,firm,20260810_130508,True
1295011,0.0351,0.0507,0.9204,1295.011,500000,0.0039000000000000007,0.0,0.011700000000000044,0.012332882874656722,tap1,natural,firm,20260810_130508,True
1297517,0.039,0.0507,0.9048,1297.517,500000,0.007800000000000001,0.0,-0.0038999999999999035,0.008720665112249138,tap1,natural,firm,20260810_130508,True
1300003,0.0312,0.0507,0.9126,1300.003,500000,0.0,0.0,0.0039000000000000146,0.0039000000000000146,tap1,natural,firm,20260810_130508,True
1302529,0.0273,0.0468,0.9243,1302.529,500000,-0.0038999999999999972,-0.0039000000000000007,0.015600000000000058,0.016546298679765266,tap1,natural,firm,20260810_130508,True
1305000,0.0273,0.0507,0.9087,1305.0,500000,-0.0038999999999999972,0.0,0.0,0.0038999999999999972,tap1,natural,firm,20260810_130508,True
1307513,0.0234,0.0468,0.9126,1307.513,500000,-0.007799999999999998,-0.0039000000000000007,0.0039000000000000146,0.0095530099968544,tap1,natural,firm,20260810_130508,True
1310002,0.0234,0.0468,0.9126,1310.002,500000,-0.007799999999999998,-0.0039000000000000007,0.0039000000000000146,0.0095530099968544,tap1,natural,firm,20260810_130508,True
1312500,0.0234,0.0585,0.9126,1312.5,500000,-0.007799999999999998,0.007800000000000001,0.0039000000000000146,0.011700000000000004,tap1,natural,firm,20260810_130508,True
1315001,0.0312,0.0507,0.9087,1315.001,500000,0.0,0.0,0.0,0.0,tap1,natural,firm,20260810_130508,True
1317513,0.0312,0.0546,0.9087,1317.513,500000,0.0,0.0039000000000000007,0.0,0.0039000000000000007,tap1,natural,firm,20260810_130508,True
1320001,0.0351,0.0507,0.9126,1320.001,500000,0.0039000000000000007,0.0,0.0039000000000000146,0.005515432893255082,tap1,natural,firm,20260810_130508,True
1322527,0.0351,0.0507,0.9087,1322.527,500000,0.0039000000000000007,0.0,0.0,0.0039000000000000007,tap1,natural,firm,20260810_130508,True
1325027,0.039,0.0546,0.9126,1325.027,500000,0.007800000000000001,0.0039000000000000007,0.0039000000000000146,0.009553009996854402,tap1,natural,firm,20260810_130508,True
1327503,0.0273,0.0546,0.9126,1327.503,500000,-0.0038999999999999972,0.0039000000000000007,0.0039000000000000146,0.006754998149518628,tap1,natural,firm,20260810_130508,True
1330025,0.0312,0.0507,0.897,1330.025,500000,0.0,0.0,-0.011699999999999933,0.011699999999999933,tap1,natural,firm,20260810_130508,True
1332514,0.0273,0.0429,0.9204,1332.514,500000,-0.0038999999999999972,-0.007800000000000001,0.011700000000000044,0.014592463808418407,tap1,natural,firm,20260810_130508,True
1335022,0.0195,0.0429,0.9009,1335.022,500000,-0.011699999999999999,-0.007800000000000001,-0.007799999999999918,0.016080111939908836,tap1,natural,firm,20260810_130508,True
1337503,0.039,0.0585,0.9048,1337.503,500000,0.007800000000000001,0.007800000000000001,-0.0038999999999999035,0.011699999999999969,tap1,natural,firm,20260810_130508,True
1340015,0.0429,0.039,0.9048,1340.015,500000,0.011700000000000002,-0.011700000000000002,-0.0038999999999999035,0.01699970587980861,tap1,natural,firm,20260810_130508,True
1342505,0.0351,0.0546,0.9126,1342.505,500000,0.0039000000000000007,0.0039000000000000007,0.0039000000000000146,0.006754998149518631,tap1,natural,firm,20260810_130508,True
1345003,0.0312,0.0468,0.9087,1345.003,500000,0.0,-0.0039000000000000007,0.0,0.0039000000000000007,tap1,natural,firm,20260810_130508,True
1347510,0.0351,0.0429,0.9087,1347.51,500000,0.0039000000000000007,-0.007800000000000001,0.0,0.008720665112249181,tap1,natural,firm,20260810_130508,True
1350001,0.0273,0.0507,0.9087,1350.001,500000,-0.0038999999999999972,0.0,0.0,0.0038999999999999972,tap1,natural,firm,20260810_130508,True
1352502,0.0234,0.0546,0.9048,1352.502,500000,-0.007799999999999998,0.0039000000000000007,-0.0038999999999999035,0.009553009996854354,tap1,natural,firm,20260810_130508,True
1355012,0.0273,0.0507,0.9087,1355.012,500000,-0.0038999999999999972,0.0,0.0,0.0038999999999999972,tap1,natural,firm,20260810_130508,True
1357519,0.0273,0.0546,0.9126,1357.519,500000,-0.0038999999999999972,0.0039000000000000007,0.0039000000000000146,0.006754998149518628,tap1,natural,firm,20260810_130508,True
1360015,0.0273,0.0468,0.9126,1360.015,500000,-0.0038999999999999972,-0.0039000000000000007,0.0039000000000000146,0.006754998149518628,tap1,natural,firm,20260810_130508,True
1362508,0.0312,0.0507,0.9165,1362.508,500000,0.0,0.0,0.007800000000000029,0.007800000000000029,tap1,natural,firm,20260810_130508,True
1365012,0.0312,0.0546,0.9126,1365.012,500000,0.0,0.0039000000000000007,0.0039000000000000146,0.005515432893255082,tap1,natural,firm,20260810_130508,True
1367522,0.0273,0.0468,0.9048,1367.522,500000,-0.0038999999999999972,-0.0039000000000000007,-0.0038999999999999035,0.006754998149518564,tap1,natural,firm,20260810_130508,True
1370004,0.0312,0.0468,0.9087,1370.004,500000,0.0,-0.0039000000000000007,0.0,0.0039000000000000007,tap1,natural,firm,20260810_130508,True
1372500,0.0312,0.0429,0.9009,1372.5,500000,0.0,-0.007800000000000001,-0.007799999999999918,0.011030865786510084,tap1,natural,firm,20260810_130508,True
1375010,0.0351,0.0546,0.9087,1375.01,500000,0.0039000000000000007,0.0039000000000000007,0.0,0.005515432893255071,tap1,natural,firm,20260810_130508,True
1377517,0.0351,0.0507,0.9087,1377.517,500000,0.0039000000000000007,0.0,0.0,0.0039000000000000007,tap1,natural,firm,20260810_130508,True
1380029,0.039,0.0468,0.9087,1380.029,500000,0.007800000000000001,-0.0039000000000000007,0.0,0.008720665112249181,tap1,natural,firm,20260810_130508,True
1382527,0.0312,0.0507,0.9087,1382.527,500000,0.0,0.0,0.0,0.0,tap1,natural,firm,20260810_130508,True
1385000,0.0234,0.0546,0.9126,1385.0,500000,-0.007799999999999998,0.0039000000000000007,0.0039000000000000146,0.0095530099968544,tap1,natural,firm,20260810_130508,True
1387514,0.0351,0.0546,0.9087,1387.514,500000,0.0039000000000000007,0.0039000000000000007,0.0,0.005515432893255071,tap1,natural,firm,20260810_130508,True
1390007,0.0351,0.0468,0.9087,1390.007,500000,0.0039000000000000007,-0.0039000000000000007,0.0,0.005515432893255071,tap1,natural,firm,20260810_130508,True
1392502,0.0351,0.0507,0.9126,1392.502,500000,0.0039000000000000007,0.0,0.0039000000000000146,0.005515432893255082,tap1,natural,firm,20260810_130508,True
1395000,0.0351,0.0468,0.9126,1395.0,500000,0.0039000000000000007,-0.0039000000000000007,0.0039000000000000146,0.006754998149518631,tap1,natural,firm,20260810_130508,True
1397511,0.0351,0.0546,0.9165,1397.511,500000,0.0039000000000000007,0.0039000000000000007,0.007800000000000029,0.00955300999685442,tap1,natural,firm,20260810_130508,True
1400029,0.0273,0.0507,0.9087,1400.029,500000,-0.0038999999999999972,0.0,0.0,0.0038999999999999972,tap1,natural,firm,20260810_130508,True
1402524,0.0312,0.0546,0.9126,1402.524,500000,0.0,0.0039000000000000007,0.0039000000000000146,0.005515432893255082,tap1,natural,firm,20260810_130508,True
1405026,0.0273,0.0546,0.9048,1405.026,500000,-0.0038999999999999972,0.0039000000000000007,-0.0038999999999999035,0.006754998149518564,tap1,natural,firm,20260810_130508,True
1407506,0.0312,0.0546,0.9048,1407.506,500000,0.0,0.0039000000000000007,-0.0038999999999999035,0.005515432893255003,tap1,natural,firm,20260810_130508,True
1410027,0.039,0.0507,0.9048,1410.027,500000,0.007800000000000001,0.0,-0.0038999999999999035,0.008720665112249138,tap1,natural,firm,20260810_130508,True
1412523,0.039,0.0546,0.9126,1412.523,500000,0.007800000000000001,0.0039000000000000007,0.0039000000000000146,0.009553009996854402,tap1,natural,firm,20260810_130508,True
1415025,0.0312,0.0546,0.9087,1415.025,500000,0.0,0.0039000000000000007,0.0,0.0039000000000000007,tap1,natural,firm,20260810_130508,True
1417523,0.0312,0.0546,0.9087,1417.523,500000,0.0,0.0039000000000000007,0.0,0.0039000000000000007,tap1,natural,firm,20260810_130508,True
1420021,0.0312,0.0546,0.9204,1420.021,500000,0.0,0.0039000000000000007,0.011700000000000044,0.012332882874656722,tap1,natural,firm,20260810_130508,True
1422510,0.039,0.0468,0.9126,1422.51,500000,0.007800000000000001,-0.0039000000000000007,0.0039000000000000146,0.009553009996854402,tap1,natural,firm,20260810_130508,True
1425013,0.0273,0.0546,0.9048,1425.013,500000,-0.0038999999999999972,0.0039000000000000007,-0.0038999999999999035,0.006754998149518564,tap1,natural,firm,20260810_130508,True
1427527,0.0468,0.0624,0.9126,1427.527,500000,0.015600000000000003,0.011699999999999995,0.0039000000000000146,0.01988617610301186,tap1,natural,firm,20260810_130508,True
1430015,0.0351,0.0468,0.9126,1430.015,500000,0.0039000000000000007,-0.0039000000000000007,0.0039000000000000146,0.006754998149518631,tap1,natural,firm,20260810_130508,True
1432505,0.0273,0.0663,0.9126,1432.505,500000,-0.0038999999999999972,0.015599999999999996,0.0039000000000000146,0.01654629867976521,tap1,natural,firm,20260810_130508,True
1435002,0.0312,0.0507,0.897,1435.002,500000,0.0,0.0,-0.011699999999999933,0.011699999999999933,tap1,natural,firm,20260810_130508,True
1437501,0.0273,0.0507,0.9126,1437.501,500000,-0.0038999999999999972,0.0,0.0039000000000000146,0.005515432893255079,tap1,natural,firm,20260810_130508,True
1440019,0.0351,0.0507,0.9087,1440.019,500000,0.0039000000000000007,0.0,0.0,0.0039000000000000007,tap1,natural,firm,20260810_130508,True
1442518,0.0351,0.0429,0.9165,1442.518,500000,0.0039000000000000007,-0.007800000000000001,0.007800000000000029,0.011700000000000021,tap1,natural,firm,20260810_130508,True
1445022,0.0351,0.0585,0.9087,1445.022,500000,0.0039000000000000007,0.007800000000000001,0.0,0.008720665112249181,tap1,natural,firm,20260810_130508,True
1447504,0.0351,0.0468,0.9087,1447.504,500000,0.0039000000000000007,-0.0039000000000000007,0.0,0.005515432893255071,tap1,natural,firm,20260810_130508,True
1450022,0.0273,0.0507,0.9087,1450.022,500000,-0.0038999999999999972,0.0,0.0,0.0038999999999999972,tap1,natural,firm,20260810_130508,True
1452518,0.0234,0.0585,0.9087,1452.518,500000,-0.007799999999999998,0.007800000000000001,0.0,0.01103086578651014,tap1,natural,firm,20260810_130508,True
1455018,0.0273,0.0546,0.9126,1455.018,500000,-0.0038999999999999972,0.0039000000000000007,0.0039000000000000146,0.006754998149518628,tap1,natural,firm,20260810_130508,True
1457526,0.039,0.0468,0.9087,1457.526,500000,0.007800000000000001,-0.0039000000000000007,0.0,0.008720665112249181,tap1,natural,firm,20260810_130508,True
1460020,0.0351,0.0429,0.9009,1460.02,500000,0.0039000000000000007,-0.007800000000000001,-0.007799999999999918,0.011699999999999947,tap1,natural,firm,20260810_130508,True
1462511,0.0312,0.0546,0.9126,1462.511,500000,0.0,0.0039000000000000007,0.0039000000000000146,0.005515432893255082,tap1,natural,firm,20260810_130508,True
1465008,0.0273,0.0546,0.9126,1465.008,500000,-0.0038999999999999972,0.0039000000000000007,0.0039000000000000146,0.006754998149518628,tap1,natural,firm,20260810_130508,True
1467515,0.0234,0.0585,0.897,1467.515,500000,-0.007799999999999998,0.007800000000000001,-0.011699999999999933,0.01608011193990883,tap1,natural,firm,20260810_130508,True
1470006,0.0312,0.0585,0.9087,1470.006,500000,0.0,0.007800000000000001,0.0,0.007800000000000001,tap1,natural,firm,20260810_130508,True
1472505,0.0273,0.0585,0.9087,1472.505,500000,-0.0038999999999999972,0.007800000000000001,0.0,0.00872066511224918,tap1,natural,firm,20260810_130508,True
1475016,0.0273,0.0546,0.9009,1475.016,500000,-0.0038999999999999972,0.0039000000000000007,-0.007799999999999918,0.009553009996854326,tap1,natural,firm,20260810_130508,True
1477524,0.0351,0.0468,0.9126,1477.524,500000,0.0039000000000000007,-0.0039000000000000007,0.0039000000000000146,0.006754998149518631,tap1,natural,firm,20260810_130508,True
1480005,0.0312,0.0546,0.9087,1480.005,500000,0.0,0.0039000000000000007,0.0,0.0039000000000000007,tap1,natural,firm,20260810_130508,True
1482523,0.0312,0.0468,0.9165,1482.523,500000,0.0,-0.0039000000000000007,0.007800000000000029,0.008720665112249207,tap1,natural,firm,20260810_130508,True
1485011,0.0351,0.0546,0.9126,1485.011,500000,0.0039000000000000007,0.0039000000000000007,0.0039000000000000146,0.006754998149518631,tap1,natural,firm,20260810_130508,True
1487526,0.0351,0.0546,0.9087,1487.526,500000,0.0039000000000000007,0.0039000000000000007,0.0,0.005515432893255071,tap1,natural,firm,20260810_130508,True
1490026,0.039,0.0507,0.9126,1490.026,500000,0.007800000000000001,0.0,0.0039000000000000146,0.008720665112249188,tap1,natural,firm,20260810_130508,True
1492519,0.0312,0.0507,0.9048,1492.519,500000,0.0,0.0,-0.0038999999999999035,0.0038999999999999035,tap1,natural,firm,20260810_130508,True
1495019,0.0312,0.0468,0.9243,1495.019,500000,0.0,-0.0039000000000000007,0.015600000000000058,0.016080111939908933,tap1,natural,firm,20260810_130508,True
1497503,0.0312,0.0468,0.9126,1497.503,500000,0.0,-0.0039000000000000007,0.0039000000000000146,0.005515432893255082,tap1,natural,firm,20260810_130508,True
1500024,0.0312,0.0507,0.9126,1500.024,500000,0.0,0.0,0.0039000000000000146,0.0039000000000000146,tap1,natural,firm,20260810_130508,True
1502520,0.0312,0.0546,0.9048,1502.52,500000,0.0,0.0039000000000000007,-0.0038999999999999035,0.005515432893255003,tap1,natural,firm,20260810_130508,True
1505015,0.0273,0.0507,0.9087,1505.015,500000,-0.0038999999999999972,0.0,0.0,0.0038999999999999972,tap1,natural,firm,20260810_130508,True
1507525,0.0312,0.0585,0.9165,1507.525,500000,0.0,0.007800000000000001,0.007800000000000029,0.011030865786510163,tap1,natural,firm,20260810_130508,True
1510018,0.039,0.0507,0.9087,1510.018,500000,0.007800000000000001,0.0,0.0,0.007800000000000001,tap1,natural,firm,20260810_130508,True
1512515,0.0312,0.0585,0.9126,1512.515,500000,0.0,0.007800000000000001,0.0039000000000000146,0.008720665112249188,tap1,natural,firm,20260810_130508,True
1515019,0.039,0.0468,0.9087,1515.019,500000,0.007800000000000001,-0.0039000000000000007,0.0,0.008720665112249181,tap1,natural,firm,20260810_130508,True
1517525,0.0273,0.0468,0.9126,1517.525,500000,-0.0038999999999999972,-0.0039000000000000007,0.0039000000000000146,0.006754998149518628,tap1,natural,firm,20260810_130508,True
1520011,0.0351,0.0507,0.9126,1520.011,500000,0.0039000000000000007,0.0,0.0039000000000000146,0.005515432893255082,tap1,natural,firm,20260810_130508,True
1522507,0.0351,0.0507,0.9126,1522.507,500000,0.0039000000000000007,0.0,0.0039000000000000146,0.005515432893255082,tap1,natural,firm,20260810_130508,True
1525003,0.0351,0.0468,0.9165,1525.003,500000,0.0039000000000000007,-0.0039000000000000007,0.007800000000000029,0.00955300999685442,tap1,natural,firm,20260810_130508,True
1527514,0.0351,0.0546,0.9204,1527.514,500000,0.0039000000000000007,0.0039000000000000007,0.011700000000000044,0.012934836682386099,tap1,natural,firm,20260810_130508,True
1530001,0.0312,0.0585,0.9126,1530.001,500000,0.0,0.007800000000000001,0.0039000000000000146,0.008720665112249188,tap1,natural,firm,20260810_130508,True
1532523,0.0273,0.0546,0.9048,1532.523,500000,-0.0038999999999999972,0.0039000000000000007,-0.0038999999999999035,0.006754998149518564,tap1,natural,firm,20260810_130508,True
1535027,0.0312,0.0507,0.9087,1535.027,500000,0.0,0.0,0.0,0.0,tap1,natural,firm,20260810_130508,True
1537527,0.0351,0.039,0.9126,1537.527,500000,0.0039000000000000007,-0.011700000000000002,0.0039000000000000146,0.012934836682386066,tap1,natural,firm,20260810_130508,True
1540029,0.0351,0.0507,0.9204,1540.029,500000,0.0039000000000000007,0.0,0.011700000000000044,0.012332882874656722,tap1,natural,firm,20260810_130508,True
1542522,0.0312,0.0507,0.9126,1542.522,500000,0.0,0.0,0.0039000000000000146,0.0039000000000000146,tap1,natural,firm,20260810_130508,True
1545018,0.039,0.0507,0.9126,1545.018,500000,0.007800000000000001,0.0,0.0039000000000000146,0.008720665112249188,tap1,natural,firm,20260810_130508,True
1547517,0.0312,0.0507,0.9009,1547.517,500000,0.0,0.0,-0.007799999999999918,0.007799999999999918,tap1,natural,firm,20260810_130508,True
1550010,0.0273,0.0546,0.9087,1550.01,500000,-0.0038999999999999972,0.0039000000000000007,0.0,0.0055154328932550695,tap1,natural,firm,20260810_130508,True
1552503,0.0351,0.0429,0.9165,1552.503,500000,0.0039000000000000007,-0.007800000000000001,0.007800000000000029,0.011700000000000021,tap1,natural,firm,20260810_130508,True
1555006,0.0429,0.0468,0.9009,1555.006,500000,0.011700000000000002,-0.0039000000000000007,-0.007799999999999918,0.01459246380841833,tap1,natural,firm,20260810_130508,True
1557512,0.0273,0.0546,0.9087,1557.512,500000,-0.0038999999999999972,0.0039000000000000007,0.0,0.0055154328932550695,tap1,natural,firm,20260810_130508,True
1560030,0.0351,0.0585,0.9087,1560.03,500000,0.0039000000000000007,0.007800000000000001,0.0,0.008720665112249181,tap1,natural,firm,20260810_130508,True
1562526,0.0351,0.0507,0.9048,1562.526,500000,0.0039000000000000007,0.0,-0.0038999999999999035,0.005515432893255003,tap1,natural,firm,20260810_130508,True
1565028,0.0351,0.0507,0.9126,1565.028,500000,0.0039000000000000007,0.0,0.0039000000000000146,0.005515432893255082,tap1,natural,firm,20260810_130508,True
1567512,0.0351,0.0468,0.9048,1567.512,500000,0.0039000000000000007,-0.0039000000000000007,-0.0038999999999999035,0.006754998149518567,tap1,natural,firm,20260810_130508,True
1570024,0.0351,0.0546,0.9009,1570.024,500000,0.0039000000000000007,0.0039000000000000007,-0.007799999999999918,0.009553009996854328,tap1,natural,firm,20260810_130508,True
1572521,0.0351,0.0468,0.9126,1572.521,500000,0.0039000000000000007,-0.0039000000000000007,0.0039000000000000146,0.006754998149518631,tap1,natural,firm,20260810_130508,True
1575027,0.0351,0.0507,0.9165,1575.027,500000,0.0039000000000000007,0.0,0.007800000000000029,0.008720665112249207,tap1,natural,firm,20260810_130508,True
1577505,0.0273,0.0546,0.9087,1577.505,500000,-0.0038999999999999972,0.0039000000000000007,0.0,0.0055154328932550695,tap1,natural,firm,20260810_130508,True
1580014,0.0312,0.0546,0.9009,1580.014,500000,0.0,0.0039000000000000007,-0.007799999999999918,0.008720665112249107,tap1,natural,firm,20260810_130508,True
1582513,0.039,0.0585,0.9009,1582.513,500000,0.007800000000000001,0.007800000000000001,-0.007799999999999918,0.013509996299037198,tap1,natural,firm,20260810_130508,True
1585014,0.0312,0.0507,0.9126,1585.014,500000,0.0,0.0,0.0039000000000000146,0.0039000000000000146,tap1,natural,firm,20260810_130508,True
1587526,0.0312,0.0546,0.897,1587.526,500000,0.0,0.0039000000000000007,-0.011699999999999933,0.012332882874656616,tap1,natural,firm,20260810_130508,True
1590014,0.039,0.0468,0.9204,1590.014,500000,0.007800000000000001,-0.0039000000000000007,0.011700000000000044,0.014592463808418409,tap1,natural,firm,20260810_130508,True
1592513,0.0351,0.0546,0.9126,1592.513,500000,0.0039000000000000007,0.0039000000000000007,0.0039000000000000146,0.006754998149518631,tap1,natural,firm,20260810_130508,True
1595011,0.039,0.0507,0.9087,1595.011,500000,0.007800000000000001,0.0,0.0,0.007800000000000001,tap1,natural,firm,20260810_130508,True
1597519,0.039,0.0546,0.9126,1597.519,500000,0.007800000000000001,0.0039000000000000007,0.0039000000000000146,0.009553009996854402,tap1,natural,firm,20260810_130508,True
1600029,0.039,0.0468,0.9126,1600.029,500000,0.007800000000000001,-0.0039000000000000007,0.0039000000000000146,0.009553009996854402,tap1,natural,firm,20260810_130508,True
1602525,0.039,0.0546,0.9087,1602.525,500000,0.007800000000000001,0.0039000000000000007,0.0,0.008720665112249181,tap1,natural,firm,20260810_130508,True
1605023,0.0351,0.0585,0.9087,1605.023,500000,0.0039000000000000007,0.007800000000000001,0.0,0.008720665112249181,tap1,natural,firm,20260810_130508,True
1607504,0.0234,0.0507,0.9087,1607.504,500000,-0.007799999999999998,0.0,0.0,0.007799999999999998,tap1,natural,firm,20260810_130508,True
1610027,0.0312,0.0507,0.9204,1610.027,500000,0.0,0.0,0.011700000000000044,0.011700000000000044,tap1,natural,firm,20260810_130508,True
1612502,0.0312,0.0546,0.9126,1612.502,500000,0.0,0.0039000000000000007,0.0039000000000000146,0.005515432893255082,tap1,natural,firm,20260810_130508,True
1615003,0.039,0.0546,0.9087,1615.003,500000,0.007800000000000001,0.0039000000000000007,0.0,0.008720665112249181,tap1,natural,firm,20260810_130508,True
1617511,0.0312,0.0507,0.9048,1617.511,500000,0.0,0.0,-0.0038999999999999035,0.0038999999999999035,tap1,natural,firm,20260810_130508,True
1620003,0.0273,0.0546,0.9048,1620.003,500000,-0.0038999999999999972,0.0039000000000000007,-0.0038999999999999035,0.006754998149518564,tap1,natural,firm,20260810_130508,True
1622503,0.0312,0.0546,0.9126,1622.503,500000,0.0,0.0039000000000000007,0.0039000000000000146,0.005515432893255082,tap1,natural,firm,20260810_130508,True
1625002,0.0351,0.0507,0.9048,1625.002,500000,0.0039000000000000007,0.0,-0.0038999999999999035,0.005515432893255003,tap1,natural,firm,20260810_130508,True
1627510,0.0312,0.0507,0.9087,1627.51,500000,0.0,0.0,0.0,0.0,tap1,natural,firm,20260810_130508,True
1630028,0.0312,0.0507,0.9087,1630.028,500000,0.0,0.0,0.0,0.0,tap1,natural,firm,20260810_130508,True
1632527,0.0429,0.0585,0.9087,1632.527,500000,0.011700000000000002,0.007800000000000001,0.0,0.01406164997430956,tap1,natural,firm,20260810_130508,True
1635026,0.0312,0.0507,0.9048,1635.026,500000,0.0,0.0,-0.0038999999999999035,0.0038999999999999035,tap1,natural,firm,20260810_130508,True
1637508,0.0351,0.0507,0.9126,1637.508,500000,0.0039000000000000007,0.0,0.0039000000000000146,0.005515432893255082,tap1,natural,firm,20260810_130508,True
1640016,0.0312,0.0507,0.9126,1640.016,500000,0.0,0.0,0.0039000000000000146,0.0039000000000000146,tap1,natural,firm,20260810_130508,True
1642525,0.0312,0.0507,0.9087,1642.525,500000,0.0,0.0,0.0,0.0,tap1,natural,firm,20260810_130508,True
1645030,0.0312,0.0546,0.9165,1645.03,500000,0.0,0.0039000000000000007,0.007800000000000029,0.008720665112249207,tap1,natural,firm,20260810_130508,True
1647513,0.0312,0.0546,0.8931,1647.513,500000,0.0,0.0039000000000000007,-0.015599999999999947,0.016080111939908825,tap1,natural,firm,20260810_130508,True
1650009,0.0351,0.0468,0.9282,1650.009,500000,0.0039000000000000007,-0.0039000000000000007,0.019500000000000073,0.020264994448555933,tap1,natural,firm,20260810_130508,True
1652505,0.0234,0.0585,0.9009,1652.505,500000,-0.007799999999999998,0.007800000000000001,-0.007799999999999918,0.013509996299037196,tap1,natural,firm,20260810_130508,True
1655011,0.039,0.0585,0.9009,1655.011,500000,0.007800000000000001,0.007800000000000001,-0.007799999999999918,0.013509996299037198,tap1,natural,firm,20260810_130508,True
1657526,0.0351,0.0624,0.9126,1657.526,500000,0.0039000000000000007,0.011699999999999995,0.0039000000000000146,0.01293483668238606,tap1,natural,firm,20260810_130508,True
1660018,0.0312,0.0546,0.9204,1660.018,500000,0.0,0.0039000000000000007,0.011700000000000044,0.012332882874656722,tap1,natural,firm,20260810_130508,True
1662514,0.0312,0.0585,0.9087,1662.514,500000,0.0,0.007800000000000001,0.0,0.007800000000000001,tap1,natural,firm,20260810_130508,True
1665018,0.0273,0.0507,0.9243,1665.018,500000,-0.0038999999999999972,0.0,0.015600000000000058,0.016080111939908933,tap1,natural,firm,20260810_130508,True
1667526,0.0312,0.0546,0.9087,1667.526,500000,0.0,0.0039000000000000007,0.0,0.0039000000000000007,tap1,natural,firm,20260810_130508,True
1670006,0.0351,0.0468,0.9087,1670.006,500000,0.0039000000000000007,-0.0039000000000000007,0.0,0.005515432893255071,tap1,natural,firm,20260810_130508,True
1672501,0.0312,0.0546,0.9165,1672.501,500000,0.0,0.0039000000000000007,0.007800000000000029,0.008720665112249207,tap1,natural,firm,20260810_130508,True
1675004,0.0312,0.0546,0.9087,1675.004,500000,0.0,0.0039000000000000007,0.0,0.0039000000000000007,tap1,natural,firm,20260810_130508,True
1677513,0.0351,0.0546,0.9243,1677.513,500000,0.0039000000000000007,0.0039000000000000007,0.015600000000000058,0.01654629867976527,tap1,natural,firm,20260810_130508,True
1680021,0.0273,0.0507,0.9165,1680.021,500000,-0.0038999999999999972,0.0,0.007800000000000029,0.008720665112249205,tap1,natural,firm,20260810_130508,True
1682522,0.039,0.0468,0.9087,1682.522,500000,0.007800000000000001,-0.0039000000000000007,0.0,0.008720665112249181,tap1,natural,firm,20260810_130508,True
1685000,0.0312,0.0546,0.9087,1685.0,500000,0.0,0.0039000000000000007,0.0,0.0039000000000000007,tap1,natural,firm,20260810_130508,True
1687511,0.0351,0.0507,0.9087,1687.511,500000,0.0039000000000000007,0.0,0.0,0.0039000000000000007,tap1,natural,firm,20260810_130508,True
1690002,0.0312,0.0546,0.9048,1690.002,500000,0.0,0.0039000000000000007,-0.0038999999999999035,0.005515432893255003,tap1,natural,firm,20260810_130508,True
1692530,0.0273,0.0585,0.9126,1692.53,500000,-0.0038999999999999972,0.007800000000000001,0.0039000000000000146,0.0095530099968544,tap1,natural,firm,20260810_130508,True
1695027,0.0312,0.0507,0.9126,1695.027,500000,0.0,0.0,0.0039000000000000146,0.0039000000000000146,tap1,natural,firm,20260810_130508,True
1697508,0.0351,0.0507,0.9087,1697.508,500000,0.0039000000000000007,0.0,0.0,0.0039000000000000007,tap1,natural,firm,20260810_130508,True
1700027,0.0351,0.0546,0.9087,1700.027,500000,0.0039000000000000007,0.0039000000000000007,0.0,0.005515432893255071,tap1,natural,firm,20260810_130508,True
1702524,0.0312,0.0546,0.9087,1702.524,500000,0.0,0.0039000000000000007,0.0,0.0039000000000000007,tap1,natural,firm,20260810_130508,True
1705027,0.0312,0.0546,0.9087,1705.027,500000,0.0,0.0039000000000000007,0.0,0.0039000000000000007,tap1,natural,firm,20260810_130508,True
1707503,0.0351,0.0507,0.9126,1707.503,500000,0.0039000000000000007,0.0,0.0039000000000000146,0.005515432893255082,tap1,natural,firm,20260810_130508,True
1710021,0.0351,0.0546,0.9087,1710.021,500000,0.0039000000000000007,0.0039000000000000007,0.0,0.005515432893255071,tap1,natural,firm,20260810_130508,True
1712520,0.0273,0.0624,0.9048,1712.52,500000,-0.0038999999999999972,0.011699999999999995,-0.0038999999999999035,0.012934836682386026,tap1,natural,firm,20260810_130508,True
1715018,0.0351,0.0546,0.9126,1715.018,500000,0.0039000000000000007,0.0039000000000000007,0.0039000000000000146,0.006754998149518631,tap1,natural,firm,20260810_130508,True
1717500,0.0273,0.0546,0.9126,1717.5,500000,-0.0038999999999999972,0.0039000000000000007,0.0039000000000000146,0.006754998149518628,tap1,natural,firm,20260810_130508,True
1720019,0.039,0.0468,0.9126,1720.019,500000,0.007800000000000001,-0.0039000000000000007,0.0039000000000000146,0.009553009996854402,tap1,natural,firm,20260810_130508,True
1722516,0.0351,0.0429,0.9126,1722.516,500000,0.0039000000000000007,-0.007800000000000001,0.0039000000000000146,0.009553009996854402,tap1,natural,firm,20260810_130508,True
1725019,0.0312,0.0546,0.9126,1725.019,500000,0.0,0.0039000000000000007,0.0039000000000000146,0.005515432893255082,tap1,natural,firm,20260810_130508,True
1727503,0.0351,0.0507,0.9087,1727.503,500000,0.0039000000000000007,0.0,0.0,0.0039000000000000007,tap1,natural,firm,20260810_130508,True
1730027,0.0312,0.0468,0.9087,1730.027,500000,0.0,-0.0039000000000000007,0.0,0.0039000000000000007,tap1,natural,firm,20260810_130508,True
1732521,0.0429,0.0507,0.9087,1732.521,500000,0.011700000000000002,0.0,0.0,0.011700000000000002,tap1,natural,firm,20260810_130508,True
1735029,0.0351,0.0546,0.9087,1735.029,500000,0.0039000000000000007,0.0039000000000000007,0.0,0.005515432893255071,tap1,natural,firm,20260810_130508,True
1737513,0.0351,0.0546,0.9087,1737.513,500000,0.0039000000000000007,0.0039000000000000007,0.0,0.005515432893255071,tap1,natural,firm,20260810_130508,True
1740000,0.0312,0.0468,0.9048,1740.0,500000,0.0,-0.0039000000000000007,-0.0038999999999999035,0.005515432893255003,tap1,natural,firm,20260810_130508,True
1742510,0.0312,0.0468,0.9048,1742.51,500000,0.0,-0.0039000000000000007,-0.0038999999999999035,0.005515432893255003,tap1,natural,firm,20260810_130508,True
1745010,0.0234,0.0507,0.9087,1745.01,500000,-0.007799999999999998,0.0,0.0,0.007799999999999998,tap1,natural,firm,20260810_130508,True
1747530,0.0351,0.0546,0.9126,1747.53,500000,0.0039000000000000007,0.0039000000000000007,0.0039000000000000146,0.006754998149518631,tap1,natural,firm,20260810_130508,True
1750018,0.0351,0.0546,0.9126,1750.018,500000,0.0039000000000000007,0.0039000000000000007,0.0039000000000000146,0.006754998149518631,tap1,natural,firm,20260810_130508,True
1752517,0.0312,0.0507,0.9243,1752.517,500000,0.0,0.0,0.015600000000000058,0.015600000000000058,tap1,natural,firm,20260810_130508,True
1755021,0.039,0.0585,0.9165,1755.021,500000,0.007800000000000001,0.007800000000000001,0.007800000000000029,0.013509996299037262,tap1,natural,firm,20260810_130508,True
1757503,0.0351,0.0507,0.9087,1757.503,500000,0.0039000000000000007,0.0,0.0,0.0039000000000000007,tap1,natural,firm,20260810_130508,True
1760023,0.0429,0.0468,0.9048,1760.023,500000,0.011700000000000002,-0.0039000000000000007,-0.0038999999999999035,0.012934836682386033,tap1,natural,firm,20260810_130508,True
1762520,0.039,0.0585,0.9126,1762.52,500000,0.007800000000000001,0.007800000000000001,0.0039000000000000146,0.011700000000000007,tap1,natural,firm,20260810_130508,True
1765017,0.0351,0.0507,0.9126,1765.017,500000,0.0039000000000000007,0.0,0.0039000000000000146,0.005515432893255082,tap1,natural,firm,20260810_130508,True
1767530,0.0273,0.0546,0.9087,1767.53,500000,-0.0038999999999999972,0.0039000000000000007,0.0,0.0055154328932550695,tap1,natural,firm,20260810_130508,True
1770007,0.0312,0.0546,0.9009,1770.007,500000,0.0,0.0039000000000000007,-0.007799999999999918,0.008720665112249107,tap1,natural,firm,20260810_130508,True
1772505,0.0273,0.0585,0.9087,1772.505,500000,-0.0038999999999999972,0.007800000000000001,0.0,0.00872066511224918,tap1,natural,firm,20260810_130508,True
1775012,0.0312,0.0546,0.9087,1775.012,500000,0.0,0.0039000000000000007,0.0,0.0039000000000000007,tap1,natural,firm,20260810_130508,True
1777521,0.0312,0.0507,0.9126,1777.521,500000,0.0,0.0,0.0039000000000000146,0.0039000000000000146,tap1,natural,firm,20260810_130508,True
1780028,0.0312,0.0546,0.9165,1780.028,500000,0.0,0.0039000000000000007,0.007800000000000029,0.008720665112249207,tap1,natural,firm,20260810_130508,True
1782530,0.0312,0.0546,0.9087,1782.53,500000,0.0,0.0039000000000000007,0.0,0.0039000000000000007,tap1,natural,firm,20260810_130508,True
1785003,0.0312,0.0507,0.9048,1785.003,500000,0.0,0.0,-0.0038999999999999035,0.0038999999999999035,tap1,natural,firm,20260810_130508,True
1787512,0.0351,0.0546,0.9126,1787.512,500000,0.0039000000000000007,0.0039000000000000007,0.0039000000000000146,0.006754998149518631,tap1,natural,firm,20260810_130508,True
1790004,0.0351,0.0468,0.9048,1790.004,500000,0.0039000000000000007,-0.0039000000000000007,-0.0038999999999999035,0.006754998149518567,tap1,natural,firm,20260810_130508,True
1792505,0.0351,0.0468,0.897,1792.505,500000,0.0039000000000000007,-0.0039000000000000007,-0.011699999999999933,0.012934836682385998,tap1,natural,firm,20260810_130508,True
1795002,0.0429,0.0546,0.9087,1795.002,500000,0.011700000000000002,0.0039000000000000007,0.0,0.012332882874656682,tap1,natural,firm,20260810_130508,True
1797517,0.0351,0.0468,0.9165,1797.517,500000,0.0039000000000000007,-0.0039000000000000007,0.007800000000000029,0.00955300999685442,tap1,natural,firm,20260810_130508,True
1800000,0.0234,0.0585,0.9087,1800.0,500000,-0.007799999999999998,0.007800000000000001,0.0,0.01103086578651014,tap1,natural,firm,20260810_130508,True
1802525,0.0312,0.0507,0.9126,1802.525,500000,0.0,0.0,0.0039000000000000146,0.0039000000000000146,tap1,natural,firm,20260810_130508,True
1805029,0.0351,0.0546,0.9126,1805.029,500000,0.0039000000000000007,0.0039000000000000007,0.0039000000000000146,0.006754998149518631,tap1,natural,firm,20260810_130508,True
1807503,0.0273,0.0585,0.9087,1807.503,500000,-0.0038999999999999972,0.007800000000000001,0.0,0.00872066511224918,tap1,natural,firm,20260810_130508,True
1810005,0.0312,0.0429,0.9048,1810.005,500000,0.0,-0.007800000000000001,-0.0038999999999999035,0.008720665112249138,tap1,natural,firm,20260810_130508,True
1812507,0.0312,0.0507,0.9126,1812.507,500000,0.0,0.0,0.0039000000000000146,0.0039000000000000146,tap1,natural,firm,20260810_130508,True
1815009,0.0312,0.0507,0.9087,1815.009,500000,0.0,0.0,0.0,0.0,tap1,natural,firm,20260810_130508,True
1817515,0.0351,0.0507,0.9204,1817.515,500000,0.0039000000000000007,0.0,0.011700000000000044,0.012332882874656722,tap1,natural,firm,20260810_130508,True
1820001,0.0351,0.0468,0.9165,1820.001,500000,0.0039000000000000007,-0.0039000000000000007,0.007800000000000029,0.00955300999685442,tap1,natural,firm,20260810_130508,True
1822500,0.039,0.0546,0.9204,1822.5,500000,0.007800000000000001,0.0039000000000000007,0.011700000000000044,0.014592463808418409,tap1,natural,firm,20260810_130508,True
1825004,0.0312,0.0507,0.9048,1825.004,500000,0.0,0.0,-0.0038999999999999035,0.0038999999999999035,tap1,natural,firm,20260810_130508,True
1827511,0.0273,0.0507,0.9048,1827.511,500000,-0.0038999999999999972,0.0,-0.0038999999999999035,0.005515432893255,tap1,natural,firm,20260810_130508,True
1830026,0.0312,0.0468,0.9048,1830.026,500000,0.0,-0.0039000000000000007,-0.0038999999999999035,0.005515432893255003,tap1,natural,firm,20260810_130508,True
1832524,0.039,0.0468,0.9087,1832.524,500000,0.007800000000000001,-0.0039000000000000007,0.0,0.008720665112249181,tap1,natural,firm,20260810_130508,True
1835025,0.0351,0.0507,0.9243,1835.025,500000,0.0039000000000000007,0.0,0.015600000000000058,0.016080111939908933,tap1,natural,firm,20260810_130508,True
1837503,0.0351,0.0468,0.9126,1837.503,500000,0.0039000000000000007,-0.0039000000000000007,0.0039000000000000146,0.006754998149518631,tap1,natural,firm,20260810_130508,True
1840019,0.0312,0.0468,0.9087,1840.019,500000,0.0,-0.0039000000000000007,0.0,0.0039000000000000007,tap1,natural,firm,20260810_130508,True
1842971,0.0234,0.0507,0.9048,1842.971,500000,-0.007799999999999998,0.0,-0.0038999999999999035,0.008720665112249134,tap1,natural,firm,20260810_130508,True
1845013,0.0234,0.0507,0.9048,1845.013,500000,-0.007799999999999998,0.0,-0.0038999999999999035,0.008720665112249134,tap1,natural,firm,20260810_130508,True
1847530,0.0312,0.0546,0.9243,1847.53,500000,0.0,0.0039000000000000007,0.015600000000000058,0.016080111939908933,tap1,natural,firm,20260810_130508,True
1850015,0.0429,0.0468,0.9165,1850.015,500000,0.011700000000000002,-0.0039000000000000007,0.007800000000000029,0.01459246380841839,tap1,natural,firm,20260810_130508,True
1852512,0.0351,0.0507,0.9243,1852.512,500000,0.0039000000000000007,0.0,0.015600000000000058,0.016080111939908933,tap1,natural,firm,20260810_130508,True
1855006,0.0312,0.0585,0.9087,1855.006,500000,0.0,0.007800000000000001,0.0,0.007800000000000001,tap1,natural,firm,20260810_130508,True
1857513,0.039,0.0507,0.9087,1857.513,500000,0.007800000000000001,0.0,0.0,0.007800000000000001,tap1,natural,firm,20260810_130508,True
1860029,0.0273,0.0507,0.9126,1860.029,500000,-0.0038999999999999972,0.0,0.0039000000000000146,0.005515432893255079,tap1,natural,firm,20260810_130508,True
1862525,0.0351,0.0546,0.9126,1862.525,500000,0.0039000000000000007,0.0039000000000000007,0.0039000000000000146,0.006754998149518631,tap1,natural,firm,20260810_130508,True
1865023,0.0351,0.0507,0.9048,1865.023,500000,0.0039000000000000007,0.0,-0.0038999999999999035,0.005515432893255003,tap1,natural,firm,20260810_130508,True
1867500,0.0468,0.0429,0.9087,1867.5,500000,0.015600000000000003,-0.007800000000000001,0.0,0.017441330224498362,tap1,natural,firm,20260810_130508,True
1870008,0.0351,0.0468,0.9087,1870.008,500000,0.0039000000000000007,-0.0039000000000000007,0.0,0.005515432893255071,tap1,natural,firm,20260810_130508,True
1872502,0.0351,0.0507,0.9204,1872.502,500000,0.0039000000000000007,0.0,0.011700000000000044,0.012332882874656722,tap1,natural,firm,20260810_130508,True
1875026,0.0312,0.0546,0.9204,1875.026,500000,0.0,0.0039000000000000007,0.011700000000000044,0.012332882874656722,tap1,natural,firm,20260810_130508,True
1877512,0.0429,0.0507,0.9087,1877.512,500000,0.011700000000000002,0.0,0.0,0.011700000000000002,tap1,natural,firm,20260810_130508,True
1880023,0.039,0.0507,0.9087,1880.023,500000,0.007800000000000001,0.0,0.0,0.007800000000000001,tap1,natural,firm,20260810_130508,True
1882525,0.0429,0.0585,0.9087,1882.525,500000,0.011700000000000002,0.007800000000000001,0.0,0.01406164997430956,tap1,natural,firm,20260810_130508,True
1885002,0.0312,0.0546,0.9126,1885.002,500000,0.0,0.0039000000000000007,0.0039000000000000146,0.005515432893255082,tap1,natural,firm,20260810_130508,True
1887518,0.0351,0.0507,0.9126,1887.518,500000,0.0039000000000000007,0.0,0.0039000000000000146,0.005515432893255082,tap1,natural,firm,20260810_130508,True
1890005,0.0429,0.0507,0.9048,1890.005,500000,0.011700000000000002,0.0,-0.0038999999999999035,0.01233288287465665,tap1,natural,firm,20260810_130508,True
1892506,0.0312,0.0546,0.9126,1892.506,500000,0.0,0.0039000000000000007,0.0039000000000000146,0.005515432893255082,tap1,natural,firm,20260810_130508,True
1895003,0.0429,0.0507,0.9165,1895.003,500000,0.011700000000000002,0.0,0.007800000000000029,0.014061649974309576,tap1,natural,firm,20260810_130508,True
1897515,0.0312,0.0546,0.9087,1897.515,500000,0.0,0.0039000000000000007,0.0,0.0039000000000000007,tap1,natural,firm,20260810_130508,True
1900025,0.0351,0.0546,0.9087,1900.025,500000,0.0039000000000000007,0.0039000000000000007,0.0,0.005515432893255071,tap1,natural,firm,20260810_130508,True
1902522,0.0351,0.0507,0.9126,1902.522,500000,0.0039000000000000007,0.0,0.0039000000000000146,0.005515432893255082,tap1,natural,firm,20260810_130508,True
1905013,0.0234,0.0585,0.9126,1905.013,500000,-0.007799999999999998,0.007800000000000001,0.0039000000000000146,0.011700000000000004,tap1,natural,firm,20260810_130508,True
1907525,0.039,0.0429,0.9048,1907.525,500000,0.007800000000000001,-0.007800000000000001,-0.0038999999999999035,0.011699999999999969,tap1,natural,firm,20260810_130508,True
1910007,0.0273,0.0546,0.9165,1910.007,500000,-0.0038999999999999972,0.0039000000000000007,0.007800000000000029,0.009553009996854418,tap1,natural,firm,20260810_130508,True
1912504,0.0273,0.0546,0.9048,1912.504,500000,-0.0038999999999999972,0.0039000000000000007,-0.0038999999999999035,0.006754998149518564,tap1,natural,firm,20260810_130508,True
1915003,0.0312,0.0507,0.9165,1915.003,500000,0.0,0.0,0.007800000000000029,0.007800000000000029,tap1,natural,firm,20260810_130508,True
1917515,0.039,0.0468,0.9048,1917.515,500000,0.007800000000000001,-0.0039000000000000007,-0.0038999999999999035,0.009553009996854357,tap1,natural,firm,20260810_130508,True
1920026,0.0312,0.0507,0.9165,1920.026,500000,0.0,0.0,0.007800000000000029,0.007800000000000029,tap1,natural,firm,20260810_130508,True
1922523,0.0351,0.0507,0.9165,1922.523,500000,0.0039000000000000007,0.0,0.007800000000000029,0.008720665112249207,tap1,natural,firm,20260810_130508,True
1925021,0.0312,0.0468,0.9243,1925.021,500000,0.0,-0.0039000000000000007,0.015600000000000058,0.016080111939908933,tap1,natural,firm,20260810_130508,True
1927502,0.0351,0.0585,0.9204,1927.502,500000,0.0039000000000000007,0.007800000000000001,0.011700000000000044,0.014592463808418409,tap1,natural,firm,20260810_130508,True
1930015,0.0351,0.0546,0.9204,1930.015,500000,0.0039000000000000007,0.0039000000000000007,0.011700000000000044,0.012934836682386099,tap1,natural,firm,20260810_130508,True
1932512,0.039,0.0429,0.9048,1932.512,500000,0.007800000000000001,-0.007800000000000001,-0.0038999999999999035,0.011699999999999969,tap1,natural,firm,20260810_130508,True
1935009,0.0312,0.0507,0.9009,1935.009,500000,0.0,0.0,-0.007799999999999918,0.007799999999999918,tap1,natural,firm,20260810_130508,True
1937524,0.039,0.0585,0.9165,1937.524,500000,0.007800000000000001,0.007800000000000001,0.007800000000000029,0.013509996299037262,tap1,natural,firm,20260810_130508,True
1940015,0.0312,0.0507,0.9126,1940.015,500000,0.0,0.0,0.0039000000000000146,0.0039000000000000146,tap1,natural,firm,20260810_130508,True
1942513,0.0351,0.0546,0.9126,1942.513,500000,0.0039000000000000007,0.0039000000000000007,0.0039000000000000146,0.006754998149518631,tap1,natural,firm,20260810_130508,True
1945016,0.0312,0.0546,0.9165,1945.016,500000,0.0,0.0039000000000000007,0.007800000000000029,0.008720665112249207,tap1,natural,firm,20260810_130508,True
1947524,0.0273,0.0468,0.9126,1947.524,500000,-0.0038999999999999972,-0.0039000000000000007,0.0039000000000000146,0.006754998149518628,tap1,natural,firm,20260810_130508,True
1950014,0.0273,0.0468,0.9126,1950.014,500000,-0.0038999999999999972,-0.0039000000000000007,0.0039000000000000146,0.006754998149518628,tap1,natural,firm,20260810_130508,True
1952513,0.0273,0.0468,0.9048,1952.513,500000,-0.0038999999999999972,-0.0039000000000000007,-0.0038999999999999035,0.006754998149518564,tap1,natural,firm,20260810_130508,True
1955012,0.0351,0.0468,0.9087,1955.012,500000,0.0039000000000000007,-0.0039000000000000007,0.0,0.005515432893255071,tap1,natural,firm,20260810_130508,True
1957527,0.0351,0.0546,0.9165,1957.527,500000,0.0039000000000000007,0.0039000000000000007,0.007800000000000029,0.00955300999685442,tap1,natural,firm,20260810_130508,True
1960011,0.0234,0.0546,0.9087,1960.011,500000,-0.007799999999999998,0.0039000000000000007,0.0,0.00872066511224918,tap1,natural,firm,20260810_130508,True
1962506,0.0312,0.0468,0.9048,1962.506,500000,0.0,-0.0039000000000000007,-0.0038999999999999035,0.005515432893255003,tap1,natural,firm,20260810_130508,True
1965029,0.0312,0.0585,0.9126,1965.029,500000,0.0,0.007800000000000001,0.0039000000000000146,0.008720665112249188,tap1,natural,firm,20260810_130508,True
1967512,0.0234,0.0546,0.9204,1967.512,500000,-0.007799999999999998,0.0039000000000000007,0.011700000000000044,0.014592463808418405,tap1,natural,firm,20260810_130508,True
1970006,0.0273,0.0546,0.9126,1970.006,500000,-0.0038999999999999972,0.0039000000000000007,0.0039000000000000146,0.006754998149518628,tap1,natural,firm,20260810_130508,True
1972501,0.039,0.0546,0.9126,1972.501,500000,0.007800000000000001,0.0039000000000000007,0.0039000000000000146,0.009553009996854402,tap1,natural,firm,20260810_130508,True
1975007,0.0351,0.0585,0.9087,1975.007,500000,0.0039000000000000007,0.007800000000000001,0.0,0.008720665112249181,tap1,natural,firm,20260810_130508,True
1977520,0.0312,0.0546,0.9126,1977.52,500000,0.0,0.0039000000000000007,0.0039000000000000146,0.005515432893255082,tap1,natural,firm,20260810_130508,True
1980017,0.0468,0.0468,0.9087,1980.017,500000,0.015600000000000003,-0.0039000000000000007,0.0,0.016080111939908878,tap1,natural,firm,20260810_130508,True
1982513,0.0273,0.0507,0.9165,1982.513,500000,-0.0038999999999999972,0.0,0.007800000000000029,0.008720665112249205,tap1,natural,firm,20260810_130508,True
1985019,0.0351,0.0585,0.9126,1985.019,500000,0.0039000000000000007,0.007800000000000001,0.0039000000000000146,0.009553009996854402,tap1,natural,firm,20260810_130508,True
1987503,0.0351,0.0546,0.9087,1987.503,500000,0.0039000000000000007,0.0039000000000000007,0.0,0.005515432893255071,tap1,natural,firm,20260810_130508,True
1990027,0.0312,0.0624,0.9048,1990.027,500000,0.0,0.011699999999999995,-0.0038999999999999035,0.012332882874656644,tap1,natural,firm,20260810_130508,True
1992524,0.0312,0.0546,0.9087,1992.524,500000,0.0,0.0039000000000000007,0.0,0.0039000000000000007,tap1,natural,firm,20260810_130508,True
1995017,0.0312,0.0507,0.9087,1995.017,500000,0.0,0.0,0.0,0.0,tap1,natural,firm,20260810_130508,True
1997528,0.039,0.0468,0.9204,1997.528,500000,0.007800000000000001,-0.0039000000000000007,0.011700000000000044,0.014592463808418409,tap1,natural,firm,20260810_130508,True
2000009,0.0312,0.0507,0.9126,2000.009,500000,0.0,0.0,0.0039000000000000146,0.0039000000000000146,tap1,natural,firm,20260810_130508,True
2002504,0.0312,0.0546,0.9087,2002.504,500000,0.0,0.0039000000000000007,0.0,0.0039000000000000007,tap1,natural,firm,20260810_130508,True
2005028,0.0351,0.0507,0.9087,2005.028,500000,0.0039000000000000007,0.0,0.0,0.0039000000000000007,tap1,natural,firm,20260810_130508,True
2007524,0.039,0.0468,0.9126,2007.524,500000,0.007800000000000001,-0.0039000000000000007,0.0039000000000000146,0.009553009996854402,tap1,natural,firm,20260810_130508,True
2010030,0.039,0.0585,0.9087,2010.03,500000,0.007800000000000001,0.007800000000000001,0.0,0.011030865786510143,tap1,natural,firm,20260810_130508,True
2012528,0.0351,0.0468,0.9126,2012.528,500000,0.0039000000000000007,-0.0039000000000000007,0.0039000000000000146,0.006754998149518631,tap1,natural,firm,20260810_130508,True
2015020,0.0312,0.0507,0.9087,2015.02,500000,0.0,0.0,0.0,0.0,tap1,natural,firm,20260810_130508,True
2017526,0.0312,0.0468,0.9126,2017.526,500000,0.0,-0.0039000000000000007,0.0039000000000000146,0.005515432893255082,tap1,natural,firm,20260810_130508,True
2020004,0.039,0.0585,0.9087,2020.004,500000,0.007800000000000001,0.007800000000000001,0.0,0.011030865786510143,tap1,natural,firm,20260810_130508,True
2022527,0.0312,0.0429,0.9126,2022.527,500000,0.0,-0.007800000000000001,0.0039000000000000146,0.008720665112249188,tap1,natural,firm,20260810_130508,True
2025021,0.0351,0.0507,0.9087,2025.021,500000,0.0039000000000000007,0.0,0.0,0.0039000000000000007,tap1,natural,firm,20260810_130508,True
2027529,0.0351,0.0507,0.9204,2027.529,500000,0.0039000000000000007,0.0,0.011700000000000044,0.012332882874656722,tap1,natural,firm,20260810_130508,True
2030015,0.0234,0.0546,0.9126,2030.015,500000,-0.007799999999999998,0.0039000000000000007,0.0039000000000000146,0.0095530099968544,tap1,natural,firm,20260810_130508,True
2032506,0.0312,0.0507,0.9126,2032.506,500000,0.0,0.0,0.0039000000000000146,0.0039000000000000146,tap1,natural,firm,20260810_130508,True
2035001,0.039,0.0507,0.9165,2035.001,500000,0.007800000000000001,0.0,0.007800000000000029,0.011030865786510163,tap1,natural,firm,20260810_130508,True
2037512,0.0351,0.0507,0.9126,2037.512,500000,0.0039000000000000007,0.0,0.0039000000000000146,0.005515432893255082,tap1,natural,firm,20260810_130508,True
2040021,0.0351,0.0507,0.9165,2040.021,500000,0.0039000000000000007,0.0,0.007800000000000029,0.008720665112249207,tap1,natural,firm,20260810_130508,True
2042518,0.0234,0.0507,0.9087,2042.518,500000,-0.007799999999999998,0.0,0.0,0.007799999999999998,tap1,natural,firm,20260810_130508,True
2045016,0.0234,0.0468,0.9204,2045.016,500000,-0.007799999999999998,-0.0039000000000000007,0.011700000000000044,0.014592463808418405,tap1,natural,firm,20260810_130508,True
2047820,0.0195,0.0585,0.9126,2047.82,500000,-0.011699999999999999,0.007800000000000001,0.0039000000000000146,0.014592463808418376,tap1,natural,firm,20260810_130508,True
2050011,0.039,0.0429,0.9087,2050.011,500000,0.007800000000000001,-0.007800000000000001,0.0,0.011030865786510143,tap1,natural,firm,20260810_130508,True
2052505,0.0351,0.0468,0.9165,2052.505,500000,0.0039000000000000007,-0.0039000000000000007,0.007800000000000029,0.00955300999685442,tap1,natural,firm,20260810_130508,True
2055004,0.0351,0.0468,0.9165,2055.004,500000,0.0039000000000000007,-0.0039000000000000007,0.007800000000000029,0.00955300999685442,tap1,natural,firm,20260810_130508,True
2057515,0.039,0.0468,0.9048,2057.515,500000,0.007800000000000001,-0.0039000000000000007,-0.0038999999999999035,0.009553009996854357,tap1,natural,firm,20260810_130508,True
2060006,0.0273,0.0546,0.9087,2060.006,500000,-0.0038999999999999972,0.0039000000000000007,0.0,0.0055154328932550695,tap1,natural,firm,20260810_130508,True
2062503,0.0351,0.0546,0.9048,2062.503,500000,0.0039000000000000007,0.0039000000000000007,-0.0038999999999999035,0.006754998149518567,tap1,natural,firm,20260810_130508,True
2065028,0.0351,0.0546,0.9126,2065.028,500000,0.0039000000000000007,0.0039000000000000007,0.0039000000000000146,0.006754998149518631,tap1,natural,firm,20260810_130508,True
2067510,0.0351,0.0468,0.9165,2067.51,500000,0.0039000000000000007,-0.0039000000000000007,0.007800000000000029,0.00955300999685442,tap1,natural,firm,20260810_130508,True
2070015,0.0351,0.0468,0.9204,2070.015,500000,0.0039000000000000007,-0.0039000000000000007,0.011700000000000044,0.012934836682386099,tap1,natural,firm,20260810_130508,True
2072527,0.0273,0.0585,0.9204,2072.527,500000,-0.0038999999999999972,0.007800000000000001,0.011700000000000044,0.014592463808418407,tap1,natural,firm,20260810_130508,True
2075013,0.0273,0.0624,0.9204,2075.013,500000,-0.0038999999999999972,0.011699999999999995,0.011700000000000044,0.016999705879808653,tap1,natural,firm,20260810_130508,True
2077524,0.0273,0.0546,0.9165,2077.524,500000,-0.0038999999999999972,0.0039000000000000007,0.007800000000000029,0.009553009996854418,tap1,natural,firm,20260810_130508,True
2080004,0.0468,0.0546,0.9165,2080.004,500000,0.015600000000000003,0.0039000000000000007,0.007800000000000029,0.017872045210327793,tap1,natural,firm,20260810_130508,True
2082512,0.0312,0.0546,0.9126,2082.512,500000,0.0,0.0039000000000000007,0.0039000000000000146,0.005515432893255082,tap1,natural,firm,20260810_130508,True
2085013,0.0312,0.0507,0.9048,2085.013,500000,0.0,0.0,-0.0038999999999999035,0.0038999999999999035,tap1,natural,firm,20260810_130508,True
2087522,0.039,0.0507,0.9243,2087.522,500000,0.007800000000000001,0.0,0.015600000000000058,0.017441330224498414,tap1,natural,firm,20260810_130508,True
2090012,0.0312,0.0507,0.9087,2090.012,500000,0.0,0.0,0.0,0.0,tap1,natural,firm,20260810_130508,True
2092508,0.0351,0.0468,0.9126,2092.508,500000,0.0039000000000000007,-0.0039000000000000007,0.0039000000000000146,0.006754998149518631,tap1,natural,firm,20260810_130508,True
2095002,0.0351,0.0507,0.9126,2095.002,500000,0.0039000000000000007,0.0,0.0039000000000000146,0.005515432893255082,tap1,natural,firm,20260810_130508,True
2097512,0.0351,0.0507,0.9204,2097.512,500000,0.0039000000000000007,0.0,0.011700000000000044,0.012332882874656722,tap1,natural,firm,20260810_130508,True
2100025,0.0312,0.0546,0.9243,2100.025,500000,0.0,0.0039000000000000007,0.015600000000000058,0.016080111939908933,tap1,natural,firm,20260810_130508,True
2102522,0.0351,0.0546,0.9126,2102.522,500000,0.0039000000000000007,0.0039000000000000007,0.0039000000000000146,0.006754998149518631,tap1,natural,firm,20260810_130508,True
2105021,0.0273,0.0546,0.9048,2105.021,500000,-0.0038999999999999972,0.0039000000000000007,-0.0038999999999999035,0.006754998149518564,tap1,natural,firm,20260810_130508,True
2107506,0.0273,0.0546,0.9048,2107.506,500000,-0.0038999999999999972,0.0039000000000000007,-0.0038999999999999035,0.006754998149518564,tap1,natural,firm,20260810_130508,True
2110023,0.0312,0.0546,0.9165,2110.023,500000,0.0,0.0039000000000000007,0.007800000000000029,0.008720665112249207,tap1,natural,firm,20260810_130508,True
2112520,0.0312,0.0507,0.9087,2112.52,500000,0.0,0.0,0.0,0.0,tap1,natural,firm,20260810_130508,True
2115019,0.0429,0.0507,0.9009,2115.019,500000,0.011700000000000002,0.0,-0.007799999999999918,0.014061649974309514,tap1,natural,firm,20260810_130508,True
2117502,0.0312,0.0546,0.9048,2117.502,500000,0.0,0.0039000000000000007,-0.0038999999999999035,0.005515432893255003,tap1,natural,firm,20260810_130508,True
2120013,0.0312,0.0468,0.9087,2120.013,500000,0.0,-0.0039000000000000007,0.0,0.0039000000000000007,tap1,natural,firm,20260810_130508,True
2122510,0.039,0.0507,0.9087,2122.51,500000,0.007800000000000001,0.0,0.0,0.007800000000000001,tap1,natural,firm,20260810_130508,True
2125005,0.039,0.0507,0.9204,2125.005,500000,0.007800000000000001,0.0,0.011700000000000044,0.014061649974309596,tap1,natural,firm,20260810_130508,True
2127511,0.0312,0.0468,0.9243,2127.511,500000,0.0,-0.0039000000000000007,0.015600000000000058,0.016080111939908933,tap1,natural,firm,20260810_130508,True
2130025,0.0351,0.0507,0.9048,2130.025,500000,0.0039000000000000007,0.0,-0.0038999999999999035,0.005515432893255003,tap1,natural,firm,20260810_130508,True
2132522,0.039,0.0468,0.9126,2132.522,500000,0.007800000000000001,-0.0039000000000000007,0.0039000000000000146,0.009553009996854402,tap1,natural,firm,20260810_130508,True
2135023,0.0351,0.0546,0.9048,2135.023,500000,0.0039000000000000007,0.0039000000000000007,-0.0038999999999999035,0.006754998149518567,tap1,natural,firm,20260810_130508,True
2137515,0.0351,0.0546,0.9087,2137.515,500000,0.0039000000000000007,0.0039000000000000007,0.0,0.005515432893255071,tap1,natural,firm,20260810_130508,True
2140004,0.0312,0.0507,0.9165,2140.004,500000,0.0,0.0,0.007800000000000029,0.007800000000000029,tap1,natural,firm,20260810_130508,True
2142503,0.0273,0.0507,0.9048,2142.503,500000,-0.0038999999999999972,0.0,-0.0038999999999999035,0.005515432893255,tap1,natural,firm,20260810_130508,True
2145001,0.0312,0.0507,0.9087,2145.001,500000,0.0,0.0,0.0,0.0,tap1,natural,firm,20260810_130508,True
2147508,0.0312,0.0468,0.9087,2147.508,500000,0.0,-0.0039000000000000007,0.0,0.0039000000000000007,tap1,natural,firm,20260810_130508,True
2150163,0.0195,0.0507,0.9048,2150.163,500000,-0.011699999999999999,0.0,-0.0038999999999999035,0.012332882874656647,tap1,natural,firm,20260810_130508,True
2152511,0.039,0.0468,0.9009,2152.511,500000,0.007800000000000001,-0.0039000000000000007,-0.007799999999999918,0.011699999999999947,tap1,natural,firm,20260810_130508,True
2155008,0.0312,0.0507,0.9165,2155.008,500000,0.0,0.0,0.007800000000000029,0.007800000000000029,tap1,natural,firm,20260810_130508,True
2157517,0.0312,0.0585,0.9165,2157.517,500000,0.0,0.007800000000000001,0.007800000000000029,0.011030865786510163,tap1,natural,firm,20260810_130508,True
2160004,0.0351,0.0468,0.9204,2160.004,500000,0.0039000000000000007,-0.0039000000000000007,0.011700000000000044,0.012934836682386099,tap1,natural,firm,20260810_130508,True
2162527,0.0351,0.0468,0.9204,2162.527,500000,0.0039000000000000007,-0.0039000000000000007,0.011700000000000044,0.012934836682386099,tap1,natural,firm,20260810_130508,True
2165027,0.039,0.0507,0.9087,2165.027,500000,0.007800000000000001,0.0,0.0,0.007800000000000001,tap1,natural,firm,20260810_130508,True
2167502,0.039,0.0507,0.9126,2167.502,500000,0.007800000000000001,0.0,0.0039000000000000146,0.008720665112249188,tap1,natural,firm,20260810_130508,True
2170003,0.0273,0.0663,0.9087,2170.003,500000,-0.0038999999999999972,0.015599999999999996,0.0,0.01608011193990887,tap1,natural,firm,20260810_130508,True
2172505,0.0234,0.0624,0.9009,2172.505,500000,-0.007799999999999998,0.011699999999999995,-0.007799999999999918,0.016080111939908832,tap1,natural,firm,20260810_130508,True
2175012,0.0273,0.0546,0.9126,2175.012,500000,-0.0038999999999999972,0.0039000000000000007,0.0039000000000000146,0.006754998149518628,tap1,natural,firm,20260810_130508,True
2177522,0.0234,0.0585,0.9048,2177.522,500000,-0.007799999999999998,0.007800000000000001,-0.0038999999999999035,0.011699999999999967,tap1,natural,firm,20260810_130508,True
2180024,0.0273,0.0546,0.9087,2180.024,500000,-0.0038999999999999972,0.0039000000000000007,0.0,0.0055154328932550695,tap1,natural,firm,20260810_130508,True
2182525,0.0351,0.0585,0.9165,2182.525,500000,0.0039000000000000007,0.007800000000000001,0.007800000000000029,0.011700000000000021,tap1,natural,firm,20260810_130508,True
2185001,0.0312,0.0468,0.9048,2185.001,500000,0.0,-0.0039000000000000007,-0.0038999999999999035,0.005515432893255003,tap1,natural,firm,20260810_130508,True
2187516,0.0312,0.0507,0.897,2187.516,500000,0.0,0.0,-0.011699999999999933,0.011699999999999933,tap1,natural,firm,20260810_130508,True
2190011,0.0312,0.0468,0.9165,2190.011,500000,0.0,-0.0039000000000000007,0.007800000000000029,0.008720665112249207,tap1,natural,firm,20260810_130508,True
2192505,0.0351,0.0468,0.9087,2192.505,500000,0.0039000000000000007,-0.0039000000000000007,0.0,0.005515432893255071,tap1,natural,firm,20260810_130508,True
2195012,0.039,0.0546,0.9126,2195.012,500000,0.007800000000000001,0.0039000000000000007,0.0039000000000000146,0.009553009996854402,tap1,natural,firm,20260810_130508,True
2197523,0.0273,0.0507,0.9204,2197.523,500000,-0.0038999999999999972,0.0,0.011700000000000044,0.01233288287465672,tap1,natural,firm,20260810_130508,True
2200006,0.0273,0.0507,0.9009,2200.006,500000,-0.0038999999999999972,0.0,-0.007799999999999918,0.008720665112249105,tap1,natural,firm,20260810_130508,True
2202523,0.0273,0.0507,0.9165,2202.523,500000,-0.0038999999999999972,0.0,0.007800000000000029,0.008720665112249205,tap1,natural,firm,20260810_130508,True
2205001,0.0351,0.0546,0.9204,2205.001,500000,0.0039000000000000007,0.0039000000000000007,0.011700000000000044,0.012934836682386099,tap1,natural,firm,20260810_130508,True
2207510,0.0351,0.0507,0.9009,2207.51,500000,0.0039000000000000007,0.0,-0.007799999999999918,0.008720665112249107,tap1,natural,firm,20260810_130508,True
2210005,0.0273,0.0585,0.9087,2210.005,500000,-0.0038999999999999972,0.007800000000000001,0.0,0.00872066511224918,tap1,natural,firm,20260810_130508,True
2212504,0.039,0.0507,0.9165,2212.504,500000,0.007800000000000001,0.0,0.007800000000000029,0.011030865786510163,tap1,natural,firm,20260810_130508,True
2215003,0.039,0.0429,0.897,2215.003,500000,0.007800000000000001,-0.007800000000000001,-0.011699999999999933,0.01608011193990883,tap1,natural,firm,20260810_130508,True
2217517,0.0312,0.0507,0.9009,2217.517,500000,0.0,0.0,-0.007799999999999918,0.007799999999999918,tap1,natural,firm,20260810_130508,True
2220000,0.0351,0.0585,0.9048,2220.0,500000,0.0039000000000000007,0.007800000000000001,-0.0038999999999999035,0.009553009996854357,tap1,natural,firm,20260810_130508,True
2222525,0.0273,0.0546,0.9165,2222.525,500000,-0.0038999999999999972,0.0039000000000000007,0.007800000000000029,0.009553009996854418,tap1,natural,firm,20260810_130508,True
2225026,0.0312,0.0468,0.9126,2225.026,500000,0.0,-0.0039000000000000007,0.0039000000000000146,0.005515432893255082,tap1,natural,firm,20260810_130508,True
2227502,0.0351,0.0507,0.9126,2227.502,500000,0.0039000000000000007,0.0,0.0039000000000000146,0.005515432893255082,tap1,natural,firm,20260810_130508,True
2230023,0.0234,0.0429,0.9126,2230.023,500000,-0.007799999999999998,-0.007800000000000001,0.0039000000000000146,0.011700000000000004,tap1,natural,firm,20260810_130508,True
2232519,0.0273,0.0468,0.9165,2232.519,500000,-0.0038999999999999972,-0.0039000000000000007,0.007800000000000029,0.009553009996854418,tap1,natural,firm,20260810_130508,True
2235025,0.0351,0.0507,0.9087,2235.025,500000,0.0039000000000000007,0.0,0.0,0.0039000000000000007,tap1,natural,firm,20260810_130508,True
2237508,0.0351,0.0429,0.9087,2237.508,500000,0.0039000000000000007,-0.007800000000000001,0.0,0.008720665112249181,tap1,natural,firm,20260810_130508,True
2240030,0.0273,0.0468,0.9087,2240.03,500000,-0.0038999999999999972,-0.0039000000000000007,0.0,0.0055154328932550695,tap1,natural,firm,20260810_130508,True
2242525,0.0351,0.0507,0.9126,2242.525,500000,0.0039000000000000007,0.0,0.0039000000000000146,0.005515432893255082,tap1,natural,firm,20260810_130508,True
2245030,0.0312,0.0468,0.9048,2245.03,500000,0.0,-0.0039000000000000007,-0.0038999999999999035,0.005515432893255003,tap1,natural,firm,20260810_130508,True
2247509,0.0312,0.0507,0.9165,2247.509,500000,0.0,0.0,0.007800000000000029,0.007800000000000029,tap1,natural,firm,20260810_130508,True
2250006,0.0351,0.0468,0.9165,2250.006,500000,0.0039000000000000007,-0.0039000000000000007,0.007800000000000029,0.00955300999685442,tap1,natural,firm,20260810_130508,True
2252603,0.0312,0.0507,0.9087,2252.603,500000,0.0,0.0,0.0,0.0,tap1,natural,firm,20260810_130508,True
2255026,0.0234,0.0468,0.9009,2255.026,500000,-0.007799999999999998,-0.0039000000000000007,-0.007799999999999918,0.011699999999999945,tap1,natural,firm,20260810_130508,True
2257502,0.0312,0.0507,0.9048,2257.502,500000,0.0,0.0,-0.0038999999999999035,0.0038999999999999035,tap1,natural,firm,20260810_130508,True
2260016,0.0312,0.0507,0.9165,2260.016,500000,0.0,0.0,0.007800000000000029,0.007800000000000029,tap1,natural,firm,20260810_130508,True
2262510,0.0312,0.0546,0.9087,2262.51,500000,0.0,0.0039000000000000007,0.0,0.0039000000000000007,tap1,natural,firm,20260810_130508,True
2265013,0.0312,0.0468,0.9048,2265.013,500000,0.0,-0.0039000000000000007,-0.0038999999999999035,0.005515432893255003,tap1,natural,firm,20260810_130508,True
2267526,0.0351,0.0429,0.9048,2267.526,500000,0.0039000000000000007,-0.007800000000000001,-0.0038999999999999035,0.009553009996854357,tap1,natural,firm,20260810_130508,True
2270011,0.0351,0.0429,0.9048,2270.011,500000,0.0039000000000000007,-0.007800000000000001,-0.0038999999999999035,0.009553009996854357,tap1,natural,firm,20260810_130508,True
2272519,0.0312,0.0507,0.9204,2272.519,500000,0.0,0.0,0.011700000000000044,0.011700000000000044,tap1,natural,firm,20260810_130508,True
2275002,0.0429,0.0507,0.9165,2275.002,500000,0.011700000000000002,0.0,0.007800000000000029,0.014061649974309576,tap1,natural,firm,20260810_130508,True
2277511,0.0351,0.0546,0.9165,2277.511,500000,0.0039000000000000007,0.0039000000000000007,0.007800000000000029,0.00955300999685442,tap1,natural,firm,20260810_130508,True
2280009,0.0312,0.0468,0.9126,2280.009,500000,0.0,-0.0039000000000000007,0.0039000000000000146,0.005515432893255082,tap1,natural,firm,20260810_130508,True
2282508,0.0429,0.039,0.9126,2282.508,500000,0.011700000000000002,-0.011700000000000002,0.0039000000000000146,0.016999705879808633,tap1,natural,firm,20260810_130508,True
2285011,0.0273,0.0663,0.9087,2285.011,500000,-0.0038999999999999972,0.015599999999999996,0.0,0.01608011193990887,tap1,natural,firm,20260810_130508,True
2287525,0.0429,0.0624,0.9087,2287.525,500000,0.011700000000000002,0.011699999999999995,0.0,0.01654629867976521,tap1,natural,firm,20260810_130508,True
2290018,0.0312,0.0585,0.9087,2290.018,500000,0.0,0.007800000000000001,0.0,0.007800000000000001,tap1,natural,firm,20260810_130508,True
2292509,0.0429,0.0507,0.9087,2292.509,500000,0.011700000000000002,0.0,0.0,0.011700000000000002,tap1,natural,firm,20260810_130508,True
2295012,0.0429,0.0507,0.9165,2295.012,500000,0.011700000000000002,0.0,0.007800000000000029,0.014061649974309576,tap1,natural,firm,20260810_130508,True
2297525,0.0351,0.0546,0.9126,2297.525,500000,0.0039000000000000007,0.0039000000000000007,0.0039000000000000146,0.006754998149518631,tap1,natural,firm,20260810_130508,True
2300011,0.0351,0.0507,0.9048,2300.011,500000,0.0039000000000000007,0.0,-0.0038999999999999035,0.005515432893255003,tap1,natural,firm,20260810_130508,True
2302506,0.0468,0.0429,0.9087,2302.506,500000,0.015600000000000003,-0.007800000000000001,0.0,0.017441330224498362,tap1,natural,firm,20260810_130508,True
2305004,0.039,0.0546,0.9048,2305.004,500000,0.007800000000000001,0.0039000000000000007,-0.0038999999999999035,0.009553009996854357,tap1,natural,firm,20260810_130508,True
2307520,0.0351,0.0507,0.9048,2307.52,500000,0.0039000000000000007,0.0,-0.0038999999999999035,0.005515432893255003,tap1,natural,firm,20260810_130508,True
2310175,0.0351,0.0546,0.9165,2310.175,500000,0.0039000000000000007,0.0039000000000000007,0.007800000000000029,0.00955300999685442,tap1,natural,firm,20260810_130508,True
2312519,0.0273,0.0546,0.9048,2312.519,500000,-0.0038999999999999972,0.0039000000000000007,-0.0038999999999999035,0.006754998149518564,tap1,natural,firm,20260810_130508,True
2315016,0.0351,0.0507,0.9165,2315.016,500000,0.0039000000000000007,0.0,0.007800000000000029,0.008720665112249207,tap1,natural,firm,20260810_130508,True
2317524,0.0429,0.0546,0.9087,2317.524,500000,0.011700000000000002,0.0039000000000000007,0.0,0.012332882874656682,tap1,natural,firm,20260810_130508,True
2320028,0.0273,0.0546,0.9126,2320.028,500000,-0.0038999999999999972,0.0039000000000000007,0.0039000000000000146,0.006754998149518628,tap1,natural,firm,20260810_130508,True
2322524,0.0351,0.0468,0.9048,2322.524,500000,0.0039000000000000007,-0.0039000000000000007,-0.0038999999999999035,0.006754998149518567,tap1,natural,firm,20260810_130508,True
2325024,0.0351,0.0546,0.9126,2325.024,500000,0.0039000000000000007,0.0039000000000000007,0.0039000000000000146,0.006754998149518631,tap1,natural,firm,20260810_130508,True
2327505,0.0312,0.0507,0.9126,2327.505,500000,0.0,0.0,0.0039000000000000146,0.0039000000000000146,tap1,natural,firm,20260810_130508,True
2330030,0.039,0.0507,0.9048,2330.03,500000,0.007800000000000001,0.0,-0.0038999999999999035,0.008720665112249138,tap1,natural,firm,20260810_130508,True
2332527,0.0351,0.0507,0.9126,2332.527,500000,0.0039000000000000007,0.0,0.0039000000000000146,0.005515432893255082,tap1,natural,firm,20260810_130508,True
2335012,0.0312,0.0585,0.9087,2335.012,500000,0.0,0.007800000000000001,0.0,0.007800000000000001,tap1,natural,firm,20260810_130508,True
2337505,0.0234,0.0507,0.9126,2337.505,500000,-0.007799999999999998,0.0,0.0039000000000000146,0.008720665112249185,tap1,natural,firm,20260810_130508,True
2340028,0.0351,0.0507,0.9126,2340.028,500000,0.0039000000000000007,0.0,0.0039000000000000146,0.005515432893255082,tap1,natural,firm,20260810_130508,True
2342523,0.0312,0.0507,0.9243,2342.523,500000,0.0,0.0,0.015600000000000058,0.015600000000000058,tap1,natural,firm,20260810_130508,True
2345021,0.0351,0.0624,0.9165,2345.021,500000,0.0039000000000000007,0.011699999999999995,0.007800000000000029,0.014592463808418384,tap1,natural,firm,20260810_130508,True
2347528,0.0351,0.0546,0.9126,2347.528,500000,0.0039000000000000007,0.0039000000000000007,0.0039000000000000146,0.006754998149518631,tap1,natural,firm,20260810_130508,True
2350021,0.0351,0.0429,0.9087,2350.021,500000,0.0039000000000000007,-0.007800000000000001,0.0,0.008720665112249181,tap1,natural,firm,20260810_130508,True
2352514,0.0351,0.0507,0.9087,2352.514,500000,0.0039000000000000007,0.0,0.0,0.0039000000000000007,tap1,natural,firm,20260810_130508,True
2355045,0.039,0.0429,0.9126,2355.045,500000,0.007800000000000001,-0.007800000000000001,0.0039000000000000146,0.011700000000000007,tap1,natural,firm,20260810_130508,True
2357510,0.0351,0.0468,0.9126,2357.51,500000,0.0039000000000000007,-0.0039000000000000007,0.0039000000000000146,0.006754998149518631,tap1,natural,firm,20260810_130508,True
2360000,0.0351,0.0546,0.9087,2360.0,500000,0.0039000000000000007,0.0039000000000000007,0.0,0.005515432893255071,tap1,natural,firm,20260810_130508,True
2362537,0.0351,0.0546,0.9126,2362.537,500000,0.0039000000000000007,0.0039000000000000007,0.0039000000000000146,0.006754998149518631,tap1,natural,firm,20260810_130508,True
2365021,0.0312,0.0507,0.9048,2365.021,500000,0.0,0.0,-0.0038999999999999035,0.0038999999999999035,tap1,natural,firm,20260810_130508,True
2367520,0.0234,0.0546,0.9204,2367.52,500000,-0.007799999999999998,0.0039000000000000007,0.011700000000000044,0.014592463808418405,tap1,natural,firm,20260810_130508,True
2370016,0.0312,0.0507,0.9165,2370.016,500000,0.0,0.0,0.007800000000000029,0.007800000000000029,tap1,natural,firm,20260810_130508,True
2372518,0.0312,0.0468,0.9126,2372.518,500000,0.0,-0.0039000000000000007,0.0039000000000000146,0.005515432893255082,tap1,natural,firm,20260810_130508,True
2375002,0.0312,0.0468,0.9126,2375.002,500000,0.0,-0.0039000000000000007,0.0039000000000000146,0.005515432893255082,tap1,natural,firm,20260810_130508,True
2377508,0.0312,0.0468,0.9243,2377.508,500000,0.0,-0.0039000000000000007,0.015600000000000058,0.016080111939908933,tap1,natural,firm,20260810_130508,True
2380028,0.0351,0.0429,0.9126,2380.028,500000,0.0039000000000000007,-0.007800000000000001,0.0039000000000000146,0.009553009996854402,tap1,natural,firm,20260810_130508,True
2382528,0.0273,0.0507,0.9126,2382.528,500000,-0.0038999999999999972,0.0,0.0039000000000000146,0.005515432893255079,tap1,natural,firm,20260810_130508,True
2385003,0.0351,0.0429,0.9048,2385.003,500000,0.0039000000000000007,-0.007800000000000001,-0.0038999999999999035,0.009553009996854357,tap1,natural,firm,20260810_130508,True
2387518,0.0351,0.0429,0.9009,2387.518,500000,0.0039000000000000007,-0.007800000000000001,-0.007799999999999918,0.011699999999999947,tap1,natural,firm,20260810_130508,True
2390009,0.0273,0.0507,0.8931,2390.009,500000,-0.0038999999999999972,0.0,-0.015599999999999947,0.016080111939908825,tap1,natural,firm,20260810_130508,True
2392502,0.0351,0.0507,0.9126,2392.502,500000,0.0039000000000000007,0.0,0.0039000000000000146,0.005515432893255082,tap1,natural,firm,20260810_130508,True
2395006,0.0468,0.0585,0.9165,2395.006,500000,0.015600000000000003,0.007800000000000001,0.007800000000000029,0.019106019993708805,tap1,natural,firm,20260810_130508,True
2397518,0.0351,0.0468,0.9165,2397.518,500000,0.0039000000000000007,-0.0039000000000000007,0.007800000000000029,0.00955300999685442,tap1,natural,firm,20260810_130508,True
2400017,0.0273,0.0507,0.9048,2400.017,500000,-0.0038999999999999972,0.0,-0.0038999999999999035,0.005515432893255,tap1,natural,firm,20260810_130508,True
2402512,0.039,0.0429,0.9087,2402.512,500000,0.007800000000000001,-0.007800000000000001,0.0,0.011030865786510143,tap1,natural,firm,20260810_130508,True
2405011,0.039,0.039,0.9009,2405.011,500000,0.007800000000000001,-0.011700000000000002,-0.007799999999999918,0.01608011193990884,tap1,natural,firm,20260810_130508,True
2407527,0.0273,0.0546,0.9009,2407.527,500000,-0.0038999999999999972,0.0039000000000000007,-0.007799999999999918,0.009553009996854326,tap1,natural,firm,20260810_130508,True
2410022,0.0273,0.0546,0.9126,2410.022,500000,-0.0038999999999999972,0.0039000000000000007,0.0039000000000000146,0.006754998149518628,tap1,natural,firm,20260810_130508,True
2412518,0.039,0.0546,0.9048,2412.518,500000,0.007800000000000001,0.0039000000000000007,-0.0038999999999999035,0.009553009996854357,tap1,natural,firm,20260810_130508,True
2415023,0.0312,0.0468,0.9009,2415.023,500000,0.0,-0.0039000000000000007,-0.007799999999999918,0.008720665112249107,tap1,natural,firm,20260810_130508,True
2417501,0.0351,0.0546,0.9087,2417.501,500000,0.0039000000000000007,0.0039000000000000007,0.0,0.005515432893255071,tap1,natural,firm,20260810_130508,True
2420019,0.0351,0.0507,0.9126,2420.019,500000,0.0039000000000000007,0.0,0.0039000000000000146,0.005515432893255082,tap1,natural,firm,20260810_130508,True
2422516,0.0273,0.0546,0.9204,2422.516,500000,-0.0038999999999999972,0.0039000000000000007,0.011700000000000044,0.012934836682386099,tap1,natural,firm,20260810_130508,True
2425020,0.0234,0.0585,0.9126,2425.02,500000,-0.007799999999999998,0.007800000000000001,0.0039000000000000146,0.011700000000000004,tap1,natural,firm,20260810_130508,True
2427501,0.0273,0.0546,0.9204,2427.501,500000,-0.0038999999999999972,0.0039000000000000007,0.011700000000000044,0.012934836682386099,tap1,natural,firm,20260810_130508,True
2430016,0.0273,0.0468,0.9087,2430.016,500000,-0.0038999999999999972,-0.0039000000000000007,0.0,0.0055154328932550695,tap1,natural,firm,20260810_130508,True
2432512,0.0351,0.0468,0.9126,2432.512,500000,0.0039000000000000007,-0.0039000000000000007,0.0039000000000000146,0.006754998149518631,tap1,natural,firm,20260810_130508,True
2435013,0.0351,0.0429,0.9087,2435.013,500000,0.0039000000000000007,-0.007800000000000001,0.0,0.008720665112249181,tap1,natural,firm,20260810_130508,True
2437528,0.0312,0.0546,0.9126,2437.528,500000,0.0,0.0039000000000000007,0.0039000000000000146,0.005515432893255082,tap1,natural,firm,20260810_130508,True
2440018,0.0351,0.0429,0.9087,2440.018,500000,0.0039000000000000007,-0.007800000000000001,0.0,0.008720665112249181,tap1,natural,firm,20260810_130508,True
2442516,0.0273,0.0507,0.9126,2442.516,500000,-0.0038999999999999972,0.0,0.0039000000000000146,0.005515432893255079,tap1,natural,firm,20260810_130508,True
2445016,0.0273,0.0468,0.9087,2445.016,500000,-0.0038999999999999972,-0.0039000000000000007,0.0,0.0055154328932550695,tap1,natural,firm,20260810_130508,True
2447528,0.0351,0.0468,0.9048,2447.528,500000,0.0039000000000000007,-0.0039000000000000007,-0.0038999999999999035,0.006754998149518567,tap1,natural,firm,20260810_130508,True
2450019,0.039,0.0429,0.9087,2450.019,500000,0.007800000000000001,-0.007800000000000001,0.0,0.011030865786510143,tap1,natural,firm,20260810_130508,True
2452516,0.0351,0.0468,0.9126,2452.516,500000,0.0039000000000000007,-0.0039000000000000007,0.0039000000000000146,0.006754998149518631,tap1,natural,firm,20260810_130508,True
2455019,0.0273,0.0507,0.9087,2455.019,500000,-0.0038999999999999972,0.0,0.0,0.0038999999999999972,tap1,natural,firm,20260810_130508,True
2457524,0.0312,0.0546,0.9126,2457.524,500000,0.0,0.0039000000000000007,0.0039000000000000146,0.005515432893255082,tap1,natural,firm,20260810_130508,True
2460021,0.0312,0.0468,0.9048,2460.021,500000,0.0,-0.0039000000000000007,-0.0038999999999999035,0.005515432893255003,tap1,natural,firm,20260810_130508,True
2462520,0.0312,0.0507,0.9087,2462.52,500000,0.0,0.0,0.0,0.0,tap1,natural,firm,20260810_130508,True
2465013,0.0195,0.0507,0.9087,2465.013,500000,-0.011699999999999999,0.0,0.0,0.011699999999999999,tap1,natural,firm,20260810_130508,True
2467520,0.0351,0.0429,0.9204,2467.52,500000,0.0039000000000000007,-0.007800000000000001,0.011700000000000044,0.014592463808418409,tap1,natural,firm,20260810_130508,True
2470000,0.0312,0.0507,0.9087,2470.0,500000,0.0,0.0,0.0,0.0,tap1,natural,firm,20260810_130508,True
2472526,0.0312,0.0546,0.9126,2472.526,500000,0.0,0.0039000000000000007,0.0039000000000000146,0.005515432893255082,tap1,natural,firm,20260810_130508,True
2475006,0.0273,0.0507,0.9126,2475.006,500000,-0.0038999999999999972,0.0,0.0039000000000000146,0.005515432893255079,tap1,natural,firm,20260810_130508,True
2477518,0.0312,0.0585,0.9204,2477.518,500000,0.0,0.007800000000000001,0.011700000000000044,0.014061649974309596,tap1,natural,firm,20260810_130508,True
2480017,0.0273,0.0468,0.9126,2480.017,500000,-0.0038999999999999972,-0.0039000000000000007,0.0039000000000000146,0.006754998149518628,tap1,natural,firm,20260810_130508,True
2482519,0.0273,0.0468,0.9126,2482.519,500000,-0.0038999999999999972,-0.0039000000000000007,0.0039000000000000146,0.006754998149518628,tap1,natural,firm,20260810_130508,True
2485029,0.0273,0.0507,0.9087,2485.029,500000,-0.0038999999999999972,0.0,0.0,0.0038999999999999972,tap1,natural,firm,20260810_130508,True
2487514,0.0273,0.0546,0.9009,2487.514,500000,-0.0038999999999999972,0.0039000000000000007,-0.007799999999999918,0.009553009996854326,tap1,natural,firm,20260810_130508,True
2490004,0.0351,0.0624,0.9165,2490.004,500000,0.0039000000000000007,0.011699999999999995,0.007800000000000029,0.014592463808418384,tap1,natural,firm,20260810_130508,True
2492502,0.0273,0.0468,0.9048,2492.502,500000,-0.0038999999999999972,-0.0039000000000000007,-0.0038999999999999035,0.006754998149518564,tap1,natural,firm,20260810_130508,True
2495006,0.039,0.0546,0.9087,2495.006,500000,0.007800000000000001,0.0039000000000000007,0.0,0.008720665112249181,tap1,natural,firm,20260810_130508,True
2497519,0.0312,0.0585,0.9087,2497.519,500000,0.0,0.007800000000000001,0.0,0.007800000000000001,tap1,natural,firm,20260810_130508,True
2500000,0.0312,0.0507,0.9126,2500.0,500000,0.0,0.0,0.0039000000000000146,0.0039000000000000146,tap1,natural,firm,20260810_130508,True
2502523,0.0312,0.0468,0.9204,2502.523,500000,0.0,-0.0039000000000000007,0.011700000000000044,0.012332882874656722,tap1,natural,firm,20260810_130508,True
2505020,0.0351,0.0468,0.9126,2505.02,500000,0.0039000000000000007,-0.0039000000000000007,0.0039000000000000146,0.006754998149518631,tap1,natural,firm,20260810_130508,True
2507501,0.0312,0.0507,0.9126,2507.501,500000,0.0,0.0,0.0039000000000000146,0.0039000000000000146,tap1,natural,firm,20260810_130508,True
2510023,0.039,0.0468,0.9126,2510.023,500000,0.007800000000000001,-0.0039000000000000007,0.0039000000000000146,0.009553009996854402,tap1,natural,firm,20260810_130508,True
2512522,0.0312,0.0507,0.9165,2512.522,500000,0.0,0.0,0.007800000000000029,0.007800000000000029,tap1,natural,firm,20260810_130508,True
2515021,0.039,0.0546,0.9165,2515.021,500000,0.007800000000000001,0.0039000000000000007,0.007800000000000029,0.011700000000000021,tap1,natural,firm,20260810_130508,True
2517530,0.039,0.0468,0.9165,2517.53,500000,0.007800000000000001,-0.0039000000000000007,0.007800000000000029,0.011700000000000021,tap1,natural,firm,20260810_130508,True
2520015,0.0273,0.0546,0.9048,2520.015,500000,-0.0038999999999999972,0.0039000000000000007,-0.0038999999999999035,0.006754998149518564,tap1,natural,firm,20260810_130508,True
2522514,0.0351,0.0507,0.9048,2522.514,500000,0.0039000000000000007,0.0,-0.0038999999999999035,0.005515432893255003,tap1,natural,firm,20260810_130508,True
2525019,0.039,0.0468,0.9009,2525.019,500000,0.007800000000000001,-0.0039000000000000007,-0.007799999999999918,0.011699999999999947,tap1,natural,firm,20260810_130508,True
2527502,0.0351,0.0546,0.9126,2527.502,500000,0.0039000000000000007,0.0039000000000000007,0.0039000000000000146,0.006754998149518631,tap1,natural,firm,20260810_130508,True
2530025,0.0312,0.0546,0.9048,2530.025,500000,0.0,0.0039000000000000007,-0.0038999999999999035,0.005515432893255003,tap1,natural,firm,20260810_130508,True
2532520,0.0234,0.0585,0.9165,2532.52,500000,-0.007799999999999998,0.007800000000000001,0.007800000000000029,0.01350999629903726,tap1,natural,firm,20260810_130508,True
2535021,0.0468,0.0507,0.9165,2535.021,500000,0.015600000000000003,0.0,0.007800000000000029,0.017441330224498376,tap1,natural,firm,20260810_130508,True
2537501,0.039,0.0468,0.9048,2537.501,500000,0.007800000000000001,-0.0039000000000000007,-0.0038999999999999035,0.009553009996854357,tap1,natural,firm,20260810_130508,True
2540022,0.0312,0.0585,0.9126,2540.022,500000,0.0,0.007800000000000001,0.0039000000000000146,0.008720665112249188,tap1,natural,firm,20260810_130508,True
2542520,0.0351,0.0585,0.9126,2542.52,500000,0.0039000000000000007,0.007800000000000001,0.0039000000000000146,0.009553009996854402,tap1,natural,firm,20260810_130508,True
2545025,0.0351,0.0546,0.9009,2545.025,500000,0.0039000000000000007,0.0039000000000000007,-0.007799999999999918,0.009553009996854328,tap1,natural,firm,20260810_130508,True
2547506,0.0351,0.0507,0.9126,2547.506,500000,0.0039000000000000007,0.0,0.0039000000000000146,0.005515432893255082,tap1,natural,firm,20260810_130508,True
2550029,0.0312,0.0546,0.9087,2550.029,500000,0.0,0.0039000000000000007,0.0,0.0039000000000000007,tap1,natural,firm,20260810_130508,True
2552525,0.0273,0.0546,0.9165,2552.525,500000,-0.0038999999999999972,0.0039000000000000007,0.007800000000000029,0.009553009996854418,tap1,natural,firm,20260810_130508,True
2555028,0.039,0.0507,0.9087,2555.028,500000,0.007800000000000001,0.0,0.0,0.007800000000000001,tap1,natural,firm,20260810_130508,True
2557512,0.0312,0.0546,0.9087,2557.512,500000,0.0,0.0039000000000000007,0.0,0.0039000000000000007,tap1,natural,firm,20260810_130508,True
2560004,0.0234,0.0507,0.9087,2560.004,500000,-0.007799999999999998,0.0,0.0,0.007799999999999998,tap1,natural,firm,20260810_130508,True
2562522,0.0351,0.0468,0.9009,2562.522,500000,0.0039000000000000007,-0.0039000000000000007,-0.007799999999999918,0.009553009996854328,tap1,natural,firm,20260810_130508,True
2565002,0.0273,0.0507,0.9243,2565.002,500000,-0.0038999999999999972,0.0,0.015600000000000058,0.016080111939908933,tap1,natural,firm,20260810_130508,True
2567515,0.0273,0.0429,0.9087,2567.515,500000,-0.0038999999999999972,-0.007800000000000001,0.0,0.00872066511224918,tap1,natural,firm,20260810_130508,True
2570013,0.0312,0.0507,0.9126,2570.013,500000,0.0,0.0,0.0039000000000000146,0.0039000000000000146,tap1,natural,firm,20260810_130508,True
2572509,0.0273,0.0507,0.9087,2572.509,500000,-0.0038999999999999972,0.0,0.0,0.0038999999999999972,tap1,natural,firm,20260810_130508,True
2575020,0.0273,0.0585,0.9126,2575.02,500000,-0.0038999999999999972,0.007800000000000001,0.0039000000000000146,0.0095530099968544,tap1,natural,firm,20260810_130508,True
2577502,0.0351,0.0507,0.9126,2577.502,500000,0.0039000000000000007,0.0,0.0039000000000000146,0.005515432893255082,tap1,natural,firm,20260810_130508,True
2580005,0.0312,0.0507,0.9204,2580.005,500000,0.0,0.0,0.011700000000000044,0.011700000000000044,tap1,natural,firm,20260810_130508,True
2582504,0.0351,0.0507,0.9126,2582.504,500000,0.0039000000000000007,0.0,0.0039000000000000146,0.005515432893255082,tap1,natural,firm,20260810_130508,True
2585007,0.0273,0.0507,0.9087,2585.007,500000,-0.0038999999999999972,0.0,0.0,0.0038999999999999972,tap1,natural,firm,20260810_130508,True
2587518,0.0273,0.0507,0.9087,2587.518,500000,-0.0038999999999999972,0.0,0.0,0.0038999999999999972,tap1,natural,firm,20260810_130508,True
2590010,0.0273,0.0507,0.9126,2590.01,500000,-0.0038999999999999972,0.0,0.0039000000000000146,0.005515432893255079,tap1,natural,firm,20260810_130508,True
2592503,0.0351,0.0546,0.9165,2592.503,500000,0.0039000000000000007,0.0039000000000000007,0.007800000000000029,0.00955300999685442,tap1,natural,firm,20260810_130508,True
2595006,0.0429,0.0507,0.9204,2595.006,500000,0.011700000000000002,0.0,0.011700000000000044,0.016546298679765245,tap1,natural,firm,20260810_130508,True
2597508,0.0312,0.0546,0.9126,2597.508,500000,0.0,0.0039000000000000007,0.0039000000000000146,0.005515432893255082,tap1,natural,firm,20260810_130508,True
2600004,0.0351,0.0468,0.9087,2600.004,500000,0.0039000000000000007,-0.0039000000000000007,0.0,0.005515432893255071,tap1,natural,firm,20260810_130508,True
2602502,0.0273,0.0507,0.9048,2602.502,500000,-0.0038999999999999972,0.0,-0.0038999999999999035,0.005515432893255,tap1,natural,firm,20260810_130508,True
2605002,0.0312,0.0585,0.9048,2605.002,500000,0.0,0.007800000000000001,-0.0038999999999999035,0.008720665112249138,tap1,natural,firm,20260810_130508,True
2607510,0.0312,0.0546,0.9204,2607.51,500000,0.0,0.0039000000000000007,0.011700000000000044,0.012332882874656722,tap1,natural,firm,20260810_130508,True
2610000,0.039,0.0546,0.9204,2610.0,500000,0.007800000000000001,0.0039000000000000007,0.011700000000000044,0.014592463808418409,tap1,natural,firm,20260810_130508,True
2612527,0.0351,0.0546,0.9126,2612.527,500000,0.0039000000000000007,0.0039000000000000007,0.0039000000000000146,0.006754998149518631,tap1,natural,firm,20260810_130508,True
2615026,0.0351,0.0507,0.9009,2615.026,500000,0.0039000000000000007,0.0,-0.007799999999999918,0.008720665112249107,tap1,natural,firm,20260810_130508,True
2617506,0.0351,0.0468,0.9048,2617.506,500000,0.0039000000000000007,-0.0039000000000000007,-0.0038999999999999035,0.006754998149518567,tap1,natural,firm,20260810_130508,True
2620027,0.0273,0.0546,0.9282,2620.027,500000,-0.0038999999999999972,0.0039000000000000007,0.019500000000000073,0.020264994448555933,tap1,natural,firm,20260810_130508,True
2622519,0.0312,0.0429,0.9126,2622.519,500000,0.0,-0.007800000000000001,0.0039000000000000146,0.008720665112249188,tap1,natural,firm,20260810_130508,True
2625015,0.039,0.0546,0.9087,2625.015,500000,0.007800000000000001,0.0039000000000000007,0.0,0.008720665112249181,tap1,natural,firm,20260810_130508,True
2627524,0.0312,0.0468,0.9126,2627.524,500000,0.0,-0.0039000000000000007,0.0039000000000000146,0.005515432893255082,tap1,natural,firm,20260810_130508,True
2630011,0.0312,0.0624,0.9048,2630.011,500000,0.0,0.011699999999999995,-0.0038999999999999035,0.012332882874656644,tap1,natural,firm,20260810_130508,True
2632504,0.039,0.0507,0.9126,2632.504,500000,0.007800000000000001,0.0,0.0039000000000000146,0.008720665112249188,tap1,natural,firm,20260810_130508,True
2635006,0.0312,0.0585,0.9126,2635.006,500000,0.0,0.007800000000000001,0.0039000000000000146,0.008720665112249188,tap1,natural,firm,20260810_130508,True
2637517,0.0312,0.0546,0.9087,2637.517,500000,0.0,0.0039000000000000007,0.0,0.0039000000000000007,tap1,natural,firm,20260810_130508,True
2640030,0.0312,0.0507,0.897,2640.03,500000,0.0,0.0,-0.011699999999999933,0.011699999999999933,tap1,natural,firm,20260810_130508,True
2642525,0.0429,0.0468,0.9087,2642.525,500000,0.011700000000000002,-0.0039000000000000007,0.0,0.012332882874656682,tap1,natural,firm,20260810_130508,True
2645028,0.0273,0.0507,0.9048,2645.028,500000,-0.0038999999999999972,0.0,-0.0038999999999999035,0.005515432893255,tap1,natural,firm,20260810_130508,True
2647510,0.0351,0.0546,0.9165,2647.51,500000,0.0039000000000000007,0.0039000000000000007,0.007800000000000029,0.00955300999685442,tap1,natural,firm,20260810_130508,True
2650028,0.0351,0.0585,0.9087,2650.028,500000,0.0039000000000000007,0.007800000000000001,0.0,0.008720665112249181,tap1,natural,firm,20260810_130508,True
2652523,0.039,0.0546,0.9048,2652.523,500000,0.007800000000000001,0.0039000000000000007,-0.0038999999999999035,0.009553009996854357,tap1,natural,firm,20260810_130508,True
2655020,0.0351,0.0546,0.9165,2655.02,500000,0.0039000000000000007,0.0039000000000000007,0.007800000000000029,0.00955300999685442,tap1,natural,firm,20260810_130508,True
2657506,0.0312,0.0585,0.9126,2657.506,500000,0.0,0.007800000000000001,0.0039000000000000146,0.008720665112249188,tap1,natural,firm,20260810_130508,True
2660002,0.0234,0.0546,0.9204,2660.002,500000,-0.007799999999999998,0.0039000000000000007,0.011700000000000044,0.014592463808418405,tap1,natural,firm,20260810_130508,True
2662520,0.0273,0.0507,0.9126,2662.52,500000,-0.0038999999999999972,0.0,0.0039000000000000146,0.005515432893255079,tap1,natural,firm,20260810_130508,True
2665015,0.0234,0.0546,0.9126,2665.015,500000,-0.007799999999999998,0.0039000000000000007,0.0039000000000000146,0.0095530099968544,tap1,natural,firm,20260810_130508,True
2667510,0.0312,0.0507,0.9204,2667.51,500000,0.0,0.0,0.011700000000000044,0.011700000000000044,tap1,natural,firm,20260810_130508,True
2670002,0.0312,0.0468,0.9165,2670.002,500000,0.0,-0.0039000000000000007,0.007800000000000029,0.008720665112249207,tap1,natural,firm,20260810_130508,True
2672523,0.0234,0.0585,0.9126,2672.523,500000,-0.007799999999999998,0.007800000000000001,0.0039000000000000146,0.011700000000000004,tap1,natural,firm,20260810_130508,True
2675002,0.0273,0.0624,0.9165,2675.002,500000,-0.0038999999999999972,0.011699999999999995,0.007800000000000029,0.014592463808418383,tap1,natural,firm,20260810_130508,True
2677511,0.0351,0.0507,0.9087,2677.511,500000,0.0039000000000000007,0.0,0.0,0.0039000000000000007,tap1,natural,firm,20260810_130508,True
2680006,0.0351,0.0468,0.9087,2680.006,500000,0.0039000000000000007,-0.0039000000000000007,0.0,0.005515432893255071,tap1,natural,firm,20260810_130508,True
2682505,0.0234,0.0468,0.9048,2682.505,500000,-0.007799999999999998,-0.0039000000000000007,-0.0038999999999999035,0.009553009996854354,tap1,natural,firm,20260810_130508,True
2685006,0.0312,0.0468,0.9048,2685.006,500000,0.0,-0.0039000000000000007,-0.0038999999999999035,0.005515432893255003,tap1,natural,firm,20260810_130508,True
2687517,0.0273,0.0507,0.9087,2687.517,500000,-0.0038999999999999972,0.0,0.0,0.0038999999999999972,tap1,natural,firm,20260810_130508,True
2690011,0.039,0.0585,0.9009,2690.011,500000,0.007800000000000001,0.007800000000000001,-0.007799999999999918,0.013509996299037198,tap1,natural,firm,20260810_130508,True
2692504,0.0312,0.0546,0.897,2692.504,500000,0.0,0.0039000000000000007,-0.011699999999999933,0.012332882874656616,tap1,natural,firm,20260810_130508,True
2695001,0.0312,0.0546,0.897,2695.001,500000,0.0,0.0039000000000000007,-0.011699999999999933,0.012332882874656616,tap1,natural,firm,20260810_130508,True
2697510,0.0312,0.0468,0.9048,2697.51,500000,0.0,-0.0039000000000000007,-0.0038999999999999035,0.005515432893255003,tap1,natural,firm,20260810_130508,True
2700027,0.0351,0.0507,0.9126,2700.027,500000,0.0039000000000000007,0.0,0.0039000000000000146,0.005515432893255082,tap1,natural,firm,20260810_130508,True
2702523,3.1356,2.6676,-7.2345,2702.523,500000,3.1044,2.6169000000000002,-8.1432,9.099295094126798,tap1,natural,firm,20260810_130508,True
2705025,8.5956,9.0948,11.4699,2705.025,500000,8.5644,9.044099999999998,10.561200000000001,16.33045123718264,tap1,natural,firm,20260810_130508,True
2707503,0.3432,2.1723,-1.5951,2707.503,500000,0.312,2.1216,-2.5038,3.296595971604649,tap1,natural,firm,20260810_130508,True
2710024,0.156,-2.0202,1.209,2710.024,500000,0.1248,-2.0709,0.3003000000000001,2.0962781160905153,tap1,natural,firm,20260810_130508,True
2712518,-0.5538,0.2067,1.0491,2712.518,500000,-0.585,0.156,0.14039999999999997,0.6215087770900746,tap1,natural,firm,20260810_130508,True
2715015,0.156,-0.4017,1.1154,2715.015,500000,0.1248,-0.4524,0.2067,0.5128018038189803,tap1,natural,firm,20260810_130508,True
2717523,-0.0351,0.0897,0.9204,2717.523,500000,-0.0663,0.039,0.011700000000000044,0.07780475563871402,tap1,natural,firm,20260810_130508,True
2720011,0.2145,0.2925,0.8541,2720.011,500000,0.1833,0.2418,-0.05459999999999998,0.3082974051139581,tap1,natural,firm,20260810_130508,True
2722501,0.0117,-0.1755,1.0608,2722.501,500000,-0.019499999999999997,-0.22619999999999998,0.1521,0.2732784294451357,tap1,natural,firm,20260810_130508,True
2725003,0.0897,-0.0858,1.0374,2725.003,500000,0.0585,-0.1365,0.12870000000000015,0.1965151139225684,tap1,natural,firm,20260810_130508,True
2727500,0.0975,0.117,0.9087,2727.5,500000,0.0663,0.0663,0.0,0.0937623591853362,tap1,natural,firm,20260810_130508,True
2730027,-0.0078,-0.0936,1.0413,2730.027,500000,-0.039,-0.1443,0.13259999999999994,0.19981553993621215,tap1,natural,firm,20260810_130508,True
2732522,0.0468,0.0507,1.0023,2732.522,500000,0.015600000000000003,0.0,0.09360000000000002,0.09489109547265225,tap1,natural,firm,20260810_130508,True
2735024,0.0468,0.0702,1.0218,2735.024,500000,0.015600000000000003,0.019499999999999997,0.11310000000000009,0.11582409075835658,tap1,natural,firm,20260810_130508,True
2737526,0.0078,0.0819,0.9906,2737.526,500000,-0.023399999999999997,0.0312,0.08190000000000008,0.09071168612698154,tap1,natural,firm,20260810_130508,True
2740025,0.039,0.0858,1.0101,2740.025,500000,0.007800000000000001,0.0351,0.10140000000000005,0.10758629094824308,tap1,natural,firm,20260810_130508,True
2742519,0.0039,0.0156,1.0179,2742.519,500000,-0.027299999999999998,-0.035100000000000006,0.10920000000000007,0.11790648837108167,tap1,natural,firm,20260810_130508,True
2745026,0.0195,0.0156,1.0452,2745.026,500000,-0.011699999999999999,-0.035100000000000006,0.13649999999999995,0.14142542204285616,tap1,natural,firm,20260810_130508,True
2747507,0.0312,0.0117,1.0608,2747.507,500000,0.0,-0.039,0.1521,0.1570204126857397,tap1,natural,firm,20260810_130508,True
2750027,0.0039,0.0351,1.0374,2750.027,500000,-0.027299999999999998,-0.015600000000000003,0.12870000000000015,0.13248524446141177,tap1,natural,firm,20260810_130508,True
2752525,0.0078,0.0624,1.0647,2752.525,500000,-0.023399999999999997,0.011699999999999995,0.15600000000000003,0.15817853836725135,tap1,natural,firm,20260810_130508,True
2755025,-0.0039,0.0468,1.0335,2755.025,500000,-0.0351,-0.0039000000000000007,0.12480000000000013,0.12970065535686406,tap1,natural,firm,20260810_130508,True
2757503,0.0039,0.0663,1.0179,2757.503,500000,-0.027299999999999998,0.015599999999999996,0.10920000000000007,0.11363665781780109,tap1,natural,firm,20260810_130508,True
2760023,0.0,0.0546,1.053,2760.023,500000,-0.0312,0.0039000000000000007,0.14429999999999998,0.1476859505843396,tap1,natural,firm,20260810_130508,True
2762520,0.0117,0.0546,1.0803,2762.52,500000,-0.019499999999999997,0.0039000000000000007,0.17160000000000009,0.17274842980473087,tap1,natural,firm,20260810_130508,True
2765013,-0.0078,0.039,1.0764,2765.013,500000,-0.039,-0.011700000000000002,0.16770000000000007,0.17257224574073324,tap1,natural,firm,20260810_130508,True
2767505,-0.0273,0.0351,1.0608,2767.505,500000,-0.058499999999999996,-0.015600000000000003,0.1521,0.1637071165221598,tap1,natural,firm,20260810_130508,True
2770005,0.0039,0.039,1.0842,2770.005,500000,-0.027299999999999998,-0.011700000000000002,0.1755000000000001,0.17799558983300692,tap1,natural,firm,20260810_130508,True
2772523,0.0117,0.0585,1.1037,2772.523,500000,-0.019499999999999997,0.007800000000000001,0.19499999999999995,0.1961277389866104,tap1,natural,firm,20260810_130508,True
2775027,0.0195,0.0546,1.092,2775.027,500000,-0.011699999999999999,0.0039000000000000007,0.18330000000000013,0.18371442512769662,tap1,natural,firm,20260810_130508,True
2777506,-0.0039,0.0546,1.0725,2777.506,500000,-0.0351,0.0039000000000000007,0.16380000000000006,0.16756389825973858,tap1,natural,firm,20260810_130508,True
2780005,0.0156,0.0507,1.0998,2780.005,500000,-0.0156,0.0,0.19110000000000016,0.19173567743119707,tap1,natural,firm,20260810_130508,True
2782505,0.0195,0.0507,1.0842,2782.505,500000,-0.011699999999999999,0.0,0.1755000000000001,0.17588956762696312,tap1,natural,firm,20260810_130508,True
2785013,0.0195,0.0429,1.1232,2785.013,500000,-0.011699999999999999,-0.007800000000000001,0.21450000000000002,0.21496041496052246,tap1,natural,firm,20260810_130508,True
2787530,0.0468,0.0078,1.0647,2787.53,500000,0.015600000000000003,-0.0429,0.15600000000000003,0.16254159467656273,tap1,natural,firm,20260810_130508,True
2790017,0.0117,0.0468,1.0842,2790.017,500000,-0.019499999999999997,-0.0039000000000000007,0.1755000000000001,0.17662307323789844,tap1,natural,firm,20260810_130508,True
2792525,0.0234,0.0585,1.1076,2792.525,500000,-0.007799999999999998,0.007800000000000001,0.19889999999999997,0.19920564751030526,tap1,natural,firm,20260810_130508,True
2795028,0.0117,0.0702,1.092,2795.028,500000,-0.019499999999999997,0.019499999999999997,0.18330000000000013,0.18536286035773197,tap1,natural,firm,20260810_130508,True
2797511,0.0234,0.0624,1.0881,2797.511,500000,-0.007799999999999998,0.011699999999999995,0.17940000000000011,0.17995024312292562,tap1,natural,firm,20260810_130508,True
2800006,0.0234,0.0624,1.0881,2800.006,500000,-0.007799999999999998,0.011699999999999995,0.17940000000000011,0.17995024312292562,tap1,natural,firm,20260810_130508,True
2802503,0.0234,0.0663,1.0881,2802.503,500000,-0.007799999999999998,0.015599999999999996,0.17940000000000011,0.18024583212934506,tap1,natural,firm,20260810_130508,True
2805005,0.0195,0.078,1.0842,2805.005,500000,-0.011699999999999999,0.027299999999999998,0.1755000000000001,0.17799558983300692,tap1,natural,firm,20260810_130508,True
2807516,0.0273,0.0624,1.0803,2807.516,500000,-0.0038999999999999972,0.011699999999999995,0.17160000000000009,0.17204261100087975,tap1,natural,firm,20260810_130508,True
2810003,0.039,0.0546,1.0803,2810.003,500000,0.007800000000000001,0.0039000000000000007,0.17160000000000009,0.17182144802090346,tap1,natural,firm,20260810_130508,True
2812502,0.0078,0.0897,1.1037,2812.502,500000,-0.023399999999999997,0.039,0.19499999999999995,0.20023376338669754,tap1,natural,firm,20260810_130508,True
2815005,0.0273,0.0663,1.0959,2815.005,500000,-0.0038999999999999972,0.015599999999999996,0.18720000000000014,0.18788935573895627,tap1,natural,firm,20260810_130508,True
2817513,0.0117,0.2847,1.1973,2817.513,500000,-0.019499999999999997,0.234,0.2886000000000001,0.37205672954537466,tap1,natural,firm,20260810_130508,True
2820027,-0.1131,-0.2418,1.1973,2820.027,500000,-0.1443,-0.2925,0.2886000000000001,0.43550970138448125,tap1,natural,firm,20260810_130508,True
2822524,-0.0546,-0.2106,1.1544,2822.524,500000,-0.0858,-0.26130000000000003,0.24570000000000014,0.3687923806154353,tap1,natural,firm,20260810_130508,True
2825020,-0.0156,-0.1014,1.0374,2825.02,500000,-0.046799999999999994,-0.1521,0.12870000000000015,0.20466641150907014,tap1,natural,firm,20260810_130508,True
2827504,0.0117,0.0624,1.1037,2827.504,500000,-0.019499999999999997,0.011699999999999995,0.19499999999999995,0.19632152199899017,tap1,natural,firm,20260810_130508,True
2830021,0.039,0.0624,1.0764,2830.021,500000,0.007800000000000001,0.011699999999999995,0.16770000000000007,0.16828850228105313,tap1,natural,firm,20260810_130508,True
2832518,0.0546,0.0312,1.0764,2832.518,500000,0.023400000000000004,-0.019500000000000003,0.16770000000000007,0.1704438323906149,tap1,natural,firm,20260810_130508,True
2835023,0.039,0.0312,1.0803,2835.023,500000,0.007800000000000001,-0.019500000000000003,0.17160000000000009,0.17288045002255178,tap1,natural,firm,20260810_130508,True
2837507,0.0156,0.0585,1.0803,2837.507,500000,-0.0156,0.007800000000000001,0.17160000000000009,0.17248408622246875,tap1,natural,firm,20260810_130508,True
2840020,0.0117,0.0468,1.0881,2840.02,500000,-0.019499999999999997,-0.0039000000000000007,0.17940000000000011,0.1804988088603358,tap1,natural,firm,20260810_130508,True
2842516,0.0195,0.0312,1.0725,2842.516,500000,-0.011699999999999999,-0.019500000000000003,0.16380000000000006,0.16537103736749073,tap1,natural,firm,20260810_130508,True
2845018,0.0078,0.0468,1.0686,2845.018,500000,-0.023399999999999997,-0.0039000000000000007,0.15990000000000004,0.16165017785328914,tap1,natural,firm,20260810_130508,True
2847527,0.0156,0.0468,1.0725,2847.527,500000,-0.0156,-0.0039000000000000007,0.16380000000000006,0.16458739319887175,tap1,natural,firm,20260810_130508,True
2850012,0.0156,0.0273,1.0491,2850.012,500000,-0.0156,-0.0234,0.14039999999999997,0.14318896605534936,tap1,natural,firm,20260810_130508,True
2852506,0.0117,0.0273,1.0452,2852.506,500000,-0.019499999999999997,-0.0234,0.13649999999999995,0.1398572844009206,tap1,natural,firm,20260810_130508,True
2855003,0.0078,0.0546,1.0608,2855.003,500000,-0.023399999999999997,0.0039000000000000007,0.1521,0.1539388839767263,tap1,natural,firm,20260810_130508,True
2857525,0.0,0.0858,1.0686,2857.525,500000,-0.0312,0.0351,0.15990000000000004,0.16665371282992772,tap1,natural,firm,20260810_130508,True
2860021,0.0078,0.0585,1.0491,2860.021,500000,-0.023399999999999997,0.007800000000000001,0.14039999999999997,0.14255020168347707,tap1,natural,firm,20260810_130508,True
2862518,0.0078,0.039,1.0257,2862.518,500000,-0.023399999999999997,-0.011700000000000002,0.1170000000000001,0.1198893239617274,tap1,natural,firm,20260810_130508,True
2865020,0.0078,0.0429,1.0257,2865.02,500000,-0.023399999999999997,-0.007800000000000001,0.1170000000000001,0.11957173579069606,tap1,natural,firm,20260810_130508,True
2867506,0.0,0.0507,1.0257,2867.506,500000,-0.0312,0.0,0.1170000000000001,0.12108856263082828,tap1,natural,firm,20260810_130508,True
2870001,0.0078,0.0507,1.014,2870.001,500000,-0.023399999999999997,0.0,0.10530000000000006,0.10786867015032683,tap1,natural,firm,20260810_130508,True
2872527,0.0039,0.0663,1.0218,2872.527,500000,-0.027299999999999998,0.015599999999999996,0.11310000000000009,0.1173893521576809,tap1,natural,firm,20260810_130508,True
2875003,0.0039,0.0624,1.0257,2875.003,500000,-0.027299999999999998,0.011699999999999995,0.1170000000000001,0.12071114281622895,tap1,natural,firm,20260810_130508,True
2877517,0.0039,0.0507,1.0179,2877.517,500000,-0.027299999999999998,0.0,0.10920000000000007,0.1125607835793622,tap1,natural,firm,20260810_130508,True
2880015,0.0078,0.0585,1.0062,2880.015,500000,-0.023399999999999997,0.007800000000000001,0.09750000000000003,0.10057161627417552,tap1,natural,firm,20260810_130508,True
2882515,0.0078,0.0585,1.0062,2882.515,500000,-0.023399999999999997,0.007800000000000001,0.09750000000000003,0.10057161627417552,tap1,natural,firm,20260810_130508,True
2885018,0.0156,0.0585,1.0023,2885.018,500000,-0.0156,0.007800000000000001,0.09360000000000002,0.09521113380272289,tap1,natural,firm,20260810_130508,True
2887502,0.0234,0.0429,1.0062,2887.502,500000,-0.007799999999999998,-0.007800000000000001,0.09750000000000003,0.09812201587819121,tap1,natural,firm,20260810_130508,True
2890022,0.0117,0.0624,0.9984,2890.022,500000,-0.019499999999999997,0.011699999999999995,0.0897,0.09253772203809645,tap1,natural,firm,20260810_130508,True
2892518,0.0117,0.0663,1.0023,2892.518,500000,-0.019499999999999997,0.015599999999999996,0.09360000000000002,0.09687399031731894,tap1,natural,firm,20260810_130508,True
2895024,0.0078,0.0702,1.0023,2895.024,500000,-0.023399999999999997,0.019499999999999997,0.09360000000000002,0.09843154982016693,tap1,natural,firm,20260810_130508,True
2897506,0.0117,0.0663,0.9984,2897.506,500000,-0.019499999999999997,0.015599999999999996,0.0897,0.09311122381324391,tap1,natural,firm,20260810_130508,True
2900027,0.0117,0.0546,0.9867,2900.027,500000,-0.019499999999999997,0.0039000000000000007,0.07800000000000007,0.08049509301814621,tap1,natural,firm,20260810_130508,True
2902523,0.0156,0.0546,0.9945,2902.523,500000,-0.0156,0.0039000000000000007,0.0858000000000001,0.08729381421383772,tap1,natural,firm,20260810_130508,True
2905027,0.0156,0.0546,0.9945,2905.027,500000,-0.0156,0.0039000000000000007,0.0858000000000001,0.08729381421383772,tap1,natural,firm,20260810_130508,True
2907503,0.0195,0.0546,0.9828,2907.503,500000,-0.011699999999999999,0.0039000000000000007,0.07410000000000005,0.07511930510860712,tap1,natural,firm,20260810_130508,True
2910027,0.0195,0.0624,0.9789,2910.027,500000,-0.011699999999999999,0.011699999999999995,0.07020000000000004,0.07212364383473706,tap1,natural,firm,20260810_130508,True
2912523,0.0234,0.0585,0.9945,2912.523,500000,-0.007799999999999998,0.007800000000000001,0.0858000000000001,0.08650618474999355,tap1,natural,firm,20260810_130508,True
2915018,0.0273,0.0546,0.975,2915.018,500000,-0.0038999999999999972,0.0039000000000000007,0.06630000000000003,0.06652901622600475,tap1,natural,firm,20260810_130508,True
2917528,0.0195,0.0546,0.975,2917.528,500000,-0.011699999999999999,0.0039000000000000007,0.06630000000000003,0.0674373042165833,tap1,natural,firm,20260810_130508,True
2920011,0.0273,0.0468,0.9789,2920.011,500000,-0.0038999999999999972,-0.0039000000000000007,0.07020000000000004,0.07041633333254442,tap1,natural,firm,20260810_130508,True
2922505,0.0234,0.0429,0.975,2922.505,500000,-0.007799999999999998,-0.007800000000000001,0.06630000000000003,0.06721138296449496,tap1,natural,firm,20260810_130508,True
2925024,0.0273,0.0468,0.9789,2925.024,500000,-0.0038999999999999972,-0.0039000000000000007,0.07020000000000004,0.07041633333254442,tap1,natural,firm,20260810_130508,True
2927511,0.0273,0.039,0.9789,2927.511,500000,-0.0038999999999999972,-0.011700000000000002,0.07020000000000004,0.07127510084173859,tap1,natural,firm,20260810_130508,True
2930030,0.0234,0.0429,0.9828,2930.03,500000,-0.007799999999999998,-0.007800000000000001,0.07410000000000005,0.07491655357796438,tap1,natural,firm,20260810_130508,True
2932525,0.0273,0.0429,0.9828,2932.525,500000,-0.0038999999999999972,-0.007800000000000001,0.07410000000000005,0.07461139323186512,tap1,natural,firm,20260810_130508,True
2935000,0.0273,0.0429,0.9711,2935.0,500000,-0.0038999999999999972,-0.007800000000000001,0.06240000000000001,0.0630064282434737,tap1,natural,firm,20260810_130508,True
2937514,0.0273,0.0468,0.9672,2937.514,500000,-0.0038999999999999972,-0.0039000000000000007,0.058499999999999996,0.058759424775945514,tap1,natural,firm,20260810_130508,True
2940029,0.0195,0.0546,0.9711,2940.029,500000,-0.011699999999999999,0.0039000000000000007,0.06240000000000001,0.06360707507817036,tap1,natural,firm,20260810_130508,True
2942525,0.0273,0.039,0.9711,2942.525,500000,-0.0038999999999999972,-0.011700000000000002,0.06240000000000001,0.06360707507817036,tap1,natural,firm,20260810_130508,True
2945027,0.0312,0.0429,0.9672,2945.027,500000,0.0,-0.007800000000000001,0.058499999999999996,0.059017709206644065,tap1,natural,firm,20260810_130508,True
2947508,0.0273,0.039,0.9633,2947.508,500000,-0.0038999999999999972,-0.011700000000000002,0.05460000000000009,0.055975530368188656,tap1,natural,firm,20260810_130508,True
2950030,0.0273,0.0507,0.9633,2950.03,500000,-0.0038999999999999972,0.0,0.05460000000000009,0.05473910850571107,tap1,natural,firm,20260810_130508,True
2952526,0.0273,0.0468,0.9594,2952.526,500000,-0.0038999999999999972,-0.0039000000000000007,0.05070000000000008,0.05099911763942596,tap1,natural,firm,20260810_130508,True
2955027,0.0273,0.0507,0.9789,2955.027,500000,-0.0038999999999999972,0.0,0.07020000000000004,0.07030824987154784,tap1,natural,firm,20260810_130508,True
2957503,0.0234,0.0429,0.9633,2957.503,500000,-0.007799999999999998,-0.007800000000000001,0.05460000000000009,0.05570314174263432,tap1,natural,firm,20260810_130508,True
2960023,0.0195,0.039,0.9594,2960.023,500000,-0.011699999999999999,-0.011700000000000002,0.05070000000000008,0.05333169789159171,tap1,natural,firm,20260810_130508,True
2962520,0.0312,0.0312,0.9477,2962.52,500000,0.0,-0.019500000000000003,0.039000000000000035,0.04360332556124593,tap1,natural,firm,20260810_130508,True
2965015,0.0156,0.0429,0.9633,2965.015,500000,-0.0156,-0.007800000000000001,0.05460000000000009,0.057318059981126455,tap1,natural,firm,20260810_130508,True
2967504,0.0234,0.0468,0.9633,2967.504,500000,-0.007799999999999998,-0.0039000000000000007,0.05460000000000009,0.05529204282715561,tap1,natural,firm,20260810_130508,True
2970026,0.0195,0.0429,0.9555,2970.026,500000,-0.011699999999999999,-0.007800000000000001,0.046800000000000064,0.04886685993595257,tap1,natural,firm,20260810_130508,True
2972512,0.0195,0.0429,0.9594,2972.512,500000,-0.011699999999999999,-0.007800000000000001,0.05070000000000008,0.05261387649660504,tap1,natural,firm,20260810_130508,True
2975024,0.0195,0.0507,0.9555,2975.024,500000,-0.011699999999999999,0.0,0.046800000000000064,0.04824033581972669,tap1,natural,firm,20260810_130508,True
2977505,0.0117,0.0507,0.9516,2977.505,500000,-0.019499999999999997,0.0,0.04290000000000005,0.047123879297018875,tap1,natural,firm,20260810_130508,True
2980020,0.0195,0.0507,0.9594,2980.02,500000,-0.011699999999999999,0.0,0.05070000000000008,0.052032489850092775,tap1,natural,firm,20260810_130508,True
2982515,0.0156,0.0429,0.9594,2982.515,500000,-0.0156,-0.007800000000000001,0.05070000000000008,0.0536161356309834,tap1,natural,firm,20260810_130508,True
2985022,0.0195,0.0429,0.9633,2985.022,500000,-0.011699999999999999,-0.007800000000000001,0.05460000000000009,0.056381645949723835,tap1,natural,firm,20260810_130508,True
2987504,0.0117,0.0585,0.9672,2987.504,500000,-0.019499999999999997,0.007800000000000001,0.058499999999999996,0.06215577205698598,tap1,natural,firm,20260810_130508,True
2990007,0.0195,0.0507,0.9555,2990.007,500000,-0.011699999999999999,0.0,0.046800000000000064,0.04824033581972669,tap1,natural,firm,20260810_130508,True
2992502,0.0156,0.0468,0.9477,2992.502,500000,-0.0156,-0.0039000000000000007,0.039000000000000035,0.042184949922928705,tap1,natural,firm,20260810_130508,True
2995024,0.0156,0.0546,0.9633,2995.024,500000,-0.0156,0.0039000000000000007,0.05460000000000009,0.05691862612537314,tap1,natural,firm,20260810_130508,True
2997504,0.0117,0.0507,0.9594,2997.504,500000,-0.019499999999999997,0.0,0.05070000000000008,0.05432071428101814,tap1,natural,firm,20260810_130508,True
